{"mediaId": "2022031314045377308747433578303001", "status": "Success", "dateCreated": "2022-03-21T18:45:50Z", "contentType": "audio/x-wav", "channels": "future use", "length": 74, "metadata": {"Sid": 10010, "Site_id": 783, "Audio_ch_num": 87474335, "Audio_module_num": 783002, "Audio_start_time_gmt": "2022-03-13T06:04:53.773+08:00", "Transaction_id": "2022031314045377308747433578303001", "ContactID": "9144800589370000301", "Personal_id": "0", "Direction": 2, "Local_audio_start_time": "2022-03-13T14:04:53.773+08:00", "Local_audio_end_time": "2022-03-13T14:06:07.773+08:00", "Total_hold_time": "0", "Pbx_login_id": "800050", "Ani": "600059", "Extension": "600059", "String_extension": "600059", "Switch_call_id": "006f0330e46d4f75", "Switch_id": "783000001", "Duration_seconds": 74, "Wrapup_time_in_seconds": "0", "Dnis": "18858993358", "Number_of_conferences": "0", "Number_of_holds": "0", "Number_of_transfers": "0", "Percent_of_agent_call": "32", "Percent_of_other_call": "15", "Percent_of_mutual_silence": "17", "Num_of_agent_cross": "11", "Num_of_other_cross": "4", "IsException": 0, "CD2": "013GVT56OG919AP72LUHVB5AES000CBS"}, "transcript_detailed": {"words": [{"p": 1, "c": 0.9, "s": 150, "e": 312, "w": "嗯", "sp": "Agent"}, {"p": 2, "c": 0.9, "s": 280, "e": 1280, "w": "喂", "sp": "Customer"}, {"p": 3, "c": 0.9, "s": 312, "e": 636, "w": "您好", "sp": "Agent"}, {"p": 4, "c": 0.9, "s": 637, "e": 799, "w": "董", "sp": "Agent"}, {"p": 5, "c": 0.9, "s": 799, "e": 1124, "w": "先生", "sp": "Agent"}, {"p": 6, "c": 0.9, "s": 1124, "e": 1286, "w": "嗯", "sp": "Agent"}, {"p": 7, "c": 0.9, "s": 1286, "e": 1611, "w": "这边", "sp": "Agent"}, {"p": 8, "c": 0.9, "s": 1611, "e": 1935, "w": "现在", "sp": "Agent"}, {"p": 9, "c": 0.9, "s": 1936, "e": 2260, "w": "耽误", "sp": "Agent"}, {"p": 10, "c": 0.9, "s": 2130, "e": 3070, "w": "啊", "sp": "Customer"}, {"p": 11, "c": 0.9, "s": 2260, "e": 2423, "w": "您", "sp": "Agent"}, {"p": 12, "c": 0.9, "s": 2423, "e": 2910, "w": "一分钟", "sp": "Agent"}, {"p": 13, "c": 0.9, "s": 2910, "e": 3235, "w": "因为", "sp": "Agent"}, {"p": 14, "c": 0.9, "s": 3235, "e": 3396, "w": "我", "sp": "Agent"}, {"p": 15, "c": 0.9, "s": 3397, "e": 3722, "w": "知道", "sp": "Agent"}, {"p": 16, "c": 0.9, "s": 3722, "e": 3883, "w": "您", "sp": "Agent"}, {"p": 17, "c": 0.9, "s": 3884, "e": 4209, "w": "这边", "sp": "Agent"}, {"p": 18, "c": 0.9, "s": 4209, "e": 4533, "w": "其实", "sp": "Agent"}, {"p": 19, "c": 0.9, "s": 4533, "e": 4696, "w": "也", "sp": "Agent"}, {"p": 20, "c": 0.9, "s": 4696, "e": 4858, "w": "是", "sp": "Agent"}, {"p": 21, "c": 0.9, "s": 4858, "e": 5182, "w": "比较", "sp": "Agent"}, {"p": 22, "c": 0.9, "s": 5183, "e": 5345, "w": "忙", "sp": "Agent"}, {"p": 23, "c": 0.9, "s": 5345, "e": 5508, "w": "的", "sp": "Agent"}, {"p": 24, "c": 0.9, "s": 5508, "e": 5670, "w": "您", "sp": "Agent"}, {"p": 25, "c": 0.9, "s": 5670, "e": 5995, "w": "这边", "sp": "Agent"}, {"p": 26, "c": 0.9, "s": 5995, "e": 6319, "w": "刚才", "sp": "Agent"}, {"p": 27, "c": 0.9, "s": 6320, "e": 6644, "w": "提供", "sp": "Agent"}, {"p": 28, "c": 0.9, "s": 6644, "e": 6807, "w": "了", "sp": "Agent"}, {"p": 29, "c": 0.9, "s": 6807, "e": 6969, "w": "您", "sp": "Agent"}, {"p": 30, "c": 0.9, "s": 6969, "e": 7293, "w": "这边", "sp": "Agent"}, {"p": 31, "c": 0.9, "s": 7294, "e": 7456, "w": "是", "sp": "Agent"}, {"p": 32, "c": 0.9, "s": 7456, "e": 7943, "w": "自建房", "sp": "Agent"}, {"p": 33, "c": 0.9, "s": 7943, "e": 8106, "w": "您", "sp": "Agent"}, {"p": 34, "c": 0.9, "s": 8106, "e": 8430, "w": "这边", "sp": "Agent"}, {"p": 35, "c": 0.9, "s": 8430, "e": 8755, "w": "面积", "sp": "Agent"}, {"p": 36, "c": 0.9, "s": 8755, "e": 8917, "w": "房", "sp": "Agent"}, {"p": 37, "c": 0.9, "s": 8917, "e": 9242, "w": "面积", "sp": "Agent"}, {"p": 38, "c": 0.9, "s": 9242, "e": 9566, "w": "大概", "sp": "Agent"}, {"p": 39, "c": 0.9, "s": 9567, "e": 9729, "w": "是", "sp": "Agent"}, {"p": 40, "c": 0.9, "s": 9729, "e": 10054, "w": "多少", "sp": "Agent"}, {"p": 41, "c": 0.9, "s": 10054, "e": 10216, "w": "呢", "sp": "Agent"}, {"p": 42, "c": 0.9, "s": 10216, "e": 10540, "w": "这边", "sp": "Agent"}, {"p": 43, "c": 0.9, "s": 10541, "e": 10703, "w": "会", "sp": "Agent"}, {"p": 44, "c": 0.9, "s": 10703, "e": 11028, "w": "联系", "sp": "Agent"}, {"p": 45, "c": 0.9, "s": 11028, "e": 11191, "w": "线", "sp": "Agent"}, {"p": 46, "c": 0.9, "s": 11191, "e": 11515, "w": "下门", "sp": "Agent"}, {"p": 47, "c": 0.9, "s": 11515, "e": 11678, "w": "店", "sp": "Agent"}, {"p": 48, "c": 0.9, "s": 11678, "e": 11840, "w": "与", "sp": "Agent"}, {"p": 49, "c": 0.9, "s": 11710, "e": 11996, "w": "呃", "sp": "Customer"}, {"p": 50, "c": 0.9, "s": 11840, "e": 12002, "w": "您", "sp": "Agent"}, {"p": 51, "c": 0.9, "s": 11996, "e": 12568, "w": "两百", "sp": "Customer"}, {"p": 52, "c": 0.9, "s": 12002, "e": 12327, "w": "联系", "sp": "Agent"}, {"p": 53, "c": 0.9, "s": 12327, "e": 12490, "w": "的", "sp": "Agent"}, {"p": 54, "c": 0.9, "s": 12568, "e": 13141, "w": "三十", "sp": "Customer"}, {"p": 55, "c": 0.9, "s": 13141, "e": 13427, "w": "来", "sp": "Customer"}, {"p": 56, "c": 0.9, "s": 13427, "e": 13713, "w": "个", "sp": "Customer"}, {"p": 57, "c": 0.9, "s": 13713, "e": 14286, "w": "平方", "sp": "Customer"}, {"p": 58, "c": 0.9, "s": 14286, "e": 14858, "w": "一个", "sp": "Customer"}, {"p": 59, "c": 0.9, "s": 14858, "e": 15431, "w": "平一", "sp": "Customer"}, {"p": 60, "c": 0.9, "s": 15431, "e": 16003, "w": "一一", "sp": "Customer"}, {"p": 61, "c": 0.9, "s": 16003, "e": 16290, "w": "台", "sp": "Customer"}, {"p": 62, "c": 0.9, "s": 16040, "e": 16224, "w": "嗯", "sp": "Agent"}, {"p": 63, "c": 0.9, "s": 16224, "e": 16409, "w": "那", "sp": "Agent"}, {"p": 64, "c": 0.9, "s": 16409, "e": 16594, "w": "您", "sp": "Agent"}, {"p": 65, "c": 0.9, "s": 16594, "e": 16963, "w": "这边", "sp": "Agent"}, {"p": 66, "c": 0.9, "s": 16963, "e": 17147, "w": "是", "sp": "Agent"}, {"p": 67, "c": 0.9, "s": 17148, "e": 17333, "w": "个", "sp": "Agent"}, {"p": 68, "c": 0.9, "s": 17333, "e": 17702, "w": "大平", "sp": "Agent"}, {"p": 69, "c": 0.9, "s": 17702, "e": 17887, "w": "层", "sp": "Agent"}, {"p": 70, "c": 0.9, "s": 17887, "e": 18071, "w": "是", "sp": "Agent"}, {"p": 71, "c": 0.9, "s": 18072, "e": 18257, "w": "吗", "sp": "Agent"}, {"p": 72, "c": 0.9, "s": 18257, "e": 18626, "w": "大概", "sp": "Agent"}, {"p": 73, "c": 0.9, "s": 18626, "e": 18810, "w": "是", "sp": "Agent"}, {"p": 74, "c": 0.9, "s": 18811, "e": 18996, "w": "几", "sp": "Agent"}, {"p": 75, "c": 0.9, "s": 18996, "e": 19180, "w": "岁", "sp": "Agent"}, {"p": 76, "c": 0.9, "s": 19180, "e": 19365, "w": "几", "sp": "Agent"}, {"p": 77, "c": 0.9, "s": 19365, "e": 19550, "w": "平", "sp": "Agent"}, {"p": 78, "c": 0.9, "s": 19550, "e": 19734, "w": "的", "sp": "Agent"}, {"p": 79, "c": 0.9, "s": 19735, "e": 19920, "w": "呢", "sp": "Agent"}, {"p": 80, "c": 0.9, "s": 21040, "e": 21255, "w": "我", "sp": "Customer"}, {"p": 81, "c": 0.9, "s": 21160, "e": 22150, "w": "三", "sp": "Agent"}, {"p": 82, "c": 0.9, "s": 21255, "e": 21685, "w": "那个", "sp": "Customer"}, {"p": 83, "c": 0.9, "s": 21685, "e": 22115, "w": "两百", "sp": "Customer"}, {"p": 84, "c": 0.9, "s": 22115, "e": 22761, "w": "三十三", "sp": "Customer"}, {"p": 85, "c": 0.9, "s": 22761, "e": 23407, "w": "十几个", "sp": "Customer"}, {"p": 86, "c": 0.9, "s": 23407, "e": 23837, "w": "平方", "sp": "Customer"}, {"p": 87, "c": 0.9, "s": 23837, "e": 24267, "w": "一层", "sp": "Customer"}, {"p": 88, "c": 0.9, "s": 24267, "e": 24698, "w": "那个", "sp": "Customer"}, {"p": 89, "c": 0.9, "s": 24698, "e": 24913, "w": "都", "sp": "Customer"}, {"p": 90, "c": 0.9, "s": 24913, "e": 25128, "w": "有", "sp": "Customer"}, {"p": 91, "c": 0.9, "s": 25128, "e": 25343, "w": "两", "sp": "Customer"}, {"p": 92, "c": 0.9, "s": 25343, "e": 25558, "w": "层", "sp": "Customer"}, {"p": 93, "c": 0.9, "s": 25558, "e": 25774, "w": "了", "sp": "Customer"}, {"p": 94, "c": 0.9, "s": 25774, "e": 25989, "w": "两", "sp": "Customer"}, {"p": 95, "c": 0.9, "s": 25989, "e": 26204, "w": "层", "sp": "Customer"}, {"p": 96, "c": 0.9, "s": 26204, "e": 26419, "w": "要", "sp": "Customer"}, {"p": 97, "c": 0.9, "s": 26419, "e": 26634, "w": "装", "sp": "Customer"}, {"p": 98, "c": 0.9, "s": 26500, "e": 26694, "w": "哦", "sp": "Agent"}, {"p": 99, "c": 0.9, "s": 26634, "e": 26850, "w": "的", "sp": "Customer"}, {"p": 100, "c": 0.9, "s": 26694, "e": 26888, "w": "两", "sp": "Agent"}, {"p": 101, "c": 0.9, "s": 26888, "e": 27082, "w": "层", "sp": "Agent"}, {"p": 102, "c": 0.9, "s": 27082, "e": 27471, "w": "然后", "sp": "Agent"}, {"p": 103, "c": 0.9, "s": 27471, "e": 27665, "w": "您", "sp": "Agent"}, {"p": 104, "c": 0.9, "s": 27665, "e": 28054, "w": "这边", "sp": "Agent"}, {"p": 105, "c": 0.9, "s": 28054, "e": 28248, "w": "是", "sp": "Agent"}, {"p": 106, "c": 0.9, "s": 28180, "e": 29130, "w": "嗯", "sp": "Customer"}, {"p": 107, "c": 0.9, "s": 28248, "e": 28636, "w": "二百", "sp": "Agent"}, {"p": 108, "c": 0.9, "s": 28636, "e": 28831, "w": "三", "sp": "Agent"}, {"p": 109, "c": 0.9, "s": 28831, "e": 29025, "w": "的", "sp": "Agent"}, {"p": 110, "c": 0.9, "s": 29025, "e": 29413, "w": "一个", "sp": "Agent"}, {"p": 111, "c": 0.9, "s": 29413, "e": 29802, "w": "别墅", "sp": "Agent"}, {"p": 112, "c": 0.9, "s": 29802, "e": 30190, "w": "然后", "sp": "Agent"}, {"p": 113, "c": 0.9, "s": 30190, "e": 30385, "w": "是", "sp": "Agent"}, {"p": 114, "c": 0.9, "s": 30385, "e": 30579, "w": "两", "sp": "Agent"}, {"p": 115, "c": 0.9, "s": 30579, "e": 30773, "w": "层", "sp": "Agent"}, {"p": 116, "c": 0.9, "s": 30773, "e": 30967, "w": "是", "sp": "Agent"}, {"p": 117, "c": 0.9, "s": 30967, "e": 31161, "w": "吗", "sp": "Agent"}, {"p": 118, "c": 0.9, "s": 31162, "e": 31356, "w": "那", "sp": "Agent"}, {"p": 119, "c": 0.9, "s": 31356, "e": 31550, "w": "您", "sp": "Agent"}, {"p": 120, "c": 0.9, "s": 31550, "e": 31939, "w": "这边", "sp": "Agent"}, {"p": 121, "c": 0.9, "s": 31939, "e": 32133, "w": "是", "sp": "Agent"}, {"p": 122, "c": 0.9, "s": 32133, "e": 32327, "w": "还", "sp": "Agent"}, {"p": 123, "c": 0.9, "s": 32327, "e": 32716, "w": "毛坯", "sp": "Agent"}, {"p": 124, "c": 0.9, "s": 32716, "e": 32910, "w": "的", "sp": "Agent"}, {"p": 125, "c": 0.9, "s": 32910, "e": 33298, "w": "状态", "sp": "Agent"}, {"p": 126, "c": 0.9, "s": 33000, "e": 33286, "w": "也", "sp": "Customer"}, {"p": 127, "c": 0.9, "s": 33286, "e": 33572, "w": "可", "sp": "Customer"}, {"p": 128, "c": 0.9, "s": 33298, "e": 33493, "w": "是", "sp": "Agent"}, {"p": 129, "c": 0.9, "s": 33493, "e": 33687, "w": "吗", "sp": "Agent"}, {"p": 130, "c": 0.9, "s": 33572, "e": 33857, "w": "也", "sp": "Customer"}, {"p": 131, "c": 0.9, "s": 33687, "e": 33881, "w": "自", "sp": "Agent"}, {"p": 132, "c": 0.9, "s": 33858, "e": 34430, "w": "可能", "sp": "Customer"}, {"p": 133, "c": 0.9, "s": 33881, "e": 34075, "w": "建", "sp": "Agent"}, {"p": 134, "c": 0.9, "s": 34075, "e": 34270, "w": "的", "sp": "Agent"}, {"p": 135, "c": 0.9, "s": 34430, "e": 34716, "w": "是", "sp": "Customer"}, {"p": 136, "c": 0.9, "s": 34716, "e": 35288, "w": "两百", "sp": "Customer"}, {"p": 137, "c": 0.9, "s": 35070, "e": 36040, "w": "嗯", "sp": "Agent"}, {"p": 138, "c": 0.9, "s": 35288, "e": 35859, "w": "三两", "sp": "Customer"}, {"p": 139, "c": 0.9, "s": 35860, "e": 36146, "w": "总", "sp": "Customer"}, {"p": 140, "c": 0.9, "s": 36146, "e": 36718, "w": "共有", "sp": "Customer"}, {"p": 141, "c": 0.9, "s": 36718, "e": 37003, "w": "两", "sp": "Customer"}, {"p": 142, "c": 0.9, "s": 36930, "e": 37216, "w": "哦", "sp": "Agent"}, {"p": 143, "c": 0.9, "s": 37004, "e": 37290, "w": "层", "sp": "Customer"}, {"p": 144, "c": 0.9, "s": 37216, "e": 37503, "w": "那", "sp": "Agent"}, {"p": 145, "c": 0.9, "s": 37503, "e": 37789, "w": "您", "sp": "Agent"}, {"p": 146, "c": 0.9, "s": 37790, "e": 38363, "w": "这边", "sp": "Agent"}, {"p": 147, "c": 0.9, "s": 38363, "e": 38936, "w": "就是", "sp": "Agent"}, {"p": 148, "c": 0.9, "s": 38936, "e": 39510, "w": "四百", "sp": "Agent"}, {"p": 149, "c": 0.9, "s": 39510, "e": 39795, "w": "六", "sp": "Agent"}, {"p": 150, "c": 0.9, "s": 39796, "e": 40083, "w": "是", "sp": "Agent"}, {"p": 151, "c": 0.9, "s": 40083, "e": 40370, "w": "吗", "sp": "Agent"}, {"p": 152, "c": 0.9, "s": 40580, "e": 40878, "w": "嗯", "sp": "Customer"}, {"p": 153, "c": 0.9, "s": 40878, "e": 41772, "w": "差不多", "sp": "Customer"}, {"p": 154, "c": 0.9, "s": 41470, "e": 41641, "w": "嗯", "sp": "Agent"}, {"p": 155, "c": 0.9, "s": 41641, "e": 41813, "w": "那", "sp": "Agent"}, {"p": 156, "c": 0.9, "s": 41772, "e": 42070, "w": "吧", "sp": "Customer"}, {"p": 157, "c": 0.9, "s": 41813, "e": 41984, "w": "您", "sp": "Agent"}, {"p": 158, "c": 0.9, "s": 41984, "e": 42327, "w": "这边", "sp": "Agent"}, {"p": 159, "c": 0.9, "s": 42327, "e": 42499, "w": "是", "sp": "Agent"}, {"p": 160, "c": 0.9, "s": 42499, "e": 42842, "w": "个别", "sp": "Agent"}, {"p": 161, "c": 0.9, "s": 42842, "e": 43013, "w": "墅", "sp": "Agent"}, {"p": 162, "c": 0.9, "s": 43013, "e": 43185, "w": "好", "sp": "Agent"}, {"p": 163, "c": 0.9, "s": 43185, "e": 43356, "w": "的", "sp": "Agent"}, {"p": 164, "c": 0.9, "s": 43356, "e": 43700, "w": "了解", "sp": "Agent"}, {"p": 165, "c": 0.9, "s": 43700, "e": 43871, "w": "到", "sp": "Agent"}, {"p": 166, "c": 0.9, "s": 43871, "e": 44043, "w": "了", "sp": "Agent"}, {"p": 167, "c": 0.9, "s": 44043, "e": 44214, "w": "那", "sp": "Agent"}, {"p": 168, "c": 0.9, "s": 44214, "e": 44557, "w": "先生", "sp": "Agent"}, {"p": 169, "c": 0.9, "s": 44557, "e": 44729, "w": "您", "sp": "Agent"}, {"p": 170, "c": 0.9, "s": 44729, "e": 45072, "w": "这边", "sp": "Agent"}, {"p": 171, "c": 0.9, "s": 45072, "e": 45414, "w": "确定", "sp": "Agent"}, {"p": 172, "c": 0.9, "s": 45415, "e": 45586, "w": "好", "sp": "Agent"}, {"p": 173, "c": 0.9, "s": 45586, "e": 45930, "w": "装修", "sp": "Agent"}, {"p": 174, "c": 0.9, "s": 45930, "e": 46273, "w": "公司", "sp": "Agent"}, {"p": 175, "c": 0.9, "s": 46273, "e": 46444, "w": "了", "sp": "Agent"}, {"p": 176, "c": 0.9, "s": 46444, "e": 46616, "w": "吗", "sp": "Agent"}, {"p": 177, "c": 0.9, "s": 46616, "e": 46787, "w": "谕", "sp": "Agent"}, {"p": 178, "c": 0.9, "s": 46787, "e": 46959, "w": "在", "sp": "Agent"}, {"p": 179, "c": 0.9, "s": 46959, "e": 47130, "w": "几", "sp": "Agent"}, {"p": 180, "c": 0.9, "s": 47130, "e": 47473, "w": "月份", "sp": "Agent"}, {"p": 181, "c": 0.9, "s": 47473, "e": 47645, "w": "能", "sp": "Agent"}, {"p": 182, "c": 0.9, "s": 47645, "e": 47988, "w": "动工", "sp": "Agent"}, {"p": 183, "c": 0.9, "s": 47988, "e": 48160, "w": "呢", "sp": "Agent"}, {"p": 184, "c": 0.9, "s": 48610, "e": 48811, "w": "我", "sp": "Customer"}, {"p": 185, "c": 0.9, "s": 48811, "e": 49215, "w": "现在", "sp": "Customer"}, {"p": 186, "c": 0.9, "s": 49215, "e": 49618, "w": "没有", "sp": "Customer"}, {"p": 187, "c": 0.9, "s": 49618, "e": 49820, "w": "我", "sp": "Customer"}, {"p": 188, "c": 0.9, "s": 49820, "e": 50021, "w": "我", "sp": "Customer"}, {"p": 189, "c": 0.9, "s": 50021, "e": 50223, "w": "再", "sp": "Customer"}, {"p": 190, "c": 0.9, "s": 50223, "e": 50828, "w": "到时候", "sp": "Customer"}, {"p": 191, "c": 0.9, "s": 50828, "e": 51030, "w": "再", "sp": "Customer"}, {"p": 192, "c": 0.9, "s": 51030, "e": 51231, "w": "跟", "sp": "Customer"}, {"p": 193, "c": 0.9, "s": 51231, "e": 51433, "w": "你", "sp": "Customer"}, {"p": 194, "c": 0.9, "s": 51433, "e": 51635, "w": "联", "sp": "Customer"}, {"p": 195, "c": 0.9, "s": 51635, "e": 52038, "w": "联系", "sp": "Customer"}, {"p": 196, "c": 0.9, "s": 52038, "e": 52239, "w": "吧", "sp": "Customer"}, {"p": 197, "c": 0.9, "s": 52240, "e": 52441, "w": "我", "sp": "Customer"}, {"p": 198, "c": 0.9, "s": 52441, "e": 52845, "w": "现在", "sp": "Customer"}, {"p": 199, "c": 0.9, "s": 52590, "e": 52843, "w": "好", "sp": "Agent"}, {"p": 200, "c": 0.9, "s": 52843, "e": 53095, "w": "的", "sp": "Agent"}, {"p": 201, "c": 0.9, "s": 52845, "e": 53248, "w": "没空", "sp": "Customer"}, {"p": 202, "c": 0.9, "s": 53096, "e": 53349, "w": "那", "sp": "Agent"}, {"p": 203, "c": 0.9, "s": 53248, "e": 53450, "w": "啊", "sp": "Customer"}, {"p": 204, "c": 0.9, "s": 53349, "e": 53855, "w": "这边", "sp": "Agent"}, {"p": 205, "c": 0.9, "s": 53855, "e": 54107, "w": "先", "sp": "Agent"}, {"p": 206, "c": 0.9, "s": 54108, "e": 54361, "w": "不", "sp": "Agent"}, {"p": 207, "c": 0.9, "s": 54361, "e": 54867, "w": "打扰", "sp": "Agent"}, {"p": 208, "c": 0.9, "s": 54540, "e": 55055, "w": "嗯", "sp": "Customer"}, {"p": 209, "c": 0.9, "s": 54867, "e": 55120, "w": "您", "sp": "Agent"}, {"p": 210, "c": 0.9, "s": 55055, "e": 55570, "w": "嗯", "sp": "Customer"}, {"p": 211, "c": 0.9, "s": 55120, "e": 55372, "w": "拜", "sp": "Agent"}, {"p": 212, "c": 0.9, "s": 55373, "e": 55880, "w": "这边", "sp": "Agent"}, {"p": 213, "c": 0.9, "s": 57440, "e": 57612, "w": "好", "sp": "Agent"}, {"p": 214, "c": 0.9, "s": 57612, "e": 57784, "w": "的", "sp": "Agent"}, {"p": 215, "c": 0.9, "s": 57784, "e": 58129, "w": "这边", "sp": "Agent"}, {"p": 216, "c": 0.9, "s": 58129, "e": 58302, "w": "先", "sp": "Agent"}, {"p": 217, "c": 0.9, "s": 58302, "e": 58474, "w": "不", "sp": "Agent"}, {"p": 218, "c": 0.9, "s": 58474, "e": 58819, "w": "打扰", "sp": "Agent"}, {"p": 219, "c": 0.9, "s": 58819, "e": 58991, "w": "您", "sp": "Agent"}, {"p": 220, "c": 0.9, "s": 58991, "e": 59164, "w": "了", "sp": "Agent"}, {"p": 221, "c": 0.9, "s": 59164, "e": 59681, "w": "感谢您", "sp": "Agent"}, {"p": 222, "c": 0.9, "s": 59610, "e": 60290, "w": "嗯", "sp": "Customer"}, {"p": 223, "c": 0.9, "s": 59681, "e": 59853, "w": "的", "sp": "Agent"}, {"p": 224, "c": 0.9, "s": 59853, "e": 60198, "w": "接听", "sp": "Agent"}, {"p": 225, "c": 0.9, "s": 60198, "e": 60543, "w": "祝您", "sp": "Agent"}, {"p": 226, "c": 0.9, "s": 60290, "e": 60970, "w": "好", "sp": "Customer"}, {"p": 227, "c": 0.9, "s": 60543, "e": 60888, "w": "生活", "sp": "Agent"}, {"p": 228, "c": 0.9, "s": 60888, "e": 61232, "w": "愉快", "sp": "Agent"}, {"p": 229, "c": 0.9, "s": 61232, "e": 61405, "w": "啊", "sp": "Agent"}, {"p": 230, "c": 0.9, "s": 61405, "e": 61750, "w": "再见", "sp": "Agent"}]}, "plainText": "嗯\n喂\n您好 董 先生 嗯 这边 现在 耽误\n啊\n您 一分钟 因为 我 知道 您 这边 其实 也 是 比较 忙 的 您 这边 刚才 提供 了 您 这边 是 自建房 您 这边 面积 房 面积 大概 是 多少 呢 这边 会 联系 线 下门 店 与\n呃\n您\n两百\n联系 的\n三十 来 个 平方 一个 平一 一一 台\n嗯 那 您 这边 是 个 大平 层 是 吗 大概 是 几 岁 几 平 的 呢\n我\n三\n那个 两百 三十三 十几个 平方 一层 那个 都 有 两 层 了 两 层 要 装\n哦\n的\n两 层 然后 您 这边 是\n嗯\n二百 三 的 一个 别墅 然后 是 两 层 是 吗 那 您 这边 是 还 毛坯 的 状态\n也 可\n是 吗\n也\n自\n可能\n建 的\n是 两百\n嗯\n三两 总 共有 两\n哦\n层\n那 您 这边 就是 四百 六 是 吗\n嗯 差不多\n嗯 那\n吧\n您 这边 是 个别 墅 好 的 了解 到 了 那 先生 您 这边 确定 好 装修 公司 了 吗 谕 在 几 月份 能 动工 呢\n我 现在 没有 我 我 再 到时候 再 跟 你 联 联系 吧 我 现在\n好 的\n没空\n那\n啊\n这边 先 不 打扰\n嗯\n您\n嗯\n拜 这边 好 的 这边 先 不 打扰 您 了 感谢您\n嗯\n的 接听 祝您\n好\n生活 愉快 啊 再见", "plainTextTime": {"verbatims": [{"s": 150, "e": 312, "w": "嗯", "sp": "Agent"}, {"s": 280, "e": 1280, "w": "喂", "sp": "Customer"}, {"s": 312, "e": 2260, "w": "您好 董 先生 嗯 这边 现在 耽误", "sp": "Agent"}, {"s": 2130, "e": 3070, "w": "啊", "sp": "Customer"}, {"s": 2260, "e": 11840, "w": "您 一分钟 因为 我 知道 您 这边 其实 也 是 比较 忙 的 您 这边 刚才 提供 了 您 这边 是 自建房 您 这边 面积 房 面积 大概 是 多少 呢 这边 会 联系 线 下门 店 与", "sp": "Agent"}, {"s": 11710, "e": 11996, "w": "呃", "sp": "Customer"}, {"s": 11840, "e": 12002, "w": "您", "sp": "Agent"}, {"s": 11996, "e": 12568, "w": "两百", "sp": "Customer"}, {"s": 12002, "e": 12490, "w": "联系 的", "sp": "Agent"}, {"s": 12568, "e": 16290, "w": "三十 来 个 平方 一个 平一 一一 台", "sp": "Customer"}, {"s": 16040, "e": 19920, "w": "嗯 那 您 这边 是 个 大平 层 是 吗 大概 是 几 岁 几 平 的 呢", "sp": "Agent"}, {"s": 21040, "e": 21255, "w": "我", "sp": "Customer"}, {"s": 21160, "e": 22150, "w": "三", "sp": "Agent"}, {"s": 21255, "e": 26634, "w": "那个 两百 三十三 十几个 平方 一层 那个 都 有 两 层 了 两 层 要 装", "sp": "Customer"}, {"s": 26500, "e": 26694, "w": "哦", "sp": "Agent"}, {"s": 26634, "e": 26850, "w": "的", "sp": "Customer"}, {"s": 26694, "e": 28248, "w": "两 层 然后 您 这边 是", "sp": "Agent"}, {"s": 28180, "e": 29130, "w": "嗯", "sp": "Customer"}, {"s": 28248, "e": 33298, "w": "二百 三 的 一个 别墅 然后 是 两 层 是 吗 那 您 这边 是 还 毛坯 的 状态", "sp": "Agent"}, {"s": 33000, "e": 33572, "w": "也 可", "sp": "Customer"}, {"s": 33298, "e": 33687, "w": "是 吗", "sp": "Agent"}, {"s": 33572, "e": 33857, "w": "也", "sp": "Customer"}, {"s": 33687, "e": 33881, "w": "自", "sp": "Agent"}, {"s": 33858, "e": 34430, "w": "可能", "sp": "Customer"}, {"s": 33881, "e": 34270, "w": "建 的", "sp": "Agent"}, {"s": 34430, "e": 35288, "w": "是 两百", "sp": "Customer"}, {"s": 35070, "e": 36040, "w": "嗯", "sp": "Agent"}, {"s": 35288, "e": 37003, "w": "三两 总 共有 两", "sp": "Customer"}, {"s": 36930, "e": 37216, "w": "哦", "sp": "Agent"}, {"s": 37004, "e": 37290, "w": "层", "sp": "Customer"}, {"s": 37216, "e": 40370, "w": "那 您 这边 就是 四百 六 是 吗", "sp": "Agent"}, {"s": 40580, "e": 41772, "w": "嗯 差不多", "sp": "Customer"}, {"s": 41470, "e": 41813, "w": "嗯 那", "sp": "Agent"}, {"s": 41772, "e": 42070, "w": "吧", "sp": "Customer"}, {"s": 41813, "e": 48160, "w": "您 这边 是 个别 墅 好 的 了解 到 了 那 先生 您 这边 确定 好 装修 公司 了 吗 谕 在 几 月份 能 动工 呢", "sp": "Agent"}, {"s": 48610, "e": 52845, "w": "我 现在 没有 我 我 再 到时候 再 跟 你 联 联系 吧 我 现在", "sp": "Customer"}, {"s": 52590, "e": 53095, "w": "好 的", "sp": "Agent"}, {"s": 52845, "e": 53248, "w": "没空", "sp": "Customer"}, {"s": 53096, "e": 53349, "w": "那", "sp": "Agent"}, {"s": 53248, "e": 53450, "w": "啊", "sp": "Customer"}, {"s": 53349, "e": 54867, "w": "这边 先 不 打扰", "sp": "Agent"}, {"s": 54540, "e": 55055, "w": "嗯", "sp": "Customer"}, {"s": 54867, "e": 55120, "w": "您", "sp": "Agent"}, {"s": 55055, "e": 55570, "w": "嗯", "sp": "Customer"}, {"s": 55120, "e": 59681, "w": "拜 这边 好 的 这边 先 不 打扰 您 了 感谢您", "sp": "Agent"}, {"s": 59610, "e": 60290, "w": "嗯", "sp": "Customer"}, {"s": 59681, "e": 60543, "w": "的 接听 祝您", "sp": "Agent"}, {"s": 60290, "e": 60970, "w": "好", "sp": "Customer"}, {"s": 60543, "e": 61750, "w": "生活 愉快 啊 再见", "sp": "Agent"}]}, "aqm": {"greeting": {"greeting_said": "您好, 先生", "n_greeting_said": 2, "score": 0}, "closing": {"closing_said": "您, 祝您, 生活, 愉快, 再见", "n_closing_said": 5, "score": 1}, "speed": {"speed_max": 6.16, "n_words": 12, "words": "您好 董 先生 嗯 这边 现在 耽误", "start": 312, "end": 2260}}}