{"mediaId": "2022031314324855008747439478303001", "status": "Success", "dateCreated": "2022-03-21T18:45:50Z", "contentType": "audio/x-wav", "channels": "future use", "length": 15, "metadata": {"Sid": 10037, "Site_id": 783, "Audio_ch_num": 87474394, "Audio_module_num": 783001, "Audio_start_time_gmt": "2022-03-13T06:32:48.55+08:00", "Transaction_id": "2022031314324855008747439478303001", "ContactID": "9144800756850000301", "Personal_id": "0", "Direction": 2, "Local_audio_start_time": "2022-03-13T14:32:48.55+08:00", "Local_audio_end_time": "2022-03-13T14:33:03.55+08:00", "Total_hold_time": "0", "Pbx_login_id": "800051", "Ani": "600060", "Extension": "600060", "String_extension": "600060", "Switch_call_id": "006f0330e46d4fbb", "Switch_id": "783000001", "Duration_seconds": 15, "Wrapup_time_in_seconds": "0", "Dnis": "18774187728", "Number_of_conferences": "0", "Number_of_holds": "0", "Number_of_transfers": "0", "Percent_of_agent_call": "3", "Percent_of_other_call": "0", "Percent_of_mutual_silence": "13", "Num_of_agent_cross": "1", "Num_of_other_cross": "0", "IsException": 0, "CD2": "013GVT56OG919AP72LUHVB5AES000CE5"}, "transcript_detailed": {"words": [{"p": 1, "c": 0.9, "s": 800, "e": 1195, "w": "您好", "sp": "Agent"}, {"p": 2, "c": 0.9, "s": 1195, "e": 1591, "w": "这边", "sp": "Agent"}, {"p": 3, "c": 0.9, "s": 1591, "e": 1788, "w": "是", "sp": "Agent"}, {"p": 4, "c": 0.9, "s": 1788, "e": 2184, "w": "大金", "sp": "Agent"}, {"p": 5, "c": 0.9, "s": 2184, "e": 2580, "w": "空调", "sp": "Agent"}, {"p": 6, "c": 0.9, "s": 2580, "e": 2777, "w": "场", "sp": "Agent"}, {"p": 7, "c": 0.9, "s": 2777, "e": 2975, "w": "观", "sp": "Agent"}, {"p": 8, "c": 0.9, "s": 2975, "e": 3370, "w": "客服", "sp": "Agent"}, {"p": 9, "c": 0.9, "s": 3371, "e": 3766, "w": "中心", "sp": "Agent"}, {"p": 10, "c": 0.9, "s": 3766, "e": 4162, "w": "请问", "sp": "Agent"}, {"p": 11, "c": 0.9, "s": 4162, "e": 4360, "w": "您", "sp": "Agent"}]}, "plainText": "您好 这边 是 大金 空调 场 观 客服 中心 请问 您", "plainTextTime": {"verbatims": [{"s": 800, "e": 4360, "w": "您好 这边 是 大金 空调 场 观 客服 中心 请问 您", "sp": "Agent"}]}, "aqm": {"greeting": {"greeting_said": "您好, 大金, 空调, 客服, 请问", "n_greeting_said": 5, "score": 1}, "closing": {"closing_said": "大金, 您", "n_closing_said": 2, "score": 0}, "speed": {"speed_max": 5.06, "n_words": 18, "words": "您好 这边 是 大金 空调 场 观 客服 中心 请问 您", "start": 800, "end": 4360}}}