{"mediaId": "2022031317345947908747465678303001", "status": "Success", "dateCreated": "2022-03-21T18:45:50Z", "contentType": "audio/x-wav", "channels": "future use", "length": 113, "metadata": {"Sid": 10181, "Site_id": 783, "Audio_ch_num": 87474656, "Audio_module_num": 783002, "Audio_start_time_gmt": "2022-03-13T09:34:59.48+08:00", "Transaction_id": "2022031317345947908747465678303001", "ContactID": "9144801849940000301", "Personal_id": "0", "Direction": 2, "Local_audio_start_time": "2022-03-13T17:34:59.48+08:00", "Local_audio_end_time": "2022-03-13T17:36:52.48+08:00", "Total_hold_time": "0", "Pbx_login_id": "800042", "Ani": "600051", "Extension": "600051", "String_extension": "600051", "Switch_call_id": "006f0330e46d50f2", "Switch_id": "783000001", "Duration_seconds": 113, "Wrapup_time_in_seconds": "0", "Dnis": "13956948246", "Number_of_conferences": "0", "Number_of_holds": "0", "Number_of_transfers": "0", "Percent_of_agent_call": "75", "Percent_of_other_call": "5", "Percent_of_mutual_silence": "16", "Num_of_agent_cross": "8", "Num_of_other_cross": "9", "IsException": 0, "CD2": "013GVT56OG919AP72LUHVB5AES000CO4"}, "transcript_detailed": {"words": [{"p": 1, "c": 0.9, "s": 1220, "e": 2320, "w": "你好", "sp": "Agent"}, {"p": 2, "c": 0.9, "s": 2270, "e": 2546, "w": "啊", "sp": "Customer"}, {"p": 3, "c": 0.9, "s": 2546, "e": 3098, "w": "你好", "sp": "Customer"}, {"p": 4, "c": 0.9, "s": 2600, "e": 2774, "w": "嗯", "sp": "Agent"}, {"p": 5, "c": 0.9, "s": 2774, "e": 3122, "w": "你好", "sp": "Agent"}, {"p": 6, "c": 0.9, "s": 3098, "e": 3374, "w": "你", "sp": "Customer"}, {"p": 7, "c": 0.9, "s": 3122, "e": 3297, "w": "你", "sp": "Agent"}, {"p": 8, "c": 0.9, "s": 3297, "e": 3471, "w": "说", "sp": "Agent"}, {"p": 9, "c": 0.9, "s": 3374, "e": 3650, "w": "说", "sp": "Customer"}, {"p": 10, "c": 0.9, "s": 3471, "e": 3645, "w": "嗯", "sp": "Agent"}, {"p": 11, "c": 0.9, "s": 3645, "e": 3994, "w": "你好", "sp": "Agent"}, {"p": 12, "c": 0.9, "s": 3994, "e": 4691, "w": "不好意思", "sp": "Agent"}, {"p": 13, "c": 0.9, "s": 4691, "e": 5040, "w": "刚刚", "sp": "Agent"}, {"p": 14, "c": 0.9, "s": 5040, "e": 5388, "w": "可能", "sp": "Agent"}, {"p": 15, "c": 0.9, "s": 5388, "e": 5737, "w": "信号", "sp": "Agent"}, {"p": 16, "c": 0.9, "s": 5737, "e": 6085, "w": "不好", "sp": "Agent"}, {"p": 17, "c": 0.9, "s": 6085, "e": 6260, "w": "断", "sp": "Agent"}, {"p": 18, "c": 0.9, "s": 6260, "e": 6434, "w": "了", "sp": "Agent"}, {"p": 19, "c": 0.9, "s": 6434, "e": 6608, "w": "呃", "sp": "Agent"}, {"p": 20, "c": 0.9, "s": 6608, "e": 6781, "w": "您", "sp": "Agent"}, {"p": 21, "c": 0.9, "s": 6782, "e": 6957, "w": "的", "sp": "Agent"}, {"p": 22, "c": 0.9, "s": 6957, "e": 7305, "w": "房屋", "sp": "Agent"}, {"p": 23, "c": 0.9, "s": 7305, "e": 7480, "w": "是", "sp": "Agent"}, {"p": 24, "c": 0.9, "s": 7480, "e": 7654, "w": "在", "sp": "Agent"}, {"p": 25, "c": 0.9, "s": 7654, "e": 8002, "w": "合肥", "sp": "Agent"}, {"p": 26, "c": 0.9, "s": 8002, "e": 8177, "w": "的", "sp": "Agent"}, {"p": 27, "c": 0.9, "s": 8177, "e": 8351, "w": "瑶", "sp": "Agent"}, {"p": 28, "c": 0.9, "s": 8351, "e": 8700, "w": "海区", "sp": "Agent"}, {"p": 29, "c": 0.9, "s": 8700, "e": 8874, "w": "庐", "sp": "Agent"}, {"p": 30, "c": 0.9, "s": 8874, "e": 9047, "w": "阳", "sp": "Agent"}, {"p": 31, "c": 0.9, "s": 9048, "e": 9222, "w": "区", "sp": "Agent"}, {"p": 32, "c": 0.9, "s": 9222, "e": 9571, "w": "还是", "sp": "Agent"}, {"p": 33, "c": 0.9, "s": 9571, "e": 9745, "w": "在", "sp": "Agent"}, {"p": 34, "c": 0.9, "s": 9745, "e": 9920, "w": "蜀", "sp": "Agent"}, {"p": 35, "c": 0.9, "s": 9920, "e": 10094, "w": "江", "sp": "Agent"}, {"p": 36, "c": 0.9, "s": 10094, "e": 10268, "w": "区", "sp": "Agent"}, {"p": 37, "c": 0.9, "s": 10268, "e": 10441, "w": "的", "sp": "Agent"}, {"p": 38, "c": 0.9, "s": 10442, "e": 10791, "w": "之类", "sp": "Agent"}, {"p": 39, "c": 0.9, "s": 10791, "e": 10965, "w": "的", "sp": "Agent"}, {"p": 40, "c": 0.9, "s": 10965, "e": 11140, "w": "呀", "sp": "Agent"}, {"p": 41, "c": 0.9, "s": 11160, "e": 12330, "w": "包河", "sp": "Customer"}, {"p": 42, "c": 0.9, "s": 11490, "e": 11991, "w": "包河", "sp": "Agent"}, {"p": 43, "c": 0.9, "s": 11991, "e": 12242, "w": "嗯", "sp": "Agent"}, {"p": 44, "c": 0.9, "s": 12242, "e": 12492, "w": "好", "sp": "Agent"}, {"p": 45, "c": 0.9, "s": 12492, "e": 12743, "w": "的", "sp": "Agent"}, {"p": 46, "c": 0.9, "s": 12743, "e": 13245, "w": "房屋", "sp": "Agent"}, {"p": 47, "c": 0.9, "s": 13245, "e": 13746, "w": "面积", "sp": "Agent"}, {"p": 48, "c": 0.9, "s": 13746, "e": 14247, "w": "大概", "sp": "Agent"}, {"p": 49, "c": 0.9, "s": 14247, "e": 14498, "w": "多", "sp": "Agent"}, {"p": 50, "c": 0.9, "s": 14498, "e": 14749, "w": "大", "sp": "Agent"}, {"p": 51, "c": 0.9, "s": 14749, "e": 15000, "w": "呀", "sp": "Agent"}, {"p": 52, "c": 0.9, "s": 15220, "e": 15768, "w": "不到", "sp": "Customer"}, {"p": 53, "c": 0.9, "s": 15420, "e": 15800, "w": "不到", "sp": "Agent"}, {"p": 54, "c": 0.9, "s": 15768, "e": 16316, "w": "一百", "sp": "Customer"}, {"p": 55, "c": 0.9, "s": 15800, "e": 16180, "w": "一百", "sp": "Agent"}, {"p": 56, "c": 0.9, "s": 16180, "e": 16370, "w": "三", "sp": "Agent"}, {"p": 57, "c": 0.9, "s": 16316, "e": 16590, "w": "三", "sp": "Customer"}, {"p": 58, "c": 0.9, "s": 16370, "e": 16560, "w": "嗯", "sp": "Agent"}, {"p": 59, "c": 0.9, "s": 16560, "e": 16750, "w": "是", "sp": "Agent"}, {"p": 60, "c": 0.9, "s": 16750, "e": 17130, "w": "我们", "sp": "Agent"}, {"p": 61, "c": 0.9, "s": 17130, "e": 17509, "w": "这个", "sp": "Agent"}, {"p": 62, "c": 0.9, "s": 17510, "e": 17890, "w": "三室", "sp": "Agent"}, {"p": 63, "c": 0.9, "s": 17890, "e": 18080, "w": "两", "sp": "Agent"}, {"p": 64, "c": 0.9, "s": 18080, "e": 18270, "w": "厅", "sp": "Agent"}, {"p": 65, "c": 0.9, "s": 18270, "e": 18460, "w": "的", "sp": "Agent"}, {"p": 66, "c": 0.9, "s": 18460, "e": 18839, "w": "一手", "sp": "Agent"}, {"p": 67, "c": 0.9, "s": 18840, "e": 19220, "w": "模具", "sp": "Agent"}, {"p": 68, "c": 0.9, "s": 19220, "e": 19789, "w": "新房子", "sp": "Agent"}, {"p": 69, "c": 0.9, "s": 19790, "e": 19980, "w": "对", "sp": "Agent"}, {"p": 70, "c": 0.9, "s": 19980, "e": 20170, "w": "吧", "sp": "Agent"}, {"p": 71, "c": 0.9, "s": 20510, "e": 21620, "w": "二手", "sp": "Customer"}, {"p": 72, "c": 0.9, "s": 20930, "e": 21305, "w": "二手", "sp": "Agent"}, {"p": 73, "c": 0.9, "s": 21305, "e": 21680, "w": "二手", "sp": "Agent"}, {"p": 74, "c": 0.9, "s": 21680, "e": 21867, "w": "哦", "sp": "Agent"}, {"p": 75, "c": 0.9, "s": 21867, "e": 22055, "w": "好", "sp": "Agent"}, {"p": 76, "c": 0.9, "s": 22055, "e": 22242, "w": "的", "sp": "Agent"}, {"p": 77, "c": 0.9, "s": 22242, "e": 22617, "w": "然后", "sp": "Agent"}, {"p": 78, "c": 0.9, "s": 22617, "e": 22805, "w": "是", "sp": "Agent"}, {"p": 79, "c": 0.9, "s": 22805, "e": 23180, "w": "诊断", "sp": "Agent"}, {"p": 80, "c": 0.9, "s": 23180, "e": 23555, "w": "发现", "sp": "Agent"}, {"p": 81, "c": 0.9, "s": 23555, "e": 23930, "w": "目前", "sp": "Agent"}, {"p": 82, "c": 0.9, "s": 23930, "e": 24117, "w": "是", "sp": "Agent"}, {"p": 83, "c": 0.9, "s": 24117, "e": 24305, "w": "吗", "sp": "Agent"}, {"p": 84, "c": 0.9, "s": 24305, "e": 24680, "w": "还是", "sp": "Agent"}, {"p": 85, "c": 0.9, "s": 24680, "e": 24867, "w": "说", "sp": "Agent"}, {"p": 86, "c": 0.9, "s": 24867, "e": 25242, "w": "只是", "sp": "Agent"}, {"p": 87, "c": 0.9, "s": 25242, "e": 25430, "w": "做", "sp": "Agent"}, {"p": 88, "c": 0.9, "s": 25380, "e": 26439, "w": "嗯", "sp": "Customer"}, {"p": 89, "c": 0.9, "s": 25430, "e": 25805, "w": "局部", "sp": "Agent"}, {"p": 90, "c": 0.9, "s": 25805, "e": 25992, "w": "的", "sp": "Agent"}, {"p": 91, "c": 0.9, "s": 25992, "e": 26367, "w": "改造", "sp": "Agent"}, {"p": 92, "c": 0.9, "s": 26367, "e": 26555, "w": "呢", "sp": "Agent"}, {"p": 93, "c": 0.9, "s": 26555, "e": 26742, "w": "哦", "sp": "Agent"}, {"p": 94, "c": 0.9, "s": 26742, "e": 27117, "w": "诊断", "sp": "Agent"}, {"p": 95, "c": 0.9, "s": 26950, "e": 27630, "w": "全部", "sp": "Customer"}, {"p": 96, "c": 0.9, "s": 27117, "e": 27492, "w": "发性", "sp": "Agent"}, {"p": 97, "c": 0.9, "s": 27492, "e": 27680, "w": "嗯", "sp": "Agent"}, {"p": 98, "c": 0.9, "s": 27630, "e": 28310, "w": "排名", "sp": "Customer"}, {"p": 99, "c": 0.9, "s": 27680, "e": 27867, "w": "嗯", "sp": "Agent"}, {"p": 100, "c": 0.9, "s": 27867, "e": 28055, "w": "好", "sp": "Agent"}, {"p": 101, "c": 0.9, "s": 28055, "e": 28242, "w": "的", "sp": "Agent"}, {"p": 102, "c": 0.9, "s": 28242, "e": 28430, "w": "好", "sp": "Agent"}, {"p": 103, "c": 0.9, "s": 28430, "e": 28617, "w": "的", "sp": "Agent"}, {"p": 104, "c": 0.9, "s": 28617, "e": 28992, "w": "然后", "sp": "Agent"}, {"p": 105, "c": 0.9, "s": 28992, "e": 29180, "w": "是", "sp": "Agent"}, {"p": 106, "c": 0.9, "s": 29180, "e": 29555, "w": "打算", "sp": "Agent"}, {"p": 107, "c": 0.9, "s": 29555, "e": 29742, "w": "近", "sp": "Agent"}, {"p": 108, "c": 0.9, "s": 29742, "e": 30117, "w": "一周", "sp": "Agent"}, {"p": 109, "c": 0.9, "s": 30117, "e": 30492, "w": "装修", "sp": "Agent"}, {"p": 110, "c": 0.9, "s": 30492, "e": 30680, "w": "吗", "sp": "Agent"}, {"p": 111, "c": 0.9, "s": 30680, "e": 31055, "w": "还是", "sp": "Agent"}, {"p": 112, "c": 0.9, "s": 31055, "e": 31242, "w": "说", "sp": "Agent"}, {"p": 113, "c": 0.9, "s": 31242, "e": 31617, "w": "可能", "sp": "Agent"}, {"p": 114, "c": 0.9, "s": 31617, "e": 31805, "w": "要", "sp": "Agent"}, {"p": 115, "c": 0.9, "s": 31805, "e": 32180, "w": "五六", "sp": "Agent"}, {"p": 116, "c": 0.9, "s": 32180, "e": 32555, "w": "月份", "sp": "Agent"}, {"p": 117, "c": 0.9, "s": 32555, "e": 32930, "w": "左右", "sp": "Agent"}, {"p": 118, "c": 0.9, "s": 32930, "e": 33117, "w": "呢", "sp": "Agent"}, {"p": 119, "c": 0.9, "s": 33117, "e": 33492, "w": "女士", "sp": "Agent"}, {"p": 120, "c": 0.9, "s": 33492, "e": 33680, "w": "嗯", "sp": "Agent"}, {"p": 121, "c": 0.9, "s": 33610, "e": 34820, "w": "近期", "sp": "Customer"}, {"p": 122, "c": 0.9, "s": 34010, "e": 34386, "w": "行行", "sp": "Agent"}, {"p": 123, "c": 0.9, "s": 34387, "e": 34576, "w": "嗯", "sp": "Agent"}, {"p": 124, "c": 0.9, "s": 34576, "e": 34765, "w": "好", "sp": "Agent"}, {"p": 125, "c": 0.9, "s": 34765, "e": 34954, "w": "的", "sp": "Agent"}, {"p": 126, "c": 0.9, "s": 34954, "e": 35142, "w": "挺", "sp": "Agent"}, {"p": 127, "c": 0.9, "s": 35143, "e": 35332, "w": "快", "sp": "Agent"}, {"p": 128, "c": 0.9, "s": 35332, "e": 35521, "w": "的", "sp": "Agent"}, {"p": 129, "c": 0.9, "s": 35521, "e": 35899, "w": "这样", "sp": "Agent"}, {"p": 130, "c": 0.9, "s": 35899, "e": 36655, "w": "工作人员", "sp": "Agent"}, {"p": 131, "c": 0.9, "s": 36655, "e": 36843, "w": "定", "sp": "Agent"}, {"p": 132, "c": 0.9, "s": 36844, "e": 37033, "w": "好", "sp": "Agent"}, {"p": 133, "c": 0.9, "s": 37033, "e": 37222, "w": "了", "sp": "Agent"}, {"p": 134, "c": 0.9, "s": 37222, "e": 37411, "w": "对", "sp": "Agent"}, {"p": 135, "c": 0.9, "s": 37411, "e": 37600, "w": "吧", "sp": "Agent"}, {"p": 136, "c": 0.9, "s": 38590, "e": 38960, "w": "还", "sp": "Customer"}, {"p": 137, "c": 0.9, "s": 38960, "e": 39700, "w": "没有", "sp": "Customer"}, {"p": 138, "c": 0.9, "s": 39090, "e": 39272, "w": "还", "sp": "Agent"}, {"p": 139, "c": 0.9, "s": 39272, "e": 39638, "w": "没有", "sp": "Agent"}, {"p": 140, "c": 0.9, "s": 39638, "e": 39821, "w": "嗯", "sp": "Agent"}, {"p": 141, "c": 0.9, "s": 39821, "e": 40003, "w": "嗯", "sp": "Agent"}, {"p": 142, "c": 0.9, "s": 40004, "e": 40187, "w": "好", "sp": "Agent"}, {"p": 143, "c": 0.9, "s": 40187, "e": 40370, "w": "的", "sp": "Agent"}, {"p": 144, "c": 0.9, "s": 40370, "e": 40552, "w": "好", "sp": "Agent"}, {"p": 145, "c": 0.9, "s": 40553, "e": 40736, "w": "的", "sp": "Agent"}, {"p": 146, "c": 0.9, "s": 40736, "e": 40919, "w": "那", "sp": "Agent"}, {"p": 147, "c": 0.9, "s": 40919, "e": 41285, "w": "我们", "sp": "Agent"}, {"p": 148, "c": 0.9, "s": 41285, "e": 41651, "w": "这个", "sp": "Agent"}, {"p": 149, "c": 0.9, "s": 41651, "e": 42017, "w": "当地", "sp": "Agent"}, {"p": 150, "c": 0.9, "s": 42017, "e": 42382, "w": "门店", "sp": "Agent"}, {"p": 151, "c": 0.9, "s": 42382, "e": 42931, "w": "有没有", "sp": "Agent"}, {"p": 152, "c": 0.9, "s": 42931, "e": 43114, "w": "先", "sp": "Agent"}, {"p": 153, "c": 0.9, "s": 43114, "e": 43296, "w": "去", "sp": "Agent"}, {"p": 154, "c": 0.9, "s": 43297, "e": 43480, "w": "过", "sp": "Agent"}, {"p": 155, "c": 0.9, "s": 43480, "e": 43663, "w": "呀", "sp": "Agent"}, {"p": 156, "c": 0.9, "s": 43663, "e": 44029, "w": "就是", "sp": "Agent"}, {"p": 157, "c": 0.9, "s": 44029, "e": 44395, "w": "大厅", "sp": "Agent"}, {"p": 158, "c": 0.9, "s": 44395, "e": 44578, "w": "的", "sp": "Agent"}, {"p": 159, "c": 0.9, "s": 44578, "e": 44944, "w": "这个", "sp": "Agent"}, {"p": 160, "c": 0.9, "s": 44750, "e": 45800, "w": "没有", "sp": "Customer"}, {"p": 161, "c": 0.9, "s": 44944, "e": 45310, "w": "门店", "sp": "Agent"}, {"p": 162, "c": 0.9, "s": 45960, "e": 46142, "w": "嗯", "sp": "Agent"}, {"p": 163, "c": 0.9, "s": 46142, "e": 46324, "w": "好", "sp": "Agent"}, {"p": 164, "c": 0.9, "s": 46325, "e": 46508, "w": "的", "sp": "Agent"}, {"p": 165, "c": 0.9, "s": 46508, "e": 46873, "w": "理解", "sp": "Agent"}, {"p": 166, "c": 0.9, "s": 46873, "e": 47238, "w": "然后", "sp": "Agent"}, {"p": 167, "c": 0.9, "s": 47238, "e": 47420, "w": "也", "sp": "Agent"}, {"p": 168, "c": 0.9, "s": 47421, "e": 47604, "w": "跟", "sp": "Agent"}, {"p": 169, "c": 0.9, "s": 47604, "e": 47786, "w": "您", "sp": "Agent"}, {"p": 170, "c": 0.9, "s": 47786, "e": 47968, "w": "说", "sp": "Agent"}, {"p": 171, "c": 0.9, "s": 47969, "e": 48334, "w": "一下", "sp": "Agent"}, {"p": 172, "c": 0.9, "s": 48334, "e": 48700, "w": "女士", "sp": "Agent"}, {"p": 173, "c": 0.9, "s": 48700, "e": 49065, "w": "我们", "sp": "Agent"}, {"p": 174, "c": 0.9, "s": 49065, "e": 49430, "w": "大厅", "sp": "Agent"}, {"p": 175, "c": 0.9, "s": 49430, "e": 49796, "w": "目前", "sp": "Agent"}, {"p": 176, "c": 0.9, "s": 49796, "e": 50161, "w": "除了", "sp": "Agent"}, {"p": 177, "c": 0.9, "s": 50161, "e": 50526, "w": "这个", "sp": "Agent"}, {"p": 178, "c": 0.9, "s": 50526, "e": 50709, "w": "装", "sp": "Agent"}, {"p": 179, "c": 0.9, "s": 50709, "e": 51074, "w": "空调", "sp": "Agent"}, {"p": 180, "c": 0.9, "s": 51074, "e": 51440, "w": "之外", "sp": "Agent"}, {"p": 181, "c": 0.9, "s": 51440, "e": 51621, "w": "呀", "sp": "Agent"}, {"p": 182, "c": 0.9, "s": 51622, "e": 51988, "w": "还有", "sp": "Agent"}, {"p": 183, "c": 0.9, "s": 51988, "e": 52353, "w": "相关", "sp": "Agent"}, {"p": 184, "c": 0.9, "s": 52353, "e": 52536, "w": "的", "sp": "Agent"}, {"p": 185, "c": 0.9, "s": 52536, "e": 52718, "w": "地", "sp": "Agent"}, {"p": 186, "c": 0.9, "s": 52718, "e": 52900, "w": "暖", "sp": "Agent"}, {"p": 187, "c": 0.9, "s": 52901, "e": 53084, "w": "跟", "sp": "Agent"}, {"p": 188, "c": 0.9, "s": 53084, "e": 53266, "w": "新", "sp": "Agent"}, {"p": 189, "c": 0.9, "s": 53266, "e": 53448, "w": "冬", "sp": "Agent"}, {"p": 190, "c": 0.9, "s": 53449, "e": 53632, "w": "的", "sp": "Agent"}, {"p": 191, "c": 0.9, "s": 53632, "e": 53997, "w": "我们", "sp": "Agent"}, {"p": 192, "c": 0.9, "s": 53997, "e": 54362, "w": "目前", "sp": "Agent"}, {"p": 193, "c": 0.9, "s": 54362, "e": 54545, "w": "有", "sp": "Agent"}, {"p": 194, "c": 0.9, "s": 54545, "e": 54727, "w": "一", "sp": "Agent"}, {"p": 195, "c": 0.9, "s": 54728, "e": 54910, "w": "款", "sp": "Agent"}, {"p": 196, "c": 0.9, "s": 54910, "e": 55276, "w": "这个", "sp": "Agent"}, {"p": 197, "c": 0.9, "s": 55276, "e": 55641, "w": "优秀", "sp": "Agent"}, {"p": 198, "c": 0.9, "s": 55641, "e": 55823, "w": "的", "sp": "Agent"}, {"p": 199, "c": 0.9, "s": 55824, "e": 56189, "w": "产品", "sp": "Agent"}, {"p": 200, "c": 0.9, "s": 56189, "e": 56554, "w": "电暖", "sp": "Agent"}, {"p": 201, "c": 0.9, "s": 56554, "e": 56737, "w": "跟", "sp": "Agent"}, {"p": 202, "c": 0.9, "s": 56737, "e": 57102, "w": "空调", "sp": "Agent"}, {"p": 203, "c": 0.9, "s": 57102, "e": 57285, "w": "啊", "sp": "Agent"}, {"p": 204, "c": 0.9, "s": 57285, "e": 57468, "w": "它", "sp": "Agent"}, {"p": 205, "c": 0.9, "s": 57468, "e": 57649, "w": "是", "sp": "Agent"}, {"p": 206, "c": 0.9, "s": 57650, "e": 58016, "w": "可以", "sp": "Agent"}, {"p": 207, "c": 0.9, "s": 58016, "e": 58381, "w": "共用", "sp": "Agent"}, {"p": 208, "c": 0.9, "s": 58381, "e": 58746, "w": "一个", "sp": "Agent"}, {"p": 209, "c": 0.9, "s": 58746, "e": 58928, "w": "外", "sp": "Agent"}, {"p": 210, "c": 0.9, "s": 58929, "e": 59112, "w": "机", "sp": "Agent"}, {"p": 211, "c": 0.9, "s": 59112, "e": 59477, "w": "然后", "sp": "Agent"}, {"p": 212, "c": 0.9, "s": 59477, "e": 59843, "w": "再加", "sp": "Agent"}, {"p": 213, "c": 0.9, "s": 59843, "e": 60208, "w": "一个", "sp": "Agent"}, {"p": 214, "c": 0.9, "s": 60208, "e": 60391, "w": "水", "sp": "Agent"}, {"p": 215, "c": 0.9, "s": 60391, "e": 60573, "w": "的", "sp": "Agent"}, {"p": 216, "c": 0.9, "s": 60573, "e": 60939, "w": "交换", "sp": "Agent"}, {"p": 217, "c": 0.9, "s": 60939, "e": 61121, "w": "器", "sp": "Agent"}, {"p": 218, "c": 0.9, "s": 61121, "e": 61303, "w": "就", "sp": "Agent"}, {"p": 219, "c": 0.9, "s": 61304, "e": 61669, "w": "可以", "sp": "Agent"}, {"p": 220, "c": 0.9, "s": 61420, "e": 61625, "w": "哦", "sp": "Customer"}, {"p": 221, "c": 0.9, "s": 61625, "e": 61830, "w": "我", "sp": "Customer"}, {"p": 222, "c": 0.9, "s": 61669, "e": 61851, "w": "了", "sp": "Agent"}, {"p": 223, "c": 0.9, "s": 61830, "e": 62240, "w": "知道", "sp": "Customer"}, {"p": 224, "c": 0.9, "s": 61852, "e": 62035, "w": "它", "sp": "Agent"}, {"p": 225, "c": 0.9, "s": 62035, "e": 62217, "w": "是", "sp": "Agent"}, {"p": 226, "c": 0.9, "s": 62217, "e": 62399, "w": "在", "sp": "Agent"}, {"p": 227, "c": 0.9, "s": 62240, "e": 62650, "w": "这个", "sp": "Customer"}, {"p": 228, "c": 0.9, "s": 62400, "e": 62583, "w": "装", "sp": "Agent"}, {"p": 229, "c": 0.9, "s": 62583, "e": 62765, "w": "的", "sp": "Agent"}, {"p": 230, "c": 0.9, "s": 62650, "e": 62855, "w": "这", "sp": "Customer"}, {"p": 231, "c": 0.9, "s": 62765, "e": 62948, "w": "我", "sp": "Agent"}, {"p": 232, "c": 0.9, "s": 62855, "e": 63265, "w": "大概", "sp": "Customer"}, {"p": 233, "c": 0.9, "s": 62948, "e": 63313, "w": "知道", "sp": "Agent"}, {"p": 234, "c": 0.9, "s": 63265, "e": 63880, "w": "多少钱", "sp": "Customer"}, {"p": 235, "c": 0.9, "s": 63313, "e": 63679, "w": "这个", "sp": "Agent"}, {"p": 236, "c": 0.9, "s": 63679, "e": 63861, "w": "它", "sp": "Agent"}, {"p": 237, "c": 0.9, "s": 63861, "e": 64226, "w": "大概", "sp": "Agent"}, {"p": 238, "c": 0.9, "s": 64226, "e": 64408, "w": "多", "sp": "Agent"}, {"p": 239, "c": 0.9, "s": 64408, "e": 64591, "w": "呃", "sp": "Agent"}, {"p": 240, "c": 0.9, "s": 64592, "e": 64957, "w": "这个", "sp": "Agent"}, {"p": 241, "c": 0.9, "s": 64957, "e": 65323, "w": "的话", "sp": "Agent"}, {"p": 242, "c": 0.9, "s": 65323, "e": 65504, "w": "像", "sp": "Agent"}, {"p": 243, "c": 0.9, "s": 65504, "e": 65870, "w": "电脑", "sp": "Agent"}, {"p": 244, "c": 0.9, "s": 65871, "e": 66236, "w": "主要", "sp": "Agent"}, {"p": 245, "c": 0.9, "s": 66236, "e": 66419, "w": "是", "sp": "Agent"}, {"p": 246, "c": 0.9, "s": 66419, "e": 66601, "w": "靠", "sp": "Agent"}, {"p": 247, "c": 0.9, "s": 66601, "e": 66784, "w": "您", "sp": "Agent"}, {"p": 248, "c": 0.9, "s": 66784, "e": 67148, "w": "采访", "sp": "Agent"}, {"p": 249, "c": 0.9, "s": 67149, "e": 67515, "w": "面积", "sp": "Agent"}, {"p": 250, "c": 0.9, "s": 67515, "e": 67880, "w": "因为", "sp": "Agent"}, {"p": 251, "c": 0.9, "s": 67880, "e": 68062, "w": "它", "sp": "Agent"}, {"p": 252, "c": 0.9, "s": 68063, "e": 68245, "w": "并", "sp": "Agent"}, {"p": 253, "c": 0.9, "s": 68245, "e": 68611, "w": "不是", "sp": "Agent"}, {"p": 254, "c": 0.9, "s": 68611, "e": 68793, "w": "说", "sp": "Agent"}, {"p": 255, "c": 0.9, "s": 68793, "e": 68976, "w": "你", "sp": "Agent"}, {"p": 256, "c": 0.9, "s": 68976, "e": 69340, "w": "所有", "sp": "Agent"}, {"p": 257, "c": 0.9, "s": 69341, "e": 69707, "w": "地方", "sp": "Agent"}, {"p": 258, "c": 0.9, "s": 69707, "e": 69889, "w": "都", "sp": "Agent"}, {"p": 259, "c": 0.9, "s": 69800, "e": 70156, "w": "啊", "sp": "Customer"}, {"p": 260, "c": 0.9, "s": 69889, "e": 70072, "w": "去", "sp": "Agent"}, {"p": 261, "c": 0.9, "s": 70072, "e": 70437, "w": "铺设", "sp": "Agent"}, {"p": 262, "c": 0.9, "s": 70156, "e": 70513, "w": "我", "sp": "Customer"}, {"p": 263, "c": 0.9, "s": 70437, "e": 70619, "w": "嘛", "sp": "Agent"}, {"p": 264, "c": 0.9, "s": 70513, "e": 71226, "w": "知道", "sp": "Customer"}, {"p": 265, "c": 0.9, "s": 70620, "e": 70803, "w": "像", "sp": "Agent"}, {"p": 266, "c": 0.9, "s": 70803, "e": 70985, "w": "您", "sp": "Agent"}, {"p": 267, "c": 0.9, "s": 70985, "e": 71351, "w": "后期", "sp": "Agent"}, {"p": 268, "c": 0.9, "s": 71226, "e": 71583, "w": "我", "sp": "Customer"}, {"p": 269, "c": 0.9, "s": 71351, "e": 71715, "w": "如果", "sp": "Agent"}, {"p": 270, "c": 0.9, "s": 71583, "e": 71940, "w": "的", "sp": "Customer"}, {"p": 271, "c": 0.9, "s": 71716, "e": 72081, "w": "知道", "sp": "Agent"}, {"p": 272, "c": 0.9, "s": 72081, "e": 72264, "w": "我", "sp": "Agent"}, {"p": 273, "c": 0.9, "s": 72220, "e": 72604, "w": "面积", "sp": "Customer"}, {"p": 274, "c": 0.9, "s": 72264, "e": 72447, "w": "的", "sp": "Agent"}, {"p": 275, "c": 0.9, "s": 72447, "e": 72630, "w": "嗯", "sp": "Agent"}, {"p": 276, "c": 0.9, "s": 72604, "e": 72989, "w": "大概", "sp": "Customer"}, {"p": 277, "c": 0.9, "s": 72910, "e": 73247, "w": "面积", "sp": "Agent"}, {"p": 278, "c": 0.9, "s": 72989, "e": 73181, "w": "是", "sp": "Customer"}, {"p": 279, "c": 0.9, "s": 73181, "e": 73373, "w": "在", "sp": "Customer"}, {"p": 280, "c": 0.9, "s": 73247, "e": 73585, "w": "大概", "sp": "Agent"}, {"p": 281, "c": 0.9, "s": 73373, "e": 74143, "w": "一百二十", "sp": "Customer"}, {"p": 282, "c": 0.9, "s": 73585, "e": 73754, "w": "是", "sp": "Agent"}, {"p": 283, "c": 0.9, "s": 73754, "e": 73922, "w": "在", "sp": "Agent"}, {"p": 284, "c": 0.9, "s": 73922, "e": 74598, "w": "一百二十", "sp": "Agent"}, {"p": 285, "c": 0.9, "s": 74143, "e": 74335, "w": "多", "sp": "Customer"}, {"p": 286, "c": 0.9, "s": 74335, "e": 74720, "w": "平方", "sp": "Customer"}, {"p": 287, "c": 0.9, "s": 74598, "e": 74767, "w": "多", "sp": "Agent"}, {"p": 288, "c": 0.9, "s": 74720, "e": 74912, "w": "你", "sp": "Customer"}, {"p": 289, "c": 0.9, "s": 74767, "e": 75104, "w": "平方", "sp": "Agent"}, {"p": 290, "c": 0.9, "s": 74912, "e": 75296, "w": "大概", "sp": "Customer"}, {"p": 291, "c": 0.9, "s": 75104, "e": 75441, "w": "大概", "sp": "Agent"}, {"p": 292, "c": 0.9, "s": 75296, "e": 75681, "w": "应该", "sp": "Customer"}, {"p": 293, "c": 0.9, "s": 75442, "e": 75780, "w": "应该", "sp": "Agent"}, {"p": 294, "c": 0.9, "s": 75681, "e": 75873, "w": "要", "sp": "Customer"}, {"p": 295, "c": 0.9, "s": 75780, "e": 75948, "w": "要", "sp": "Agent"}, {"p": 296, "c": 0.9, "s": 75873, "e": 76066, "w": "铺", "sp": "Customer"}, {"p": 297, "c": 0.9, "s": 75948, "e": 76117, "w": "付", "sp": "Agent"}, {"p": 298, "c": 0.9, "s": 76066, "e": 76258, "w": "到", "sp": "Customer"}, {"p": 299, "c": 0.9, "s": 76117, "e": 76285, "w": "到", "sp": "Agent"}, {"p": 300, "c": 0.9, "s": 76258, "e": 76643, "w": "八十", "sp": "Customer"}, {"p": 301, "c": 0.9, "s": 76286, "e": 76624, "w": "八十", "sp": "Agent"}, {"p": 302, "c": 0.9, "s": 76624, "e": 76961, "w": "左右", "sp": "Agent"}, {"p": 303, "c": 0.9, "s": 76643, "e": 77027, "w": "左右", "sp": "Customer"}, {"p": 304, "c": 0.9, "s": 76961, "e": 77130, "w": "吧", "sp": "Agent"}, {"p": 305, "c": 0.9, "s": 77027, "e": 77220, "w": "吧", "sp": "Customer"}, {"p": 306, "c": 0.9, "s": 77130, "e": 77298, "w": "嗯", "sp": "Agent"}, {"p": 307, "c": 0.9, "s": 77299, "e": 77468, "w": "那", "sp": "Agent"}, {"p": 308, "c": 0.9, "s": 77468, "e": 77637, "w": "我", "sp": "Agent"}, {"p": 309, "c": 0.9, "s": 77637, "e": 77974, "w": "这边", "sp": "Agent"}, {"p": 310, "c": 0.9, "s": 77974, "e": 78143, "w": "帮", "sp": "Agent"}, {"p": 311, "c": 0.9, "s": 78143, "e": 78312, "w": "您", "sp": "Agent"}, {"p": 312, "c": 0.9, "s": 78312, "e": 78649, "w": "记录", "sp": "Agent"}, {"p": 313, "c": 0.9, "s": 78650, "e": 78987, "w": "一下", "sp": "Agent"}, {"p": 314, "c": 0.9, "s": 78987, "e": 79325, "w": "后面", "sp": "Agent"}, {"p": 315, "c": 0.9, "s": 79325, "e": 79493, "w": "让", "sp": "Agent"}, {"p": 316, "c": 0.9, "s": 79494, "e": 79831, "w": "我们", "sp": "Agent"}, {"p": 317, "c": 0.9, "s": 79831, "e": 80169, "w": "这个", "sp": "Agent"}, {"p": 318, "c": 0.9, "s": 80169, "e": 80507, "w": "当地", "sp": "Agent"}, {"p": 319, "c": 0.9, "s": 80507, "e": 80676, "w": "这", "sp": "Agent"}, {"p": 320, "c": 0.9, "s": 80676, "e": 81013, "w": "一块", "sp": "Agent"}, {"p": 321, "c": 0.9, "s": 81013, "e": 81182, "w": "啊", "sp": "Agent"}, {"p": 322, "c": 0.9, "s": 81182, "e": 81351, "w": "把", "sp": "Agent"}, {"p": 323, "c": 0.9, "s": 81351, "e": 81688, "w": "这个", "sp": "Agent"}, {"p": 324, "c": 0.9, "s": 81689, "e": 82026, "w": "电脑", "sp": "Agent"}, {"p": 325, "c": 0.9, "s": 82026, "e": 82195, "w": "的", "sp": "Agent"}, {"p": 326, "c": 0.9, "s": 82195, "e": 82533, "w": "详细", "sp": "Agent"}, {"p": 327, "c": 0.9, "s": 82533, "e": 82701, "w": "的", "sp": "Agent"}, {"p": 328, "c": 0.9, "s": 82702, "e": 83039, "w": "一个", "sp": "Agent"}, {"p": 329, "c": 0.9, "s": 83039, "e": 83377, "w": "大概", "sp": "Agent"}, {"p": 330, "c": 0.9, "s": 83377, "e": 83546, "w": "的", "sp": "Agent"}, {"p": 331, "c": 0.9, "s": 83546, "e": 83882, "w": "一个", "sp": "Agent"}, {"p": 332, "c": 0.9, "s": 83883, "e": 84221, "w": "报价", "sp": "Agent"}, {"p": 333, "c": 0.9, "s": 84221, "e": 84559, "w": "包括", "sp": "Agent"}, {"p": 334, "c": 0.9, "s": 84559, "e": 84896, "w": "空调", "sp": "Agent"}, {"p": 335, "c": 0.9, "s": 84896, "e": 85065, "w": "的", "sp": "Agent"}, {"p": 336, "c": 0.9, "s": 85065, "e": 85403, "w": "可以", "sp": "Agent"}, {"p": 337, "c": 0.9, "s": 85403, "e": 85572, "w": "做", "sp": "Agent"}, {"p": 338, "c": 0.9, "s": 85572, "e": 85909, "w": "一个", "sp": "Agent"}, {"p": 339, "c": 0.9, "s": 85909, "e": 86246, "w": "方案", "sp": "Agent"}, {"p": 340, "c": 0.9, "s": 86247, "e": 86416, "w": "给", "sp": "Agent"}, {"p": 341, "c": 0.9, "s": 86416, "e": 86585, "w": "到", "sp": "Agent"}, {"p": 342, "c": 0.9, "s": 86585, "e": 86753, "w": "你", "sp": "Agent"}, {"p": 343, "c": 0.9, "s": 86590, "e": 88100, "w": "啊", "sp": "Customer"}, {"p": 344, "c": 0.9, "s": 86753, "e": 87090, "w": "因为", "sp": "Agent"}, {"p": 345, "c": 0.9, "s": 87091, "e": 87260, "w": "我", "sp": "Agent"}, {"p": 346, "c": 0.9, "s": 87260, "e": 87598, "w": "这边", "sp": "Agent"}, {"p": 347, "c": 0.9, "s": 87598, "e": 87935, "w": "的话", "sp": "Agent"}, {"p": 348, "c": 0.9, "s": 87935, "e": 88272, "w": "属于", "sp": "Agent"}, {"p": 349, "c": 0.9, "s": 88273, "e": 88611, "w": "这个", "sp": "Agent"}, {"p": 350, "c": 0.9, "s": 88611, "e": 88948, "w": "客户", "sp": "Agent"}, {"p": 351, "c": 0.9, "s": 88948, "e": 89285, "w": "坐席", "sp": "Agent"}, {"p": 352, "c": 0.9, "s": 89286, "e": 89455, "w": "对", "sp": "Agent"}, {"p": 353, "c": 0.9, "s": 89330, "e": 90360, "w": "不是", "sp": "Customer"}, {"p": 354, "c": 0.9, "s": 89455, "e": 89624, "w": "也", "sp": "Agent"}, {"p": 355, "c": 0.9, "s": 89624, "e": 89961, "w": "没有", "sp": "Agent"}, {"p": 356, "c": 0.9, "s": 89961, "e": 90298, "w": "这个", "sp": "Agent"}, {"p": 357, "c": 0.9, "s": 90299, "e": 90637, "w": "消息", "sp": "Agent"}, {"p": 358, "c": 0.9, "s": 90637, "e": 90974, "w": "不是", "sp": "Agent"}, {"p": 359, "c": 0.9, "s": 90974, "e": 91143, "w": "嗯", "sp": "Agent"}, {"p": 360, "c": 0.9, "s": 91143, "e": 91312, "w": "请", "sp": "Agent"}, {"p": 361, "c": 0.9, "s": 91312, "e": 91480, "w": "说", "sp": "Agent"}, {"p": 362, "c": 0.9, "s": 91320, "e": 91540, "w": "我", "sp": "Customer"}, {"p": 363, "c": 0.9, "s": 91481, "e": 91650, "w": "嗯", "sp": "Agent"}, {"p": 364, "c": 0.9, "s": 91540, "e": 91761, "w": "是", "sp": "Customer"}, {"p": 365, "c": 0.9, "s": 91761, "e": 91982, "w": "想", "sp": "Customer"}, {"p": 366, "c": 0.9, "s": 91930, "e": 92138, "w": "我", "sp": "Agent"}, {"p": 367, "c": 0.9, "s": 91982, "e": 92202, "w": "问", "sp": "Customer"}, {"p": 368, "c": 0.9, "s": 92138, "e": 92347, "w": "是", "sp": "Agent"}, {"p": 369, "c": 0.9, "s": 92202, "e": 92423, "w": "你", "sp": "Customer"}, {"p": 370, "c": 0.9, "s": 92347, "e": 92556, "w": "想", "sp": "Agent"}, {"p": 371, "c": 0.9, "s": 92423, "e": 92864, "w": "这个", "sp": "Customer"}, {"p": 372, "c": 0.9, "s": 92556, "e": 92765, "w": "问", "sp": "Agent"}, {"p": 373, "c": 0.9, "s": 92765, "e": 92973, "w": "你", "sp": "Agent"}, {"p": 374, "c": 0.9, "s": 92864, "e": 93085, "w": "你", "sp": "Customer"}, {"p": 375, "c": 0.9, "s": 92973, "e": 93391, "w": "这个", "sp": "Agent"}, {"p": 376, "c": 0.9, "s": 93085, "e": 93306, "w": "说", "sp": "Customer"}, {"p": 377, "c": 0.9, "s": 93306, "e": 93526, "w": "的", "sp": "Customer"}, {"p": 378, "c": 0.9, "s": 93391, "e": 93600, "w": "你", "sp": "Agent"}, {"p": 379, "c": 0.9, "s": 93526, "e": 93968, "w": "这个", "sp": "Customer"}, {"p": 380, "c": 0.9, "s": 93600, "e": 93808, "w": "说", "sp": "Agent"}, {"p": 381, "c": 0.9, "s": 93808, "e": 94017, "w": "的", "sp": "Agent"}, {"p": 382, "c": 0.9, "s": 93968, "e": 94409, "w": "一体", "sp": "Customer"}, {"p": 383, "c": 0.9, "s": 94017, "e": 94435, "w": "这个", "sp": "Agent"}, {"p": 384, "c": 0.9, "s": 94409, "e": 94630, "w": "的", "sp": "Customer"}, {"p": 385, "c": 0.9, "s": 94435, "e": 94852, "w": "一体", "sp": "Agent"}, {"p": 386, "c": 0.9, "s": 94852, "e": 95061, "w": "的", "sp": "Agent"}, {"p": 387, "c": 0.9, "s": 95061, "e": 95270, "w": "嗯", "sp": "Agent"}, {"p": 388, "c": 0.9, "s": 95560, "e": 95773, "w": "你", "sp": "Customer"}, {"p": 389, "c": 0.9, "s": 95774, "e": 96202, "w": "现在", "sp": "Customer"}, {"p": 390, "c": 0.9, "s": 96080, "e": 96255, "w": "你", "sp": "Agent"}, {"p": 391, "c": 0.9, "s": 96202, "e": 96417, "w": "报", "sp": "Customer"}, {"p": 392, "c": 0.9, "s": 96255, "e": 96605, "w": "现在", "sp": "Agent"}, {"p": 393, "c": 0.9, "s": 96417, "e": 96845, "w": "不了", "sp": "Customer"}, {"p": 394, "c": 0.9, "s": 96606, "e": 96781, "w": "报", "sp": "Agent"}, {"p": 395, "c": 0.9, "s": 96781, "e": 97132, "w": "不了", "sp": "Agent"}, {"p": 396, "c": 0.9, "s": 96845, "e": 97060, "w": "价", "sp": "Customer"}, {"p": 397, "c": 0.9, "s": 97132, "e": 97307, "w": "价", "sp": "Agent"}, {"p": 398, "c": 0.9, "s": 97307, "e": 97482, "w": "对", "sp": "Agent"}, {"p": 399, "c": 0.9, "s": 97482, "e": 97833, "w": "因为", "sp": "Agent"}, {"p": 400, "c": 0.9, "s": 97833, "e": 98009, "w": "我", "sp": "Agent"}, {"p": 401, "c": 0.9, "s": 98009, "e": 98359, "w": "这边", "sp": "Agent"}, {"p": 402, "c": 0.9, "s": 98359, "e": 98710, "w": "属于", "sp": "Agent"}, {"p": 403, "c": 0.9, "s": 98710, "e": 98885, "w": "是", "sp": "Agent"}, {"p": 404, "c": 0.9, "s": 98885, "e": 99236, "w": "总部", "sp": "Agent"}, {"p": 405, "c": 0.9, "s": 98930, "e": 99129, "w": "哦", "sp": "Customer"}, {"p": 406, "c": 0.9, "s": 99129, "e": 99327, "w": "那", "sp": "Customer"}, {"p": 407, "c": 0.9, "s": 99236, "e": 99587, "w": "客服", "sp": "Agent"}, {"p": 408, "c": 0.9, "s": 99328, "e": 99527, "w": "就", "sp": "Customer"}, {"p": 409, "c": 0.9, "s": 99527, "e": 99925, "w": "不用", "sp": "Customer"}, {"p": 410, "c": 0.9, "s": 99587, "e": 99937, "w": "经理", "sp": "Agent"}, {"p": 411, "c": 0.9, "s": 99925, "e": 100125, "w": "给", "sp": "Customer"}, {"p": 412, "c": 0.9, "s": 99938, "e": 100113, "w": "的", "sp": "Agent"}, {"p": 413, "c": 0.9, "s": 100113, "e": 100464, "w": "不用", "sp": "Agent"}, {"p": 414, "c": 0.9, "s": 100125, "e": 100324, "w": "我", "sp": "Customer"}, {"p": 415, "c": 0.9, "s": 100324, "e": 100722, "w": "记录", "sp": "Customer"}, {"p": 416, "c": 0.9, "s": 100464, "e": 100639, "w": "给", "sp": "Agent"}, {"p": 417, "c": 0.9, "s": 100639, "e": 100815, "w": "我", "sp": "Agent"}, {"p": 418, "c": 0.9, "s": 100722, "e": 100921, "w": "了", "sp": "Customer"}, {"p": 419, "c": 0.9, "s": 100815, "e": 101165, "w": "金额", "sp": "Agent"}, {"p": 420, "c": 0.9, "s": 100921, "e": 101320, "w": "谢谢", "sp": "Customer"}, {"p": 421, "c": 0.9, "s": 101165, "e": 101516, "w": "谢谢", "sp": "Agent"}, {"p": 422, "c": 0.9, "s": 101516, "e": 101691, "w": "啊", "sp": "Agent"}, {"p": 423, "c": 0.9, "s": 101691, "e": 101867, "w": "嗯", "sp": "Agent"}, {"p": 424, "c": 0.9, "s": 101867, "e": 102042, "w": "那", "sp": "Agent"}, {"p": 425, "c": 0.9, "s": 102042, "e": 102393, "w": "这样", "sp": "Agent"}, {"p": 426, "c": 0.9, "s": 102393, "e": 102568, "w": "吧", "sp": "Agent"}, {"p": 427, "c": 0.9, "s": 102568, "e": 102744, "w": "那", "sp": "Agent"}, {"p": 428, "c": 0.9, "s": 102744, "e": 102919, "w": "我", "sp": "Agent"}, {"p": 429, "c": 0.9, "s": 102919, "e": 103270, "w": "就让", "sp": "Agent"}, {"p": 430, "c": 0.9, "s": 103270, "e": 103619, "w": "当地", "sp": "Agent"}, {"p": 431, "c": 0.9, "s": 103620, "e": 103971, "w": "这个", "sp": "Agent"}, {"p": 432, "c": 0.9, "s": 103971, "e": 104147, "w": "包", "sp": "Agent"}, {"p": 433, "c": 0.9, "s": 104147, "e": 104497, "w": "河区", "sp": "Agent"}, {"p": 434, "c": 0.9, "s": 104497, "e": 104673, "w": "给", "sp": "Agent"}, {"p": 435, "c": 0.9, "s": 104673, "e": 104848, "w": "您", "sp": "Agent"}, {"p": 436, "c": 0.9, "s": 104848, "e": 105199, "w": "大概", "sp": "Agent"}, {"p": 437, "c": 0.9, "s": 105199, "e": 105549, "w": "价格", "sp": "Agent"}]}, "plainText": "你好\n啊 你好\n嗯 你好\n你\n你 说\n说\n嗯 你好 不好意思 刚刚 可能 信号 不好 断 了 呃 您 的 房屋 是 在 合肥 的 瑶 海区 庐 阳 区 还是 在 蜀 江 区 的 之类 的 呀\n包河\n包河 嗯 好 的 房屋 面积 大概 多 大 呀\n不到\n不到\n一百\n一百 三\n三\n嗯 是 我们 这个 三室 两 厅 的 一手 模具 新房子 对 吧\n二手\n二手 二手 哦 好 的 然后 是 诊断 发现 目前 是 吗 还是 说 只是 做\n嗯\n局部 的 改造 呢 哦 诊断\n全部\n发性 嗯\n排名\n嗯 好 的 好 的 然后 是 打算 近 一周 装修 吗 还是 说 可能 要 五六 月份 左右 呢 女士 嗯\n近期\n行行 嗯 好 的 挺 快 的 这样 工作人员 定 好 了 对 吧\n还 没有\n还 没有 嗯 嗯 好 的 好 的 那 我们 这个 当地 门店 有没有 先 去 过 呀 就是 大厅 的 这个\n没有\n门店 嗯 好 的 理解 然后 也 跟 您 说 一下 女士 我们 大厅 目前 除了 这个 装 空调 之外 呀 还有 相关 的 地 暖 跟 新 冬 的 我们 目前 有 一 款 这个 优秀 的 产品 电暖 跟 空调 啊 它 是 可以 共用 一个 外 机 然后 再加 一个 水 的 交换 器 就 可以\n哦 我\n了\n知道\n它 是 在\n这个\n装 的\n这\n我\n大概\n知道\n多少钱\n这个 它 大概 多 呃 这个 的话 像 电脑 主要 是 靠 您 采访 面积 因为 它 并 不是 说 你 所有 地方 都\n啊\n去 铺设\n我\n嘛\n知道\n像 您 后期\n我\n如果\n的\n知道 我\n面积\n的 嗯\n大概\n面积\n是 在\n大概\n一百二十\n是 在 一百二十\n多 平方\n多\n你\n平方\n大概\n大概\n应该\n应该\n要\n要\n铺\n付\n到\n到\n八十\n八十 左右\n左右\n吧\n吧\n嗯 那 我 这边 帮 您 记录 一下 后面 让 我们 这个 当地 这 一块 啊 把 这个 电脑 的 详细 的 一个 大概 的 一个 报价 包括 空调 的 可以 做 一个 方案 给 到 你\n啊\n因为 我 这边 的话 属于 这个 客户 坐席 对\n不是\n也 没有 这个 消息 不是 嗯 请 说\n我\n嗯\n是 想\n我\n问\n是\n你\n想\n这个\n问 你\n你\n这个\n说 的\n你\n这个\n说 的\n一体\n这个\n的\n一体 的 嗯\n你 现在\n你\n报\n现在\n不了\n报 不了\n价\n价 对 因为 我 这边 属于 是 总部\n哦 那\n客服\n就 不用\n经理\n给\n的 不用\n我 记录\n给 我\n了\n金额\n谢谢\n谢谢 啊 嗯 那 这样 吧 那 我 就让 当地 这个 包 河区 给 您 大概 价格", "plainTextTime": {"verbatims": [{"s": 1220, "e": 2320, "w": "你好", "sp": "Agent"}, {"s": 2270, "e": 3098, "w": "啊 你好", "sp": "Customer"}, {"s": 2600, "e": 3122, "w": "嗯 你好", "sp": "Agent"}, {"s": 3098, "e": 3374, "w": "你", "sp": "Customer"}, {"s": 3122, "e": 3471, "w": "你 说", "sp": "Agent"}, {"s": 3374, "e": 3650, "w": "说", "sp": "Customer"}, {"s": 3471, "e": 11140, "w": "嗯 你好 不好意思 刚刚 可能 信号 不好 断 了 呃 您 的 房屋 是 在 合肥 的 瑶 海区 庐 阳 区 还是 在 蜀 江 区 的 之类 的 呀", "sp": "Agent"}, {"s": 11160, "e": 12330, "w": "包河", "sp": "Customer"}, {"s": 11490, "e": 15000, "w": "包河 嗯 好 的 房屋 面积 大概 多 大 呀", "sp": "Agent"}, {"s": 15220, "e": 15768, "w": "不到", "sp": "Customer"}, {"s": 15420, "e": 15800, "w": "不到", "sp": "Agent"}, {"s": 15768, "e": 16316, "w": "一百", "sp": "Customer"}, {"s": 15800, "e": 16370, "w": "一百 三", "sp": "Agent"}, {"s": 16316, "e": 16590, "w": "三", "sp": "Customer"}, {"s": 16370, "e": 20170, "w": "嗯 是 我们 这个 三室 两 厅 的 一手 模具 新房子 对 吧", "sp": "Agent"}, {"s": 20510, "e": 21620, "w": "二手", "sp": "Customer"}, {"s": 20930, "e": 25430, "w": "二手 二手 哦 好 的 然后 是 诊断 发现 目前 是 吗 还是 说 只是 做", "sp": "Agent"}, {"s": 25380, "e": 26439, "w": "嗯", "sp": "Customer"}, {"s": 25430, "e": 27117, "w": "局部 的 改造 呢 哦 诊断", "sp": "Agent"}, {"s": 26950, "e": 27630, "w": "全部", "sp": "Customer"}, {"s": 27117, "e": 27680, "w": "发性 嗯", "sp": "Agent"}, {"s": 27630, "e": 28310, "w": "排名", "sp": "Customer"}, {"s": 27680, "e": 33680, "w": "嗯 好 的 好 的 然后 是 打算 近 一周 装修 吗 还是 说 可能 要 五六 月份 左右 呢 女士 嗯", "sp": "Agent"}, {"s": 33610, "e": 34820, "w": "近期", "sp": "Customer"}, {"s": 34010, "e": 37600, "w": "行行 嗯 好 的 挺 快 的 这样 工作人员 定 好 了 对 吧", "sp": "Agent"}, {"s": 38590, "e": 39700, "w": "还 没有", "sp": "Customer"}, {"s": 39090, "e": 44944, "w": "还 没有 嗯 嗯 好 的 好 的 那 我们 这个 当地 门店 有没有 先 去 过 呀 就是 大厅 的 这个", "sp": "Agent"}, {"s": 44750, "e": 45800, "w": "没有", "sp": "Customer"}, {"s": 44944, "e": 61669, "w": "门店 嗯 好 的 理解 然后 也 跟 您 说 一下 女士 我们 大厅 目前 除了 这个 装 空调 之外 呀 还有 相关 的 地 暖 跟 新 冬 的 我们 目前 有 一 款 这个 优秀 的 产品 电暖 跟 空调 啊 它 是 可以 共用 一个 外 机 然后 再加 一个 水 的 交换 器 就 可以", "sp": "Agent"}, {"s": 61420, "e": 61830, "w": "哦 我", "sp": "Customer"}, {"s": 61669, "e": 61851, "w": "了", "sp": "Agent"}, {"s": 61830, "e": 62240, "w": "知道", "sp": "Customer"}, {"s": 61852, "e": 62399, "w": "它 是 在", "sp": "Agent"}, {"s": 62240, "e": 62650, "w": "这个", "sp": "Customer"}, {"s": 62400, "e": 62765, "w": "装 的", "sp": "Agent"}, {"s": 62650, "e": 62855, "w": "这", "sp": "Customer"}, {"s": 62765, "e": 62948, "w": "我", "sp": "Agent"}, {"s": 62855, "e": 63265, "w": "大概", "sp": "Customer"}, {"s": 62948, "e": 63313, "w": "知道", "sp": "Agent"}, {"s": 63265, "e": 63880, "w": "多少钱", "sp": "Customer"}, {"s": 63313, "e": 69889, "w": "这个 它 大概 多 呃 这个 的话 像 电脑 主要 是 靠 您 采访 面积 因为 它 并 不是 说 你 所有 地方 都", "sp": "Agent"}, {"s": 69800, "e": 70156, "w": "啊", "sp": "Customer"}, {"s": 69889, "e": 70437, "w": "去 铺设", "sp": "Agent"}, {"s": 70156, "e": 70513, "w": "我", "sp": "Customer"}, {"s": 70437, "e": 70619, "w": "嘛", "sp": "Agent"}, {"s": 70513, "e": 71226, "w": "知道", "sp": "Customer"}, {"s": 70620, "e": 71351, "w": "像 您 后期", "sp": "Agent"}, {"s": 71226, "e": 71583, "w": "我", "sp": "Customer"}, {"s": 71351, "e": 71715, "w": "如果", "sp": "Agent"}, {"s": 71583, "e": 71940, "w": "的", "sp": "Customer"}, {"s": 71716, "e": 72264, "w": "知道 我", "sp": "Agent"}, {"s": 72220, "e": 72604, "w": "面积", "sp": "Customer"}, {"s": 72264, "e": 72630, "w": "的 嗯", "sp": "Agent"}, {"s": 72604, "e": 72989, "w": "大概", "sp": "Customer"}, {"s": 72910, "e": 73247, "w": "面积", "sp": "Agent"}, {"s": 72989, "e": 73373, "w": "是 在", "sp": "Customer"}, {"s": 73247, "e": 73585, "w": "大概", "sp": "Agent"}, {"s": 73373, "e": 74143, "w": "一百二十", "sp": "Customer"}, {"s": 73585, "e": 74598, "w": "是 在 一百二十", "sp": "Agent"}, {"s": 74143, "e": 74720, "w": "多 平方", "sp": "Customer"}, {"s": 74598, "e": 74767, "w": "多", "sp": "Agent"}, {"s": 74720, "e": 74912, "w": "你", "sp": "Customer"}, {"s": 74767, "e": 75104, "w": "平方", "sp": "Agent"}, {"s": 74912, "e": 75296, "w": "大概", "sp": "Customer"}, {"s": 75104, "e": 75441, "w": "大概", "sp": "Agent"}, {"s": 75296, "e": 75681, "w": "应该", "sp": "Customer"}, {"s": 75442, "e": 75780, "w": "应该", "sp": "Agent"}, {"s": 75681, "e": 75873, "w": "要", "sp": "Customer"}, {"s": 75780, "e": 75948, "w": "要", "sp": "Agent"}, {"s": 75873, "e": 76066, "w": "铺", "sp": "Customer"}, {"s": 75948, "e": 76117, "w": "付", "sp": "Agent"}, {"s": 76066, "e": 76258, "w": "到", "sp": "Customer"}, {"s": 76117, "e": 76285, "w": "到", "sp": "Agent"}, {"s": 76258, "e": 76643, "w": "八十", "sp": "Customer"}, {"s": 76286, "e": 76961, "w": "八十 左右", "sp": "Agent"}, {"s": 76643, "e": 77027, "w": "左右", "sp": "Customer"}, {"s": 76961, "e": 77130, "w": "吧", "sp": "Agent"}, {"s": 77027, "e": 77220, "w": "吧", "sp": "Customer"}, {"s": 77130, "e": 86753, "w": "嗯 那 我 这边 帮 您 记录 一下 后面 让 我们 这个 当地 这 一块 啊 把 这个 电脑 的 详细 的 一个 大概 的 一个 报价 包括 空调 的 可以 做 一个 方案 给 到 你", "sp": "Agent"}, {"s": 86590, "e": 88100, "w": "啊", "sp": "Customer"}, {"s": 86753, "e": 89455, "w": "因为 我 这边 的话 属于 这个 客户 坐席 对", "sp": "Agent"}, {"s": 89330, "e": 90360, "w": "不是", "sp": "Customer"}, {"s": 89455, "e": 91480, "w": "也 没有 这个 消息 不是 嗯 请 说", "sp": "Agent"}, {"s": 91320, "e": 91540, "w": "我", "sp": "Customer"}, {"s": 91481, "e": 91650, "w": "嗯", "sp": "Agent"}, {"s": 91540, "e": 91982, "w": "是 想", "sp": "Customer"}, {"s": 91930, "e": 92138, "w": "我", "sp": "Agent"}, {"s": 91982, "e": 92202, "w": "问", "sp": "Customer"}, {"s": 92138, "e": 92347, "w": "是", "sp": "Agent"}, {"s": 92202, "e": 92423, "w": "你", "sp": "Customer"}, {"s": 92347, "e": 92556, "w": "想", "sp": "Agent"}, {"s": 92423, "e": 92864, "w": "这个", "sp": "Customer"}, {"s": 92556, "e": 92973, "w": "问 你", "sp": "Agent"}, {"s": 92864, "e": 93085, "w": "你", "sp": "Customer"}, {"s": 92973, "e": 93391, "w": "这个", "sp": "Agent"}, {"s": 93085, "e": 93526, "w": "说 的", "sp": "Customer"}, {"s": 93391, "e": 93600, "w": "你", "sp": "Agent"}, {"s": 93526, "e": 93968, "w": "这个", "sp": "Customer"}, {"s": 93600, "e": 94017, "w": "说 的", "sp": "Agent"}, {"s": 93968, "e": 94409, "w": "一体", "sp": "Customer"}, {"s": 94017, "e": 94435, "w": "这个", "sp": "Agent"}, {"s": 94409, "e": 94630, "w": "的", "sp": "Customer"}, {"s": 94435, "e": 95270, "w": "一体 的 嗯", "sp": "Agent"}, {"s": 95560, "e": 96202, "w": "你 现在", "sp": "Customer"}, {"s": 96080, "e": 96255, "w": "你", "sp": "Agent"}, {"s": 96202, "e": 96417, "w": "报", "sp": "Customer"}, {"s": 96255, "e": 96605, "w": "现在", "sp": "Agent"}, {"s": 96417, "e": 96845, "w": "不了", "sp": "Customer"}, {"s": 96606, "e": 97132, "w": "报 不了", "sp": "Agent"}, {"s": 96845, "e": 97060, "w": "价", "sp": "Customer"}, {"s": 97132, "e": 99236, "w": "价 对 因为 我 这边 属于 是 总部", "sp": "Agent"}, {"s": 98930, "e": 99327, "w": "哦 那", "sp": "Customer"}, {"s": 99236, "e": 99587, "w": "客服", "sp": "Agent"}, {"s": 99328, "e": 99925, "w": "就 不用", "sp": "Customer"}, {"s": 99587, "e": 99937, "w": "经理", "sp": "Agent"}, {"s": 99925, "e": 100125, "w": "给", "sp": "Customer"}, {"s": 99938, "e": 100464, "w": "的 不用", "sp": "Agent"}, {"s": 100125, "e": 100722, "w": "我 记录", "sp": "Customer"}, {"s": 100464, "e": 100815, "w": "给 我", "sp": "Agent"}, {"s": 100722, "e": 100921, "w": "了", "sp": "Customer"}, {"s": 100815, "e": 101165, "w": "金额", "sp": "Agent"}, {"s": 100921, "e": 101320, "w": "谢谢", "sp": "Customer"}, {"s": 101165, "e": 105549, "w": "谢谢 啊 嗯 那 这样 吧 那 我 就让 当地 这个 包 河区 给 您 大概 价格", "sp": "Agent"}]}, "aqm": {"greeting": {"greeting_said": "", "n_greeting_said": 0, "score": 0}, "closing": {"closing_said": "您", "n_closing_said": 1, "score": 0}, "speed": {"speed_max": 5.93, "n_words": 12, "words": "也 没有 这个 消息 不是 嗯 请 说", "start": 89455, "end": 91480}}}