{"mediaId": "2022031314032168108747433178303001", "status": "Success", "dateCreated": "2022-03-21T18:45:50Z", "contentType": "audio/x-wav", "channels": "future use", "length": 14, "metadata": {"Sid": 10004, "Site_id": 783, "Audio_ch_num": 87474331, "Audio_module_num": 783002, "Audio_start_time_gmt": "2022-03-13T06:03:21.68+08:00", "Transaction_id": "2022031314032168108747433178303001", "ContactID": "9144800580160000301", "Personal_id": "0", "Direction": 2, "Local_audio_start_time": "2022-03-13T14:03:21.68+08:00", "Local_audio_end_time": "2022-03-13T14:03:35.68+08:00", "Total_hold_time": "0", "Pbx_login_id": "", "Ani": "600013", "Extension": "600013", "String_extension": "600013", "Switch_call_id": "006f0330e46d4f70", "Switch_id": "783000001", "Duration_seconds": 14, "Wrapup_time_in_seconds": "0", "Dnis": "913611820905", "Number_of_conferences": "0", "Number_of_holds": "0", "Number_of_transfers": "0", "Percent_of_agent_call": "0", "Percent_of_other_call": "0", "Percent_of_mutual_silence": "13", "Num_of_agent_cross": "0", "Num_of_other_cross": "2", "IsException": 0, "CD2": "013GVT56OG919AP72LUHVB5AES000CBN"}, "transcript_detailed": {"words": [{"p": 1, "c": 0.9, "s": 2790, "e": 3880, "w": "喂", "sp": "Customer"}, {"p": 2, "c": 0.9, "s": 2860, "e": 3899, "w": "喂", "sp": "Agent"}, {"p": 3, "c": 0.9, "s": 5130, "e": 6540, "w": "哪位", "sp": "Customer"}, {"p": 4, "c": 0.9, "s": 5200, "e": 6770, "w": "哪位", "sp": "Agent"}]}, "plainText": "喂\n喂\n哪位\n哪位", "plainTextTime": {"verbatims": [{"s": 2790, "e": 3880, "w": "喂", "sp": "Customer"}, {"s": 2860, "e": 3899, "w": "喂", "sp": "Agent"}, {"s": 5130, "e": 6540, "w": "哪位", "sp": "Customer"}, {"s": 5200, "e": 6770, "w": "哪位", "sp": "Agent"}]}, "aqm": {"greeting": {"greeting_said": "", "n_greeting_said": 0, "score": 0}, "closing": {"closing_said": "", "n_closing_said": 0, "score": 0}, "speed": {"speed_max": 0, "n_words": 0, "words": "", "start": 0, "end": 0}}}