{"mediaId": "2022031314092141808747434378303001", "status": "Success", "dateCreated": "2022-03-21T18:45:50Z", "contentType": "audio/x-wav", "channels": "future use", "length": 26, "metadata": {"Sid": 10015, "Site_id": 783, "Audio_ch_num": 87474343, "Audio_module_num": 783002, "Audio_start_time_gmt": "2022-03-13T06:09:21.417+08:00", "Transaction_id": "2022031314092141808747434378303001", "ContactID": "9144800616140000301", "Personal_id": "0", "Direction": 2, "Local_audio_start_time": "2022-03-13T14:09:21.417+08:00", "Local_audio_end_time": "2022-03-13T14:09:47.417+08:00", "Total_hold_time": "0", "Pbx_login_id": "800052", "Ani": "600061", "Extension": "600061", "String_extension": "600061", "Switch_call_id": "006f0330e46d4f7e", "Switch_id": "783000001", "Duration_seconds": 26, "Wrapup_time_in_seconds": "0", "Dnis": "15167866681", "Number_of_conferences": "0", "Number_of_holds": "0", "Number_of_transfers": "0", "Percent_of_agent_call": "5", "Percent_of_other_call": "1", "Percent_of_mutual_silence": "20", "Num_of_agent_cross": "1", "Num_of_other_cross": "0", "IsException": 0, "CD2": "013GVT56OG919AP72LUHVB5AES000CC5"}, "transcript_detailed": {"words": [{"p": 1, "c": 0.9, "s": 0, "e": 860, "w": "喂", "sp": "Customer"}, {"p": 2, "c": 0.9, "s": 650, "e": 1035, "w": "您好", "sp": "Agent"}, {"p": 3, "c": 0.9, "s": 1035, "e": 1227, "w": "我", "sp": "Agent"}, {"p": 4, "c": 0.9, "s": 1228, "e": 1614, "w": "这边", "sp": "Agent"}, {"p": 5, "c": 0.9, "s": 1614, "e": 1806, "w": "是", "sp": "Agent"}, {"p": 6, "c": 0.9, "s": 1807, "e": 2193, "w": "大厅", "sp": "Agent"}, {"p": 7, "c": 0.9, "s": 2193, "e": 2579, "w": "空调", "sp": "Agent"}, {"p": 8, "c": 0.9, "s": 2579, "e": 2965, "w": "厂房", "sp": "Agent"}, {"p": 9, "c": 0.9, "s": 2965, "e": 3350, "w": "客服", "sp": "Agent"}, {"p": 10, "c": 0.9, "s": 3350, "e": 3735, "w": "中心", "sp": "Agent"}, {"p": 11, "c": 0.9, "s": 3736, "e": 4122, "w": "请问", "sp": "Agent"}, {"p": 12, "c": 0.9, "s": 4122, "e": 4315, "w": "是", "sp": "Agent"}, {"p": 13, "c": 0.9, "s": 4315, "e": 4508, "w": "谢", "sp": "Agent"}, {"p": 14, "c": 0.9, "s": 4508, "e": 4894, "w": "先生", "sp": "Agent"}, {"p": 15, "c": 0.9, "s": 4894, "e": 5087, "w": "是", "sp": "Agent"}, {"p": 16, "c": 0.9, "s": 5087, "e": 5279, "w": "吗", "sp": "Agent"}, {"p": 17, "c": 0.9, "s": 5320, "e": 7180, "w": "哪个", "sp": "Customer"}, {"p": 18, "c": 0.9, "s": 6170, "e": 6372, "w": "啊", "sp": "Agent"}, {"p": 19, "c": 0.9, "s": 6372, "e": 6776, "w": "我们", "sp": "Agent"}, {"p": 20, "c": 0.9, "s": 6776, "e": 7180, "w": "这边", "sp": "Agent"}]}, "plainText": "喂\n您好 我 这边 是 大厅 空调 厂房 客服 中心 请问 是 谢 先生 是 吗\n哪个\n啊 我们 这边", "plainTextTime": {"verbatims": [{"s": 0, "e": 860, "w": "喂", "sp": "Customer"}, {"s": 650, "e": 5279, "w": "您好 我 这边 是 大厅 空调 厂房 客服 中心 请问 是 谢 先生 是 吗", "sp": "Agent"}, {"s": 5320, "e": 7180, "w": "哪个", "sp": "Customer"}, {"s": 6170, "e": 7180, "w": "啊 我们 这边", "sp": "Agent"}]}, "aqm": {"greeting": {"greeting_said": "您好, 空调, 客服, 请问, 先生", "n_greeting_said": 5, "score": 1}, "closing": {"closing_said": "", "n_closing_said": 0, "score": 0}, "speed": {"speed_max": 5.18, "n_words": 24, "words": "您好 我 这边 是 大厅 空调 厂房 客服 中心 请问 是 谢 先生 是 吗", "start": 650, "end": 5279}}}