{"mediaId": "2022031314215048308747436978303001", "status": "Success", "dateCreated": "2022-03-21T18:45:50Z", "contentType": "audio/x-wav", "channels": "future use", "length": 227, "metadata": {"Sid": 10030, "Site_id": 783, "Audio_ch_num": 87474369, "Audio_module_num": 783001, "Audio_start_time_gmt": "2022-03-13T06:21:50.483+08:00", "Transaction_id": "2022031314215048308747436978303001", "ContactID": "9144800691040000301", "Personal_id": "0", "Direction": 2, "Local_audio_start_time": "2022-03-13T14:21:50.483+08:00", "Local_audio_end_time": "2022-03-13T14:25:37.483+08:00", "Total_hold_time": "0", "Pbx_login_id": "800042", "Ani": "600051", "Extension": "600051", "String_extension": "600051", "Switch_call_id": "006f0330e46d4f9c", "Switch_id": "783000001", "Duration_seconds": 227, "Wrapup_time_in_seconds": "0", "Dnis": "18936780398", "Number_of_conferences": "0", "Number_of_holds": "0", "Number_of_transfers": "0", "Percent_of_agent_call": "112", "Percent_of_other_call": "10", "Percent_of_mutual_silence": "45", "Num_of_agent_cross": "22", "Num_of_other_cross": "29", "IsException": 0, "CD2": "013GVT56OG919AP72LUHVB5AES000CD6"}, "transcript_detailed": {"words": [{"p": 1, "c": 0.9, "s": 600, "e": 2000, "w": "喂", "sp": "Customer"}, {"p": 2, "c": 0.9, "s": 1010, "e": 1199, "w": "喂", "sp": "Agent"}, {"p": 3, "c": 0.9, "s": 1199, "e": 1578, "w": "您好", "sp": "Agent"}, {"p": 4, "c": 0.9, "s": 1578, "e": 1957, "w": "您好", "sp": "Agent"}, {"p": 5, "c": 0.9, "s": 1957, "e": 2147, "w": "我", "sp": "Agent"}, {"p": 6, "c": 0.9, "s": 2147, "e": 2526, "w": "这里", "sp": "Agent"}, {"p": 7, "c": 0.9, "s": 2526, "e": 2715, "w": "是", "sp": "Agent"}, {"p": 8, "c": 0.9, "s": 2715, "e": 2905, "w": "优", "sp": "Agent"}, {"p": 9, "c": 0.9, "s": 2905, "e": 3093, "w": "信", "sp": "Agent"}, {"p": 10, "c": 0.9, "s": 2940, "e": 3177, "w": "您", "sp": "Customer"}, {"p": 11, "c": 0.9, "s": 3094, "e": 3663, "w": "二手车", "sp": "Agent"}, {"p": 12, "c": 0.9, "s": 3177, "e": 3415, "w": "您", "sp": "Customer"}, {"p": 13, "c": 0.9, "s": 3415, "e": 3652, "w": "是", "sp": "Customer"}, {"p": 14, "c": 0.9, "s": 3652, "e": 3889, "w": "跟", "sp": "Customer"}, {"p": 15, "c": 0.9, "s": 3663, "e": 4042, "w": "贷款", "sp": "Agent"}, {"p": 16, "c": 0.9, "s": 4041, "e": 4421, "w": "客服", "sp": "Agent"}, {"p": 17, "c": 0.9, "s": 4421, "e": 4800, "w": "中心", "sp": "Agent"}, {"p": 18, "c": 0.9, "s": 4800, "e": 4990, "w": "的", "sp": "Agent"}, {"p": 19, "c": 0.9, "s": 4990, "e": 5747, "w": "不好意思", "sp": "Agent"}, {"p": 20, "c": 0.9, "s": 5748, "e": 6127, "w": "打扰", "sp": "Agent"}, {"p": 21, "c": 0.9, "s": 5800, "e": 6260, "w": "哎", "sp": "Customer"}, {"p": 22, "c": 0.9, "s": 6127, "e": 6316, "w": "您", "sp": "Agent"}, {"p": 23, "c": 0.9, "s": 6260, "e": 7180, "w": "你好", "sp": "Customer"}, {"p": 24, "c": 0.9, "s": 6316, "e": 6506, "w": "了", "sp": "Agent"}, {"p": 25, "c": 0.9, "s": 6506, "e": 6885, "w": "您好", "sp": "Agent"}, {"p": 26, "c": 0.9, "s": 6885, "e": 7264, "w": "先生", "sp": "Agent"}, {"p": 27, "c": 0.9, "s": 7264, "e": 7643, "w": "您好", "sp": "Agent"}, {"p": 28, "c": 0.9, "s": 7643, "e": 7832, "w": "看", "sp": "Agent"}, {"p": 29, "c": 0.9, "s": 7832, "e": 8021, "w": "您", "sp": "Agent"}, {"p": 30, "c": 0.9, "s": 8022, "e": 8211, "w": "在", "sp": "Agent"}, {"p": 31, "c": 0.9, "s": 8211, "e": 8590, "w": "我们", "sp": "Agent"}, {"p": 32, "c": 0.9, "s": 8590, "e": 8970, "w": "这个", "sp": "Agent"}, {"p": 33, "c": 0.9, "s": 8970, "e": 9538, "w": "朋友圈", "sp": "Agent"}, {"p": 34, "c": 0.9, "s": 9538, "e": 9728, "w": "里", "sp": "Agent"}, {"p": 35, "c": 0.9, "s": 9728, "e": 9917, "w": "留", "sp": "Agent"}, {"p": 36, "c": 0.9, "s": 9917, "e": 10106, "w": "的", "sp": "Agent"}, {"p": 37, "c": 0.9, "s": 10107, "e": 10486, "w": "信息", "sp": "Agent"}, {"p": 38, "c": 0.9, "s": 10486, "e": 10675, "w": "您", "sp": "Agent"}, {"p": 39, "c": 0.9, "s": 10675, "e": 10865, "w": "是", "sp": "Agent"}, {"p": 40, "c": 0.9, "s": 10865, "e": 11054, "w": "想", "sp": "Agent"}, {"p": 41, "c": 0.9, "s": 11054, "e": 11433, "w": "了解", "sp": "Agent"}, {"p": 42, "c": 0.9, "s": 11433, "e": 11622, "w": "张", "sp": "Agent"}, {"p": 43, "c": 0.9, "s": 11623, "e": 11812, "w": "江", "sp": "Agent"}, {"p": 44, "c": 0.9, "s": 11812, "e": 12191, "w": "空调", "sp": "Agent"}, {"p": 45, "c": 0.9, "s": 12191, "e": 12381, "w": "是", "sp": "Agent"}, {"p": 46, "c": 0.9, "s": 12381, "e": 12570, "w": "吧", "sp": "Agent"}, {"p": 47, "c": 0.9, "s": 12570, "e": 12950, "w": "女士", "sp": "Agent"}, {"p": 48, "c": 0.9, "s": 13680, "e": 13928, "w": "嗯", "sp": "Customer"}, {"p": 49, "c": 0.9, "s": 13830, "e": 14072, "w": "呃", "sp": "Agent"}, {"p": 50, "c": 0.9, "s": 13928, "e": 14176, "w": "我", "sp": "Customer"}, {"p": 51, "c": 0.9, "s": 14072, "e": 14315, "w": "我", "sp": "Agent"}, {"p": 52, "c": 0.9, "s": 14176, "e": 14672, "w": "刚刚", "sp": "Customer"}, {"p": 53, "c": 0.9, "s": 14315, "e": 14801, "w": "刚刚", "sp": "Agent"}, {"p": 54, "c": 0.9, "s": 14672, "e": 15168, "w": "已经", "sp": "Customer"}, {"p": 55, "c": 0.9, "s": 14801, "e": 15285, "w": "已经", "sp": "Agent"}, {"p": 56, "c": 0.9, "s": 15168, "e": 15664, "w": "了解", "sp": "Customer"}, {"p": 57, "c": 0.9, "s": 15286, "e": 15772, "w": "了解", "sp": "Agent"}, {"p": 58, "c": 0.9, "s": 15664, "e": 15912, "w": "过", "sp": "Customer"}, {"p": 59, "c": 0.9, "s": 15772, "e": 16014, "w": "过", "sp": "Agent"}, {"p": 60, "c": 0.9, "s": 15912, "e": 16160, "w": "了", "sp": "Customer"}, {"p": 61, "c": 0.9, "s": 16014, "e": 16257, "w": "了", "sp": "Agent"}, {"p": 62, "c": 0.9, "s": 16257, "e": 16500, "w": "呃", "sp": "Agent"}, {"p": 63, "c": 0.9, "s": 16470, "e": 16696, "w": "你", "sp": "Customer"}, {"p": 64, "c": 0.9, "s": 16500, "e": 16743, "w": "是", "sp": "Agent"}, {"p": 65, "c": 0.9, "s": 16696, "e": 17150, "w": "那个", "sp": "Customer"}, {"p": 66, "c": 0.9, "s": 16743, "e": 17229, "w": "那个", "sp": "Agent"}, {"p": 67, "c": 0.9, "s": 17150, "e": 17602, "w": "声音", "sp": "Customer"}, {"p": 68, "c": 0.9, "s": 17229, "e": 17715, "w": "声音", "sp": "Agent"}, {"p": 69, "c": 0.9, "s": 17603, "e": 17830, "w": "我", "sp": "Customer"}, {"p": 70, "c": 0.9, "s": 17715, "e": 17957, "w": "我", "sp": "Agent"}, {"p": 71, "c": 0.9, "s": 17830, "e": 18056, "w": "听", "sp": "Customer"}, {"p": 72, "c": 0.9, "s": 17957, "e": 18200, "w": "听", "sp": "Agent"}, {"p": 73, "c": 0.9, "s": 18056, "e": 18283, "w": "不", "sp": "Customer"}, {"p": 74, "c": 0.9, "s": 18200, "e": 18443, "w": "不", "sp": "Agent"}, {"p": 75, "c": 0.9, "s": 18283, "e": 18510, "w": "清", "sp": "Customer"}, {"p": 76, "c": 0.9, "s": 18443, "e": 18686, "w": "清", "sp": "Agent"}, {"p": 77, "c": 0.9, "s": 18686, "e": 18929, "w": "呃", "sp": "Agent"}, {"p": 78, "c": 0.9, "s": 18929, "e": 19414, "w": "您好", "sp": "Agent"}, {"p": 79, "c": 0.9, "s": 19414, "e": 19900, "w": "现在", "sp": "Agent"}, {"p": 80, "c": 0.9, "s": 19900, "e": 20143, "w": "能", "sp": "Agent"}, {"p": 81, "c": 0.9, "s": 20143, "e": 20628, "w": "信号", "sp": "Agent"}, {"p": 82, "c": 0.9, "s": 20628, "e": 20871, "w": "好", "sp": "Agent"}, {"p": 83, "c": 0.9, "s": 20871, "e": 21357, "w": "一点", "sp": "Agent"}, {"p": 84, "c": 0.9, "s": 21357, "e": 21600, "w": "吗", "sp": "Agent"}, {"p": 85, "c": 0.9, "s": 22030, "e": 22239, "w": "嗯", "sp": "Customer"}, {"p": 86, "c": 0.9, "s": 22239, "e": 22658, "w": "那个", "sp": "Customer"}, {"p": 87, "c": 0.9, "s": 22390, "e": 22559, "w": "呃", "sp": "Agent"}, {"p": 88, "c": 0.9, "s": 22559, "e": 22897, "w": "那个", "sp": "Agent"}, {"p": 89, "c": 0.9, "s": 22658, "e": 22867, "w": "嗯", "sp": "Customer"}, {"p": 90, "c": 0.9, "s": 22867, "e": 23286, "w": "暂时", "sp": "Customer"}, {"p": 91, "c": 0.9, "s": 22897, "e": 23234, "w": "暂时", "sp": "Agent"}, {"p": 92, "c": 0.9, "s": 23235, "e": 23573, "w": "不用", "sp": "Agent"}, {"p": 93, "c": 0.9, "s": 23286, "e": 23705, "w": "不用", "sp": "Customer"}, {"p": 94, "c": 0.9, "s": 23573, "e": 23742, "w": "了", "sp": "Agent"}, {"p": 95, "c": 0.9, "s": 23705, "e": 23914, "w": "了", "sp": "Customer"}, {"p": 96, "c": 0.9, "s": 23742, "e": 23912, "w": "吧", "sp": "Agent"}, {"p": 97, "c": 0.9, "s": 23912, "e": 24250, "w": "我们", "sp": "Agent"}, {"p": 98, "c": 0.9, "s": 23915, "e": 24124, "w": "吧", "sp": "Customer"}, {"p": 99, "c": 0.9, "s": 24124, "e": 24543, "w": "我们", "sp": "Customer"}, {"p": 100, "c": 0.9, "s": 24250, "e": 24588, "w": "已经", "sp": "Agent"}, {"p": 101, "c": 0.9, "s": 24543, "e": 24962, "w": "已经", "sp": "Customer"}, {"p": 102, "c": 0.9, "s": 24588, "e": 24757, "w": "找", "sp": "Agent"}, {"p": 103, "c": 0.9, "s": 24757, "e": 25095, "w": "门店", "sp": "Agent"}, {"p": 104, "c": 0.9, "s": 24962, "e": 25171, "w": "找", "sp": "Customer"}, {"p": 105, "c": 0.9, "s": 25095, "e": 25265, "w": "看", "sp": "Agent"}, {"p": 106, "c": 0.9, "s": 25172, "e": 25591, "w": "门店", "sp": "Customer"}, {"p": 107, "c": 0.9, "s": 25265, "e": 25434, "w": "了", "sp": "Agent"}, {"p": 108, "c": 0.9, "s": 25434, "e": 25603, "w": "呃", "sp": "Agent"}, {"p": 109, "c": 0.9, "s": 25591, "e": 25800, "w": "看", "sp": "Customer"}, {"p": 110, "c": 0.9, "s": 25603, "e": 25772, "w": "那", "sp": "Agent"}, {"p": 111, "c": 0.9, "s": 25772, "e": 25941, "w": "您", "sp": "Agent"}, {"p": 112, "c": 0.9, "s": 25800, "e": 26009, "w": "了", "sp": "Customer"}, {"p": 113, "c": 0.9, "s": 25941, "e": 26110, "w": "走", "sp": "Agent"}, {"p": 114, "c": 0.9, "s": 26110, "e": 26279, "w": "的", "sp": "Agent"}, {"p": 115, "c": 0.9, "s": 26279, "e": 26618, "w": "那个", "sp": "Agent"}, {"p": 116, "c": 0.9, "s": 26618, "e": 26956, "w": "门店", "sp": "Agent"}, {"p": 117, "c": 0.9, "s": 26956, "e": 27125, "w": "叫", "sp": "Agent"}, {"p": 118, "c": 0.9, "s": 27125, "e": 27463, "w": "什么", "sp": "Agent"}, {"p": 119, "c": 0.9, "s": 27463, "e": 27632, "w": "呢", "sp": "Agent"}, {"p": 120, "c": 0.9, "s": 27632, "e": 27801, "w": "我", "sp": "Agent"}, {"p": 121, "c": 0.9, "s": 27801, "e": 28140, "w": "这边", "sp": "Agent"}, {"p": 122, "c": 0.9, "s": 28140, "e": 28309, "w": "也", "sp": "Agent"}, {"p": 123, "c": 0.9, "s": 28309, "e": 28478, "w": "是", "sp": "Agent"}, {"p": 124, "c": 0.9, "s": 28478, "e": 28816, "w": "总部", "sp": "Agent"}, {"p": 125, "c": 0.9, "s": 28816, "e": 28985, "w": "的", "sp": "Agent"}, {"p": 126, "c": 0.9, "s": 28985, "e": 29324, "w": "可以", "sp": "Agent"}, {"p": 127, "c": 0.9, "s": 29324, "e": 29493, "w": "先", "sp": "Agent"}, {"p": 128, "c": 0.9, "s": 29493, "e": 29662, "w": "帮", "sp": "Agent"}, {"p": 129, "c": 0.9, "s": 29662, "e": 29831, "w": "您", "sp": "Agent"}, {"p": 130, "c": 0.9, "s": 29831, "e": 30000, "w": "看", "sp": "Agent"}, {"p": 131, "c": 0.9, "s": 30000, "e": 30338, "w": "一下", "sp": "Agent"}, {"p": 132, "c": 0.9, "s": 30338, "e": 30845, "w": "是不是", "sp": "Agent"}, {"p": 133, "c": 0.9, "s": 30846, "e": 31184, "w": "大厅", "sp": "Agent"}, {"p": 134, "c": 0.9, "s": 31184, "e": 31522, "w": "授权", "sp": "Agent"}, {"p": 135, "c": 0.9, "s": 31522, "e": 31691, "w": "的", "sp": "Agent"}, {"p": 136, "c": 0.9, "s": 31691, "e": 32029, "w": "门店", "sp": "Agent"}, {"p": 137, "c": 0.9, "s": 34070, "e": 34473, "w": "是", "sp": "Customer"}, {"p": 138, "c": 0.9, "s": 34460, "e": 34719, "w": "是", "sp": "Agent"}, {"p": 139, "c": 0.9, "s": 34473, "e": 34876, "w": "的", "sp": "Customer"}, {"p": 140, "c": 0.9, "s": 34720, "e": 34981, "w": "的", "sp": "Agent"}, {"p": 141, "c": 0.9, "s": 34876, "e": 35280, "w": "吗", "sp": "Customer"}, {"p": 142, "c": 0.9, "s": 34981, "e": 35242, "w": "吧", "sp": "Agent"}, {"p": 143, "c": 0.9, "s": 35242, "e": 35502, "w": "呃", "sp": "Agent"}, {"p": 144, "c": 0.9, "s": 35502, "e": 36024, "w": "门店", "sp": "Agent"}, {"p": 145, "c": 0.9, "s": 36024, "e": 36545, "w": "名称", "sp": "Agent"}, {"p": 146, "c": 0.9, "s": 36545, "e": 36806, "w": "叫", "sp": "Agent"}, {"p": 147, "c": 0.9, "s": 36806, "e": 37327, "w": "什么", "sp": "Agent"}, {"p": 148, "c": 0.9, "s": 36830, "e": 37638, "w": "大灯", "sp": "Customer"}, {"p": 149, "c": 0.9, "s": 37327, "e": 37588, "w": "呢", "sp": "Agent"}, {"p": 150, "c": 0.9, "s": 37588, "e": 37848, "w": "我", "sp": "Agent"}, {"p": 151, "c": 0.9, "s": 37638, "e": 38446, "w": "家用", "sp": "Customer"}, {"p": 152, "c": 0.9, "s": 37848, "e": 38109, "w": "我", "sp": "Agent"}, {"p": 153, "c": 0.9, "s": 38109, "e": 38631, "w": "可以", "sp": "Agent"}, {"p": 154, "c": 0.9, "s": 38446, "e": 39254, "w": "家用", "sp": "Customer"}, {"p": 155, "c": 0.9, "s": 38631, "e": 38891, "w": "帮", "sp": "Agent"}, {"p": 156, "c": 0.9, "s": 38891, "e": 39152, "w": "您", "sp": "Agent"}, {"p": 157, "c": 0.9, "s": 39152, "e": 39413, "w": "查", "sp": "Agent"}, {"p": 158, "c": 0.9, "s": 39255, "e": 40063, "w": "中央", "sp": "Customer"}, {"p": 159, "c": 0.9, "s": 39413, "e": 39934, "w": "一下", "sp": "Agent"}, {"p": 160, "c": 0.9, "s": 39934, "e": 40454, "w": "家用", "sp": "Agent"}, {"p": 161, "c": 0.9, "s": 40063, "e": 40871, "w": "空调", "sp": "Customer"}, {"p": 162, "c": 0.9, "s": 40455, "e": 40977, "w": "中央", "sp": "Agent"}, {"p": 163, "c": 0.9, "s": 40871, "e": 41680, "w": "兴盛", "sp": "Customer"}, {"p": 164, "c": 0.9, "s": 40977, "e": 41498, "w": "空调", "sp": "Agent"}, {"p": 165, "c": 0.9, "s": 41498, "e": 41759, "w": "信", "sp": "Agent"}, {"p": 166, "c": 0.9, "s": 41759, "e": 42020, "w": "盛", "sp": "Agent"}, {"p": 167, "c": 0.9, "s": 42070, "e": 42923, "w": "专业", "sp": "Customer"}, {"p": 168, "c": 0.9, "s": 42410, "e": 43243, "w": "专业", "sp": "Agent"}, {"p": 169, "c": 0.9, "s": 42923, "e": 43350, "w": "的", "sp": "Customer"}, {"p": 170, "c": 0.9, "s": 43243, "e": 43660, "w": "的", "sp": "Agent"}, {"p": 171, "c": 0.9, "s": 43970, "e": 44308, "w": "信", "sp": "Agent"}, {"p": 172, "c": 0.9, "s": 44308, "e": 44647, "w": "顺", "sp": "Agent"}, {"p": 173, "c": 0.9, "s": 44647, "e": 45325, "w": "专业", "sp": "Agent"}, {"p": 174, "c": 0.9, "s": 45325, "e": 45664, "w": "点", "sp": "Agent"}, {"p": 175, "c": 0.9, "s": 45650, "e": 46820, "w": "对", "sp": "Customer"}, {"p": 176, "c": 0.9, "s": 45664, "e": 46003, "w": "您", "sp": "Agent"}, {"p": 177, "c": 0.9, "s": 46003, "e": 46342, "w": "稍", "sp": "Agent"}, {"p": 178, "c": 0.9, "s": 46342, "e": 46681, "w": "等", "sp": "Agent"}, {"p": 179, "c": 0.9, "s": 46681, "e": 47020, "w": "对", "sp": "Agent"}, {"p": 180, "c": 0.9, "s": 50660, "e": 51740, "w": "什么", "sp": "Customer"}, {"p": 181, "c": 0.9, "s": 51070, "e": 51380, "w": "你", "sp": "Agent"}, {"p": 182, "c": 0.9, "s": 51380, "e": 52000, "w": "妈妈", "sp": "Agent"}, {"p": 183, "c": 0.9, "s": 52930, "e": 53375, "w": "麻烦", "sp": "Customer"}, {"p": 184, "c": 0.9, "s": 53280, "e": 53717, "w": "南北", "sp": "Agent"}, {"p": 185, "c": 0.9, "s": 53375, "e": 53597, "w": "你", "sp": "Customer"}, {"p": 186, "c": 0.9, "s": 53597, "e": 54042, "w": "两个", "sp": "Customer"}, {"p": 187, "c": 0.9, "s": 53717, "e": 53936, "w": "南", "sp": "Agent"}, {"p": 188, "c": 0.9, "s": 53936, "e": 54374, "w": "二十", "sp": "Agent"}, {"p": 189, "c": 0.9, "s": 54042, "e": 54710, "w": "支付宝", "sp": "Customer"}, {"p": 190, "c": 0.9, "s": 54374, "e": 54812, "w": "四号", "sp": "Agent"}, {"p": 191, "c": 0.9, "s": 54710, "e": 55155, "w": "转账", "sp": "Customer"}, {"p": 192, "c": 0.9, "s": 54812, "e": 55250, "w": "家长", "sp": "Agent"}, {"p": 193, "c": 0.9, "s": 55155, "e": 55600, "w": "再见", "sp": "Customer"}, {"p": 194, "c": 0.9, "s": 56150, "e": 56362, "w": "盛", "sp": "Agent"}, {"p": 195, "c": 0.9, "s": 56362, "e": 56575, "w": "盛", "sp": "Agent"}, {"p": 196, "c": 0.9, "s": 56575, "e": 56788, "w": "盛", "sp": "Agent"}, {"p": 197, "c": 0.9, "s": 56788, "e": 57000, "w": "是", "sp": "Agent"}, {"p": 198, "c": 0.9, "s": 57000, "e": 57426, "w": "哪个", "sp": "Agent"}, {"p": 199, "c": 0.9, "s": 57426, "e": 57639, "w": "盛", "sp": "Agent"}, {"p": 200, "c": 0.9, "s": 57639, "e": 58490, "w": "不好意思", "sp": "Agent"}, {"p": 201, "c": 0.9, "s": 59270, "e": 60085, "w": "信用", "sp": "Customer"}, {"p": 202, "c": 0.9, "s": 59560, "e": 60412, "w": "信用", "sp": "Agent"}, {"p": 203, "c": 0.9, "s": 60085, "e": 60492, "w": "的", "sp": "Customer"}, {"p": 204, "c": 0.9, "s": 60412, "e": 60837, "w": "的", "sp": "Agent"}, {"p": 205, "c": 0.9, "s": 60492, "e": 60900, "w": "信", "sp": "Customer"}, {"p": 206, "c": 0.9, "s": 60838, "e": 61265, "w": "信", "sp": "Agent"}, {"p": 207, "c": 0.9, "s": 61190, "e": 62275, "w": "胜利", "sp": "Customer"}, {"p": 208, "c": 0.9, "s": 61265, "e": 61691, "w": "嗯", "sp": "Agent"}, {"p": 209, "c": 0.9, "s": 61691, "e": 62543, "w": "胜利", "sp": "Agent"}, {"p": 210, "c": 0.9, "s": 62276, "e": 62820, "w": "的", "sp": "Customer"}, {"p": 211, "c": 0.9, "s": 62543, "e": 62969, "w": "的", "sp": "Agent"}, {"p": 212, "c": 0.9, "s": 63100, "e": 63521, "w": "呃", "sp": "Customer"}, {"p": 213, "c": 0.9, "s": 63250, "e": 63670, "w": "呃", "sp": "Agent"}, {"p": 214, "c": 0.9, "s": 63521, "e": 63943, "w": "呃", "sp": "Customer"}, {"p": 215, "c": 0.9, "s": 63670, "e": 64089, "w": "呃", "sp": "Agent"}, {"p": 216, "c": 0.9, "s": 63943, "e": 64786, "w": "盛开", "sp": "Customer"}, {"p": 217, "c": 0.9, "s": 64089, "e": 64929, "w": "盛开", "sp": "Agent"}, {"p": 218, "c": 0.9, "s": 64786, "e": 65208, "w": "的", "sp": "Customer"}, {"p": 219, "c": 0.9, "s": 64930, "e": 65350, "w": "的", "sp": "Agent"}, {"p": 220, "c": 0.9, "s": 65208, "e": 65630, "w": "盛", "sp": "Customer"}, {"p": 221, "c": 0.9, "s": 65350, "e": 65770, "w": "盛", "sp": "Agent"}, {"p": 222, "c": 0.9, "s": 66050, "e": 66600, "w": "盛开", "sp": "Agent"}, {"p": 223, "c": 0.9, "s": 66600, "e": 66875, "w": "的", "sp": "Agent"}, {"p": 224, "c": 0.9, "s": 66875, "e": 67150, "w": "盛", "sp": "Agent"}, {"p": 225, "c": 0.9, "s": 67150, "e": 67700, "w": "大金", "sp": "Agent"}, {"p": 226, "c": 0.9, "s": 67700, "e": 68250, "w": "家用", "sp": "Agent"}, {"p": 227, "c": 0.9, "s": 68250, "e": 68800, "w": "中央", "sp": "Agent"}, {"p": 228, "c": 0.9, "s": 68800, "e": 69350, "w": "空调", "sp": "Agent"}, {"p": 229, "c": 0.9, "s": 69350, "e": 69625, "w": "信", "sp": "Agent"}, {"p": 230, "c": 0.9, "s": 69625, "e": 69900, "w": "盛", "sp": "Agent"}, {"p": 231, "c": 0.9, "s": 69900, "e": 70175, "w": "是", "sp": "Agent"}, {"p": 232, "c": 0.9, "s": 70175, "e": 70450, "w": "吧", "sp": "Agent"}, {"p": 233, "c": 0.9, "s": 70420, "e": 71470, "w": "嗯", "sp": "Customer"}, {"p": 234, "c": 0.9, "s": 70730, "e": 71002, "w": "嗯", "sp": "Agent"}, {"p": 235, "c": 0.9, "s": 71002, "e": 71275, "w": "嗯", "sp": "Agent"}, {"p": 236, "c": 0.9, "s": 71275, "e": 71548, "w": "您", "sp": "Agent"}, {"p": 237, "c": 0.9, "s": 71548, "e": 71821, "w": "稍", "sp": "Agent"}, {"p": 238, "c": 0.9, "s": 71821, "e": 72094, "w": "等", "sp": "Agent"}, {"p": 239, "c": 0.9, "s": 72094, "e": 72640, "w": "一下", "sp": "Agent"}, {"p": 240, "c": 0.9, "s": 77150, "e": 77613, "w": "女士", "sp": "Agent"}, {"p": 241, "c": 0.9, "s": 77613, "e": 77844, "w": "我", "sp": "Agent"}, {"p": 242, "c": 0.9, "s": 77844, "e": 78307, "w": "这边", "sp": "Agent"}, {"p": 243, "c": 0.9, "s": 78307, "e": 78539, "w": "帮", "sp": "Agent"}, {"p": 244, "c": 0.9, "s": 78539, "e": 78771, "w": "您", "sp": "Agent"}, {"p": 245, "c": 0.9, "s": 78771, "e": 79002, "w": "查", "sp": "Agent"}, {"p": 246, "c": 0.9, "s": 79002, "e": 79234, "w": "了", "sp": "Agent"}, {"p": 247, "c": 0.9, "s": 79234, "e": 79697, "w": "一下", "sp": "Agent"}, {"p": 248, "c": 0.9, "s": 79697, "e": 79928, "w": "是", "sp": "Agent"}, {"p": 249, "c": 0.9, "s": 79928, "e": 80392, "w": "没有", "sp": "Agent"}, {"p": 250, "c": 0.9, "s": 80392, "e": 80854, "w": "看到", "sp": "Agent"}, {"p": 251, "c": 0.9, "s": 80855, "e": 81086, "w": "这", "sp": "Agent"}, {"p": 252, "c": 0.9, "s": 81086, "e": 81549, "w": "一家", "sp": "Agent"}, {"p": 253, "c": 0.9, "s": 81830, "e": 82144, "w": "呃", "sp": "Agent"}, {"p": 254, "c": 0.9, "s": 82144, "e": 82458, "w": "他", "sp": "Agent"}, {"p": 255, "c": 0.9, "s": 82458, "e": 82772, "w": "是", "sp": "Agent"}, {"p": 256, "c": 0.9, "s": 82772, "e": 83086, "w": "在", "sp": "Agent"}, {"p": 257, "c": 0.9, "s": 83086, "e": 83400, "w": "哪", "sp": "Agent"}, {"p": 258, "c": 0.9, "s": 83400, "e": 83714, "w": "条", "sp": "Agent"}, {"p": 259, "c": 0.9, "s": 83714, "e": 84028, "w": "路", "sp": "Agent"}, {"p": 260, "c": 0.9, "s": 84028, "e": 84656, "w": "附近", "sp": "Agent"}, {"p": 261, "c": 0.9, "s": 84656, "e": 84970, "w": "的", "sp": "Agent"}, {"p": 262, "c": 0.9, "s": 85720, "e": 86061, "w": "你", "sp": "Customer"}, {"p": 263, "c": 0.9, "s": 85950, "e": 86265, "w": "你", "sp": "Agent"}, {"p": 264, "c": 0.9, "s": 86061, "e": 86403, "w": "在", "sp": "Customer"}, {"p": 265, "c": 0.9, "s": 86265, "e": 86581, "w": "在", "sp": "Agent"}, {"p": 266, "c": 0.9, "s": 86403, "e": 87086, "w": "泰州", "sp": "Customer"}, {"p": 267, "c": 0.9, "s": 86581, "e": 87212, "w": "泰州", "sp": "Agent"}, {"p": 268, "c": 0.9, "s": 87086, "e": 87769, "w": "鼓楼", "sp": "Customer"}, {"p": 269, "c": 0.9, "s": 87212, "e": 87844, "w": "湖南", "sp": "Agent"}, {"p": 270, "c": 0.9, "s": 87769, "e": 88110, "w": "南", "sp": "Customer"}, {"p": 271, "c": 0.9, "s": 87844, "e": 88160, "w": "呢", "sp": "Agent"}, {"p": 272, "c": 0.9, "s": 88110, "e": 88793, "w": "鼓楼", "sp": "Customer"}, {"p": 273, "c": 0.9, "s": 88440, "e": 89036, "w": "五", "sp": "Agent"}, {"p": 274, "c": 0.9, "s": 88793, "e": 89476, "w": "鼓楼", "sp": "Customer"}, {"p": 275, "c": 0.9, "s": 89036, "e": 89633, "w": "楼", "sp": "Agent"}, {"p": 276, "c": 0.9, "s": 89476, "e": 89818, "w": "南", "sp": "Customer"}, {"p": 277, "c": 0.9, "s": 89633, "e": 90230, "w": "南", "sp": "Agent"}, {"p": 278, "c": 0.9, "s": 89818, "e": 90160, "w": "路", "sp": "Customer"}, {"p": 279, "c": 0.9, "s": 90510, "e": 91122, "w": "普通", "sp": "Agent"}, {"p": 280, "c": 0.9, "s": 91122, "e": 91428, "w": "的", "sp": "Agent"}, {"p": 281, "c": 0.9, "s": 91428, "e": 91734, "w": "普", "sp": "Agent"}, {"p": 282, "c": 0.9, "s": 91734, "e": 92040, "w": "呢", "sp": "Agent"}, {"p": 283, "c": 0.9, "s": 92320, "e": 92602, "w": "浦", "sp": "Agent"}, {"p": 284, "c": 0.9, "s": 92602, "e": 92883, "w": "浦", "sp": "Agent"}, {"p": 285, "c": 0.9, "s": 92880, "e": 93476, "w": "什么", "sp": "Customer"}, {"p": 286, "c": 0.9, "s": 92884, "e": 93448, "w": "什么", "sp": "Agent"}, {"p": 287, "c": 0.9, "s": 93448, "e": 93729, "w": "我", "sp": "Agent"}, {"p": 288, "c": 0.9, "s": 93476, "e": 93775, "w": "我", "sp": "Customer"}, {"p": 289, "c": 0.9, "s": 93730, "e": 94012, "w": "听", "sp": "Agent"}, {"p": 290, "c": 0.9, "s": 93775, "e": 94073, "w": "听", "sp": "Customer"}, {"p": 291, "c": 0.9, "s": 94012, "e": 94294, "w": "不", "sp": "Agent"}, {"p": 292, "c": 0.9, "s": 94073, "e": 94370, "w": "不", "sp": "Customer"}, {"p": 293, "c": 0.9, "s": 94294, "e": 94576, "w": "清", "sp": "Agent"}, {"p": 294, "c": 0.9, "s": 94371, "e": 94670, "w": "清", "sp": "Customer"}, {"p": 295, "c": 0.9, "s": 94576, "e": 94857, "w": "呃", "sp": "Agent"}, {"p": 296, "c": 0.9, "s": 94858, "e": 95140, "w": "是", "sp": "Agent"}, {"p": 297, "c": 0.9, "s": 95140, "e": 95704, "w": "普通", "sp": "Agent"}, {"p": 298, "c": 0.9, "s": 95704, "e": 95986, "w": "的", "sp": "Agent"}, {"p": 299, "c": 0.9, "s": 95986, "e": 96268, "w": "普", "sp": "Agent"}, {"p": 300, "c": 0.9, "s": 96268, "e": 96549, "w": "吗", "sp": "Agent"}, {"p": 301, "c": 0.9, "s": 99520, "e": 99836, "w": "嗯", "sp": "Customer"}, {"p": 302, "c": 0.9, "s": 99730, "e": 100048, "w": "嗯", "sp": "Agent"}, {"p": 303, "c": 0.9, "s": 99836, "e": 100468, "w": "那个", "sp": "Customer"}, {"p": 304, "c": 0.9, "s": 100048, "e": 100686, "w": "那个", "sp": "Agent"}, {"p": 305, "c": 0.9, "s": 100468, "e": 101417, "w": "算了吧", "sp": "Customer"}, {"p": 306, "c": 0.9, "s": 100686, "e": 101642, "w": "算了吧", "sp": "Agent"}, {"p": 307, "c": 0.9, "s": 101417, "e": 101733, "w": "好", "sp": "Customer"}, {"p": 308, "c": 0.9, "s": 101642, "e": 101961, "w": "好", "sp": "Agent"}, {"p": 309, "c": 0.9, "s": 101733, "e": 102050, "w": "吧", "sp": "Customer"}, {"p": 310, "c": 0.9, "s": 101961, "e": 102280, "w": "吧", "sp": "Agent"}, {"p": 311, "c": 0.9, "s": 102560, "e": 102871, "w": "因为", "sp": "Agent"}, {"p": 312, "c": 0.9, "s": 102872, "e": 103028, "w": "我", "sp": "Agent"}, {"p": 313, "c": 0.9, "s": 103028, "e": 103341, "w": "这边", "sp": "Agent"}, {"p": 314, "c": 0.9, "s": 103341, "e": 103654, "w": "确实", "sp": "Agent"}, {"p": 315, "c": 0.9, "s": 103654, "e": 103965, "w": "没有", "sp": "Agent"}, {"p": 316, "c": 0.9, "s": 103966, "e": 104279, "w": "看到", "sp": "Agent"}, {"p": 317, "c": 0.9, "s": 104279, "e": 104435, "w": "乱", "sp": "Agent"}, {"p": 318, "c": 0.9, "s": 104435, "e": 104748, "w": "报价", "sp": "Agent"}, {"p": 319, "c": 0.9, "s": 104748, "e": 105060, "w": "可以", "sp": "Agent"}, {"p": 320, "c": 0.9, "s": 105060, "e": 105216, "w": "吗", "sp": "Agent"}, {"p": 321, "c": 0.9, "s": 105217, "e": 105529, "w": "先生", "sp": "Agent"}, {"p": 322, "c": 0.9, "s": 105529, "e": 105686, "w": "我", "sp": "Agent"}, {"p": 323, "c": 0.9, "s": 105686, "e": 105997, "w": "这边", "sp": "Agent"}, {"p": 324, "c": 0.9, "s": 105998, "e": 106311, "w": "因为", "sp": "Agent"}, {"p": 325, "c": 0.9, "s": 106311, "e": 106466, "w": "也", "sp": "Agent"}, {"p": 326, "c": 0.9, "s": 106467, "e": 106623, "w": "是", "sp": "Agent"}, {"p": 327, "c": 0.9, "s": 106623, "e": 106936, "w": "总部", "sp": "Agent"}, {"p": 328, "c": 0.9, "s": 106936, "e": 107091, "w": "这", "sp": "Agent"}, {"p": 329, "c": 0.9, "s": 107092, "e": 107405, "w": "一块", "sp": "Agent"}, {"p": 330, "c": 0.9, "s": 107405, "e": 107561, "w": "的", "sp": "Agent"}, {"p": 331, "c": 0.9, "s": 107561, "e": 107717, "w": "嘛", "sp": "Agent"}, {"p": 332, "c": 0.9, "s": 107718, "e": 108030, "w": "可以", "sp": "Agent"}, {"p": 333, "c": 0.9, "s": 108030, "e": 108186, "w": "给", "sp": "Agent"}, {"p": 334, "c": 0.9, "s": 108186, "e": 108342, "w": "您", "sp": "Agent"}, {"p": 335, "c": 0.9, "s": 108343, "e": 108655, "w": "安排", "sp": "Agent"}, {"p": 336, "c": 0.9, "s": 108655, "e": 108968, "w": "一个", "sp": "Agent"}, {"p": 337, "c": 0.9, "s": 108968, "e": 109281, "w": "我们", "sp": "Agent"}, {"p": 338, "c": 0.9, "s": 109281, "e": 109592, "w": "当地", "sp": "Agent"}, {"p": 339, "c": 0.9, "s": 109593, "e": 109906, "w": "授权", "sp": "Agent"}, {"p": 340, "c": 0.9, "s": 109906, "e": 110217, "w": "门店", "sp": "Agent"}, {"p": 341, "c": 0.9, "s": 110218, "e": 110375, "w": "跟", "sp": "Agent"}, {"p": 342, "c": 0.9, "s": 110375, "e": 110531, "w": "您", "sp": "Agent"}, {"p": 343, "c": 0.9, "s": 110531, "e": 110844, "w": "联系", "sp": "Agent"}, {"p": 344, "c": 0.9, "s": 110844, "e": 111313, "w": "如果说", "sp": "Agent"}, {"p": 345, "c": 0.9, "s": 111313, "e": 111469, "w": "是", "sp": "Agent"}, {"p": 346, "c": 0.9, "s": 111469, "e": 111625, "w": "您", "sp": "Agent"}, {"p": 347, "c": 0.9, "s": 111625, "e": 111938, "w": "之前", "sp": "Agent"}, {"p": 348, "c": 0.9, "s": 111938, "e": 112094, "w": "那", "sp": "Agent"}, {"p": 349, "c": 0.9, "s": 112094, "e": 112407, "w": "一家", "sp": "Agent"}, {"p": 350, "c": 0.9, "s": 112407, "e": 112562, "w": "您", "sp": "Agent"}, {"p": 351, "c": 0.9, "s": 112563, "e": 112719, "w": "也", "sp": "Agent"}, {"p": 352, "c": 0.9, "s": 112719, "e": 112876, "w": "是", "sp": "Agent"}, {"p": 353, "c": 0.9, "s": 112876, "e": 113187, "w": "可以", "sp": "Agent"}, {"p": 354, "c": 0.9, "s": 113188, "e": 113501, "w": "完全", "sp": "Agent"}, {"p": 355, "c": 0.9, "s": 113501, "e": 113812, "w": "放心", "sp": "Agent"}, {"p": 356, "c": 0.9, "s": 113813, "e": 114126, "w": "购买", "sp": "Agent"}, {"p": 357, "c": 0.9, "s": 114126, "e": 114282, "w": "了", "sp": "Agent"}, {"p": 358, "c": 0.9, "s": 114282, "e": 114595, "w": "如果", "sp": "Agent"}, {"p": 359, "c": 0.9, "s": 114595, "e": 114908, "w": "不是", "sp": "Agent"}, {"p": 360, "c": 0.9, "s": 114908, "e": 115219, "w": "的话", "sp": "Agent"}, {"p": 361, "c": 0.9, "s": 115220, "e": 115376, "w": "您", "sp": "Agent"}, {"p": 362, "c": 0.9, "s": 115376, "e": 115533, "w": "也", "sp": "Agent"}, {"p": 363, "c": 0.9, "s": 115533, "e": 115844, "w": "可以", "sp": "Agent"}, {"p": 364, "c": 0.9, "s": 115845, "e": 116002, "w": "多", "sp": "Agent"}, {"p": 365, "c": 0.9, "s": 116002, "e": 116158, "w": "做", "sp": "Agent"}, {"p": 366, "c": 0.9, "s": 116158, "e": 116471, "w": "一个", "sp": "Agent"}, {"p": 367, "c": 0.9, "s": 116471, "e": 116783, "w": "对比", "sp": "Agent"}, {"p": 368, "c": 0.9, "s": 116783, "e": 116939, "w": "嘛", "sp": "Agent"}, {"p": 369, "c": 0.9, "s": 117490, "e": 117857, "w": "啊", "sp": "Customer"}, {"p": 370, "c": 0.9, "s": 117858, "e": 118226, "w": "好", "sp": "Customer"}, {"p": 371, "c": 0.9, "s": 117930, "e": 118142, "w": "啊", "sp": "Agent"}, {"p": 372, "c": 0.9, "s": 118142, "e": 118354, "w": "好", "sp": "Agent"}, {"p": 373, "c": 0.9, "s": 118226, "e": 118593, "w": "的", "sp": "Customer"}, {"p": 374, "c": 0.9, "s": 118354, "e": 118565, "w": "的", "sp": "Agent"}, {"p": 375, "c": 0.9, "s": 118566, "e": 118778, "w": "好", "sp": "Agent"}, {"p": 376, "c": 0.9, "s": 118594, "e": 118962, "w": "好", "sp": "Customer"}, {"p": 377, "c": 0.9, "s": 118778, "e": 118991, "w": "的", "sp": "Agent"}, {"p": 378, "c": 0.9, "s": 118962, "e": 119329, "w": "的", "sp": "Customer"}, {"p": 379, "c": 0.9, "s": 118991, "e": 119202, "w": "嗯", "sp": "Agent"}, {"p": 380, "c": 0.9, "s": 119203, "e": 119627, "w": "然后", "sp": "Agent"}, {"p": 381, "c": 0.9, "s": 119627, "e": 119840, "w": "您", "sp": "Agent"}, {"p": 382, "c": 0.9, "s": 119840, "e": 120264, "w": "房子", "sp": "Agent"}, {"p": 383, "c": 0.9, "s": 120264, "e": 120476, "w": "在", "sp": "Agent"}, {"p": 384, "c": 0.9, "s": 120476, "e": 120901, "w": "泰州", "sp": "Agent"}, {"p": 385, "c": 0.9, "s": 120901, "e": 121113, "w": "市", "sp": "Agent"}, {"p": 386, "c": 0.9, "s": 121113, "e": 121325, "w": "的", "sp": "Agent"}, {"p": 387, "c": 0.9, "s": 121325, "e": 121536, "w": "哪", "sp": "Agent"}, {"p": 388, "c": 0.9, "s": 121537, "e": 121962, "w": "一个", "sp": "Agent"}, {"p": 389, "c": 0.9, "s": 121962, "e": 122173, "w": "区", "sp": "Agent"}, {"p": 390, "c": 0.9, "s": 122174, "e": 122386, "w": "啊", "sp": "Agent"}, {"p": 391, "c": 0.9, "s": 122386, "e": 122598, "w": "是", "sp": "Agent"}, {"p": 392, "c": 0.9, "s": 122598, "e": 122811, "w": "在", "sp": "Agent"}, {"p": 393, "c": 0.9, "s": 122811, "e": 123235, "w": "海陵", "sp": "Agent"}, {"p": 394, "c": 0.9, "s": 123235, "e": 123447, "w": "区", "sp": "Agent"}, {"p": 395, "c": 0.9, "s": 123447, "e": 123659, "w": "高", "sp": "Agent"}, {"p": 396, "c": 0.9, "s": 123660, "e": 124084, "w": "港区", "sp": "Agent"}, {"p": 397, "c": 0.9, "s": 124084, "e": 124508, "w": "还是", "sp": "Agent"}, {"p": 398, "c": 0.9, "s": 124508, "e": 124721, "w": "在", "sp": "Agent"}, {"p": 399, "c": 0.9, "s": 124721, "e": 125145, "w": "兴化", "sp": "Agent"}, {"p": 400, "c": 0.9, "s": 125145, "e": 125356, "w": "市", "sp": "Agent"}, {"p": 401, "c": 0.9, "s": 125357, "e": 125782, "w": "晋江", "sp": "Agent"}, {"p": 402, "c": 0.9, "s": 125782, "e": 125993, "w": "市", "sp": "Agent"}, {"p": 403, "c": 0.9, "s": 125990, "e": 126696, "w": "海陵", "sp": "Customer"}, {"p": 404, "c": 0.9, "s": 125994, "e": 126418, "w": "泰兴", "sp": "Agent"}, {"p": 405, "c": 0.9, "s": 126418, "e": 126631, "w": "市", "sp": "Agent"}, {"p": 406, "c": 0.9, "s": 126631, "e": 127055, "w": "海陵", "sp": "Agent"}, {"p": 407, "c": 0.9, "s": 126696, "e": 127049, "w": "区", "sp": "Customer"}, {"p": 408, "c": 0.9, "s": 127050, "e": 127756, "w": "海陵", "sp": "Customer"}, {"p": 409, "c": 0.9, "s": 127055, "e": 127267, "w": "区", "sp": "Agent"}, {"p": 410, "c": 0.9, "s": 127267, "e": 127692, "w": "海陵", "sp": "Agent"}, {"p": 411, "c": 0.9, "s": 127692, "e": 127904, "w": "区", "sp": "Agent"}, {"p": 412, "c": 0.9, "s": 127756, "e": 128110, "w": "区", "sp": "Customer"}, {"p": 413, "c": 0.9, "s": 127904, "e": 128116, "w": "嗯", "sp": "Agent"}, {"p": 414, "c": 0.9, "s": 128116, "e": 128328, "w": "好", "sp": "Agent"}, {"p": 415, "c": 0.9, "s": 128328, "e": 128541, "w": "的", "sp": "Agent"}, {"p": 416, "c": 0.9, "s": 128541, "e": 128753, "w": "好", "sp": "Agent"}, {"p": 417, "c": 0.9, "s": 128753, "e": 128965, "w": "的", "sp": "Agent"}, {"p": 418, "c": 0.9, "s": 128965, "e": 129390, "w": "方便", "sp": "Agent"}, {"p": 419, "c": 0.9, "s": 129390, "e": 129813, "w": "面积", "sp": "Agent"}, {"p": 420, "c": 0.9, "s": 129813, "e": 130237, "w": "大概", "sp": "Agent"}, {"p": 421, "c": 0.9, "s": 130238, "e": 130451, "w": "多", "sp": "Agent"}, {"p": 422, "c": 0.9, "s": 130451, "e": 130663, "w": "大", "sp": "Agent"}, {"p": 423, "c": 0.9, "s": 130662, "e": 130875, "w": "呢", "sp": "Agent"}, {"p": 424, "c": 0.9, "s": 130875, "e": 131300, "w": "女士", "sp": "Agent"}, {"p": 425, "c": 0.9, "s": 131860, "e": 132870, "w": "什么", "sp": "Customer"}, {"p": 426, "c": 0.9, "s": 132320, "e": 132810, "w": "什么", "sp": "Agent"}, {"p": 427, "c": 0.9, "s": 132810, "e": 133055, "w": "呃", "sp": "Agent"}, {"p": 428, "c": 0.9, "s": 133055, "e": 133545, "w": "房屋", "sp": "Agent"}, {"p": 429, "c": 0.9, "s": 133545, "e": 134035, "w": "面积", "sp": "Agent"}, {"p": 430, "c": 0.9, "s": 134035, "e": 134525, "w": "大概", "sp": "Agent"}, {"p": 431, "c": 0.9, "s": 134525, "e": 134769, "w": "多", "sp": "Agent"}, {"p": 432, "c": 0.9, "s": 134770, "e": 135015, "w": "大", "sp": "Agent"}, {"p": 433, "c": 0.9, "s": 135015, "e": 135260, "w": "呀", "sp": "Agent"}, {"p": 434, "c": 0.9, "s": 135220, "e": 136370, "w": "二百", "sp": "Customer"}, {"p": 435, "c": 0.9, "s": 135710, "e": 136112, "w": "二百", "sp": "Agent"}, {"p": 436, "c": 0.9, "s": 136112, "e": 136313, "w": "好", "sp": "Agent"}, {"p": 437, "c": 0.9, "s": 136313, "e": 136514, "w": "的", "sp": "Agent"}, {"p": 438, "c": 0.9, "s": 136514, "e": 136715, "w": "哦", "sp": "Agent"}, {"p": 439, "c": 0.9, "s": 136715, "e": 137118, "w": "一品", "sp": "Agent"}, {"p": 440, "c": 0.9, "s": 137118, "e": 137319, "w": "大", "sp": "Agent"}, {"p": 441, "c": 0.9, "s": 137319, "e": 137520, "w": "的", "sp": "Agent"}, {"p": 442, "c": 0.9, "s": 137520, "e": 137721, "w": "是", "sp": "Agent"}, {"p": 443, "c": 0.9, "s": 137721, "e": 138122, "w": "我们", "sp": "Agent"}, {"p": 444, "c": 0.9, "s": 138123, "e": 138526, "w": "这个", "sp": "Agent"}, {"p": 445, "c": 0.9, "s": 138526, "e": 138928, "w": "别墅", "sp": "Agent"}, {"p": 446, "c": 0.9, "s": 138928, "e": 139329, "w": "一手", "sp": "Agent"}, {"p": 447, "c": 0.9, "s": 139330, "e": 139733, "w": "模具", "sp": "Agent"}, {"p": 448, "c": 0.9, "s": 139733, "e": 139934, "w": "的", "sp": "Agent"}, {"p": 449, "c": 0.9, "s": 139934, "e": 140537, "w": "新房子", "sp": "Agent"}, {"p": 450, "c": 0.9, "s": 140537, "e": 140738, "w": "对", "sp": "Agent"}, {"p": 451, "c": 0.9, "s": 140738, "e": 140940, "w": "吧", "sp": "Agent"}, {"p": 452, "c": 0.9, "s": 140990, "e": 141466, "w": "对", "sp": "Customer"}, {"p": 453, "c": 0.9, "s": 141320, "e": 141489, "w": "对", "sp": "Agent"}, {"p": 454, "c": 0.9, "s": 141466, "e": 141943, "w": "对", "sp": "Customer"}, {"p": 455, "c": 0.9, "s": 141489, "e": 141658, "w": "对", "sp": "Agent"}, {"p": 456, "c": 0.9, "s": 141658, "e": 141827, "w": "对", "sp": "Agent"}, {"p": 457, "c": 0.9, "s": 141827, "e": 141996, "w": "嗯", "sp": "Agent"}, {"p": 458, "c": 0.9, "s": 141943, "e": 142420, "w": "对", "sp": "Customer"}, {"p": 459, "c": 0.9, "s": 141996, "e": 142165, "w": "好", "sp": "Agent"}, {"p": 460, "c": 0.9, "s": 142165, "e": 142334, "w": "的", "sp": "Agent"}, {"p": 461, "c": 0.9, "s": 142334, "e": 142503, "w": "那", "sp": "Agent"}, {"p": 462, "c": 0.9, "s": 142503, "e": 142841, "w": "应该", "sp": "Agent"}, {"p": 463, "c": 0.9, "s": 142841, "e": 143010, "w": "也", "sp": "Agent"}, {"p": 464, "c": 0.9, "s": 143010, "e": 143179, "w": "是", "sp": "Agent"}, {"p": 465, "c": 0.9, "s": 143179, "e": 143517, "w": "现在", "sp": "Agent"}, {"p": 466, "c": 0.9, "s": 143517, "e": 143855, "w": "就要", "sp": "Agent"}, {"p": 467, "c": 0.9, "s": 143855, "e": 144194, "w": "装修", "sp": "Agent"}, {"p": 468, "c": 0.9, "s": 144194, "e": 144363, "w": "了", "sp": "Agent"}, {"p": 469, "c": 0.9, "s": 144363, "e": 144701, "w": "公司", "sp": "Agent"}, {"p": 470, "c": 0.9, "s": 144701, "e": 145039, "w": "已经", "sp": "Agent"}, {"p": 471, "c": 0.9, "s": 145039, "e": 145377, "w": "那个", "sp": "Agent"}, {"p": 472, "c": 0.9, "s": 145377, "e": 145715, "w": "装修", "sp": "Agent"}, {"p": 473, "c": 0.9, "s": 145715, "e": 145884, "w": "都", "sp": "Agent"}, {"p": 474, "c": 0.9, "s": 145884, "e": 146053, "w": "定", "sp": "Agent"}, {"p": 475, "c": 0.9, "s": 146053, "e": 146222, "w": "好", "sp": "Agent"}, {"p": 476, "c": 0.9, "s": 146222, "e": 146391, "w": "了", "sp": "Agent"}, {"p": 477, "c": 0.9, "s": 146391, "e": 146560, "w": "是", "sp": "Agent"}, {"p": 478, "c": 0.9, "s": 146560, "e": 146730, "w": "吧", "sp": "Agent"}, {"p": 479, "c": 0.9, "s": 147170, "e": 147525, "w": "嗯", "sp": "Customer"}, {"p": 480, "c": 0.9, "s": 147525, "e": 147879, "w": "还", "sp": "Customer"}, {"p": 481, "c": 0.9, "s": 147630, "e": 147831, "w": "嗯", "sp": "Agent"}, {"p": 482, "c": 0.9, "s": 147831, "e": 148032, "w": "还", "sp": "Agent"}, {"p": 483, "c": 0.9, "s": 147880, "e": 148590, "w": "没有", "sp": "Customer"}, {"p": 484, "c": 0.9, "s": 148032, "e": 148435, "w": "没有", "sp": "Agent"}, {"p": 485, "c": 0.9, "s": 148435, "e": 148636, "w": "嗯", "sp": "Agent"}, {"p": 486, "c": 0.9, "s": 148636, "e": 148837, "w": "好", "sp": "Agent"}, {"p": 487, "c": 0.9, "s": 148837, "e": 149039, "w": "的", "sp": "Agent"}, {"p": 488, "c": 0.9, "s": 149039, "e": 149844, "w": "也就是说", "sp": "Agent"}, {"p": 489, "c": 0.9, "s": 149844, "e": 150247, "w": "可能", "sp": "Agent"}, {"p": 490, "c": 0.9, "s": 150247, "e": 150648, "w": "现在", "sp": "Agent"}, {"p": 491, "c": 0.9, "s": 150649, "e": 150851, "w": "看", "sp": "Agent"}, {"p": 492, "c": 0.9, "s": 150851, "e": 151252, "w": "一下", "sp": "Agent"}, {"p": 493, "c": 0.9, "s": 151253, "e": 151656, "w": "空调", "sp": "Agent"}, {"p": 494, "c": 0.9, "s": 151656, "e": 151857, "w": "的", "sp": "Agent"}, {"p": 495, "c": 0.9, "s": 151857, "e": 152260, "w": "方案", "sp": "Agent"}, {"p": 496, "c": 0.9, "s": 152260, "e": 152461, "w": "对", "sp": "Agent"}, {"p": 497, "c": 0.9, "s": 152430, "e": 153144, "w": "对", "sp": "Customer"}, {"p": 498, "c": 0.9, "s": 152461, "e": 152663, "w": "吧", "sp": "Agent"}, {"p": 499, "c": 0.9, "s": 152663, "e": 152864, "w": "对", "sp": "Agent"}, {"p": 500, "c": 0.9, "s": 152864, "e": 153065, "w": "嗯", "sp": "Agent"}, {"p": 501, "c": 0.9, "s": 153065, "e": 153267, "w": "好", "sp": "Agent"}, {"p": 502, "c": 0.9, "s": 153145, "e": 153860, "w": "对", "sp": "Customer"}, {"p": 503, "c": 0.9, "s": 153267, "e": 153468, "w": "的", "sp": "Agent"}, {"p": 504, "c": 0.9, "s": 153468, "e": 153669, "w": "好", "sp": "Agent"}, {"p": 505, "c": 0.9, "s": 153669, "e": 153871, "w": "的", "sp": "Agent"}, {"p": 506, "c": 0.9, "s": 153871, "e": 154273, "w": "理解", "sp": "Agent"}, {"p": 507, "c": 0.9, "s": 154273, "e": 154474, "w": "的", "sp": "Agent"}, {"p": 508, "c": 0.9, "s": 154475, "e": 154877, "w": "然后", "sp": "Agent"}, {"p": 509, "c": 0.9, "s": 154877, "e": 155280, "w": "我们", "sp": "Agent"}, {"p": 510, "c": 0.9, "s": 155280, "e": 155683, "w": "这个", "sp": "Agent"}, {"p": 511, "c": 0.9, "s": 155683, "e": 156084, "w": "大厅", "sp": "Agent"}, {"p": 512, "c": 0.9, "s": 156085, "e": 156286, "w": "啊", "sp": "Agent"}, {"p": 513, "c": 0.9, "s": 156286, "e": 156689, "w": "目前", "sp": "Agent"}, {"p": 514, "c": 0.9, "s": 156689, "e": 157092, "w": "除了", "sp": "Agent"}, {"p": 515, "c": 0.9, "s": 157092, "e": 157493, "w": "这个", "sp": "Agent"}, {"p": 516, "c": 0.9, "s": 157494, "e": 157696, "w": "装", "sp": "Agent"}, {"p": 517, "c": 0.9, "s": 157696, "e": 158097, "w": "空调", "sp": "Agent"}, {"p": 518, "c": 0.9, "s": 158098, "e": 158501, "w": "之外", "sp": "Agent"}, {"p": 519, "c": 0.9, "s": 158501, "e": 158904, "w": "还有", "sp": "Agent"}, {"p": 520, "c": 0.9, "s": 158904, "e": 159306, "w": "相关", "sp": "Agent"}, {"p": 521, "c": 0.9, "s": 159306, "e": 159508, "w": "的", "sp": "Agent"}, {"p": 522, "c": 0.9, "s": 159508, "e": 159709, "w": "地", "sp": "Agent"}, {"p": 523, "c": 0.9, "s": 159709, "e": 159910, "w": "暖", "sp": "Agent"}, {"p": 524, "c": 0.9, "s": 159910, "e": 160313, "w": "包括", "sp": "Agent"}, {"p": 525, "c": 0.9, "s": 160313, "e": 160716, "w": "这个", "sp": "Agent"}, {"p": 526, "c": 0.9, "s": 160716, "e": 161118, "w": "信封", "sp": "Agent"}, {"p": 527, "c": 0.9, "s": 161118, "e": 161521, "w": "产品", "sp": "Agent"}, {"p": 528, "c": 0.9, "s": 161521, "e": 161722, "w": "的", "sp": "Agent"}, {"p": 529, "c": 0.9, "s": 161722, "e": 161924, "w": "您", "sp": "Agent"}, {"p": 530, "c": 0.9, "s": 161924, "e": 162325, "w": "这边", "sp": "Agent"}, {"p": 531, "c": 0.9, "s": 162326, "e": 162729, "w": "一定", "sp": "Agent"}, {"p": 532, "c": 0.9, "s": 162729, "e": 163132, "w": "考虑", "sp": "Agent"}, {"p": 533, "c": 0.9, "s": 163132, "e": 163333, "w": "吗", "sp": "Agent"}, {"p": 534, "c": 0.9, "s": 163333, "e": 163534, "w": "先", "sp": "Agent"}, {"p": 535, "c": 0.9, "s": 163534, "e": 163937, "w": "那个", "sp": "Agent"}, {"p": 536, "c": 0.9, "s": 163937, "e": 164340, "w": "女士", "sp": "Agent"}, {"p": 537, "c": 0.9, "s": 164320, "e": 164802, "w": "对", "sp": "Customer"}, {"p": 538, "c": 0.9, "s": 164770, "e": 164980, "w": "对", "sp": "Agent"}, {"p": 539, "c": 0.9, "s": 164802, "e": 165285, "w": "的", "sp": "Customer"}, {"p": 540, "c": 0.9, "s": 164980, "e": 165191, "w": "的", "sp": "Agent"}, {"p": 541, "c": 0.9, "s": 165191, "e": 165402, "w": "你", "sp": "Agent"}, {"p": 542, "c": 0.9, "s": 165285, "e": 165767, "w": "是", "sp": "Customer"}, {"p": 543, "c": 0.9, "s": 165402, "e": 165823, "w": "说好", "sp": "Agent"}, {"p": 544, "c": 0.9, "s": 165767, "e": 166250, "w": "的", "sp": "Customer"}, {"p": 545, "c": 0.9, "s": 165823, "e": 166034, "w": "的", "sp": "Agent"}, {"p": 546, "c": 0.9, "s": 166034, "e": 166245, "w": "呀", "sp": "Agent"}, {"p": 547, "c": 0.9, "s": 166245, "e": 166455, "w": "呃", "sp": "Agent"}, {"p": 548, "c": 0.9, "s": 166455, "e": 166877, "w": "我们", "sp": "Agent"}, {"p": 549, "c": 0.9, "s": 166877, "e": 167298, "w": "这边", "sp": "Agent"}, {"p": 550, "c": 0.9, "s": 167298, "e": 167509, "w": "有", "sp": "Agent"}, {"p": 551, "c": 0.9, "s": 167509, "e": 167720, "w": "一", "sp": "Agent"}, {"p": 552, "c": 0.9, "s": 167720, "e": 167930, "w": "款", "sp": "Agent"}, {"p": 553, "c": 0.9, "s": 167930, "e": 168351, "w": "这个", "sp": "Agent"}, {"p": 554, "c": 0.9, "s": 168352, "e": 168984, "w": "一系列", "sp": "Agent"}, {"p": 555, "c": 0.9, "s": 168984, "e": 169194, "w": "的", "sp": "Agent"}, {"p": 556, "c": 0.9, "s": 169195, "e": 169616, "w": "除了", "sp": "Agent"}, {"p": 557, "c": 0.9, "s": 169616, "e": 170037, "w": "电脑", "sp": "Agent"}, {"p": 558, "c": 0.9, "s": 170037, "e": 170248, "w": "跟", "sp": "Agent"}, {"p": 559, "c": 0.9, "s": 170248, "e": 170670, "w": "空调", "sp": "Agent"}, {"p": 560, "c": 0.9, "s": 170670, "e": 170880, "w": "啊", "sp": "Agent"}, {"p": 561, "c": 0.9, "s": 170880, "e": 171091, "w": "它", "sp": "Agent"}, {"p": 562, "c": 0.9, "s": 171091, "e": 171302, "w": "是", "sp": "Agent"}, {"p": 563, "c": 0.9, "s": 171302, "e": 171723, "w": "可以", "sp": "Agent"}, {"p": 564, "c": 0.9, "s": 171723, "e": 172145, "w": "共用", "sp": "Agent"}, {"p": 565, "c": 0.9, "s": 171900, "e": 172732, "w": "六二", "sp": "Customer"}, {"p": 566, "c": 0.9, "s": 172145, "e": 172566, "w": "一个", "sp": "Agent"}, {"p": 567, "c": 0.9, "s": 172566, "e": 172777, "w": "外", "sp": "Agent"}, {"p": 568, "c": 0.9, "s": 172733, "e": 173150, "w": "号", "sp": "Customer"}, {"p": 569, "c": 0.9, "s": 172777, "e": 172987, "w": "披", "sp": "Agent"}, {"p": 570, "c": 0.9, "s": 172987, "e": 173409, "w": "没有", "sp": "Agent"}, {"p": 571, "c": 0.9, "s": 173409, "e": 173620, "w": "号", "sp": "Agent"}, {"p": 572, "c": 0.9, "s": 174620, "e": 175049, "w": "呃", "sp": "Agent"}, {"p": 573, "c": 0.9, "s": 175050, "e": 175480, "w": "请", "sp": "Agent"}, {"p": 574, "c": 0.9, "s": 175480, "e": 175909, "w": "说", "sp": "Agent"}, {"p": 575, "c": 0.9, "s": 176560, "e": 176821, "w": "嗯", "sp": "Customer"}, {"p": 576, "c": 0.9, "s": 176821, "e": 177083, "w": "你", "sp": "Customer"}, {"p": 577, "c": 0.9, "s": 177010, "e": 177189, "w": "嗯", "sp": "Agent"}, {"p": 578, "c": 0.9, "s": 177083, "e": 177344, "w": "你", "sp": "Customer"}, {"p": 579, "c": 0.9, "s": 177189, "e": 177368, "w": "你", "sp": "Agent"}, {"p": 580, "c": 0.9, "s": 177345, "e": 177869, "w": "直接", "sp": "Customer"}, {"p": 581, "c": 0.9, "s": 177369, "e": 177549, "w": "你", "sp": "Agent"}, {"p": 582, "c": 0.9, "s": 177549, "e": 177907, "w": "直接", "sp": "Agent"}, {"p": 583, "c": 0.9, "s": 177869, "e": 178131, "w": "找", "sp": "Customer"}, {"p": 584, "c": 0.9, "s": 177908, "e": 178088, "w": "找", "sp": "Agent"}, {"p": 585, "c": 0.9, "s": 178088, "e": 178267, "w": "个", "sp": "Agent"}, {"p": 586, "c": 0.9, "s": 178131, "e": 178392, "w": "个", "sp": "Customer"}, {"p": 587, "c": 0.9, "s": 178267, "e": 178627, "w": "对接", "sp": "Agent"}, {"p": 588, "c": 0.9, "s": 178393, "e": 178916, "w": "对接", "sp": "Customer"}, {"p": 589, "c": 0.9, "s": 178627, "e": 178806, "w": "人", "sp": "Agent"}, {"p": 590, "c": 0.9, "s": 178806, "e": 178986, "w": "跟", "sp": "Agent"}, {"p": 591, "c": 0.9, "s": 178916, "e": 179178, "w": "人", "sp": "Customer"}, {"p": 592, "c": 0.9, "s": 178986, "e": 179165, "w": "我", "sp": "Agent"}, {"p": 593, "c": 0.9, "s": 179166, "e": 179525, "w": "对接", "sp": "Agent"}, {"p": 594, "c": 0.9, "s": 179178, "e": 179439, "w": "跟", "sp": "Customer"}, {"p": 595, "c": 0.9, "s": 179440, "e": 179702, "w": "我", "sp": "Customer"}, {"p": 596, "c": 0.9, "s": 179525, "e": 179704, "w": "好", "sp": "Agent"}, {"p": 597, "c": 0.9, "s": 179702, "e": 180226, "w": "对接", "sp": "Customer"}, {"p": 598, "c": 0.9, "s": 179705, "e": 179884, "w": "吧", "sp": "Agent"}, {"p": 599, "c": 0.9, "s": 179884, "e": 180064, "w": "嗯", "sp": "Agent"}, {"p": 600, "c": 0.9, "s": 180064, "e": 180243, "w": "好", "sp": "Agent"}, {"p": 601, "c": 0.9, "s": 180226, "e": 180487, "w": "好", "sp": "Customer"}, {"p": 602, "c": 0.9, "s": 180244, "e": 180423, "w": "的", "sp": "Agent"}, {"p": 603, "c": 0.9, "s": 180423, "e": 180603, "w": "好", "sp": "Agent"}, {"p": 604, "c": 0.9, "s": 180488, "e": 180750, "w": "吧", "sp": "Customer"}, {"p": 605, "c": 0.9, "s": 180603, "e": 180782, "w": "的", "sp": "Agent"}, {"p": 606, "c": 0.9, "s": 180783, "e": 180962, "w": "没", "sp": "Agent"}, {"p": 607, "c": 0.9, "s": 180962, "e": 181322, "w": "问题", "sp": "Agent"}, {"p": 608, "c": 0.9, "s": 181322, "e": 181501, "w": "你", "sp": "Agent"}, {"p": 609, "c": 0.9, "s": 181330, "e": 181560, "w": "我", "sp": "Customer"}, {"p": 610, "c": 0.9, "s": 181501, "e": 181681, "w": "你", "sp": "Agent"}, {"p": 611, "c": 0.9, "s": 181560, "e": 181790, "w": "你", "sp": "Customer"}, {"p": 612, "c": 0.9, "s": 181681, "e": 182040, "w": "这边", "sp": "Agent"}, {"p": 613, "c": 0.9, "s": 181790, "e": 182019, "w": "你", "sp": "Customer"}, {"p": 614, "c": 0.9, "s": 182020, "e": 182480, "w": "这边", "sp": "Customer"}, {"p": 615, "c": 0.9, "s": 182040, "e": 182400, "w": "声音", "sp": "Agent"}, {"p": 616, "c": 0.9, "s": 182400, "e": 182758, "w": "实在", "sp": "Agent"}, {"p": 617, "c": 0.9, "s": 182480, "e": 182940, "w": "声音", "sp": "Customer"}, {"p": 618, "c": 0.9, "s": 182759, "e": 182939, "w": "听", "sp": "Agent"}, {"p": 619, "c": 0.9, "s": 182939, "e": 183118, "w": "不", "sp": "Agent"}, {"p": 620, "c": 0.9, "s": 182940, "e": 183400, "w": "实在", "sp": "Customer"}, {"p": 621, "c": 0.9, "s": 183119, "e": 183298, "w": "清", "sp": "Agent"}, {"p": 622, "c": 0.9, "s": 183298, "e": 183478, "w": "哦", "sp": "Agent"}, {"p": 623, "c": 0.9, "s": 183400, "e": 183629, "w": "听", "sp": "Customer"}, {"p": 624, "c": 0.9, "s": 183478, "e": 183657, "w": "好", "sp": "Agent"}, {"p": 625, "c": 0.9, "s": 183630, "e": 183860, "w": "不", "sp": "Customer"}, {"p": 626, "c": 0.9, "s": 183658, "e": 183837, "w": "的", "sp": "Agent"}, {"p": 627, "c": 0.9, "s": 183837, "e": 184017, "w": "好", "sp": "Agent"}, {"p": 628, "c": 0.9, "s": 183860, "e": 184090, "w": "清", "sp": "Customer"}, {"p": 629, "c": 0.9, "s": 184017, "e": 184196, "w": "的", "sp": "Agent"}, {"p": 630, "c": 0.9, "s": 184197, "e": 184376, "w": "没", "sp": "Agent"}, {"p": 631, "c": 0.9, "s": 184376, "e": 184736, "w": "问题", "sp": "Agent"}, {"p": 632, "c": 0.9, "s": 184736, "e": 185094, "w": "那行", "sp": "Agent"}, {"p": 633, "c": 0.9, "s": 185095, "e": 185275, "w": "那", "sp": "Agent"}, {"p": 634, "c": 0.9, "s": 185275, "e": 185633, "w": "这样", "sp": "Agent"}, {"p": 635, "c": 0.9, "s": 185634, "e": 185814, "w": "那", "sp": "Agent"}, {"p": 636, "c": 0.9, "s": 185814, "e": 185993, "w": "我", "sp": "Agent"}, {"p": 637, "c": 0.9, "s": 185993, "e": 186353, "w": "后面", "sp": "Agent"}, {"p": 638, "c": 0.9, "s": 186353, "e": 186711, "w": "可以", "sp": "Agent"}, {"p": 639, "c": 0.9, "s": 186712, "e": 186892, "w": "让", "sp": "Agent"}, {"p": 640, "c": 0.9, "s": 186892, "e": 187431, "w": "当地人", "sp": "Agent"}, {"p": 641, "c": 0.9, "s": 187431, "e": 187610, "w": "跟", "sp": "Agent"}, {"p": 642, "c": 0.9, "s": 187610, "e": 187790, "w": "你", "sp": "Agent"}, {"p": 643, "c": 0.9, "s": 187790, "e": 188150, "w": "联系", "sp": "Agent"}, {"p": 644, "c": 0.9, "s": 188150, "e": 188508, "w": "一下", "sp": "Agent"}, {"p": 645, "c": 0.9, "s": 188509, "e": 188868, "w": "然后", "sp": "Agent"}, {"p": 646, "c": 0.9, "s": 188868, "e": 189047, "w": "您", "sp": "Agent"}, {"p": 647, "c": 0.9, "s": 189048, "e": 189407, "w": "这个", "sp": "Agent"}, {"p": 648, "c": 0.9, "s": 189407, "e": 189586, "w": "微", "sp": "Agent"}, {"p": 649, "c": 0.9, "s": 189587, "e": 189767, "w": "信", "sp": "Agent"}, {"p": 650, "c": 0.9, "s": 189767, "e": 189946, "w": "也", "sp": "Agent"}, {"p": 651, "c": 0.9, "s": 189946, "e": 190125, "w": "是", "sp": "Agent"}, {"p": 652, "c": 0.9, "s": 190126, "e": 190306, "w": "跟", "sp": "Agent"}, {"p": 653, "c": 0.9, "s": 190306, "e": 190665, "w": "手机", "sp": "Agent"}, {"p": 654, "c": 0.9, "s": 190665, "e": 191023, "w": "同号", "sp": "Agent"}, {"p": 655, "c": 0.9, "s": 191024, "e": 191204, "w": "对", "sp": "Agent"}, {"p": 656, "c": 0.9, "s": 191140, "e": 191525, "w": "对", "sp": "Customer"}, {"p": 657, "c": 0.9, "s": 191204, "e": 191383, "w": "吧", "sp": "Agent"}, {"p": 658, "c": 0.9, "s": 191384, "e": 191743, "w": "如果", "sp": "Agent"}, {"p": 659, "c": 0.9, "s": 191525, "e": 191909, "w": "对", "sp": "Customer"}, {"p": 660, "c": 0.9, "s": 191743, "e": 192101, "w": "当地", "sp": "Agent"}, {"p": 661, "c": 0.9, "s": 191910, "e": 192295, "w": "对", "sp": "Customer"}, {"p": 662, "c": 0.9, "s": 192102, "e": 192462, "w": "刚好", "sp": "Agent"}, {"p": 663, "c": 0.9, "s": 192295, "e": 192680, "w": "对", "sp": "Customer"}, {"p": 664, "c": 0.9, "s": 192462, "e": 192821, "w": "没有", "sp": "Agent"}, {"p": 665, "c": 0.9, "s": 192821, "e": 193180, "w": "打通", "sp": "Agent"}, {"p": 666, "c": 0.9, "s": 193180, "e": 193540, "w": "可以", "sp": "Agent"}, {"p": 667, "c": 0.9, "s": 193540, "e": 193719, "w": "加", "sp": "Agent"}, {"p": 668, "c": 0.9, "s": 193720, "e": 193899, "w": "下", "sp": "Agent"}, {"p": 669, "c": 0.9, "s": 193899, "e": 194079, "w": "微", "sp": "Agent"}, {"p": 670, "c": 0.9, "s": 193930, "e": 194629, "w": "好好", "sp": "Customer"}, {"p": 671, "c": 0.9, "s": 194079, "e": 194258, "w": "信", "sp": "Agent"}, {"p": 672, "c": 0.9, "s": 194259, "e": 194438, "w": "好", "sp": "Agent"}, {"p": 673, "c": 0.9, "s": 194438, "e": 194618, "w": "的", "sp": "Agent"}, {"p": 674, "c": 0.9, "s": 194618, "e": 194797, "w": "好", "sp": "Agent"}, {"p": 675, "c": 0.9, "s": 194630, "e": 195330, "w": "好好", "sp": "Customer"}, {"p": 676, "c": 0.9, "s": 194798, "e": 194977, "w": "的", "sp": "Agent"}, {"p": 677, "c": 0.9, "s": 194977, "e": 195337, "w": "然后", "sp": "Agent"}, {"p": 678, "c": 0.9, "s": 195337, "e": 195516, "w": "是", "sp": "Agent"}, {"p": 679, "c": 0.9, "s": 195516, "e": 195696, "w": "在", "sp": "Agent"}, {"p": 680, "c": 0.9, "s": 195696, "e": 196055, "w": "那个", "sp": "Agent"}, {"p": 681, "c": 0.9, "s": 196055, "e": 196234, "w": "海", "sp": "Agent"}, {"p": 682, "c": 0.9, "s": 196235, "e": 196415, "w": "英", "sp": "Agent"}, {"p": 683, "c": 0.9, "s": 196415, "e": 196594, "w": "区", "sp": "Agent"}, {"p": 684, "c": 0.9, "s": 196594, "e": 196773, "w": "的", "sp": "Agent"}, {"p": 685, "c": 0.9, "s": 196774, "e": 196954, "w": "哪", "sp": "Agent"}, {"p": 686, "c": 0.9, "s": 196954, "e": 197133, "w": "哪", "sp": "Agent"}, {"p": 687, "c": 0.9, "s": 197133, "e": 197312, "w": "条", "sp": "Agent"}, {"p": 688, "c": 0.9, "s": 197313, "e": 197493, "w": "路", "sp": "Agent"}, {"p": 689, "c": 0.9, "s": 197493, "e": 197851, "w": "附近", "sp": "Agent"}, {"p": 690, "c": 0.9, "s": 197852, "e": 198032, "w": "有", "sp": "Agent"}, {"p": 691, "c": 0.9, "s": 198032, "e": 198390, "w": "一个", "sp": "Agent"}, {"p": 692, "c": 0.9, "s": 198391, "e": 198750, "w": "普罗", "sp": "Agent"}, {"p": 693, "c": 0.9, "s": 198750, "e": 198930, "w": "南", "sp": "Agent"}, {"p": 694, "c": 0.9, "s": 198930, "e": 199109, "w": "路", "sp": "Agent"}, {"p": 695, "c": 0.9, "s": 199010, "e": 199211, "w": "啊", "sp": "Customer"}, {"p": 696, "c": 0.9, "s": 199110, "e": 199290, "w": "吗", "sp": "Agent"}, {"p": 697, "c": 0.9, "s": 199211, "e": 199413, "w": "我", "sp": "Customer"}, {"p": 698, "c": 0.9, "s": 199413, "e": 199817, "w": "现在", "sp": "Customer"}, {"p": 699, "c": 0.9, "s": 199570, "e": 199726, "w": "啊", "sp": "Agent"}, {"p": 700, "c": 0.9, "s": 199726, "e": 199883, "w": "我", "sp": "Agent"}, {"p": 701, "c": 0.9, "s": 199817, "e": 200019, "w": "听", "sp": "Customer"}, {"p": 702, "c": 0.9, "s": 199883, "e": 200196, "w": "现在", "sp": "Agent"}, {"p": 703, "c": 0.9, "s": 200019, "e": 200220, "w": "不", "sp": "Customer"}, {"p": 704, "c": 0.9, "s": 200197, "e": 200353, "w": "听", "sp": "Agent"}, {"p": 705, "c": 0.9, "s": 200220, "e": 200422, "w": "清", "sp": "Customer"}, {"p": 706, "c": 0.9, "s": 200353, "e": 200510, "w": "不", "sp": "Agent"}, {"p": 707, "c": 0.9, "s": 200422, "e": 200624, "w": "你", "sp": "Customer"}, {"p": 708, "c": 0.9, "s": 200510, "e": 200667, "w": "清", "sp": "Agent"}, {"p": 709, "c": 0.9, "s": 200624, "e": 200825, "w": "的", "sp": "Customer"}, {"p": 710, "c": 0.9, "s": 200667, "e": 200824, "w": "你", "sp": "Agent"}, {"p": 711, "c": 0.9, "s": 200824, "e": 200980, "w": "的", "sp": "Agent"}, {"p": 712, "c": 0.9, "s": 200826, "e": 201230, "w": "声音", "sp": "Customer"}, {"p": 713, "c": 0.9, "s": 200980, "e": 201293, "w": "声音", "sp": "Agent"}, {"p": 714, "c": 0.9, "s": 201294, "e": 201451, "w": "哦", "sp": "Agent"}, {"p": 715, "c": 0.9, "s": 201451, "e": 201764, "w": "实在", "sp": "Agent"}, {"p": 716, "c": 0.9, "s": 201764, "e": 202391, "w": "不好意思", "sp": "Agent"}, {"p": 717, "c": 0.9, "s": 202391, "e": 202548, "w": "那", "sp": "Agent"}, {"p": 718, "c": 0.9, "s": 202548, "e": 202861, "w": "这样", "sp": "Agent"}, {"p": 719, "c": 0.9, "s": 202861, "e": 203017, "w": "那", "sp": "Agent"}, {"p": 720, "c": 0.9, "s": 203018, "e": 203175, "w": "我", "sp": "Agent"}, {"p": 721, "c": 0.9, "s": 203175, "e": 203332, "w": "先", "sp": "Agent"}, {"p": 722, "c": 0.9, "s": 203332, "e": 203488, "w": "让", "sp": "Agent"}, {"p": 723, "c": 0.9, "s": 203488, "e": 203802, "w": "当地", "sp": "Agent"}, {"p": 724, "c": 0.9, "s": 203802, "e": 204115, "w": "那个", "sp": "Agent"}, {"p": 725, "c": 0.9, "s": 204115, "e": 204429, "w": "海陵", "sp": "Agent"}, {"p": 726, "c": 0.9, "s": 204429, "e": 204586, "w": "区", "sp": "Agent"}, {"p": 727, "c": 0.9, "s": 204586, "e": 204899, "w": "对接", "sp": "Agent"}, {"p": 728, "c": 0.9, "s": 204899, "e": 205213, "w": "人员", "sp": "Agent"}, {"p": 729, "c": 0.9, "s": 205213, "e": 205369, "w": "跟", "sp": "Agent"}, {"p": 730, "c": 0.9, "s": 205369, "e": 205526, "w": "您", "sp": "Agent"}, {"p": 731, "c": 0.9, "s": 205526, "e": 205840, "w": "联系", "sp": "Agent"}, {"p": 732, "c": 0.9, "s": 205680, "e": 206530, "w": "那行", "sp": "Customer"}, {"p": 733, "c": 0.9, "s": 206120, "e": 206558, "w": "那行", "sp": "Agent"}, {"p": 734, "c": 0.9, "s": 206530, "e": 207380, "w": "好好", "sp": "Customer"}, {"p": 735, "c": 0.9, "s": 206558, "e": 206778, "w": "好", "sp": "Agent"}, {"p": 736, "c": 0.9, "s": 206778, "e": 206997, "w": "嗯", "sp": "Agent"}, {"p": 737, "c": 0.9, "s": 206997, "e": 207435, "w": "好好", "sp": "Agent"}, {"p": 738, "c": 0.9, "s": 207436, "e": 207874, "w": "那行", "sp": "Agent"}, {"p": 739, "c": 0.9, "s": 207874, "e": 208094, "w": "那", "sp": "Agent"}, {"p": 740, "c": 0.9, "s": 208094, "e": 208532, "w": "这边", "sp": "Agent"}, {"p": 741, "c": 0.9, "s": 208532, "e": 208752, "w": "就", "sp": "Agent"}, {"p": 742, "c": 0.9, "s": 208752, "e": 208971, "w": "先", "sp": "Agent"}, {"p": 743, "c": 0.9, "s": 208971, "e": 209409, "w": "不过", "sp": "Agent"}, {"p": 744, "c": 0.9, "s": 209410, "e": 209629, "w": "多", "sp": "Agent"}, {"p": 745, "c": 0.9, "s": 209629, "e": 210068, "w": "打扰", "sp": "Agent"}, {"p": 746, "c": 0.9, "s": 210068, "e": 210286, "w": "您", "sp": "Agent"}, {"p": 747, "c": 0.9, "s": 210287, "e": 210507, "w": "哈", "sp": "Agent"}, {"p": 748, "c": 0.9, "s": 210507, "e": 211165, "w": "感谢您", "sp": "Agent"}, {"p": 749, "c": 0.9, "s": 211165, "e": 211383, "w": "的", "sp": "Agent"}, {"p": 750, "c": 0.9, "s": 211384, "e": 211823, "w": "接听", "sp": "Agent"}, {"p": 751, "c": 0.9, "s": 211823, "e": 212042, "w": "嗯", "sp": "Agent"}, {"p": 752, "c": 0.9, "s": 212042, "e": 212481, "w": "好好", "sp": "Agent"}, {"p": 753, "c": 0.9, "s": 212481, "e": 212920, "w": "再见", "sp": "Agent"}]}, "plainText": "喂\n喂 您好 您好 我 这里 是 优 信\n您\n二手车\n您 是 跟\n贷款 客服 中心 的 不好意思 打扰\n哎\n您\n你好\n了 您好 先生 您好 看 您 在 我们 这个 朋友圈 里 留 的 信息 您 是 想 了解 张 江 空调 是 吧 女士\n嗯\n呃\n我\n我\n刚刚\n刚刚\n已经\n已经\n了解\n了解\n过\n过\n了\n了 呃\n你\n是\n那个\n那个\n声音\n声音\n我\n我\n听\n听\n不\n不\n清\n清 呃 您好 现在 能 信号 好 一点 吗\n嗯 那个\n呃 那个\n嗯 暂时\n暂时 不用\n不用\n了\n了\n吧 我们\n吧 我们\n已经\n已经\n找 门店\n找\n看\n门店\n了 呃\n看\n那 您\n了\n走 的 那个 门店 叫 什么 呢 我 这边 也 是 总部 的 可以 先 帮 您 看 一下 是不是 大厅 授权 的 门店\n是\n是\n的\n的\n吗\n吧 呃 门店 名称 叫 什么\n大灯\n呢 我\n家用\n我 可以\n家用\n帮 您 查\n中央\n一下 家用\n空调\n中央\n兴盛\n空调 信 盛\n专业\n专业\n的\n的 信 顺 专业 点\n对\n您 稍 等 对\n什么\n你 妈妈\n麻烦\n南北\n你 两个\n南 二十\n支付宝\n四号\n转账\n家长\n再见\n盛 盛 盛 是 哪个 盛 不好意思\n信用\n信用\n的\n的\n信\n信\n胜利\n嗯 胜利\n的\n的\n呃\n呃\n呃\n呃\n盛开\n盛开\n的\n的\n盛\n盛 盛开 的 盛 大金 家用 中央 空调 信 盛 是 吧\n嗯\n嗯 嗯 您 稍 等 一下 女士 我 这边 帮 您 查 了 一下 是 没有 看到 这 一家 呃 他 是 在 哪 条 路 附近 的\n你\n你\n在\n在\n泰州\n泰州\n鼓楼\n湖南\n南\n呢\n鼓楼\n五\n鼓楼\n楼\n南\n南\n路\n普通 的 普 呢 浦 浦\n什么\n什么 我\n我\n听\n听\n不\n不\n清\n清\n呃 是 普通 的 普 吗\n嗯\n嗯\n那个\n那个\n算了吧\n算了吧\n好\n好\n吧\n吧 因为 我 这边 确实 没有 看到 乱 报价 可以 吗 先生 我 这边 因为 也 是 总部 这 一块 的 嘛 可以 给 您 安排 一个 我们 当地 授权 门店 跟 您 联系 如果说 是 您 之前 那 一家 您 也 是 可以 完全 放心 购买 了 如果 不是 的话 您 也 可以 多 做 一个 对比 嘛\n啊 好\n啊 好\n的\n的 好\n好\n的\n的\n嗯 然后 您 房子 在 泰州 市 的 哪 一个 区 啊 是 在 海陵 区 高 港区 还是 在 兴化 市 晋江 市\n海陵\n泰兴 市 海陵\n区 海陵\n区 海陵 区\n区\n嗯 好 的 好 的 方便 面积 大概 多 大 呢 女士\n什么\n什么 呃 房屋 面积 大概 多 大 呀\n二百\n二百 好 的 哦 一品 大 的 是 我们 这个 别墅 一手 模具 的 新房子 对 吧\n对\n对\n对\n对 对 嗯\n对\n好 的 那 应该 也 是 现在 就要 装修 了 公司 已经 那个 装修 都 定 好 了 是 吧\n嗯 还\n嗯 还\n没有\n没有 嗯 好 的 也就是说 可能 现在 看 一下 空调 的 方案 对\n对\n吧 对 嗯 好\n对\n的 好 的 理解 的 然后 我们 这个 大厅 啊 目前 除了 这个 装 空调 之外 还有 相关 的 地 暖 包括 这个 信封 产品 的 您 这边 一定 考虑 吗 先 那个 女士\n对\n对\n的\n的 你\n是\n说好\n的\n的 呀 呃 我们 这边 有 一 款 这个 一系列 的 除了 电脑 跟 空调 啊 它 是 可以 共用\n六二\n一个 外\n号\n披 没有 号 呃 请 说\n嗯 你\n嗯\n你\n你\n直接\n你 直接\n找\n找 个\n个\n对接\n对接\n人 跟\n人\n我 对接\n跟 我\n好\n对接\n吧 嗯 好\n好\n的 好\n吧\n的 没 问题 你\n我\n你\n你\n这边\n你 这边\n声音 实在\n声音\n听 不\n实在\n清 哦\n听\n好\n不\n的 好\n清\n的 没 问题 那行 那 这样 那 我 后面 可以 让 当地人 跟 你 联系 一下 然后 您 这个 微 信 也 是 跟 手机 同号 对\n对\n吧 如果\n对\n当地\n对\n刚好\n对\n没有 打通 可以 加 下 微\n好好\n信 好 的 好\n好好\n的 然后 是 在 那个 海 英 区 的 哪 哪 条 路 附近 有 一个 普罗 南 路\n啊\n吗\n我 现在\n啊 我\n听\n现在\n不\n听\n清\n不\n你\n清\n的\n你 的\n声音\n声音 哦 实在 不好意思 那 这样 那 我 先 让 当地 那个 海陵 区 对接 人员 跟 您 联系\n那行\n那行\n好好\n好 嗯 好好 那行 那 这边 就 先 不过 多 打扰 您 哈 感谢您 的 接听 嗯 好好 再见", "plainTextTime": {"verbatims": [{"s": 600, "e": 2000, "w": "喂", "sp": "Customer"}, {"s": 1010, "e": 3093, "w": "喂 您好 您好 我 这里 是 优 信", "sp": "Agent"}, {"s": 2940, "e": 3177, "w": "您", "sp": "Customer"}, {"s": 3094, "e": 3663, "w": "二手车", "sp": "Agent"}, {"s": 3177, "e": 3889, "w": "您 是 跟", "sp": "Customer"}, {"s": 3663, "e": 6127, "w": "贷款 客服 中心 的 不好意思 打扰", "sp": "Agent"}, {"s": 5800, "e": 6260, "w": "哎", "sp": "Customer"}, {"s": 6127, "e": 6316, "w": "您", "sp": "Agent"}, {"s": 6260, "e": 7180, "w": "你好", "sp": "Customer"}, {"s": 6316, "e": 12950, "w": "了 您好 先生 您好 看 您 在 我们 这个 朋友圈 里 留 的 信息 您 是 想 了解 张 江 空调 是 吧 女士", "sp": "Agent"}, {"s": 13680, "e": 13928, "w": "嗯", "sp": "Customer"}, {"s": 13830, "e": 14072, "w": "呃", "sp": "Agent"}, {"s": 13928, "e": 14176, "w": "我", "sp": "Customer"}, {"s": 14072, "e": 14315, "w": "我", "sp": "Agent"}, {"s": 14176, "e": 14672, "w": "刚刚", "sp": "Customer"}, {"s": 14315, "e": 14801, "w": "刚刚", "sp": "Agent"}, {"s": 14672, "e": 15168, "w": "已经", "sp": "Customer"}, {"s": 14801, "e": 15285, "w": "已经", "sp": "Agent"}, {"s": 15168, "e": 15664, "w": "了解", "sp": "Customer"}, {"s": 15286, "e": 15772, "w": "了解", "sp": "Agent"}, {"s": 15664, "e": 15912, "w": "过", "sp": "Customer"}, {"s": 15772, "e": 16014, "w": "过", "sp": "Agent"}, {"s": 15912, "e": 16160, "w": "了", "sp": "Customer"}, {"s": 16014, "e": 16500, "w": "了 呃", "sp": "Agent"}, {"s": 16470, "e": 16696, "w": "你", "sp": "Customer"}, {"s": 16500, "e": 16743, "w": "是", "sp": "Agent"}, {"s": 16696, "e": 17150, "w": "那个", "sp": "Customer"}, {"s": 16743, "e": 17229, "w": "那个", "sp": "Agent"}, {"s": 17150, "e": 17602, "w": "声音", "sp": "Customer"}, {"s": 17229, "e": 17715, "w": "声音", "sp": "Agent"}, {"s": 17603, "e": 17830, "w": "我", "sp": "Customer"}, {"s": 17715, "e": 17957, "w": "我", "sp": "Agent"}, {"s": 17830, "e": 18056, "w": "听", "sp": "Customer"}, {"s": 17957, "e": 18200, "w": "听", "sp": "Agent"}, {"s": 18056, "e": 18283, "w": "不", "sp": "Customer"}, {"s": 18200, "e": 18443, "w": "不", "sp": "Agent"}, {"s": 18283, "e": 18510, "w": "清", "sp": "Customer"}, {"s": 18443, "e": 21600, "w": "清 呃 您好 现在 能 信号 好 一点 吗", "sp": "Agent"}, {"s": 22030, "e": 22658, "w": "嗯 那个", "sp": "Customer"}, {"s": 22390, "e": 22897, "w": "呃 那个", "sp": "Agent"}, {"s": 22658, "e": 23286, "w": "嗯 暂时", "sp": "Customer"}, {"s": 22897, "e": 23573, "w": "暂时 不用", "sp": "Agent"}, {"s": 23286, "e": 23705, "w": "不用", "sp": "Customer"}, {"s": 23573, "e": 23742, "w": "了", "sp": "Agent"}, {"s": 23705, "e": 23914, "w": "了", "sp": "Customer"}, {"s": 23742, "e": 24250, "w": "吧 我们", "sp": "Agent"}, {"s": 23915, "e": 24543, "w": "吧 我们", "sp": "Customer"}, {"s": 24250, "e": 24588, "w": "已经", "sp": "Agent"}, {"s": 24543, "e": 24962, "w": "已经", "sp": "Customer"}, {"s": 24588, "e": 25095, "w": "找 门店", "sp": "Agent"}, {"s": 24962, "e": 25171, "w": "找", "sp": "Customer"}, {"s": 25095, "e": 25265, "w": "看", "sp": "Agent"}, {"s": 25172, "e": 25591, "w": "门店", "sp": "Customer"}, {"s": 25265, "e": 25603, "w": "了 呃", "sp": "Agent"}, {"s": 25591, "e": 25800, "w": "看", "sp": "Customer"}, {"s": 25603, "e": 25941, "w": "那 您", "sp": "Agent"}, {"s": 25800, "e": 26009, "w": "了", "sp": "Customer"}, {"s": 25941, "e": 32029, "w": "走 的 那个 门店 叫 什么 呢 我 这边 也 是 总部 的 可以 先 帮 您 看 一下 是不是 大厅 授权 的 门店", "sp": "Agent"}, {"s": 34070, "e": 34473, "w": "是", "sp": "Customer"}, {"s": 34460, "e": 34719, "w": "是", "sp": "Agent"}, {"s": 34473, "e": 34876, "w": "的", "sp": "Customer"}, {"s": 34720, "e": 34981, "w": "的", "sp": "Agent"}, {"s": 34876, "e": 35280, "w": "吗", "sp": "Customer"}, {"s": 34981, "e": 37327, "w": "吧 呃 门店 名称 叫 什么", "sp": "Agent"}, {"s": 36830, "e": 37638, "w": "大灯", "sp": "Customer"}, {"s": 37327, "e": 37848, "w": "呢 我", "sp": "Agent"}, {"s": 37638, "e": 38446, "w": "家用", "sp": "Customer"}, {"s": 37848, "e": 38631, "w": "我 可以", "sp": "Agent"}, {"s": 38446, "e": 39254, "w": "家用", "sp": "Customer"}, {"s": 38631, "e": 39413, "w": "帮 您 查", "sp": "Agent"}, {"s": 39255, "e": 40063, "w": "中央", "sp": "Customer"}, {"s": 39413, "e": 40454, "w": "一下 家用", "sp": "Agent"}, {"s": 40063, "e": 40871, "w": "空调", "sp": "Customer"}, {"s": 40455, "e": 40977, "w": "中央", "sp": "Agent"}, {"s": 40871, "e": 41680, "w": "兴盛", "sp": "Customer"}, {"s": 40977, "e": 42020, "w": "空调 信 盛", "sp": "Agent"}, {"s": 42070, "e": 42923, "w": "专业", "sp": "Customer"}, {"s": 42410, "e": 43243, "w": "专业", "sp": "Agent"}, {"s": 42923, "e": 43350, "w": "的", "sp": "Customer"}, {"s": 43243, "e": 45664, "w": "的 信 顺 专业 点", "sp": "Agent"}, {"s": 45650, "e": 46820, "w": "对", "sp": "Customer"}, {"s": 45664, "e": 47020, "w": "您 稍 等 对", "sp": "Agent"}, {"s": 50660, "e": 51740, "w": "什么", "sp": "Customer"}, {"s": 51070, "e": 52000, "w": "你 妈妈", "sp": "Agent"}, {"s": 52930, "e": 53375, "w": "麻烦", "sp": "Customer"}, {"s": 53280, "e": 53717, "w": "南北", "sp": "Agent"}, {"s": 53375, "e": 54042, "w": "你 两个", "sp": "Customer"}, {"s": 53717, "e": 54374, "w": "南 二十", "sp": "Agent"}, {"s": 54042, "e": 54710, "w": "支付宝", "sp": "Customer"}, {"s": 54374, "e": 54812, "w": "四号", "sp": "Agent"}, {"s": 54710, "e": 55155, "w": "转账", "sp": "Customer"}, {"s": 54812, "e": 55250, "w": "家长", "sp": "Agent"}, {"s": 55155, "e": 55600, "w": "再见", "sp": "Customer"}, {"s": 56150, "e": 58490, "w": "盛 盛 盛 是 哪个 盛 不好意思", "sp": "Agent"}, {"s": 59270, "e": 60085, "w": "信用", "sp": "Customer"}, {"s": 59560, "e": 60412, "w": "信用", "sp": "Agent"}, {"s": 60085, "e": 60492, "w": "的", "sp": "Customer"}, {"s": 60412, "e": 60837, "w": "的", "sp": "Agent"}, {"s": 60492, "e": 60900, "w": "信", "sp": "Customer"}, {"s": 60838, "e": 61265, "w": "信", "sp": "Agent"}, {"s": 61190, "e": 62275, "w": "胜利", "sp": "Customer"}, {"s": 61265, "e": 62543, "w": "嗯 胜利", "sp": "Agent"}, {"s": 62276, "e": 62820, "w": "的", "sp": "Customer"}, {"s": 62543, "e": 62969, "w": "的", "sp": "Agent"}, {"s": 63100, "e": 63521, "w": "呃", "sp": "Customer"}, {"s": 63250, "e": 63670, "w": "呃", "sp": "Agent"}, {"s": 63521, "e": 63943, "w": "呃", "sp": "Customer"}, {"s": 63670, "e": 64089, "w": "呃", "sp": "Agent"}, {"s": 63943, "e": 64786, "w": "盛开", "sp": "Customer"}, {"s": 64089, "e": 64929, "w": "盛开", "sp": "Agent"}, {"s": 64786, "e": 65208, "w": "的", "sp": "Customer"}, {"s": 64930, "e": 65350, "w": "的", "sp": "Agent"}, {"s": 65208, "e": 65630, "w": "盛", "sp": "Customer"}, {"s": 65350, "e": 70450, "w": "盛 盛开 的 盛 大金 家用 中央 空调 信 盛 是 吧", "sp": "Agent"}, {"s": 70420, "e": 71470, "w": "嗯", "sp": "Customer"}, {"s": 70730, "e": 84970, "w": "嗯 嗯 您 稍 等 一下 女士 我 这边 帮 您 查 了 一下 是 没有 看到 这 一家 呃 他 是 在 哪 条 路 附近 的", "sp": "Agent"}, {"s": 85720, "e": 86061, "w": "你", "sp": "Customer"}, {"s": 85950, "e": 86265, "w": "你", "sp": "Agent"}, {"s": 86061, "e": 86403, "w": "在", "sp": "Customer"}, {"s": 86265, "e": 86581, "w": "在", "sp": "Agent"}, {"s": 86403, "e": 87086, "w": "泰州", "sp": "Customer"}, {"s": 86581, "e": 87212, "w": "泰州", "sp": "Agent"}, {"s": 87086, "e": 87769, "w": "鼓楼", "sp": "Customer"}, {"s": 87212, "e": 87844, "w": "湖南", "sp": "Agent"}, {"s": 87769, "e": 88110, "w": "南", "sp": "Customer"}, {"s": 87844, "e": 88160, "w": "呢", "sp": "Agent"}, {"s": 88110, "e": 88793, "w": "鼓楼", "sp": "Customer"}, {"s": 88440, "e": 89036, "w": "五", "sp": "Agent"}, {"s": 88793, "e": 89476, "w": "鼓楼", "sp": "Customer"}, {"s": 89036, "e": 89633, "w": "楼", "sp": "Agent"}, {"s": 89476, "e": 89818, "w": "南", "sp": "Customer"}, {"s": 89633, "e": 90230, "w": "南", "sp": "Agent"}, {"s": 89818, "e": 90160, "w": "路", "sp": "Customer"}, {"s": 90510, "e": 92883, "w": "普通 的 普 呢 浦 浦", "sp": "Agent"}, {"s": 92880, "e": 93476, "w": "什么", "sp": "Customer"}, {"s": 92884, "e": 93729, "w": "什么 我", "sp": "Agent"}, {"s": 93476, "e": 93775, "w": "我", "sp": "Customer"}, {"s": 93730, "e": 94012, "w": "听", "sp": "Agent"}, {"s": 93775, "e": 94073, "w": "听", "sp": "Customer"}, {"s": 94012, "e": 94294, "w": "不", "sp": "Agent"}, {"s": 94073, "e": 94370, "w": "不", "sp": "Customer"}, {"s": 94294, "e": 94576, "w": "清", "sp": "Agent"}, {"s": 94371, "e": 94670, "w": "清", "sp": "Customer"}, {"s": 94576, "e": 96549, "w": "呃 是 普通 的 普 吗", "sp": "Agent"}, {"s": 99520, "e": 99836, "w": "嗯", "sp": "Customer"}, {"s": 99730, "e": 100048, "w": "嗯", "sp": "Agent"}, {"s": 99836, "e": 100468, "w": "那个", "sp": "Customer"}, {"s": 100048, "e": 100686, "w": "那个", "sp": "Agent"}, {"s": 100468, "e": 101417, "w": "算了吧", "sp": "Customer"}, {"s": 100686, "e": 101642, "w": "算了吧", "sp": "Agent"}, {"s": 101417, "e": 101733, "w": "好", "sp": "Customer"}, {"s": 101642, "e": 101961, "w": "好", "sp": "Agent"}, {"s": 101733, "e": 102050, "w": "吧", "sp": "Customer"}, {"s": 101961, "e": 116939, "w": "吧 因为 我 这边 确实 没有 看到 乱 报价 可以 吗 先生 我 这边 因为 也 是 总部 这 一块 的 嘛 可以 给 您 安排 一个 我们 当地 授权 门店 跟 您 联系 如果说 是 您 之前 那 一家 您 也 是 可以 完全 放心 购买 了 如果 不是 的话 您 也 可以 多 做 一个 对比 嘛", "sp": "Agent"}, {"s": 117490, "e": 118226, "w": "啊 好", "sp": "Customer"}, {"s": 117930, "e": 118354, "w": "啊 好", "sp": "Agent"}, {"s": 118226, "e": 118593, "w": "的", "sp": "Customer"}, {"s": 118354, "e": 118778, "w": "的 好", "sp": "Agent"}, {"s": 118594, "e": 118962, "w": "好", "sp": "Customer"}, {"s": 118778, "e": 118991, "w": "的", "sp": "Agent"}, {"s": 118962, "e": 119329, "w": "的", "sp": "Customer"}, {"s": 118991, "e": 125993, "w": "嗯 然后 您 房子 在 泰州 市 的 哪 一个 区 啊 是 在 海陵 区 高 港区 还是 在 兴化 市 晋江 市", "sp": "Agent"}, {"s": 125990, "e": 126696, "w": "海陵", "sp": "Customer"}, {"s": 125994, "e": 127055, "w": "泰兴 市 海陵", "sp": "Agent"}, {"s": 126696, "e": 127756, "w": "区 海陵", "sp": "Customer"}, {"s": 127055, "e": 127904, "w": "区 海陵 区", "sp": "Agent"}, {"s": 127756, "e": 128110, "w": "区", "sp": "Customer"}, {"s": 127904, "e": 131300, "w": "嗯 好 的 好 的 方便 面积 大概 多 大 呢 女士", "sp": "Agent"}, {"s": 131860, "e": 132870, "w": "什么", "sp": "Customer"}, {"s": 132320, "e": 135260, "w": "什么 呃 房屋 面积 大概 多 大 呀", "sp": "Agent"}, {"s": 135220, "e": 136370, "w": "二百", "sp": "Customer"}, {"s": 135710, "e": 140940, "w": "二百 好 的 哦 一品 大 的 是 我们 这个 别墅 一手 模具 的 新房子 对 吧", "sp": "Agent"}, {"s": 140990, "e": 141466, "w": "对", "sp": "Customer"}, {"s": 141320, "e": 141489, "w": "对", "sp": "Agent"}, {"s": 141466, "e": 141943, "w": "对", "sp": "Customer"}, {"s": 141489, "e": 141996, "w": "对 对 嗯", "sp": "Agent"}, {"s": 141943, "e": 142420, "w": "对", "sp": "Customer"}, {"s": 141996, "e": 146730, "w": "好 的 那 应该 也 是 现在 就要 装修 了 公司 已经 那个 装修 都 定 好 了 是 吧", "sp": "Agent"}, {"s": 147170, "e": 147879, "w": "嗯 还", "sp": "Customer"}, {"s": 147630, "e": 148032, "w": "嗯 还", "sp": "Agent"}, {"s": 147880, "e": 148590, "w": "没有", "sp": "Customer"}, {"s": 148032, "e": 152461, "w": "没有 嗯 好 的 也就是说 可能 现在 看 一下 空调 的 方案 对", "sp": "Agent"}, {"s": 152430, "e": 153144, "w": "对", "sp": "Customer"}, {"s": 152461, "e": 153267, "w": "吧 对 嗯 好", "sp": "Agent"}, {"s": 153145, "e": 153860, "w": "对", "sp": "Customer"}, {"s": 153267, "e": 164340, "w": "的 好 的 理解 的 然后 我们 这个 大厅 啊 目前 除了 这个 装 空调 之外 还有 相关 的 地 暖 包括 这个 信封 产品 的 您 这边 一定 考虑 吗 先 那个 女士", "sp": "Agent"}, {"s": 164320, "e": 164802, "w": "对", "sp": "Customer"}, {"s": 164770, "e": 164980, "w": "对", "sp": "Agent"}, {"s": 164802, "e": 165285, "w": "的", "sp": "Customer"}, {"s": 164980, "e": 165402, "w": "的 你", "sp": "Agent"}, {"s": 165285, "e": 165767, "w": "是", "sp": "Customer"}, {"s": 165402, "e": 165823, "w": "说好", "sp": "Agent"}, {"s": 165767, "e": 166250, "w": "的", "sp": "Customer"}, {"s": 165823, "e": 172145, "w": "的 呀 呃 我们 这边 有 一 款 这个 一系列 的 除了 电脑 跟 空调 啊 它 是 可以 共用", "sp": "Agent"}, {"s": 171900, "e": 172732, "w": "六二", "sp": "Customer"}, {"s": 172145, "e": 172777, "w": "一个 外", "sp": "Agent"}, {"s": 172733, "e": 173150, "w": "号", "sp": "Customer"}, {"s": 172777, "e": 175909, "w": "披 没有 号 呃 请 说", "sp": "Agent"}, {"s": 176560, "e": 177083, "w": "嗯 你", "sp": "Customer"}, {"s": 177010, "e": 177189, "w": "嗯", "sp": "Agent"}, {"s": 177083, "e": 177344, "w": "你", "sp": "Customer"}, {"s": 177189, "e": 177368, "w": "你", "sp": "Agent"}, {"s": 177345, "e": 177869, "w": "直接", "sp": "Customer"}, {"s": 177369, "e": 177907, "w": "你 直接", "sp": "Agent"}, {"s": 177869, "e": 178131, "w": "找", "sp": "Customer"}, {"s": 177908, "e": 178267, "w": "找 个", "sp": "Agent"}, {"s": 178131, "e": 178392, "w": "个", "sp": "Customer"}, {"s": 178267, "e": 178627, "w": "对接", "sp": "Agent"}, {"s": 178393, "e": 178916, "w": "对接", "sp": "Customer"}, {"s": 178627, "e": 178986, "w": "人 跟", "sp": "Agent"}, {"s": 178916, "e": 179178, "w": "人", "sp": "Customer"}, {"s": 178986, "e": 179525, "w": "我 对接", "sp": "Agent"}, {"s": 179178, "e": 179702, "w": "跟 我", "sp": "Customer"}, {"s": 179525, "e": 179704, "w": "好", "sp": "Agent"}, {"s": 179702, "e": 180226, "w": "对接", "sp": "Customer"}, {"s": 179705, "e": 180243, "w": "吧 嗯 好", "sp": "Agent"}, {"s": 180226, "e": 180487, "w": "好", "sp": "Customer"}, {"s": 180244, "e": 180603, "w": "的 好", "sp": "Agent"}, {"s": 180488, "e": 180750, "w": "吧", "sp": "Customer"}, {"s": 180603, "e": 181501, "w": "的 没 问题 你", "sp": "Agent"}, {"s": 181330, "e": 181560, "w": "我", "sp": "Customer"}, {"s": 181501, "e": 181681, "w": "你", "sp": "Agent"}, {"s": 181560, "e": 181790, "w": "你", "sp": "Customer"}, {"s": 181681, "e": 182040, "w": "这边", "sp": "Agent"}, {"s": 181790, "e": 182480, "w": "你 这边", "sp": "Customer"}, {"s": 182040, "e": 182758, "w": "声音 实在", "sp": "Agent"}, {"s": 182480, "e": 182940, "w": "声音", "sp": "Customer"}, {"s": 182759, "e": 183118, "w": "听 不", "sp": "Agent"}, {"s": 182940, "e": 183400, "w": "实在", "sp": "Customer"}, {"s": 183119, "e": 183478, "w": "清 哦", "sp": "Agent"}, {"s": 183400, "e": 183629, "w": "听", "sp": "Customer"}, {"s": 183478, "e": 183657, "w": "好", "sp": "Agent"}, {"s": 183630, "e": 183860, "w": "不", "sp": "Customer"}, {"s": 183658, "e": 184017, "w": "的 好", "sp": "Agent"}, {"s": 183860, "e": 184090, "w": "清", "sp": "Customer"}, {"s": 184017, "e": 191204, "w": "的 没 问题 那行 那 这样 那 我 后面 可以 让 当地人 跟 你 联系 一下 然后 您 这个 微 信 也 是 跟 手机 同号 对", "sp": "Agent"}, {"s": 191140, "e": 191525, "w": "对", "sp": "Customer"}, {"s": 191204, "e": 191743, "w": "吧 如果", "sp": "Agent"}, {"s": 191525, "e": 191909, "w": "对", "sp": "Customer"}, {"s": 191743, "e": 192101, "w": "当地", "sp": "Agent"}, {"s": 191910, "e": 192295, "w": "对", "sp": "Customer"}, {"s": 192102, "e": 192462, "w": "刚好", "sp": "Agent"}, {"s": 192295, "e": 192680, "w": "对", "sp": "Customer"}, {"s": 192462, "e": 194079, "w": "没有 打通 可以 加 下 微", "sp": "Agent"}, {"s": 193930, "e": 194629, "w": "好好", "sp": "Customer"}, {"s": 194079, "e": 194797, "w": "信 好 的 好", "sp": "Agent"}, {"s": 194630, "e": 195330, "w": "好好", "sp": "Customer"}, {"s": 194798, "e": 199109, "w": "的 然后 是 在 那个 海 英 区 的 哪 哪 条 路 附近 有 一个 普罗 南 路", "sp": "Agent"}, {"s": 199010, "e": 199211, "w": "啊", "sp": "Customer"}, {"s": 199110, "e": 199290, "w": "吗", "sp": "Agent"}, {"s": 199211, "e": 199817, "w": "我 现在", "sp": "Customer"}, {"s": 199570, "e": 199883, "w": "啊 我", "sp": "Agent"}, {"s": 199817, "e": 200019, "w": "听", "sp": "Customer"}, {"s": 199883, "e": 200196, "w": "现在", "sp": "Agent"}, {"s": 200019, "e": 200220, "w": "不", "sp": "Customer"}, {"s": 200197, "e": 200353, "w": "听", "sp": "Agent"}, {"s": 200220, "e": 200422, "w": "清", "sp": "Customer"}, {"s": 200353, "e": 200510, "w": "不", "sp": "Agent"}, {"s": 200422, "e": 200624, "w": "你", "sp": "Customer"}, {"s": 200510, "e": 200667, "w": "清", "sp": "Agent"}, {"s": 200624, "e": 200825, "w": "的", "sp": "Customer"}, {"s": 200667, "e": 200980, "w": "你 的", "sp": "Agent"}, {"s": 200826, "e": 201230, "w": "声音", "sp": "Customer"}, {"s": 200980, "e": 205840, "w": "声音 哦 实在 不好意思 那 这样 那 我 先 让 当地 那个 海陵 区 对接 人员 跟 您 联系", "sp": "Agent"}, {"s": 205680, "e": 206530, "w": "那行", "sp": "Customer"}, {"s": 206120, "e": 206558, "w": "那行", "sp": "Agent"}, {"s": 206530, "e": 207380, "w": "好好", "sp": "Customer"}, {"s": 206558, "e": 212920, "w": "好 嗯 好好 那行 那 这边 就 先 不过 多 打扰 您 哈 感谢您 的 接听 嗯 好好 再见", "sp": "Agent"}]}, "aqm": {"greeting": {"greeting_said": "您好, 客服, 先生", "n_greeting_said": 3, "score": 1}, "closing": {"closing_said": "您, 再见", "n_closing_said": 2, "score": 0}, "speed": {"speed_max": 6.38, "n_words": 31, "words": "声音 哦 实在 不好意思 那 这样 那 我 先 让 当地 那个 海陵 区 对接 人员 跟 您 联系", "start": 200980, "end": 205840}}}