{"mediaId": "2022031314071997008747433878303001", "status": "Success", "dateCreated": "2022-03-21T18:45:50Z", "contentType": "audio/x-wav", "channels": "future use", "length": 26, "metadata": {"Sid": 10011, "Site_id": 783, "Audio_ch_num": 87474338, "Audio_module_num": 783002, "Audio_start_time_gmt": "2022-03-13T06:07:19.97+08:00", "Transaction_id": "2022031314071997008747433878303001", "ContactID": "9144800603990000301", "Personal_id": "0", "Direction": 2, "Local_audio_start_time": "2022-03-13T14:07:19.97+08:00", "Local_audio_end_time": "2022-03-13T14:07:45.97+08:00", "Total_hold_time": "0", "Pbx_login_id": "800052", "Ani": "600061", "Extension": "600061", "String_extension": "600061", "Switch_call_id": "006f0330e46d4f79", "Switch_id": "783000001", "Duration_seconds": 26, "Wrapup_time_in_seconds": "0", "Dnis": "15167866681", "Number_of_conferences": "0", "Number_of_holds": "0", "Number_of_transfers": "0", "Percent_of_agent_call": "0", "Percent_of_other_call": "1", "Percent_of_mutual_silence": "25", "Num_of_agent_cross": "0", "Num_of_other_cross": "0", "IsException": 0, "CD2": "013GVT56OG919AP72LUHVB5AES000CC0"}, "transcript_detailed": {"words": [{"p": 1, "c": 0.9, "s": 0, "e": 1060, "w": "喂", "sp": "Customer"}]}, "plainText": "喂", "plainTextTime": {"verbatims": [{"s": 0, "e": 1060, "w": "喂", "sp": "Customer"}]}, "aqm": {"greeting": {"greeting_said": "", "n_greeting_said": 0, "score": 0}, "closing": {"closing_said": "", "n_closing_said": 0, "score": 0}, "speed": {"speed_max": 0, "n_words": 0, "words": "", "start": 0, "end": 0}}}