{"mediaId": "2022031317421966208747467178303001", "status": "Success", "dateCreated": "2022-03-21T18:45:50Z", "contentType": "audio/x-wav", "channels": "future use", "length": 107, "metadata": {"Sid": 10187, "Site_id": 783, "Audio_ch_num": 87474671, "Audio_module_num": 783001, "Audio_start_time_gmt": "2022-03-13T09:42:19.663+08:00", "Transaction_id": "2022031317421966208747467178303001", "ContactID": "9144801893960000301", "Personal_id": "0", "Direction": 2, "Local_audio_start_time": "2022-03-13T17:42:19.663+08:00", "Local_audio_end_time": "2022-03-13T17:44:06.663+08:00", "Total_hold_time": "0", "Pbx_login_id": "800021", "Ani": "600018", "Extension": "600018", "String_extension": "600018", "Switch_call_id": "006f0330e46d5101", "Switch_id": "783000001", "Duration_seconds": 107, "Wrapup_time_in_seconds": "0", "Dnis": "13799747569", "Number_of_conferences": "0", "Number_of_holds": "0", "Number_of_transfers": "0", "Percent_of_agent_call": "42", "Percent_of_other_call": "21", "Percent_of_mutual_silence": "16", "Num_of_agent_cross": "10", "Num_of_other_cross": "14", "IsException": 0, "CD2": "013GVT56OG919AP72LUHVB5AES000COJ"}, "transcript_detailed": {"words": [{"p": 1, "c": 0.9, "s": 0, "e": 830, "w": "喂", "sp": "Customer"}, {"p": 2, "c": 0.9, "s": 1170, "e": 1385, "w": "哎", "sp": "Agent"}, {"p": 3, "c": 0.9, "s": 1386, "e": 1818, "w": "您好", "sp": "Agent"}, {"p": 4, "c": 0.9, "s": 1818, "e": 2250, "w": "女士", "sp": "Agent"}, {"p": 5, "c": 0.9, "s": 2250, "e": 2682, "w": "这边", "sp": "Agent"}, {"p": 6, "c": 0.9, "s": 2682, "e": 2898, "w": "是", "sp": "Agent"}, {"p": 7, "c": 0.9, "s": 2898, "e": 3330, "w": "大金", "sp": "Agent"}, {"p": 8, "c": 0.9, "s": 3330, "e": 3761, "w": "空调", "sp": "Agent"}, {"p": 9, "c": 0.9, "s": 3762, "e": 3978, "w": "的", "sp": "Agent"}, {"p": 10, "c": 0.9, "s": 3978, "e": 4410, "w": "客服", "sp": "Agent"}, {"p": 11, "c": 0.9, "s": 4600, "e": 5105, "w": "哦", "sp": "Customer"}, {"p": 12, "c": 0.9, "s": 4750, "e": 5620, "w": "啊", "sp": "Agent"}, {"p": 13, "c": 0.9, "s": 5105, "e": 6115, "w": "你好", "sp": "Customer"}, {"p": 14, "c": 0.9, "s": 6115, "e": 6620, "w": "嗯", "sp": "Customer"}, {"p": 15, "c": 0.9, "s": 6710, "e": 6993, "w": "嗯", "sp": "Agent"}, {"p": 16, "c": 0.9, "s": 6993, "e": 7561, "w": "您好", "sp": "Agent"}, {"p": 17, "c": 0.9, "s": 7561, "e": 8128, "w": "刚刚", "sp": "Agent"}, {"p": 18, "c": 0.9, "s": 8128, "e": 8412, "w": "在", "sp": "Agent"}, {"p": 19, "c": 0.9, "s": 8412, "e": 8980, "w": "那个", "sp": "Agent"}, {"p": 20, "c": 0.9, "s": 9290, "e": 9763, "w": "联系", "sp": "Agent"}, {"p": 21, "c": 0.9, "s": 9763, "e": 10000, "w": "过", "sp": "Agent"}, {"p": 22, "c": 0.9, "s": 10000, "e": 10236, "w": "的", "sp": "Agent"}, {"p": 23, "c": 0.9, "s": 10236, "e": 10473, "w": "嗯", "sp": "Agent"}, {"p": 24, "c": 0.9, "s": 10473, "e": 10710, "w": "您", "sp": "Agent"}, {"p": 25, "c": 0.9, "s": 10710, "e": 10946, "w": "是", "sp": "Agent"}, {"p": 26, "c": 0.9, "s": 10946, "e": 11183, "w": "有", "sp": "Agent"}, {"p": 27, "c": 0.9, "s": 11183, "e": 11420, "w": "去", "sp": "Agent"}, {"p": 28, "c": 0.9, "s": 11420, "e": 11893, "w": "我们", "sp": "Agent"}, {"p": 29, "c": 0.9, "s": 11893, "e": 12130, "w": "线", "sp": "Agent"}, {"p": 30, "c": 0.9, "s": 12130, "e": 12366, "w": "下", "sp": "Agent"}, {"p": 31, "c": 0.9, "s": 12366, "e": 12603, "w": "的", "sp": "Agent"}, {"p": 32, "c": 0.9, "s": 12603, "e": 13075, "w": "这个", "sp": "Agent"}, {"p": 33, "c": 0.9, "s": 13076, "e": 13550, "w": "门店", "sp": "Agent"}, {"p": 34, "c": 0.9, "s": 13550, "e": 13786, "w": "去", "sp": "Agent"}, {"p": 35, "c": 0.9, "s": 13786, "e": 14260, "w": "看过", "sp": "Agent"}, {"p": 36, "c": 0.9, "s": 13950, "e": 15080, "w": "对", "sp": "Customer"}, {"p": 37, "c": 0.9, "s": 14260, "e": 14496, "w": "了", "sp": "Agent"}, {"p": 38, "c": 0.9, "s": 14496, "e": 14733, "w": "对", "sp": "Agent"}, {"p": 39, "c": 0.9, "s": 14733, "e": 14970, "w": "吧", "sp": "Agent"}, {"p": 40, "c": 0.9, "s": 16070, "e": 16285, "w": "嗯", "sp": "Agent"}, {"p": 41, "c": 0.9, "s": 16285, "e": 16502, "w": "有", "sp": "Agent"}, {"p": 42, "c": 0.9, "s": 16503, "e": 16720, "w": "给", "sp": "Agent"}, {"p": 43, "c": 0.9, "s": 16720, "e": 16936, "w": "您", "sp": "Agent"}, {"p": 44, "c": 0.9, "s": 16937, "e": 17154, "w": "做", "sp": "Agent"}, {"p": 45, "c": 0.9, "s": 17154, "e": 17588, "w": "详细", "sp": "Agent"}, {"p": 46, "c": 0.9, "s": 17588, "e": 17804, "w": "的", "sp": "Agent"}, {"p": 47, "c": 0.9, "s": 17805, "e": 18239, "w": "这个", "sp": "Agent"}, {"p": 48, "c": 0.9, "s": 18239, "e": 18673, "w": "配置", "sp": "Agent"}, {"p": 49, "c": 0.9, "s": 18673, "e": 18890, "w": "单", "sp": "Agent"}, {"p": 50, "c": 0.9, "s": 19880, "e": 20192, "w": "呃", "sp": "Customer"}, {"p": 51, "c": 0.9, "s": 20192, "e": 20505, "w": "有", "sp": "Customer"}, {"p": 52, "c": 0.9, "s": 20505, "e": 20817, "w": "他", "sp": "Customer"}, {"p": 53, "c": 0.9, "s": 20817, "e": 21755, "w": "就是说", "sp": "Customer"}, {"p": 54, "c": 0.9, "s": 21755, "e": 22380, "w": "一拖", "sp": "Customer"}, {"p": 55, "c": 0.9, "s": 22380, "e": 22692, "w": "呃", "sp": "Customer"}, {"p": 56, "c": 0.9, "s": 22692, "e": 23005, "w": "我", "sp": "Customer"}, {"p": 57, "c": 0.9, "s": 23005, "e": 23317, "w": "要", "sp": "Customer"}, {"p": 58, "c": 0.9, "s": 23090, "e": 24020, "w": "幺", "sp": "Agent"}, {"p": 59, "c": 0.9, "s": 23317, "e": 24255, "w": "是不是", "sp": "Customer"}, {"p": 60, "c": 0.9, "s": 24255, "e": 24880, "w": "一拖", "sp": "Customer"}, {"p": 61, "c": 0.9, "s": 24880, "e": 25505, "w": "一拖", "sp": "Customer"}, {"p": 62, "c": 0.9, "s": 25505, "e": 25817, "w": "三", "sp": "Customer"}, {"p": 63, "c": 0.9, "s": 25817, "e": 26130, "w": "嘛", "sp": "Customer"}, {"p": 64, "c": 0.9, "s": 26850, "e": 28070, "w": "嗯", "sp": "Agent"}, {"p": 65, "c": 0.9, "s": 26990, "e": 27520, "w": "嗯", "sp": "Customer"}, {"p": 66, "c": 0.9, "s": 27520, "e": 28050, "w": "嗯", "sp": "Customer"}, {"p": 67, "c": 0.9, "s": 29790, "e": 31250, "w": "喂喂", "sp": "Customer"}, {"p": 68, "c": 0.9, "s": 30270, "e": 30514, "w": "您", "sp": "Agent"}, {"p": 69, "c": 0.9, "s": 30514, "e": 31002, "w": "详细", "sp": "Agent"}, {"p": 70, "c": 0.9, "s": 31002, "e": 31246, "w": "的", "sp": "Agent"}, {"p": 71, "c": 0.9, "s": 31246, "e": 31734, "w": "这个", "sp": "Agent"}, {"p": 72, "c": 0.9, "s": 31734, "e": 32222, "w": "型号", "sp": "Agent"}, {"p": 73, "c": 0.9, "s": 32222, "e": 32710, "w": "配置", "sp": "Agent"}, {"p": 74, "c": 0.9, "s": 32710, "e": 32954, "w": "和", "sp": "Agent"}, {"p": 75, "c": 0.9, "s": 32954, "e": 33441, "w": "价格", "sp": "Agent"}, {"p": 76, "c": 0.9, "s": 33350, "e": 33636, "w": "行", "sp": "Customer"}, {"p": 77, "c": 0.9, "s": 33442, "e": 33686, "w": "是", "sp": "Agent"}, {"p": 78, "c": 0.9, "s": 33637, "e": 33925, "w": "呃", "sp": "Customer"}, {"p": 79, "c": 0.9, "s": 33686, "e": 33930, "w": "吗", "sp": "Agent"}, {"p": 80, "c": 0.9, "s": 33925, "e": 34501, "w": "型号", "sp": "Customer"}, {"p": 81, "c": 0.9, "s": 34501, "e": 35076, "w": "型号", "sp": "Customer"}, {"p": 82, "c": 0.9, "s": 35076, "e": 35364, "w": "我", "sp": "Customer"}, {"p": 83, "c": 0.9, "s": 35364, "e": 35651, "w": "只", "sp": "Customer"}, {"p": 84, "c": 0.9, "s": 35652, "e": 36228, "w": "记得", "sp": "Customer"}, {"p": 85, "c": 0.9, "s": 36228, "e": 36516, "w": "他", "sp": "Customer"}, {"p": 86, "c": 0.9, "s": 36516, "e": 36802, "w": "说", "sp": "Customer"}, {"p": 87, "c": 0.9, "s": 36803, "e": 37091, "w": "一", "sp": "Customer"}, {"p": 88, "c": 0.9, "s": 37091, "e": 37954, "w": "一百二", "sp": "Customer"}, {"p": 89, "c": 0.9, "s": 37955, "e": 38530, "w": "什么", "sp": "Customer"}, {"p": 90, "c": 0.9, "s": 38530, "e": 39106, "w": "什么", "sp": "Customer"}, {"p": 91, "c": 0.9, "s": 39106, "e": 39682, "w": "东西", "sp": "Customer"}, {"p": 92, "c": 0.9, "s": 39682, "e": 39969, "w": "的", "sp": "Customer"}, {"p": 93, "c": 0.9, "s": 41690, "e": 42069, "w": "只有", "sp": "Agent"}, {"p": 94, "c": 0.9, "s": 42069, "e": 42448, "w": "一个", "sp": "Agent"}, {"p": 95, "c": 0.9, "s": 42448, "e": 43017, "w": "一百二", "sp": "Agent"}, {"p": 96, "c": 0.9, "s": 43017, "e": 43396, "w": "这种", "sp": "Agent"}, {"p": 97, "c": 0.9, "s": 43396, "e": 43775, "w": "型号", "sp": "Agent"}, {"p": 98, "c": 0.9, "s": 43775, "e": 43965, "w": "内", "sp": "Agent"}, {"p": 99, "c": 0.9, "s": 43965, "e": 44155, "w": "机", "sp": "Agent"}, {"p": 100, "c": 0.9, "s": 44155, "e": 44343, "w": "的", "sp": "Agent"}, {"p": 101, "c": 0.9, "s": 44344, "e": 44723, "w": "这个", "sp": "Agent"}, {"p": 102, "c": 0.9, "s": 44723, "e": 45103, "w": "型号", "sp": "Agent"}, {"p": 103, "c": 0.9, "s": 45103, "e": 45292, "w": "是", "sp": "Agent"}, {"p": 104, "c": 0.9, "s": 45260, "e": 46300, "w": "对", "sp": "Customer"}, {"p": 105, "c": 0.9, "s": 45292, "e": 45671, "w": "没有", "sp": "Agent"}, {"p": 106, "c": 0.9, "s": 45671, "e": 45861, "w": "给", "sp": "Agent"}, {"p": 107, "c": 0.9, "s": 45861, "e": 46051, "w": "您", "sp": "Agent"}, {"p": 108, "c": 0.9, "s": 46051, "e": 46239, "w": "的", "sp": "Agent"}, {"p": 109, "c": 0.9, "s": 46240, "e": 46430, "w": "是", "sp": "Agent"}, {"p": 110, "c": 0.9, "s": 46430, "e": 46620, "w": "吗", "sp": "Agent"}, {"p": 111, "c": 0.9, "s": 47290, "e": 47516, "w": "啊", "sp": "Agent"}, {"p": 112, "c": 0.9, "s": 47516, "e": 47743, "w": "那", "sp": "Agent"}, {"p": 113, "c": 0.9, "s": 47743, "e": 47970, "w": "您", "sp": "Agent"}, {"p": 114, "c": 0.9, "s": 47970, "e": 48196, "w": "有", "sp": "Agent"}, {"p": 115, "c": 0.9, "s": 48196, "e": 48649, "w": "就是", "sp": "Agent"}, {"p": 116, "c": 0.9, "s": 48650, "e": 48876, "w": "有", "sp": "Agent"}, {"p": 117, "c": 0.9, "s": 48876, "e": 49103, "w": "跟", "sp": "Agent"}, {"p": 118, "c": 0.9, "s": 49103, "e": 49330, "w": "他", "sp": "Agent"}, {"p": 119, "c": 0.9, "s": 49330, "e": 49556, "w": "留", "sp": "Agent"}, {"p": 120, "c": 0.9, "s": 49556, "e": 50010, "w": "电话", "sp": "Agent"}, {"p": 121, "c": 0.9, "s": 50010, "e": 50462, "w": "就是", "sp": "Agent"}, {"p": 122, "c": 0.9, "s": 50463, "e": 50916, "w": "继续", "sp": "Agent"}, {"p": 123, "c": 0.9, "s": 50916, "e": 51370, "w": "保持", "sp": "Agent"}, {"p": 124, "c": 0.9, "s": 51370, "e": 51823, "w": "沟通", "sp": "Agent"}, {"p": 125, "c": 0.9, "s": 51823, "e": 52050, "w": "吗", "sp": "Agent"}, {"p": 126, "c": 0.9, "s": 52050, "e": 52276, "w": "像", "sp": "Agent"}, {"p": 127, "c": 0.9, "s": 52276, "e": 52730, "w": "价格", "sp": "Agent"}, {"p": 128, "c": 0.9, "s": 52730, "e": 53183, "w": "的话", "sp": "Agent"}, {"p": 129, "c": 0.9, "s": 53183, "e": 53635, "w": "其实", "sp": "Agent"}, {"p": 130, "c": 0.9, "s": 53636, "e": 53863, "w": "您", "sp": "Agent"}, {"p": 131, "c": 0.9, "s": 53863, "e": 54316, "w": "可以", "sp": "Agent"}, {"p": 132, "c": 0.9, "s": 54316, "e": 54543, "w": "跟", "sp": "Agent"}, {"p": 133, "c": 0.9, "s": 54543, "e": 54770, "w": "他", "sp": "Agent"}, {"p": 134, "c": 0.9, "s": 54770, "e": 54996, "w": "再", "sp": "Agent"}, {"p": 135, "c": 0.9, "s": 54996, "e": 55449, "w": "沟通", "sp": "Agent"}, {"p": 136, "c": 0.9, "s": 55450, "e": 55903, "w": "一下", "sp": "Agent"}, {"p": 137, "c": 0.9, "s": 55560, "e": 55800, "w": "呃", "sp": "Customer"}, {"p": 138, "c": 0.9, "s": 55800, "e": 56040, "w": "你", "sp": "Customer"}, {"p": 139, "c": 0.9, "s": 55903, "e": 56130, "w": "的", "sp": "Agent"}, {"p": 140, "c": 0.9, "s": 56040, "e": 56520, "w": "现在", "sp": "Customer"}, {"p": 141, "c": 0.9, "s": 56520, "e": 57000, "w": "这个", "sp": "Customer"}, {"p": 142, "c": 0.9, "s": 57000, "e": 57240, "w": "你", "sp": "Customer"}, {"p": 143, "c": 0.9, "s": 57240, "e": 57720, "w": "现在", "sp": "Customer"}, {"p": 144, "c": 0.9, "s": 57720, "e": 57960, "w": "是", "sp": "Customer"}, {"p": 145, "c": 0.9, "s": 57960, "e": 58440, "w": "网络", "sp": "Customer"}, {"p": 146, "c": 0.9, "s": 58440, "e": 59160, "w": "网络版", "sp": "Customer"}, {"p": 147, "c": 0.9, "s": 59160, "e": 59400, "w": "我", "sp": "Customer"}, {"p": 148, "c": 0.9, "s": 59400, "e": 59640, "w": "就", "sp": "Customer"}, {"p": 149, "c": 0.9, "s": 59640, "e": 59880, "w": "想", "sp": "Customer"}, {"p": 150, "c": 0.9, "s": 59880, "e": 60120, "w": "说", "sp": "Customer"}, {"p": 151, "c": 0.9, "s": 60120, "e": 60360, "w": "你", "sp": "Customer"}, {"p": 152, "c": 0.9, "s": 60360, "e": 61080, "w": "网络版", "sp": "Customer"}, {"p": 153, "c": 0.9, "s": 61080, "e": 61320, "w": "的", "sp": "Customer"}, {"p": 154, "c": 0.9, "s": 61320, "e": 62040, "w": "有没有", "sp": "Customer"}, {"p": 155, "c": 0.9, "s": 62040, "e": 62280, "w": "更", "sp": "Customer"}, {"p": 156, "c": 0.9, "s": 62280, "e": 62760, "w": "便宜", "sp": "Customer"}, {"p": 157, "c": 0.9, "s": 63980, "e": 64181, "w": "呃", "sp": "Agent"}, {"p": 158, "c": 0.9, "s": 64181, "e": 64383, "w": "是", "sp": "Agent"}, {"p": 159, "c": 0.9, "s": 64383, "e": 64787, "w": "这样", "sp": "Agent"}, {"p": 160, "c": 0.9, "s": 64787, "e": 64989, "w": "子", "sp": "Agent"}, {"p": 161, "c": 0.9, "s": 64989, "e": 65191, "w": "的", "sp": "Agent"}, {"p": 162, "c": 0.9, "s": 65191, "e": 65595, "w": "大金", "sp": "Agent"}, {"p": 163, "c": 0.9, "s": 65595, "e": 65797, "w": "是", "sp": "Agent"}, {"p": 164, "c": 0.9, "s": 65797, "e": 66201, "w": "没有", "sp": "Agent"}, {"p": 165, "c": 0.9, "s": 66201, "e": 66807, "w": "网络版", "sp": "Agent"}, {"p": 166, "c": 0.9, "s": 66807, "e": 67009, "w": "的", "sp": "Agent"}, {"p": 167, "c": 0.9, "s": 67009, "e": 67413, "w": "我们", "sp": "Agent"}, {"p": 168, "c": 0.9, "s": 67413, "e": 67615, "w": "在", "sp": "Agent"}, {"p": 169, "c": 0.9, "s": 67615, "e": 68019, "w": "网上", "sp": "Agent"}, {"p": 170, "c": 0.9, "s": 68019, "e": 68219, "w": "是", "sp": "Agent"}, {"p": 171, "c": 0.9, "s": 68220, "e": 68422, "w": "不", "sp": "Agent"}, {"p": 172, "c": 0.9, "s": 68422, "e": 68624, "w": "做", "sp": "Agent"}, {"p": 173, "c": 0.9, "s": 68480, "e": 69160, "w": "哦", "sp": "Customer"}, {"p": 174, "c": 0.9, "s": 68624, "e": 69028, "w": "销售", "sp": "Agent"}, {"p": 175, "c": 0.9, "s": 69028, "e": 69230, "w": "的", "sp": "Agent"}, {"p": 176, "c": 0.9, "s": 69160, "e": 69840, "w": "哦", "sp": "Customer"}, {"p": 177, "c": 0.9, "s": 69230, "e": 69634, "w": "我们", "sp": "Agent"}, {"p": 178, "c": 0.9, "s": 69634, "e": 69836, "w": "也", "sp": "Agent"}, {"p": 179, "c": 0.9, "s": 69836, "e": 70240, "w": "需要", "sp": "Agent"}, {"p": 180, "c": 0.9, "s": 70240, "e": 70644, "w": "安排", "sp": "Agent"}, {"p": 181, "c": 0.9, "s": 70530, "e": 70922, "w": "哦", "sp": "Customer"}, {"p": 182, "c": 0.9, "s": 70644, "e": 71048, "w": "当地", "sp": "Agent"}, {"p": 183, "c": 0.9, "s": 70922, "e": 71313, "w": "哦", "sp": "Customer"}, {"p": 184, "c": 0.9, "s": 71048, "e": 71250, "w": "的", "sp": "Agent"}, {"p": 185, "c": 0.9, "s": 71250, "e": 71654, "w": "这个", "sp": "Agent"}, {"p": 186, "c": 0.9, "s": 71314, "e": 71707, "w": "哦", "sp": "Customer"}, {"p": 187, "c": 0.9, "s": 71654, "e": 72260, "w": "经销商", "sp": "Agent"}, {"p": 188, "c": 0.9, "s": 71707, "e": 72099, "w": "这", "sp": "Customer"}, {"p": 189, "c": 0.9, "s": 72099, "e": 72884, "w": "样子", "sp": "Customer"}, {"p": 190, "c": 0.9, "s": 72540, "e": 72804, "w": "就", "sp": "Agent"}, {"p": 191, "c": 0.9, "s": 72804, "e": 73333, "w": "报价", "sp": "Agent"}, {"p": 192, "c": 0.9, "s": 72884, "e": 73276, "w": "哦", "sp": "Customer"}, {"p": 193, "c": 0.9, "s": 73276, "e": 73669, "w": "哦", "sp": "Customer"}, {"p": 194, "c": 0.9, "s": 73333, "e": 73597, "w": "的", "sp": "Agent"}, {"p": 195, "c": 0.9, "s": 73597, "e": 73862, "w": "对", "sp": "Agent"}, {"p": 196, "c": 0.9, "s": 73669, "e": 74061, "w": "哦", "sp": "Customer"}, {"p": 197, "c": 0.9, "s": 73862, "e": 74391, "w": "所以", "sp": "Agent"}, {"p": 198, "c": 0.9, "s": 74061, "e": 74452, "w": "好", "sp": "Customer"}, {"p": 199, "c": 0.9, "s": 74391, "e": 74655, "w": "说", "sp": "Agent"}, {"p": 200, "c": 0.9, "s": 74453, "e": 74846, "w": "吧", "sp": "Customer"}, {"p": 201, "c": 0.9, "s": 74655, "e": 74920, "w": "我", "sp": "Agent"}, {"p": 202, "c": 0.9, "s": 74846, "e": 75238, "w": "好", "sp": "Customer"}, {"p": 203, "c": 0.9, "s": 74920, "e": 75713, "w": "打电话", "sp": "Agent"}, {"p": 204, "c": 0.9, "s": 75238, "e": 75630, "w": "吧", "sp": "Customer"}, {"p": 205, "c": 0.9, "s": 75630, "e": 76022, "w": "哦", "sp": "Customer"}, {"p": 206, "c": 0.9, "s": 75713, "e": 75977, "w": "给", "sp": "Agent"}, {"p": 207, "c": 0.9, "s": 75977, "e": 76242, "w": "您", "sp": "Agent"}, {"p": 208, "c": 0.9, "s": 76023, "e": 76415, "w": "哦", "sp": "Customer"}, {"p": 209, "c": 0.9, "s": 76242, "e": 76506, "w": "是", "sp": "Agent"}, {"p": 210, "c": 0.9, "s": 76415, "e": 76808, "w": "哦", "sp": "Customer"}, {"p": 211, "c": 0.9, "s": 76506, "e": 76771, "w": "想", "sp": "Agent"}, {"p": 212, "c": 0.9, "s": 76771, "e": 77035, "w": "问", "sp": "Agent"}, {"p": 213, "c": 0.9, "s": 76808, "e": 77200, "w": "哦", "sp": "Customer"}, {"p": 214, "c": 0.9, "s": 77035, "e": 77300, "w": "您", "sp": "Agent"}, {"p": 215, "c": 0.9, "s": 77200, "e": 77985, "w": "好好", "sp": "Customer"}, {"p": 216, "c": 0.9, "s": 77830, "e": 78036, "w": "您", "sp": "Agent"}, {"p": 217, "c": 0.9, "s": 77985, "e": 78377, "w": "哦", "sp": "Customer"}, {"p": 218, "c": 0.9, "s": 78036, "e": 78243, "w": "对", "sp": "Agent"}, {"p": 219, "c": 0.9, "s": 78243, "e": 78450, "w": "他", "sp": "Agent"}, {"p": 220, "c": 0.9, "s": 78377, "e": 78770, "w": "那", "sp": "Customer"}, {"p": 221, "c": 0.9, "s": 78450, "e": 78656, "w": "的", "sp": "Agent"}, {"p": 222, "c": 0.9, "s": 78656, "e": 79070, "w": "那个", "sp": "Agent"}, {"p": 223, "c": 0.9, "s": 79070, "e": 79483, "w": "报价", "sp": "Agent"}, {"p": 224, "c": 0.9, "s": 79483, "e": 79690, "w": "是", "sp": "Agent"}, {"p": 225, "c": 0.9, "s": 79690, "e": 79896, "w": "有", "sp": "Agent"}, {"p": 226, "c": 0.9, "s": 79896, "e": 80310, "w": "什么", "sp": "Agent"}, {"p": 227, "c": 0.9, "s": 80310, "e": 80723, "w": "疑虑", "sp": "Agent"}, {"p": 228, "c": 0.9, "s": 80540, "e": 80905, "w": "呃", "sp": "Customer"}, {"p": 229, "c": 0.9, "s": 80723, "e": 80930, "w": "吗", "sp": "Agent"}, {"p": 230, "c": 0.9, "s": 80905, "e": 81271, "w": "我", "sp": "Customer"}, {"p": 231, "c": 0.9, "s": 81271, "e": 82002, "w": "觉得", "sp": "Customer"}, {"p": 232, "c": 0.9, "s": 82002, "e": 82734, "w": "有点", "sp": "Customer"}, {"p": 233, "c": 0.9, "s": 82734, "e": 83100, "w": "贵", "sp": "Customer"}, {"p": 234, "c": 0.9, "s": 84290, "e": 84686, "w": "啊", "sp": "Agent"}, {"p": 235, "c": 0.9, "s": 84686, "e": 85083, "w": "那", "sp": "Agent"}, {"p": 236, "c": 0.9, "s": 85083, "e": 85480, "w": "像", "sp": "Agent"}, {"p": 237, "c": 0.9, "s": 86040, "e": 86580, "w": "一下", "sp": "Agent"}, {"p": 238, "c": 0.9, "s": 86580, "e": 86850, "w": "的", "sp": "Agent"}, {"p": 239, "c": 0.9, "s": 86850, "e": 87390, "w": "因为", "sp": "Agent"}, {"p": 240, "c": 0.9, "s": 88010, "e": 88406, "w": "本质", "sp": "Agent"}, {"p": 241, "c": 0.9, "s": 88406, "e": 89001, "w": "差不多", "sp": "Agent"}, {"p": 242, "c": 0.9, "s": 89001, "e": 89199, "w": "的", "sp": "Agent"}, {"p": 243, "c": 0.9, "s": 89199, "e": 89397, "w": "您", "sp": "Agent"}, {"p": 244, "c": 0.9, "s": 89398, "e": 89596, "w": "要", "sp": "Agent"}, {"p": 245, "c": 0.9, "s": 89596, "e": 89794, "w": "您", "sp": "Agent"}, {"p": 246, "c": 0.9, "s": 89794, "e": 89992, "w": "您", "sp": "Agent"}, {"p": 247, "c": 0.9, "s": 89992, "e": 90389, "w": "可以", "sp": "Agent"}, {"p": 248, "c": 0.9, "s": 90389, "e": 90587, "w": "让", "sp": "Agent"}, {"p": 249, "c": 0.9, "s": 90587, "e": 90785, "w": "他", "sp": "Agent"}, {"p": 250, "c": 0.9, "s": 90786, "e": 90984, "w": "给", "sp": "Agent"}, {"p": 251, "c": 0.9, "s": 90984, "e": 91182, "w": "他", "sp": "Agent"}, {"p": 252, "c": 0.9, "s": 91182, "e": 91381, "w": "给", "sp": "Agent"}, {"p": 253, "c": 0.9, "s": 91381, "e": 91578, "w": "您", "sp": "Agent"}, {"p": 254, "c": 0.9, "s": 91579, "e": 91777, "w": "做", "sp": "Agent"}, {"p": 255, "c": 0.9, "s": 91777, "e": 92174, "w": "一个", "sp": "Agent"}, {"p": 256, "c": 0.9, "s": 92174, "e": 92570, "w": "这个", "sp": "Agent"}, {"p": 257, "c": 0.9, "s": 92570, "e": 92967, "w": "详细", "sp": "Agent"}, {"p": 258, "c": 0.9, "s": 92967, "e": 93165, "w": "的", "sp": "Agent"}, {"p": 259, "c": 0.9, "s": 93165, "e": 93562, "w": "配置", "sp": "Agent"}, {"p": 260, "c": 0.9, "s": 93562, "e": 93759, "w": "单", "sp": "Agent"}, {"p": 261, "c": 0.9, "s": 93760, "e": 93958, "w": "呃", "sp": "Agent"}, {"p": 262, "c": 0.9, "s": 93958, "e": 94355, "w": "包括", "sp": "Agent"}, {"p": 263, "c": 0.9, "s": 94355, "e": 94752, "w": "这个", "sp": "Agent"}, {"p": 264, "c": 0.9, "s": 94752, "e": 94950, "w": "排", "sp": "Agent"}, {"p": 265, "c": 0.9, "s": 94950, "e": 95347, "w": "管道", "sp": "Agent"}, {"p": 266, "c": 0.9, "s": 95347, "e": 95545, "w": "都", "sp": "Agent"}, {"p": 267, "c": 0.9, "s": 95545, "e": 95743, "w": "算", "sp": "Agent"}, {"p": 268, "c": 0.9, "s": 95743, "e": 96140, "w": "进去", "sp": "Agent"}, {"p": 269, "c": 0.9, "s": 96080, "e": 96407, "w": "啊", "sp": "Customer"}, {"p": 270, "c": 0.9, "s": 96140, "e": 96338, "w": "您", "sp": "Agent"}, {"p": 271, "c": 0.9, "s": 96338, "e": 96735, "w": "可以", "sp": "Agent"}, {"p": 272, "c": 0.9, "s": 96407, "e": 96734, "w": "好", "sp": "Customer"}, {"p": 273, "c": 0.9, "s": 96734, "e": 97388, "w": "好好", "sp": "Customer"}, {"p": 274, "c": 0.9, "s": 96735, "e": 96933, "w": "看", "sp": "Agent"}, {"p": 275, "c": 0.9, "s": 96933, "e": 97330, "w": "一下", "sp": "Agent"}, {"p": 276, "c": 0.9, "s": 97388, "e": 98042, "w": "可以", "sp": "Customer"}, {"p": 277, "c": 0.9, "s": 98042, "e": 98696, "w": "好好", "sp": "Customer"}, {"p": 278, "c": 0.9, "s": 98670, "e": 98937, "w": "嗯", "sp": "Agent"}, {"p": 279, "c": 0.9, "s": 98696, "e": 99350, "w": "谢谢", "sp": "Customer"}, {"p": 280, "c": 0.9, "s": 98937, "e": 99204, "w": "嗯", "sp": "Agent"}, {"p": 281, "c": 0.9, "s": 99205, "e": 99473, "w": "嗯", "sp": "Agent"}, {"p": 282, "c": 0.9, "s": 99350, "e": 99677, "w": "啊", "sp": "Customer"}, {"p": 283, "c": 0.9, "s": 99473, "e": 100008, "w": "好好", "sp": "Agent"}, {"p": 284, "c": 0.9, "s": 99677, "e": 100004, "w": "嗯", "sp": "Customer"}, {"p": 285, "c": 0.9, "s": 100004, "e": 100658, "w": "拜拜", "sp": "Customer"}, {"p": 286, "c": 0.9, "s": 100008, "e": 100276, "w": "好", "sp": "Agent"}, {"p": 287, "c": 0.9, "s": 100276, "e": 100543, "w": "嗯", "sp": "Agent"}, {"p": 288, "c": 0.9, "s": 100543, "e": 100811, "w": "那", "sp": "Agent"}, {"p": 289, "c": 0.9, "s": 100658, "e": 100985, "w": "嗯", "sp": "Customer"}, {"p": 290, "c": 0.9, "s": 100811, "e": 101078, "w": "不", "sp": "Agent"}, {"p": 291, "c": 0.9, "s": 100985, "e": 101312, "w": "嗯", "sp": "Customer"}, {"p": 292, "c": 0.9, "s": 101079, "e": 101614, "w": "打扰", "sp": "Agent"}, {"p": 293, "c": 0.9, "s": 101312, "e": 101640, "w": "嗯", "sp": "Customer"}, {"p": 294, "c": 0.9, "s": 101614, "e": 101882, "w": "您", "sp": "Agent"}, {"p": 295, "c": 0.9, "s": 101882, "e": 102150, "w": "了", "sp": "Agent"}, {"p": 296, "c": 0.9, "s": 102430, "e": 102745, "w": "诶", "sp": "Agent"}, {"p": 297, "c": 0.9, "s": 102745, "e": 103060, "w": "好", "sp": "Agent"}, {"p": 298, "c": 0.9, "s": 103060, "e": 103689, "w": "再见", "sp": "Agent"}]}, "plainText": "喂\n哎 您好 女士 这边 是 大金 空调 的 客服\n哦\n啊\n你好 嗯\n嗯 您好 刚刚 在 那个 联系 过 的 嗯 您 是 有 去 我们 线 下 的 这个 门店 去 看过\n对\n了 对 吧 嗯 有 给 您 做 详细 的 这个 配置 单\n呃 有 他 就是说 一拖 呃 我 要\n幺\n是不是 一拖 一拖 三 嘛\n嗯\n嗯 嗯 喂喂\n您 详细 的 这个 型号 配置 和 价格\n行\n是\n呃\n吗\n型号 型号 我 只 记得 他 说 一 一百二 什么 什么 东西 的\n只有 一个 一百二 这种 型号 内 机 的 这个 型号 是\n对\n没有 给 您 的 是 吗 啊 那 您 有 就是 有 跟 他 留 电话 就是 继续 保持 沟通 吗 像 价格 的话 其实 您 可以 跟 他 再 沟通 一下\n呃 你\n的\n现在 这个 你 现在 是 网络 网络版 我 就 想 说 你 网络版 的 有没有 更 便宜\n呃 是 这样 子 的 大金 是 没有 网络版 的 我们 在 网上 是 不 做\n哦\n销售 的\n哦\n我们 也 需要 安排\n哦\n当地\n哦\n的 这个\n哦\n经销商\n这 样子\n就 报价\n哦 哦\n的 对\n哦\n所以\n好\n说\n吧\n我\n好\n打电话\n吧 哦\n给 您\n哦\n是\n哦\n想 问\n哦\n您\n好好\n您\n哦\n对 他\n那\n的 那个 报价 是 有 什么 疑虑\n呃\n吗\n我 觉得 有点 贵\n啊 那 像 一下 的 因为 本质 差不多 的 您 要 您 您 可以 让 他 给 他 给 您 做 一个 这个 详细 的 配置 单 呃 包括 这个 排 管道 都 算 进去\n啊\n您 可以\n好 好好\n看 一下\n可以 好好\n嗯\n谢谢\n嗯 嗯\n啊\n好好\n嗯 拜拜\n好 嗯 那\n嗯\n不\n嗯\n打扰\n嗯\n您 了 诶 好 再见", "plainTextTime": {"verbatims": [{"s": 0, "e": 830, "w": "喂", "sp": "Customer"}, {"s": 1170, "e": 4410, "w": "哎 您好 女士 这边 是 大金 空调 的 客服", "sp": "Agent"}, {"s": 4600, "e": 5105, "w": "哦", "sp": "Customer"}, {"s": 4750, "e": 5620, "w": "啊", "sp": "Agent"}, {"s": 5105, "e": 6620, "w": "你好 嗯", "sp": "Customer"}, {"s": 6710, "e": 14260, "w": "嗯 您好 刚刚 在 那个 联系 过 的 嗯 您 是 有 去 我们 线 下 的 这个 门店 去 看过", "sp": "Agent"}, {"s": 13950, "e": 15080, "w": "对", "sp": "Customer"}, {"s": 14260, "e": 18890, "w": "了 对 吧 嗯 有 给 您 做 详细 的 这个 配置 单", "sp": "Agent"}, {"s": 19880, "e": 23317, "w": "呃 有 他 就是说 一拖 呃 我 要", "sp": "Customer"}, {"s": 23090, "e": 24020, "w": "幺", "sp": "Agent"}, {"s": 23317, "e": 26130, "w": "是不是 一拖 一拖 三 嘛", "sp": "Customer"}, {"s": 26850, "e": 28070, "w": "嗯", "sp": "Agent"}, {"s": 26990, "e": 31250, "w": "嗯 嗯 喂喂", "sp": "Customer"}, {"s": 30270, "e": 33441, "w": "您 详细 的 这个 型号 配置 和 价格", "sp": "Agent"}, {"s": 33350, "e": 33636, "w": "行", "sp": "Customer"}, {"s": 33442, "e": 33686, "w": "是", "sp": "Agent"}, {"s": 33637, "e": 33925, "w": "呃", "sp": "Customer"}, {"s": 33686, "e": 33930, "w": "吗", "sp": "Agent"}, {"s": 33925, "e": 39969, "w": "型号 型号 我 只 记得 他 说 一 一百二 什么 什么 东西 的", "sp": "Customer"}, {"s": 41690, "e": 45292, "w": "只有 一个 一百二 这种 型号 内 机 的 这个 型号 是", "sp": "Agent"}, {"s": 45260, "e": 46300, "w": "对", "sp": "Customer"}, {"s": 45292, "e": 55903, "w": "没有 给 您 的 是 吗 啊 那 您 有 就是 有 跟 他 留 电话 就是 继续 保持 沟通 吗 像 价格 的话 其实 您 可以 跟 他 再 沟通 一下", "sp": "Agent"}, {"s": 55560, "e": 56040, "w": "呃 你", "sp": "Customer"}, {"s": 55903, "e": 56130, "w": "的", "sp": "Agent"}, {"s": 56040, "e": 62760, "w": "现在 这个 你 现在 是 网络 网络版 我 就 想 说 你 网络版 的 有没有 更 便宜", "sp": "Customer"}, {"s": 63980, "e": 68624, "w": "呃 是 这样 子 的 大金 是 没有 网络版 的 我们 在 网上 是 不 做", "sp": "Agent"}, {"s": 68480, "e": 69160, "w": "哦", "sp": "Customer"}, {"s": 68624, "e": 69230, "w": "销售 的", "sp": "Agent"}, {"s": 69160, "e": 69840, "w": "哦", "sp": "Customer"}, {"s": 69230, "e": 70644, "w": "我们 也 需要 安排", "sp": "Agent"}, {"s": 70530, "e": 70922, "w": "哦", "sp": "Customer"}, {"s": 70644, "e": 71048, "w": "当地", "sp": "Agent"}, {"s": 70922, "e": 71313, "w": "哦", "sp": "Customer"}, {"s": 71048, "e": 71654, "w": "的 这个", "sp": "Agent"}, {"s": 71314, "e": 71707, "w": "哦", "sp": "Customer"}, {"s": 71654, "e": 72260, "w": "经销商", "sp": "Agent"}, {"s": 71707, "e": 72884, "w": "这 样子", "sp": "Customer"}, {"s": 72540, "e": 73333, "w": "就 报价", "sp": "Agent"}, {"s": 72884, "e": 73669, "w": "哦 哦", "sp": "Customer"}, {"s": 73333, "e": 73862, "w": "的 对", "sp": "Agent"}, {"s": 73669, "e": 74061, "w": "哦", "sp": "Customer"}, {"s": 73862, "e": 74391, "w": "所以", "sp": "Agent"}, {"s": 74061, "e": 74452, "w": "好", "sp": "Customer"}, {"s": 74391, "e": 74655, "w": "说", "sp": "Agent"}, {"s": 74453, "e": 74846, "w": "吧", "sp": "Customer"}, {"s": 74655, "e": 74920, "w": "我", "sp": "Agent"}, {"s": 74846, "e": 75238, "w": "好", "sp": "Customer"}, {"s": 74920, "e": 75713, "w": "打电话", "sp": "Agent"}, {"s": 75238, "e": 76022, "w": "吧 哦", "sp": "Customer"}, {"s": 75713, "e": 76242, "w": "给 您", "sp": "Agent"}, {"s": 76023, "e": 76415, "w": "哦", "sp": "Customer"}, {"s": 76242, "e": 76506, "w": "是", "sp": "Agent"}, {"s": 76415, "e": 76808, "w": "哦", "sp": "Customer"}, {"s": 76506, "e": 77035, "w": "想 问", "sp": "Agent"}, {"s": 76808, "e": 77200, "w": "哦", "sp": "Customer"}, {"s": 77035, "e": 77300, "w": "您", "sp": "Agent"}, {"s": 77200, "e": 77985, "w": "好好", "sp": "Customer"}, {"s": 77830, "e": 78036, "w": "您", "sp": "Agent"}, {"s": 77985, "e": 78377, "w": "哦", "sp": "Customer"}, {"s": 78036, "e": 78450, "w": "对 他", "sp": "Agent"}, {"s": 78377, "e": 78770, "w": "那", "sp": "Customer"}, {"s": 78450, "e": 80723, "w": "的 那个 报价 是 有 什么 疑虑", "sp": "Agent"}, {"s": 80540, "e": 80905, "w": "呃", "sp": "Customer"}, {"s": 80723, "e": 80930, "w": "吗", "sp": "Agent"}, {"s": 80905, "e": 83100, "w": "我 觉得 有点 贵", "sp": "Customer"}, {"s": 84290, "e": 96140, "w": "啊 那 像 一下 的 因为 本质 差不多 的 您 要 您 您 可以 让 他 给 他 给 您 做 一个 这个 详细 的 配置 单 呃 包括 这个 排 管道 都 算 进去", "sp": "Agent"}, {"s": 96080, "e": 96407, "w": "啊", "sp": "Customer"}, {"s": 96140, "e": 96735, "w": "您 可以", "sp": "Agent"}, {"s": 96407, "e": 97388, "w": "好 好好", "sp": "Customer"}, {"s": 96735, "e": 97330, "w": "看 一下", "sp": "Agent"}, {"s": 97388, "e": 98696, "w": "可以 好好", "sp": "Customer"}, {"s": 98670, "e": 98937, "w": "嗯", "sp": "Agent"}, {"s": 98696, "e": 99350, "w": "谢谢", "sp": "Customer"}, {"s": 98937, "e": 99473, "w": "嗯 嗯", "sp": "Agent"}, {"s": 99350, "e": 99677, "w": "啊", "sp": "Customer"}, {"s": 99473, "e": 100008, "w": "好好", "sp": "Agent"}, {"s": 99677, "e": 100658, "w": "嗯 拜拜", "sp": "Customer"}, {"s": 100008, "e": 100811, "w": "好 嗯 那", "sp": "Agent"}, {"s": 100658, "e": 100985, "w": "嗯", "sp": "Customer"}, {"s": 100811, "e": 101078, "w": "不", "sp": "Agent"}, {"s": 100985, "e": 101312, "w": "嗯", "sp": "Customer"}, {"s": 101079, "e": 101614, "w": "打扰", "sp": "Agent"}, {"s": 101312, "e": 101640, "w": "嗯", "sp": "Customer"}, {"s": 101614, "e": 103689, "w": "您 了 诶 好 再见", "sp": "Agent"}]}, "aqm": {"greeting": {"greeting_said": "您好, 女士, 大金, 空调, 客服", "n_greeting_said": 5, "score": 1}, "closing": {"closing_said": "您, 再见", "n_closing_said": 2, "score": 0}, "speed": {"speed_max": 5.27, "n_words": 19, "words": "只有 一个 一百二 这种 型号 内 机 的 这个 型号 是", "start": 41690, "end": 45292}}}