{"mediaId": "2022031316155755108747451278303001", "status": "Success", "dateCreated": "2022-03-21T18:45:50Z", "contentType": "audio/x-wav", "channels": "future use", "length": 98, "metadata": {"Sid": 10113, "Site_id": 783, "Audio_ch_num": 87474512, "Audio_module_num": 783001, "Audio_start_time_gmt": "2022-03-13T08:15:57.55+08:00", "Transaction_id": "2022031316155755108747451278303001", "ContactID": "9144801375750000301", "Personal_id": "0", "Direction": 2, "Local_audio_start_time": "2022-03-13T16:15:57.55+08:00", "Local_audio_end_time": "2022-03-13T16:17:35.55+08:00", "Total_hold_time": "0", "Pbx_login_id": "800021", "Ani": "600018", "Extension": "600018", "String_extension": "600018", "Switch_call_id": "006f0330e46d5051", "Switch_id": "783000001", "Duration_seconds": 98, "Wrapup_time_in_seconds": "0", "Dnis": "13764077508", "Number_of_conferences": "0", "Number_of_holds": "0", "Number_of_transfers": "0", "Percent_of_agent_call": "38", "Percent_of_other_call": "21", "Percent_of_mutual_silence": "19", "Num_of_agent_cross": "14", "Num_of_other_cross": "7", "IsException": 0, "CD2": "013GVT56OG919AP72LUHVB5AES000CIR"}, "transcript_detailed": {"words": [{"p": 1, "c": 0.9, "s": 110, "e": 573, "w": "喂", "sp": "Customer"}, {"p": 2, "c": 0.9, "s": 573, "e": 1500, "w": "你好", "sp": "Customer"}, {"p": 3, "c": 0.9, "s": 1440, "e": 1626, "w": "哎", "sp": "Agent"}, {"p": 4, "c": 0.9, "s": 1626, "e": 1998, "w": "您好", "sp": "Agent"}, {"p": 5, "c": 0.9, "s": 1998, "e": 2370, "w": "先生", "sp": "Agent"}, {"p": 6, "c": 0.9, "s": 2370, "e": 2742, "w": "这边", "sp": "Agent"}, {"p": 7, "c": 0.9, "s": 2743, "e": 2929, "w": "是", "sp": "Agent"}, {"p": 8, "c": 0.9, "s": 2929, "e": 3301, "w": "大金", "sp": "Agent"}, {"p": 9, "c": 0.9, "s": 3301, "e": 3674, "w": "空调", "sp": "Agent"}, {"p": 10, "c": 0.9, "s": 3674, "e": 4046, "w": "厂房", "sp": "Agent"}, {"p": 11, "c": 0.9, "s": 4046, "e": 4232, "w": "想", "sp": "Agent"}, {"p": 12, "c": 0.9, "s": 4232, "e": 4418, "w": "跟", "sp": "Agent"}, {"p": 13, "c": 0.9, "s": 4419, "e": 4605, "w": "您", "sp": "Agent"}, {"p": 14, "c": 0.9, "s": 4605, "e": 4791, "w": "做", "sp": "Agent"}, {"p": 15, "c": 0.9, "s": 4791, "e": 4977, "w": "个", "sp": "Agent"}, {"p": 16, "c": 0.9, "s": 4977, "e": 5350, "w": "简单", "sp": "Agent"}, {"p": 17, "c": 0.9, "s": 5790, "e": 6106, "w": "还", "sp": "Agent"}, {"p": 18, "c": 0.9, "s": 6106, "e": 6423, "w": "没", "sp": "Agent"}, {"p": 19, "c": 0.9, "s": 6423, "e": 6740, "w": "还", "sp": "Agent"}, {"p": 20, "c": 0.9, "s": 7170, "e": 7653, "w": "嗯", "sp": "Customer"}, {"p": 21, "c": 0.9, "s": 7653, "e": 8135, "w": "你", "sp": "Customer"}, {"p": 22, "c": 0.9, "s": 8135, "e": 8620, "w": "说", "sp": "Customer"}, {"p": 23, "c": 0.9, "s": 8980, "e": 9162, "w": "嗯", "sp": "Agent"}, {"p": 24, "c": 0.9, "s": 9162, "e": 9344, "w": "你", "sp": "Agent"}, {"p": 25, "c": 0.9, "s": 9344, "e": 9526, "w": "说", "sp": "Agent"}, {"p": 26, "c": 0.9, "s": 9526, "e": 9708, "w": "嗯", "sp": "Agent"}, {"p": 27, "c": 0.9, "s": 9708, "e": 10072, "w": "就是", "sp": "Agent"}, {"p": 28, "c": 0.9, "s": 10072, "e": 10618, "w": "二月份", "sp": "Agent"}, {"p": 29, "c": 0.9, "s": 10618, "e": 10800, "w": "的", "sp": "Agent"}, {"p": 30, "c": 0.9, "s": 10800, "e": 11165, "w": "时候", "sp": "Agent"}, {"p": 31, "c": 0.9, "s": 11165, "e": 11347, "w": "有", "sp": "Agent"}, {"p": 32, "c": 0.9, "s": 11347, "e": 11529, "w": "您", "sp": "Agent"}, {"p": 33, "c": 0.9, "s": 11529, "e": 11893, "w": "这边", "sp": "Agent"}, {"p": 34, "c": 0.9, "s": 11893, "e": 12075, "w": "有", "sp": "Agent"}, {"p": 35, "c": 0.9, "s": 12075, "e": 12257, "w": "个", "sp": "Agent"}, {"p": 36, "c": 0.9, "s": 12257, "e": 12621, "w": "店铺", "sp": "Agent"}, {"p": 37, "c": 0.9, "s": 12621, "e": 12803, "w": "要", "sp": "Agent"}, {"p": 38, "c": 0.9, "s": 12803, "e": 12986, "w": "装", "sp": "Agent"}, {"p": 39, "c": 0.9, "s": 12986, "e": 13350, "w": "空调", "sp": "Agent"}, {"p": 40, "c": 0.9, "s": 13350, "e": 13714, "w": "然后", "sp": "Agent"}, {"p": 41, "c": 0.9, "s": 13714, "e": 13896, "w": "有", "sp": "Agent"}, {"p": 42, "c": 0.9, "s": 13896, "e": 14260, "w": "安排", "sp": "Agent"}, {"p": 43, "c": 0.9, "s": 14260, "e": 14989, "w": "工作人员", "sp": "Agent"}, {"p": 44, "c": 0.9, "s": 14989, "e": 15353, "w": "对接", "sp": "Agent"}, {"p": 45, "c": 0.9, "s": 15353, "e": 15535, "w": "的", "sp": "Agent"}, {"p": 46, "c": 0.9, "s": 15490, "e": 15769, "w": "呃", "sp": "Customer"}, {"p": 47, "c": 0.9, "s": 15535, "e": 15899, "w": "现在", "sp": "Agent"}, {"p": 48, "c": 0.9, "s": 15770, "e": 16330, "w": "已经", "sp": "Customer"}, {"p": 49, "c": 0.9, "s": 15899, "e": 16080, "w": "有", "sp": "Agent"}, {"p": 50, "c": 0.9, "s": 16080, "e": 16445, "w": "联系", "sp": "Agent"}, {"p": 51, "c": 0.9, "s": 16330, "e": 16890, "w": "装上", "sp": "Customer"}, {"p": 52, "c": 0.9, "s": 16445, "e": 16626, "w": "您", "sp": "Agent"}, {"p": 53, "c": 0.9, "s": 16627, "e": 16810, "w": "吗", "sp": "Agent"}, {"p": 54, "c": 0.9, "s": 16890, "e": 17170, "w": "了", "sp": "Customer"}, {"p": 55, "c": 0.9, "s": 17090, "e": 17496, "w": "啊", "sp": "Agent"}, {"p": 56, "c": 0.9, "s": 17170, "e": 17730, "w": "我们", "sp": "Customer"}, {"p": 57, "c": 0.9, "s": 17496, "e": 18310, "w": "已经", "sp": "Agent"}, {"p": 58, "c": 0.9, "s": 17730, "e": 18289, "w": "已经", "sp": "Customer"}, {"p": 59, "c": 0.9, "s": 18290, "e": 18570, "w": "装", "sp": "Customer"}, {"p": 60, "c": 0.9, "s": 18570, "e": 18850, "w": "了", "sp": "Customer"}, {"p": 61, "c": 0.9, "s": 18590, "e": 19296, "w": "嗯", "sp": "Agent"}, {"p": 62, "c": 0.9, "s": 18850, "e": 19410, "w": "大厅", "sp": "Customer"}, {"p": 63, "c": 0.9, "s": 19296, "e": 20710, "w": "就是", "sp": "Agent"}, {"p": 64, "c": 0.9, "s": 19410, "e": 19690, "w": "的", "sp": "Customer"}, {"p": 65, "c": 0.9, "s": 19690, "e": 19970, "w": "了", "sp": "Customer"}, {"p": 66, "c": 0.9, "s": 19970, "e": 20250, "w": "对", "sp": "Customer"}, {"p": 67, "c": 0.9, "s": 21090, "e": 21287, "w": "嗯", "sp": "Agent"}, {"p": 68, "c": 0.9, "s": 21287, "e": 21484, "w": "好", "sp": "Agent"}, {"p": 69, "c": 0.9, "s": 21484, "e": 21682, "w": "的", "sp": "Agent"}, {"p": 70, "c": 0.9, "s": 21682, "e": 21879, "w": "好", "sp": "Agent"}, {"p": 71, "c": 0.9, "s": 21879, "e": 22077, "w": "的", "sp": "Agent"}, {"p": 72, "c": 0.9, "s": 22077, "e": 22472, "w": "这边", "sp": "Agent"}, {"p": 73, "c": 0.9, "s": 22472, "e": 22866, "w": "就是", "sp": "Agent"}, {"p": 74, "c": 0.9, "s": 22866, "e": 23064, "w": "做", "sp": "Agent"}, {"p": 75, "c": 0.9, "s": 23064, "e": 23261, "w": "个", "sp": "Agent"}, {"p": 76, "c": 0.9, "s": 23261, "e": 23656, "w": "简单", "sp": "Agent"}, {"p": 77, "c": 0.9, "s": 23430, "e": 24580, "w": "嗯", "sp": "Customer"}, {"p": 78, "c": 0.9, "s": 23656, "e": 23854, "w": "的", "sp": "Agent"}, {"p": 79, "c": 0.9, "s": 23854, "e": 24248, "w": "回访", "sp": "Agent"}, {"p": 80, "c": 0.9, "s": 24248, "e": 24643, "w": "当时", "sp": "Agent"}, {"p": 81, "c": 0.9, "s": 24643, "e": 24841, "w": "呃", "sp": "Agent"}, {"p": 82, "c": 0.9, "s": 24841, "e": 25432, "w": "经销商", "sp": "Agent"}, {"p": 83, "c": 0.9, "s": 25433, "e": 25828, "w": "联系", "sp": "Agent"}, {"p": 84, "c": 0.9, "s": 25828, "e": 26025, "w": "您", "sp": "Agent"}, {"p": 85, "c": 0.9, "s": 26025, "e": 26223, "w": "的", "sp": "Agent"}, {"p": 86, "c": 0.9, "s": 26223, "e": 26618, "w": "时候", "sp": "Agent"}, {"p": 87, "c": 0.9, "s": 26618, "e": 26815, "w": "有", "sp": "Agent"}, {"p": 88, "c": 0.9, "s": 26815, "e": 27013, "w": "说", "sp": "Agent"}, {"p": 89, "c": 0.9, "s": 27013, "e": 27210, "w": "是", "sp": "Agent"}, {"p": 90, "c": 0.9, "s": 27210, "e": 27605, "w": "我们", "sp": "Agent"}, {"p": 91, "c": 0.9, "s": 27605, "e": 27802, "w": "天", "sp": "Agent"}, {"p": 92, "c": 0.9, "s": 27802, "e": 28000, "w": "猫", "sp": "Agent"}, {"p": 93, "c": 0.9, "s": 27850, "e": 28500, "w": "对", "sp": "Customer"}, {"p": 94, "c": 0.9, "s": 28000, "e": 28395, "w": "安排", "sp": "Agent"}, {"p": 95, "c": 0.9, "s": 28395, "e": 28592, "w": "的", "sp": "Agent"}, {"p": 96, "c": 0.9, "s": 28500, "e": 29150, "w": "对", "sp": "Customer"}, {"p": 97, "c": 0.9, "s": 28592, "e": 28789, "w": "吗", "sp": "Agent"}, {"p": 98, "c": 0.9, "s": 29150, "e": 29800, "w": "对", "sp": "Customer"}, {"p": 99, "c": 0.9, "s": 29300, "e": 29630, "w": "对", "sp": "Agent"}, {"p": 100, "c": 0.9, "s": 29631, "e": 29962, "w": "对", "sp": "Agent"}, {"p": 101, "c": 0.9, "s": 29962, "e": 30294, "w": "嗯", "sp": "Agent"}, {"p": 102, "c": 0.9, "s": 30200, "e": 30531, "w": "对", "sp": "Customer"}, {"p": 103, "c": 0.9, "s": 30294, "e": 30625, "w": "说", "sp": "Agent"}, {"p": 104, "c": 0.9, "s": 30531, "e": 31193, "w": "厂房", "sp": "Customer"}, {"p": 105, "c": 0.9, "s": 30625, "e": 30957, "w": "了", "sp": "Agent"}, {"p": 106, "c": 0.9, "s": 30957, "e": 31288, "w": "对", "sp": "Agent"}, {"p": 107, "c": 0.9, "s": 31193, "e": 31856, "w": "安排", "sp": "Customer"}, {"p": 108, "c": 0.9, "s": 31288, "e": 31620, "w": "吧", "sp": "Agent"}, {"p": 109, "c": 0.9, "s": 31856, "e": 32187, "w": "的", "sp": "Customer"}, {"p": 110, "c": 0.9, "s": 32187, "e": 32518, "w": "对", "sp": "Customer"}, {"p": 111, "c": 0.9, "s": 32518, "e": 32850, "w": "嗯", "sp": "Customer"}, {"p": 112, "c": 0.9, "s": 32750, "e": 32973, "w": "嗯", "sp": "Agent"}, {"p": 113, "c": 0.9, "s": 32973, "e": 33196, "w": "那", "sp": "Agent"}, {"p": 114, "c": 0.9, "s": 33196, "e": 33419, "w": "他", "sp": "Agent"}, {"p": 115, "c": 0.9, "s": 33419, "e": 33642, "w": "那", "sp": "Agent"}, {"p": 116, "c": 0.9, "s": 33642, "e": 33865, "w": "他", "sp": "Agent"}, {"p": 117, "c": 0.9, "s": 33866, "e": 34089, "w": "有", "sp": "Agent"}, {"p": 118, "c": 0.9, "s": 34089, "e": 34535, "w": "邀请", "sp": "Agent"}, {"p": 119, "c": 0.9, "s": 34535, "e": 34758, "w": "您", "sp": "Agent"}, {"p": 120, "c": 0.9, "s": 34758, "e": 34982, "w": "到", "sp": "Agent"}, {"p": 121, "c": 0.9, "s": 34982, "e": 35204, "w": "他", "sp": "Agent"}, {"p": 122, "c": 0.9, "s": 35205, "e": 35428, "w": "店", "sp": "Agent"}, {"p": 123, "c": 0.9, "s": 35310, "e": 35690, "w": "有", "sp": "Customer"}, {"p": 124, "c": 0.9, "s": 35428, "e": 35874, "w": "里面", "sp": "Agent"}, {"p": 125, "c": 0.9, "s": 35690, "e": 36452, "w": "但是", "sp": "Customer"}, {"p": 126, "c": 0.9, "s": 35874, "e": 36098, "w": "去", "sp": "Agent"}, {"p": 127, "c": 0.9, "s": 36098, "e": 36321, "w": "吗", "sp": "Agent"}, {"p": 128, "c": 0.9, "s": 36321, "e": 36767, "w": "还是", "sp": "Agent"}, {"p": 129, "c": 0.9, "s": 36452, "e": 37214, "w": "我们", "sp": "Customer"}, {"p": 130, "c": 0.9, "s": 36767, "e": 36989, "w": "说", "sp": "Agent"}, {"p": 131, "c": 0.9, "s": 36990, "e": 37437, "w": "直接", "sp": "Agent"}, {"p": 132, "c": 0.9, "s": 37214, "e": 37975, "w": "我们", "sp": "Customer"}, {"p": 133, "c": 0.9, "s": 37437, "e": 37660, "w": "去", "sp": "Agent"}, {"p": 134, "c": 0.9, "s": 37660, "e": 38106, "w": "现场", "sp": "Agent"}, {"p": 135, "c": 0.9, "s": 37975, "e": 38356, "w": "没", "sp": "Customer"}, {"p": 136, "c": 0.9, "s": 38106, "e": 38329, "w": "的", "sp": "Agent"}, {"p": 137, "c": 0.9, "s": 38356, "e": 38737, "w": "没", "sp": "Customer"}, {"p": 138, "c": 0.9, "s": 38737, "e": 39499, "w": "有空", "sp": "Customer"}, {"p": 139, "c": 0.9, "s": 39499, "e": 39880, "w": "去", "sp": "Customer"}, {"p": 140, "c": 0.9, "s": 40160, "e": 40391, "w": "我", "sp": "Customer"}, {"p": 141, "c": 0.9, "s": 40391, "e": 40855, "w": "只是", "sp": "Customer"}, {"p": 142, "c": 0.9, "s": 40440, "e": 40851, "w": "哦", "sp": "Agent"}, {"p": 143, "c": 0.9, "s": 40852, "e": 41676, "w": "了解", "sp": "Agent"}, {"p": 144, "c": 0.9, "s": 40855, "e": 41086, "w": "把", "sp": "Customer"}, {"p": 145, "c": 0.9, "s": 41087, "e": 41318, "w": "它", "sp": "Customer"}, {"p": 146, "c": 0.9, "s": 41318, "e": 41782, "w": "带到", "sp": "Customer"}, {"p": 147, "c": 0.9, "s": 41676, "e": 42500, "w": "了解", "sp": "Agent"}, {"p": 148, "c": 0.9, "s": 41782, "e": 42014, "w": "我", "sp": "Customer"}, {"p": 149, "c": 0.9, "s": 42014, "e": 42246, "w": "的", "sp": "Customer"}, {"p": 150, "c": 0.9, "s": 42246, "e": 42709, "w": "店里", "sp": "Customer"}, {"p": 151, "c": 0.9, "s": 42709, "e": 42941, "w": "去", "sp": "Customer"}, {"p": 152, "c": 0.9, "s": 42941, "e": 43405, "w": "因为", "sp": "Customer"}, {"p": 153, "c": 0.9, "s": 43405, "e": 43868, "w": "根据", "sp": "Customer"}, {"p": 154, "c": 0.9, "s": 43868, "e": 44332, "w": "我们", "sp": "Customer"}, {"p": 155, "c": 0.9, "s": 44332, "e": 44563, "w": "店", "sp": "Customer"}, {"p": 156, "c": 0.9, "s": 44563, "e": 44795, "w": "的", "sp": "Customer"}, {"p": 157, "c": 0.9, "s": 44795, "e": 45259, "w": "要求", "sp": "Customer"}, {"p": 158, "c": 0.9, "s": 45259, "e": 45490, "w": "来", "sp": "Customer"}, {"p": 159, "c": 0.9, "s": 45491, "e": 45722, "w": "来", "sp": "Customer"}, {"p": 160, "c": 0.9, "s": 45722, "e": 45954, "w": "做", "sp": "Customer"}, {"p": 161, "c": 0.9, "s": 45954, "e": 46185, "w": "的", "sp": "Customer"}, {"p": 162, "c": 0.9, "s": 46186, "e": 46418, "w": "嘛", "sp": "Customer"}, {"p": 163, "c": 0.9, "s": 46418, "e": 46649, "w": "对", "sp": "Customer"}, {"p": 164, "c": 0.9, "s": 47100, "e": 47463, "w": "嗯", "sp": "Agent"}, {"p": 165, "c": 0.9, "s": 47464, "e": 47828, "w": "嗯", "sp": "Agent"}, {"p": 166, "c": 0.9, "s": 47828, "e": 48191, "w": "嗯", "sp": "Agent"}, {"p": 167, "c": 0.9, "s": 48192, "e": 48921, "w": "了解", "sp": "Agent"}, {"p": 168, "c": 0.9, "s": 48921, "e": 49650, "w": "了解", "sp": "Agent"}, {"p": 169, "c": 0.9, "s": 49280, "e": 50320, "w": "嗯", "sp": "Customer"}, {"p": 170, "c": 0.9, "s": 50020, "e": 50406, "w": "嗯", "sp": "Agent"}, {"p": 171, "c": 0.9, "s": 50406, "e": 51179, "w": "现在", "sp": "Agent"}, {"p": 172, "c": 0.9, "s": 51460, "e": 52010, "w": "安装", "sp": "Agent"}, {"p": 173, "c": 0.9, "s": 52010, "e": 52285, "w": "好", "sp": "Agent"}, {"p": 174, "c": 0.9, "s": 52090, "e": 52353, "w": "呃", "sp": "Customer"}, {"p": 175, "c": 0.9, "s": 52285, "e": 52560, "w": "了", "sp": "Agent"}, {"p": 176, "c": 0.9, "s": 52353, "e": 52617, "w": "装", "sp": "Customer"}, {"p": 177, "c": 0.9, "s": 52560, "e": 52835, "w": "对", "sp": "Agent"}, {"p": 178, "c": 0.9, "s": 52617, "e": 52881, "w": "装", "sp": "Customer"}, {"p": 179, "c": 0.9, "s": 52835, "e": 53110, "w": "吧", "sp": "Agent"}, {"p": 180, "c": 0.9, "s": 52881, "e": 53145, "w": "好", "sp": "Customer"}, {"p": 181, "c": 0.9, "s": 53145, "e": 53409, "w": "是", "sp": "Customer"}, {"p": 182, "c": 0.9, "s": 53409, "e": 53936, "w": "就是", "sp": "Customer"}, {"p": 183, "c": 0.9, "s": 53936, "e": 54200, "w": "外", "sp": "Customer"}, {"p": 184, "c": 0.9, "s": 54200, "e": 54464, "w": "机", "sp": "Customer"}, {"p": 185, "c": 0.9, "s": 54464, "e": 54728, "w": "跟", "sp": "Customer"}, {"p": 186, "c": 0.9, "s": 54728, "e": 54991, "w": "内", "sp": "Customer"}, {"p": 187, "c": 0.9, "s": 54991, "e": 55255, "w": "机", "sp": "Customer"}, {"p": 188, "c": 0.9, "s": 55255, "e": 55783, "w": "因为", "sp": "Customer"}, {"p": 189, "c": 0.9, "s": 55783, "e": 56047, "w": "我", "sp": "Customer"}, {"p": 190, "c": 0.9, "s": 56047, "e": 56574, "w": "现在", "sp": "Customer"}, {"p": 191, "c": 0.9, "s": 56574, "e": 56838, "w": "还", "sp": "Customer"}, {"p": 192, "c": 0.9, "s": 56838, "e": 57102, "w": "在", "sp": "Customer"}, {"p": 193, "c": 0.9, "s": 57102, "e": 57630, "w": "装修", "sp": "Customer"}, {"p": 194, "c": 0.9, "s": 57910, "e": 58196, "w": "他", "sp": "Customer"}, {"p": 195, "c": 0.9, "s": 58196, "e": 58767, "w": "那个", "sp": "Customer"}, {"p": 196, "c": 0.9, "s": 58560, "e": 59570, "w": "嗯", "sp": "Agent"}, {"p": 197, "c": 0.9, "s": 58768, "e": 59055, "w": "盖", "sp": "Customer"}, {"p": 198, "c": 0.9, "s": 59055, "e": 59341, "w": "还", "sp": "Customer"}, {"p": 199, "c": 0.9, "s": 59341, "e": 59627, "w": "没", "sp": "Customer"}, {"p": 200, "c": 0.9, "s": 59627, "e": 59913, "w": "盖", "sp": "Customer"}, {"p": 201, "c": 0.9, "s": 59913, "e": 60199, "w": "上", "sp": "Customer"}, {"p": 202, "c": 0.9, "s": 61020, "e": 61725, "w": "对", "sp": "Customer"}, {"p": 203, "c": 0.9, "s": 61050, "e": 61278, "w": "哦", "sp": "Agent"}, {"p": 204, "c": 0.9, "s": 61278, "e": 61734, "w": "了解", "sp": "Agent"}, {"p": 205, "c": 0.9, "s": 61725, "e": 62430, "w": "对", "sp": "Customer"}, {"p": 206, "c": 0.9, "s": 61734, "e": 61962, "w": "嗯", "sp": "Agent"}, {"p": 207, "c": 0.9, "s": 61962, "e": 62190, "w": "那", "sp": "Agent"}, {"p": 208, "c": 0.9, "s": 62190, "e": 62418, "w": "那", "sp": "Agent"}, {"p": 209, "c": 0.9, "s": 62418, "e": 62647, "w": "现", "sp": "Agent"}, {"p": 210, "c": 0.9, "s": 62647, "e": 63103, "w": "大概", "sp": "Agent"}, {"p": 211, "c": 0.9, "s": 63103, "e": 63331, "w": "是", "sp": "Agent"}, {"p": 212, "c": 0.9, "s": 63331, "e": 63787, "w": "什么", "sp": "Agent"}, {"p": 213, "c": 0.9, "s": 63787, "e": 64243, "w": "时候", "sp": "Agent"}, {"p": 214, "c": 0.9, "s": 64244, "e": 64700, "w": "签约", "sp": "Agent"}, {"p": 215, "c": 0.9, "s": 64699, "e": 64927, "w": "的", "sp": "Agent"}, {"p": 216, "c": 0.9, "s": 64928, "e": 65156, "w": "呀", "sp": "Agent"}, {"p": 217, "c": 0.9, "s": 65156, "e": 65612, "w": "就是", "sp": "Agent"}, {"p": 218, "c": 0.9, "s": 65612, "e": 66069, "w": "合同", "sp": "Agent"}, {"p": 219, "c": 0.9, "s": 66069, "e": 66525, "w": "大概", "sp": "Agent"}, {"p": 220, "c": 0.9, "s": 66380, "e": 67990, "w": "合同", "sp": "Customer"}, {"p": 221, "c": 0.9, "s": 66525, "e": 66753, "w": "是", "sp": "Agent"}, {"p": 222, "c": 0.9, "s": 66753, "e": 67210, "w": "什么", "sp": "Agent"}, {"p": 223, "c": 0.9, "s": 68270, "e": 68659, "w": "嗯", "sp": "Customer"}, {"p": 224, "c": 0.9, "s": 68660, "e": 69050, "w": "也", "sp": "Customer"}, {"p": 225, "c": 0.9, "s": 69050, "e": 69440, "w": "没", "sp": "Customer"}, {"p": 226, "c": 0.9, "s": 69440, "e": 70220, "w": "多长", "sp": "Customer"}, {"p": 227, "c": 0.9, "s": 70220, "e": 71000, "w": "时间", "sp": "Customer"}, {"p": 228, "c": 0.9, "s": 71000, "e": 71780, "w": "二月", "sp": "Customer"}, {"p": 229, "c": 0.9, "s": 71780, "e": 72170, "w": "二", "sp": "Customer"}, {"p": 230, "c": 0.9, "s": 72170, "e": 72950, "w": "月底", "sp": "Customer"}, {"p": 231, "c": 0.9, "s": 72950, "e": 73340, "w": "吧", "sp": "Customer"}, {"p": 232, "c": 0.9, "s": 73340, "e": 74119, "w": "大概", "sp": "Customer"}, {"p": 233, "c": 0.9, "s": 74830, "e": 75123, "w": "哦", "sp": "Agent"}, {"p": 234, "c": 0.9, "s": 75123, "e": 75417, "w": "好", "sp": "Agent"}, {"p": 235, "c": 0.9, "s": 75417, "e": 75711, "w": "的", "sp": "Agent"}, {"p": 236, "c": 0.9, "s": 75540, "e": 76570, "w": "对", "sp": "Customer"}, {"p": 237, "c": 0.9, "s": 75711, "e": 76298, "w": "了解", "sp": "Agent"}, {"p": 238, "c": 0.9, "s": 76298, "e": 76591, "w": "嗯", "sp": "Agent"}, {"p": 239, "c": 0.9, "s": 76592, "e": 76886, "w": "那", "sp": "Agent"}, {"p": 240, "c": 0.9, "s": 76886, "e": 77180, "w": "后", "sp": "Agent"}, {"p": 241, "c": 0.9, "s": 77910, "e": 78089, "w": "中", "sp": "Agent"}, {"p": 242, "c": 0.9, "s": 78089, "e": 78268, "w": "有", "sp": "Agent"}, {"p": 243, "c": 0.9, "s": 78268, "e": 78626, "w": "什么", "sp": "Agent"}, {"p": 244, "c": 0.9, "s": 78626, "e": 78985, "w": "其他", "sp": "Agent"}, {"p": 245, "c": 0.9, "s": 78985, "e": 79164, "w": "的", "sp": "Agent"}, {"p": 246, "c": 0.9, "s": 79164, "e": 79522, "w": "任何", "sp": "Agent"}, {"p": 247, "c": 0.9, "s": 79522, "e": 79880, "w": "问题", "sp": "Agent"}, {"p": 248, "c": 0.9, "s": 79880, "e": 80060, "w": "您", "sp": "Agent"}, {"p": 249, "c": 0.9, "s": 80060, "e": 80418, "w": "可以", "sp": "Agent"}, {"p": 250, "c": 0.9, "s": 80418, "e": 80776, "w": "随时", "sp": "Agent"}, {"p": 251, "c": 0.9, "s": 80776, "e": 80955, "w": "跟", "sp": "Agent"}, {"p": 252, "c": 0.9, "s": 80950, "e": 81333, "w": "好", "sp": "Customer"}, {"p": 253, "c": 0.9, "s": 80955, "e": 81314, "w": "我们", "sp": "Agent"}, {"p": 254, "c": 0.9, "s": 81314, "e": 81672, "w": "厂方", "sp": "Agent"}, {"p": 255, "c": 0.9, "s": 81333, "e": 81717, "w": "的", "sp": "Customer"}, {"p": 256, "c": 0.9, "s": 81672, "e": 82030, "w": "联系", "sp": "Agent"}, {"p": 257, "c": 0.9, "s": 81717, "e": 82100, "w": "好", "sp": "Customer"}, {"p": 258, "c": 0.9, "s": 82030, "e": 82210, "w": "的", "sp": "Agent"}, {"p": 259, "c": 0.9, "s": 82100, "e": 82484, "w": "嘞", "sp": "Customer"}, {"p": 260, "c": 0.9, "s": 82484, "e": 82867, "w": "好", "sp": "Customer"}, {"p": 261, "c": 0.9, "s": 82867, "e": 83633, "w": "谢谢", "sp": "Customer"}, {"p": 262, "c": 0.9, "s": 83080, "e": 83309, "w": "哎", "sp": "Agent"}, {"p": 263, "c": 0.9, "s": 83309, "e": 83537, "w": "好", "sp": "Agent"}, {"p": 264, "c": 0.9, "s": 83538, "e": 83768, "w": "的", "sp": "Agent"}, {"p": 265, "c": 0.9, "s": 83634, "e": 84018, "w": "你", "sp": "Customer"}, {"p": 266, "c": 0.9, "s": 83768, "e": 83996, "w": "好", "sp": "Agent"}, {"p": 267, "c": 0.9, "s": 83997, "e": 84227, "w": "的", "sp": "Agent"}, {"p": 268, "c": 0.9, "s": 84018, "e": 84401, "w": "啊", "sp": "Customer"}, {"p": 269, "c": 0.9, "s": 84227, "e": 84455, "w": "嗯", "sp": "Agent"}, {"p": 270, "c": 0.9, "s": 84401, "e": 84785, "w": "哎", "sp": "Customer"}, {"p": 271, "c": 0.9, "s": 84456, "e": 84686, "w": "嗯", "sp": "Agent"}, {"p": 272, "c": 0.9, "s": 84686, "e": 84914, "w": "不", "sp": "Agent"}, {"p": 273, "c": 0.9, "s": 84785, "e": 85552, "w": "好好", "sp": "Customer"}, {"p": 274, "c": 0.9, "s": 84915, "e": 85374, "w": "客气", "sp": "Agent"}, {"p": 275, "c": 0.9, "s": 85374, "e": 85603, "w": "那", "sp": "Agent"}, {"p": 276, "c": 0.9, "s": 85552, "e": 85935, "w": "好", "sp": "Customer"}, {"p": 277, "c": 0.9, "s": 85603, "e": 86062, "w": "这边", "sp": "Agent"}, {"p": 278, "c": 0.9, "s": 85935, "e": 86701, "w": "好好", "sp": "Customer"}, {"p": 279, "c": 0.9, "s": 86062, "e": 86521, "w": "不多", "sp": "Agent"}, {"p": 280, "c": 0.9, "s": 86521, "e": 86980, "w": "打扰", "sp": "Agent"}, {"p": 281, "c": 0.9, "s": 86702, "e": 87470, "w": "谢谢", "sp": "Customer"}, {"p": 282, "c": 0.9, "s": 86980, "e": 87210, "w": "您", "sp": "Agent"}, {"p": 283, "c": 0.9, "s": 88220, "e": 88458, "w": "哎", "sp": "Agent"}, {"p": 284, "c": 0.9, "s": 88458, "e": 88696, "w": "好", "sp": "Agent"}, {"p": 285, "c": 0.9, "s": 88696, "e": 88935, "w": "您", "sp": "Agent"}, {"p": 286, "c": 0.9, "s": 88935, "e": 89173, "w": "先", "sp": "Agent"}, {"p": 287, "c": 0.9, "s": 89173, "e": 89411, "w": "忙", "sp": "Agent"}, {"p": 288, "c": 0.9, "s": 89412, "e": 89889, "w": "祝您", "sp": "Agent"}, {"p": 289, "c": 0.9, "s": 89889, "e": 90366, "w": "生活", "sp": "Agent"}, {"p": 290, "c": 0.9, "s": 90050, "e": 90416, "w": "嗯", "sp": "Customer"}, {"p": 291, "c": 0.9, "s": 90366, "e": 90842, "w": "愉快", "sp": "Agent"}, {"p": 292, "c": 0.9, "s": 90416, "e": 91150, "w": "谢谢", "sp": "Customer"}, {"p": 293, "c": 0.9, "s": 90843, "e": 91320, "w": "再见", "sp": "Agent"}]}, "plainText": "喂 你好\n哎 您好 先生 这边 是 大金 空调 厂房 想 跟 您 做 个 简单 还 没 还\n嗯 你 说\n嗯 你 说 嗯 就是 二月份 的 时候 有 您 这边 有 个 店铺 要 装 空调 然后 有 安排 工作人员 对接 的\n呃\n现在\n已经\n有 联系\n装上\n您 吗\n了\n啊\n我们\n已经\n已经 装 了\n嗯\n大厅\n就是\n的 了 对\n嗯 好 的 好 的 这边 就是 做 个 简单\n嗯\n的 回访 当时 呃 经销商 联系 您 的 时候 有 说 是 我们 天 猫\n对\n安排 的\n对\n吗\n对\n对 对 嗯\n对\n说\n厂房\n了 对\n安排\n吧\n的 对 嗯\n嗯 那 他 那 他 有 邀请 您 到 他 店\n有\n里面\n但是\n去 吗 还是\n我们\n说 直接\n我们\n去 现场\n没\n的\n没 有空 去 我 只是\n哦 了解\n把 它 带到\n了解\n我 的 店里 去 因为 根据 我们 店 的 要求 来 来 做 的 嘛 对\n嗯 嗯 嗯 了解 了解\n嗯\n嗯 现在 安装 好\n呃\n了\n装\n对\n装\n吧\n好 是 就是 外 机 跟 内 机 因为 我 现在 还 在 装修 他 那个\n嗯\n盖 还 没 盖 上 对\n哦 了解\n对\n嗯 那 那 现 大概 是 什么 时候 签约 的 呀 就是 合同 大概\n合同\n是 什么\n嗯 也 没 多长 时间 二月 二 月底 吧 大概\n哦 好 的\n对\n了解 嗯 那 后 中 有 什么 其他 的 任何 问题 您 可以 随时 跟\n好\n我们 厂方\n的\n联系\n好\n的\n嘞 好 谢谢\n哎 好 的\n你\n好 的\n啊\n嗯\n哎\n嗯 不\n好好\n客气 那\n好\n这边\n好好\n不多 打扰\n谢谢\n您 哎 好 您 先 忙 祝您 生活\n嗯\n愉快\n谢谢\n再见", "plainTextTime": {"verbatims": [{"s": 110, "e": 1500, "w": "喂 你好", "sp": "Customer"}, {"s": 1440, "e": 6740, "w": "哎 您好 先生 这边 是 大金 空调 厂房 想 跟 您 做 个 简单 还 没 还", "sp": "Agent"}, {"s": 7170, "e": 8620, "w": "嗯 你 说", "sp": "Customer"}, {"s": 8980, "e": 15535, "w": "嗯 你 说 嗯 就是 二月份 的 时候 有 您 这边 有 个 店铺 要 装 空调 然后 有 安排 工作人员 对接 的", "sp": "Agent"}, {"s": 15490, "e": 15769, "w": "呃", "sp": "Customer"}, {"s": 15535, "e": 15899, "w": "现在", "sp": "Agent"}, {"s": 15770, "e": 16330, "w": "已经", "sp": "Customer"}, {"s": 15899, "e": 16445, "w": "有 联系", "sp": "Agent"}, {"s": 16330, "e": 16890, "w": "装上", "sp": "Customer"}, {"s": 16445, "e": 16810, "w": "您 吗", "sp": "Agent"}, {"s": 16890, "e": 17170, "w": "了", "sp": "Customer"}, {"s": 17090, "e": 17496, "w": "啊", "sp": "Agent"}, {"s": 17170, "e": 17730, "w": "我们", "sp": "Customer"}, {"s": 17496, "e": 18310, "w": "已经", "sp": "Agent"}, {"s": 17730, "e": 18850, "w": "已经 装 了", "sp": "Customer"}, {"s": 18590, "e": 19296, "w": "嗯", "sp": "Agent"}, {"s": 18850, "e": 19410, "w": "大厅", "sp": "Customer"}, {"s": 19296, "e": 20710, "w": "就是", "sp": "Agent"}, {"s": 19410, "e": 20250, "w": "的 了 对", "sp": "Customer"}, {"s": 21090, "e": 23656, "w": "嗯 好 的 好 的 这边 就是 做 个 简单", "sp": "Agent"}, {"s": 23430, "e": 24580, "w": "嗯", "sp": "Customer"}, {"s": 23656, "e": 28000, "w": "的 回访 当时 呃 经销商 联系 您 的 时候 有 说 是 我们 天 猫", "sp": "Agent"}, {"s": 27850, "e": 28500, "w": "对", "sp": "Customer"}, {"s": 28000, "e": 28592, "w": "安排 的", "sp": "Agent"}, {"s": 28500, "e": 29150, "w": "对", "sp": "Customer"}, {"s": 28592, "e": 28789, "w": "吗", "sp": "Agent"}, {"s": 29150, "e": 29800, "w": "对", "sp": "Customer"}, {"s": 29300, "e": 30294, "w": "对 对 嗯", "sp": "Agent"}, {"s": 30200, "e": 30531, "w": "对", "sp": "Customer"}, {"s": 30294, "e": 30625, "w": "说", "sp": "Agent"}, {"s": 30531, "e": 31193, "w": "厂房", "sp": "Customer"}, {"s": 30625, "e": 31288, "w": "了 对", "sp": "Agent"}, {"s": 31193, "e": 31856, "w": "安排", "sp": "Customer"}, {"s": 31288, "e": 31620, "w": "吧", "sp": "Agent"}, {"s": 31856, "e": 32850, "w": "的 对 嗯", "sp": "Customer"}, {"s": 32750, "e": 35428, "w": "嗯 那 他 那 他 有 邀请 您 到 他 店", "sp": "Agent"}, {"s": 35310, "e": 35690, "w": "有", "sp": "Customer"}, {"s": 35428, "e": 35874, "w": "里面", "sp": "Agent"}, {"s": 35690, "e": 36452, "w": "但是", "sp": "Customer"}, {"s": 35874, "e": 36767, "w": "去 吗 还是", "sp": "Agent"}, {"s": 36452, "e": 37214, "w": "我们", "sp": "Customer"}, {"s": 36767, "e": 37437, "w": "说 直接", "sp": "Agent"}, {"s": 37214, "e": 37975, "w": "我们", "sp": "Customer"}, {"s": 37437, "e": 38106, "w": "去 现场", "sp": "Agent"}, {"s": 37975, "e": 38356, "w": "没", "sp": "Customer"}, {"s": 38106, "e": 38329, "w": "的", "sp": "Agent"}, {"s": 38356, "e": 40855, "w": "没 有空 去 我 只是", "sp": "Customer"}, {"s": 40440, "e": 41676, "w": "哦 了解", "sp": "Agent"}, {"s": 40855, "e": 41782, "w": "把 它 带到", "sp": "Customer"}, {"s": 41676, "e": 42500, "w": "了解", "sp": "Agent"}, {"s": 41782, "e": 46649, "w": "我 的 店里 去 因为 根据 我们 店 的 要求 来 来 做 的 嘛 对", "sp": "Customer"}, {"s": 47100, "e": 49650, "w": "嗯 嗯 嗯 了解 了解", "sp": "Agent"}, {"s": 49280, "e": 50320, "w": "嗯", "sp": "Customer"}, {"s": 50020, "e": 52285, "w": "嗯 现在 安装 好", "sp": "Agent"}, {"s": 52090, "e": 52353, "w": "呃", "sp": "Customer"}, {"s": 52285, "e": 52560, "w": "了", "sp": "Agent"}, {"s": 52353, "e": 52617, "w": "装", "sp": "Customer"}, {"s": 52560, "e": 52835, "w": "对", "sp": "Agent"}, {"s": 52617, "e": 52881, "w": "装", "sp": "Customer"}, {"s": 52835, "e": 53110, "w": "吧", "sp": "Agent"}, {"s": 52881, "e": 58767, "w": "好 是 就是 外 机 跟 内 机 因为 我 现在 还 在 装修 他 那个", "sp": "Customer"}, {"s": 58560, "e": 59570, "w": "嗯", "sp": "Agent"}, {"s": 58768, "e": 61725, "w": "盖 还 没 盖 上 对", "sp": "Customer"}, {"s": 61050, "e": 61734, "w": "哦 了解", "sp": "Agent"}, {"s": 61725, "e": 62430, "w": "对", "sp": "Customer"}, {"s": 61734, "e": 66525, "w": "嗯 那 那 现 大概 是 什么 时候 签约 的 呀 就是 合同 大概", "sp": "Agent"}, {"s": 66380, "e": 67990, "w": "合同", "sp": "Customer"}, {"s": 66525, "e": 67210, "w": "是 什么", "sp": "Agent"}, {"s": 68270, "e": 74119, "w": "嗯 也 没 多长 时间 二月 二 月底 吧 大概", "sp": "Customer"}, {"s": 74830, "e": 75711, "w": "哦 好 的", "sp": "Agent"}, {"s": 75540, "e": 76570, "w": "对", "sp": "Customer"}, {"s": 75711, "e": 80955, "w": "了解 嗯 那 后 中 有 什么 其他 的 任何 问题 您 可以 随时 跟", "sp": "Agent"}, {"s": 80950, "e": 81333, "w": "好", "sp": "Customer"}, {"s": 80955, "e": 81672, "w": "我们 厂方", "sp": "Agent"}, {"s": 81333, "e": 81717, "w": "的", "sp": "Customer"}, {"s": 81672, "e": 82030, "w": "联系", "sp": "Agent"}, {"s": 81717, "e": 82100, "w": "好", "sp": "Customer"}, {"s": 82030, "e": 82210, "w": "的", "sp": "Agent"}, {"s": 82100, "e": 83633, "w": "嘞 好 谢谢", "sp": "Customer"}, {"s": 83080, "e": 83768, "w": "哎 好 的", "sp": "Agent"}, {"s": 83634, "e": 84018, "w": "你", "sp": "Customer"}, {"s": 83768, "e": 84227, "w": "好 的", "sp": "Agent"}, {"s": 84018, "e": 84401, "w": "啊", "sp": "Customer"}, {"s": 84227, "e": 84455, "w": "嗯", "sp": "Agent"}, {"s": 84401, "e": 84785, "w": "哎", "sp": "Customer"}, {"s": 84456, "e": 84914, "w": "嗯 不", "sp": "Agent"}, {"s": 84785, "e": 85552, "w": "好好", "sp": "Customer"}, {"s": 84915, "e": 85603, "w": "客气 那", "sp": "Agent"}, {"s": 85552, "e": 85935, "w": "好", "sp": "Customer"}, {"s": 85603, "e": 86062, "w": "这边", "sp": "Agent"}, {"s": 85935, "e": 86701, "w": "好好", "sp": "Customer"}, {"s": 86062, "e": 86980, "w": "不多 打扰", "sp": "Agent"}, {"s": 86702, "e": 87470, "w": "谢谢", "sp": "Customer"}, {"s": 86980, "e": 90366, "w": "您 哎 好 您 先 忙 祝您 生活", "sp": "Agent"}, {"s": 90050, "e": 90416, "w": "嗯", "sp": "Customer"}, {"s": 90366, "e": 90842, "w": "愉快", "sp": "Agent"}, {"s": 90416, "e": 91150, "w": "谢谢", "sp": "Customer"}, {"s": 90843, "e": 91320, "w": "再见", "sp": "Agent"}]}, "aqm": {"greeting": {"greeting_said": "您好, 先生, 大金, 空调", "n_greeting_said": 4, "score": 1}, "closing": {"closing_said": "您, 祝您, 生活, 愉快, 再见", "n_closing_said": 5, "score": 1}, "speed": {"speed_max": 5.49, "n_words": 36, "words": "嗯 你 说 嗯 就是 二月份 的 时候 有 您 这边 有 个 店铺 要 装 空调 然后 有 安排 工作人员 对接 的", "start": 8980, "end": 15535}}}