{"mediaId": "2022031317402999708747466878303001", "status": "Success", "dateCreated": "2022-03-21T18:45:50Z", "contentType": "audio/x-wav", "channels": "future use", "length": 68, "metadata": {"Sid": 10186, "Site_id": 783, "Audio_ch_num": 87474668, "Audio_module_num": 783001, "Audio_start_time_gmt": "2022-03-13T09:40:29.997+08:00", "Transaction_id": "2022031317402999708747466878303001", "ContactID": "9144801882990000301", "Personal_id": "0", "Direction": 2, "Local_audio_start_time": "2022-03-13T17:40:29.997+08:00", "Local_audio_end_time": "2022-03-13T17:41:37.997+08:00", "Total_hold_time": "0", "Pbx_login_id": "800047", "Ani": "600056", "Extension": "600056", "String_extension": "600056", "Switch_call_id": "006f0330e46d50fe", "Switch_id": "783000001", "Duration_seconds": 68, "Wrapup_time_in_seconds": "0", "Dnis": "13839233446", "Number_of_conferences": "0", "Number_of_holds": "0", "Number_of_transfers": "0", "Percent_of_agent_call": "24", "Percent_of_other_call": "9", "Percent_of_mutual_silence": "22", "Num_of_agent_cross": "14", "Num_of_other_cross": "6", "IsException": 0, "CD2": "013GVT56OG919AP72LUHVB5AES000COG"}, "transcript_detailed": {"words": [{"p": 1, "c": 0.9, "s": 210, "e": 760, "w": "喂", "sp": "Customer"}, {"p": 2, "c": 0.9, "s": 760, "e": 1860, "w": "你好", "sp": "Customer"}, {"p": 3, "c": 0.9, "s": 960, "e": 1352, "w": "您好", "sp": "Agent"}, {"p": 4, "c": 0.9, "s": 1352, "e": 1744, "w": "您好", "sp": "Agent"}, {"p": 5, "c": 0.9, "s": 1744, "e": 2136, "w": "这里", "sp": "Agent"}, {"p": 6, "c": 0.9, "s": 2136, "e": 2332, "w": "是", "sp": "Agent"}, {"p": 7, "c": 0.9, "s": 2140, "e": 2523, "w": "唉", "sp": "Customer"}, {"p": 8, "c": 0.9, "s": 2332, "e": 2724, "w": "大兴", "sp": "Agent"}, {"p": 9, "c": 0.9, "s": 2523, "e": 3290, "w": "你好", "sp": "Customer"}, {"p": 10, "c": 0.9, "s": 2724, "e": 3116, "w": "空调", "sp": "Agent"}, {"p": 11, "c": 0.9, "s": 3116, "e": 3508, "w": "厂房", "sp": "Agent"}, {"p": 12, "c": 0.9, "s": 3508, "e": 3899, "w": "客服", "sp": "Agent"}, {"p": 13, "c": 0.9, "s": 3900, "e": 4292, "w": "中心", "sp": "Agent"}, {"p": 14, "c": 0.9, "s": 4292, "e": 4684, "w": "请问", "sp": "Agent"}, {"p": 15, "c": 0.9, "s": 4684, "e": 4880, "w": "是", "sp": "Agent"}, {"p": 16, "c": 0.9, "s": 4880, "e": 5076, "w": "付", "sp": "Agent"}, {"p": 17, "c": 0.9, "s": 5076, "e": 5468, "w": "先生", "sp": "Agent"}, {"p": 18, "c": 0.9, "s": 5468, "e": 5664, "w": "是", "sp": "Agent"}, {"p": 19, "c": 0.9, "s": 5664, "e": 5860, "w": "吧", "sp": "Agent"}, {"p": 20, "c": 0.9, "s": 5830, "e": 6870, "w": "啊", "sp": "Customer"}, {"p": 21, "c": 0.9, "s": 6260, "e": 6425, "w": "啊", "sp": "Agent"}, {"p": 22, "c": 0.9, "s": 6425, "e": 6756, "w": "您好", "sp": "Agent"}, {"p": 23, "c": 0.9, "s": 6756, "e": 7253, "w": "打电话", "sp": "Agent"}, {"p": 24, "c": 0.9, "s": 7253, "e": 7418, "w": "给", "sp": "Agent"}, {"p": 25, "c": 0.9, "s": 7419, "e": 7584, "w": "您", "sp": "Agent"}, {"p": 26, "c": 0.9, "s": 7584, "e": 7750, "w": "是", "sp": "Agent"}, {"p": 27, "c": 0.9, "s": 7750, "e": 8081, "w": "看到", "sp": "Agent"}, {"p": 28, "c": 0.9, "s": 8081, "e": 8247, "w": "您", "sp": "Agent"}, {"p": 29, "c": 0.9, "s": 8247, "e": 8578, "w": "之前", "sp": "Agent"}, {"p": 30, "c": 0.9, "s": 8578, "e": 8744, "w": "有", "sp": "Agent"}, {"p": 31, "c": 0.9, "s": 8744, "e": 8909, "w": "在", "sp": "Agent"}, {"p": 32, "c": 0.9, "s": 8909, "e": 9240, "w": "我们", "sp": "Agent"}, {"p": 33, "c": 0.9, "s": 9240, "e": 9572, "w": "头条", "sp": "Agent"}, {"p": 34, "c": 0.9, "s": 9572, "e": 9737, "w": "上", "sp": "Agent"}, {"p": 35, "c": 0.9, "s": 9737, "e": 10069, "w": "留下", "sp": "Agent"}, {"p": 36, "c": 0.9, "s": 10069, "e": 10234, "w": "您", "sp": "Agent"}, {"p": 37, "c": 0.9, "s": 10234, "e": 10400, "w": "的", "sp": "Agent"}, {"p": 38, "c": 0.9, "s": 10400, "e": 10731, "w": "信息", "sp": "Agent"}, {"p": 39, "c": 0.9, "s": 10731, "e": 10897, "w": "您", "sp": "Agent"}, {"p": 40, "c": 0.9, "s": 10897, "e": 11062, "w": "是", "sp": "Agent"}, {"p": 41, "c": 0.9, "s": 11062, "e": 11393, "w": "想要", "sp": "Agent"}, {"p": 42, "c": 0.9, "s": 11393, "e": 11724, "w": "了解", "sp": "Agent"}, {"p": 43, "c": 0.9, "s": 11725, "e": 12056, "w": "家用", "sp": "Agent"}, {"p": 44, "c": 0.9, "s": 12056, "e": 12387, "w": "中央", "sp": "Agent"}, {"p": 45, "c": 0.9, "s": 12387, "e": 12718, "w": "空调", "sp": "Agent"}, {"p": 46, "c": 0.9, "s": 12718, "e": 12884, "w": "是", "sp": "Agent"}, {"p": 47, "c": 0.9, "s": 12884, "e": 13050, "w": "吗", "sp": "Agent"}, {"p": 48, "c": 0.9, "s": 12930, "e": 13393, "w": "啊", "sp": "Customer"}, {"p": 49, "c": 0.9, "s": 13393, "e": 13856, "w": "对", "sp": "Customer"}, {"p": 50, "c": 0.9, "s": 13856, "e": 14320, "w": "对", "sp": "Customer"}, {"p": 51, "c": 0.9, "s": 14190, "e": 14349, "w": "啊", "sp": "Agent"}, {"p": 52, "c": 0.9, "s": 14350, "e": 14510, "w": "好", "sp": "Agent"}, {"p": 53, "c": 0.9, "s": 14510, "e": 14670, "w": "的", "sp": "Agent"}, {"p": 54, "c": 0.9, "s": 14670, "e": 14830, "w": "我", "sp": "Agent"}, {"p": 55, "c": 0.9, "s": 14830, "e": 15150, "w": "这边", "sp": "Agent"}, {"p": 56, "c": 0.9, "s": 15150, "e": 15309, "w": "呢", "sp": "Agent"}, {"p": 57, "c": 0.9, "s": 15310, "e": 15630, "w": "耽误", "sp": "Agent"}, {"p": 58, "c": 0.9, "s": 15630, "e": 15790, "w": "您", "sp": "Agent"}, {"p": 59, "c": 0.9, "s": 15790, "e": 15950, "w": "几", "sp": "Agent"}, {"p": 60, "c": 0.9, "s": 15950, "e": 16270, "w": "分钟", "sp": "Agent"}, {"p": 61, "c": 0.9, "s": 16270, "e": 16430, "w": "和", "sp": "Agent"}, {"p": 62, "c": 0.9, "s": 16430, "e": 16590, "w": "您", "sp": "Agent"}, {"p": 63, "c": 0.9, "s": 16590, "e": 16910, "w": "了解", "sp": "Agent"}, {"p": 64, "c": 0.9, "s": 16910, "e": 17230, "w": "一下", "sp": "Agent"}, {"p": 65, "c": 0.9, "s": 17230, "e": 17550, "w": "房屋", "sp": "Agent"}, {"p": 66, "c": 0.9, "s": 17550, "e": 17869, "w": "情况", "sp": "Agent"}, {"p": 67, "c": 0.9, "s": 17870, "e": 18030, "w": "是", "sp": "Agent"}, {"p": 68, "c": 0.9, "s": 18030, "e": 18190, "w": "会", "sp": "Agent"}, {"p": 69, "c": 0.9, "s": 18190, "e": 18350, "w": "让", "sp": "Agent"}, {"p": 70, "c": 0.9, "s": 18350, "e": 18670, "w": "我们", "sp": "Agent"}, {"p": 71, "c": 0.9, "s": 18670, "e": 19310, "w": "工作人员", "sp": "Agent"}, {"p": 72, "c": 0.9, "s": 19310, "e": 19470, "w": "给", "sp": "Agent"}, {"p": 73, "c": 0.9, "s": 19470, "e": 19630, "w": "您", "sp": "Agent"}, {"p": 74, "c": 0.9, "s": 19630, "e": 19789, "w": "送", "sp": "Agent"}, {"p": 75, "c": 0.9, "s": 19790, "e": 20110, "w": "方案", "sp": "Agent"}, {"p": 76, "c": 0.9, "s": 20110, "e": 20270, "w": "和", "sp": "Agent"}, {"p": 77, "c": 0.9, "s": 20270, "e": 20590, "w": "报价", "sp": "Agent"}, {"p": 78, "c": 0.9, "s": 20590, "e": 20750, "w": "您", "sp": "Agent"}, {"p": 79, "c": 0.9, "s": 20750, "e": 21070, "w": "可以", "sp": "Agent"}, {"p": 80, "c": 0.9, "s": 21070, "e": 21390, "w": "作为", "sp": "Agent"}, {"p": 81, "c": 0.9, "s": 21390, "e": 21710, "w": "参考", "sp": "Agent"}, {"p": 82, "c": 0.9, "s": 21710, "e": 21869, "w": "啊", "sp": "Agent"}, {"p": 83, "c": 0.9, "s": 21870, "e": 22030, "w": "我", "sp": "Agent"}, {"p": 84, "c": 0.9, "s": 22030, "e": 22350, "w": "看到", "sp": "Agent"}, {"p": 85, "c": 0.9, "s": 22350, "e": 22510, "w": "您", "sp": "Agent"}, {"p": 86, "c": 0.9, "s": 22510, "e": 22670, "w": "留", "sp": "Agent"}, {"p": 87, "c": 0.9, "s": 22670, "e": 22830, "w": "的", "sp": "Agent"}, {"p": 88, "c": 0.9, "s": 22830, "e": 23150, "w": "信息", "sp": "Agent"}, {"p": 89, "c": 0.9, "s": 23150, "e": 23470, "w": "我们", "sp": "Agent"}, {"p": 90, "c": 0.9, "s": 23470, "e": 23789, "w": "房子", "sp": "Agent"}, {"p": 91, "c": 0.9, "s": 23790, "e": 23950, "w": "是", "sp": "Agent"}, {"p": 92, "c": 0.9, "s": 23950, "e": 24110, "w": "在", "sp": "Agent"}, {"p": 93, "c": 0.9, "s": 24110, "e": 24430, "w": "河南", "sp": "Agent"}, {"p": 94, "c": 0.9, "s": 24430, "e": 24750, "w": "郑州", "sp": "Agent"}, {"p": 95, "c": 0.9, "s": 24750, "e": 24910, "w": "的", "sp": "Agent"}, {"p": 96, "c": 0.9, "s": 24910, "e": 25230, "w": "哪个", "sp": "Agent"}, {"p": 97, "c": 0.9, "s": 25230, "e": 25550, "w": "区县", "sp": "Agent"}, {"p": 98, "c": 0.9, "s": 25550, "e": 25710, "w": "呀", "sp": "Agent"}, {"p": 99, "c": 0.9, "s": 26290, "e": 26673, "w": "嗯", "sp": "Customer"}, {"p": 100, "c": 0.9, "s": 26673, "e": 27440, "w": "中院", "sp": "Customer"}, {"p": 101, "c": 0.9, "s": 28010, "e": 28257, "w": "啊", "sp": "Agent"}, {"p": 102, "c": 0.9, "s": 28257, "e": 28504, "w": "你", "sp": "Agent"}, {"p": 103, "c": 0.9, "s": 28504, "e": 28751, "w": "说", "sp": "Agent"}, {"p": 104, "c": 0.9, "s": 28751, "e": 28998, "w": "慢", "sp": "Agent"}, {"p": 105, "c": 0.9, "s": 28998, "e": 29244, "w": "点", "sp": "Agent"}, {"p": 106, "c": 0.9, "s": 29245, "e": 29492, "w": "是", "sp": "Agent"}, {"p": 107, "c": 0.9, "s": 29492, "e": 29739, "w": "在", "sp": "Agent"}, {"p": 108, "c": 0.9, "s": 29739, "e": 30233, "w": "什么", "sp": "Agent"}, {"p": 109, "c": 0.9, "s": 30233, "e": 30480, "w": "区", "sp": "Agent"}, {"p": 110, "c": 0.9, "s": 30900, "e": 31635, "w": "龙阳", "sp": "Customer"}, {"p": 111, "c": 0.9, "s": 31460, "e": 31844, "w": "不用", "sp": "Agent"}, {"p": 112, "c": 0.9, "s": 31635, "e": 32001, "w": "区", "sp": "Customer"}, {"p": 113, "c": 0.9, "s": 31844, "e": 32036, "w": "去", "sp": "Agent"}, {"p": 114, "c": 0.9, "s": 32001, "e": 32369, "w": "啊", "sp": "Customer"}, {"p": 115, "c": 0.9, "s": 32036, "e": 32228, "w": "了", "sp": "Agent"}, {"p": 116, "c": 0.9, "s": 32228, "e": 32612, "w": "中原", "sp": "Agent"}, {"p": 117, "c": 0.9, "s": 32612, "e": 32804, "w": "区", "sp": "Agent"}, {"p": 118, "c": 0.9, "s": 32804, "e": 32996, "w": "是", "sp": "Agent"}, {"p": 119, "c": 0.9, "s": 32996, "e": 33188, "w": "吧", "sp": "Agent"}, {"p": 120, "c": 0.9, "s": 33188, "e": 33573, "w": "房屋", "sp": "Agent"}, {"p": 121, "c": 0.9, "s": 33573, "e": 33957, "w": "面积", "sp": "Agent"}, {"p": 122, "c": 0.9, "s": 33620, "e": 34265, "w": "啊", "sp": "Customer"}, {"p": 123, "c": 0.9, "s": 33957, "e": 34341, "w": "大概", "sp": "Agent"}, {"p": 124, "c": 0.9, "s": 34265, "e": 34910, "w": "啊", "sp": "Customer"}, {"p": 125, "c": 0.9, "s": 34341, "e": 34533, "w": "有", "sp": "Agent"}, {"p": 126, "c": 0.9, "s": 34533, "e": 34725, "w": "多", "sp": "Agent"}, {"p": 127, "c": 0.9, "s": 34725, "e": 34917, "w": "大", "sp": "Agent"}, {"p": 128, "c": 0.9, "s": 34917, "e": 35110, "w": "呀", "sp": "Agent"}, {"p": 129, "c": 0.9, "s": 35760, "e": 36012, "w": "你", "sp": "Customer"}, {"p": 130, "c": 0.9, "s": 36013, "e": 36267, "w": "说", "sp": "Customer"}, {"p": 131, "c": 0.9, "s": 36267, "e": 36521, "w": "吧", "sp": "Customer"}, {"p": 132, "c": 0.9, "s": 36480, "e": 36647, "w": "你", "sp": "Agent"}, {"p": 133, "c": 0.9, "s": 36521, "e": 36775, "w": "我", "sp": "Customer"}, {"p": 134, "c": 0.9, "s": 36647, "e": 36814, "w": "去", "sp": "Agent"}, {"p": 135, "c": 0.9, "s": 36775, "e": 37029, "w": "坐", "sp": "Customer"}, {"p": 136, "c": 0.9, "s": 36814, "e": 36981, "w": "吧", "sp": "Agent"}, {"p": 137, "c": 0.9, "s": 36981, "e": 37148, "w": "我", "sp": "Agent"}, {"p": 138, "c": 0.9, "s": 37029, "e": 37536, "w": "地铁", "sp": "Customer"}, {"p": 139, "c": 0.9, "s": 37148, "e": 37315, "w": "坐", "sp": "Agent"}, {"p": 140, "c": 0.9, "s": 37315, "e": 37649, "w": "地铁", "sp": "Agent"}, {"p": 141, "c": 0.9, "s": 37536, "e": 37790, "w": "了", "sp": "Customer"}, {"p": 142, "c": 0.9, "s": 37649, "e": 37816, "w": "了", "sp": "Agent"}, {"p": 143, "c": 0.9, "s": 37790, "e": 38044, "w": "你", "sp": "Customer"}, {"p": 144, "c": 0.9, "s": 37816, "e": 37983, "w": "你", "sp": "Agent"}, {"p": 145, "c": 0.9, "s": 37983, "e": 38317, "w": "等到", "sp": "Agent"}, {"p": 146, "c": 0.9, "s": 38044, "e": 38551, "w": "等到", "sp": "Customer"}, {"p": 147, "c": 0.9, "s": 38317, "e": 38484, "w": "嗯", "sp": "Agent"}, {"p": 148, "c": 0.9, "s": 38484, "e": 38651, "w": "我", "sp": "Agent"}, {"p": 149, "c": 0.9, "s": 38551, "e": 38805, "w": "再", "sp": "Customer"}, {"p": 150, "c": 0.9, "s": 38651, "e": 38985, "w": "刚才", "sp": "Agent"}, {"p": 151, "c": 0.9, "s": 38805, "e": 39059, "w": "过", "sp": "Customer"}, {"p": 152, "c": 0.9, "s": 38985, "e": 39152, "w": "打", "sp": "Agent"}, {"p": 153, "c": 0.9, "s": 39059, "e": 39820, "w": "半小时", "sp": "Customer"}, {"p": 154, "c": 0.9, "s": 39152, "e": 39319, "w": "吧", "sp": "Agent"}, {"p": 155, "c": 0.9, "s": 39319, "e": 39486, "w": "哦", "sp": "Agent"}, {"p": 156, "c": 0.9, "s": 39486, "e": 39653, "w": "好", "sp": "Agent"}, {"p": 157, "c": 0.9, "s": 39653, "e": 39820, "w": "的", "sp": "Agent"}, {"p": 158, "c": 0.9, "s": 39820, "e": 39987, "w": "好", "sp": "Agent"}, {"p": 159, "c": 0.9, "s": 39820, "e": 40074, "w": "打", "sp": "Customer"}, {"p": 160, "c": 0.9, "s": 39987, "e": 40154, "w": "的", "sp": "Agent"}, {"p": 161, "c": 0.9, "s": 40074, "e": 40328, "w": "吧", "sp": "Customer"}, {"p": 162, "c": 0.9, "s": 40154, "e": 40321, "w": "好", "sp": "Agent"}, {"p": 163, "c": 0.9, "s": 40321, "e": 40489, "w": "的", "sp": "Agent"}, {"p": 164, "c": 0.9, "s": 40328, "e": 40582, "w": "中", "sp": "Customer"}, {"p": 165, "c": 0.9, "s": 40489, "e": 40656, "w": "你", "sp": "Agent"}, {"p": 166, "c": 0.9, "s": 40582, "e": 41090, "w": "不中", "sp": "Customer"}, {"p": 167, "c": 0.9, "s": 40656, "e": 40989, "w": "方便", "sp": "Agent"}, {"p": 168, "c": 0.9, "s": 40990, "e": 41157, "w": "你", "sp": "Agent"}, {"p": 169, "c": 0.9, "s": 41157, "e": 41491, "w": "大概", "sp": "Agent"}, {"p": 170, "c": 0.9, "s": 41491, "e": 41658, "w": "多", "sp": "Agent"}, {"p": 171, "c": 0.9, "s": 41658, "e": 41825, "w": "大", "sp": "Agent"}, {"p": 172, "c": 0.9, "s": 41810, "e": 42051, "w": "啊", "sp": "Customer"}, {"p": 173, "c": 0.9, "s": 41825, "e": 41992, "w": "呀", "sp": "Agent"}, {"p": 174, "c": 0.9, "s": 41992, "e": 42159, "w": "啊", "sp": "Agent"}, {"p": 175, "c": 0.9, "s": 42051, "e": 42292, "w": "我", "sp": "Customer"}, {"p": 176, "c": 0.9, "s": 42159, "e": 42326, "w": "啊", "sp": "Agent"}, {"p": 177, "c": 0.9, "s": 42292, "e": 42775, "w": "这边", "sp": "Customer"}, {"p": 178, "c": 0.9, "s": 42326, "e": 42493, "w": "好", "sp": "Agent"}, {"p": 179, "c": 0.9, "s": 42493, "e": 42660, "w": "的", "sp": "Agent"}, {"p": 180, "c": 0.9, "s": 42660, "e": 42827, "w": "好", "sp": "Agent"}, {"p": 181, "c": 0.9, "s": 42775, "e": 43257, "w": "最低", "sp": "Customer"}, {"p": 182, "c": 0.9, "s": 42827, "e": 42994, "w": "的", "sp": "Agent"}, {"p": 183, "c": 0.9, "s": 42994, "e": 43161, "w": "那", "sp": "Agent"}, {"p": 184, "c": 0.9, "s": 43161, "e": 43328, "w": "我", "sp": "Agent"}, {"p": 185, "c": 0.9, "s": 43257, "e": 43740, "w": "额度", "sp": "Customer"}, {"p": 186, "c": 0.9, "s": 43328, "e": 43662, "w": "稍后", "sp": "Agent"}, {"p": 187, "c": 0.9, "s": 43662, "e": 43829, "w": "和", "sp": "Agent"}, {"p": 188, "c": 0.9, "s": 43829, "e": 43996, "w": "您", "sp": "Agent"}, {"p": 189, "c": 0.9, "s": 43996, "e": 44329, "w": "联系", "sp": "Agent"}, {"p": 190, "c": 0.9, "s": 44280, "e": 45270, "w": "啊", "sp": "Customer"}, {"p": 191, "c": 0.9, "s": 44330, "e": 44498, "w": "吧", "sp": "Agent"}, {"p": 192, "c": 0.9, "s": 44498, "e": 44665, "w": "嗯", "sp": "Agent"}, {"p": 193, "c": 0.9, "s": 44665, "e": 44832, "w": "那", "sp": "Agent"}, {"p": 194, "c": 0.9, "s": 44832, "e": 44999, "w": "我", "sp": "Agent"}, {"p": 195, "c": 0.9, "s": 44999, "e": 45333, "w": "稍后", "sp": "Agent"}, {"p": 196, "c": 0.9, "s": 45333, "e": 45500, "w": "和", "sp": "Agent"}, {"p": 197, "c": 0.9, "s": 45500, "e": 45667, "w": "您", "sp": "Agent"}, {"p": 198, "c": 0.9, "s": 45550, "e": 45961, "w": "好", "sp": "Customer"}, {"p": 199, "c": 0.9, "s": 45667, "e": 46001, "w": "联系", "sp": "Agent"}, {"p": 200, "c": 0.9, "s": 45962, "e": 46375, "w": "吧", "sp": "Customer"}, {"p": 201, "c": 0.9, "s": 46001, "e": 46669, "w": "不好意思", "sp": "Agent"}, {"p": 202, "c": 0.9, "s": 46375, "e": 47200, "w": "好好", "sp": "Customer"}, {"p": 203, "c": 0.9, "s": 46669, "e": 47003, "w": "打扰", "sp": "Agent"}, {"p": 204, "c": 0.9, "s": 47003, "e": 47170, "w": "您", "sp": "Agent"}, {"p": 205, "c": 0.9, "s": 47170, "e": 47336, "w": "了", "sp": "Agent"}, {"p": 206, "c": 0.9, "s": 47200, "e": 48025, "w": "好好", "sp": "Customer"}, {"p": 207, "c": 0.9, "s": 47337, "e": 47504, "w": "嗯", "sp": "Agent"}, {"p": 208, "c": 0.9, "s": 47504, "e": 47671, "w": "嗯", "sp": "Agent"}, {"p": 209, "c": 0.9, "s": 47671, "e": 47838, "w": "好", "sp": "Agent"}, {"p": 210, "c": 0.9, "s": 47838, "e": 48005, "w": "的", "sp": "Agent"}, {"p": 211, "c": 0.9, "s": 48005, "e": 48172, "w": "好", "sp": "Agent"}, {"p": 212, "c": 0.9, "s": 48025, "e": 48850, "w": "好好", "sp": "Customer"}, {"p": 213, "c": 0.9, "s": 48172, "e": 48340, "w": "的", "sp": "Agent"}]}, "plainText": "喂 你好\n您好 您好 这里 是\n唉\n大兴\n你好\n空调 厂房 客服 中心 请问 是 付 先生 是 吧\n啊\n啊 您好 打电话 给 您 是 看到 您 之前 有 在 我们 头条 上 留下 您 的 信息 您 是 想要 了解 家用 中央 空调 是 吗\n啊 对 对\n啊 好 的 我 这边 呢 耽误 您 几 分钟 和 您 了解 一下 房屋 情况 是 会 让 我们 工作人员 给 您 送 方案 和 报价 您 可以 作为 参考 啊 我 看到 您 留 的 信息 我们 房子 是 在 河南 郑州 的 哪个 区县 呀\n嗯 中院\n啊 你 说 慢 点 是 在 什么 区\n龙阳\n不用\n区\n去\n啊\n了 中原 区 是 吧 房屋 面积\n啊\n大概\n啊\n有 多 大 呀\n你 说 吧\n你\n我\n去\n坐\n吧 我\n地铁\n坐 地铁\n了\n了\n你\n你 等到\n等到\n嗯 我\n再\n刚才\n过\n打\n半小时\n吧 哦 好 的 好\n打\n的\n吧\n好 的\n中\n你\n不中\n方便 你 大概 多 大\n啊\n呀 啊\n我\n啊\n这边\n好 的 好\n最低\n的 那 我\n额度\n稍后 和 您 联系\n啊\n吧 嗯 那 我 稍后 和 您\n好\n联系\n吧\n不好意思\n好好\n打扰 您 了\n好好\n嗯 嗯 好 的 好\n好好\n的", "plainTextTime": {"verbatims": [{"s": 210, "e": 1860, "w": "喂 你好", "sp": "Customer"}, {"s": 960, "e": 2332, "w": "您好 您好 这里 是", "sp": "Agent"}, {"s": 2140, "e": 2523, "w": "唉", "sp": "Customer"}, {"s": 2332, "e": 2724, "w": "大兴", "sp": "Agent"}, {"s": 2523, "e": 3290, "w": "你好", "sp": "Customer"}, {"s": 2724, "e": 5860, "w": "空调 厂房 客服 中心 请问 是 付 先生 是 吧", "sp": "Agent"}, {"s": 5830, "e": 6870, "w": "啊", "sp": "Customer"}, {"s": 6260, "e": 13050, "w": "啊 您好 打电话 给 您 是 看到 您 之前 有 在 我们 头条 上 留下 您 的 信息 您 是 想要 了解 家用 中央 空调 是 吗", "sp": "Agent"}, {"s": 12930, "e": 14320, "w": "啊 对 对", "sp": "Customer"}, {"s": 14190, "e": 25710, "w": "啊 好 的 我 这边 呢 耽误 您 几 分钟 和 您 了解 一下 房屋 情况 是 会 让 我们 工作人员 给 您 送 方案 和 报价 您 可以 作为 参考 啊 我 看到 您 留 的 信息 我们 房子 是 在 河南 郑州 的 哪个 区县 呀", "sp": "Agent"}, {"s": 26290, "e": 27440, "w": "嗯 中院", "sp": "Customer"}, {"s": 28010, "e": 30480, "w": "啊 你 说 慢 点 是 在 什么 区", "sp": "Agent"}, {"s": 30900, "e": 31635, "w": "龙阳", "sp": "Customer"}, {"s": 31460, "e": 31844, "w": "不用", "sp": "Agent"}, {"s": 31635, "e": 32001, "w": "区", "sp": "Customer"}, {"s": 31844, "e": 32036, "w": "去", "sp": "Agent"}, {"s": 32001, "e": 32369, "w": "啊", "sp": "Customer"}, {"s": 32036, "e": 33957, "w": "了 中原 区 是 吧 房屋 面积", "sp": "Agent"}, {"s": 33620, "e": 34265, "w": "啊", "sp": "Customer"}, {"s": 33957, "e": 34341, "w": "大概", "sp": "Agent"}, {"s": 34265, "e": 34910, "w": "啊", "sp": "Customer"}, {"s": 34341, "e": 35110, "w": "有 多 大 呀", "sp": "Agent"}, {"s": 35760, "e": 36521, "w": "你 说 吧", "sp": "Customer"}, {"s": 36480, "e": 36647, "w": "你", "sp": "Agent"}, {"s": 36521, "e": 36775, "w": "我", "sp": "Customer"}, {"s": 36647, "e": 36814, "w": "去", "sp": "Agent"}, {"s": 36775, "e": 37029, "w": "坐", "sp": "Customer"}, {"s": 36814, "e": 37148, "w": "吧 我", "sp": "Agent"}, {"s": 37029, "e": 37536, "w": "地铁", "sp": "Customer"}, {"s": 37148, "e": 37649, "w": "坐 地铁", "sp": "Agent"}, {"s": 37536, "e": 37790, "w": "了", "sp": "Customer"}, {"s": 37649, "e": 37816, "w": "了", "sp": "Agent"}, {"s": 37790, "e": 38044, "w": "你", "sp": "Customer"}, {"s": 37816, "e": 38317, "w": "你 等到", "sp": "Agent"}, {"s": 38044, "e": 38551, "w": "等到", "sp": "Customer"}, {"s": 38317, "e": 38651, "w": "嗯 我", "sp": "Agent"}, {"s": 38551, "e": 38805, "w": "再", "sp": "Customer"}, {"s": 38651, "e": 38985, "w": "刚才", "sp": "Agent"}, {"s": 38805, "e": 39059, "w": "过", "sp": "Customer"}, {"s": 38985, "e": 39152, "w": "打", "sp": "Agent"}, {"s": 39059, "e": 39820, "w": "半小时", "sp": "Customer"}, {"s": 39152, "e": 39987, "w": "吧 哦 好 的 好", "sp": "Agent"}, {"s": 39820, "e": 40074, "w": "打", "sp": "Customer"}, {"s": 39987, "e": 40154, "w": "的", "sp": "Agent"}, {"s": 40074, "e": 40328, "w": "吧", "sp": "Customer"}, {"s": 40154, "e": 40489, "w": "好 的", "sp": "Agent"}, {"s": 40328, "e": 40582, "w": "中", "sp": "Customer"}, {"s": 40489, "e": 40656, "w": "你", "sp": "Agent"}, {"s": 40582, "e": 41090, "w": "不中", "sp": "Customer"}, {"s": 40656, "e": 41825, "w": "方便 你 大概 多 大", "sp": "Agent"}, {"s": 41810, "e": 42051, "w": "啊", "sp": "Customer"}, {"s": 41825, "e": 42159, "w": "呀 啊", "sp": "Agent"}, {"s": 42051, "e": 42292, "w": "我", "sp": "Customer"}, {"s": 42159, "e": 42326, "w": "啊", "sp": "Agent"}, {"s": 42292, "e": 42775, "w": "这边", "sp": "Customer"}, {"s": 42326, "e": 42827, "w": "好 的 好", "sp": "Agent"}, {"s": 42775, "e": 43257, "w": "最低", "sp": "Customer"}, {"s": 42827, "e": 43328, "w": "的 那 我", "sp": "Agent"}, {"s": 43257, "e": 43740, "w": "额度", "sp": "Customer"}, {"s": 43328, "e": 44329, "w": "稍后 和 您 联系", "sp": "Agent"}, {"s": 44280, "e": 45270, "w": "啊", "sp": "Customer"}, {"s": 44330, "e": 45667, "w": "吧 嗯 那 我 稍后 和 您", "sp": "Agent"}, {"s": 45550, "e": 45961, "w": "好", "sp": "Customer"}, {"s": 45667, "e": 46001, "w": "联系", "sp": "Agent"}, {"s": 45962, "e": 46375, "w": "吧", "sp": "Customer"}, {"s": 46001, "e": 46669, "w": "不好意思", "sp": "Agent"}, {"s": 46375, "e": 47200, "w": "好好", "sp": "Customer"}, {"s": 46669, "e": 47336, "w": "打扰 您 了", "sp": "Agent"}, {"s": 47200, "e": 48025, "w": "好好", "sp": "Customer"}, {"s": 47337, "e": 48172, "w": "嗯 嗯 好 的 好", "sp": "Agent"}, {"s": 48025, "e": 48850, "w": "好好", "sp": "Customer"}, {"s": 48172, "e": 48340, "w": "的", "sp": "Agent"}]}, "aqm": {"greeting": {"greeting_said": "您好, 空调, 客服, 请问, 先生", "n_greeting_said": 5, "score": 1}, "closing": {"closing_said": "您", "n_closing_said": 1, "score": 0}, "speed": {"speed_max": 6.25, "n_words": 72, "words": "啊 好 的 我 这边 呢 耽误 您 几 分钟 和 您 了解 一下 房屋 情况 是 会 让 我们 工作人员 给 您 送 方案 和 报价 您 可以 作为 参考 啊 我 看到 您 留 的 信息 我们 房子 是 在 河南 郑州 的 哪个 区县 呀", "start": 14190, "end": 25710}}}