{"mediaId": "2022031316202214508747452178303001", "status": "Success", "dateCreated": "2022-03-21T18:45:50Z", "contentType": "audio/x-wav", "channels": "future use", "length": 150, "metadata": {"Sid": 10122, "Site_id": 783, "Audio_ch_num": 87474521, "Audio_module_num": 783001, "Audio_start_time_gmt": "2022-03-13T08:20:22.147+08:00", "Transaction_id": "2022031316202214508747452178303001", "ContactID": "9144801402210000301", "Personal_id": "0", "Direction": 2, "Local_audio_start_time": "2022-03-13T16:20:22.147+08:00", "Local_audio_end_time": "2022-03-13T16:22:52.147+08:00", "Total_hold_time": "0", "Pbx_login_id": "800041", "Ani": "600050", "Extension": "600050", "String_extension": "600050", "Switch_call_id": "006f0330e46d505d", "Switch_id": "783000001", "Duration_seconds": 150, "Wrapup_time_in_seconds": "0", "Dnis": "15200877811", "Number_of_conferences": "0", "Number_of_holds": "0", "Number_of_transfers": "0", "Percent_of_agent_call": "105", "Percent_of_other_call": "18", "Percent_of_mutual_silence": "18", "Num_of_agent_cross": "10", "Num_of_other_cross": "6", "IsException": 0, "CD2": "013GVT56OG919AP72LUHVB5AES000CJ7"}, "transcript_detailed": {"words": [{"p": 1, "c": 0.9, "s": 20, "e": 1160, "w": "啊", "sp": "Customer"}, {"p": 2, "c": 0.9, "s": 200, "e": 614, "w": "您好", "sp": "Agent"}, {"p": 3, "c": 0.9, "s": 614, "e": 1029, "w": "您好", "sp": "Agent"}, {"p": 4, "c": 0.9, "s": 1029, "e": 1444, "w": "这边", "sp": "Agent"}, {"p": 5, "c": 0.9, "s": 1444, "e": 1651, "w": "是", "sp": "Agent"}, {"p": 6, "c": 0.9, "s": 1651, "e": 2066, "w": "大金", "sp": "Agent"}, {"p": 7, "c": 0.9, "s": 2066, "e": 2481, "w": "空调", "sp": "Agent"}, {"p": 8, "c": 0.9, "s": 2481, "e": 2895, "w": "厂房", "sp": "Agent"}, {"p": 9, "c": 0.9, "s": 2895, "e": 3310, "w": "客服", "sp": "Agent"}, {"p": 10, "c": 0.9, "s": 3310, "e": 3725, "w": "中心", "sp": "Agent"}, {"p": 11, "c": 0.9, "s": 3725, "e": 3932, "w": "的", "sp": "Agent"}, {"p": 12, "c": 0.9, "s": 3932, "e": 4347, "w": "您好", "sp": "Agent"}, {"p": 13, "c": 0.9, "s": 4347, "e": 4554, "w": "呃", "sp": "Agent"}, {"p": 14, "c": 0.9, "s": 4450, "e": 5198, "w": "谢谢", "sp": "Customer"}, {"p": 15, "c": 0.9, "s": 4554, "e": 4969, "w": "联系", "sp": "Agent"}, {"p": 16, "c": 0.9, "s": 4969, "e": 5175, "w": "您", "sp": "Agent"}, {"p": 17, "c": 0.9, "s": 5176, "e": 5384, "w": "呢", "sp": "Agent"}, {"p": 18, "c": 0.9, "s": 5198, "e": 5572, "w": "啊", "sp": "Customer"}, {"p": 19, "c": 0.9, "s": 5384, "e": 5590, "w": "是", "sp": "Agent"}, {"p": 20, "c": 0.9, "s": 5572, "e": 6320, "w": "谢谢", "sp": "Customer"}, {"p": 21, "c": 0.9, "s": 5591, "e": 6006, "w": "看到", "sp": "Agent"}, {"p": 22, "c": 0.9, "s": 6006, "e": 6213, "w": "您", "sp": "Agent"}, {"p": 23, "c": 0.9, "s": 6213, "e": 7042, "w": "今天下午", "sp": "Agent"}, {"p": 24, "c": 0.9, "s": 7043, "e": 7250, "w": "啊", "sp": "Agent"}, {"p": 25, "c": 0.9, "s": 7250, "e": 7457, "w": "有", "sp": "Agent"}, {"p": 26, "c": 0.9, "s": 7457, "e": 7665, "w": "在", "sp": "Agent"}, {"p": 27, "c": 0.9, "s": 7665, "e": 7871, "w": "抖", "sp": "Agent"}, {"p": 28, "c": 0.9, "s": 7872, "e": 8080, "w": "音", "sp": "Agent"}, {"p": 29, "c": 0.9, "s": 8080, "e": 8287, "w": "上", "sp": "Agent"}, {"p": 30, "c": 0.9, "s": 8287, "e": 8493, "w": "留", "sp": "Agent"}, {"p": 31, "c": 0.9, "s": 8494, "e": 8702, "w": "了", "sp": "Agent"}, {"p": 32, "c": 0.9, "s": 8702, "e": 9115, "w": "信息", "sp": "Agent"}, {"p": 33, "c": 0.9, "s": 9116, "e": 9531, "w": "需要", "sp": "Agent"}, {"p": 34, "c": 0.9, "s": 9531, "e": 9946, "w": "了解", "sp": "Agent"}, {"p": 35, "c": 0.9, "s": 9946, "e": 10361, "w": "我们", "sp": "Agent"}, {"p": 36, "c": 0.9, "s": 10361, "e": 10568, "w": "的", "sp": "Agent"}, {"p": 37, "c": 0.9, "s": 10568, "e": 10983, "w": "家用", "sp": "Agent"}, {"p": 38, "c": 0.9, "s": 10983, "e": 11190, "w": "端", "sp": "Agent"}, {"p": 39, "c": 0.9, "s": 11190, "e": 11605, "w": "功能", "sp": "Agent"}, {"p": 40, "c": 0.9, "s": 11605, "e": 11811, "w": "对", "sp": "Agent"}, {"p": 41, "c": 0.9, "s": 11812, "e": 12020, "w": "吧", "sp": "Agent"}, {"p": 42, "c": 0.9, "s": 11850, "e": 12840, "w": "嗯", "sp": "Customer"}, {"p": 43, "c": 0.9, "s": 12650, "e": 12820, "w": "哎", "sp": "Agent"}, {"p": 44, "c": 0.9, "s": 12821, "e": 12992, "w": "好", "sp": "Agent"}, {"p": 45, "c": 0.9, "s": 12992, "e": 13164, "w": "的", "sp": "Agent"}, {"p": 46, "c": 0.9, "s": 13164, "e": 13334, "w": "黄", "sp": "Agent"}, {"p": 47, "c": 0.9, "s": 13335, "e": 13678, "w": "先生", "sp": "Agent"}, {"p": 48, "c": 0.9, "s": 13678, "e": 13850, "w": "那", "sp": "Agent"}, {"p": 49, "c": 0.9, "s": 13850, "e": 14193, "w": "这边", "sp": "Agent"}, {"p": 50, "c": 0.9, "s": 14193, "e": 14535, "w": "的话", "sp": "Agent"}, {"p": 51, "c": 0.9, "s": 14535, "e": 14878, "w": "简单", "sp": "Agent"}, {"p": 52, "c": 0.9, "s": 14878, "e": 15221, "w": "确认", "sp": "Agent"}, {"p": 53, "c": 0.9, "s": 15221, "e": 15564, "w": "一下", "sp": "Agent"}, {"p": 54, "c": 0.9, "s": 15564, "e": 15907, "w": "房屋", "sp": "Agent"}, {"p": 55, "c": 0.9, "s": 15907, "e": 16077, "w": "的", "sp": "Agent"}, {"p": 56, "c": 0.9, "s": 16077, "e": 16421, "w": "情况", "sp": "Agent"}, {"p": 57, "c": 0.9, "s": 16421, "e": 16764, "w": "然后", "sp": "Agent"}, {"p": 58, "c": 0.9, "s": 16764, "e": 16936, "w": "帮", "sp": "Agent"}, {"p": 59, "c": 0.9, "s": 16936, "e": 17107, "w": "您", "sp": "Agent"}, {"p": 60, "c": 0.9, "s": 17107, "e": 17450, "w": "安排", "sp": "Agent"}, {"p": 61, "c": 0.9, "s": 17450, "e": 17622, "w": "您", "sp": "Agent"}, {"p": 62, "c": 0.9, "s": 17622, "e": 17964, "w": "当地", "sp": "Agent"}, {"p": 63, "c": 0.9, "s": 17964, "e": 18136, "w": "的", "sp": "Agent"}, {"p": 64, "c": 0.9, "s": 18136, "e": 18479, "w": "门店", "sp": "Agent"}, {"p": 65, "c": 0.9, "s": 18479, "e": 18650, "w": "啊", "sp": "Agent"}, {"p": 66, "c": 0.9, "s": 18650, "e": 18822, "w": "给", "sp": "Agent"}, {"p": 67, "c": 0.9, "s": 18822, "e": 18993, "w": "到", "sp": "Agent"}, {"p": 68, "c": 0.9, "s": 18993, "e": 19165, "w": "您", "sp": "Agent"}, {"p": 69, "c": 0.9, "s": 19080, "e": 19525, "w": "嗯", "sp": "Customer"}, {"p": 70, "c": 0.9, "s": 19165, "e": 19507, "w": "一份", "sp": "Agent"}, {"p": 71, "c": 0.9, "s": 19507, "e": 19850, "w": "方案", "sp": "Agent"}, {"p": 72, "c": 0.9, "s": 19525, "e": 19970, "w": "好", "sp": "Customer"}, {"p": 73, "c": 0.9, "s": 19850, "e": 20022, "w": "跟", "sp": "Agent"}, {"p": 74, "c": 0.9, "s": 20022, "e": 20365, "w": "报价", "sp": "Agent"}, {"p": 75, "c": 0.9, "s": 20365, "e": 20536, "w": "您", "sp": "Agent"}, {"p": 76, "c": 0.9, "s": 20390, "e": 21000, "w": "没有", "sp": "Customer"}, {"p": 77, "c": 0.9, "s": 20536, "e": 20708, "w": "也", "sp": "Agent"}, {"p": 78, "c": 0.9, "s": 20708, "e": 21051, "w": "可以", "sp": "Agent"}, {"p": 79, "c": 0.9, "s": 21000, "e": 21610, "w": "回复", "sp": "Customer"}, {"p": 80, "c": 0.9, "s": 21051, "e": 21393, "w": "作为", "sp": "Agent"}, {"p": 81, "c": 0.9, "s": 21393, "e": 21736, "w": "参考", "sp": "Agent"}, {"p": 82, "c": 0.9, "s": 21736, "e": 21908, "w": "的", "sp": "Agent"}, {"p": 83, "c": 0.9, "s": 21908, "e": 22079, "w": "您", "sp": "Agent"}, {"p": 84, "c": 0.9, "s": 22079, "e": 22251, "w": "的", "sp": "Agent"}, {"p": 85, "c": 0.9, "s": 22251, "e": 22594, "w": "房屋", "sp": "Agent"}, {"p": 86, "c": 0.9, "s": 22594, "e": 22765, "w": "是", "sp": "Agent"}, {"p": 87, "c": 0.9, "s": 22765, "e": 22935, "w": "在", "sp": "Agent"}, {"p": 88, "c": 0.9, "s": 22936, "e": 23451, "w": "长沙市", "sp": "Agent"}, {"p": 89, "c": 0.9, "s": 23451, "e": 23622, "w": "的", "sp": "Agent"}, {"p": 90, "c": 0.9, "s": 23622, "e": 23965, "w": "哪个", "sp": "Agent"}, {"p": 91, "c": 0.9, "s": 23965, "e": 24308, "w": "区县", "sp": "Agent"}, {"p": 92, "c": 0.9, "s": 24308, "e": 24480, "w": "呀", "sp": "Agent"}, {"p": 93, "c": 0.9, "s": 24840, "e": 25236, "w": "开", "sp": "Customer"}, {"p": 94, "c": 0.9, "s": 25236, "e": 25633, "w": "不", "sp": "Customer"}, {"p": 95, "c": 0.9, "s": 25633, "e": 26029, "w": "起", "sp": "Customer"}, {"p": 96, "c": 0.9, "s": 25800, "e": 25993, "w": "哦", "sp": "Agent"}, {"p": 97, "c": 0.9, "s": 25993, "e": 26186, "w": "开", "sp": "Agent"}, {"p": 98, "c": 0.9, "s": 26186, "e": 26379, "w": "普", "sp": "Agent"}, {"p": 99, "c": 0.9, "s": 26379, "e": 26572, "w": "区", "sp": "Agent"}, {"p": 100, "c": 0.9, "s": 26572, "e": 26765, "w": "好", "sp": "Agent"}, {"p": 101, "c": 0.9, "s": 26765, "e": 26958, "w": "的", "sp": "Agent"}, {"p": 102, "c": 0.9, "s": 26958, "e": 27345, "w": "房屋", "sp": "Agent"}, {"p": 103, "c": 0.9, "s": 27345, "e": 27538, "w": "的", "sp": "Agent"}, {"p": 104, "c": 0.9, "s": 27538, "e": 27924, "w": "面积", "sp": "Agent"}, {"p": 105, "c": 0.9, "s": 27924, "e": 28310, "w": "大概", "sp": "Agent"}, {"p": 106, "c": 0.9, "s": 28310, "e": 28503, "w": "多", "sp": "Agent"}, {"p": 107, "c": 0.9, "s": 28503, "e": 28696, "w": "大", "sp": "Agent"}, {"p": 108, "c": 0.9, "s": 28696, "e": 28890, "w": "呢", "sp": "Agent"}, {"p": 109, "c": 0.9, "s": 30640, "e": 31212, "w": "那个", "sp": "Customer"}, {"p": 110, "c": 0.9, "s": 31212, "e": 31498, "w": "超", "sp": "Customer"}, {"p": 111, "c": 0.9, "s": 31498, "e": 31785, "w": "勉", "sp": "Customer"}, {"p": 112, "c": 0.9, "s": 31785, "e": 32356, "w": "一百", "sp": "Customer"}, {"p": 113, "c": 0.9, "s": 32356, "e": 32642, "w": "四", "sp": "Customer"}, {"p": 114, "c": 0.9, "s": 32570, "e": 33001, "w": "一百", "sp": "Agent"}, {"p": 115, "c": 0.9, "s": 32643, "e": 32930, "w": "吧", "sp": "Customer"}, {"p": 116, "c": 0.9, "s": 33001, "e": 33216, "w": "四", "sp": "Agent"}, {"p": 117, "c": 0.9, "s": 33216, "e": 33432, "w": "这", "sp": "Agent"}, {"p": 118, "c": 0.9, "s": 33432, "e": 33647, "w": "是", "sp": "Agent"}, {"p": 119, "c": 0.9, "s": 33647, "e": 34079, "w": "一个", "sp": "Agent"}, {"p": 120, "c": 0.9, "s": 34079, "e": 34510, "w": "大平", "sp": "Agent"}, {"p": 121, "c": 0.9, "s": 34510, "e": 34725, "w": "层", "sp": "Agent"}, {"p": 122, "c": 0.9, "s": 34725, "e": 34941, "w": "吗", "sp": "Agent"}, {"p": 123, "c": 0.9, "s": 34941, "e": 35372, "w": "还是", "sp": "Agent"}, {"p": 124, "c": 0.9, "s": 35372, "e": 35803, "w": "那个", "sp": "Agent"}, {"p": 125, "c": 0.9, "s": 35803, "e": 36019, "w": "呃", "sp": "Agent"}, {"p": 126, "c": 0.9, "s": 36000, "e": 37130, "w": "平常", "sp": "Customer"}, {"p": 127, "c": 0.9, "s": 36019, "e": 36450, "w": "服饰", "sp": "Agent"}, {"p": 128, "c": 0.9, "s": 36450, "e": 36666, "w": "呀", "sp": "Agent"}, {"p": 129, "c": 0.9, "s": 36666, "e": 36881, "w": "哦", "sp": "Agent"}, {"p": 130, "c": 0.9, "s": 36881, "e": 37097, "w": "平", "sp": "Agent"}, {"p": 131, "c": 0.9, "s": 37097, "e": 37312, "w": "层", "sp": "Agent"}, {"p": 132, "c": 0.9, "s": 37312, "e": 37528, "w": "哦", "sp": "Agent"}, {"p": 133, "c": 0.9, "s": 37528, "e": 37743, "w": "好", "sp": "Agent"}, {"p": 134, "c": 0.9, "s": 37743, "e": 37959, "w": "也", "sp": "Agent"}, {"p": 135, "c": 0.9, "s": 37959, "e": 38175, "w": "是", "sp": "Agent"}, {"p": 136, "c": 0.9, "s": 38175, "e": 38390, "w": "老", "sp": "Agent"}, {"p": 137, "c": 0.9, "s": 38390, "e": 38821, "w": "汽车", "sp": "Agent"}, {"p": 138, "c": 0.9, "s": 38821, "e": 39037, "w": "新", "sp": "Agent"}, {"p": 139, "c": 0.9, "s": 39037, "e": 39468, "w": "房子", "sp": "Agent"}, {"p": 140, "c": 0.9, "s": 39468, "e": 39899, "w": "现在", "sp": "Agent"}, {"p": 141, "c": 0.9, "s": 39899, "e": 40329, "w": "已经", "sp": "Agent"}, {"p": 142, "c": 0.9, "s": 39980, "e": 40256, "w": "就", "sp": "Customer"}, {"p": 143, "c": 0.9, "s": 40256, "e": 40533, "w": "先", "sp": "Customer"}, {"p": 144, "c": 0.9, "s": 40330, "e": 40762, "w": "拿到", "sp": "Agent"}, {"p": 145, "c": 0.9, "s": 40533, "e": 40810, "w": "把", "sp": "Customer"}, {"p": 146, "c": 0.9, "s": 40762, "e": 41193, "w": "房子", "sp": "Agent"}, {"p": 147, "c": 0.9, "s": 40810, "e": 41363, "w": "一个", "sp": "Customer"}, {"p": 148, "c": 0.9, "s": 41193, "e": 41408, "w": "了", "sp": "Agent"}, {"p": 149, "c": 0.9, "s": 41363, "e": 41916, "w": "好像", "sp": "Customer"}, {"p": 150, "c": 0.9, "s": 41408, "e": 41624, "w": "对", "sp": "Agent"}, {"p": 151, "c": 0.9, "s": 41624, "e": 41840, "w": "吧", "sp": "Agent"}, {"p": 152, "c": 0.9, "s": 41916, "e": 42193, "w": "是", "sp": "Customer"}, {"p": 153, "c": 0.9, "s": 42193, "e": 42470, "w": "嗯", "sp": "Customer"}, {"p": 154, "c": 0.9, "s": 42280, "e": 42454, "w": "哎", "sp": "Agent"}, {"p": 155, "c": 0.9, "s": 42454, "e": 42628, "w": "好", "sp": "Agent"}, {"p": 156, "c": 0.9, "s": 42628, "e": 42802, "w": "的", "sp": "Agent"}, {"p": 157, "c": 0.9, "s": 42803, "e": 43151, "w": "装修", "sp": "Agent"}, {"p": 158, "c": 0.9, "s": 43151, "e": 43500, "w": "的话", "sp": "Agent"}, {"p": 159, "c": 0.9, "s": 43500, "e": 43675, "w": "是", "sp": "Agent"}, {"p": 160, "c": 0.9, "s": 43675, "e": 44023, "w": "准备", "sp": "Agent"}, {"p": 161, "c": 0.9, "s": 44023, "e": 44198, "w": "几", "sp": "Agent"}, {"p": 162, "c": 0.9, "s": 44198, "e": 44546, "w": "月份", "sp": "Agent"}, {"p": 163, "c": 0.9, "s": 44546, "e": 44895, "w": "开工", "sp": "Agent"}, {"p": 164, "c": 0.9, "s": 44895, "e": 45070, "w": "呀", "sp": "Agent"}, {"p": 165, "c": 0.9, "s": 45960, "e": 46464, "w": "借钱", "sp": "Customer"}, {"p": 166, "c": 0.9, "s": 46464, "e": 46968, "w": "开通", "sp": "Customer"}, {"p": 167, "c": 0.9, "s": 46860, "e": 47014, "w": "呃", "sp": "Agent"}, {"p": 168, "c": 0.9, "s": 46968, "e": 47219, "w": "了", "sp": "Customer"}, {"p": 169, "c": 0.9, "s": 47014, "e": 47322, "w": "近期", "sp": "Agent"}, {"p": 170, "c": 0.9, "s": 47322, "e": 47476, "w": "要", "sp": "Agent"}, {"p": 171, "c": 0.9, "s": 47477, "e": 47785, "w": "开工", "sp": "Agent"}, {"p": 172, "c": 0.9, "s": 47785, "e": 47939, "w": "好", "sp": "Agent"}, {"p": 173, "c": 0.9, "s": 47939, "e": 48093, "w": "的", "sp": "Agent"}, {"p": 174, "c": 0.9, "s": 48094, "e": 48402, "w": "装修", "sp": "Agent"}, {"p": 175, "c": 0.9, "s": 48402, "e": 48711, "w": "公司", "sp": "Agent"}, {"p": 176, "c": 0.9, "s": 48711, "e": 49018, "w": "应该", "sp": "Agent"}, {"p": 177, "c": 0.9, "s": 49019, "e": 49173, "w": "也", "sp": "Agent"}, {"p": 178, "c": 0.9, "s": 49173, "e": 49328, "w": "定", "sp": "Agent"}, {"p": 179, "c": 0.9, "s": 49328, "e": 49482, "w": "的", "sp": "Agent"}, {"p": 180, "c": 0.9, "s": 49482, "e": 49945, "w": "差不多", "sp": "Agent"}, {"p": 181, "c": 0.9, "s": 49570, "e": 50183, "w": "怎么", "sp": "Customer"}, {"p": 182, "c": 0.9, "s": 49945, "e": 50099, "w": "了", "sp": "Agent"}, {"p": 183, "c": 0.9, "s": 50099, "e": 50406, "w": "我们", "sp": "Agent"}, {"p": 184, "c": 0.9, "s": 50183, "e": 50489, "w": "了", "sp": "Customer"}, {"p": 185, "c": 0.9, "s": 50407, "e": 50562, "w": "装", "sp": "Agent"}, {"p": 186, "c": 0.9, "s": 50562, "e": 50870, "w": "空调", "sp": "Agent"}, {"p": 187, "c": 0.9, "s": 50870, "e": 51178, "w": "的话", "sp": "Agent"}, {"p": 188, "c": 0.9, "s": 51179, "e": 51333, "w": "呢", "sp": "Agent"}, {"p": 189, "c": 0.9, "s": 51333, "e": 51487, "w": "也", "sp": "Agent"}, {"p": 190, "c": 0.9, "s": 51487, "e": 51641, "w": "是", "sp": "Agent"}, {"p": 191, "c": 0.9, "s": 51490, "e": 51710, "w": "我", "sp": "Customer"}, {"p": 192, "c": 0.9, "s": 51641, "e": 51795, "w": "会", "sp": "Agent"}, {"p": 193, "c": 0.9, "s": 51710, "e": 51930, "w": "说", "sp": "Customer"}, {"p": 194, "c": 0.9, "s": 51796, "e": 52104, "w": "提前", "sp": "Agent"}, {"p": 195, "c": 0.9, "s": 51930, "e": 52370, "w": "不要", "sp": "Customer"}, {"p": 196, "c": 0.9, "s": 52104, "e": 52258, "w": "帮", "sp": "Agent"}, {"p": 197, "c": 0.9, "s": 52258, "e": 52413, "w": "您", "sp": "Agent"}, {"p": 198, "c": 0.9, "s": 52413, "e": 53030, "w": "设计方案", "sp": "Agent"}, {"p": 199, "c": 0.9, "s": 53030, "e": 53337, "w": "根据", "sp": "Agent"}, {"p": 200, "c": 0.9, "s": 53338, "e": 53492, "w": "您", "sp": "Agent"}, {"p": 201, "c": 0.9, "s": 53492, "e": 53647, "w": "的", "sp": "Agent"}, {"p": 202, "c": 0.9, "s": 53647, "e": 53954, "w": "这个", "sp": "Agent"}, {"p": 203, "c": 0.9, "s": 53955, "e": 54264, "w": "面积", "sp": "Agent"}, {"p": 204, "c": 0.9, "s": 54264, "e": 54572, "w": "还有", "sp": "Agent"}, {"p": 205, "c": 0.9, "s": 54430, "e": 54752, "w": "哦", "sp": "Customer"}, {"p": 206, "c": 0.9, "s": 54572, "e": 54880, "w": "居住", "sp": "Agent"}, {"p": 207, "c": 0.9, "s": 54752, "e": 55397, "w": "一定", "sp": "Customer"}, {"p": 208, "c": 0.9, "s": 54881, "e": 55189, "w": "人口", "sp": "Agent"}, {"p": 209, "c": 0.9, "s": 55189, "e": 55343, "w": "帮", "sp": "Agent"}, {"p": 210, "c": 0.9, "s": 55343, "e": 55497, "w": "您", "sp": "Agent"}, {"p": 211, "c": 0.9, "s": 55397, "e": 55720, "w": "是", "sp": "Customer"}, {"p": 212, "c": 0.9, "s": 55498, "e": 55652, "w": "来", "sp": "Agent"}, {"p": 213, "c": 0.9, "s": 55652, "e": 55960, "w": "设计", "sp": "Agent"}, {"p": 214, "c": 0.9, "s": 55960, "e": 56114, "w": "的", "sp": "Agent"}, {"p": 215, "c": 0.9, "s": 56115, "e": 56423, "w": "冒昧", "sp": "Agent"}, {"p": 216, "c": 0.9, "s": 56423, "e": 56577, "w": "的", "sp": "Agent"}, {"p": 217, "c": 0.9, "s": 56577, "e": 56732, "w": "问", "sp": "Agent"}, {"p": 218, "c": 0.9, "s": 56732, "e": 57039, "w": "一下", "sp": "Agent"}, {"p": 219, "c": 0.9, "s": 57040, "e": 57194, "w": "会", "sp": "Agent"}, {"p": 220, "c": 0.9, "s": 57194, "e": 57503, "w": "不会", "sp": "Agent"}, {"p": 221, "c": 0.9, "s": 57503, "e": 57656, "w": "有", "sp": "Agent"}, {"p": 222, "c": 0.9, "s": 57657, "e": 57966, "w": "老人", "sp": "Agent"}, {"p": 223, "c": 0.9, "s": 57966, "e": 58120, "w": "跟", "sp": "Agent"}, {"p": 224, "c": 0.9, "s": 58120, "e": 58427, "w": "小孩", "sp": "Agent"}, {"p": 225, "c": 0.9, "s": 58428, "e": 58737, "w": "一起", "sp": "Agent"}, {"p": 226, "c": 0.9, "s": 58737, "e": 58891, "w": "住", "sp": "Agent"}, {"p": 227, "c": 0.9, "s": 58891, "e": 59045, "w": "的", "sp": "Agent"}, {"p": 228, "c": 0.9, "s": 59045, "e": 59199, "w": "呀", "sp": "Agent"}, {"p": 229, "c": 0.9, "s": 59080, "e": 59463, "w": "不", "sp": "Customer"}, {"p": 230, "c": 0.9, "s": 59463, "e": 60230, "w": "需要", "sp": "Customer"}, {"p": 231, "c": 0.9, "s": 59660, "e": 59818, "w": "啊", "sp": "Agent"}, {"p": 232, "c": 0.9, "s": 59818, "e": 59977, "w": "有", "sp": "Agent"}, {"p": 233, "c": 0.9, "s": 59977, "e": 60135, "w": "的", "sp": "Agent"}, {"p": 234, "c": 0.9, "s": 60135, "e": 60452, "w": "可能", "sp": "Agent"}, {"p": 235, "c": 0.9, "s": 60452, "e": 60611, "w": "会", "sp": "Agent"}, {"p": 236, "c": 0.9, "s": 60611, "e": 60770, "w": "有", "sp": "Agent"}, {"p": 237, "c": 0.9, "s": 60770, "e": 61087, "w": "五六", "sp": "Agent"}, {"p": 238, "c": 0.9, "s": 61087, "e": 61404, "w": "个人", "sp": "Agent"}, {"p": 239, "c": 0.9, "s": 61404, "e": 61562, "w": "那", "sp": "Agent"}, {"p": 240, "c": 0.9, "s": 61562, "e": 61721, "w": "您", "sp": "Agent"}, {"p": 241, "c": 0.9, "s": 61721, "e": 62038, "w": "这边", "sp": "Agent"}, {"p": 242, "c": 0.9, "s": 62038, "e": 62355, "w": "应该", "sp": "Agent"}, {"p": 243, "c": 0.9, "s": 62355, "e": 62514, "w": "还", "sp": "Agent"}, {"p": 244, "c": 0.9, "s": 62514, "e": 62831, "w": "没有", "sp": "Agent"}, {"p": 245, "c": 0.9, "s": 62831, "e": 62990, "w": "跟", "sp": "Agent"}, {"p": 246, "c": 0.9, "s": 62990, "e": 63307, "w": "这个", "sp": "Agent"}, {"p": 247, "c": 0.9, "s": 63307, "e": 63465, "w": "开", "sp": "Agent"}, {"p": 248, "c": 0.9, "s": 63465, "e": 63624, "w": "福", "sp": "Agent"}, {"p": 249, "c": 0.9, "s": 63624, "e": 63782, "w": "区", "sp": "Agent"}, {"p": 250, "c": 0.9, "s": 63782, "e": 64100, "w": "当地", "sp": "Agent"}, {"p": 251, "c": 0.9, "s": 64100, "e": 64257, "w": "的", "sp": "Agent"}, {"p": 252, "c": 0.9, "s": 64258, "e": 64575, "w": "门店", "sp": "Agent"}, {"p": 253, "c": 0.9, "s": 64574, "e": 64892, "w": "联系", "sp": "Agent"}, {"p": 254, "c": 0.9, "s": 64892, "e": 65050, "w": "过", "sp": "Agent"}, {"p": 255, "c": 0.9, "s": 65051, "e": 65210, "w": "对", "sp": "Agent"}, {"p": 256, "c": 0.9, "s": 65210, "e": 65367, "w": "吧", "sp": "Agent"}, {"p": 257, "c": 0.9, "s": 65367, "e": 65685, "w": "就是", "sp": "Agent"}, {"p": 258, "c": 0.9, "s": 65400, "e": 65579, "w": "他", "sp": "Customer"}, {"p": 259, "c": 0.9, "s": 65579, "e": 65758, "w": "要", "sp": "Customer"}, {"p": 260, "c": 0.9, "s": 65685, "e": 65843, "w": "先", "sp": "Agent"}, {"p": 261, "c": 0.9, "s": 65758, "e": 65938, "w": "去", "sp": "Customer"}, {"p": 262, "c": 0.9, "s": 65844, "e": 66320, "w": "看一看", "sp": "Agent"}, {"p": 263, "c": 0.9, "s": 65938, "e": 66117, "w": "他", "sp": "Customer"}, {"p": 264, "c": 0.9, "s": 66117, "e": 66297, "w": "的", "sp": "Customer"}, {"p": 265, "c": 0.9, "s": 66297, "e": 66656, "w": "原件", "sp": "Customer"}, {"p": 266, "c": 0.9, "s": 66656, "e": 66835, "w": "在", "sp": "Customer"}, {"p": 267, "c": 0.9, "s": 66835, "e": 67194, "w": "哪里", "sp": "Customer"}, {"p": 268, "c": 0.9, "s": 67194, "e": 67374, "w": "呢", "sp": "Customer"}, {"p": 269, "c": 0.9, "s": 67374, "e": 67553, "w": "我", "sp": "Customer"}, {"p": 270, "c": 0.9, "s": 67553, "e": 67912, "w": "自己", "sp": "Customer"}, {"p": 271, "c": 0.9, "s": 67912, "e": 68092, "w": "去", "sp": "Customer"}, {"p": 272, "c": 0.9, "s": 68092, "e": 68271, "w": "看", "sp": "Customer"}, {"p": 273, "c": 0.9, "s": 68271, "e": 68630, "w": "可以", "sp": "Customer"}, {"p": 274, "c": 0.9, "s": 68460, "e": 68618, "w": "啊", "sp": "Agent"}, {"p": 275, "c": 0.9, "s": 68619, "e": 68939, "w": "可以", "sp": "Agent"}, {"p": 276, "c": 0.9, "s": 68630, "e": 68810, "w": "吗", "sp": "Customer"}, {"p": 277, "c": 0.9, "s": 68939, "e": 69099, "w": "啊", "sp": "Agent"}, {"p": 278, "c": 0.9, "s": 69099, "e": 69259, "w": "我", "sp": "Agent"}, {"p": 279, "c": 0.9, "s": 69259, "e": 69579, "w": "这边", "sp": "Agent"}, {"p": 280, "c": 0.9, "s": 69579, "e": 69898, "w": "的话", "sp": "Agent"}, {"p": 281, "c": 0.9, "s": 69898, "e": 70058, "w": "让", "sp": "Agent"}, {"p": 282, "c": 0.9, "s": 70058, "e": 70538, "w": "业务员", "sp": "Agent"}, {"p": 283, "c": 0.9, "s": 70538, "e": 70698, "w": "啊", "sp": "Agent"}, {"p": 284, "c": 0.9, "s": 70698, "e": 70856, "w": "把", "sp": "Agent"}, {"p": 285, "c": 0.9, "s": 70857, "e": 71177, "w": "他们", "sp": "Agent"}, {"p": 286, "c": 0.9, "s": 71177, "e": 71497, "w": "那个", "sp": "Agent"}, {"p": 287, "c": 0.9, "s": 71497, "e": 71817, "w": "门店", "sp": "Agent"}, {"p": 288, "c": 0.9, "s": 71530, "e": 72040, "w": "不用", "sp": "Customer"}, {"p": 289, "c": 0.9, "s": 71817, "e": 72136, "w": "地址", "sp": "Agent"}, {"p": 290, "c": 0.9, "s": 72040, "e": 72550, "w": "谢谢", "sp": "Customer"}, {"p": 291, "c": 0.9, "s": 72136, "e": 72296, "w": "啊", "sp": "Agent"}, {"p": 292, "c": 0.9, "s": 72296, "e": 72616, "w": "发给", "sp": "Agent"}, {"p": 293, "c": 0.9, "s": 72616, "e": 72776, "w": "您", "sp": "Agent"}, {"p": 294, "c": 0.9, "s": 72776, "e": 72936, "w": "您", "sp": "Agent"}, {"p": 295, "c": 0.9, "s": 72936, "e": 73414, "w": "到时候", "sp": "Agent"}, {"p": 296, "c": 0.9, "s": 73190, "e": 73428, "w": "我", "sp": "Customer"}, {"p": 297, "c": 0.9, "s": 73415, "e": 73735, "w": "可以", "sp": "Agent"}, {"p": 298, "c": 0.9, "s": 73428, "e": 73904, "w": "可以", "sp": "Customer"}, {"p": 299, "c": 0.9, "s": 73735, "e": 73895, "w": "去", "sp": "Agent"}, {"p": 300, "c": 0.9, "s": 73895, "e": 74214, "w": "门店", "sp": "Agent"}, {"p": 301, "c": 0.9, "s": 73904, "e": 74142, "w": "给", "sp": "Customer"}, {"p": 302, "c": 0.9, "s": 74142, "e": 74380, "w": "你", "sp": "Customer"}, {"p": 303, "c": 0.9, "s": 74214, "e": 74534, "w": "详细", "sp": "Agent"}, {"p": 304, "c": 0.9, "s": 74534, "e": 74694, "w": "的", "sp": "Agent"}, {"p": 305, "c": 0.9, "s": 74694, "e": 75014, "w": "了解", "sp": "Agent"}, {"p": 306, "c": 0.9, "s": 75014, "e": 75333, "w": "产品", "sp": "Agent"}, {"p": 307, "c": 0.9, "s": 75333, "e": 75493, "w": "的", "sp": "Agent"}, {"p": 308, "c": 0.9, "s": 75493, "e": 75653, "w": "那", "sp": "Agent"}, {"p": 309, "c": 0.9, "s": 75560, "e": 76530, "w": "可以", "sp": "Customer"}, {"p": 310, "c": 0.9, "s": 75653, "e": 75813, "w": "您", "sp": "Agent"}, {"p": 311, "c": 0.9, "s": 75813, "e": 76133, "w": "这边", "sp": "Agent"}, {"p": 312, "c": 0.9, "s": 76133, "e": 76293, "w": "是", "sp": "Agent"}, {"p": 313, "c": 0.9, "s": 76293, "e": 76451, "w": "在", "sp": "Agent"}, {"p": 314, "c": 0.9, "s": 76452, "e": 76612, "w": "开", "sp": "Agent"}, {"p": 315, "c": 0.9, "s": 76612, "e": 76772, "w": "福", "sp": "Agent"}, {"p": 316, "c": 0.9, "s": 76772, "e": 76932, "w": "区", "sp": "Agent"}, {"p": 317, "c": 0.9, "s": 76932, "e": 77092, "w": "的", "sp": "Agent"}, {"p": 318, "c": 0.9, "s": 77092, "e": 77252, "w": "哪", "sp": "Agent"}, {"p": 319, "c": 0.9, "s": 77252, "e": 77571, "w": "一个", "sp": "Agent"}, {"p": 320, "c": 0.9, "s": 77571, "e": 77891, "w": "小区", "sp": "Agent"}, {"p": 321, "c": 0.9, "s": 77891, "e": 78051, "w": "我", "sp": "Agent"}, {"p": 322, "c": 0.9, "s": 78051, "e": 78211, "w": "让", "sp": "Agent"}, {"p": 323, "c": 0.9, "s": 78211, "e": 78371, "w": "有", "sp": "Agent"}, {"p": 324, "c": 0.9, "s": 78371, "e": 78690, "w": "经验", "sp": "Agent"}, {"p": 325, "c": 0.9, "s": 78690, "e": 78850, "w": "的", "sp": "Agent"}, {"p": 326, "c": 0.9, "s": 78850, "e": 79170, "w": "门店", "sp": "Agent"}, {"p": 327, "c": 0.9, "s": 79170, "e": 79490, "w": "联系", "sp": "Agent"}, {"p": 328, "c": 0.9, "s": 79490, "e": 79650, "w": "您", "sp": "Agent"}, {"p": 329, "c": 0.9, "s": 79650, "e": 79810, "w": "啊", "sp": "Agent"}, {"p": 330, "c": 0.9, "s": 80110, "e": 80284, "w": "哦", "sp": "Customer"}, {"p": 331, "c": 0.9, "s": 80284, "e": 80458, "w": "不", "sp": "Customer"}, {"p": 332, "c": 0.9, "s": 80458, "e": 80632, "w": "哦", "sp": "Customer"}, {"p": 333, "c": 0.9, "s": 80632, "e": 80806, "w": "不", "sp": "Customer"}, {"p": 334, "c": 0.9, "s": 80806, "e": 81154, "w": "不用", "sp": "Customer"}, {"p": 335, "c": 0.9, "s": 81154, "e": 81328, "w": "了", "sp": "Customer"}, {"p": 336, "c": 0.9, "s": 81328, "e": 81502, "w": "你", "sp": "Customer"}, {"p": 337, "c": 0.9, "s": 81502, "e": 81677, "w": "就", "sp": "Customer"}, {"p": 338, "c": 0.9, "s": 81677, "e": 81851, "w": "开", "sp": "Customer"}, {"p": 339, "c": 0.9, "s": 81851, "e": 82199, "w": "出去", "sp": "Customer"}, {"p": 340, "c": 0.9, "s": 82199, "e": 82373, "w": "就", "sp": "Customer"}, {"p": 341, "c": 0.9, "s": 82270, "e": 82444, "w": "哦", "sp": "Agent"}, {"p": 342, "c": 0.9, "s": 82373, "e": 82721, "w": "可以", "sp": "Customer"}, {"p": 343, "c": 0.9, "s": 82444, "e": 82618, "w": "好", "sp": "Agent"}, {"p": 344, "c": 0.9, "s": 82618, "e": 82792, "w": "的", "sp": "Agent"}, {"p": 345, "c": 0.9, "s": 82721, "e": 82895, "w": "了", "sp": "Customer"}, {"p": 346, "c": 0.9, "s": 82792, "e": 83140, "w": "除了", "sp": "Agent"}, {"p": 347, "c": 0.9, "s": 82895, "e": 83070, "w": "嗯", "sp": "Customer"}, {"p": 348, "c": 0.9, "s": 83140, "e": 83488, "w": "空调", "sp": "Agent"}, {"p": 349, "c": 0.9, "s": 83488, "e": 83836, "w": "之外", "sp": "Agent"}, {"p": 350, "c": 0.9, "s": 83836, "e": 84184, "w": "信封", "sp": "Agent"}, {"p": 351, "c": 0.9, "s": 84184, "e": 84532, "w": "系统", "sp": "Agent"}, {"p": 352, "c": 0.9, "s": 84532, "e": 84881, "w": "进展", "sp": "Agent"}, {"p": 353, "c": 0.9, "s": 84640, "e": 85909, "w": "支付宝", "sp": "Customer"}, {"p": 354, "c": 0.9, "s": 84881, "e": 85055, "w": "会", "sp": "Agent"}, {"p": 355, "c": 0.9, "s": 85055, "e": 85229, "w": "有", "sp": "Agent"}, {"p": 356, "c": 0.9, "s": 85229, "e": 85576, "w": "兴趣", "sp": "Agent"}, {"p": 357, "c": 0.9, "s": 85577, "e": 85751, "w": "吗", "sp": "Agent"}, {"p": 358, "c": 0.9, "s": 85751, "e": 85925, "w": "我", "sp": "Agent"}, {"p": 359, "c": 0.9, "s": 85910, "e": 86333, "w": "是", "sp": "Customer"}, {"p": 360, "c": 0.9, "s": 85925, "e": 86099, "w": "帮", "sp": "Agent"}, {"p": 361, "c": 0.9, "s": 86099, "e": 86273, "w": "您", "sp": "Agent"}, {"p": 362, "c": 0.9, "s": 86273, "e": 86621, "w": "备注", "sp": "Agent"}, {"p": 363, "c": 0.9, "s": 86333, "e": 87180, "w": "什么", "sp": "Customer"}, {"p": 364, "c": 0.9, "s": 86621, "e": 86970, "w": "一下", "sp": "Agent"}, {"p": 365, "c": 0.9, "s": 87180, "e": 88026, "w": "意思", "sp": "Customer"}, {"p": 366, "c": 0.9, "s": 88026, "e": 88450, "w": "啊", "sp": "Customer"}, {"p": 367, "c": 0.9, "s": 88340, "e": 88507, "w": "呃", "sp": "Agent"}, {"p": 368, "c": 0.9, "s": 88508, "e": 88845, "w": "新风", "sp": "Agent"}, {"p": 369, "c": 0.9, "s": 88845, "e": 89014, "w": "是", "sp": "Agent"}, {"p": 370, "c": 0.9, "s": 89014, "e": 89351, "w": "用来", "sp": "Agent"}, {"p": 371, "c": 0.9, "s": 89351, "e": 89520, "w": "引", "sp": "Agent"}, {"p": 372, "c": 0.9, "s": 89520, "e": 89856, "w": "新风", "sp": "Agent"}, {"p": 373, "c": 0.9, "s": 89857, "e": 90194, "w": "排队", "sp": "Agent"}, {"p": 374, "c": 0.9, "s": 90194, "e": 90363, "w": "气", "sp": "Agent"}, {"p": 375, "c": 0.9, "s": 90363, "e": 90531, "w": "的", "sp": "Agent"}, {"p": 376, "c": 0.9, "s": 90531, "e": 90700, "w": "在", "sp": "Agent"}, {"p": 377, "c": 0.9, "s": 90700, "e": 90868, "w": "您", "sp": "Agent"}, {"p": 378, "c": 0.9, "s": 90869, "e": 91375, "w": "下雨天", "sp": "Agent"}, {"p": 379, "c": 0.9, "s": 91375, "e": 91712, "w": "或者", "sp": "Agent"}, {"p": 380, "c": 0.9, "s": 91712, "e": 91880, "w": "说", "sp": "Agent"}, {"p": 381, "c": 0.9, "s": 91880, "e": 92555, "w": "空气质量", "sp": "Agent"}, {"p": 382, "c": 0.9, "s": 92555, "e": 92723, "w": "不", "sp": "Agent"}, {"p": 383, "c": 0.9, "s": 92723, "e": 92892, "w": "太", "sp": "Agent"}, {"p": 384, "c": 0.9, "s": 92892, "e": 93061, "w": "好", "sp": "Agent"}, {"p": 385, "c": 0.9, "s": 93061, "e": 93229, "w": "的", "sp": "Agent"}, {"p": 386, "c": 0.9, "s": 93229, "e": 93565, "w": "时候", "sp": "Agent"}, {"p": 387, "c": 0.9, "s": 93566, "e": 93904, "w": "可以", "sp": "Agent"}, {"p": 388, "c": 0.9, "s": 93760, "e": 94630, "w": "嗯", "sp": "Customer"}, {"p": 389, "c": 0.9, "s": 93904, "e": 94241, "w": "做到", "sp": "Agent"}, {"p": 390, "c": 0.9, "s": 94241, "e": 94577, "w": "门窗", "sp": "Agent"}, {"p": 391, "c": 0.9, "s": 94578, "e": 94915, "w": "紧闭", "sp": "Agent"}, {"p": 392, "c": 0.9, "s": 94915, "e": 95084, "w": "的", "sp": "Agent"}, {"p": 393, "c": 0.9, "s": 95084, "e": 95421, "w": "情况", "sp": "Agent"}, {"p": 394, "c": 0.9, "s": 95421, "e": 95590, "w": "下", "sp": "Agent"}, {"p": 395, "c": 0.9, "s": 95590, "e": 95757, "w": "全", "sp": "Agent"}, {"p": 396, "c": 0.9, "s": 95758, "e": 95927, "w": "屋", "sp": "Agent"}, {"p": 397, "c": 0.9, "s": 95927, "e": 96096, "w": "里", "sp": "Agent"}, {"p": 398, "c": 0.9, "s": 96096, "e": 96264, "w": "的", "sp": "Agent"}, {"p": 399, "c": 0.9, "s": 96264, "e": 96601, "w": "清风", "sp": "Agent"}, {"p": 400, "c": 0.9, "s": 96330, "e": 96706, "w": "我", "sp": "Customer"}, {"p": 401, "c": 0.9, "s": 96601, "e": 96770, "w": "人", "sp": "Agent"}, {"p": 402, "c": 0.9, "s": 96706, "e": 97083, "w": "姓", "sp": "Customer"}, {"p": 403, "c": 0.9, "s": 96770, "e": 97106, "w": "呼吸", "sp": "Agent"}, {"p": 404, "c": 0.9, "s": 97083, "e": 97460, "w": "方", "sp": "Customer"}, {"p": 405, "c": 0.9, "s": 97107, "e": 97445, "w": "起来", "sp": "Agent"}, {"p": 406, "c": 0.9, "s": 97445, "e": 97613, "w": "会", "sp": "Agent"}, {"p": 407, "c": 0.9, "s": 97613, "e": 97950, "w": "比较", "sp": "Agent"}, {"p": 408, "c": 0.9, "s": 97950, "e": 98287, "w": "舒服", "sp": "Agent"}, {"p": 409, "c": 0.9, "s": 98288, "e": 98456, "w": "的", "sp": "Agent"}, {"p": 410, "c": 0.9, "s": 98456, "e": 98793, "w": "一个", "sp": "Agent"}, {"p": 411, "c": 0.9, "s": 98793, "e": 99131, "w": "产品", "sp": "Agent"}, {"p": 412, "c": 0.9, "s": 99131, "e": 99298, "w": "也", "sp": "Agent"}, {"p": 413, "c": 0.9, "s": 99299, "e": 99468, "w": "是", "sp": "Agent"}, {"p": 414, "c": 0.9, "s": 99468, "e": 99636, "w": "装", "sp": "Agent"}, {"p": 415, "c": 0.9, "s": 99636, "e": 99805, "w": "在", "sp": "Agent"}, {"p": 416, "c": 0.9, "s": 99805, "e": 100142, "w": "这里", "sp": "Agent"}, {"p": 417, "c": 0.9, "s": 100142, "e": 100479, "w": "上面", "sp": "Agent"}, {"p": 418, "c": 0.9, "s": 101070, "e": 101690, "w": "需要", "sp": "Customer"}, {"p": 419, "c": 0.9, "s": 101690, "e": 102310, "w": "开通", "sp": "Customer"}, {"p": 420, "c": 0.9, "s": 102310, "e": 102619, "w": "吗", "sp": "Customer"}, {"p": 421, "c": 0.9, "s": 103170, "e": 103374, "w": "哦", "sp": "Agent"}, {"p": 422, "c": 0.9, "s": 103374, "e": 103578, "w": "呃", "sp": "Agent"}, {"p": 423, "c": 0.9, "s": 103578, "e": 104396, "w": "不好意思", "sp": "Agent"}, {"p": 424, "c": 0.9, "s": 104396, "e": 104805, "w": "刚刚", "sp": "Agent"}, {"p": 425, "c": 0.9, "s": 104805, "e": 105214, "w": "可能", "sp": "Agent"}, {"p": 426, "c": 0.9, "s": 105214, "e": 105418, "w": "没", "sp": "Agent"}, {"p": 427, "c": 0.9, "s": 105418, "e": 105623, "w": "太", "sp": "Agent"}, {"p": 428, "c": 0.9, "s": 105623, "e": 105827, "w": "听", "sp": "Agent"}, {"p": 429, "c": 0.9, "s": 105827, "e": 106236, "w": "清楚", "sp": "Agent"}, {"p": 430, "c": 0.9, "s": 105920, "e": 106503, "w": "基本", "sp": "Customer"}, {"p": 431, "c": 0.9, "s": 106236, "e": 106441, "w": "您", "sp": "Agent"}, {"p": 432, "c": 0.9, "s": 106441, "e": 106645, "w": "是", "sp": "Agent"}, {"p": 433, "c": 0.9, "s": 106503, "e": 106795, "w": "要", "sp": "Customer"}, {"p": 434, "c": 0.9, "s": 106645, "e": 106850, "w": "说", "sp": "Agent"}, {"p": 435, "c": 0.9, "s": 106795, "e": 107086, "w": "装", "sp": "Customer"}, {"p": 436, "c": 0.9, "s": 107086, "e": 107670, "w": "新风", "sp": "Customer"}, {"p": 437, "c": 0.9, "s": 107670, "e": 108253, "w": "这个", "sp": "Customer"}, {"p": 438, "c": 0.9, "s": 108253, "e": 108545, "w": "倒", "sp": "Customer"}, {"p": 439, "c": 0.9, "s": 108545, "e": 108836, "w": "不", "sp": "Customer"}, {"p": 440, "c": 0.9, "s": 108836, "e": 109420, "w": "一定", "sp": "Customer"}, {"p": 441, "c": 0.9, "s": 108930, "e": 109080, "w": "哦", "sp": "Agent"}, {"p": 442, "c": 0.9, "s": 109080, "e": 109231, "w": "好", "sp": "Agent"}, {"p": 443, "c": 0.9, "s": 109231, "e": 109381, "w": "的", "sp": "Agent"}, {"p": 444, "c": 0.9, "s": 109381, "e": 109532, "w": "好", "sp": "Agent"}, {"p": 445, "c": 0.9, "s": 109532, "e": 109682, "w": "的", "sp": "Agent"}, {"p": 446, "c": 0.9, "s": 109682, "e": 109833, "w": "那", "sp": "Agent"}, {"p": 447, "c": 0.9, "s": 109833, "e": 109984, "w": "我", "sp": "Agent"}, {"p": 448, "c": 0.9, "s": 109984, "e": 110134, "w": "帮", "sp": "Agent"}, {"p": 449, "c": 0.9, "s": 110134, "e": 110285, "w": "您", "sp": "Agent"}, {"p": 450, "c": 0.9, "s": 110285, "e": 110586, "w": "记录", "sp": "Agent"}, {"p": 451, "c": 0.9, "s": 110580, "e": 110790, "w": "发", "sp": "Customer"}, {"p": 452, "c": 0.9, "s": 110586, "e": 110887, "w": "一下", "sp": "Agent"}, {"p": 453, "c": 0.9, "s": 110790, "e": 111000, "w": "微", "sp": "Customer"}, {"p": 454, "c": 0.9, "s": 110887, "e": 111188, "w": "我们", "sp": "Agent"}, {"p": 455, "c": 0.9, "s": 111000, "e": 111210, "w": "信", "sp": "Customer"}, {"p": 456, "c": 0.9, "s": 111188, "e": 111490, "w": "这边", "sp": "Agent"}, {"p": 457, "c": 0.9, "s": 111210, "e": 111420, "w": "给", "sp": "Customer"}, {"p": 458, "c": 0.9, "s": 111420, "e": 111840, "w": "我行", "sp": "Customer"}, {"p": 459, "c": 0.9, "s": 111490, "e": 111640, "w": "定", "sp": "Agent"}, {"p": 460, "c": 0.9, "s": 111640, "e": 111791, "w": "的", "sp": "Agent"}, {"p": 461, "c": 0.9, "s": 111791, "e": 111941, "w": "跟", "sp": "Agent"}, {"p": 462, "c": 0.9, "s": 111840, "e": 112049, "w": "吗", "sp": "Customer"}, {"p": 463, "c": 0.9, "s": 111941, "e": 112243, "w": "空调", "sp": "Agent"}, {"p": 464, "c": 0.9, "s": 112243, "e": 112393, "w": "是", "sp": "Agent"}, {"p": 465, "c": 0.9, "s": 112393, "e": 112694, "w": "可以", "sp": "Agent"}, {"p": 466, "c": 0.9, "s": 112694, "e": 112845, "w": "二", "sp": "Agent"}, {"p": 467, "c": 0.9, "s": 112845, "e": 112996, "w": "连", "sp": "Agent"}, {"p": 468, "c": 0.9, "s": 112996, "e": 113146, "w": "供", "sp": "Agent"}, {"p": 469, "c": 0.9, "s": 113146, "e": 113297, "w": "的", "sp": "Agent"}, {"p": 470, "c": 0.9, "s": 113297, "e": 113598, "w": "就是", "sp": "Agent"}, {"p": 471, "c": 0.9, "s": 113598, "e": 113749, "w": "您", "sp": "Agent"}, {"p": 472, "c": 0.9, "s": 113749, "e": 114200, "w": "供应商", "sp": "Agent"}, {"p": 473, "c": 0.9, "s": 113910, "e": 114202, "w": "嗯", "sp": "Customer"}, {"p": 474, "c": 0.9, "s": 114200, "e": 114652, "w": "同一个", "sp": "Agent"}, {"p": 475, "c": 0.9, "s": 114202, "e": 114495, "w": "等", "sp": "Customer"}, {"p": 476, "c": 0.9, "s": 114495, "e": 115080, "w": "一下", "sp": "Customer"}, {"p": 477, "c": 0.9, "s": 114652, "e": 114953, "w": "空调", "sp": "Agent"}, {"p": 478, "c": 0.9, "s": 114953, "e": 115104, "w": "外", "sp": "Agent"}, {"p": 479, "c": 0.9, "s": 115104, "e": 115255, "w": "机", "sp": "Agent"}, {"p": 480, "c": 0.9, "s": 115255, "e": 115556, "w": "本身", "sp": "Agent"}, {"p": 481, "c": 0.9, "s": 115556, "e": 115706, "w": "呢", "sp": "Agent"}, {"p": 482, "c": 0.9, "s": 115706, "e": 115857, "w": "也", "sp": "Agent"}, {"p": 483, "c": 0.9, "s": 115857, "e": 116008, "w": "是", "sp": "Agent"}, {"p": 484, "c": 0.9, "s": 116008, "e": 116309, "w": "空气", "sp": "Agent"}, {"p": 485, "c": 0.9, "s": 116309, "e": 116459, "w": "能", "sp": "Agent"}, {"p": 486, "c": 0.9, "s": 116459, "e": 116610, "w": "源", "sp": "Agent"}, {"p": 487, "c": 0.9, "s": 116610, "e": 116761, "w": "里", "sp": "Agent"}, {"p": 488, "c": 0.9, "s": 116761, "e": 116911, "w": "啊", "sp": "Agent"}, {"p": 489, "c": 0.9, "s": 116911, "e": 117212, "w": "比较", "sp": "Agent"}, {"p": 490, "c": 0.9, "s": 117212, "e": 117514, "w": "节能", "sp": "Agent"}, {"p": 491, "c": 0.9, "s": 117514, "e": 117815, "w": "环保", "sp": "Agent"}, {"p": 492, "c": 0.9, "s": 117790, "e": 118160, "w": "嗯", "sp": "Customer"}, {"p": 493, "c": 0.9, "s": 117815, "e": 117965, "w": "的", "sp": "Agent"}, {"p": 494, "c": 0.9, "s": 117965, "e": 118267, "w": "后续", "sp": "Agent"}, {"p": 495, "c": 0.9, "s": 118160, "e": 118530, "w": "嗯", "sp": "Customer"}, {"p": 496, "c": 0.9, "s": 118267, "e": 118417, "w": "您", "sp": "Agent"}, {"p": 497, "c": 0.9, "s": 118417, "e": 118568, "w": "也", "sp": "Agent"}, {"p": 498, "c": 0.9, "s": 118530, "e": 118900, "w": "你", "sp": "Customer"}, {"p": 499, "c": 0.9, "s": 118568, "e": 118869, "w": "可以", "sp": "Agent"}, {"p": 500, "c": 0.9, "s": 118869, "e": 119170, "w": "详细", "sp": "Agent"}, {"p": 501, "c": 0.9, "s": 118900, "e": 119270, "w": "说", "sp": "Customer"}, {"p": 502, "c": 0.9, "s": 119170, "e": 119321, "w": "的", "sp": "Agent"}, {"p": 503, "c": 0.9, "s": 119321, "e": 119622, "w": "了解", "sp": "Agent"}, {"p": 504, "c": 0.9, "s": 119622, "e": 119773, "w": "像", "sp": "Agent"}, {"p": 505, "c": 0.9, "s": 119773, "e": 119923, "w": "您", "sp": "Agent"}, {"p": 506, "c": 0.9, "s": 119923, "e": 120224, "w": "这个", "sp": "Agent"}, {"p": 507, "c": 0.9, "s": 120224, "e": 120526, "w": "房屋", "sp": "Agent"}, {"p": 508, "c": 0.9, "s": 120420, "e": 120873, "w": "还有", "sp": "Customer"}, {"p": 509, "c": 0.9, "s": 120526, "e": 120977, "w": "如果说", "sp": "Agent"}, {"p": 510, "c": 0.9, "s": 120873, "e": 121100, "w": "我", "sp": "Customer"}, {"p": 511, "c": 0.9, "s": 120977, "e": 121128, "w": "会", "sp": "Agent"}, {"p": 512, "c": 0.9, "s": 121100, "e": 121326, "w": "的", "sp": "Customer"}, {"p": 513, "c": 0.9, "s": 121128, "e": 121279, "w": "有", "sp": "Agent"}, {"p": 514, "c": 0.9, "s": 121279, "e": 121580, "w": "老人", "sp": "Agent"}, {"p": 515, "c": 0.9, "s": 121326, "e": 121780, "w": "户口", "sp": "Customer"}, {"p": 516, "c": 0.9, "s": 121580, "e": 121881, "w": "小孩", "sp": "Agent"}, {"p": 517, "c": 0.9, "s": 121881, "e": 122182, "w": "居住", "sp": "Agent"}, {"p": 518, "c": 0.9, "s": 122182, "e": 122333, "w": "呢", "sp": "Agent"}, {"p": 519, "c": 0.9, "s": 122333, "e": 122483, "w": "还", "sp": "Agent"}, {"p": 520, "c": 0.9, "s": 122483, "e": 122785, "w": "推荐", "sp": "Agent"}, {"p": 521, "c": 0.9, "s": 122785, "e": 122935, "w": "您", "sp": "Agent"}, {"p": 522, "c": 0.9, "s": 122935, "e": 123236, "w": "了解", "sp": "Agent"}, {"p": 523, "c": 0.9, "s": 123190, "e": 123521, "w": "啊", "sp": "Customer"}, {"p": 524, "c": 0.9, "s": 123236, "e": 123387, "w": "一", "sp": "Agent"}, {"p": 525, "c": 0.9, "s": 123387, "e": 123538, "w": "款", "sp": "Agent"}, {"p": 526, "c": 0.9, "s": 123521, "e": 124185, "w": "那个", "sp": "Customer"}, {"p": 527, "c": 0.9, "s": 123538, "e": 123839, "w": "我们", "sp": "Agent"}, {"p": 528, "c": 0.9, "s": 123839, "e": 123989, "w": "的", "sp": "Agent"}, {"p": 529, "c": 0.9, "s": 123989, "e": 124140, "w": "三", "sp": "Agent"}, {"p": 530, "c": 0.9, "s": 124140, "e": 124291, "w": "D", "sp": "Agent"}, {"p": 531, "c": 0.9, "s": 124185, "e": 124516, "w": "我", "sp": "Customer"}, {"p": 532, "c": 0.9, "s": 124291, "e": 124592, "w": "七六", "sp": "Agent"}, {"p": 533, "c": 0.9, "s": 124516, "e": 125180, "w": "手机", "sp": "Customer"}, {"p": 534, "c": 0.9, "s": 124592, "e": 124893, "w": "室内", "sp": "Agent"}, {"p": 535, "c": 0.9, "s": 124893, "e": 125044, "w": "机", "sp": "Agent"}, {"p": 536, "c": 0.9, "s": 125044, "e": 125194, "w": "它", "sp": "Agent"}, {"p": 537, "c": 0.9, "s": 125194, "e": 125345, "w": "的", "sp": "Agent"}, {"p": 538, "c": 0.9, "s": 125345, "e": 125646, "w": "公司", "sp": "Agent"}, {"p": 539, "c": 0.9, "s": 125646, "e": 125797, "w": "会", "sp": "Agent"}, {"p": 540, "c": 0.9, "s": 125797, "e": 126098, "w": "比较", "sp": "Agent"}, {"p": 541, "c": 0.9, "s": 126098, "e": 126399, "w": "均匀", "sp": "Agent"}, {"p": 542, "c": 0.9, "s": 126100, "e": 126625, "w": "信用", "sp": "Customer"}, {"p": 543, "c": 0.9, "s": 126399, "e": 126700, "w": "融合", "sp": "Agent"}, {"p": 544, "c": 0.9, "s": 126625, "e": 127150, "w": "贷款", "sp": "Customer"}, {"p": 545, "c": 0.9, "s": 126700, "e": 126851, "w": "的", "sp": "Agent"}, {"p": 546, "c": 0.9, "s": 126851, "e": 127152, "w": "没有", "sp": "Agent"}, {"p": 547, "c": 0.9, "s": 127152, "e": 127303, "w": "值", "sp": "Agent"}, {"p": 548, "c": 0.9, "s": 127303, "e": 127453, "w": "车", "sp": "Agent"}, {"p": 549, "c": 0.9, "s": 127453, "e": 127604, "w": "的", "sp": "Agent"}, {"p": 550, "c": 0.9, "s": 127604, "e": 127905, "w": "风险", "sp": "Agent"}, {"p": 551, "c": 0.9, "s": 127905, "e": 128056, "w": "那", "sp": "Agent"}, {"p": 552, "c": 0.9, "s": 128056, "e": 128356, "w": "最后", "sp": "Agent"}, {"p": 553, "c": 0.9, "s": 128356, "e": 128506, "w": "啊", "sp": "Agent"}, {"p": 554, "c": 0.9, "s": 128507, "e": 128809, "w": "那个", "sp": "Agent"}, {"p": 555, "c": 0.9, "s": 128809, "e": 128959, "w": "黄", "sp": "Agent"}, {"p": 556, "c": 0.9, "s": 128959, "e": 129259, "w": "先生", "sp": "Agent"}, {"p": 557, "c": 0.9, "s": 129259, "e": 129410, "w": "您", "sp": "Agent"}, {"p": 558, "c": 0.9, "s": 129410, "e": 129711, "w": "这边", "sp": "Agent"}, {"p": 559, "c": 0.9, "s": 129712, "e": 130013, "w": "房屋", "sp": "Agent"}, {"p": 560, "c": 0.9, "s": 130009, "e": 130198, "w": "好", "sp": "Customer"}, {"p": 561, "c": 0.9, "s": 130013, "e": 130465, "w": "有没有", "sp": "Agent"}, {"p": 562, "c": 0.9, "s": 130198, "e": 130386, "w": "的", "sp": "Customer"}, {"p": 563, "c": 0.9, "s": 130386, "e": 130575, "w": "好", "sp": "Customer"}, {"p": 564, "c": 0.9, "s": 130465, "e": 130916, "w": "平面图", "sp": "Agent"}, {"p": 565, "c": 0.9, "s": 130575, "e": 130763, "w": "的", "sp": "Customer"}, {"p": 566, "c": 0.9, "s": 130763, "e": 130951, "w": "好", "sp": "Customer"}, {"p": 567, "c": 0.9, "s": 130917, "e": 131068, "w": "啊", "sp": "Agent"}, {"p": 568, "c": 0.9, "s": 130951, "e": 131140, "w": "的", "sp": "Customer"}, {"p": 569, "c": 0.9, "s": 131067, "e": 131368, "w": "如果", "sp": "Agent"}, {"p": 570, "c": 0.9, "s": 131369, "e": 131519, "w": "是", "sp": "Agent"}, {"p": 571, "c": 0.9, "s": 131519, "e": 131670, "w": "有", "sp": "Agent"}, {"p": 572, "c": 0.9, "s": 131670, "e": 131971, "w": "图纸", "sp": "Agent"}, {"p": 573, "c": 0.9, "s": 131971, "e": 132271, "w": "的话", "sp": "Agent"}, {"p": 574, "c": 0.9, "s": 132272, "e": 132423, "w": "呢", "sp": "Agent"}, {"p": 575, "c": 0.9, "s": 132423, "e": 132574, "w": "帮", "sp": "Agent"}, {"p": 576, "c": 0.9, "s": 132574, "e": 132724, "w": "您", "sp": "Agent"}, {"p": 577, "c": 0.9, "s": 132724, "e": 133025, "w": "设计", "sp": "Agent"}, {"p": 578, "c": 0.9, "s": 133025, "e": 133176, "w": "会", "sp": "Agent"}, {"p": 579, "c": 0.9, "s": 133176, "e": 133476, "w": "更加", "sp": "Agent"}, {"p": 580, "c": 0.9, "s": 133477, "e": 133778, "w": "精确", "sp": "Agent"}, {"p": 581, "c": 0.9, "s": 133778, "e": 134080, "w": "一些", "sp": "Agent"}, {"p": 582, "c": 0.9, "s": 134160, "e": 134346, "w": "好", "sp": "Customer"}, {"p": 583, "c": 0.9, "s": 134346, "e": 134532, "w": "的", "sp": "Customer"}, {"p": 584, "c": 0.9, "s": 134533, "e": 134720, "w": "好", "sp": "Customer"}, {"p": 585, "c": 0.9, "s": 134720, "e": 134907, "w": "的", "sp": "Customer"}, {"p": 586, "c": 0.9, "s": 134907, "e": 135094, "w": "那", "sp": "Customer"}, {"p": 587, "c": 0.9, "s": 135094, "e": 135280, "w": "我", "sp": "Customer"}, {"p": 588, "c": 0.9, "s": 135281, "e": 135467, "w": "先", "sp": "Customer"}, {"p": 589, "c": 0.9, "s": 135467, "e": 135653, "w": "去", "sp": "Customer"}, {"p": 590, "c": 0.9, "s": 135654, "e": 136028, "w": "了解", "sp": "Customer"}, {"p": 591, "c": 0.9, "s": 136028, "e": 136402, "w": "了解", "sp": "Customer"}, {"p": 592, "c": 0.9, "s": 136402, "e": 136775, "w": "一下", "sp": "Customer"}, {"p": 593, "c": 0.9, "s": 136720, "e": 136899, "w": "哦", "sp": "Agent"}, {"p": 594, "c": 0.9, "s": 136775, "e": 137148, "w": "这个", "sp": "Customer"}, {"p": 595, "c": 0.9, "s": 136899, "e": 137079, "w": "好", "sp": "Agent"}, {"p": 596, "c": 0.9, "s": 137079, "e": 137258, "w": "的", "sp": "Agent"}, {"p": 597, "c": 0.9, "s": 137149, "e": 137523, "w": "方面", "sp": "Customer"}, {"p": 598, "c": 0.9, "s": 137258, "e": 137437, "w": "好", "sp": "Agent"}, {"p": 599, "c": 0.9, "s": 137438, "e": 137617, "w": "的", "sp": "Agent"}, {"p": 600, "c": 0.9, "s": 137523, "e": 137709, "w": "吧", "sp": "Customer"}, {"p": 601, "c": 0.9, "s": 137617, "e": 137977, "w": "可以", "sp": "Agent"}, {"p": 602, "c": 0.9, "s": 137977, "e": 138156, "w": "的", "sp": "Agent"}, {"p": 603, "c": 0.9, "s": 138156, "e": 138336, "w": "那", "sp": "Agent"}, {"p": 604, "c": 0.9, "s": 138336, "e": 138515, "w": "您", "sp": "Agent"}, {"p": 605, "c": 0.9, "s": 138515, "e": 138694, "w": "先", "sp": "Agent"}, {"p": 606, "c": 0.9, "s": 138695, "e": 138875, "w": "忙", "sp": "Agent"}, {"p": 607, "c": 0.9, "s": 138875, "e": 139054, "w": "我", "sp": "Agent"}, {"p": 608, "c": 0.9, "s": 139054, "e": 139413, "w": "这边", "sp": "Agent"}, {"p": 609, "c": 0.9, "s": 139413, "e": 139771, "w": "的话", "sp": "Agent"}, {"p": 610, "c": 0.9, "s": 139772, "e": 139952, "w": "就", "sp": "Agent"}, {"p": 611, "c": 0.9, "s": 139952, "e": 140131, "w": "先", "sp": "Agent"}, {"p": 612, "c": 0.9, "s": 140132, "e": 140311, "w": "帮", "sp": "Agent"}, {"p": 613, "c": 0.9, "s": 140311, "e": 140491, "w": "您", "sp": "Agent"}, {"p": 614, "c": 0.9, "s": 140491, "e": 140849, "w": "安排", "sp": "Agent"}, {"p": 615, "c": 0.9, "s": 140850, "e": 141030, "w": "了", "sp": "Agent"}, {"p": 616, "c": 0.9, "s": 141900, "e": 142273, "w": "你", "sp": "Agent"}, {"p": 617, "c": 0.9, "s": 142273, "e": 142646, "w": "先", "sp": "Agent"}, {"p": 618, "c": 0.9, "s": 142646, "e": 143019, "w": "忙", "sp": "Agent"}]}, "plainText": "啊\n您好 您好 这边 是 大金 空调 厂房 客服 中心 的 您好 呃\n谢谢\n联系 您 呢\n啊\n是\n谢谢\n看到 您 今天下午 啊 有 在 抖 音 上 留 了 信息 需要 了解 我们 的 家用 端 功能 对 吧\n嗯\n哎 好 的 黄 先生 那 这边 的话 简单 确认 一下 房屋 的 情况 然后 帮 您 安排 您 当地 的 门店 啊 给 到 您\n嗯\n一份 方案\n好\n跟 报价 您\n没有\n也 可以\n回复\n作为 参考 的 您 的 房屋 是 在 长沙市 的 哪个 区县 呀\n开 不 起\n哦 开 普 区 好 的 房屋 的 面积 大概 多 大 呢\n那个 超 勉 一百 四\n一百\n吧\n四 这 是 一个 大平 层 吗 还是 那个 呃\n平常\n服饰 呀 哦 平 层 哦 好 也 是 老 汽车 新 房子 现在 已经\n就 先\n拿到\n把\n房子\n一个\n了\n好像\n对 吧\n是 嗯\n哎 好 的 装修 的话 是 准备 几 月份 开工 呀\n借钱 开通\n呃\n了\n近期 要 开工 好 的 装修 公司 应该 也 定 的 差不多\n怎么\n了 我们\n了\n装 空调 的话 呢 也 是\n我\n会\n说\n提前\n不要\n帮 您 设计方案 根据 您 的 这个 面积 还有\n哦\n居住\n一定\n人口 帮 您\n是\n来 设计 的 冒昧 的 问 一下 会 不会 有 老人 跟 小孩 一起 住 的 呀\n不 需要\n啊 有 的 可能 会 有 五六 个人 那 您 这边 应该 还 没有 跟 这个 开 福 区 当地 的 门店 联系 过 对 吧 就是\n他 要\n先\n去\n看一看\n他 的 原件 在 哪里 呢 我 自己 去 看 可以\n啊 可以\n吗\n啊 我 这边 的话 让 业务员 啊 把 他们 那个 门店\n不用\n地址\n谢谢\n啊 发给 您 您 到时候\n我\n可以\n可以\n去 门店\n给 你\n详细 的 了解 产品 的 那\n可以\n您 这边 是 在 开 福 区 的 哪 一个 小区 我 让 有 经验 的 门店 联系 您 啊\n哦 不 哦 不 不用 了 你 就 开 出去 就\n哦\n可以\n好 的\n了\n除了\n嗯\n空调 之外 信封 系统 进展\n支付宝\n会 有 兴趣 吗 我\n是\n帮 您 备注\n什么\n一下\n意思 啊\n呃 新风 是 用来 引 新风 排队 气 的 在 您 下雨天 或者 说 空气质量 不 太 好 的 时候 可以\n嗯\n做到 门窗 紧闭 的 情况 下 全 屋 里 的 清风\n我\n人\n姓\n呼吸\n方\n起来 会 比较 舒服 的 一个 产品 也 是 装 在 这里 上面\n需要 开通 吗\n哦 呃 不好意思 刚刚 可能 没 太 听 清楚\n基本\n您 是\n要\n说\n装 新风 这个 倒 不 一定\n哦 好 的 好 的 那 我 帮 您 记录\n发\n一下\n微\n我们\n信\n这边\n给 我行\n定 的 跟\n吗\n空调 是 可以 二 连 供 的 就是 您 供应商\n嗯\n同一个\n等 一下\n空调 外 机 本身 呢 也 是 空气 能 源 里 啊 比较 节能 环保\n嗯\n的 后续\n嗯\n您 也\n你\n可以 详细\n说\n的 了解 像 您 这个 房屋\n还有\n如果说\n我\n会\n的\n有 老人\n户口\n小孩 居住 呢 还 推荐 您 了解\n啊\n一 款\n那个\n我们 的 三 D\n我\n七六\n手机\n室内 机 它 的 公司 会 比较 均匀\n信用\n融合\n贷款\n的 没有 值 车 的 风险 那 最后 啊 那个 黄 先生 您 这边 房屋\n好\n有没有\n的 好\n平面图\n的 好\n啊\n的\n如果 是 有 图纸 的话 呢 帮 您 设计 会 更加 精确 一些\n好 的 好 的 那 我 先 去 了解 了解 一下\n哦\n这个\n好 的\n方面\n好 的\n吧\n可以 的 那 您 先 忙 我 这边 的话 就 先 帮 您 安排 了 你 先 忙", "plainTextTime": {"verbatims": [{"s": 20, "e": 1160, "w": "啊", "sp": "Customer"}, {"s": 200, "e": 4554, "w": "您好 您好 这边 是 大金 空调 厂房 客服 中心 的 您好 呃", "sp": "Agent"}, {"s": 4450, "e": 5198, "w": "谢谢", "sp": "Customer"}, {"s": 4554, "e": 5384, "w": "联系 您 呢", "sp": "Agent"}, {"s": 5198, "e": 5572, "w": "啊", "sp": "Customer"}, {"s": 5384, "e": 5590, "w": "是", "sp": "Agent"}, {"s": 5572, "e": 6320, "w": "谢谢", "sp": "Customer"}, {"s": 5591, "e": 12020, "w": "看到 您 今天下午 啊 有 在 抖 音 上 留 了 信息 需要 了解 我们 的 家用 端 功能 对 吧", "sp": "Agent"}, {"s": 11850, "e": 12840, "w": "嗯", "sp": "Customer"}, {"s": 12650, "e": 19165, "w": "哎 好 的 黄 先生 那 这边 的话 简单 确认 一下 房屋 的 情况 然后 帮 您 安排 您 当地 的 门店 啊 给 到 您", "sp": "Agent"}, {"s": 19080, "e": 19525, "w": "嗯", "sp": "Customer"}, {"s": 19165, "e": 19850, "w": "一份 方案", "sp": "Agent"}, {"s": 19525, "e": 19970, "w": "好", "sp": "Customer"}, {"s": 19850, "e": 20536, "w": "跟 报价 您", "sp": "Agent"}, {"s": 20390, "e": 21000, "w": "没有", "sp": "Customer"}, {"s": 20536, "e": 21051, "w": "也 可以", "sp": "Agent"}, {"s": 21000, "e": 21610, "w": "回复", "sp": "Customer"}, {"s": 21051, "e": 24480, "w": "作为 参考 的 您 的 房屋 是 在 长沙市 的 哪个 区县 呀", "sp": "Agent"}, {"s": 24840, "e": 26029, "w": "开 不 起", "sp": "Customer"}, {"s": 25800, "e": 28890, "w": "哦 开 普 区 好 的 房屋 的 面积 大概 多 大 呢", "sp": "Agent"}, {"s": 30640, "e": 32642, "w": "那个 超 勉 一百 四", "sp": "Customer"}, {"s": 32570, "e": 33001, "w": "一百", "sp": "Agent"}, {"s": 32643, "e": 32930, "w": "吧", "sp": "Customer"}, {"s": 33001, "e": 36019, "w": "四 这 是 一个 大平 层 吗 还是 那个 呃", "sp": "Agent"}, {"s": 36000, "e": 37130, "w": "平常", "sp": "Customer"}, {"s": 36019, "e": 40329, "w": "服饰 呀 哦 平 层 哦 好 也 是 老 汽车 新 房子 现在 已经", "sp": "Agent"}, {"s": 39980, "e": 40533, "w": "就 先", "sp": "Customer"}, {"s": 40330, "e": 40762, "w": "拿到", "sp": "Agent"}, {"s": 40533, "e": 40810, "w": "把", "sp": "Customer"}, {"s": 40762, "e": 41193, "w": "房子", "sp": "Agent"}, {"s": 40810, "e": 41363, "w": "一个", "sp": "Customer"}, {"s": 41193, "e": 41408, "w": "了", "sp": "Agent"}, {"s": 41363, "e": 41916, "w": "好像", "sp": "Customer"}, {"s": 41408, "e": 41840, "w": "对 吧", "sp": "Agent"}, {"s": 41916, "e": 42470, "w": "是 嗯", "sp": "Customer"}, {"s": 42280, "e": 45070, "w": "哎 好 的 装修 的话 是 准备 几 月份 开工 呀", "sp": "Agent"}, {"s": 45960, "e": 46968, "w": "借钱 开通", "sp": "Customer"}, {"s": 46860, "e": 47014, "w": "呃", "sp": "Agent"}, {"s": 46968, "e": 47219, "w": "了", "sp": "Customer"}, {"s": 47014, "e": 49945, "w": "近期 要 开工 好 的 装修 公司 应该 也 定 的 差不多", "sp": "Agent"}, {"s": 49570, "e": 50183, "w": "怎么", "sp": "Customer"}, {"s": 49945, "e": 50406, "w": "了 我们", "sp": "Agent"}, {"s": 50183, "e": 50489, "w": "了", "sp": "Customer"}, {"s": 50407, "e": 51641, "w": "装 空调 的话 呢 也 是", "sp": "Agent"}, {"s": 51490, "e": 51710, "w": "我", "sp": "Customer"}, {"s": 51641, "e": 51795, "w": "会", "sp": "Agent"}, {"s": 51710, "e": 51930, "w": "说", "sp": "Customer"}, {"s": 51796, "e": 52104, "w": "提前", "sp": "Agent"}, {"s": 51930, "e": 52370, "w": "不要", "sp": "Customer"}, {"s": 52104, "e": 54572, "w": "帮 您 设计方案 根据 您 的 这个 面积 还有", "sp": "Agent"}, {"s": 54430, "e": 54752, "w": "哦", "sp": "Customer"}, {"s": 54572, "e": 54880, "w": "居住", "sp": "Agent"}, {"s": 54752, "e": 55397, "w": "一定", "sp": "Customer"}, {"s": 54881, "e": 55497, "w": "人口 帮 您", "sp": "Agent"}, {"s": 55397, "e": 55720, "w": "是", "sp": "Customer"}, {"s": 55498, "e": 59199, "w": "来 设计 的 冒昧 的 问 一下 会 不会 有 老人 跟 小孩 一起 住 的 呀", "sp": "Agent"}, {"s": 59080, "e": 60230, "w": "不 需要", "sp": "Customer"}, {"s": 59660, "e": 65685, "w": "啊 有 的 可能 会 有 五六 个人 那 您 这边 应该 还 没有 跟 这个 开 福 区 当地 的 门店 联系 过 对 吧 就是", "sp": "Agent"}, {"s": 65400, "e": 65758, "w": "他 要", "sp": "Customer"}, {"s": 65685, "e": 65843, "w": "先", "sp": "Agent"}, {"s": 65758, "e": 65938, "w": "去", "sp": "Customer"}, {"s": 65844, "e": 66320, "w": "看一看", "sp": "Agent"}, {"s": 65938, "e": 68630, "w": "他 的 原件 在 哪里 呢 我 自己 去 看 可以", "sp": "Customer"}, {"s": 68460, "e": 68939, "w": "啊 可以", "sp": "Agent"}, {"s": 68630, "e": 68810, "w": "吗", "sp": "Customer"}, {"s": 68939, "e": 71817, "w": "啊 我 这边 的话 让 业务员 啊 把 他们 那个 门店", "sp": "Agent"}, {"s": 71530, "e": 72040, "w": "不用", "sp": "Customer"}, {"s": 71817, "e": 72136, "w": "地址", "sp": "Agent"}, {"s": 72040, "e": 72550, "w": "谢谢", "sp": "Customer"}, {"s": 72136, "e": 73414, "w": "啊 发给 您 您 到时候", "sp": "Agent"}, {"s": 73190, "e": 73428, "w": "我", "sp": "Customer"}, {"s": 73415, "e": 73735, "w": "可以", "sp": "Agent"}, {"s": 73428, "e": 73904, "w": "可以", "sp": "Customer"}, {"s": 73735, "e": 74214, "w": "去 门店", "sp": "Agent"}, {"s": 73904, "e": 74380, "w": "给 你", "sp": "Customer"}, {"s": 74214, "e": 75653, "w": "详细 的 了解 产品 的 那", "sp": "Agent"}, {"s": 75560, "e": 76530, "w": "可以", "sp": "Customer"}, {"s": 75653, "e": 79810, "w": "您 这边 是 在 开 福 区 的 哪 一个 小区 我 让 有 经验 的 门店 联系 您 啊", "sp": "Agent"}, {"s": 80110, "e": 82373, "w": "哦 不 哦 不 不用 了 你 就 开 出去 就", "sp": "Customer"}, {"s": 82270, "e": 82444, "w": "哦", "sp": "Agent"}, {"s": 82373, "e": 82721, "w": "可以", "sp": "Customer"}, {"s": 82444, "e": 82792, "w": "好 的", "sp": "Agent"}, {"s": 82721, "e": 82895, "w": "了", "sp": "Customer"}, {"s": 82792, "e": 83140, "w": "除了", "sp": "Agent"}, {"s": 82895, "e": 83070, "w": "嗯", "sp": "Customer"}, {"s": 83140, "e": 84881, "w": "空调 之外 信封 系统 进展", "sp": "Agent"}, {"s": 84640, "e": 85909, "w": "支付宝", "sp": "Customer"}, {"s": 84881, "e": 85925, "w": "会 有 兴趣 吗 我", "sp": "Agent"}, {"s": 85910, "e": 86333, "w": "是", "sp": "Customer"}, {"s": 85925, "e": 86621, "w": "帮 您 备注", "sp": "Agent"}, {"s": 86333, "e": 87180, "w": "什么", "sp": "Customer"}, {"s": 86621, "e": 86970, "w": "一下", "sp": "Agent"}, {"s": 87180, "e": 88450, "w": "意思 啊", "sp": "Customer"}, {"s": 88340, "e": 93904, "w": "呃 新风 是 用来 引 新风 排队 气 的 在 您 下雨天 或者 说 空气质量 不 太 好 的 时候 可以", "sp": "Agent"}, {"s": 93760, "e": 94630, "w": "嗯", "sp": "Customer"}, {"s": 93904, "e": 96601, "w": "做到 门窗 紧闭 的 情况 下 全 屋 里 的 清风", "sp": "Agent"}, {"s": 96330, "e": 96706, "w": "我", "sp": "Customer"}, {"s": 96601, "e": 96770, "w": "人", "sp": "Agent"}, {"s": 96706, "e": 97083, "w": "姓", "sp": "Customer"}, {"s": 96770, "e": 97106, "w": "呼吸", "sp": "Agent"}, {"s": 97083, "e": 97460, "w": "方", "sp": "Customer"}, {"s": 97107, "e": 100479, "w": "起来 会 比较 舒服 的 一个 产品 也 是 装 在 这里 上面", "sp": "Agent"}, {"s": 101070, "e": 102619, "w": "需要 开通 吗", "sp": "Customer"}, {"s": 103170, "e": 106236, "w": "哦 呃 不好意思 刚刚 可能 没 太 听 清楚", "sp": "Agent"}, {"s": 105920, "e": 106503, "w": "基本", "sp": "Customer"}, {"s": 106236, "e": 106645, "w": "您 是", "sp": "Agent"}, {"s": 106503, "e": 106795, "w": "要", "sp": "Customer"}, {"s": 106645, "e": 106850, "w": "说", "sp": "Agent"}, {"s": 106795, "e": 109420, "w": "装 新风 这个 倒 不 一定", "sp": "Customer"}, {"s": 108930, "e": 110586, "w": "哦 好 的 好 的 那 我 帮 您 记录", "sp": "Agent"}, {"s": 110580, "e": 110790, "w": "发", "sp": "Customer"}, {"s": 110586, "e": 110887, "w": "一下", "sp": "Agent"}, {"s": 110790, "e": 111000, "w": "微", "sp": "Customer"}, {"s": 110887, "e": 111188, "w": "我们", "sp": "Agent"}, {"s": 111000, "e": 111210, "w": "信", "sp": "Customer"}, {"s": 111188, "e": 111490, "w": "这边", "sp": "Agent"}, {"s": 111210, "e": 111840, "w": "给 我行", "sp": "Customer"}, {"s": 111490, "e": 111941, "w": "定 的 跟", "sp": "Agent"}, {"s": 111840, "e": 112049, "w": "吗", "sp": "Customer"}, {"s": 111941, "e": 114200, "w": "空调 是 可以 二 连 供 的 就是 您 供应商", "sp": "Agent"}, {"s": 113910, "e": 114202, "w": "嗯", "sp": "Customer"}, {"s": 114200, "e": 114652, "w": "同一个", "sp": "Agent"}, {"s": 114202, "e": 115080, "w": "等 一下", "sp": "Customer"}, {"s": 114652, "e": 117815, "w": "空调 外 机 本身 呢 也 是 空气 能 源 里 啊 比较 节能 环保", "sp": "Agent"}, {"s": 117790, "e": 118160, "w": "嗯", "sp": "Customer"}, {"s": 117815, "e": 118267, "w": "的 后续", "sp": "Agent"}, {"s": 118160, "e": 118530, "w": "嗯", "sp": "Customer"}, {"s": 118267, "e": 118568, "w": "您 也", "sp": "Agent"}, {"s": 118530, "e": 118900, "w": "你", "sp": "Customer"}, {"s": 118568, "e": 119170, "w": "可以 详细", "sp": "Agent"}, {"s": 118900, "e": 119270, "w": "说", "sp": "Customer"}, {"s": 119170, "e": 120526, "w": "的 了解 像 您 这个 房屋", "sp": "Agent"}, {"s": 120420, "e": 120873, "w": "还有", "sp": "Customer"}, {"s": 120526, "e": 120977, "w": "如果说", "sp": "Agent"}, {"s": 120873, "e": 121100, "w": "我", "sp": "Customer"}, {"s": 120977, "e": 121128, "w": "会", "sp": "Agent"}, {"s": 121100, "e": 121326, "w": "的", "sp": "Customer"}, {"s": 121128, "e": 121580, "w": "有 老人", "sp": "Agent"}, {"s": 121326, "e": 121780, "w": "户口", "sp": "Customer"}, {"s": 121580, "e": 123236, "w": "小孩 居住 呢 还 推荐 您 了解", "sp": "Agent"}, {"s": 123190, "e": 123521, "w": "啊", "sp": "Customer"}, {"s": 123236, "e": 123538, "w": "一 款", "sp": "Agent"}, {"s": 123521, "e": 124185, "w": "那个", "sp": "Customer"}, {"s": 123538, "e": 124291, "w": "我们 的 三 D", "sp": "Agent"}, {"s": 124185, "e": 124516, "w": "我", "sp": "Customer"}, {"s": 124291, "e": 124592, "w": "七六", "sp": "Agent"}, {"s": 124516, "e": 125180, "w": "手机", "sp": "Customer"}, {"s": 124592, "e": 126399, "w": "室内 机 它 的 公司 会 比较 均匀", "sp": "Agent"}, {"s": 126100, "e": 126625, "w": "信用", "sp": "Customer"}, {"s": 126399, "e": 126700, "w": "融合", "sp": "Agent"}, {"s": 126625, "e": 127150, "w": "贷款", "sp": "Customer"}, {"s": 126700, "e": 130013, "w": "的 没有 值 车 的 风险 那 最后 啊 那个 黄 先生 您 这边 房屋", "sp": "Agent"}, {"s": 130009, "e": 130198, "w": "好", "sp": "Customer"}, {"s": 130013, "e": 130465, "w": "有没有", "sp": "Agent"}, {"s": 130198, "e": 130575, "w": "的 好", "sp": "Customer"}, {"s": 130465, "e": 130916, "w": "平面图", "sp": "Agent"}, {"s": 130575, "e": 130951, "w": "的 好", "sp": "Customer"}, {"s": 130917, "e": 131068, "w": "啊", "sp": "Agent"}, {"s": 130951, "e": 131140, "w": "的", "sp": "Customer"}, {"s": 131067, "e": 134080, "w": "如果 是 有 图纸 的话 呢 帮 您 设计 会 更加 精确 一些", "sp": "Agent"}, {"s": 134160, "e": 136775, "w": "好 的 好 的 那 我 先 去 了解 了解 一下", "sp": "Customer"}, {"s": 136720, "e": 136899, "w": "哦", "sp": "Agent"}, {"s": 136775, "e": 137148, "w": "这个", "sp": "Customer"}, {"s": 136899, "e": 137258, "w": "好 的", "sp": "Agent"}, {"s": 137149, "e": 137523, "w": "方面", "sp": "Customer"}, {"s": 137258, "e": 137617, "w": "好 的", "sp": "Agent"}, {"s": 137523, "e": 137709, "w": "吧", "sp": "Customer"}, {"s": 137617, "e": 143019, "w": "可以 的 那 您 先 忙 我 这边 的话 就 先 帮 您 安排 了 你 先 忙", "sp": "Agent"}]}, "aqm": {"greeting": {"greeting_said": "您好, 大金, 空调, 客服", "n_greeting_said": 4, "score": 1}, "closing": {"closing_said": "您", "n_closing_said": 1, "score": 0}, "speed": {"speed_max": 6.64, "n_words": 11, "words": "哦 好 的 好 的 那 我 帮 您 记录", "start": 108930, "end": 110586}}}