{"mediaId": "2022031317361460608747465878303001", "status": "Success", "dateCreated": "2022-03-21T18:45:50Z", "contentType": "audio/x-wav", "channels": "future use", "length": 240, "metadata": {"Sid": 10185, "Site_id": 783, "Audio_ch_num": 87474658, "Audio_module_num": 783002, "Audio_start_time_gmt": "2022-03-13T09:36:14.607+08:00", "Transaction_id": "2022031317361460608747465878303001", "ContactID": "9144801857460000301", "Personal_id": "0", "Direction": 2, "Local_audio_start_time": "2022-03-13T17:36:14.607+08:00", "Local_audio_end_time": "2022-03-13T17:40:14.607+08:00", "Total_hold_time": "0", "Pbx_login_id": "800050", "Ani": "600059", "Extension": "600059", "String_extension": "600059", "Switch_call_id": "006f0330e46d50f4", "Switch_id": "783000001", "Duration_seconds": 240, "Wrapup_time_in_seconds": "0", "Dnis": "13970320038", "Number_of_conferences": "0", "Number_of_holds": "0", "Number_of_transfers": "0", "Percent_of_agent_call": "119", "Percent_of_other_call": "44", "Percent_of_mutual_silence": "61", "Num_of_agent_cross": "18", "Num_of_other_cross": "5", "IsException": 0, "CD2": "013GVT56OG919AP72LUHVB5AES000CO6"}, "transcript_detailed": {"words": [{"p": 1, "c": 0.9, "s": 100, "e": 1100, "w": "喂", "sp": "Customer"}, {"p": 2, "c": 0.9, "s": 120, "e": 294, "w": "嗯", "sp": "Agent"}, {"p": 3, "c": 0.9, "s": 294, "e": 644, "w": "您好", "sp": "Agent"}, {"p": 4, "c": 0.9, "s": 644, "e": 817, "w": "陈", "sp": "Agent"}, {"p": 5, "c": 0.9, "s": 818, "e": 1168, "w": "先生", "sp": "Agent"}, {"p": 6, "c": 0.9, "s": 1168, "e": 1517, "w": "这边", "sp": "Agent"}, {"p": 7, "c": 0.9, "s": 1517, "e": 1691, "w": "是", "sp": "Agent"}, {"p": 8, "c": 0.9, "s": 1692, "e": 2042, "w": "大街", "sp": "Agent"}, {"p": 9, "c": 0.9, "s": 2042, "e": 2391, "w": "空调", "sp": "Agent"}, {"p": 10, "c": 0.9, "s": 2391, "e": 2741, "w": "厂房", "sp": "Agent"}, {"p": 11, "c": 0.9, "s": 2741, "e": 3090, "w": "客服", "sp": "Agent"}, {"p": 12, "c": 0.9, "s": 3090, "e": 3439, "w": "中心", "sp": "Agent"}, {"p": 13, "c": 0.9, "s": 3440, "e": 3789, "w": "这边", "sp": "Agent"}, {"p": 14, "c": 0.9, "s": 3789, "e": 3964, "w": "给", "sp": "Agent"}, {"p": 15, "c": 0.9, "s": 3964, "e": 4139, "w": "您", "sp": "Agent"}, {"p": 16, "c": 0.9, "s": 4139, "e": 4488, "w": "来电", "sp": "Agent"}, {"p": 17, "c": 0.9, "s": 4488, "e": 4663, "w": "呢", "sp": "Agent"}, {"p": 18, "c": 0.9, "s": 4663, "e": 4838, "w": "是", "sp": "Agent"}, {"p": 19, "c": 0.9, "s": 4838, "e": 5011, "w": "我", "sp": "Agent"}, {"p": 20, "c": 0.9, "s": 5012, "e": 5362, "w": "这边", "sp": "Agent"}, {"p": 21, "c": 0.9, "s": 5362, "e": 5537, "w": "是", "sp": "Agent"}, {"p": 22, "c": 0.9, "s": 5537, "e": 5886, "w": "上午", "sp": "Agent"}, {"p": 23, "c": 0.9, "s": 5886, "e": 6061, "w": "给", "sp": "Agent"}, {"p": 24, "c": 0.9, "s": 6061, "e": 6234, "w": "您", "sp": "Agent"}, {"p": 25, "c": 0.9, "s": 6235, "e": 6585, "w": "来电", "sp": "Agent"}, {"p": 26, "c": 0.9, "s": 6585, "e": 6760, "w": "过", "sp": "Agent"}, {"p": 27, "c": 0.9, "s": 6760, "e": 6934, "w": "的", "sp": "Agent"}, {"p": 28, "c": 0.9, "s": 6934, "e": 7284, "w": "客服", "sp": "Agent"}, {"p": 29, "c": 0.9, "s": 7284, "e": 7633, "w": "这边", "sp": "Agent"}, {"p": 30, "c": 0.9, "s": 7633, "e": 7808, "w": "是", "sp": "Agent"}, {"p": 31, "c": 0.9, "s": 7808, "e": 7983, "w": "想", "sp": "Agent"}, {"p": 32, "c": 0.9, "s": 7983, "e": 8332, "w": "了解", "sp": "Agent"}, {"p": 33, "c": 0.9, "s": 8332, "e": 8682, "w": "一下", "sp": "Agent"}, {"p": 34, "c": 0.9, "s": 8682, "e": 8857, "w": "您", "sp": "Agent"}, {"p": 35, "c": 0.9, "s": 8857, "e": 9206, "w": "这边", "sp": "Agent"}, {"p": 36, "c": 0.9, "s": 9206, "e": 9381, "w": "的", "sp": "Agent"}, {"p": 37, "c": 0.9, "s": 9381, "e": 9730, "w": "房屋", "sp": "Agent"}, {"p": 38, "c": 0.9, "s": 9730, "e": 10080, "w": "基本", "sp": "Agent"}, {"p": 39, "c": 0.9, "s": 10080, "e": 10429, "w": "情况", "sp": "Agent"}, {"p": 40, "c": 0.9, "s": 10429, "e": 10604, "w": "您", "sp": "Agent"}, {"p": 41, "c": 0.9, "s": 10604, "e": 10954, "w": "这边", "sp": "Agent"}, {"p": 42, "c": 0.9, "s": 10954, "e": 11128, "w": "我", "sp": "Agent"}, {"p": 43, "c": 0.9, "s": 11128, "e": 11478, "w": "看到", "sp": "Agent"}, {"p": 44, "c": 0.9, "s": 11478, "e": 11651, "w": "您", "sp": "Agent"}, {"p": 45, "c": 0.9, "s": 11652, "e": 12002, "w": "这边", "sp": "Agent"}, {"p": 46, "c": 0.9, "s": 12002, "e": 12177, "w": "是", "sp": "Agent"}, {"p": 47, "c": 0.9, "s": 12177, "e": 12526, "w": "属于", "sp": "Agent"}, {"p": 48, "c": 0.9, "s": 12526, "e": 12876, "w": "江西", "sp": "Agent"}, {"p": 49, "c": 0.9, "s": 12876, "e": 13225, "w": "南昌", "sp": "Agent"}, {"p": 50, "c": 0.9, "s": 13225, "e": 13400, "w": "您", "sp": "Agent"}, {"p": 51, "c": 0.9, "s": 13400, "e": 13575, "w": "的", "sp": "Agent"}, {"p": 52, "c": 0.9, "s": 13575, "e": 13924, "w": "房屋", "sp": "Agent"}, {"p": 53, "c": 0.9, "s": 13924, "e": 14448, "w": "所在地", "sp": "Agent"}, {"p": 54, "c": 0.9, "s": 14448, "e": 14623, "w": "是", "sp": "Agent"}, {"p": 55, "c": 0.9, "s": 14623, "e": 14798, "w": "在", "sp": "Agent"}, {"p": 56, "c": 0.9, "s": 14798, "e": 15147, "w": "江西", "sp": "Agent"}, {"p": 57, "c": 0.9, "s": 15147, "e": 15497, "w": "南昌", "sp": "Agent"}, {"p": 58, "c": 0.9, "s": 15497, "e": 15672, "w": "的", "sp": "Agent"}, {"p": 59, "c": 0.9, "s": 15672, "e": 15846, "w": "哪", "sp": "Agent"}, {"p": 60, "c": 0.9, "s": 15846, "e": 16195, "w": "一个", "sp": "Agent"}, {"p": 61, "c": 0.9, "s": 16195, "e": 16545, "w": "区县", "sp": "Agent"}, {"p": 62, "c": 0.9, "s": 16545, "e": 16720, "w": "呢", "sp": "Agent"}, {"p": 63, "c": 0.9, "s": 16720, "e": 17070, "w": "先生", "sp": "Agent"}, {"p": 64, "c": 0.9, "s": 18730, "e": 18953, "w": "你", "sp": "Customer"}, {"p": 65, "c": 0.9, "s": 18953, "e": 19400, "w": "那个", "sp": "Customer"}, {"p": 66, "c": 0.9, "s": 19400, "e": 19848, "w": "那个", "sp": "Customer"}, {"p": 67, "c": 0.9, "s": 19848, "e": 20295, "w": "那个", "sp": "Customer"}, {"p": 68, "c": 0.9, "s": 20295, "e": 20742, "w": "红牛", "sp": "Customer"}, {"p": 69, "c": 0.9, "s": 20742, "e": 21190, "w": "什么", "sp": "Customer"}, {"p": 70, "c": 0.9, "s": 21190, "e": 21637, "w": "意思", "sp": "Customer"}, {"p": 71, "c": 0.9, "s": 21637, "e": 22084, "w": "什么", "sp": "Customer"}, {"p": 72, "c": 0.9, "s": 22084, "e": 22531, "w": "加入", "sp": "Customer"}, {"p": 73, "c": 0.9, "s": 22531, "e": 23202, "w": "什么样", "sp": "Customer"}, {"p": 74, "c": 0.9, "s": 23202, "e": 23650, "w": "产品", "sp": "Customer"}, {"p": 75, "c": 0.9, "s": 23310, "e": 23507, "w": "啊", "sp": "Agent"}, {"p": 76, "c": 0.9, "s": 23507, "e": 23704, "w": "您", "sp": "Agent"}, {"p": 77, "c": 0.9, "s": 23704, "e": 24098, "w": "这边", "sp": "Agent"}, {"p": 78, "c": 0.9, "s": 23950, "e": 24307, "w": "我", "sp": "Customer"}, {"p": 79, "c": 0.9, "s": 24098, "e": 24295, "w": "说", "sp": "Agent"}, {"p": 80, "c": 0.9, "s": 24295, "e": 24690, "w": "什么", "sp": "Agent"}, {"p": 81, "c": 0.9, "s": 24307, "e": 24664, "w": "已", "sp": "Customer"}, {"p": 82, "c": 0.9, "s": 24665, "e": 25022, "w": "办", "sp": "Customer"}, {"p": 83, "c": 0.9, "s": 24690, "e": 24887, "w": "这", "sp": "Agent"}, {"p": 84, "c": 0.9, "s": 24887, "e": 25084, "w": "啊", "sp": "Agent"}, {"p": 85, "c": 0.9, "s": 25022, "e": 25380, "w": "结", "sp": "Customer"}, {"p": 86, "c": 0.9, "s": 25084, "e": 25281, "w": "您", "sp": "Agent"}, {"p": 87, "c": 0.9, "s": 25281, "e": 25675, "w": "这边", "sp": "Agent"}, {"p": 88, "c": 0.9, "s": 25675, "e": 25872, "w": "说", "sp": "Agent"}, {"p": 89, "c": 0.9, "s": 25872, "e": 26267, "w": "什么", "sp": "Agent"}, {"p": 90, "c": 0.9, "s": 26267, "e": 26661, "w": "这边", "sp": "Agent"}, {"p": 91, "c": 0.9, "s": 26661, "e": 26858, "w": "听", "sp": "Agent"}, {"p": 92, "c": 0.9, "s": 26858, "e": 27055, "w": "不", "sp": "Agent"}, {"p": 93, "c": 0.9, "s": 27055, "e": 27252, "w": "太", "sp": "Agent"}, {"p": 94, "c": 0.9, "s": 27252, "e": 27450, "w": "清", "sp": "Agent"}, {"p": 95, "c": 0.9, "s": 27450, "e": 27647, "w": "您", "sp": "Agent"}, {"p": 96, "c": 0.9, "s": 27647, "e": 28040, "w": "这边", "sp": "Agent"}, {"p": 97, "c": 0.9, "s": 28041, "e": 28435, "w": "需要", "sp": "Agent"}, {"p": 98, "c": 0.9, "s": 28435, "e": 28830, "w": "什么", "sp": "Agent"}, {"p": 99, "c": 0.9, "s": 29560, "e": 30122, "w": "单笔", "sp": "Customer"}, {"p": 100, "c": 0.9, "s": 30122, "e": 30684, "w": "那个", "sp": "Customer"}, {"p": 101, "c": 0.9, "s": 30684, "e": 31246, "w": "风管", "sp": "Customer"}, {"p": 102, "c": 0.9, "s": 31246, "e": 31527, "w": "机", "sp": "Customer"}, {"p": 103, "c": 0.9, "s": 31527, "e": 31808, "w": "的", "sp": "Customer"}, {"p": 104, "c": 0.9, "s": 31808, "e": 32369, "w": "就是", "sp": "Customer"}, {"p": 105, "c": 0.9, "s": 32110, "e": 32342, "w": "您", "sp": "Agent"}, {"p": 106, "c": 0.9, "s": 32342, "e": 32807, "w": "这边", "sp": "Agent"}, {"p": 107, "c": 0.9, "s": 32807, "e": 33271, "w": "需要", "sp": "Agent"}, {"p": 108, "c": 0.9, "s": 33271, "e": 33736, "w": "需要", "sp": "Agent"}, {"p": 109, "c": 0.9, "s": 33736, "e": 33968, "w": "是", "sp": "Agent"}, {"p": 110, "c": 0.9, "s": 33968, "e": 34433, "w": "一拖", "sp": "Agent"}, {"p": 111, "c": 0.9, "s": 34433, "e": 34664, "w": "一", "sp": "Agent"}, {"p": 112, "c": 0.9, "s": 34665, "e": 34898, "w": "的", "sp": "Agent"}, {"p": 113, "c": 0.9, "s": 34898, "e": 35362, "w": "风管", "sp": "Agent"}, {"p": 114, "c": 0.9, "s": 35362, "e": 35595, "w": "机", "sp": "Agent"}, {"p": 115, "c": 0.9, "s": 35595, "e": 35827, "w": "是", "sp": "Agent"}, {"p": 116, "c": 0.9, "s": 35827, "e": 36060, "w": "吗", "sp": "Agent"}, {"p": 117, "c": 0.9, "s": 36580, "e": 37305, "w": "嗯", "sp": "Customer"}, {"p": 118, "c": 0.9, "s": 37305, "e": 38030, "w": "嗯", "sp": "Customer"}, {"p": 119, "c": 0.9, "s": 37770, "e": 37969, "w": "嗯", "sp": "Agent"}, {"p": 120, "c": 0.9, "s": 37969, "e": 38168, "w": "好", "sp": "Agent"}, {"p": 121, "c": 0.9, "s": 38168, "e": 38367, "w": "的", "sp": "Agent"}, {"p": 122, "c": 0.9, "s": 38367, "e": 38765, "w": "了解", "sp": "Agent"}, {"p": 123, "c": 0.9, "s": 38765, "e": 38964, "w": "了", "sp": "Agent"}, {"p": 124, "c": 0.9, "s": 38964, "e": 39163, "w": "嗯", "sp": "Agent"}, {"p": 125, "c": 0.9, "s": 39163, "e": 39362, "w": "那", "sp": "Agent"}, {"p": 126, "c": 0.9, "s": 39362, "e": 39760, "w": "我们", "sp": "Agent"}, {"p": 127, "c": 0.9, "s": 39760, "e": 40157, "w": "这边", "sp": "Agent"}, {"p": 128, "c": 0.9, "s": 40158, "e": 40357, "w": "会", "sp": "Agent"}, {"p": 129, "c": 0.9, "s": 40357, "e": 40755, "w": "联系", "sp": "Agent"}, {"p": 130, "c": 0.9, "s": 40756, "e": 40955, "w": "线", "sp": "Agent"}, {"p": 131, "c": 0.9, "s": 40955, "e": 41353, "w": "下门", "sp": "Agent"}, {"p": 132, "c": 0.9, "s": 41353, "e": 41552, "w": "店", "sp": "Agent"}, {"p": 133, "c": 0.9, "s": 41552, "e": 41751, "w": "与", "sp": "Agent"}, {"p": 134, "c": 0.9, "s": 41751, "e": 41950, "w": "您", "sp": "Agent"}, {"p": 135, "c": 0.9, "s": 41950, "e": 42348, "w": "对接", "sp": "Agent"}, {"p": 136, "c": 0.9, "s": 42348, "e": 42547, "w": "嗯", "sp": "Agent"}, {"p": 137, "c": 0.9, "s": 42547, "e": 42746, "w": "您", "sp": "Agent"}, {"p": 138, "c": 0.9, "s": 42746, "e": 43143, "w": "这边", "sp": "Agent"}, {"p": 139, "c": 0.9, "s": 43144, "e": 43343, "w": "所", "sp": "Agent"}, {"p": 140, "c": 0.9, "s": 43343, "e": 43941, "w": "所在地", "sp": "Agent"}, {"p": 141, "c": 0.9, "s": 43941, "e": 44140, "w": "是", "sp": "Agent"}, {"p": 142, "c": 0.9, "s": 44140, "e": 44737, "w": "江西省", "sp": "Agent"}, {"p": 143, "c": 0.9, "s": 44737, "e": 45334, "w": "南昌市", "sp": "Agent"}, {"p": 144, "c": 0.9, "s": 45050, "e": 45467, "w": "家里", "sp": "Customer"}, {"p": 145, "c": 0.9, "s": 45334, "e": 45533, "w": "的", "sp": "Agent"}, {"p": 146, "c": 0.9, "s": 45467, "e": 45676, "w": "多", "sp": "Customer"}, {"p": 147, "c": 0.9, "s": 45533, "e": 45732, "w": "哪", "sp": "Agent"}, {"p": 148, "c": 0.9, "s": 45676, "e": 45885, "w": "钱", "sp": "Customer"}, {"p": 149, "c": 0.9, "s": 45732, "e": 46129, "w": "一个", "sp": "Agent"}, {"p": 150, "c": 0.9, "s": 45885, "e": 46302, "w": "家里", "sp": "Customer"}, {"p": 151, "c": 0.9, "s": 46130, "e": 46330, "w": "区", "sp": "Agent"}, {"p": 152, "c": 0.9, "s": 46303, "e": 46930, "w": "多少钱", "sp": "Customer"}, {"p": 153, "c": 0.9, "s": 47780, "e": 48084, "w": "嗯", "sp": "Agent"}, {"p": 154, "c": 0.9, "s": 48084, "e": 48388, "w": "您", "sp": "Agent"}, {"p": 155, "c": 0.9, "s": 48388, "e": 48692, "w": "说", "sp": "Agent"}, {"p": 156, "c": 0.9, "s": 48692, "e": 49300, "w": "什么", "sp": "Agent"}, {"p": 157, "c": 0.9, "s": 50100, "e": 50348, "w": "你", "sp": "Customer"}, {"p": 158, "c": 0.9, "s": 50348, "e": 50846, "w": "家里", "sp": "Customer"}, {"p": 159, "c": 0.9, "s": 50846, "e": 51095, "w": "是", "sp": "Customer"}, {"p": 160, "c": 0.9, "s": 51095, "e": 51593, "w": "多少", "sp": "Customer"}, {"p": 161, "c": 0.9, "s": 51593, "e": 51842, "w": "的", "sp": "Customer"}, {"p": 162, "c": 0.9, "s": 51842, "e": 52340, "w": "哪位", "sp": "Customer"}, {"p": 163, "c": 0.9, "s": 52620, "e": 53853, "w": "价格", "sp": "Agent"}, {"p": 164, "c": 0.9, "s": 53853, "e": 54470, "w": "吗", "sp": "Agent"}, {"p": 165, "c": 0.9, "s": 54770, "e": 55790, "w": "嗯", "sp": "Customer"}, {"p": 166, "c": 0.9, "s": 55500, "e": 55667, "w": "哦", "sp": "Agent"}, {"p": 167, "c": 0.9, "s": 55667, "e": 56003, "w": "我们", "sp": "Agent"}, {"p": 168, "c": 0.9, "s": 56003, "e": 56338, "w": "这边", "sp": "Agent"}, {"p": 169, "c": 0.9, "s": 56339, "e": 56674, "w": "了解", "sp": "Agent"}, {"p": 170, "c": 0.9, "s": 56674, "e": 56842, "w": "过", "sp": "Agent"}, {"p": 171, "c": 0.9, "s": 56842, "e": 57010, "w": "您", "sp": "Agent"}, {"p": 172, "c": 0.9, "s": 57010, "e": 57177, "w": "的", "sp": "Agent"}, {"p": 173, "c": 0.9, "s": 57178, "e": 57514, "w": "详细", "sp": "Agent"}, {"p": 174, "c": 0.9, "s": 57514, "e": 57849, "w": "信息", "sp": "Agent"}, {"p": 175, "c": 0.9, "s": 57849, "e": 58017, "w": "之", "sp": "Agent"}, {"p": 176, "c": 0.9, "s": 58017, "e": 58352, "w": "后会", "sp": "Agent"}, {"p": 177, "c": 0.9, "s": 58353, "e": 58521, "w": "跟", "sp": "Agent"}, {"p": 178, "c": 0.9, "s": 58521, "e": 58689, "w": "您", "sp": "Agent"}, {"p": 179, "c": 0.9, "s": 58689, "e": 59024, "w": "就近", "sp": "Agent"}, {"p": 180, "c": 0.9, "s": 59024, "e": 59359, "w": "分配", "sp": "Agent"}, {"p": 181, "c": 0.9, "s": 59360, "e": 59696, "w": "一个", "sp": "Agent"}, {"p": 182, "c": 0.9, "s": 59696, "e": 60031, "w": "我们", "sp": "Agent"}, {"p": 183, "c": 0.9, "s": 60031, "e": 60366, "w": "大金", "sp": "Agent"}, {"p": 184, "c": 0.9, "s": 60367, "e": 60703, "w": "正规", "sp": "Agent"}, {"p": 185, "c": 0.9, "s": 60703, "e": 61038, "w": "渠道", "sp": "Agent"}, {"p": 186, "c": 0.9, "s": 61038, "e": 61373, "w": "授权", "sp": "Agent"}, {"p": 187, "c": 0.9, "s": 61374, "e": 61542, "w": "的", "sp": "Agent"}, {"p": 188, "c": 0.9, "s": 61542, "e": 61878, "w": "门店", "sp": "Agent"}, {"p": 189, "c": 0.9, "s": 61878, "e": 62045, "w": "给", "sp": "Agent"}, {"p": 190, "c": 0.9, "s": 62046, "e": 62213, "w": "您", "sp": "Agent"}, {"p": 191, "c": 0.9, "s": 62213, "e": 62549, "w": "提供", "sp": "Agent"}, {"p": 192, "c": 0.9, "s": 62549, "e": 62885, "w": "报价", "sp": "Agent"}, {"p": 193, "c": 0.9, "s": 62885, "e": 63052, "w": "的", "sp": "Agent"}, {"p": 194, "c": 0.9, "s": 63053, "e": 63220, "w": "您", "sp": "Agent"}, {"p": 195, "c": 0.9, "s": 63220, "e": 63556, "w": "只要", "sp": "Agent"}, {"p": 196, "c": 0.9, "s": 63556, "e": 63892, "w": "注意", "sp": "Agent"}, {"p": 197, "c": 0.9, "s": 63892, "e": 64059, "w": "留", "sp": "Agent"}, {"p": 198, "c": 0.9, "s": 64059, "e": 64227, "w": "电", "sp": "Agent"}, {"p": 199, "c": 0.9, "s": 64227, "e": 64394, "w": "就", "sp": "Agent"}, {"p": 200, "c": 0.9, "s": 64394, "e": 64730, "w": "可以", "sp": "Agent"}, {"p": 201, "c": 0.9, "s": 64731, "e": 64899, "w": "了", "sp": "Agent"}, {"p": 202, "c": 0.9, "s": 64899, "e": 65235, "w": "这边", "sp": "Agent"}, {"p": 203, "c": 0.9, "s": 65235, "e": 65402, "w": "会", "sp": "Agent"}, {"p": 204, "c": 0.9, "s": 65402, "e": 65570, "w": "先", "sp": "Agent"}, {"p": 205, "c": 0.9, "s": 65570, "e": 65738, "w": "给", "sp": "Agent"}, {"p": 206, "c": 0.9, "s": 65738, "e": 65906, "w": "您", "sp": "Agent"}, {"p": 207, "c": 0.9, "s": 65906, "e": 66242, "w": "报价", "sp": "Agent"}, {"p": 208, "c": 0.9, "s": 66242, "e": 66409, "w": "的", "sp": "Agent"}, {"p": 209, "c": 0.9, "s": 68230, "e": 68414, "w": "嗯", "sp": "Agent"}, {"p": 210, "c": 0.9, "s": 68414, "e": 68599, "w": "您", "sp": "Agent"}, {"p": 211, "c": 0.9, "s": 68599, "e": 68784, "w": "看", "sp": "Agent"}, {"p": 212, "c": 0.9, "s": 68784, "e": 69153, "w": "可以", "sp": "Agent"}, {"p": 213, "c": 0.9, "s": 69153, "e": 69338, "w": "吗", "sp": "Agent"}, {"p": 214, "c": 0.9, "s": 69338, "e": 69522, "w": "那", "sp": "Agent"}, {"p": 215, "c": 0.9, "s": 69523, "e": 69892, "w": "先生", "sp": "Agent"}, {"p": 216, "c": 0.9, "s": 69892, "e": 70076, "w": "您", "sp": "Agent"}, {"p": 217, "c": 0.9, "s": 70077, "e": 70447, "w": "这边", "sp": "Agent"}, {"p": 218, "c": 0.9, "s": 70447, "e": 70631, "w": "是", "sp": "Agent"}, {"p": 219, "c": 0.9, "s": 70631, "e": 71186, "w": "南昌市", "sp": "Agent"}, {"p": 220, "c": 0.9, "s": 71186, "e": 71369, "w": "的", "sp": "Agent"}, {"p": 221, "c": 0.9, "s": 71370, "e": 71555, "w": "哪", "sp": "Agent"}, {"p": 222, "c": 0.9, "s": 71555, "e": 71740, "w": "一", "sp": "Agent"}, {"p": 223, "c": 0.9, "s": 71740, "e": 71924, "w": "区", "sp": "Agent"}, {"p": 224, "c": 0.9, "s": 71925, "e": 72110, "w": "呢", "sp": "Agent"}, {"p": 225, "c": 0.9, "s": 75090, "e": 75432, "w": "我", "sp": "Customer"}, {"p": 226, "c": 0.9, "s": 75432, "e": 76118, "w": "现在", "sp": "Customer"}, {"p": 227, "c": 0.9, "s": 76118, "e": 76461, "w": "在", "sp": "Customer"}, {"p": 228, "c": 0.9, "s": 76461, "e": 77146, "w": "外面", "sp": "Customer"}, {"p": 229, "c": 0.9, "s": 77147, "e": 77490, "w": "呢", "sp": "Customer"}, {"p": 230, "c": 0.9, "s": 77400, "e": 77595, "w": "嗯", "sp": "Agent"}, {"p": 231, "c": 0.9, "s": 77595, "e": 77790, "w": "您", "sp": "Agent"}, {"p": 232, "c": 0.9, "s": 77790, "e": 78181, "w": "现在", "sp": "Agent"}, {"p": 233, "c": 0.9, "s": 78181, "e": 78377, "w": "我", "sp": "Agent"}, {"p": 234, "c": 0.9, "s": 78377, "e": 78572, "w": "我", "sp": "Agent"}, {"p": 235, "c": 0.9, "s": 78572, "e": 78963, "w": "这边", "sp": "Agent"}, {"p": 236, "c": 0.9, "s": 78963, "e": 79159, "w": "想", "sp": "Agent"}, {"p": 237, "c": 0.9, "s": 79159, "e": 79354, "w": "问", "sp": "Agent"}, {"p": 238, "c": 0.9, "s": 79354, "e": 79549, "w": "您", "sp": "Agent"}, {"p": 239, "c": 0.9, "s": 79550, "e": 79745, "w": "的", "sp": "Agent"}, {"p": 240, "c": 0.9, "s": 79745, "e": 79940, "w": "是", "sp": "Agent"}, {"p": 241, "c": 0.9, "s": 79940, "e": 80136, "w": "您", "sp": "Agent"}, {"p": 242, "c": 0.9, "s": 80136, "e": 80527, "w": "房屋", "sp": "Agent"}, {"p": 243, "c": 0.9, "s": 80527, "e": 81113, "w": "所在地", "sp": "Agent"}, {"p": 244, "c": 0.9, "s": 81113, "e": 81309, "w": "是", "sp": "Agent"}, {"p": 245, "c": 0.9, "s": 81309, "e": 81504, "w": "在", "sp": "Agent"}, {"p": 246, "c": 0.9, "s": 81504, "e": 82090, "w": "江西省", "sp": "Agent"}, {"p": 247, "c": 0.9, "s": 82090, "e": 82676, "w": "南昌市", "sp": "Agent"}, {"p": 248, "c": 0.9, "s": 82677, "e": 82872, "w": "的", "sp": "Agent"}, {"p": 249, "c": 0.9, "s": 82872, "e": 83068, "w": "哪", "sp": "Agent"}, {"p": 250, "c": 0.9, "s": 83068, "e": 83459, "w": "一个", "sp": "Agent"}, {"p": 251, "c": 0.9, "s": 83459, "e": 83654, "w": "区", "sp": "Agent"}, {"p": 252, "c": 0.9, "s": 83654, "e": 83850, "w": "呢", "sp": "Agent"}, {"p": 253, "c": 0.9, "s": 85650, "e": 86258, "w": "一般", "sp": "Customer"}, {"p": 254, "c": 0.9, "s": 86258, "e": 86562, "w": "都", "sp": "Customer"}, {"p": 255, "c": 0.9, "s": 86562, "e": 86867, "w": "是", "sp": "Customer"}, {"p": 256, "c": 0.9, "s": 86867, "e": 87475, "w": "比较", "sp": "Customer"}, {"p": 257, "c": 0.9, "s": 87475, "e": 87780, "w": "远", "sp": "Customer"}, {"p": 258, "c": 0.9, "s": 88750, "e": 88974, "w": "你", "sp": "Customer"}, {"p": 259, "c": 0.9, "s": 88974, "e": 89198, "w": "你", "sp": "Customer"}, {"p": 260, "c": 0.9, "s": 89198, "e": 89422, "w": "快", "sp": "Customer"}, {"p": 261, "c": 0.9, "s": 89422, "e": 89869, "w": "一点", "sp": "Customer"}, {"p": 262, "c": 0.9, "s": 89800, "e": 89989, "w": "嗯", "sp": "Agent"}, {"p": 263, "c": 0.9, "s": 89989, "e": 90556, "w": "没关系", "sp": "Agent"}, {"p": 264, "c": 0.9, "s": 90556, "e": 90745, "w": "的", "sp": "Agent"}, {"p": 265, "c": 0.9, "s": 90745, "e": 91123, "w": "我们", "sp": "Agent"}, {"p": 266, "c": 0.9, "s": 91100, "e": 92040, "w": "不是", "sp": "Customer"}, {"p": 267, "c": 0.9, "s": 91123, "e": 91501, "w": "这边", "sp": "Agent"}, {"p": 268, "c": 0.9, "s": 91501, "e": 91690, "w": "会", "sp": "Agent"}, {"p": 269, "c": 0.9, "s": 91690, "e": 91879, "w": "为", "sp": "Agent"}, {"p": 270, "c": 0.9, "s": 91879, "e": 92068, "w": "您", "sp": "Agent"}, {"p": 271, "c": 0.9, "s": 92068, "e": 92446, "w": "分配", "sp": "Agent"}, {"p": 272, "c": 0.9, "s": 92446, "e": 92824, "w": "就是", "sp": "Agent"}, {"p": 273, "c": 0.9, "s": 92824, "e": 93391, "w": "南昌市", "sp": "Agent"}, {"p": 274, "c": 0.9, "s": 93391, "e": 93770, "w": "然后", "sp": "Agent"}, {"p": 275, "c": 0.9, "s": 93770, "e": 94147, "w": "根据", "sp": "Agent"}, {"p": 276, "c": 0.9, "s": 94148, "e": 94337, "w": "您", "sp": "Agent"}, {"p": 277, "c": 0.9, "s": 94337, "e": 94526, "w": "的", "sp": "Agent"}, {"p": 278, "c": 0.9, "s": 94526, "e": 94904, "w": "区县", "sp": "Agent"}, {"p": 279, "c": 0.9, "s": 94904, "e": 95093, "w": "帮", "sp": "Agent"}, {"p": 280, "c": 0.9, "s": 95093, "e": 95282, "w": "您", "sp": "Agent"}, {"p": 281, "c": 0.9, "s": 95282, "e": 95659, "w": "分配", "sp": "Agent"}, {"p": 282, "c": 0.9, "s": 95660, "e": 96038, "w": "大街", "sp": "Agent"}, {"p": 283, "c": 0.9, "s": 96038, "e": 96227, "w": "就", "sp": "Agent"}, {"p": 284, "c": 0.9, "s": 96227, "e": 96416, "w": "会", "sp": "Agent"}, {"p": 285, "c": 0.9, "s": 96416, "e": 96605, "w": "去", "sp": "Agent"}, {"p": 286, "c": 0.9, "s": 96605, "e": 96794, "w": "到", "sp": "Agent"}, {"p": 287, "c": 0.9, "s": 96794, "e": 97172, "w": "首选", "sp": "Agent"}, {"p": 288, "c": 0.9, "s": 97172, "e": 97549, "w": "门店", "sp": "Agent"}, {"p": 289, "c": 0.9, "s": 97550, "e": 97740, "w": "的", "sp": "Agent"}, {"p": 290, "c": 0.9, "s": 100610, "e": 100876, "w": "你", "sp": "Customer"}, {"p": 291, "c": 0.9, "s": 100876, "e": 101143, "w": "你", "sp": "Customer"}, {"p": 292, "c": 0.9, "s": 101143, "e": 101675, "w": "主张", "sp": "Customer"}, {"p": 293, "c": 0.9, "s": 101676, "e": 102210, "w": "过来", "sp": "Customer"}, {"p": 294, "c": 0.9, "s": 102210, "e": 102743, "w": "怎么", "sp": "Customer"}, {"p": 295, "c": 0.9, "s": 102743, "e": 103275, "w": "难道", "sp": "Customer"}, {"p": 296, "c": 0.9, "s": 103276, "e": 103543, "w": "是", "sp": "Customer"}, {"p": 297, "c": 0.9, "s": 103543, "e": 103810, "w": "难", "sp": "Customer"}, {"p": 298, "c": 0.9, "s": 103810, "e": 104342, "w": "难道", "sp": "Customer"}, {"p": 299, "c": 0.9, "s": 104343, "e": 104610, "w": "是", "sp": "Customer"}, {"p": 300, "c": 0.9, "s": 104610, "e": 104876, "w": "跟", "sp": "Customer"}, {"p": 301, "c": 0.9, "s": 104876, "e": 105409, "w": "主张", "sp": "Customer"}, {"p": 302, "c": 0.9, "s": 105410, "e": 105943, "w": "中间", "sp": "Customer"}, {"p": 303, "c": 0.9, "s": 105943, "e": 106210, "w": "嘛", "sp": "Customer"}, {"p": 304, "c": 0.9, "s": 106880, "e": 107101, "w": "嗯", "sp": "Agent"}, {"p": 305, "c": 0.9, "s": 107101, "e": 107323, "w": "您", "sp": "Agent"}, {"p": 306, "c": 0.9, "s": 107323, "e": 107766, "w": "这边", "sp": "Agent"}, {"p": 307, "c": 0.9, "s": 107766, "e": 107987, "w": "说", "sp": "Agent"}, {"p": 308, "c": 0.9, "s": 107987, "e": 108430, "w": "什么", "sp": "Agent"}, {"p": 309, "c": 0.9, "s": 108430, "e": 108873, "w": "这边", "sp": "Agent"}, {"p": 310, "c": 0.9, "s": 108873, "e": 109095, "w": "听", "sp": "Agent"}, {"p": 311, "c": 0.9, "s": 109095, "e": 109316, "w": "不", "sp": "Agent"}, {"p": 312, "c": 0.9, "s": 109316, "e": 109538, "w": "太", "sp": "Agent"}, {"p": 313, "c": 0.9, "s": 109538, "e": 109760, "w": "清", "sp": "Agent"}, {"p": 314, "c": 0.9, "s": 110640, "e": 110940, "w": "共", "sp": "Customer"}, {"p": 315, "c": 0.9, "s": 110940, "e": 111240, "w": "青", "sp": "Customer"}, {"p": 316, "c": 0.9, "s": 111240, "e": 111540, "w": "啊", "sp": "Customer"}, {"p": 317, "c": 0.9, "s": 111540, "e": 112440, "w": "共青城", "sp": "Customer"}, {"p": 318, "c": 0.9, "s": 112440, "e": 112740, "w": "啊", "sp": "Customer"}, {"p": 319, "c": 0.9, "s": 114160, "e": 114354, "w": "泵", "sp": "Agent"}, {"p": 320, "c": 0.9, "s": 114354, "e": 114742, "w": "进城", "sp": "Agent"}, {"p": 321, "c": 0.9, "s": 114742, "e": 114936, "w": "是", "sp": "Agent"}, {"p": 322, "c": 0.9, "s": 114936, "e": 115324, "w": "属于", "sp": "Agent"}, {"p": 323, "c": 0.9, "s": 114960, "e": 115799, "w": "冻结", "sp": "Customer"}, {"p": 324, "c": 0.9, "s": 115324, "e": 115712, "w": "哪个", "sp": "Agent"}, {"p": 325, "c": 0.9, "s": 115712, "e": 115906, "w": "区", "sp": "Agent"}, {"p": 326, "c": 0.9, "s": 115800, "e": 116220, "w": "了", "sp": "Customer"}, {"p": 327, "c": 0.9, "s": 115906, "e": 116100, "w": "呃", "sp": "Agent"}, {"p": 328, "c": 0.9, "s": 116100, "e": 116294, "w": "是", "sp": "Agent"}, {"p": 329, "c": 0.9, "s": 116294, "e": 116682, "w": "属于", "sp": "Agent"}, {"p": 330, "c": 0.9, "s": 116682, "e": 117071, "w": "哪个", "sp": "Agent"}, {"p": 331, "c": 0.9, "s": 117071, "e": 117265, "w": "区", "sp": "Agent"}, {"p": 332, "c": 0.9, "s": 117265, "e": 117459, "w": "呢", "sp": "Agent"}, {"p": 333, "c": 0.9, "s": 117459, "e": 117653, "w": "是", "sp": "Agent"}, {"p": 334, "c": 0.9, "s": 117653, "e": 117847, "w": "它", "sp": "Agent"}, {"p": 335, "c": 0.9, "s": 117847, "e": 118235, "w": "属于", "sp": "Agent"}, {"p": 336, "c": 0.9, "s": 118235, "e": 118429, "w": "东", "sp": "Agent"}, {"p": 337, "c": 0.9, "s": 118429, "e": 118817, "w": "湖区", "sp": "Agent"}, {"p": 338, "c": 0.9, "s": 118817, "e": 119011, "w": "的", "sp": "Agent"}, {"p": 339, "c": 0.9, "s": 119011, "e": 119205, "w": "是", "sp": "Agent"}, {"p": 340, "c": 0.9, "s": 119205, "e": 119400, "w": "吗", "sp": "Agent"}, {"p": 341, "c": 0.9, "s": 120480, "e": 120842, "w": "是", "sp": "Customer"}, {"p": 342, "c": 0.9, "s": 120842, "e": 121566, "w": "属于", "sp": "Customer"}, {"p": 343, "c": 0.9, "s": 121566, "e": 122290, "w": "那个", "sp": "Customer"}, {"p": 344, "c": 0.9, "s": 122290, "e": 123014, "w": "主张", "sp": "Customer"}, {"p": 345, "c": 0.9, "s": 123014, "e": 123738, "w": "贷款", "sp": "Customer"}, {"p": 346, "c": 0.9, "s": 123738, "e": 124100, "w": "的", "sp": "Customer"}, {"p": 347, "c": 0.9, "s": 124270, "e": 124975, "w": "九江", "sp": "Agent"}, {"p": 348, "c": 0.9, "s": 124975, "e": 125326, "w": "啊", "sp": "Agent"}, {"p": 349, "c": 0.9, "s": 125130, "e": 125685, "w": "你", "sp": "Customer"}, {"p": 350, "c": 0.9, "s": 125327, "e": 126032, "w": "我们", "sp": "Agent"}, {"p": 351, "c": 0.9, "s": 125685, "e": 126240, "w": "叫", "sp": "Customer"}, {"p": 352, "c": 0.9, "s": 126032, "e": 126384, "w": "这", "sp": "Agent"}, {"p": 353, "c": 0.9, "s": 126385, "e": 126737, "w": "啊", "sp": "Agent"}, {"p": 354, "c": 0.9, "s": 126737, "e": 127090, "w": "我", "sp": "Agent"}, {"p": 355, "c": 0.9, "s": 127890, "e": 128073, "w": "哦", "sp": "Agent"}, {"p": 356, "c": 0.9, "s": 128073, "e": 128256, "w": "您", "sp": "Agent"}, {"p": 357, "c": 0.9, "s": 128256, "e": 128621, "w": "这边", "sp": "Agent"}, {"p": 358, "c": 0.9, "s": 128621, "e": 128806, "w": "是", "sp": "Agent"}, {"p": 359, "c": 0.9, "s": 128806, "e": 129172, "w": "属于", "sp": "Agent"}, {"p": 360, "c": 0.9, "s": 129172, "e": 129537, "w": "九江", "sp": "Agent"}, {"p": 361, "c": 0.9, "s": 129537, "e": 129722, "w": "市", "sp": "Agent"}, {"p": 362, "c": 0.9, "s": 129722, "e": 129905, "w": "的", "sp": "Agent"}, {"p": 363, "c": 0.9, "s": 129905, "e": 130088, "w": "是", "sp": "Agent"}, {"p": 364, "c": 0.9, "s": 130088, "e": 130271, "w": "吗", "sp": "Agent"}, {"p": 365, "c": 0.9, "s": 130271, "e": 130453, "w": "是", "sp": "Agent"}, {"p": 366, "c": 0.9, "s": 130453, "e": 130821, "w": "属于", "sp": "Agent"}, {"p": 367, "c": 0.9, "s": 130821, "e": 131187, "w": "九江", "sp": "Agent"}, {"p": 368, "c": 0.9, "s": 131187, "e": 131370, "w": "市", "sp": "Agent"}, {"p": 369, "c": 0.9, "s": 131370, "e": 131554, "w": "的", "sp": "Agent"}, {"p": 370, "c": 0.9, "s": 131554, "e": 131920, "w": "哪个", "sp": "Agent"}, {"p": 371, "c": 0.9, "s": 131920, "e": 132286, "w": "区县", "sp": "Agent"}, {"p": 372, "c": 0.9, "s": 132286, "e": 132470, "w": "呢", "sp": "Agent"}, {"p": 373, "c": 0.9, "s": 134530, "e": 135040, "w": "不是", "sp": "Customer"}, {"p": 374, "c": 0.9, "s": 135040, "e": 135295, "w": "他", "sp": "Customer"}, {"p": 375, "c": 0.9, "s": 135295, "e": 135550, "w": "是", "sp": "Customer"}, {"p": 376, "c": 0.9, "s": 135550, "e": 136060, "w": "公平", "sp": "Customer"}, {"p": 377, "c": 0.9, "s": 136060, "e": 136315, "w": "人", "sp": "Customer"}, {"p": 378, "c": 0.9, "s": 136315, "e": 136825, "w": "公平", "sp": "Customer"}, {"p": 379, "c": 0.9, "s": 136825, "e": 137334, "w": "公平", "sp": "Customer"}, {"p": 380, "c": 0.9, "s": 137335, "e": 137845, "w": "人士", "sp": "Customer"}, {"p": 381, "c": 0.9, "s": 137845, "e": 138100, "w": "就", "sp": "Customer"}, {"p": 382, "c": 0.9, "s": 139010, "e": 139330, "w": "共", "sp": "Agent"}, {"p": 383, "c": 0.9, "s": 139330, "e": 139650, "w": "共", "sp": "Agent"}, {"p": 384, "c": 0.9, "s": 139650, "e": 139970, "w": "青", "sp": "Agent"}, {"p": 385, "c": 0.9, "s": 139970, "e": 140610, "w": "城市", "sp": "Agent"}, {"p": 386, "c": 0.9, "s": 140610, "e": 140930, "w": "好", "sp": "Agent"}, {"p": 387, "c": 0.9, "s": 140930, "e": 141250, "w": "的", "sp": "Agent"}, {"p": 388, "c": 0.9, "s": 141250, "e": 141570, "w": "嗯", "sp": "Agent"}, {"p": 389, "c": 0.9, "s": 141570, "e": 141890, "w": "是", "sp": "Agent"}, {"p": 390, "c": 0.9, "s": 141890, "e": 142850, "w": "共青城", "sp": "Agent"}, {"p": 391, "c": 0.9, "s": 142850, "e": 143170, "w": "市", "sp": "Agent"}, {"p": 392, "c": 0.9, "s": 143170, "e": 143490, "w": "吗", "sp": "Agent"}, {"p": 393, "c": 0.9, "s": 143490, "e": 144130, "w": "先生", "sp": "Agent"}, {"p": 394, "c": 0.9, "s": 144420, "e": 145050, "w": "嗯", "sp": "Customer"}, {"p": 395, "c": 0.9, "s": 145050, "e": 145680, "w": "嗯", "sp": "Customer"}, {"p": 396, "c": 0.9, "s": 145240, "e": 145450, "w": "嗯", "sp": "Agent"}, {"p": 397, "c": 0.9, "s": 145450, "e": 145661, "w": "那", "sp": "Agent"}, {"p": 398, "c": 0.9, "s": 145661, "e": 145871, "w": "您", "sp": "Agent"}, {"p": 399, "c": 0.9, "s": 145871, "e": 146292, "w": "这边", "sp": "Agent"}, {"p": 400, "c": 0.9, "s": 146292, "e": 146503, "w": "房", "sp": "Agent"}, {"p": 401, "c": 0.9, "s": 146503, "e": 146924, "w": "面积", "sp": "Agent"}, {"p": 402, "c": 0.9, "s": 146924, "e": 147134, "w": "是", "sp": "Agent"}, {"p": 403, "c": 0.9, "s": 147134, "e": 147555, "w": "多少", "sp": "Agent"}, {"p": 404, "c": 0.9, "s": 147555, "e": 147976, "w": "大概", "sp": "Agent"}, {"p": 405, "c": 0.9, "s": 147976, "e": 148187, "w": "是", "sp": "Agent"}, {"p": 406, "c": 0.9, "s": 148187, "e": 148397, "w": "几", "sp": "Agent"}, {"p": 407, "c": 0.9, "s": 148397, "e": 148608, "w": "室", "sp": "Agent"}, {"p": 408, "c": 0.9, "s": 148608, "e": 148818, "w": "几", "sp": "Agent"}, {"p": 409, "c": 0.9, "s": 148818, "e": 149028, "w": "厅", "sp": "Agent"}, {"p": 410, "c": 0.9, "s": 149029, "e": 149239, "w": "的", "sp": "Agent"}, {"p": 411, "c": 0.9, "s": 149239, "e": 149450, "w": "呢", "sp": "Agent"}, {"p": 412, "c": 0.9, "s": 151800, "e": 152201, "w": "那个", "sp": "Customer"}, {"p": 413, "c": 0.9, "s": 152201, "e": 152603, "w": "那个", "sp": "Customer"}, {"p": 414, "c": 0.9, "s": 152603, "e": 153004, "w": "客厅", "sp": "Customer"}, {"p": 415, "c": 0.9, "s": 153004, "e": 153405, "w": "里面", "sp": "Customer"}, {"p": 416, "c": 0.9, "s": 153406, "e": 153606, "w": "找", "sp": "Customer"}, {"p": 417, "c": 0.9, "s": 153606, "e": 154008, "w": "其他", "sp": "Customer"}, {"p": 418, "c": 0.9, "s": 154008, "e": 154409, "w": "地方", "sp": "Customer"}, {"p": 419, "c": 0.9, "s": 154400, "e": 154567, "w": "嗯", "sp": "Agent"}, {"p": 420, "c": 0.9, "s": 154567, "e": 154735, "w": "您", "sp": "Agent"}, {"p": 421, "c": 0.9, "s": 154735, "e": 155070, "w": "这边", "sp": "Agent"}, {"p": 422, "c": 0.9, "s": 155070, "e": 155238, "w": "只", "sp": "Agent"}, {"p": 423, "c": 0.9, "s": 155238, "e": 155406, "w": "装", "sp": "Agent"}, {"p": 424, "c": 0.9, "s": 155406, "e": 155741, "w": "客厅", "sp": "Agent"}, {"p": 425, "c": 0.9, "s": 155741, "e": 155909, "w": "是", "sp": "Agent"}, {"p": 426, "c": 0.9, "s": 155909, "e": 156077, "w": "吗", "sp": "Agent"}, {"p": 427, "c": 0.9, "s": 156077, "e": 156244, "w": "好", "sp": "Agent"}, {"p": 428, "c": 0.9, "s": 156244, "e": 156412, "w": "的", "sp": "Agent"}, {"p": 429, "c": 0.9, "s": 156412, "e": 156747, "w": "了解", "sp": "Agent"}, {"p": 430, "c": 0.9, "s": 156747, "e": 156915, "w": "到", "sp": "Agent"}, {"p": 431, "c": 0.9, "s": 156915, "e": 157083, "w": "了", "sp": "Agent"}, {"p": 432, "c": 0.9, "s": 157083, "e": 157250, "w": "嗯", "sp": "Agent"}, {"p": 433, "c": 0.9, "s": 157251, "e": 157418, "w": "那", "sp": "Agent"}, {"p": 434, "c": 0.9, "s": 157418, "e": 157586, "w": "您", "sp": "Agent"}, {"p": 435, "c": 0.9, "s": 157586, "e": 157921, "w": "这边", "sp": "Agent"}, {"p": 436, "c": 0.9, "s": 157921, "e": 158257, "w": "方便", "sp": "Agent"}, {"p": 437, "c": 0.9, "s": 158257, "e": 158592, "w": "提供", "sp": "Agent"}, {"p": 438, "c": 0.9, "s": 158592, "e": 158928, "w": "一下", "sp": "Agent"}, {"p": 439, "c": 0.9, "s": 158928, "e": 159095, "w": "您", "sp": "Agent"}, {"p": 440, "c": 0.9, "s": 159095, "e": 159431, "w": "这边", "sp": "Agent"}, {"p": 441, "c": 0.9, "s": 159431, "e": 159766, "w": "房屋", "sp": "Agent"}, {"p": 442, "c": 0.9, "s": 159766, "e": 160102, "w": "面积", "sp": "Agent"}, {"p": 443, "c": 0.9, "s": 160102, "e": 160269, "w": "的", "sp": "Agent"}, {"p": 444, "c": 0.9, "s": 160269, "e": 160605, "w": "大概", "sp": "Agent"}, {"p": 445, "c": 0.9, "s": 160605, "e": 160940, "w": "大概", "sp": "Agent"}, {"p": 446, "c": 0.9, "s": 160940, "e": 161108, "w": "的", "sp": "Agent"}, {"p": 447, "c": 0.9, "s": 161108, "e": 161443, "w": "面积", "sp": "Agent"}, {"p": 448, "c": 0.9, "s": 161443, "e": 161611, "w": "吗", "sp": "Agent"}, {"p": 449, "c": 0.9, "s": 161611, "e": 161778, "w": "都", "sp": "Agent"}, {"p": 450, "c": 0.9, "s": 161779, "e": 161946, "w": "是", "sp": "Agent"}, {"p": 451, "c": 0.9, "s": 161946, "e": 162282, "w": "可以", "sp": "Agent"}, {"p": 452, "c": 0.9, "s": 162282, "e": 162450, "w": "的", "sp": "Agent"}, {"p": 453, "c": 0.9, "s": 163420, "e": 163923, "w": "四十", "sp": "Customer"}, {"p": 454, "c": 0.9, "s": 163923, "e": 164175, "w": "来", "sp": "Customer"}, {"p": 455, "c": 0.9, "s": 164175, "e": 164678, "w": "平米", "sp": "Customer"}, {"p": 456, "c": 0.9, "s": 164520, "e": 164752, "w": "嗯", "sp": "Agent"}, {"p": 457, "c": 0.9, "s": 164678, "e": 164930, "w": "的", "sp": "Customer"}, {"p": 458, "c": 0.9, "s": 164752, "e": 165216, "w": "四十", "sp": "Agent"}, {"p": 459, "c": 0.9, "s": 165216, "e": 165448, "w": "两", "sp": "Agent"}, {"p": 460, "c": 0.9, "s": 165448, "e": 165681, "w": "斤", "sp": "Agent"}, {"p": 461, "c": 0.9, "s": 165681, "e": 165913, "w": "的", "sp": "Agent"}, {"p": 462, "c": 0.9, "s": 165913, "e": 166144, "w": "你", "sp": "Agent"}, {"p": 463, "c": 0.9, "s": 166145, "e": 166610, "w": "这边", "sp": "Agent"}, {"p": 464, "c": 0.9, "s": 166610, "e": 167074, "w": "大概", "sp": "Agent"}, {"p": 465, "c": 0.9, "s": 167074, "e": 167538, "w": "保密", "sp": "Agent"}, {"p": 466, "c": 0.9, "s": 167538, "e": 167771, "w": "有", "sp": "Agent"}, {"p": 467, "c": 0.9, "s": 167771, "e": 168467, "w": "一百二", "sp": "Agent"}, {"p": 468, "c": 0.9, "s": 168467, "e": 168700, "w": "吗", "sp": "Agent"}, {"p": 469, "c": 0.9, "s": 169770, "e": 170038, "w": "有", "sp": "Customer"}, {"p": 470, "c": 0.9, "s": 170038, "e": 170573, "w": "一个", "sp": "Customer"}, {"p": 471, "c": 0.9, "s": 170574, "e": 170842, "w": "I", "sp": "Customer"}, {"p": 472, "c": 0.9, "s": 170842, "e": 171110, "w": "P", "sp": "Customer"}, {"p": 473, "c": 0.9, "s": 170990, "e": 171972, "w": "一百二十七", "sp": "Agent"}, {"p": 474, "c": 0.9, "s": 171972, "e": 172169, "w": "好", "sp": "Agent"}, {"p": 475, "c": 0.9, "s": 172169, "e": 172365, "w": "的", "sp": "Agent"}, {"p": 476, "c": 0.9, "s": 172365, "e": 172562, "w": "嗯", "sp": "Agent"}, {"p": 477, "c": 0.9, "s": 172562, "e": 172758, "w": "嗯", "sp": "Agent"}, {"p": 478, "c": 0.9, "s": 172758, "e": 172955, "w": "好", "sp": "Agent"}, {"p": 479, "c": 0.9, "s": 172955, "e": 173151, "w": "的", "sp": "Agent"}, {"p": 480, "c": 0.9, "s": 173151, "e": 173741, "w": "没关系", "sp": "Agent"}, {"p": 481, "c": 0.9, "s": 173741, "e": 173937, "w": "的", "sp": "Agent"}, {"p": 482, "c": 0.9, "s": 173937, "e": 174134, "w": "那", "sp": "Agent"}, {"p": 483, "c": 0.9, "s": 174134, "e": 174527, "w": "先生", "sp": "Agent"}, {"p": 484, "c": 0.9, "s": 174527, "e": 174722, "w": "您", "sp": "Agent"}, {"p": 485, "c": 0.9, "s": 174723, "e": 175116, "w": "现在", "sp": "Agent"}, {"p": 486, "c": 0.9, "s": 175116, "e": 175313, "w": "的", "sp": "Agent"}, {"p": 487, "c": 0.9, "s": 175313, "e": 175706, "w": "房屋", "sp": "Agent"}, {"p": 488, "c": 0.9, "s": 175706, "e": 175902, "w": "是", "sp": "Agent"}, {"p": 489, "c": 0.9, "s": 175902, "e": 176099, "w": "自", "sp": "Agent"}, {"p": 490, "c": 0.9, "s": 176099, "e": 176492, "w": "住房", "sp": "Agent"}, {"p": 491, "c": 0.9, "s": 176492, "e": 176885, "w": "翻新", "sp": "Agent"}, {"p": 492, "c": 0.9, "s": 176885, "e": 177278, "w": "一下", "sp": "Agent"}, {"p": 493, "c": 0.9, "s": 177278, "e": 177671, "w": "还是", "sp": "Agent"}, {"p": 494, "c": 0.9, "s": 177671, "e": 177867, "w": "您", "sp": "Agent"}, {"p": 495, "c": 0.9, "s": 177867, "e": 178260, "w": "这边", "sp": "Agent"}, {"p": 496, "c": 0.9, "s": 178260, "e": 178457, "w": "是", "sp": "Agent"}, {"p": 497, "c": 0.9, "s": 178457, "e": 178850, "w": "毛坯", "sp": "Agent"}, {"p": 498, "c": 0.9, "s": 178850, "e": 179243, "w": "新房", "sp": "Agent"}, {"p": 499, "c": 0.9, "s": 179243, "e": 179440, "w": "呢", "sp": "Agent"}, {"p": 500, "c": 0.9, "s": 182080, "e": 182267, "w": "嗯", "sp": "Agent"}, {"p": 501, "c": 0.9, "s": 182267, "e": 182454, "w": "好", "sp": "Agent"}, {"p": 502, "c": 0.9, "s": 182454, "e": 182640, "w": "的", "sp": "Agent"}, {"p": 503, "c": 0.9, "s": 182641, "e": 182828, "w": "那", "sp": "Agent"}, {"p": 504, "c": 0.9, "s": 182828, "e": 183202, "w": "先生", "sp": "Agent"}, {"p": 505, "c": 0.9, "s": 183202, "e": 183390, "w": "您", "sp": "Agent"}, {"p": 506, "c": 0.9, "s": 183390, "e": 183764, "w": "这边", "sp": "Agent"}, {"p": 507, "c": 0.9, "s": 183764, "e": 184138, "w": "确定", "sp": "Agent"}, {"p": 508, "c": 0.9, "s": 184138, "e": 184325, "w": "好", "sp": "Agent"}, {"p": 509, "c": 0.9, "s": 184325, "e": 184700, "w": "装修", "sp": "Agent"}, {"p": 510, "c": 0.9, "s": 184700, "e": 185073, "w": "公司", "sp": "Agent"}, {"p": 511, "c": 0.9, "s": 185074, "e": 185261, "w": "了", "sp": "Agent"}, {"p": 512, "c": 0.9, "s": 185261, "e": 185448, "w": "吗", "sp": "Agent"}, {"p": 513, "c": 0.9, "s": 185448, "e": 185821, "w": "预计", "sp": "Agent"}, {"p": 514, "c": 0.9, "s": 185822, "e": 186010, "w": "在", "sp": "Agent"}, {"p": 515, "c": 0.9, "s": 186010, "e": 186196, "w": "几", "sp": "Agent"}, {"p": 516, "c": 0.9, "s": 186197, "e": 186571, "w": "月份", "sp": "Agent"}, {"p": 517, "c": 0.9, "s": 186571, "e": 186758, "w": "能", "sp": "Agent"}, {"p": 518, "c": 0.9, "s": 186758, "e": 187131, "w": "动工", "sp": "Agent"}, {"p": 519, "c": 0.9, "s": 187132, "e": 187320, "w": "呢", "sp": "Agent"}, {"p": 520, "c": 0.9, "s": 189090, "e": 189334, "w": "我", "sp": "Customer"}, {"p": 521, "c": 0.9, "s": 189334, "e": 189822, "w": "已经", "sp": "Customer"}, {"p": 522, "c": 0.9, "s": 189822, "e": 190066, "w": "收", "sp": "Customer"}, {"p": 523, "c": 0.9, "s": 190010, "e": 190215, "w": "哦", "sp": "Agent"}, {"p": 524, "c": 0.9, "s": 190066, "e": 190310, "w": "了", "sp": "Customer"}, {"p": 525, "c": 0.9, "s": 190216, "e": 190630, "w": "已经", "sp": "Agent"}, {"p": 526, "c": 0.9, "s": 190630, "e": 190836, "w": "装", "sp": "Agent"}, {"p": 527, "c": 0.9, "s": 190690, "e": 190864, "w": "不", "sp": "Customer"}, {"p": 528, "c": 0.9, "s": 190836, "e": 191043, "w": "了", "sp": "Agent"}, {"p": 529, "c": 0.9, "s": 190864, "e": 191038, "w": "需", "sp": "Customer"}, {"p": 530, "c": 0.9, "s": 191038, "e": 191211, "w": "要", "sp": "Customer"}, {"p": 531, "c": 0.9, "s": 191043, "e": 191250, "w": "是", "sp": "Agent"}, {"p": 532, "c": 0.9, "s": 191212, "e": 191560, "w": "冻结", "sp": "Customer"}, {"p": 533, "c": 0.9, "s": 191250, "e": 191456, "w": "吗", "sp": "Agent"}, {"p": 534, "c": 0.9, "s": 191456, "e": 191663, "w": "嗯", "sp": "Agent"}, {"p": 535, "c": 0.9, "s": 191663, "e": 191870, "w": "那", "sp": "Agent"}, {"p": 536, "c": 0.9, "s": 191870, "e": 192075, "w": "您", "sp": "Agent"}, {"p": 537, "c": 0.9, "s": 192076, "e": 192490, "w": "现在", "sp": "Agent"}, {"p": 538, "c": 0.9, "s": 192490, "e": 192696, "w": "嗯", "sp": "Agent"}, {"p": 539, "c": 0.9, "s": 192696, "e": 192903, "w": "那", "sp": "Agent"}, {"p": 540, "c": 0.9, "s": 192903, "e": 193316, "w": "先生", "sp": "Agent"}, {"p": 541, "c": 0.9, "s": 193316, "e": 193523, "w": "您", "sp": "Agent"}, {"p": 542, "c": 0.9, "s": 193523, "e": 193935, "w": "现在", "sp": "Agent"}, {"p": 543, "c": 0.9, "s": 193936, "e": 194350, "w": "装修", "sp": "Agent"}, {"p": 544, "c": 0.9, "s": 194350, "e": 194763, "w": "现在", "sp": "Agent"}, {"p": 545, "c": 0.9, "s": 194763, "e": 194970, "w": "是", "sp": "Agent"}, {"p": 546, "c": 0.9, "s": 194970, "e": 195383, "w": "属于", "sp": "Agent"}, {"p": 547, "c": 0.9, "s": 195383, "e": 195590, "w": "您", "sp": "Agent"}, {"p": 548, "c": 0.9, "s": 195590, "e": 196002, "w": "现在", "sp": "Agent"}, {"p": 549, "c": 0.9, "s": 196003, "e": 196210, "w": "是", "sp": "Agent"}, {"p": 550, "c": 0.9, "s": 196210, "e": 196623, "w": "正在", "sp": "Agent"}, {"p": 551, "c": 0.9, "s": 196623, "e": 196830, "w": "交", "sp": "Agent"}, {"p": 552, "c": 0.9, "s": 196830, "e": 197036, "w": "强", "sp": "Agent"}, {"p": 553, "c": 0.9, "s": 197036, "e": 197243, "w": "吗", "sp": "Agent"}, {"p": 554, "c": 0.9, "s": 197243, "e": 197655, "w": "还是", "sp": "Agent"}, {"p": 555, "c": 0.9, "s": 197656, "e": 197863, "w": "在", "sp": "Agent"}, {"p": 556, "c": 0.9, "s": 197863, "e": 198070, "w": "走", "sp": "Agent"}, {"p": 557, "c": 0.9, "s": 198070, "e": 198483, "w": "水电", "sp": "Agent"}, {"p": 558, "c": 0.9, "s": 198483, "e": 198690, "w": "呢", "sp": "Agent"}, {"p": 559, "c": 0.9, "s": 201210, "e": 201485, "w": "我", "sp": "Customer"}, {"p": 560, "c": 0.9, "s": 201485, "e": 201760, "w": "没", "sp": "Customer"}, {"p": 561, "c": 0.9, "s": 201760, "e": 202034, "w": "买", "sp": "Customer"}, {"p": 562, "c": 0.9, "s": 202035, "e": 202585, "w": "东西", "sp": "Customer"}, {"p": 563, "c": 0.9, "s": 202585, "e": 202860, "w": "啊", "sp": "Customer"}, {"p": 564, "c": 0.9, "s": 203140, "e": 203479, "w": "嗯", "sp": "Agent"}, {"p": 565, "c": 0.9, "s": 203479, "e": 204157, "w": "马上", "sp": "Agent"}, {"p": 566, "c": 0.9, "s": 204157, "e": 204834, "w": "就是", "sp": "Agent"}, {"p": 567, "c": 0.9, "s": 204835, "e": 205175, "w": "要", "sp": "Agent"}, {"p": 568, "c": 0.9, "s": 205175, "e": 205514, "w": "走", "sp": "Agent"}, {"p": 569, "c": 0.9, "s": 205514, "e": 206192, "w": "水电", "sp": "Agent"}, {"p": 570, "c": 0.9, "s": 206192, "e": 206531, "w": "吗", "sp": "Agent"}, {"p": 571, "c": 0.9, "s": 206531, "e": 206870, "w": "是", "sp": "Agent"}, {"p": 572, "c": 0.9, "s": 206870, "e": 207209, "w": "吗", "sp": "Agent"}, {"p": 573, "c": 0.9, "s": 208250, "e": 208502, "w": "就", "sp": "Customer"}, {"p": 574, "c": 0.9, "s": 208502, "e": 208755, "w": "顶", "sp": "Customer"}, {"p": 575, "c": 0.9, "s": 208755, "e": 209007, "w": "了", "sp": "Customer"}, {"p": 576, "c": 0.9, "s": 209007, "e": 209512, "w": "马上", "sp": "Customer"}, {"p": 577, "c": 0.9, "s": 209512, "e": 209765, "w": "就", "sp": "Customer"}, {"p": 578, "c": 0.9, "s": 209765, "e": 210017, "w": "顶", "sp": "Customer"}, {"p": 579, "c": 0.9, "s": 210017, "e": 210270, "w": "了", "sp": "Customer"}, {"p": 580, "c": 0.9, "s": 210770, "e": 211028, "w": "木", "sp": "Customer"}, {"p": 581, "c": 0.9, "s": 211028, "e": 211287, "w": "工", "sp": "Customer"}, {"p": 582, "c": 0.9, "s": 211287, "e": 211546, "w": "啊", "sp": "Customer"}, {"p": 583, "c": 0.9, "s": 211546, "e": 212063, "w": "木工", "sp": "Customer"}, {"p": 584, "c": 0.9, "s": 212063, "e": 212581, "w": "进来", "sp": "Customer"}, {"p": 585, "c": 0.9, "s": 212260, "e": 212489, "w": "啊", "sp": "Agent"}, {"p": 586, "c": 0.9, "s": 212490, "e": 212950, "w": "木工", "sp": "Agent"}, {"p": 587, "c": 0.9, "s": 212581, "e": 212840, "w": "呀", "sp": "Customer"}, {"p": 588, "c": 0.9, "s": 212950, "e": 213180, "w": "的", "sp": "Agent"}, {"p": 589, "c": 0.9, "s": 213180, "e": 213409, "w": "好", "sp": "Agent"}, {"p": 590, "c": 0.9, "s": 213410, "e": 213640, "w": "的", "sp": "Agent"}, {"p": 591, "c": 0.9, "s": 213640, "e": 213870, "w": "好", "sp": "Agent"}, {"p": 592, "c": 0.9, "s": 213870, "e": 214099, "w": "的", "sp": "Agent"}, {"p": 593, "c": 0.9, "s": 214100, "e": 214330, "w": "那", "sp": "Agent"}, {"p": 594, "c": 0.9, "s": 214330, "e": 214790, "w": "先生", "sp": "Agent"}, {"p": 595, "c": 0.9, "s": 214790, "e": 215019, "w": "您", "sp": "Agent"}, {"p": 596, "c": 0.9, "s": 215020, "e": 215480, "w": "这边", "sp": "Agent"}, {"p": 597, "c": 0.9, "s": 215480, "e": 215940, "w": "了解", "sp": "Agent"}, {"p": 598, "c": 0.9, "s": 215940, "e": 216170, "w": "过", "sp": "Agent"}, {"p": 599, "c": 0.9, "s": 216170, "e": 216630, "w": "大金", "sp": "Agent"}, {"p": 600, "c": 0.9, "s": 216630, "e": 216860, "w": "吗", "sp": "Agent"}, {"p": 601, "c": 0.9, "s": 216860, "e": 217320, "w": "提前", "sp": "Agent"}, {"p": 602, "c": 0.9, "s": 217320, "e": 217780, "w": "接触", "sp": "Agent"}, {"p": 603, "c": 0.9, "s": 217780, "e": 218010, "w": "过", "sp": "Agent"}, {"p": 604, "c": 0.9, "s": 218010, "e": 218239, "w": "线", "sp": "Agent"}, {"p": 605, "c": 0.9, "s": 218240, "e": 218470, "w": "下", "sp": "Agent"}, {"p": 606, "c": 0.9, "s": 218470, "e": 218700, "w": "的", "sp": "Agent"}, {"p": 607, "c": 0.9, "s": 218700, "e": 219160, "w": "门店", "sp": "Agent"}, {"p": 608, "c": 0.9, "s": 219160, "e": 219390, "w": "吗", "sp": "Agent"}, {"p": 609, "c": 0.9, "s": 220900, "e": 221446, "w": "因为", "sp": "Customer"}, {"p": 610, "c": 0.9, "s": 221446, "e": 221720, "w": "我", "sp": "Customer"}, {"p": 611, "c": 0.9, "s": 221720, "e": 221993, "w": "在", "sp": "Customer"}, {"p": 612, "c": 0.9, "s": 221993, "e": 222540, "w": "开车", "sp": "Customer"}, {"p": 613, "c": 0.9, "s": 222540, "e": 222812, "w": "哟", "sp": "Customer"}, {"p": 614, "c": 0.9, "s": 222813, "e": 223086, "w": "跟", "sp": "Customer"}, {"p": 615, "c": 0.9, "s": 222980, "e": 223312, "w": "啊", "sp": "Agent"}, {"p": 616, "c": 0.9, "s": 223086, "e": 223360, "w": "你", "sp": "Customer"}, {"p": 617, "c": 0.9, "s": 223312, "e": 223644, "w": "好", "sp": "Agent"}, {"p": 618, "c": 0.9, "s": 223360, "e": 223906, "w": "聊天", "sp": "Customer"}, {"p": 619, "c": 0.9, "s": 223644, "e": 223976, "w": "的", "sp": "Agent"}, {"p": 620, "c": 0.9, "s": 223906, "e": 224180, "w": "哦", "sp": "Customer"}, {"p": 621, "c": 0.9, "s": 223976, "e": 224308, "w": "好", "sp": "Agent"}, {"p": 622, "c": 0.9, "s": 224180, "e": 224726, "w": "高速", "sp": "Customer"}, {"p": 623, "c": 0.9, "s": 224308, "e": 224640, "w": "的", "sp": "Agent"}, {"p": 624, "c": 0.9, "s": 224726, "e": 225000, "w": "上", "sp": "Customer"}, {"p": 625, "c": 0.9, "s": 225020, "e": 225189, "w": "嗯", "sp": "Agent"}, {"p": 626, "c": 0.9, "s": 225189, "e": 225358, "w": "好", "sp": "Agent"}, {"p": 627, "c": 0.9, "s": 225358, "e": 225528, "w": "的", "sp": "Agent"}, {"p": 628, "c": 0.9, "s": 225528, "e": 225697, "w": "那", "sp": "Agent"}, {"p": 629, "c": 0.9, "s": 225697, "e": 226036, "w": "这边", "sp": "Agent"}, {"p": 630, "c": 0.9, "s": 226036, "e": 226205, "w": "为", "sp": "Agent"}, {"p": 631, "c": 0.9, "s": 226205, "e": 226375, "w": "您", "sp": "Agent"}, {"p": 632, "c": 0.9, "s": 226375, "e": 226713, "w": "简单", "sp": "Agent"}, {"p": 633, "c": 0.9, "s": 226713, "e": 227052, "w": "介绍", "sp": "Agent"}, {"p": 634, "c": 0.9, "s": 227052, "e": 227391, "w": "一下", "sp": "Agent"}, {"p": 635, "c": 0.9, "s": 227391, "e": 227730, "w": "我们", "sp": "Agent"}, {"p": 636, "c": 0.9, "s": 227730, "e": 228068, "w": "大厅", "sp": "Agent"}, {"p": 637, "c": 0.9, "s": 228068, "e": 228407, "w": "我们", "sp": "Agent"}, {"p": 638, "c": 0.9, "s": 228407, "e": 228746, "w": "大厅", "sp": "Agent"}, {"p": 639, "c": 0.9, "s": 228746, "e": 229085, "w": "目前", "sp": "Agent"}, {"p": 640, "c": 0.9, "s": 229085, "e": 229423, "w": "已经", "sp": "Agent"}, {"p": 641, "c": 0.9, "s": 229423, "e": 229762, "w": "升级", "sp": "Agent"}, {"p": 642, "c": 0.9, "s": 229762, "e": 229931, "w": "到", "sp": "Agent"}, {"p": 643, "c": 0.9, "s": 229931, "e": 230101, "w": "第", "sp": "Agent"}, {"p": 644, "c": 0.9, "s": 230101, "e": 230440, "w": "四代", "sp": "Agent"}]}, "plainText": "喂\n嗯 您好 陈 先生 这边 是 大街 空调 厂房 客服 中心 这边 给 您 来电 呢 是 我 这边 是 上午 给 您 来电 过 的 客服 这边 是 想 了解 一下 您 这边 的 房屋 基本 情况 您 这边 我 看到 您 这边 是 属于 江西 南昌 您 的 房屋 所在地 是 在 江西 南昌 的 哪 一个 区县 呢 先生\n你 那个 那个 那个 红牛 什么 意思 什么 加入 什么样 产品\n啊 您 这边\n我\n说 什么\n已 办\n这 啊\n结\n您 这边 说 什么 这边 听 不 太 清 您 这边 需要 什么\n单笔 那个 风管 机 的 就是\n您 这边 需要 需要 是 一拖 一 的 风管 机 是 吗\n嗯 嗯\n嗯 好 的 了解 了 嗯 那 我们 这边 会 联系 线 下门 店 与 您 对接 嗯 您 这边 所 所在地 是 江西省 南昌市\n家里\n的\n多\n哪\n钱\n一个\n家里\n区\n多少钱\n嗯 您 说 什么\n你 家里 是 多少 的 哪位\n价格 吗\n嗯\n哦 我们 这边 了解 过 您 的 详细 信息 之 后会 跟 您 就近 分配 一个 我们 大金 正规 渠道 授权 的 门店 给 您 提供 报价 的 您 只要 注意 留 电 就 可以 了 这边 会 先 给 您 报价 的 嗯 您 看 可以 吗 那 先生 您 这边 是 南昌市 的 哪 一 区 呢\n我 现在 在 外面 呢\n嗯 您 现在 我 我 这边 想 问 您 的 是 您 房屋 所在地 是 在 江西省 南昌市 的 哪 一个 区 呢\n一般 都 是 比较 远 你 你 快 一点\n嗯 没关系 的 我们\n不是\n这边 会 为 您 分配 就是 南昌市 然后 根据 您 的 区县 帮 您 分配 大街 就 会 去 到 首选 门店 的\n你 你 主张 过来 怎么 难道 是 难 难道 是 跟 主张 中间 嘛\n嗯 您 这边 说 什么 这边 听 不 太 清\n共 青 啊 共青城 啊\n泵 进城 是 属于\n冻结\n哪个 区\n了\n呃 是 属于 哪个 区 呢 是 它 属于 东 湖区 的 是 吗\n是 属于 那个 主张 贷款 的\n九江 啊\n你\n我们\n叫\n这 啊 我 哦 您 这边 是 属于 九江 市 的 是 吗 是 属于 九江 市 的 哪个 区县 呢\n不是 他 是 公平 人 公平 公平 人士 就\n共 共 青 城市 好 的 嗯 是 共青城 市 吗 先生\n嗯 嗯\n嗯 那 您 这边 房 面积 是 多少 大概 是 几 室 几 厅 的 呢\n那个 那个 客厅 里面 找 其他 地方\n嗯 您 这边 只 装 客厅 是 吗 好 的 了解 到 了 嗯 那 您 这边 方便 提供 一下 您 这边 房屋 面积 的 大概 大概 的 面积 吗 都 是 可以 的\n四十 来 平米\n嗯\n的\n四十 两 斤 的 你 这边 大概 保密 有 一百二 吗\n有 一个 I P\n一百二十七 好 的 嗯 嗯 好 的 没关系 的 那 先生 您 现在 的 房屋 是 自 住房 翻新 一下 还是 您 这边 是 毛坯 新房 呢 嗯 好 的 那 先生 您 这边 确定 好 装修 公司 了 吗 预计 在 几 月份 能 动工 呢\n我 已经 收\n哦\n了\n已经 装\n不\n了\n需 要\n是\n冻结\n吗 嗯 那 您 现在 嗯 那 先生 您 现在 装修 现在 是 属于 您 现在 是 正在 交 强 吗 还是 在 走 水电 呢\n我 没 买 东西 啊\n嗯 马上 就是 要 走 水电 吗 是 吗\n就 顶 了 马上 就 顶 了 木 工 啊 木工 进来\n啊 木工\n呀\n的 好 的 好 的 那 先生 您 这边 了解 过 大金 吗 提前 接触 过 线 下 的 门店 吗\n因为 我 在 开车 哟 跟\n啊\n你\n好\n聊天\n的\n哦\n好\n高速\n的\n上\n嗯 好 的 那 这边 为 您 简单 介绍 一下 我们 大厅 我们 大厅 目前 已经 升级 到 第 四代", "plainTextTime": {"verbatims": [{"s": 100, "e": 1100, "w": "喂", "sp": "Customer"}, {"s": 120, "e": 17070, "w": "嗯 您好 陈 先生 这边 是 大街 空调 厂房 客服 中心 这边 给 您 来电 呢 是 我 这边 是 上午 给 您 来电 过 的 客服 这边 是 想 了解 一下 您 这边 的 房屋 基本 情况 您 这边 我 看到 您 这边 是 属于 江西 南昌 您 的 房屋 所在地 是 在 江西 南昌 的 哪 一个 区县 呢 先生", "sp": "Agent"}, {"s": 18730, "e": 23650, "w": "你 那个 那个 那个 红牛 什么 意思 什么 加入 什么样 产品", "sp": "Customer"}, {"s": 23310, "e": 24098, "w": "啊 您 这边", "sp": "Agent"}, {"s": 23950, "e": 24307, "w": "我", "sp": "Customer"}, {"s": 24098, "e": 24690, "w": "说 什么", "sp": "Agent"}, {"s": 24307, "e": 25022, "w": "已 办", "sp": "Customer"}, {"s": 24690, "e": 25084, "w": "这 啊", "sp": "Agent"}, {"s": 25022, "e": 25380, "w": "结", "sp": "Customer"}, {"s": 25084, "e": 28830, "w": "您 这边 说 什么 这边 听 不 太 清 您 这边 需要 什么", "sp": "Agent"}, {"s": 29560, "e": 32369, "w": "单笔 那个 风管 机 的 就是", "sp": "Customer"}, {"s": 32110, "e": 36060, "w": "您 这边 需要 需要 是 一拖 一 的 风管 机 是 吗", "sp": "Agent"}, {"s": 36580, "e": 38030, "w": "嗯 嗯", "sp": "Customer"}, {"s": 37770, "e": 45334, "w": "嗯 好 的 了解 了 嗯 那 我们 这边 会 联系 线 下门 店 与 您 对接 嗯 您 这边 所 所在地 是 江西省 南昌市", "sp": "Agent"}, {"s": 45050, "e": 45467, "w": "家里", "sp": "Customer"}, {"s": 45334, "e": 45533, "w": "的", "sp": "Agent"}, {"s": 45467, "e": 45676, "w": "多", "sp": "Customer"}, {"s": 45533, "e": 45732, "w": "哪", "sp": "Agent"}, {"s": 45676, "e": 45885, "w": "钱", "sp": "Customer"}, {"s": 45732, "e": 46129, "w": "一个", "sp": "Agent"}, {"s": 45885, "e": 46302, "w": "家里", "sp": "Customer"}, {"s": 46130, "e": 46330, "w": "区", "sp": "Agent"}, {"s": 46303, "e": 46930, "w": "多少钱", "sp": "Customer"}, {"s": 47780, "e": 49300, "w": "嗯 您 说 什么", "sp": "Agent"}, {"s": 50100, "e": 52340, "w": "你 家里 是 多少 的 哪位", "sp": "Customer"}, {"s": 52620, "e": 54470, "w": "价格 吗", "sp": "Agent"}, {"s": 54770, "e": 55790, "w": "嗯", "sp": "Customer"}, {"s": 55500, "e": 72110, "w": "哦 我们 这边 了解 过 您 的 详细 信息 之 后会 跟 您 就近 分配 一个 我们 大金 正规 渠道 授权 的 门店 给 您 提供 报价 的 您 只要 注意 留 电 就 可以 了 这边 会 先 给 您 报价 的 嗯 您 看 可以 吗 那 先生 您 这边 是 南昌市 的 哪 一 区 呢", "sp": "Agent"}, {"s": 75090, "e": 77490, "w": "我 现在 在 外面 呢", "sp": "Customer"}, {"s": 77400, "e": 83850, "w": "嗯 您 现在 我 我 这边 想 问 您 的 是 您 房屋 所在地 是 在 江西省 南昌市 的 哪 一个 区 呢", "sp": "Agent"}, {"s": 85650, "e": 89869, "w": "一般 都 是 比较 远 你 你 快 一点", "sp": "Customer"}, {"s": 89800, "e": 91123, "w": "嗯 没关系 的 我们", "sp": "Agent"}, {"s": 91100, "e": 92040, "w": "不是", "sp": "Customer"}, {"s": 91123, "e": 97740, "w": "这边 会 为 您 分配 就是 南昌市 然后 根据 您 的 区县 帮 您 分配 大街 就 会 去 到 首选 门店 的", "sp": "Agent"}, {"s": 100610, "e": 106210, "w": "你 你 主张 过来 怎么 难道 是 难 难道 是 跟 主张 中间 嘛", "sp": "Customer"}, {"s": 106880, "e": 109760, "w": "嗯 您 这边 说 什么 这边 听 不 太 清", "sp": "Agent"}, {"s": 110640, "e": 112740, "w": "共 青 啊 共青城 啊", "sp": "Customer"}, {"s": 114160, "e": 115324, "w": "泵 进城 是 属于", "sp": "Agent"}, {"s": 114960, "e": 115799, "w": "冻结", "sp": "Customer"}, {"s": 115324, "e": 115906, "w": "哪个 区", "sp": "Agent"}, {"s": 115800, "e": 116220, "w": "了", "sp": "Customer"}, {"s": 115906, "e": 119400, "w": "呃 是 属于 哪个 区 呢 是 它 属于 东 湖区 的 是 吗", "sp": "Agent"}, {"s": 120480, "e": 124100, "w": "是 属于 那个 主张 贷款 的", "sp": "Customer"}, {"s": 124270, "e": 125326, "w": "九江 啊", "sp": "Agent"}, {"s": 125130, "e": 125685, "w": "你", "sp": "Customer"}, {"s": 125327, "e": 126032, "w": "我们", "sp": "Agent"}, {"s": 125685, "e": 126240, "w": "叫", "sp": "Customer"}, {"s": 126032, "e": 132470, "w": "这 啊 我 哦 您 这边 是 属于 九江 市 的 是 吗 是 属于 九江 市 的 哪个 区县 呢", "sp": "Agent"}, {"s": 134530, "e": 138100, "w": "不是 他 是 公平 人 公平 公平 人士 就", "sp": "Customer"}, {"s": 139010, "e": 144130, "w": "共 共 青 城市 好 的 嗯 是 共青城 市 吗 先生", "sp": "Agent"}, {"s": 144420, "e": 145680, "w": "嗯 嗯", "sp": "Customer"}, {"s": 145240, "e": 149450, "w": "嗯 那 您 这边 房 面积 是 多少 大概 是 几 室 几 厅 的 呢", "sp": "Agent"}, {"s": 151800, "e": 154409, "w": "那个 那个 客厅 里面 找 其他 地方", "sp": "Customer"}, {"s": 154400, "e": 162450, "w": "嗯 您 这边 只 装 客厅 是 吗 好 的 了解 到 了 嗯 那 您 这边 方便 提供 一下 您 这边 房屋 面积 的 大概 大概 的 面积 吗 都 是 可以 的", "sp": "Agent"}, {"s": 163420, "e": 164678, "w": "四十 来 平米", "sp": "Customer"}, {"s": 164520, "e": 164752, "w": "嗯", "sp": "Agent"}, {"s": 164678, "e": 164930, "w": "的", "sp": "Customer"}, {"s": 164752, "e": 168700, "w": "四十 两 斤 的 你 这边 大概 保密 有 一百二 吗", "sp": "Agent"}, {"s": 169770, "e": 171110, "w": "有 一个 I P", "sp": "Customer"}, {"s": 170990, "e": 187320, "w": "一百二十七 好 的 嗯 嗯 好 的 没关系 的 那 先生 您 现在 的 房屋 是 自 住房 翻新 一下 还是 您 这边 是 毛坯 新房 呢 嗯 好 的 那 先生 您 这边 确定 好 装修 公司 了 吗 预计 在 几 月份 能 动工 呢", "sp": "Agent"}, {"s": 189090, "e": 190066, "w": "我 已经 收", "sp": "Customer"}, {"s": 190010, "e": 190215, "w": "哦", "sp": "Agent"}, {"s": 190066, "e": 190310, "w": "了", "sp": "Customer"}, {"s": 190216, "e": 190836, "w": "已经 装", "sp": "Agent"}, {"s": 190690, "e": 190864, "w": "不", "sp": "Customer"}, {"s": 190836, "e": 191043, "w": "了", "sp": "Agent"}, {"s": 190864, "e": 191211, "w": "需 要", "sp": "Customer"}, {"s": 191043, "e": 191250, "w": "是", "sp": "Agent"}, {"s": 191212, "e": 191560, "w": "冻结", "sp": "Customer"}, {"s": 191250, "e": 198690, "w": "吗 嗯 那 您 现在 嗯 那 先生 您 现在 装修 现在 是 属于 您 现在 是 正在 交 强 吗 还是 在 走 水电 呢", "sp": "Agent"}, {"s": 201210, "e": 202860, "w": "我 没 买 东西 啊", "sp": "Customer"}, {"s": 203140, "e": 207209, "w": "嗯 马上 就是 要 走 水电 吗 是 吗", "sp": "Agent"}, {"s": 208250, "e": 212581, "w": "就 顶 了 马上 就 顶 了 木 工 啊 木工 进来", "sp": "Customer"}, {"s": 212260, "e": 212950, "w": "啊 木工", "sp": "Agent"}, {"s": 212581, "e": 212840, "w": "呀", "sp": "Customer"}, {"s": 212950, "e": 219390, "w": "的 好 的 好 的 那 先生 您 这边 了解 过 大金 吗 提前 接触 过 线 下 的 门店 吗", "sp": "Agent"}, {"s": 220900, "e": 223086, "w": "因为 我 在 开车 哟 跟", "sp": "Customer"}, {"s": 222980, "e": 223312, "w": "啊", "sp": "Agent"}, {"s": 223086, "e": 223360, "w": "你", "sp": "Customer"}, {"s": 223312, "e": 223644, "w": "好", "sp": "Agent"}, {"s": 223360, "e": 223906, "w": "聊天", "sp": "Customer"}, {"s": 223644, "e": 223976, "w": "的", "sp": "Agent"}, {"s": 223906, "e": 224180, "w": "哦", "sp": "Customer"}, {"s": 223976, "e": 224308, "w": "好", "sp": "Agent"}, {"s": 224180, "e": 224726, "w": "高速", "sp": "Customer"}, {"s": 224308, "e": 224640, "w": "的", "sp": "Agent"}, {"s": 224726, "e": 225000, "w": "上", "sp": "Customer"}, {"s": 225020, "e": 230440, "w": "嗯 好 的 那 这边 为 您 简单 介绍 一下 我们 大厅 我们 大厅 目前 已经 升级 到 第 四代", "sp": "Agent"}]}, "aqm": {"greeting": {"greeting_said": "您好, 先生, 空调, 客服", "n_greeting_said": 4, "score": 1}, "closing": {"closing_said": "您", "n_closing_said": 1, "score": 0}, "speed": {"speed_max": 5.96, "n_words": 48, "words": "嗯 您 这边 只 装 客厅 是 吗 好 的 了解 到 了 嗯 那 您 这边 方便 提供 一下 您 这边 房屋 面积 的 大概 大概 的 面积 吗 都 是 可以 的", "start": 154400, "end": 162450}}}