{"mediaId": "2022031315575654708747449178303001", "status": "Success", "dateCreated": "2022-03-21T18:45:50Z", "contentType": "audio/x-wav", "channels": "future use", "length": 180, "metadata": {"Sid": 10099, "Site_id": 783, "Audio_ch_num": 87474491, "Audio_module_num": 783001, "Audio_start_time_gmt": "2022-03-13T07:57:56.547+08:00", "Transaction_id": "2022031315575654708747449178303001", "ContactID": "9144801267650000301", "Personal_id": "0", "Direction": 1, "Local_audio_start_time": "2022-03-13T15:57:56.547+08:00", "Local_audio_end_time": "2022-03-13T16:00:56.547+08:00", "Total_hold_time": "25", "Pbx_login_id": "800025", "Ani": "15660786656", "Extension": "600034", "String_extension": "600034", "Switch_call_id": "006f0330e46d5037", "Switch_id": "783000001", "Duration_seconds": 180, "Wrapup_time_in_seconds": "0", "Dnis": "02152690312", "Number_of_conferences": "0", "Number_of_holds": "1", "Number_of_transfers": "1", "Percent_of_agent_call": "74", "Percent_of_other_call": "56", "Percent_of_mutual_silence": "35", "Num_of_agent_cross": "7", "Num_of_other_cross": "5", "IsException": 0, "CD2": "013GVT56OG919AP72LUHVB5AES000CI1"}, "transcript_detailed": {"words": [{"p": 1, "c": 0.9, "s": 1470, "e": 1818, "w": "你好", "sp": "Agent"}, {"p": 2, "c": 0.9, "s": 1818, "e": 2166, "w": "快递", "sp": "Agent"}, {"p": 3, "c": 0.9, "s": 2166, "e": 2340, "w": "帮", "sp": "Agent"}, {"p": 4, "c": 0.9, "s": 2340, "e": 2514, "w": "您", "sp": "Agent"}, {"p": 5, "c": 0.9, "s": 2514, "e": 2862, "w": "送到", "sp": "Agent"}, {"p": 6, "c": 0.9, "s": 2862, "e": 3211, "w": "请问", "sp": "Agent"}, {"p": 7, "c": 0.9, "s": 3211, "e": 3385, "w": "有", "sp": "Agent"}, {"p": 8, "c": 0.9, "s": 3385, "e": 3733, "w": "什么", "sp": "Agent"}, {"p": 9, "c": 0.9, "s": 3733, "e": 4080, "w": "可以", "sp": "Agent"}, {"p": 10, "c": 0.9, "s": 4080, "e": 4254, "w": "帮", "sp": "Agent"}, {"p": 11, "c": 0.9, "s": 4255, "e": 4430, "w": "您", "sp": "Agent"}, {"p": 12, "c": 0.9, "s": 4890, "e": 5127, "w": "喂", "sp": "Customer"}, {"p": 13, "c": 0.9, "s": 5127, "e": 5364, "w": "你", "sp": "Customer"}, {"p": 14, "c": 0.9, "s": 5364, "e": 5601, "w": "那", "sp": "Customer"}, {"p": 15, "c": 0.9, "s": 5601, "e": 6075, "w": "售后", "sp": "Customer"}, {"p": 16, "c": 0.9, "s": 6076, "e": 6313, "w": "是", "sp": "Customer"}, {"p": 17, "c": 0.9, "s": 6313, "e": 6788, "w": "多少", "sp": "Customer"}, {"p": 18, "c": 0.9, "s": 6788, "e": 7262, "w": "电话", "sp": "Customer"}, {"p": 19, "c": 0.9, "s": 7262, "e": 7500, "w": "啊", "sp": "Customer"}, {"p": 20, "c": 0.9, "s": 7710, "e": 8109, "w": "售后", "sp": "Agent"}, {"p": 21, "c": 0.9, "s": 8109, "e": 8311, "w": "呃", "sp": "Agent"}, {"p": 22, "c": 0.9, "s": 8311, "e": 8511, "w": "您", "sp": "Agent"}, {"p": 23, "c": 0.9, "s": 8511, "e": 8712, "w": "是", "sp": "Agent"}, {"p": 24, "c": 0.9, "s": 8712, "e": 8912, "w": "有", "sp": "Agent"}, {"p": 25, "c": 0.9, "s": 8912, "e": 9313, "w": "遇到", "sp": "Agent"}, {"p": 26, "c": 0.9, "s": 9313, "e": 9714, "w": "什么", "sp": "Agent"}, {"p": 27, "c": 0.9, "s": 9714, "e": 10115, "w": "问题", "sp": "Agent"}, {"p": 28, "c": 0.9, "s": 10115, "e": 10315, "w": "呢", "sp": "Agent"}, {"p": 29, "c": 0.9, "s": 10315, "e": 10516, "w": "我", "sp": "Agent"}, {"p": 30, "c": 0.9, "s": 10516, "e": 10915, "w": "这边", "sp": "Agent"}, {"p": 31, "c": 0.9, "s": 10916, "e": 11317, "w": "可以", "sp": "Agent"}, {"p": 32, "c": 0.9, "s": 11040, "e": 11247, "w": "我", "sp": "Customer"}, {"p": 33, "c": 0.9, "s": 11247, "e": 11454, "w": "就", "sp": "Customer"}, {"p": 34, "c": 0.9, "s": 11317, "e": 11518, "w": "帮", "sp": "Agent"}, {"p": 35, "c": 0.9, "s": 11454, "e": 11662, "w": "这", "sp": "Customer"}, {"p": 36, "c": 0.9, "s": 11518, "e": 11717, "w": "您", "sp": "Agent"}, {"p": 37, "c": 0.9, "s": 11662, "e": 12077, "w": "一个", "sp": "Customer"}, {"p": 38, "c": 0.9, "s": 11718, "e": 12119, "w": "转接", "sp": "Agent"}, {"p": 39, "c": 0.9, "s": 12077, "e": 12283, "w": "我", "sp": "Customer"}, {"p": 40, "c": 0.9, "s": 12119, "e": 12320, "w": "的", "sp": "Agent"}, {"p": 41, "c": 0.9, "s": 12284, "e": 12491, "w": "买", "sp": "Customer"}, {"p": 42, "c": 0.9, "s": 12491, "e": 12699, "w": "一", "sp": "Customer"}, {"p": 43, "c": 0.9, "s": 12699, "e": 12906, "w": "台", "sp": "Customer"}, {"p": 44, "c": 0.9, "s": 12906, "e": 13321, "w": "这个", "sp": "Customer"}, {"p": 45, "c": 0.9, "s": 13321, "e": 13736, "w": "二手", "sp": "Customer"}, {"p": 46, "c": 0.9, "s": 13736, "e": 13943, "w": "的", "sp": "Customer"}, {"p": 47, "c": 0.9, "s": 13943, "e": 14358, "w": "空空", "sp": "Customer"}, {"p": 48, "c": 0.9, "s": 14358, "e": 14565, "w": "调", "sp": "Customer"}, {"p": 49, "c": 0.9, "s": 14565, "e": 14773, "w": "机", "sp": "Customer"}, {"p": 50, "c": 0.9, "s": 14773, "e": 15188, "w": "这个", "sp": "Customer"}, {"p": 51, "c": 0.9, "s": 15188, "e": 15601, "w": "这个", "sp": "Customer"}, {"p": 52, "c": 0.9, "s": 15602, "e": 16017, "w": "接线", "sp": "Customer"}, {"p": 53, "c": 0.9, "s": 16017, "e": 16225, "w": "室", "sp": "Customer"}, {"p": 54, "c": 0.9, "s": 16225, "e": 16432, "w": "外", "sp": "Customer"}, {"p": 55, "c": 0.9, "s": 16432, "e": 16640, "w": "机", "sp": "Customer"}, {"p": 56, "c": 0.9, "s": 16640, "e": 17053, "w": "接线", "sp": "Customer"}, {"p": 57, "c": 0.9, "s": 17054, "e": 17262, "w": "接", "sp": "Customer"}, {"p": 58, "c": 0.9, "s": 17262, "e": 17469, "w": "不", "sp": "Customer"}, {"p": 59, "c": 0.9, "s": 17469, "e": 17884, "w": "上来", "sp": "Customer"}, {"p": 60, "c": 0.9, "s": 17884, "e": 18091, "w": "了", "sp": "Customer"}, {"p": 61, "c": 0.9, "s": 18091, "e": 18299, "w": "他", "sp": "Customer"}, {"p": 62, "c": 0.9, "s": 18299, "e": 18506, "w": "把", "sp": "Customer"}, {"p": 63, "c": 0.9, "s": 18506, "e": 18714, "w": "他", "sp": "Customer"}, {"p": 64, "c": 0.9, "s": 18714, "e": 19128, "w": "这个", "sp": "Customer"}, {"p": 65, "c": 0.9, "s": 19128, "e": 19336, "w": "谁", "sp": "Customer"}, {"p": 66, "c": 0.9, "s": 19336, "e": 19543, "w": "扯", "sp": "Customer"}, {"p": 67, "c": 0.9, "s": 19543, "e": 19751, "w": "入", "sp": "Customer"}, {"p": 68, "c": 0.9, "s": 19751, "e": 19958, "w": "没", "sp": "Customer"}, {"p": 69, "c": 0.9, "s": 19958, "e": 20165, "w": "留", "sp": "Customer"}, {"p": 70, "c": 0.9, "s": 20165, "e": 20373, "w": "没", "sp": "Customer"}, {"p": 71, "c": 0.9, "s": 20373, "e": 20580, "w": "做", "sp": "Customer"}, {"p": 72, "c": 0.9, "s": 20580, "e": 20995, "w": "记号", "sp": "Customer"}, {"p": 73, "c": 0.9, "s": 20995, "e": 21202, "w": "不", "sp": "Customer"}, {"p": 74, "c": 0.9, "s": 21202, "e": 21617, "w": "知道", "sp": "Customer"}, {"p": 75, "c": 0.9, "s": 21617, "e": 22032, "w": "怎么", "sp": "Customer"}, {"p": 76, "c": 0.9, "s": 22032, "e": 22240, "w": "接", "sp": "Customer"}, {"p": 77, "c": 0.9, "s": 23040, "e": 23585, "w": "呃", "sp": "Agent"}, {"p": 78, "c": 0.9, "s": 23585, "e": 24130, "w": "没", "sp": "Agent"}, {"p": 79, "c": 0.9, "s": 24131, "e": 24677, "w": "做", "sp": "Agent"}, {"p": 80, "c": 0.9, "s": 24677, "e": 25768, "w": "接口", "sp": "Agent"}, {"p": 81, "c": 0.9, "s": 25768, "e": 26314, "w": "您", "sp": "Agent"}, {"p": 82, "c": 0.9, "s": 26314, "e": 26859, "w": "是", "sp": "Agent"}, {"p": 83, "c": 0.9, "s": 27320, "e": 27529, "w": "是", "sp": "Agent"}, {"p": 84, "c": 0.9, "s": 27530, "e": 27951, "w": "没错", "sp": "Agent"}, {"p": 85, "c": 0.9, "s": 27951, "e": 28371, "w": "就是", "sp": "Agent"}, {"p": 86, "c": 0.9, "s": 28371, "e": 28792, "w": "先生", "sp": "Agent"}, {"p": 87, "c": 0.9, "s": 28792, "e": 29001, "w": "是", "sp": "Agent"}, {"p": 88, "c": 0.9, "s": 29002, "e": 29423, "w": "这样", "sp": "Agent"}, {"p": 89, "c": 0.9, "s": 29423, "e": 29633, "w": "我", "sp": "Agent"}, {"p": 90, "c": 0.9, "s": 29633, "e": 29844, "w": "想", "sp": "Agent"}, {"p": 91, "c": 0.9, "s": 29844, "e": 30053, "w": "问", "sp": "Agent"}, {"p": 92, "c": 0.9, "s": 30054, "e": 30475, "w": "一下", "sp": "Agent"}, {"p": 93, "c": 0.9, "s": 30475, "e": 30685, "w": "您", "sp": "Agent"}, {"p": 94, "c": 0.9, "s": 30685, "e": 31105, "w": "购买", "sp": "Agent"}, {"p": 95, "c": 0.9, "s": 31106, "e": 31316, "w": "的", "sp": "Agent"}, {"p": 96, "c": 0.9, "s": 31316, "e": 31526, "w": "是", "sp": "Agent"}, {"p": 97, "c": 0.9, "s": 31526, "e": 31946, "w": "挂机", "sp": "Agent"}, {"p": 98, "c": 0.9, "s": 31947, "e": 32368, "w": "柜机", "sp": "Agent"}, {"p": 99, "c": 0.9, "s": 32368, "e": 32788, "w": "还是", "sp": "Agent"}, {"p": 100, "c": 0.9, "s": 32788, "e": 33209, "w": "多少", "sp": "Agent"}, {"p": 101, "c": 0.9, "s": 33209, "e": 33630, "w": "空调", "sp": "Agent"}, {"p": 102, "c": 0.9, "s": 33980, "e": 34450, "w": "呃", "sp": "Customer"}, {"p": 103, "c": 0.9, "s": 34450, "e": 35390, "w": "挂机", "sp": "Customer"}, {"p": 104, "c": 0.9, "s": 35270, "e": 35617, "w": "挂机", "sp": "Agent"}, {"p": 105, "c": 0.9, "s": 35617, "e": 35790, "w": "您", "sp": "Agent"}, {"p": 106, "c": 0.9, "s": 35790, "e": 35964, "w": "这", "sp": "Agent"}, {"p": 107, "c": 0.9, "s": 35964, "e": 36137, "w": "是", "sp": "Agent"}, {"p": 108, "c": 0.9, "s": 36137, "e": 36484, "w": "有些", "sp": "Agent"}, {"p": 109, "c": 0.9, "s": 36484, "e": 36831, "w": "安装", "sp": "Agent"}, {"p": 110, "c": 0.9, "s": 36831, "e": 37178, "w": "的话", "sp": "Agent"}, {"p": 111, "c": 0.9, "s": 37178, "e": 37352, "w": "费", "sp": "Agent"}, {"p": 112, "c": 0.9, "s": 37352, "e": 37699, "w": "问题", "sp": "Agent"}, {"p": 113, "c": 0.9, "s": 37699, "e": 38046, "w": "想要", "sp": "Agent"}, {"p": 114, "c": 0.9, "s": 38046, "e": 38393, "w": "咨询", "sp": "Agent"}, {"p": 115, "c": 0.9, "s": 38393, "e": 38566, "w": "是", "sp": "Agent"}, {"p": 116, "c": 0.9, "s": 38566, "e": 38740, "w": "吗", "sp": "Agent"}, {"p": 117, "c": 0.9, "s": 39820, "e": 40030, "w": "对", "sp": "Customer"}, {"p": 118, "c": 0.9, "s": 40030, "e": 40452, "w": "就是", "sp": "Customer"}, {"p": 119, "c": 0.9, "s": 40452, "e": 40873, "w": "现在", "sp": "Customer"}, {"p": 120, "c": 0.9, "s": 40873, "e": 41294, "w": "这个", "sp": "Customer"}, {"p": 121, "c": 0.9, "s": 41294, "e": 41504, "w": "我", "sp": "Customer"}, {"p": 122, "c": 0.9, "s": 41505, "e": 41716, "w": "装", "sp": "Customer"}, {"p": 123, "c": 0.9, "s": 41716, "e": 41926, "w": "了", "sp": "Customer"}, {"p": 124, "c": 0.9, "s": 41926, "e": 42348, "w": "这个", "sp": "Customer"}, {"p": 125, "c": 0.9, "s": 42348, "e": 42769, "w": "现在", "sp": "Customer"}, {"p": 126, "c": 0.9, "s": 42769, "e": 42980, "w": "是", "sp": "Customer"}, {"p": 127, "c": 0.9, "s": 42980, "e": 43401, "w": "外地", "sp": "Customer"}, {"p": 128, "c": 0.9, "s": 43401, "e": 43822, "w": "这个", "sp": "Customer"}, {"p": 129, "c": 0.9, "s": 43822, "e": 44032, "w": "它", "sp": "Customer"}, {"p": 130, "c": 0.9, "s": 44033, "e": 44454, "w": "上面", "sp": "Customer"}, {"p": 131, "c": 0.9, "s": 44454, "e": 44664, "w": "不", "sp": "Customer"}, {"p": 132, "c": 0.9, "s": 44665, "e": 45086, "w": "标注", "sp": "Customer"}, {"p": 133, "c": 0.9, "s": 45086, "e": 45508, "w": "一个", "sp": "Customer"}, {"p": 134, "c": 0.9, "s": 45508, "e": 45718, "w": "一", "sp": "Customer"}, {"p": 135, "c": 0.9, "s": 45718, "e": 46140, "w": "二三", "sp": "Customer"}, {"p": 136, "c": 0.9, "s": 46140, "e": 46350, "w": "嘛", "sp": "Customer"}, {"p": 137, "c": 0.9, "s": 46350, "e": 46560, "w": "它", "sp": "Customer"}, {"p": 138, "c": 0.9, "s": 46561, "e": 46982, "w": "这个", "sp": "Customer"}, {"p": 139, "c": 0.9, "s": 46982, "e": 47192, "w": "室", "sp": "Customer"}, {"p": 140, "c": 0.9, "s": 47193, "e": 47404, "w": "室", "sp": "Customer"}, {"p": 141, "c": 0.9, "s": 47404, "e": 47825, "w": "室内", "sp": "Customer"}, {"p": 142, "c": 0.9, "s": 47825, "e": 48036, "w": "机", "sp": "Customer"}, {"p": 143, "c": 0.9, "s": 48036, "e": 48457, "w": "出来", "sp": "Customer"}, {"p": 144, "c": 0.9, "s": 48457, "e": 48878, "w": "那个", "sp": "Customer"}, {"p": 145, "c": 0.9, "s": 48878, "e": 49088, "w": "那", "sp": "Customer"}, {"p": 146, "c": 0.9, "s": 49089, "e": 49300, "w": "表", "sp": "Customer"}, {"p": 147, "c": 0.9, "s": 49300, "e": 49721, "w": "那个", "sp": "Customer"}, {"p": 148, "c": 0.9, "s": 49721, "e": 50142, "w": "那个", "sp": "Customer"}, {"p": 149, "c": 0.9, "s": 50142, "e": 50564, "w": "地方", "sp": "Customer"}, {"p": 150, "c": 0.9, "s": 50564, "e": 50774, "w": "我", "sp": "Customer"}, {"p": 151, "c": 0.9, "s": 50774, "e": 50984, "w": "不", "sp": "Customer"}, {"p": 152, "c": 0.9, "s": 50985, "e": 51196, "w": "不", "sp": "Customer"}, {"p": 153, "c": 0.9, "s": 51196, "e": 51617, "w": "知道", "sp": "Customer"}, {"p": 154, "c": 0.9, "s": 51617, "e": 52038, "w": "怎么", "sp": "Customer"}, {"p": 155, "c": 0.9, "s": 52038, "e": 52248, "w": "接", "sp": "Customer"}, {"p": 156, "c": 0.9, "s": 52249, "e": 52460, "w": "了", "sp": "Customer"}, {"p": 157, "c": 0.9, "s": 53080, "e": 53674, "w": "还有", "sp": "Customer"}, {"p": 158, "c": 0.9, "s": 53674, "e": 54268, "w": "一个", "sp": "Customer"}, {"p": 159, "c": 0.9, "s": 54268, "e": 54862, "w": "蓝线", "sp": "Customer"}, {"p": 160, "c": 0.9, "s": 54780, "e": 55024, "w": "嗯", "sp": "Agent"}, {"p": 161, "c": 0.9, "s": 54862, "e": 55160, "w": "啊", "sp": "Customer"}, {"p": 162, "c": 0.9, "s": 55025, "e": 55271, "w": "是", "sp": "Agent"}, {"p": 163, "c": 0.9, "s": 55271, "e": 55763, "w": "这样", "sp": "Agent"}, {"p": 164, "c": 0.9, "s": 55763, "e": 56009, "w": "的", "sp": "Agent"}, {"p": 165, "c": 0.9, "s": 56009, "e": 56501, "w": "先生", "sp": "Agent"}, {"p": 166, "c": 0.9, "s": 56501, "e": 56992, "w": "就是", "sp": "Agent"}, {"p": 167, "c": 0.9, "s": 56992, "e": 57484, "w": "我们", "sp": "Agent"}, {"p": 168, "c": 0.9, "s": 57110, "e": 58110, "w": "啊", "sp": "Customer"}, {"p": 169, "c": 0.9, "s": 57484, "e": 57976, "w": "这边", "sp": "Agent"}, {"p": 170, "c": 0.9, "s": 57976, "e": 58468, "w": "的话", "sp": "Agent"}, {"p": 171, "c": 0.9, "s": 58468, "e": 58960, "w": "这个", "sp": "Agent"}, {"p": 172, "c": 0.9, "s": 59370, "e": 59763, "w": "设备", "sp": "Agent"}, {"p": 173, "c": 0.9, "s": 59763, "e": 59959, "w": "啊", "sp": "Agent"}, {"p": 174, "c": 0.9, "s": 59959, "e": 60352, "w": "就是", "sp": "Agent"}, {"p": 175, "c": 0.9, "s": 60352, "e": 60746, "w": "如果", "sp": "Agent"}, {"p": 176, "c": 0.9, "s": 60746, "e": 60941, "w": "您", "sp": "Agent"}, {"p": 177, "c": 0.9, "s": 60942, "e": 61335, "w": "这边", "sp": "Agent"}, {"p": 178, "c": 0.9, "s": 61335, "e": 61531, "w": "是", "sp": "Agent"}, {"p": 179, "c": 0.9, "s": 61532, "e": 61728, "w": "新", "sp": "Agent"}, {"p": 180, "c": 0.9, "s": 61728, "e": 61925, "w": "买", "sp": "Agent"}, {"p": 181, "c": 0.9, "s": 61925, "e": 62121, "w": "的", "sp": "Agent"}, {"p": 182, "c": 0.9, "s": 62122, "e": 62515, "w": "设备", "sp": "Agent"}, {"p": 183, "c": 0.9, "s": 62515, "e": 62908, "w": "的话", "sp": "Agent"}, {"p": 184, "c": 0.9, "s": 62908, "e": 63104, "w": "呢", "sp": "Agent"}, {"p": 185, "c": 0.9, "s": 63104, "e": 63301, "w": "都", "sp": "Agent"}, {"p": 186, "c": 0.9, "s": 63301, "e": 63497, "w": "是", "sp": "Agent"}, {"p": 187, "c": 0.9, "s": 63498, "e": 63694, "w": "由", "sp": "Agent"}, {"p": 188, "c": 0.9, "s": 63694, "e": 64086, "w": "我们", "sp": "Agent"}, {"p": 189, "c": 0.9, "s": 64086, "e": 64676, "w": "经销商", "sp": "Agent"}, {"p": 190, "c": 0.9, "s": 64677, "e": 65070, "w": "这边", "sp": "Agent"}, {"p": 191, "c": 0.9, "s": 65070, "e": 65267, "w": "来", "sp": "Agent"}, {"p": 192, "c": 0.9, "s": 65267, "e": 65659, "w": "负责", "sp": "Agent"}, {"p": 193, "c": 0.9, "s": 65660, "e": 66053, "w": "安装", "sp": "Agent"}, {"p": 194, "c": 0.9, "s": 66053, "e": 66250, "w": "的", "sp": "Agent"}, {"p": 195, "c": 0.9, "s": 66950, "e": 67146, "w": "这", "sp": "Customer"}, {"p": 196, "c": 0.9, "s": 67147, "e": 67345, "w": "是", "sp": "Customer"}, {"p": 197, "c": 0.9, "s": 67345, "e": 67543, "w": "个", "sp": "Customer"}, {"p": 198, "c": 0.9, "s": 67543, "e": 67937, "w": "二手", "sp": "Customer"}, {"p": 199, "c": 0.9, "s": 67938, "e": 68136, "w": "我", "sp": "Customer"}, {"p": 200, "c": 0.9, "s": 68136, "e": 68333, "w": "买", "sp": "Customer"}, {"p": 201, "c": 0.9, "s": 68333, "e": 68531, "w": "的", "sp": "Customer"}, {"p": 202, "c": 0.9, "s": 68531, "e": 68729, "w": "是", "sp": "Customer"}, {"p": 203, "c": 0.9, "s": 68729, "e": 68925, "w": "个", "sp": "Customer"}, {"p": 204, "c": 0.9, "s": 68926, "e": 69322, "w": "二手", "sp": "Customer"}, {"p": 205, "c": 0.9, "s": 69322, "e": 69520, "w": "的", "sp": "Customer"}, {"p": 206, "c": 0.9, "s": 70330, "e": 71516, "w": "二手", "sp": "Agent"}, {"p": 207, "c": 0.9, "s": 71516, "e": 72110, "w": "的", "sp": "Agent"}, {"p": 208, "c": 0.9, "s": 72540, "e": 72730, "w": "对", "sp": "Customer"}, {"p": 209, "c": 0.9, "s": 72730, "e": 72920, "w": "我", "sp": "Customer"}, {"p": 210, "c": 0.9, "s": 72920, "e": 73110, "w": "就", "sp": "Customer"}, {"p": 211, "c": 0.9, "s": 73110, "e": 73490, "w": "咨询", "sp": "Customer"}, {"p": 212, "c": 0.9, "s": 73490, "e": 73869, "w": "一下", "sp": "Customer"}, {"p": 213, "c": 0.9, "s": 73870, "e": 74250, "w": "这个", "sp": "Customer"}, {"p": 214, "c": 0.9, "s": 74250, "e": 74630, "w": "这个", "sp": "Customer"}, {"p": 215, "c": 0.9, "s": 74630, "e": 75009, "w": "这个", "sp": "Customer"}, {"p": 216, "c": 0.9, "s": 75010, "e": 75390, "w": "怎么", "sp": "Customer"}, {"p": 217, "c": 0.9, "s": 75390, "e": 75580, "w": "接", "sp": "Customer"}, {"p": 218, "c": 0.9, "s": 75580, "e": 75770, "w": "法", "sp": "Customer"}, {"p": 219, "c": 0.9, "s": 75720, "e": 75963, "w": "您", "sp": "Agent"}, {"p": 220, "c": 0.9, "s": 75770, "e": 76149, "w": "这个", "sp": "Customer"}, {"p": 221, "c": 0.9, "s": 75963, "e": 76207, "w": "是", "sp": "Agent"}, {"p": 222, "c": 0.9, "s": 76207, "e": 76451, "w": "在", "sp": "Agent"}, {"p": 223, "c": 0.9, "s": 76451, "e": 76937, "w": "哪里", "sp": "Agent"}, {"p": 224, "c": 0.9, "s": 76938, "e": 77182, "w": "买", "sp": "Agent"}, {"p": 225, "c": 0.9, "s": 77182, "e": 77426, "w": "的", "sp": "Agent"}, {"p": 226, "c": 0.9, "s": 77426, "e": 77670, "w": "呢", "sp": "Agent"}, {"p": 227, "c": 0.9, "s": 78450, "e": 78866, "w": "就是", "sp": "Customer"}, {"p": 228, "c": 0.9, "s": 78866, "e": 79075, "w": "在", "sp": "Customer"}, {"p": 229, "c": 0.9, "s": 79075, "e": 79491, "w": "人家", "sp": "Customer"}, {"p": 230, "c": 0.9, "s": 79491, "e": 79700, "w": "买", "sp": "Customer"}, {"p": 231, "c": 0.9, "s": 79700, "e": 79908, "w": "买", "sp": "Customer"}, {"p": 232, "c": 0.9, "s": 79908, "e": 80325, "w": "人家", "sp": "Customer"}, {"p": 233, "c": 0.9, "s": 80325, "e": 80741, "w": "打工", "sp": "Customer"}, {"p": 234, "c": 0.9, "s": 80741, "e": 80950, "w": "走", "sp": "Customer"}, {"p": 235, "c": 0.9, "s": 80950, "e": 81158, "w": "了", "sp": "Customer"}, {"p": 236, "c": 0.9, "s": 81158, "e": 81366, "w": "我", "sp": "Customer"}, {"p": 237, "c": 0.9, "s": 81366, "e": 81575, "w": "买", "sp": "Customer"}, {"p": 238, "c": 0.9, "s": 81575, "e": 81783, "w": "他", "sp": "Customer"}, {"p": 239, "c": 0.9, "s": 81783, "e": 81991, "w": "了", "sp": "Customer"}, {"p": 240, "c": 0.9, "s": 81991, "e": 82200, "w": "吗", "sp": "Customer"}, {"p": 241, "c": 0.9, "s": 82490, "e": 82658, "w": "呃", "sp": "Agent"}, {"p": 242, "c": 0.9, "s": 82658, "e": 82994, "w": "先生", "sp": "Agent"}, {"p": 243, "c": 0.9, "s": 82995, "e": 83164, "w": "是", "sp": "Agent"}, {"p": 244, "c": 0.9, "s": 83164, "e": 83501, "w": "这样", "sp": "Agent"}, {"p": 245, "c": 0.9, "s": 83501, "e": 83670, "w": "的", "sp": "Agent"}, {"p": 246, "c": 0.9, "s": 83670, "e": 84007, "w": "我们", "sp": "Agent"}, {"p": 247, "c": 0.9, "s": 84007, "e": 84344, "w": "一般", "sp": "Agent"}, {"p": 248, "c": 0.9, "s": 84344, "e": 84513, "w": "都", "sp": "Agent"}, {"p": 249, "c": 0.9, "s": 84513, "e": 84681, "w": "是", "sp": "Agent"}, {"p": 250, "c": 0.9, "s": 84681, "e": 85019, "w": "如果", "sp": "Agent"}, {"p": 251, "c": 0.9, "s": 85019, "e": 85187, "w": "您", "sp": "Agent"}, {"p": 252, "c": 0.9, "s": 85187, "e": 85355, "w": "是", "sp": "Agent"}, {"p": 253, "c": 0.9, "s": 85356, "e": 85693, "w": "正规", "sp": "Agent"}, {"p": 254, "c": 0.9, "s": 85693, "e": 86030, "w": "渠道", "sp": "Agent"}, {"p": 255, "c": 0.9, "s": 86030, "e": 86367, "w": "购买", "sp": "Agent"}, {"p": 256, "c": 0.9, "s": 86367, "e": 86704, "w": "的话", "sp": "Agent"}, {"p": 257, "c": 0.9, "s": 86705, "e": 87042, "w": "我们", "sp": "Agent"}, {"p": 258, "c": 0.9, "s": 87042, "e": 87210, "w": "都", "sp": "Agent"}, {"p": 259, "c": 0.9, "s": 87210, "e": 87379, "w": "是", "sp": "Agent"}, {"p": 260, "c": 0.9, "s": 87379, "e": 87548, "w": "会", "sp": "Agent"}, {"p": 261, "c": 0.9, "s": 87548, "e": 87715, "w": "有", "sp": "Agent"}, {"p": 262, "c": 0.9, "s": 87716, "e": 88053, "w": "一个", "sp": "Agent"}, {"p": 263, "c": 0.9, "s": 88053, "e": 88391, "w": "安装", "sp": "Agent"}, {"p": 264, "c": 0.9, "s": 88391, "e": 88728, "w": "预约", "sp": "Agent"}, {"p": 265, "c": 0.9, "s": 88728, "e": 89064, "w": "安装", "sp": "Agent"}, {"p": 266, "c": 0.9, "s": 89065, "e": 89402, "w": "电话", "sp": "Agent"}, {"p": 267, "c": 0.9, "s": 89402, "e": 89571, "w": "的", "sp": "Agent"}, {"p": 268, "c": 0.9, "s": 89571, "e": 89908, "w": "但是", "sp": "Agent"}, {"p": 269, "c": 0.9, "s": 89908, "e": 90244, "w": "如果", "sp": "Agent"}, {"p": 270, "c": 0.9, "s": 90245, "e": 90414, "w": "您", "sp": "Agent"}, {"p": 271, "c": 0.9, "s": 90414, "e": 90583, "w": "是", "sp": "Agent"}, {"p": 272, "c": 0.9, "s": 90583, "e": 90751, "w": "来", "sp": "Agent"}, {"p": 273, "c": 0.9, "s": 90751, "e": 91088, "w": "咨询", "sp": "Agent"}, {"p": 274, "c": 0.9, "s": 91088, "e": 91425, "w": "这个", "sp": "Agent"}, {"p": 275, "c": 0.9, "s": 91426, "e": 91763, "w": "如何", "sp": "Agent"}, {"p": 276, "c": 0.9, "s": 91763, "e": 92100, "w": "安装", "sp": "Agent"}, {"p": 277, "c": 0.9, "s": 92100, "e": 92437, "w": "问题", "sp": "Agent"}, {"p": 278, "c": 0.9, "s": 92437, "e": 92773, "w": "的话", "sp": "Agent"}, {"p": 279, "c": 0.9, "s": 92774, "e": 93112, "w": "我们", "sp": "Agent"}, {"p": 280, "c": 0.9, "s": 93112, "e": 93449, "w": "这边", "sp": "Agent"}, {"p": 281, "c": 0.9, "s": 93449, "e": 93617, "w": "是", "sp": "Agent"}, {"p": 282, "c": 0.9, "s": 93617, "e": 93954, "w": "无法", "sp": "Agent"}, {"p": 283, "c": 0.9, "s": 93955, "e": 94292, "w": "无法", "sp": "Agent"}, {"p": 284, "c": 0.9, "s": 94292, "e": 94629, "w": "告诉", "sp": "Agent"}, {"p": 285, "c": 0.9, "s": 94629, "e": 94798, "w": "您", "sp": "Agent"}, {"p": 286, "c": 0.9, "s": 94798, "e": 94965, "w": "的", "sp": "Agent"}, {"p": 287, "c": 0.9, "s": 94966, "e": 95303, "w": "因为", "sp": "Agent"}, {"p": 288, "c": 0.9, "s": 95303, "e": 95641, "w": "这个", "sp": "Agent"}, {"p": 289, "c": 0.9, "s": 95641, "e": 95978, "w": "东西", "sp": "Agent"}, {"p": 290, "c": 0.9, "s": 95978, "e": 96314, "w": "因为", "sp": "Agent"}, {"p": 291, "c": 0.9, "s": 96315, "e": 96652, "w": "我们", "sp": "Agent"}, {"p": 292, "c": 0.9, "s": 96652, "e": 96990, "w": "这边", "sp": "Agent"}, {"p": 293, "c": 0.9, "s": 97270, "e": 97603, "w": "购买", "sp": "Agent"}, {"p": 294, "c": 0.9, "s": 97603, "e": 97770, "w": "我", "sp": "Agent"}, {"p": 295, "c": 0.9, "s": 97770, "e": 98103, "w": "这个", "sp": "Agent"}, {"p": 296, "c": 0.9, "s": 98103, "e": 98270, "w": "都", "sp": "Agent"}, {"p": 297, "c": 0.9, "s": 98270, "e": 98436, "w": "是", "sp": "Agent"}, {"p": 298, "c": 0.9, "s": 98436, "e": 98603, "w": "会", "sp": "Agent"}, {"p": 299, "c": 0.9, "s": 98603, "e": 98770, "w": "有", "sp": "Agent"}, {"p": 300, "c": 0.9, "s": 98770, "e": 99103, "w": "我们", "sp": "Agent"}, {"p": 301, "c": 0.9, "s": 99103, "e": 99436, "w": "这边", "sp": "Agent"}, {"p": 302, "c": 0.9, "s": 99436, "e": 99770, "w": "安装", "sp": "Agent"}, {"p": 303, "c": 0.9, "s": 99770, "e": 100103, "w": "师傅", "sp": "Agent"}, {"p": 304, "c": 0.9, "s": 100103, "e": 100436, "w": "上门", "sp": "Agent"}, {"p": 305, "c": 0.9, "s": 100436, "e": 100603, "w": "帮", "sp": "Agent"}, {"p": 306, "c": 0.9, "s": 100603, "e": 100770, "w": "您", "sp": "Agent"}, {"p": 307, "c": 0.9, "s": 100770, "e": 101103, "w": "安装", "sp": "Agent"}, {"p": 308, "c": 0.9, "s": 101103, "e": 101270, "w": "的", "sp": "Agent"}, {"p": 309, "c": 0.9, "s": 102210, "e": 102574, "w": "可是", "sp": "Customer"}, {"p": 310, "c": 0.9, "s": 102574, "e": 102756, "w": "买", "sp": "Customer"}, {"p": 311, "c": 0.9, "s": 102756, "e": 102937, "w": "个", "sp": "Customer"}, {"p": 312, "c": 0.9, "s": 102938, "e": 103120, "w": "六", "sp": "Customer"}, {"p": 313, "c": 0.9, "s": 103120, "e": 103484, "w": "二手", "sp": "Customer"}, {"p": 314, "c": 0.9, "s": 103484, "e": 103666, "w": "的", "sp": "Customer"}, {"p": 315, "c": 0.9, "s": 103666, "e": 104030, "w": "不是", "sp": "Customer"}, {"p": 316, "c": 0.9, "s": 104030, "e": 104395, "w": "人家", "sp": "Customer"}, {"p": 317, "c": 0.9, "s": 104395, "e": 104758, "w": "打工", "sp": "Customer"}, {"p": 318, "c": 0.9, "s": 104759, "e": 104941, "w": "的", "sp": "Customer"}, {"p": 319, "c": 0.9, "s": 104941, "e": 105123, "w": "走", "sp": "Customer"}, {"p": 320, "c": 0.9, "s": 105123, "e": 105305, "w": "了", "sp": "Customer"}, {"p": 321, "c": 0.9, "s": 105305, "e": 105487, "w": "我", "sp": "Customer"}, {"p": 322, "c": 0.9, "s": 105487, "e": 105669, "w": "给", "sp": "Customer"}, {"p": 323, "c": 0.9, "s": 105669, "e": 105851, "w": "他", "sp": "Customer"}, {"p": 324, "c": 0.9, "s": 105851, "e": 106033, "w": "买", "sp": "Customer"}, {"p": 325, "c": 0.9, "s": 106033, "e": 106396, "w": "过来", "sp": "Customer"}, {"p": 326, "c": 0.9, "s": 106397, "e": 106580, "w": "了", "sp": "Customer"}, {"p": 327, "c": 0.9, "s": 106860, "e": 107053, "w": "完", "sp": "Customer"}, {"p": 328, "c": 0.9, "s": 107053, "e": 107246, "w": "了", "sp": "Customer"}, {"p": 329, "c": 0.9, "s": 107246, "e": 107439, "w": "给", "sp": "Customer"}, {"p": 330, "c": 0.9, "s": 107439, "e": 107633, "w": "我", "sp": "Customer"}, {"p": 331, "c": 0.9, "s": 107633, "e": 107826, "w": "找", "sp": "Customer"}, {"p": 332, "c": 0.9, "s": 107826, "e": 108212, "w": "别人", "sp": "Customer"}, {"p": 333, "c": 0.9, "s": 108212, "e": 108599, "w": "存入", "sp": "Customer"}, {"p": 334, "c": 0.9, "s": 108599, "e": 108986, "w": "他们", "sp": "Customer"}, {"p": 335, "c": 0.9, "s": 108986, "e": 109179, "w": "做", "sp": "Customer"}, {"p": 336, "c": 0.9, "s": 109179, "e": 109565, "w": "计划", "sp": "Customer"}, {"p": 337, "c": 0.9, "s": 109565, "e": 109759, "w": "就", "sp": "Customer"}, {"p": 338, "c": 0.9, "s": 109759, "e": 109952, "w": "光", "sp": "Customer"}, {"p": 339, "c": 0.9, "s": 109952, "e": 110145, "w": "我", "sp": "Customer"}, {"p": 340, "c": 0.9, "s": 110145, "e": 110338, "w": "看", "sp": "Customer"}, {"p": 341, "c": 0.9, "s": 110338, "e": 110725, "w": "外地", "sp": "Customer"}, {"p": 342, "c": 0.9, "s": 110725, "e": 111112, "w": "上面", "sp": "Customer"}, {"p": 343, "c": 0.9, "s": 111112, "e": 111305, "w": "标", "sp": "Customer"}, {"p": 344, "c": 0.9, "s": 111305, "e": 111498, "w": "个", "sp": "Customer"}, {"p": 345, "c": 0.9, "s": 111498, "e": 111691, "w": "幺", "sp": "Customer"}, {"p": 346, "c": 0.9, "s": 111691, "e": 112078, "w": "二三", "sp": "Customer"}, {"p": 347, "c": 0.9, "s": 112078, "e": 112464, "w": "这个", "sp": "Customer"}, {"p": 348, "c": 0.9, "s": 112464, "e": 112658, "w": "内", "sp": "Customer"}, {"p": 349, "c": 0.9, "s": 112658, "e": 112851, "w": "机", "sp": "Customer"}, {"p": 350, "c": 0.9, "s": 112851, "e": 113238, "w": "出来", "sp": "Customer"}, {"p": 351, "c": 0.9, "s": 113238, "e": 113624, "w": "这个", "sp": "Customer"}, {"p": 352, "c": 0.9, "s": 113624, "e": 114011, "w": "三个", "sp": "Customer"}, {"p": 353, "c": 0.9, "s": 114011, "e": 114204, "w": "键", "sp": "Customer"}, {"p": 354, "c": 0.9, "s": 114204, "e": 114590, "w": "这个", "sp": "Customer"}, {"p": 355, "c": 0.9, "s": 114590, "e": 114784, "w": "这", "sp": "Customer"}, {"p": 356, "c": 0.9, "s": 114784, "e": 114977, "w": "不", "sp": "Customer"}, {"p": 357, "c": 0.9, "s": 114977, "e": 115364, "w": "知道", "sp": "Customer"}, {"p": 358, "c": 0.9, "s": 115364, "e": 115750, "w": "怎么", "sp": "Customer"}, {"p": 359, "c": 0.9, "s": 115750, "e": 115943, "w": "接", "sp": "Customer"}, {"p": 360, "c": 0.9, "s": 115943, "e": 116137, "w": "就", "sp": "Customer"}, {"p": 361, "c": 0.9, "s": 116137, "e": 116523, "w": "回来", "sp": "Customer"}, {"p": 362, "c": 0.9, "s": 116523, "e": 116716, "w": "想", "sp": "Customer"}, {"p": 363, "c": 0.9, "s": 116716, "e": 117103, "w": "咨询", "sp": "Customer"}, {"p": 364, "c": 0.9, "s": 117103, "e": 117490, "w": "一下", "sp": "Customer"}, {"p": 365, "c": 0.9, "s": 118390, "e": 118557, "w": "三", "sp": "Agent"}, {"p": 366, "c": 0.9, "s": 118557, "e": 118725, "w": "根", "sp": "Agent"}, {"p": 367, "c": 0.9, "s": 118725, "e": 118892, "w": "线", "sp": "Agent"}, {"p": 368, "c": 0.9, "s": 118892, "e": 119228, "w": "怎么", "sp": "Agent"}, {"p": 369, "c": 0.9, "s": 119228, "e": 119395, "w": "接", "sp": "Agent"}, {"p": 370, "c": 0.9, "s": 119395, "e": 119562, "w": "是", "sp": "Agent"}, {"p": 371, "c": 0.9, "s": 119563, "e": 119731, "w": "吧", "sp": "Agent"}, {"p": 372, "c": 0.9, "s": 119731, "e": 119898, "w": "要", "sp": "Agent"}, {"p": 373, "c": 0.9, "s": 119898, "e": 120066, "w": "不", "sp": "Agent"}, {"p": 374, "c": 0.9, "s": 120066, "e": 120401, "w": "这样", "sp": "Agent"}, {"p": 375, "c": 0.9, "s": 120401, "e": 120569, "w": "我", "sp": "Agent"}, {"p": 376, "c": 0.9, "s": 120569, "e": 120737, "w": "帮", "sp": "Agent"}, {"p": 377, "c": 0.9, "s": 120737, "e": 120904, "w": "你", "sp": "Agent"}, {"p": 378, "c": 0.9, "s": 120904, "e": 121072, "w": "转", "sp": "Agent"}, {"p": 379, "c": 0.9, "s": 121072, "e": 121407, "w": "一下", "sp": "Agent"}, {"p": 380, "c": 0.9, "s": 121407, "e": 121742, "w": "我们", "sp": "Agent"}, {"p": 381, "c": 0.9, "s": 121742, "e": 122077, "w": "技术", "sp": "Agent"}, {"p": 382, "c": 0.9, "s": 122078, "e": 122413, "w": "部门", "sp": "Agent"}, {"p": 383, "c": 0.9, "s": 122413, "e": 122581, "w": "你", "sp": "Agent"}, {"p": 384, "c": 0.9, "s": 122581, "e": 122916, "w": "可以", "sp": "Agent"}, {"p": 385, "c": 0.9, "s": 122916, "e": 123084, "w": "给", "sp": "Agent"}, {"p": 386, "c": 0.9, "s": 123084, "e": 123251, "w": "他", "sp": "Agent"}, {"p": 387, "c": 0.9, "s": 123251, "e": 123419, "w": "打", "sp": "Agent"}, {"p": 388, "c": 0.9, "s": 123419, "e": 123587, "w": "个", "sp": "Agent"}, {"p": 389, "c": 0.9, "s": 123587, "e": 123922, "w": "电话", "sp": "Agent"}, {"p": 390, "c": 0.9, "s": 123922, "e": 124090, "w": "吗", "sp": "Agent"}, {"p": 391, "c": 0.9, "s": 124390, "e": 124773, "w": "可以", "sp": "Customer"}, {"p": 392, "c": 0.9, "s": 124773, "e": 125157, "w": "可以", "sp": "Customer"}, {"p": 393, "c": 0.9, "s": 125157, "e": 125540, "w": "可以", "sp": "Customer"}, {"p": 394, "c": 0.9, "s": 125460, "e": 125664, "w": "那", "sp": "Agent"}, {"p": 395, "c": 0.9, "s": 125540, "e": 125732, "w": "那", "sp": "Customer"}, {"p": 396, "c": 0.9, "s": 125664, "e": 125868, "w": "您", "sp": "Agent"}, {"p": 397, "c": 0.9, "s": 125732, "e": 126116, "w": "谢谢", "sp": "Customer"}, {"p": 398, "c": 0.9, "s": 125868, "e": 126275, "w": "听到", "sp": "Agent"}, {"p": 399, "c": 0.9, "s": 126116, "e": 126308, "w": "了", "sp": "Customer"}, {"p": 400, "c": 0.9, "s": 126276, "e": 126685, "w": "音乐", "sp": "Agent"}, {"p": 401, "c": 0.9, "s": 126308, "e": 126500, "w": "啊", "sp": "Customer"}, {"p": 402, "c": 0.9, "s": 126685, "e": 126889, "w": "请", "sp": "Agent"}, {"p": 403, "c": 0.9, "s": 126889, "e": 127297, "w": "不要", "sp": "Agent"}, {"p": 404, "c": 0.9, "s": 127297, "e": 127704, "w": "挂机", "sp": "Agent"}, {"p": 405, "c": 0.9, "s": 127705, "e": 127910, "w": "再", "sp": "Agent"}, {"p": 406, "c": 0.9, "s": 132890, "e": 133590, "w": "你好", "sp": "Agent"}, {"p": 407, "c": 0.9, "s": 133590, "e": 134290, "w": "请问", "sp": "Agent"}, {"p": 408, "c": 0.9, "s": 135680, "e": 136879, "w": "喂", "sp": "Customer"}, {"p": 409, "c": 0.9, "s": 136320, "e": 136590, "w": "您", "sp": "Agent"}, {"p": 410, "c": 0.9, "s": 136590, "e": 136860, "w": "稍", "sp": "Agent"}, {"p": 411, "c": 0.9, "s": 136860, "e": 137130, "w": "等", "sp": "Agent"}, {"p": 412, "c": 0.9, "s": 137130, "e": 137670, "w": "一下", "sp": "Agent"}, {"p": 413, "c": 0.9, "s": 138690, "e": 138917, "w": "哎", "sp": "Customer"}, {"p": 414, "c": 0.9, "s": 138917, "e": 139145, "w": "我", "sp": "Customer"}, {"p": 415, "c": 0.9, "s": 139145, "e": 139372, "w": "我", "sp": "Customer"}, {"p": 416, "c": 0.9, "s": 139372, "e": 139599, "w": "我", "sp": "Customer"}, {"p": 417, "c": 0.9, "s": 139600, "e": 140055, "w": "咨询", "sp": "Customer"}, {"p": 418, "c": 0.9, "s": 140055, "e": 140510, "w": "一下", "sp": "Customer"}, {"p": 419, "c": 0.9, "s": 140510, "e": 140965, "w": "这个", "sp": "Customer"}, {"p": 420, "c": 0.9, "s": 140965, "e": 141420, "w": "外地", "sp": "Customer"}, {"p": 421, "c": 0.9, "s": 141421, "e": 141876, "w": "这个", "sp": "Customer"}, {"p": 422, "c": 0.9, "s": 141876, "e": 142558, "w": "一二三", "sp": "Customer"}, {"p": 423, "c": 0.9, "s": 142558, "e": 143014, "w": "这个", "sp": "Customer"}, {"p": 424, "c": 0.9, "s": 143014, "e": 143469, "w": "这个", "sp": "Customer"}, {"p": 425, "c": 0.9, "s": 143469, "e": 143924, "w": "这个", "sp": "Customer"}, {"p": 426, "c": 0.9, "s": 143924, "e": 144152, "w": "线", "sp": "Customer"}, {"p": 427, "c": 0.9, "s": 144152, "e": 144379, "w": "是", "sp": "Customer"}, {"p": 428, "c": 0.9, "s": 144379, "e": 144834, "w": "怎么", "sp": "Customer"}, {"p": 429, "c": 0.9, "s": 144690, "e": 144869, "w": "您", "sp": "Agent"}, {"p": 430, "c": 0.9, "s": 144834, "e": 145062, "w": "接", "sp": "Customer"}, {"p": 431, "c": 0.9, "s": 144869, "e": 145049, "w": "稍", "sp": "Agent"}, {"p": 432, "c": 0.9, "s": 145049, "e": 145228, "w": "等", "sp": "Agent"}, {"p": 433, "c": 0.9, "s": 145062, "e": 145290, "w": "的", "sp": "Customer"}, {"p": 434, "c": 0.9, "s": 145228, "e": 145586, "w": "一下", "sp": "Agent"}, {"p": 435, "c": 0.9, "s": 145587, "e": 145767, "w": "我", "sp": "Agent"}, {"p": 436, "c": 0.9, "s": 145767, "e": 145946, "w": "看", "sp": "Agent"}, {"p": 437, "c": 0.9, "s": 145946, "e": 146125, "w": "我", "sp": "Agent"}, {"p": 438, "c": 0.9, "s": 146126, "e": 146485, "w": "现在", "sp": "Agent"}, {"p": 439, "c": 0.9, "s": 146485, "e": 146844, "w": "正在", "sp": "Agent"}, {"p": 440, "c": 0.9, "s": 146844, "e": 147023, "w": "帮", "sp": "Agent"}, {"p": 441, "c": 0.9, "s": 147023, "e": 147202, "w": "您", "sp": "Agent"}, {"p": 442, "c": 0.9, "s": 147203, "e": 147382, "w": "帮", "sp": "Agent"}, {"p": 443, "c": 0.9, "s": 147382, "e": 147562, "w": "您", "sp": "Agent"}, {"p": 444, "c": 0.9, "s": 147562, "e": 147741, "w": "转", "sp": "Agent"}, {"p": 445, "c": 0.9, "s": 147741, "e": 147920, "w": "请", "sp": "Agent"}, {"p": 446, "c": 0.9, "s": 147921, "e": 148100, "w": "稍", "sp": "Agent"}, {"p": 447, "c": 0.9, "s": 148100, "e": 148280, "w": "等", "sp": "Agent"}, {"p": 448, "c": 0.9, "s": 148700, "e": 149325, "w": "好好", "sp": "Customer"}, {"p": 449, "c": 0.9, "s": 149325, "e": 149950, "w": "好好", "sp": "Customer"}, {"p": 450, "c": 0.9, "s": 152420, "e": 153330, "w": "嗯", "sp": "Agent"}, {"p": 451, "c": 0.9, "s": 156360, "e": 157530, "w": "二", "sp": "Customer"}, {"p": 452, "c": 0.9, "s": 158110, "e": 159096, "w": "九号", "sp": "Customer"}, {"p": 453, "c": 0.9, "s": 159096, "e": 161069, "w": "为您服务", "sp": "Customer"}, {"p": 454, "c": 0.9, "s": 161350, "e": 161578, "w": "啊", "sp": "Customer"}, {"p": 455, "c": 0.9, "s": 161578, "e": 162035, "w": "你好", "sp": "Customer"}, {"p": 456, "c": 0.9, "s": 162035, "e": 162491, "w": "报警", "sp": "Customer"}, {"p": 457, "c": 0.9, "s": 162491, "e": 162720, "w": "人", "sp": "Customer"}, {"p": 458, "c": 0.9, "s": 162760, "e": 162924, "w": "哎", "sp": "Agent"}, {"p": 459, "c": 0.9, "s": 162925, "e": 163255, "w": "你好", "sp": "Agent"}, {"p": 460, "c": 0.9, "s": 163255, "e": 163420, "w": "我", "sp": "Agent"}, {"p": 461, "c": 0.9, "s": 163420, "e": 163750, "w": "这边", "sp": "Agent"}, {"p": 462, "c": 0.9, "s": 163750, "e": 163915, "w": "是", "sp": "Agent"}, {"p": 463, "c": 0.9, "s": 163915, "e": 164245, "w": "有钱", "sp": "Agent"}, {"p": 464, "c": 0.9, "s": 164245, "e": 164409, "w": "啊", "sp": "Agent"}, {"p": 465, "c": 0.9, "s": 164410, "e": 164576, "w": "是", "sp": "Agent"}, {"p": 466, "c": 0.9, "s": 164576, "e": 164906, "w": "这样", "sp": "Agent"}, {"p": 467, "c": 0.9, "s": 164906, "e": 165236, "w": "这边", "sp": "Agent"}, {"p": 468, "c": 0.9, "s": 165236, "e": 165400, "w": "有", "sp": "Agent"}, {"p": 469, "c": 0.9, "s": 165401, "e": 165566, "w": "有", "sp": "Agent"}, {"p": 470, "c": 0.9, "s": 165566, "e": 165730, "w": "个", "sp": "Agent"}, {"p": 471, "c": 0.9, "s": 165731, "e": 166061, "w": "用户", "sp": "Agent"}, {"p": 472, "c": 0.9, "s": 166061, "e": 166226, "w": "他", "sp": "Agent"}, {"p": 473, "c": 0.9, "s": 166226, "e": 166392, "w": "说", "sp": "Agent"}, {"p": 474, "c": 0.9, "s": 166392, "e": 166556, "w": "他", "sp": "Agent"}, {"p": 475, "c": 0.9, "s": 166557, "e": 166887, "w": "购买", "sp": "Agent"}, {"p": 476, "c": 0.9, "s": 166887, "e": 167217, "w": "一个", "sp": "Agent"}, {"p": 477, "c": 0.9, "s": 167217, "e": 167547, "w": "二手", "sp": "Agent"}, {"p": 478, "c": 0.9, "s": 167547, "e": 167711, "w": "的", "sp": "Agent"}, {"p": 479, "c": 0.9, "s": 167712, "e": 168043, "w": "挂机", "sp": "Agent"}, {"p": 480, "c": 0.9, "s": 168043, "e": 168373, "w": "现在", "sp": "Agent"}, {"p": 481, "c": 0.9, "s": 168373, "e": 168538, "w": "想", "sp": "Agent"}, {"p": 482, "c": 0.9, "s": 168538, "e": 168702, "w": "问", "sp": "Agent"}, {"p": 483, "c": 0.9, "s": 168703, "e": 169033, "w": "一下", "sp": "Agent"}, {"p": 484, "c": 0.9, "s": 169033, "e": 169363, "w": "这个", "sp": "Agent"}, {"p": 485, "c": 0.9, "s": 169363, "e": 169528, "w": "线", "sp": "Agent"}, {"p": 486, "c": 0.9, "s": 169528, "e": 169693, "w": "是", "sp": "Agent"}, {"p": 487, "c": 0.9, "s": 169693, "e": 170023, "w": "怎么", "sp": "Agent"}, {"p": 488, "c": 0.9, "s": 170024, "e": 170189, "w": "贴", "sp": "Agent"}, {"p": 489, "c": 0.9, "s": 170189, "e": 170353, "w": "的", "sp": "Agent"}, {"p": 490, "c": 0.9, "s": 170354, "e": 170519, "w": "你", "sp": "Agent"}, {"p": 491, "c": 0.9, "s": 170519, "e": 170683, "w": "看", "sp": "Agent"}, {"p": 492, "c": 0.9, "s": 170684, "e": 171014, "w": "方便", "sp": "Agent"}, {"p": 493, "c": 0.9, "s": 171014, "e": 171344, "w": "转接", "sp": "Agent"}, {"p": 494, "c": 0.9, "s": 171344, "e": 171510, "w": "吗", "sp": "Agent"}, {"p": 495, "c": 0.9, "s": 172120, "e": 172474, "w": "你", "sp": "Customer"}, {"p": 496, "c": 0.9, "s": 172475, "e": 172830, "w": "转", "sp": "Customer"}, {"p": 497, "c": 0.9, "s": 172830, "e": 173540, "w": "过来", "sp": "Customer"}]}, "plainText": "你好 快递 帮 您 送到 请问 有 什么 可以 帮 您\n喂 你 那 售后 是 多少 电话 啊\n售后 呃 您 是 有 遇到 什么 问题 呢 我 这边 可以\n我 就\n帮\n这\n您\n一个\n转接\n我\n的\n买 一 台 这个 二手 的 空空 调 机 这个 这个 接线 室 外 机 接线 接 不 上来 了 他 把 他 这个 谁 扯 入 没 留 没 做 记号 不 知道 怎么 接\n呃 没 做 接口 您 是 是 没错 就是 先生 是 这样 我 想 问 一下 您 购买 的 是 挂机 柜机 还是 多少 空调\n呃 挂机\n挂机 您 这 是 有些 安装 的话 费 问题 想要 咨询 是 吗\n对 就是 现在 这个 我 装 了 这个 现在 是 外地 这个 它 上面 不 标注 一个 一 二三 嘛 它 这个 室 室 室内 机 出来 那个 那 表 那个 那个 地方 我 不 不 知道 怎么 接 了 还有 一个 蓝线\n嗯\n啊\n是 这样 的 先生 就是 我们\n啊\n这边 的话 这个 设备 啊 就是 如果 您 这边 是 新 买 的 设备 的话 呢 都 是 由 我们 经销商 这边 来 负责 安装 的\n这 是 个 二手 我 买 的 是 个 二手 的\n二手 的\n对 我 就 咨询 一下 这个 这个 这个 怎么 接 法\n您\n这个\n是 在 哪里 买 的 呢\n就是 在 人家 买 买 人家 打工 走 了 我 买 他 了 吗\n呃 先生 是 这样 的 我们 一般 都 是 如果 您 是 正规 渠道 购买 的话 我们 都 是 会 有 一个 安装 预约 安装 电话 的 但是 如果 您 是 来 咨询 这个 如何 安装 问题 的话 我们 这边 是 无法 无法 告诉 您 的 因为 这个 东西 因为 我们 这边 购买 我 这个 都 是 会 有 我们 这边 安装 师傅 上门 帮 您 安装 的\n可是 买 个 六 二手 的 不是 人家 打工 的 走 了 我 给 他 买 过来 了 完 了 给 我 找 别人 存入 他们 做 计划 就 光 我 看 外地 上面 标 个 幺 二三 这个 内 机 出来 这个 三个 键 这个 这 不 知道 怎么 接 就 回来 想 咨询 一下\n三 根 线 怎么 接 是 吧 要 不 这样 我 帮 你 转 一下 我们 技术 部门 你 可以 给 他 打 个 电话 吗\n可以 可以 可以\n那\n那\n您\n谢谢\n听到\n了\n音乐\n啊\n请 不要 挂机 再 你好 请问\n喂\n您 稍 等 一下\n哎 我 我 我 咨询 一下 这个 外地 这个 一二三 这个 这个 这个 线 是 怎么\n您\n接\n稍 等\n的\n一下 我 看 我 现在 正在 帮 您 帮 您 转 请 稍 等\n好好 好好\n嗯\n二 九号 为您服务 啊 你好 报警 人\n哎 你好 我 这边 是 有钱 啊 是 这样 这边 有 有 个 用户 他 说 他 购买 一个 二手 的 挂机 现在 想 问 一下 这个 线 是 怎么 贴 的 你 看 方便 转接 吗\n你 转 过来", "plainTextTime": {"verbatims": [{"s": 1470, "e": 4430, "w": "你好 快递 帮 您 送到 请问 有 什么 可以 帮 您", "sp": "Agent"}, {"s": 4890, "e": 7500, "w": "喂 你 那 售后 是 多少 电话 啊", "sp": "Customer"}, {"s": 7710, "e": 11317, "w": "售后 呃 您 是 有 遇到 什么 问题 呢 我 这边 可以", "sp": "Agent"}, {"s": 11040, "e": 11454, "w": "我 就", "sp": "Customer"}, {"s": 11317, "e": 11518, "w": "帮", "sp": "Agent"}, {"s": 11454, "e": 11662, "w": "这", "sp": "Customer"}, {"s": 11518, "e": 11717, "w": "您", "sp": "Agent"}, {"s": 11662, "e": 12077, "w": "一个", "sp": "Customer"}, {"s": 11718, "e": 12119, "w": "转接", "sp": "Agent"}, {"s": 12077, "e": 12283, "w": "我", "sp": "Customer"}, {"s": 12119, "e": 12320, "w": "的", "sp": "Agent"}, {"s": 12284, "e": 22240, "w": "买 一 台 这个 二手 的 空空 调 机 这个 这个 接线 室 外 机 接线 接 不 上来 了 他 把 他 这个 谁 扯 入 没 留 没 做 记号 不 知道 怎么 接", "sp": "Customer"}, {"s": 23040, "e": 33630, "w": "呃 没 做 接口 您 是 是 没错 就是 先生 是 这样 我 想 问 一下 您 购买 的 是 挂机 柜机 还是 多少 空调", "sp": "Agent"}, {"s": 33980, "e": 35390, "w": "呃 挂机", "sp": "Customer"}, {"s": 35270, "e": 38740, "w": "挂机 您 这 是 有些 安装 的话 费 问题 想要 咨询 是 吗", "sp": "Agent"}, {"s": 39820, "e": 54862, "w": "对 就是 现在 这个 我 装 了 这个 现在 是 外地 这个 它 上面 不 标注 一个 一 二三 嘛 它 这个 室 室 室内 机 出来 那个 那 表 那个 那个 地方 我 不 不 知道 怎么 接 了 还有 一个 蓝线", "sp": "Customer"}, {"s": 54780, "e": 55024, "w": "嗯", "sp": "Agent"}, {"s": 54862, "e": 55160, "w": "啊", "sp": "Customer"}, {"s": 55025, "e": 57484, "w": "是 这样 的 先生 就是 我们", "sp": "Agent"}, {"s": 57110, "e": 58110, "w": "啊", "sp": "Customer"}, {"s": 57484, "e": 66250, "w": "这边 的话 这个 设备 啊 就是 如果 您 这边 是 新 买 的 设备 的话 呢 都 是 由 我们 经销商 这边 来 负责 安装 的", "sp": "Agent"}, {"s": 66950, "e": 69520, "w": "这 是 个 二手 我 买 的 是 个 二手 的", "sp": "Customer"}, {"s": 70330, "e": 72110, "w": "二手 的", "sp": "Agent"}, {"s": 72540, "e": 75770, "w": "对 我 就 咨询 一下 这个 这个 这个 怎么 接 法", "sp": "Customer"}, {"s": 75720, "e": 75963, "w": "您", "sp": "Agent"}, {"s": 75770, "e": 76149, "w": "这个", "sp": "Customer"}, {"s": 75963, "e": 77670, "w": "是 在 哪里 买 的 呢", "sp": "Agent"}, {"s": 78450, "e": 82200, "w": "就是 在 人家 买 买 人家 打工 走 了 我 买 他 了 吗", "sp": "Customer"}, {"s": 82490, "e": 101270, "w": "呃 先生 是 这样 的 我们 一般 都 是 如果 您 是 正规 渠道 购买 的话 我们 都 是 会 有 一个 安装 预约 安装 电话 的 但是 如果 您 是 来 咨询 这个 如何 安装 问题 的话 我们 这边 是 无法 无法 告诉 您 的 因为 这个 东西 因为 我们 这边 购买 我 这个 都 是 会 有 我们 这边 安装 师傅 上门 帮 您 安装 的", "sp": "Agent"}, {"s": 102210, "e": 117490, "w": "可是 买 个 六 二手 的 不是 人家 打工 的 走 了 我 给 他 买 过来 了 完 了 给 我 找 别人 存入 他们 做 计划 就 光 我 看 外地 上面 标 个 幺 二三 这个 内 机 出来 这个 三个 键 这个 这 不 知道 怎么 接 就 回来 想 咨询 一下", "sp": "Customer"}, {"s": 118390, "e": 124090, "w": "三 根 线 怎么 接 是 吧 要 不 这样 我 帮 你 转 一下 我们 技术 部门 你 可以 给 他 打 个 电话 吗", "sp": "Agent"}, {"s": 124390, "e": 125540, "w": "可以 可以 可以", "sp": "Customer"}, {"s": 125460, "e": 125664, "w": "那", "sp": "Agent"}, {"s": 125540, "e": 125732, "w": "那", "sp": "Customer"}, {"s": 125664, "e": 125868, "w": "您", "sp": "Agent"}, {"s": 125732, "e": 126116, "w": "谢谢", "sp": "Customer"}, {"s": 125868, "e": 126275, "w": "听到", "sp": "Agent"}, {"s": 126116, "e": 126308, "w": "了", "sp": "Customer"}, {"s": 126276, "e": 126685, "w": "音乐", "sp": "Agent"}, {"s": 126308, "e": 126500, "w": "啊", "sp": "Customer"}, {"s": 126685, "e": 134290, "w": "请 不要 挂机 再 你好 请问", "sp": "Agent"}, {"s": 135680, "e": 136879, "w": "喂", "sp": "Customer"}, {"s": 136320, "e": 137670, "w": "您 稍 等 一下", "sp": "Agent"}, {"s": 138690, "e": 144834, "w": "哎 我 我 我 咨询 一下 这个 外地 这个 一二三 这个 这个 这个 线 是 怎么", "sp": "Customer"}, {"s": 144690, "e": 144869, "w": "您", "sp": "Agent"}, {"s": 144834, "e": 145062, "w": "接", "sp": "Customer"}, {"s": 144869, "e": 145228, "w": "稍 等", "sp": "Agent"}, {"s": 145062, "e": 145290, "w": "的", "sp": "Customer"}, {"s": 145228, "e": 148280, "w": "一下 我 看 我 现在 正在 帮 您 帮 您 转 请 稍 等", "sp": "Agent"}, {"s": 148700, "e": 149950, "w": "好好 好好", "sp": "Customer"}, {"s": 152420, "e": 153330, "w": "嗯", "sp": "Agent"}, {"s": 156360, "e": 162720, "w": "二 九号 为您服务 啊 你好 报警 人", "sp": "Customer"}, {"s": 162760, "e": 171510, "w": "哎 你好 我 这边 是 有钱 啊 是 这样 这边 有 有 个 用户 他 说 他 购买 一个 二手 的 挂机 现在 想 问 一下 这个 线 是 怎么 贴 的 你 看 方便 转接 吗", "sp": "Agent"}, {"s": 172120, "e": 173540, "w": "你 转 过来", "sp": "Customer"}]}, "aqm": {"greeting": {"greeting_said": "请问, 售后", "n_greeting_said": 2, "score": 0}, "closing": {"closing_said": "", "n_closing_said": 0, "score": 0}, "speed": {"speed_max": 6.06, "n_words": 53, "words": "哎 你好 我 这边 是 有钱 啊 是 这样 这边 有 有 个 用户 他 说 他 购买 一个 二手 的 挂机 现在 想 问 一下 这个 线 是 怎么 贴 的 你 看 方便 转接 吗", "start": 162760, "end": 171510}}}