{"mediaId": "2022031314292379808747439178303001", "status": "Success", "dateCreated": "2022-03-21T18:45:50Z", "contentType": "audio/x-wav", "channels": "future use", "length": 271, "metadata": {"Sid": 10038, "Site_id": 783, "Audio_ch_num": 87474391, "Audio_module_num": 783002, "Audio_start_time_gmt": "2022-03-13T06:29:23.797+08:00", "Transaction_id": "2022031314292379808747439178303001", "ContactID": "9144800736370000301", "Personal_id": "0", "Direction": 2, "Local_audio_start_time": "2022-03-13T14:29:23.797+08:00", "Local_audio_end_time": "2022-03-13T14:33:54.797+08:00", "Total_hold_time": "0", "Pbx_login_id": "800053", "Ani": "600062", "Extension": "600062", "String_extension": "600062", "Switch_call_id": "006f0330e46d4fb8", "Switch_id": "783000001", "Duration_seconds": 271, "Wrapup_time_in_seconds": "0", "Dnis": "13338560058", "Number_of_conferences": "0", "Number_of_holds": "0", "Number_of_transfers": "0", "Percent_of_agent_call": "150", "Percent_of_other_call": "32", "Percent_of_mutual_silence": "43", "Num_of_agent_cross": "15", "Num_of_other_cross": "26", "IsException": 0, "CD2": "013GVT56OG919AP72LUHVB5AES000CE2"}, "transcript_detailed": {"words": [{"p": 1, "c": 0.9, "s": 210, "e": 612, "w": "您好", "sp": "Agent"}, {"p": 2, "c": 0.9, "s": 612, "e": 1015, "w": "这边", "sp": "Agent"}, {"p": 3, "c": 0.9, "s": 1015, "e": 1217, "w": "是", "sp": "Agent"}, {"p": 4, "c": 0.9, "s": 1217, "e": 1620, "w": "大金", "sp": "Agent"}, {"p": 5, "c": 0.9, "s": 1620, "e": 2022, "w": "空调", "sp": "Agent"}, {"p": 6, "c": 0.9, "s": 2022, "e": 2425, "w": "客服", "sp": "Agent"}, {"p": 7, "c": 0.9, "s": 2425, "e": 2828, "w": "中心", "sp": "Agent"}, {"p": 8, "c": 0.9, "s": 2828, "e": 3030, "w": "呃", "sp": "Agent"}, {"p": 9, "c": 0.9, "s": 3030, "e": 3432, "w": "请问", "sp": "Agent"}, {"p": 10, "c": 0.9, "s": 3432, "e": 3633, "w": "是", "sp": "Agent"}, {"p": 11, "c": 0.9, "s": 3634, "e": 3835, "w": "曾", "sp": "Agent"}, {"p": 12, "c": 0.9, "s": 3835, "e": 4238, "w": "女士", "sp": "Agent"}, {"p": 13, "c": 0.9, "s": 4238, "e": 4440, "w": "吗", "sp": "Agent"}, {"p": 14, "c": 0.9, "s": 4270, "e": 5390, "w": "嗯", "sp": "Customer"}, {"p": 15, "c": 0.9, "s": 4790, "e": 4957, "w": "嗯", "sp": "Agent"}, {"p": 16, "c": 0.9, "s": 4957, "e": 5292, "w": "您好", "sp": "Agent"}, {"p": 17, "c": 0.9, "s": 5292, "e": 5460, "w": "是", "sp": "Agent"}, {"p": 18, "c": 0.9, "s": 5460, "e": 5795, "w": "这样", "sp": "Agent"}, {"p": 19, "c": 0.9, "s": 5795, "e": 5963, "w": "的", "sp": "Agent"}, {"p": 20, "c": 0.9, "s": 5963, "e": 6298, "w": "看到", "sp": "Agent"}, {"p": 21, "c": 0.9, "s": 6298, "e": 6466, "w": "您", "sp": "Agent"}, {"p": 22, "c": 0.9, "s": 6466, "e": 6633, "w": "在", "sp": "Agent"}, {"p": 23, "c": 0.9, "s": 6633, "e": 6969, "w": "我们", "sp": "Agent"}, {"p": 24, "c": 0.9, "s": 6969, "e": 7304, "w": "头条", "sp": "Agent"}, {"p": 25, "c": 0.9, "s": 7304, "e": 7472, "w": "抖", "sp": "Agent"}, {"p": 26, "c": 0.9, "s": 7472, "e": 7639, "w": "音", "sp": "Agent"}, {"p": 27, "c": 0.9, "s": 7639, "e": 7807, "w": "上", "sp": "Agent"}, {"p": 28, "c": 0.9, "s": 7807, "e": 8142, "w": "留下", "sp": "Agent"}, {"p": 29, "c": 0.9, "s": 8142, "e": 8477, "w": "信息", "sp": "Agent"}, {"p": 30, "c": 0.9, "s": 8477, "e": 8645, "w": "想", "sp": "Agent"}, {"p": 31, "c": 0.9, "s": 8645, "e": 8813, "w": "问", "sp": "Agent"}, {"p": 32, "c": 0.9, "s": 8813, "e": 9148, "w": "一下", "sp": "Agent"}, {"p": 33, "c": 0.9, "s": 9148, "e": 9651, "w": "是不是", "sp": "Agent"}, {"p": 34, "c": 0.9, "s": 9651, "e": 9818, "w": "要", "sp": "Agent"}, {"p": 35, "c": 0.9, "s": 9818, "e": 10154, "w": "咨询", "sp": "Agent"}, {"p": 36, "c": 0.9, "s": 10154, "e": 10489, "w": "了解", "sp": "Agent"}, {"p": 37, "c": 0.9, "s": 10489, "e": 10657, "w": "装", "sp": "Agent"}, {"p": 38, "c": 0.9, "s": 10657, "e": 10992, "w": "空调", "sp": "Agent"}, {"p": 39, "c": 0.9, "s": 10992, "e": 11160, "w": "啊", "sp": "Agent"}, {"p": 40, "c": 0.9, "s": 12290, "e": 12682, "w": "哎", "sp": "Customer"}, {"p": 41, "c": 0.9, "s": 12682, "e": 13468, "w": "那个", "sp": "Customer"}, {"p": 42, "c": 0.9, "s": 12840, "e": 13980, "w": "嗯", "sp": "Agent"}, {"p": 43, "c": 0.9, "s": 13468, "e": 14253, "w": "空调", "sp": "Customer"}, {"p": 44, "c": 0.9, "s": 14253, "e": 15039, "w": "我们", "sp": "Customer"}, {"p": 45, "c": 0.9, "s": 15039, "e": 15431, "w": "我", "sp": "Customer"}, {"p": 46, "c": 0.9, "s": 15431, "e": 15823, "w": "是", "sp": "Customer"}, {"p": 47, "c": 0.9, "s": 15824, "e": 16610, "w": "农村", "sp": "Customer"}, {"p": 48, "c": 0.9, "s": 16379, "e": 16580, "w": "嗯", "sp": "Agent"}, {"p": 49, "c": 0.9, "s": 16580, "e": 16780, "w": "对", "sp": "Agent"}, {"p": 50, "c": 0.9, "s": 16780, "e": 16981, "w": "您", "sp": "Agent"}, {"p": 51, "c": 0.9, "s": 16981, "e": 17382, "w": "这边", "sp": "Agent"}, {"p": 52, "c": 0.9, "s": 17382, "e": 17582, "w": "是", "sp": "Agent"}, {"p": 53, "c": 0.9, "s": 17582, "e": 17983, "w": "大概", "sp": "Agent"}, {"p": 54, "c": 0.9, "s": 17983, "e": 18184, "w": "是", "sp": "Agent"}, {"p": 55, "c": 0.9, "s": 18184, "e": 18384, "w": "多", "sp": "Agent"}, {"p": 56, "c": 0.9, "s": 18384, "e": 18986, "w": "大面积", "sp": "Agent"}, {"p": 57, "c": 0.9, "s": 18986, "e": 19387, "w": "需要", "sp": "Agent"}, {"p": 58, "c": 0.9, "s": 19387, "e": 19787, "w": "安装", "sp": "Agent"}, {"p": 59, "c": 0.9, "s": 19788, "e": 19988, "w": "的", "sp": "Agent"}, {"p": 60, "c": 0.9, "s": 19988, "e": 20389, "w": "了解", "sp": "Agent"}, {"p": 61, "c": 0.9, "s": 20389, "e": 20590, "w": "呢", "sp": "Agent"}, {"p": 62, "c": 0.9, "s": 22250, "e": 22663, "w": "嗯", "sp": "Customer"}, {"p": 63, "c": 0.9, "s": 22663, "e": 23490, "w": "这个", "sp": "Customer"}, {"p": 64, "c": 0.9, "s": 23490, "e": 24316, "w": "房间", "sp": "Customer"}, {"p": 65, "c": 0.9, "s": 24316, "e": 24730, "w": "有", "sp": "Customer"}, {"p": 66, "c": 0.9, "s": 24500, "e": 25580, "w": "嗯", "sp": "Agent"}, {"p": 67, "c": 0.9, "s": 24730, "e": 25556, "w": "七个", "sp": "Customer"}, {"p": 68, "c": 0.9, "s": 25556, "e": 26383, "w": "房产", "sp": "Customer"}, {"p": 69, "c": 0.9, "s": 25860, "e": 26055, "w": "呃", "sp": "Agent"}, {"p": 70, "c": 0.9, "s": 26055, "e": 26445, "w": "七个", "sp": "Agent"}, {"p": 71, "c": 0.9, "s": 26383, "e": 26796, "w": "没", "sp": "Customer"}, {"p": 72, "c": 0.9, "s": 26445, "e": 26836, "w": "房间", "sp": "Agent"}, {"p": 73, "c": 0.9, "s": 26796, "e": 27210, "w": "办", "sp": "Customer"}, {"p": 74, "c": 0.9, "s": 26836, "e": 27031, "w": "呃", "sp": "Agent"}, {"p": 75, "c": 0.9, "s": 27031, "e": 27421, "w": "大概", "sp": "Agent"}, {"p": 76, "c": 0.9, "s": 27421, "e": 27616, "w": "是", "sp": "Agent"}, {"p": 77, "c": 0.9, "s": 27617, "e": 27812, "w": "是", "sp": "Agent"}, {"p": 78, "c": 0.9, "s": 27812, "e": 28007, "w": "个", "sp": "Agent"}, {"p": 79, "c": 0.9, "s": 28007, "e": 28398, "w": "两三", "sp": "Agent"}, {"p": 80, "c": 0.9, "s": 28398, "e": 28593, "w": "层", "sp": "Agent"}, {"p": 81, "c": 0.9, "s": 28593, "e": 28788, "w": "的", "sp": "Agent"}, {"p": 82, "c": 0.9, "s": 28788, "e": 29179, "w": "不是", "sp": "Agent"}, {"p": 83, "c": 0.9, "s": 29179, "e": 29569, "w": "别墅", "sp": "Agent"}, {"p": 84, "c": 0.9, "s": 29510, "e": 30180, "w": "啊", "sp": "Customer"}, {"p": 85, "c": 0.9, "s": 29569, "e": 29764, "w": "是", "sp": "Agent"}, {"p": 86, "c": 0.9, "s": 29764, "e": 29960, "w": "吧", "sp": "Agent"}, {"p": 87, "c": 0.9, "s": 30180, "e": 30850, "w": "对", "sp": "Customer"}, {"p": 88, "c": 0.9, "s": 30280, "e": 30500, "w": "啊", "sp": "Agent"}, {"p": 89, "c": 0.9, "s": 30500, "e": 30942, "w": "大概", "sp": "Agent"}, {"p": 90, "c": 0.9, "s": 30942, "e": 31383, "w": "总共", "sp": "Agent"}, {"p": 91, "c": 0.9, "s": 31384, "e": 31826, "w": "面积", "sp": "Agent"}, {"p": 92, "c": 0.9, "s": 31826, "e": 32047, "w": "是", "sp": "Agent"}, {"p": 93, "c": 0.9, "s": 32047, "e": 32489, "w": "多少", "sp": "Agent"}, {"p": 94, "c": 0.9, "s": 32488, "e": 32710, "w": "呢", "sp": "Agent"}, {"p": 95, "c": 0.9, "s": 33410, "e": 34106, "w": "一个", "sp": "Customer"}, {"p": 96, "c": 0.9, "s": 34106, "e": 34454, "w": "小", "sp": "Customer"}, {"p": 97, "c": 0.9, "s": 34454, "e": 35149, "w": "礼品", "sp": "Customer"}, {"p": 98, "c": 0.9, "s": 34790, "e": 35153, "w": "一百", "sp": "Agent"}, {"p": 99, "c": 0.9, "s": 35153, "e": 35335, "w": "哦", "sp": "Agent"}, {"p": 100, "c": 0.9, "s": 35335, "e": 35698, "w": "二百", "sp": "Agent"}, {"p": 101, "c": 0.9, "s": 35699, "e": 36063, "w": "三十", "sp": "Agent"}, {"p": 102, "c": 0.9, "s": 36063, "e": 36245, "w": "平", "sp": "Agent"}, {"p": 103, "c": 0.9, "s": 36245, "e": 36426, "w": "吗", "sp": "Agent"}, {"p": 104, "c": 0.9, "s": 36426, "e": 36789, "w": "还是", "sp": "Agent"}, {"p": 105, "c": 0.9, "s": 36790, "e": 37518, "w": "一百三十", "sp": "Agent"}, {"p": 106, "c": 0.9, "s": 37518, "e": 37700, "w": "平", "sp": "Agent"}, {"p": 107, "c": 0.9, "s": 37700, "e": 38440, "w": "一百", "sp": "Customer"}, {"p": 108, "c": 0.9, "s": 38440, "e": 39550, "w": "商业城", "sp": "Customer"}, {"p": 109, "c": 0.9, "s": 38840, "e": 39034, "w": "哦", "sp": "Agent"}, {"p": 110, "c": 0.9, "s": 39034, "e": 39812, "w": "一百三十", "sp": "Agent"}, {"p": 111, "c": 0.9, "s": 39812, "e": 40006, "w": "平", "sp": "Agent"}, {"p": 112, "c": 0.9, "s": 40006, "e": 40201, "w": "好", "sp": "Agent"}, {"p": 113, "c": 0.9, "s": 40201, "e": 40395, "w": "的", "sp": "Agent"}, {"p": 114, "c": 0.9, "s": 40395, "e": 40590, "w": "您", "sp": "Agent"}, {"p": 115, "c": 0.9, "s": 40590, "e": 40978, "w": "这边", "sp": "Agent"}, {"p": 116, "c": 0.9, "s": 40978, "e": 41367, "w": "的话", "sp": "Agent"}, {"p": 117, "c": 0.9, "s": 41367, "e": 41562, "w": "是", "sp": "Agent"}, {"p": 118, "c": 0.9, "s": 41562, "e": 41756, "w": "有", "sp": "Agent"}, {"p": 119, "c": 0.9, "s": 41756, "e": 41951, "w": "呃", "sp": "Agent"}, {"p": 120, "c": 0.9, "s": 41951, "e": 42145, "w": "有", "sp": "Agent"}, {"p": 121, "c": 0.9, "s": 42145, "e": 42534, "w": "七个", "sp": "Agent"}, {"p": 122, "c": 0.9, "s": 42534, "e": 42923, "w": "房间", "sp": "Agent"}, {"p": 123, "c": 0.9, "s": 42923, "e": 43312, "w": "需要", "sp": "Agent"}, {"p": 124, "c": 0.9, "s": 43312, "e": 43701, "w": "安装", "sp": "Agent"}, {"p": 125, "c": 0.9, "s": 43701, "e": 43895, "w": "是", "sp": "Agent"}, {"p": 126, "c": 0.9, "s": 43895, "e": 44090, "w": "吧", "sp": "Agent"}, {"p": 127, "c": 0.9, "s": 44940, "e": 45579, "w": "现在", "sp": "Customer"}, {"p": 128, "c": 0.9, "s": 45580, "e": 45900, "w": "我", "sp": "Customer"}, {"p": 129, "c": 0.9, "s": 45900, "e": 46220, "w": "想", "sp": "Customer"}, {"p": 130, "c": 0.9, "s": 46220, "e": 46860, "w": "不要", "sp": "Customer"}, {"p": 131, "c": 0.9, "s": 46860, "e": 47500, "w": "那么", "sp": "Customer"}, {"p": 132, "c": 0.9, "s": 47500, "e": 47820, "w": "多", "sp": "Customer"}, {"p": 133, "c": 0.9, "s": 47770, "e": 47973, "w": "哦", "sp": "Agent"}, {"p": 134, "c": 0.9, "s": 47973, "e": 48177, "w": "好", "sp": "Agent"}, {"p": 135, "c": 0.9, "s": 48177, "e": 48380, "w": "的", "sp": "Agent"}, {"p": 136, "c": 0.9, "s": 48381, "e": 48788, "w": "明白", "sp": "Agent"}, {"p": 137, "c": 0.9, "s": 48788, "e": 48991, "w": "了", "sp": "Agent"}, {"p": 138, "c": 0.9, "s": 48992, "e": 49196, "w": "您", "sp": "Agent"}, {"p": 139, "c": 0.9, "s": 49196, "e": 49603, "w": "这边", "sp": "Agent"}, {"p": 140, "c": 0.9, "s": 49590, "e": 50620, "w": "不", "sp": "Customer"}, {"p": 141, "c": 0.9, "s": 49603, "e": 50011, "w": "的话", "sp": "Agent"}, {"p": 142, "c": 0.9, "s": 50011, "e": 50418, "w": "房屋", "sp": "Agent"}, {"p": 143, "c": 0.9, "s": 50418, "e": 50826, "w": "房屋", "sp": "Agent"}, {"p": 144, "c": 0.9, "s": 50826, "e": 51030, "w": "是", "sp": "Agent"}, {"p": 145, "c": 0.9, "s": 51030, "e": 51232, "w": "在", "sp": "Agent"}, {"p": 146, "c": 0.9, "s": 51233, "e": 51641, "w": "赣州", "sp": "Agent"}, {"p": 147, "c": 0.9, "s": 51641, "e": 51844, "w": "市", "sp": "Agent"}, {"p": 148, "c": 0.9, "s": 51845, "e": 52252, "w": "哪个", "sp": "Agent"}, {"p": 149, "c": 0.9, "s": 52252, "e": 52455, "w": "区", "sp": "Agent"}, {"p": 150, "c": 0.9, "s": 52456, "e": 52660, "w": "呀", "sp": "Agent"}, {"p": 151, "c": 0.9, "s": 53260, "e": 54195, "w": "赣州", "sp": "Customer"}, {"p": 152, "c": 0.9, "s": 54195, "e": 54662, "w": "市", "sp": "Customer"}, {"p": 153, "c": 0.9, "s": 54662, "e": 55597, "w": "宁都", "sp": "Customer"}, {"p": 154, "c": 0.9, "s": 55597, "e": 56532, "w": "宁都", "sp": "Customer"}, {"p": 155, "c": 0.9, "s": 55710, "e": 55933, "w": "啊", "sp": "Agent"}, {"p": 156, "c": 0.9, "s": 55933, "e": 56381, "w": "宁都", "sp": "Agent"}, {"p": 157, "c": 0.9, "s": 56381, "e": 56605, "w": "是", "sp": "Agent"}, {"p": 158, "c": 0.9, "s": 56532, "e": 57000, "w": "市", "sp": "Customer"}, {"p": 159, "c": 0.9, "s": 56605, "e": 56829, "w": "吧", "sp": "Agent"}, {"p": 160, "c": 0.9, "s": 56829, "e": 57052, "w": "啊", "sp": "Agent"}, {"p": 161, "c": 0.9, "s": 57052, "e": 57500, "w": "宁都", "sp": "Agent"}, {"p": 162, "c": 0.9, "s": 57500, "e": 57724, "w": "县", "sp": "Agent"}, {"p": 163, "c": 0.9, "s": 57724, "e": 57948, "w": "对", "sp": "Agent"}, {"p": 164, "c": 0.9, "s": 57948, "e": 58172, "w": "吧", "sp": "Agent"}, {"p": 165, "c": 0.9, "s": 58172, "e": 58395, "w": "好", "sp": "Agent"}, {"p": 166, "c": 0.9, "s": 58395, "e": 58619, "w": "的", "sp": "Agent"}, {"p": 167, "c": 0.9, "s": 58619, "e": 59067, "w": "明白", "sp": "Agent"}, {"p": 168, "c": 0.9, "s": 58950, "e": 60070, "w": "不对", "sp": "Customer"}, {"p": 169, "c": 0.9, "s": 59067, "e": 59291, "w": "了", "sp": "Agent"}, {"p": 170, "c": 0.9, "s": 59291, "e": 59515, "w": "行", "sp": "Agent"}, {"p": 171, "c": 0.9, "s": 59515, "e": 59738, "w": "您", "sp": "Agent"}, {"p": 172, "c": 0.9, "s": 59738, "e": 60186, "w": "这边", "sp": "Agent"}, {"p": 173, "c": 0.9, "s": 60186, "e": 60410, "w": "是", "sp": "Agent"}, {"p": 174, "c": 0.9, "s": 60410, "e": 60634, "w": "个", "sp": "Agent"}, {"p": 175, "c": 0.9, "s": 60634, "e": 61080, "w": "商用", "sp": "Agent"}, {"p": 176, "c": 0.9, "s": 61081, "e": 61305, "w": "吗", "sp": "Agent"}, {"p": 177, "c": 0.9, "s": 61305, "e": 61753, "w": "还是", "sp": "Agent"}, {"p": 178, "c": 0.9, "s": 61753, "e": 61976, "w": "您", "sp": "Agent"}, {"p": 179, "c": 0.9, "s": 61977, "e": 62424, "w": "自己", "sp": "Agent"}, {"p": 180, "c": 0.9, "s": 62424, "e": 62648, "w": "的", "sp": "Agent"}, {"p": 181, "c": 0.9, "s": 62648, "e": 63096, "w": "住宅", "sp": "Agent"}, {"p": 182, "c": 0.9, "s": 62700, "e": 63030, "w": "你", "sp": "Customer"}, {"p": 183, "c": 0.9, "s": 63030, "e": 63690, "w": "自己", "sp": "Customer"}, {"p": 184, "c": 0.9, "s": 63096, "e": 63320, "w": "呢", "sp": "Agent"}, {"p": 185, "c": 0.9, "s": 63690, "e": 64019, "w": "的", "sp": "Customer"}, {"p": 186, "c": 0.9, "s": 64019, "e": 64680, "w": "老家", "sp": "Customer"}, {"p": 187, "c": 0.9, "s": 64680, "e": 65010, "w": "的", "sp": "Customer"}, {"p": 188, "c": 0.9, "s": 65010, "e": 65670, "w": "房子", "sp": "Customer"}, {"p": 189, "c": 0.9, "s": 65059, "e": 65349, "w": "哦", "sp": "Agent"}, {"p": 190, "c": 0.9, "s": 65349, "e": 65928, "w": "老家", "sp": "Agent"}, {"p": 191, "c": 0.9, "s": 65928, "e": 66217, "w": "的", "sp": "Agent"}, {"p": 192, "c": 0.9, "s": 66217, "e": 66796, "w": "房子", "sp": "Agent"}, {"p": 193, "c": 0.9, "s": 66796, "e": 67663, "w": "自建房", "sp": "Agent"}, {"p": 194, "c": 0.9, "s": 67250, "e": 67592, "w": "嗯", "sp": "Customer"}, {"p": 195, "c": 0.9, "s": 67592, "e": 67934, "w": "我", "sp": "Customer"}, {"p": 196, "c": 0.9, "s": 67664, "e": 67954, "w": "是", "sp": "Agent"}, {"p": 197, "c": 0.9, "s": 67934, "e": 68618, "w": "看到", "sp": "Customer"}, {"p": 198, "c": 0.9, "s": 67954, "e": 68243, "w": "吧", "sp": "Agent"}, {"p": 199, "c": 0.9, "s": 68243, "e": 68532, "w": "好", "sp": "Agent"}, {"p": 200, "c": 0.9, "s": 68532, "e": 68822, "w": "的", "sp": "Agent"}, {"p": 201, "c": 0.9, "s": 68618, "e": 69301, "w": "你们", "sp": "Customer"}, {"p": 202, "c": 0.9, "s": 68822, "e": 69401, "w": "明白", "sp": "Agent"}, {"p": 203, "c": 0.9, "s": 69302, "e": 69644, "w": "说", "sp": "Customer"}, {"p": 204, "c": 0.9, "s": 69401, "e": 69690, "w": "了", "sp": "Agent"}, {"p": 205, "c": 0.9, "s": 69644, "e": 69986, "w": "是", "sp": "Customer"}, {"p": 206, "c": 0.9, "s": 69690, "e": 69980, "w": "嗯", "sp": "Agent"}, {"p": 207, "c": 0.9, "s": 69986, "e": 70670, "w": "人人", "sp": "Customer"}, {"p": 208, "c": 0.9, "s": 70670, "e": 71012, "w": "说", "sp": "Customer"}, {"p": 209, "c": 0.9, "s": 71012, "e": 71355, "w": "是", "sp": "Customer"}, {"p": 210, "c": 0.9, "s": 71310, "e": 72470, "w": "嗯", "sp": "Agent"}, {"p": 211, "c": 0.9, "s": 71355, "e": 72381, "w": "毛坯房", "sp": "Customer"}, {"p": 212, "c": 0.9, "s": 72381, "e": 72723, "w": "要", "sp": "Customer"}, {"p": 213, "c": 0.9, "s": 72723, "e": 73065, "w": "先", "sp": "Customer"}, {"p": 214, "c": 0.9, "s": 73065, "e": 73407, "w": "装", "sp": "Customer"}, {"p": 215, "c": 0.9, "s": 73407, "e": 74090, "w": "我们", "sp": "Customer"}, {"p": 216, "c": 0.9, "s": 73740, "e": 73953, "w": "嗯", "sp": "Agent"}, {"p": 217, "c": 0.9, "s": 73954, "e": 74596, "w": "毛坯房", "sp": "Agent"}, {"p": 218, "c": 0.9, "s": 74091, "e": 74433, "w": "是", "sp": "Customer"}, {"p": 219, "c": 0.9, "s": 74433, "e": 75460, "w": "毛坯房", "sp": "Customer"}, {"p": 220, "c": 0.9, "s": 74596, "e": 74810, "w": "还", "sp": "Agent"}, {"p": 221, "c": 0.9, "s": 74810, "e": 75023, "w": "没", "sp": "Agent"}, {"p": 222, "c": 0.9, "s": 75024, "e": 75452, "w": "装修", "sp": "Agent"}, {"p": 223, "c": 0.9, "s": 75452, "e": 75666, "w": "呢", "sp": "Agent"}, {"p": 224, "c": 0.9, "s": 75666, "e": 76094, "w": "大概", "sp": "Agent"}, {"p": 225, "c": 0.9, "s": 76094, "e": 76308, "w": "是", "sp": "Agent"}, {"p": 226, "c": 0.9, "s": 76308, "e": 76521, "w": "在", "sp": "Agent"}, {"p": 227, "c": 0.9, "s": 76522, "e": 76736, "w": "四", "sp": "Agent"}, {"p": 228, "c": 0.9, "s": 76736, "e": 77378, "w": "五月份", "sp": "Agent"}, {"p": 229, "c": 0.9, "s": 77378, "e": 77806, "w": "左右", "sp": "Agent"}, {"p": 230, "c": 0.9, "s": 77806, "e": 78234, "w": "动工", "sp": "Agent"}, {"p": 231, "c": 0.9, "s": 78234, "e": 78662, "w": "装修", "sp": "Agent"}, {"p": 232, "c": 0.9, "s": 78662, "e": 78876, "w": "对", "sp": "Agent"}, {"p": 233, "c": 0.9, "s": 78740, "e": 79950, "w": "对", "sp": "Customer"}, {"p": 234, "c": 0.9, "s": 78876, "e": 79090, "w": "吧", "sp": "Agent"}, {"p": 235, "c": 0.9, "s": 79450, "e": 79602, "w": "嗯", "sp": "Agent"}, {"p": 236, "c": 0.9, "s": 79602, "e": 79754, "w": "好", "sp": "Agent"}, {"p": 237, "c": 0.9, "s": 79754, "e": 79907, "w": "的", "sp": "Agent"}, {"p": 238, "c": 0.9, "s": 79907, "e": 80211, "w": "然后", "sp": "Agent"}, {"p": 239, "c": 0.9, "s": 80211, "e": 80364, "w": "您", "sp": "Agent"}, {"p": 240, "c": 0.9, "s": 80364, "e": 80669, "w": "这边", "sp": "Agent"}, {"p": 241, "c": 0.9, "s": 80669, "e": 80821, "w": "想", "sp": "Agent"}, {"p": 242, "c": 0.9, "s": 80821, "e": 81126, "w": "了解", "sp": "Agent"}, {"p": 243, "c": 0.9, "s": 81126, "e": 81431, "w": "一下", "sp": "Agent"}, {"p": 244, "c": 0.9, "s": 81431, "e": 81735, "w": "中央", "sp": "Agent"}, {"p": 245, "c": 0.9, "s": 81735, "e": 82040, "w": "空调", "sp": "Agent"}, {"p": 246, "c": 0.9, "s": 82040, "e": 82193, "w": "想", "sp": "Agent"}, {"p": 247, "c": 0.9, "s": 82193, "e": 82497, "w": "安装", "sp": "Agent"}, {"p": 248, "c": 0.9, "s": 82497, "e": 82802, "w": "一下", "sp": "Agent"}, {"p": 249, "c": 0.9, "s": 82802, "e": 83107, "w": "价格", "sp": "Agent"}, {"p": 250, "c": 0.9, "s": 83107, "e": 83412, "w": "方案", "sp": "Agent"}, {"p": 251, "c": 0.9, "s": 83412, "e": 83564, "w": "呃", "sp": "Agent"}, {"p": 252, "c": 0.9, "s": 83564, "e": 83869, "w": "我们", "sp": "Agent"}, {"p": 253, "c": 0.9, "s": 83869, "e": 84174, "w": "这边", "sp": "Agent"}, {"p": 254, "c": 0.9, "s": 84174, "e": 84478, "w": "的话", "sp": "Agent"}, {"p": 255, "c": 0.9, "s": 84478, "e": 84631, "w": "给", "sp": "Agent"}, {"p": 256, "c": 0.9, "s": 84631, "e": 84783, "w": "您", "sp": "Agent"}, {"p": 257, "c": 0.9, "s": 84783, "e": 85088, "w": "简单", "sp": "Agent"}, {"p": 258, "c": 0.9, "s": 85088, "e": 85393, "w": "介绍", "sp": "Agent"}, {"p": 259, "c": 0.9, "s": 85393, "e": 85698, "w": "一下", "sp": "Agent"}, {"p": 260, "c": 0.9, "s": 85698, "e": 85850, "w": "您", "sp": "Agent"}, {"p": 261, "c": 0.9, "s": 85850, "e": 86002, "w": "看", "sp": "Agent"}, {"p": 262, "c": 0.9, "s": 86002, "e": 86307, "w": "方便", "sp": "Agent"}, {"p": 263, "c": 0.9, "s": 86307, "e": 86460, "w": "吗", "sp": "Agent"}, {"p": 264, "c": 0.9, "s": 87780, "e": 88313, "w": "好好", "sp": "Customer"}, {"p": 265, "c": 0.9, "s": 88314, "e": 88581, "w": "你", "sp": "Customer"}, {"p": 266, "c": 0.9, "s": 88581, "e": 88848, "w": "发", "sp": "Customer"}, {"p": 267, "c": 0.9, "s": 88740, "e": 88929, "w": "嗯", "sp": "Agent"}, {"p": 268, "c": 0.9, "s": 88848, "e": 89382, "w": "一下", "sp": "Customer"}, {"p": 269, "c": 0.9, "s": 88929, "e": 89119, "w": "好", "sp": "Agent"}, {"p": 270, "c": 0.9, "s": 89119, "e": 89308, "w": "的", "sp": "Agent"}, {"p": 271, "c": 0.9, "s": 89308, "e": 89498, "w": "是", "sp": "Agent"}, {"p": 272, "c": 0.9, "s": 89382, "e": 89650, "w": "嘛", "sp": "Customer"}, {"p": 273, "c": 0.9, "s": 89498, "e": 89877, "w": "这样", "sp": "Agent"}, {"p": 274, "c": 0.9, "s": 89877, "e": 90067, "w": "的", "sp": "Agent"}, {"p": 275, "c": 0.9, "s": 90067, "e": 90446, "w": "我们", "sp": "Agent"}, {"p": 276, "c": 0.9, "s": 90446, "e": 90825, "w": "产品", "sp": "Agent"}, {"p": 277, "c": 0.9, "s": 90825, "e": 91014, "w": "啊", "sp": "Agent"}, {"p": 278, "c": 0.9, "s": 91014, "e": 91394, "w": "更新", "sp": "Agent"}, {"p": 279, "c": 0.9, "s": 91394, "e": 91583, "w": "到", "sp": "Agent"}, {"p": 280, "c": 0.9, "s": 91583, "e": 91773, "w": "了", "sp": "Agent"}, {"p": 281, "c": 0.9, "s": 91773, "e": 92152, "w": "第七", "sp": "Agent"}, {"p": 282, "c": 0.9, "s": 92152, "e": 92341, "w": "代", "sp": "Agent"}, {"p": 283, "c": 0.9, "s": 92341, "e": 92531, "w": "装", "sp": "Agent"}, {"p": 284, "c": 0.9, "s": 92531, "e": 92909, "w": "空调", "sp": "Agent"}, {"p": 285, "c": 0.9, "s": 92910, "e": 93289, "w": "其中", "sp": "Agent"}, {"p": 286, "c": 0.9, "s": 93289, "e": 93479, "w": "啊", "sp": "Agent"}, {"p": 287, "c": 0.9, "s": 93479, "e": 93857, "w": "主推", "sp": "Agent"}, {"p": 288, "c": 0.9, "s": 93858, "e": 94048, "w": "的", "sp": "Agent"}, {"p": 289, "c": 0.9, "s": 94048, "e": 94237, "w": "是", "sp": "Agent"}, {"p": 290, "c": 0.9, "s": 94237, "e": 94427, "w": "温", "sp": "Agent"}, {"p": 291, "c": 0.9, "s": 94427, "e": 94616, "w": "湿", "sp": "Agent"}, {"p": 292, "c": 0.9, "s": 94616, "e": 94994, "w": "平衡", "sp": "Agent"}, {"p": 293, "c": 0.9, "s": 94995, "e": 95185, "w": "式", "sp": "Agent"}, {"p": 294, "c": 0.9, "s": 95185, "e": 95563, "w": "累积", "sp": "Agent"}, {"p": 295, "c": 0.9, "s": 95564, "e": 95754, "w": "它", "sp": "Agent"}, {"p": 296, "c": 0.9, "s": 95754, "e": 95943, "w": "能", "sp": "Agent"}, {"p": 297, "c": 0.9, "s": 95943, "e": 96322, "w": "保持", "sp": "Agent"}, {"p": 298, "c": 0.9, "s": 96322, "e": 96512, "w": "您", "sp": "Agent"}, {"p": 299, "c": 0.9, "s": 96512, "e": 96702, "w": "家", "sp": "Agent"}, {"p": 300, "c": 0.9, "s": 96702, "e": 97081, "w": "里面", "sp": "Agent"}, {"p": 301, "c": 0.9, "s": 97081, "e": 97460, "w": "温度", "sp": "Agent"}, {"p": 302, "c": 0.9, "s": 97460, "e": 97839, "w": "不变", "sp": "Agent"}, {"p": 303, "c": 0.9, "s": 97839, "e": 98029, "w": "的", "sp": "Agent"}, {"p": 304, "c": 0.9, "s": 98029, "e": 98408, "w": "情况", "sp": "Agent"}, {"p": 305, "c": 0.9, "s": 98408, "e": 98597, "w": "下", "sp": "Agent"}, {"p": 306, "c": 0.9, "s": 98597, "e": 98977, "w": "自动", "sp": "Agent"}, {"p": 307, "c": 0.9, "s": 98977, "e": 99166, "w": "去", "sp": "Agent"}, {"p": 308, "c": 0.9, "s": 99166, "e": 99545, "w": "除湿", "sp": "Agent"}, {"p": 309, "c": 0.9, "s": 99545, "e": 99923, "w": "可以", "sp": "Agent"}, {"p": 310, "c": 0.9, "s": 99924, "e": 100304, "w": "除湿", "sp": "Agent"}, {"p": 311, "c": 0.9, "s": 100304, "e": 100493, "w": "不", "sp": "Agent"}, {"p": 312, "c": 0.9, "s": 100493, "e": 100871, "w": "降温", "sp": "Agent"}, {"p": 313, "c": 0.9, "s": 100872, "e": 101062, "w": "的", "sp": "Agent"}, {"p": 314, "c": 0.9, "s": 101062, "e": 101251, "w": "呃", "sp": "Agent"}, {"p": 315, "c": 0.9, "s": 101251, "e": 101631, "w": "另外", "sp": "Agent"}, {"p": 316, "c": 0.9, "s": 101631, "e": 102009, "w": "的话", "sp": "Agent"}, {"p": 317, "c": 0.9, "s": 102010, "e": 102389, "w": "我们", "sp": "Agent"}, {"p": 318, "c": 0.9, "s": 102389, "e": 102768, "w": "还有", "sp": "Agent"}, {"p": 319, "c": 0.9, "s": 102768, "e": 102958, "w": "三", "sp": "Agent"}, {"p": 320, "c": 0.9, "s": 102958, "e": 103147, "w": "D", "sp": "Agent"}, {"p": 321, "c": 0.9, "s": 103147, "e": 103337, "w": "机", "sp": "Agent"}, {"p": 322, "c": 0.9, "s": 103337, "e": 103526, "w": "流", "sp": "Agent"}, {"p": 323, "c": 0.9, "s": 103526, "e": 103905, "w": "室内", "sp": "Agent"}, {"p": 324, "c": 0.9, "s": 103905, "e": 104095, "w": "机", "sp": "Agent"}, {"p": 325, "c": 0.9, "s": 104095, "e": 104285, "w": "它", "sp": "Agent"}, {"p": 326, "c": 0.9, "s": 104285, "e": 104474, "w": "呢", "sp": "Agent"}, {"p": 327, "c": 0.9, "s": 104474, "e": 104853, "w": "就是", "sp": "Agent"}, {"p": 328, "c": 0.9, "s": 104853, "e": 105231, "w": "风速", "sp": "Agent"}, {"p": 329, "c": 0.9, "s": 105232, "e": 105422, "w": "均", "sp": "Agent"}, {"p": 330, "c": 0.9, "s": 105422, "e": 105800, "w": "柔和", "sp": "Agent"}, {"p": 331, "c": 0.9, "s": 105801, "e": 105991, "w": "无", "sp": "Agent"}, {"p": 332, "c": 0.9, "s": 105991, "e": 106180, "w": "直", "sp": "Agent"}, {"p": 333, "c": 0.9, "s": 106180, "e": 106370, "w": "吹", "sp": "Agent"}, {"p": 334, "c": 0.9, "s": 106370, "e": 106560, "w": "的", "sp": "Agent"}, {"p": 335, "c": 0.9, "s": 106560, "e": 106938, "w": "动感", "sp": "Agent"}, {"p": 336, "c": 0.9, "s": 106939, "e": 107128, "w": "呃", "sp": "Agent"}, {"p": 337, "c": 0.9, "s": 107128, "e": 107318, "w": "您", "sp": "Agent"}, {"p": 338, "c": 0.9, "s": 107318, "e": 107507, "w": "家", "sp": "Agent"}, {"p": 339, "c": 0.9, "s": 107507, "e": 107887, "w": "里面", "sp": "Agent"}, {"p": 340, "c": 0.9, "s": 107887, "e": 108455, "w": "小朋友", "sp": "Agent"}, {"p": 341, "c": 0.9, "s": 108455, "e": 108645, "w": "啊", "sp": "Agent"}, {"p": 342, "c": 0.9, "s": 108645, "e": 108834, "w": "或", "sp": "Agent"}, {"p": 343, "c": 0.9, "s": 108834, "e": 109403, "w": "老人家", "sp": "Agent"}, {"p": 344, "c": 0.9, "s": 109403, "e": 109782, "w": "来说", "sp": "Agent"}, {"p": 345, "c": 0.9, "s": 109782, "e": 109972, "w": "啊", "sp": "Agent"}, {"p": 346, "c": 0.9, "s": 109972, "e": 110161, "w": "对", "sp": "Agent"}, {"p": 347, "c": 0.9, "s": 110161, "e": 110351, "w": "的", "sp": "Agent"}, {"p": 348, "c": 0.9, "s": 110351, "e": 110729, "w": "出现", "sp": "Agent"}, {"p": 349, "c": 0.9, "s": 110730, "e": 111109, "w": "不易", "sp": "Agent"}, {"p": 350, "c": 0.9, "s": 111109, "e": 111488, "w": "受凉", "sp": "Agent"}, {"p": 351, "c": 0.9, "s": 111488, "e": 111868, "w": "感冒", "sp": "Agent"}, {"p": 352, "c": 0.9, "s": 111868, "e": 112057, "w": "呃", "sp": "Agent"}, {"p": 353, "c": 0.9, "s": 112057, "e": 112247, "w": "您", "sp": "Agent"}, {"p": 354, "c": 0.9, "s": 112247, "e": 112626, "w": "这边", "sp": "Agent"}, {"p": 355, "c": 0.9, "s": 112626, "e": 113005, "w": "方便", "sp": "Agent"}, {"p": 356, "c": 0.9, "s": 113005, "e": 113383, "w": "告知", "sp": "Agent"}, {"p": 357, "c": 0.9, "s": 113384, "e": 113763, "w": "一下", "sp": "Agent"}, {"p": 358, "c": 0.9, "s": 113763, "e": 114142, "w": "大概", "sp": "Agent"}, {"p": 359, "c": 0.9, "s": 114142, "e": 114332, "w": "会", "sp": "Agent"}, {"p": 360, "c": 0.9, "s": 114332, "e": 114711, "w": "居住", "sp": "Agent"}, {"p": 361, "c": 0.9, "s": 114711, "e": 114901, "w": "几", "sp": "Agent"}, {"p": 362, "c": 0.9, "s": 114901, "e": 115090, "w": "口", "sp": "Agent"}, {"p": 363, "c": 0.9, "s": 115090, "e": 115280, "w": "人", "sp": "Agent"}, {"p": 364, "c": 0.9, "s": 115280, "e": 115470, "w": "呀", "sp": "Agent"}, {"p": 365, "c": 0.9, "s": 116950, "e": 117493, "w": "我们", "sp": "Customer"}, {"p": 366, "c": 0.9, "s": 117494, "e": 118038, "w": "这边", "sp": "Customer"}, {"p": 367, "c": 0.9, "s": 118030, "e": 119140, "w": "嗯", "sp": "Agent"}, {"p": 368, "c": 0.9, "s": 118038, "e": 118582, "w": "的话", "sp": "Customer"}, {"p": 369, "c": 0.9, "s": 118582, "e": 119126, "w": "一般", "sp": "Customer"}, {"p": 370, "c": 0.9, "s": 119126, "e": 119398, "w": "都", "sp": "Customer"}, {"p": 371, "c": 0.9, "s": 119398, "e": 119670, "w": "是", "sp": "Customer"}, {"p": 372, "c": 0.9, "s": 119670, "e": 119942, "w": "要", "sp": "Customer"}, {"p": 373, "c": 0.9, "s": 119942, "e": 120215, "w": "到", "sp": "Customer"}, {"p": 374, "c": 0.9, "s": 120215, "e": 120758, "w": "过年", "sp": "Customer"}, {"p": 375, "c": 0.9, "s": 120640, "e": 120824, "w": "哦", "sp": "Agent"}, {"p": 376, "c": 0.9, "s": 120759, "e": 121031, "w": "啊", "sp": "Customer"}, {"p": 377, "c": 0.9, "s": 120824, "e": 121194, "w": "过年", "sp": "Agent"}, {"p": 378, "c": 0.9, "s": 121031, "e": 121575, "w": "什么", "sp": "Customer"}, {"p": 379, "c": 0.9, "s": 121194, "e": 121563, "w": "过节", "sp": "Agent"}, {"p": 380, "c": 0.9, "s": 121563, "e": 121932, "w": "可能", "sp": "Agent"}, {"p": 381, "c": 0.9, "s": 121575, "e": 122118, "w": "时候", "sp": "Customer"}, {"p": 382, "c": 0.9, "s": 121932, "e": 122117, "w": "加", "sp": "Agent"}, {"p": 383, "c": 0.9, "s": 122117, "e": 122671, "w": "多一点", "sp": "Agent"}, {"p": 384, "c": 0.9, "s": 122119, "e": 122663, "w": "回来", "sp": "Customer"}, {"p": 385, "c": 0.9, "s": 122663, "e": 122935, "w": "寄", "sp": "Customer"}, {"p": 386, "c": 0.9, "s": 122671, "e": 122855, "w": "是", "sp": "Agent"}, {"p": 387, "c": 0.9, "s": 122856, "e": 123040, "w": "吧", "sp": "Agent"}, {"p": 388, "c": 0.9, "s": 122935, "e": 123207, "w": "的", "sp": "Customer"}, {"p": 389, "c": 0.9, "s": 123040, "e": 123225, "w": "好", "sp": "Agent"}, {"p": 390, "c": 0.9, "s": 123207, "e": 123480, "w": "电", "sp": "Customer"}, {"p": 391, "c": 0.9, "s": 123225, "e": 123409, "w": "的", "sp": "Agent"}, {"p": 392, "c": 0.9, "s": 123410, "e": 123594, "w": "那", "sp": "Agent"}, {"p": 393, "c": 0.9, "s": 123594, "e": 123964, "w": "过年", "sp": "Agent"}, {"p": 394, "c": 0.9, "s": 123950, "e": 124413, "w": "你", "sp": "Customer"}, {"p": 395, "c": 0.9, "s": 123964, "e": 124333, "w": "过节", "sp": "Agent"}, {"p": 396, "c": 0.9, "s": 124333, "e": 124702, "w": "可能", "sp": "Agent"}, {"p": 397, "c": 0.9, "s": 124414, "e": 124878, "w": "别", "sp": "Customer"}, {"p": 398, "c": 0.9, "s": 124702, "e": 124887, "w": "加", "sp": "Agent"}, {"p": 399, "c": 0.9, "s": 124878, "e": 125341, "w": "搞", "sp": "Customer"}, {"p": 400, "c": 0.9, "s": 124887, "e": 125256, "w": "六六", "sp": "Agent"}, {"p": 401, "c": 0.9, "s": 125256, "e": 125440, "w": "七", "sp": "Agent"}, {"p": 402, "c": 0.9, "s": 125342, "e": 125806, "w": "了", "sp": "Customer"}, {"p": 403, "c": 0.9, "s": 125441, "e": 125626, "w": "口", "sp": "Agent"}, {"p": 404, "c": 0.9, "s": 125626, "e": 125810, "w": "人", "sp": "Agent"}, {"p": 405, "c": 0.9, "s": 125806, "e": 126270, "w": "啊", "sp": "Customer"}, {"p": 406, "c": 0.9, "s": 125810, "e": 125994, "w": "好", "sp": "Agent"}, {"p": 407, "c": 0.9, "s": 125995, "e": 126180, "w": "的", "sp": "Agent"}, {"p": 408, "c": 0.9, "s": 126180, "e": 126549, "w": "然后", "sp": "Agent"}, {"p": 409, "c": 0.9, "s": 126549, "e": 126918, "w": "我们", "sp": "Agent"}, {"p": 410, "c": 0.9, "s": 126820, "e": 127700, "w": "及时", "sp": "Customer"}, {"p": 411, "c": 0.9, "s": 126918, "e": 127288, "w": "这边", "sp": "Agent"}, {"p": 412, "c": 0.9, "s": 127288, "e": 127472, "w": "哦", "sp": "Agent"}, {"p": 413, "c": 0.9, "s": 127472, "e": 127842, "w": "几十", "sp": "Agent"}, {"p": 414, "c": 0.9, "s": 127700, "e": 128140, "w": "考", "sp": "Customer"}, {"p": 415, "c": 0.9, "s": 127842, "e": 128026, "w": "口", "sp": "Agent"}, {"p": 416, "c": 0.9, "s": 128026, "e": 128211, "w": "人", "sp": "Agent"}, {"p": 417, "c": 0.9, "s": 128140, "e": 128580, "w": "呢", "sp": "Customer"}, {"p": 418, "c": 0.9, "s": 128211, "e": 128396, "w": "是", "sp": "Agent"}, {"p": 419, "c": 0.9, "s": 128396, "e": 128580, "w": "吧", "sp": "Agent"}, {"p": 420, "c": 0.9, "s": 128580, "e": 128765, "w": "好", "sp": "Agent"}, {"p": 421, "c": 0.9, "s": 128765, "e": 128950, "w": "的", "sp": "Agent"}, {"p": 422, "c": 0.9, "s": 128950, "e": 129319, "w": "明白", "sp": "Agent"}, {"p": 423, "c": 0.9, "s": 129319, "e": 129504, "w": "了", "sp": "Agent"}, {"p": 424, "c": 0.9, "s": 129504, "e": 129873, "w": "大概", "sp": "Agent"}, {"p": 425, "c": 0.9, "s": 129873, "e": 130058, "w": "十", "sp": "Agent"}, {"p": 426, "c": 0.9, "s": 130058, "e": 130242, "w": "来", "sp": "Agent"}, {"p": 427, "c": 0.9, "s": 130242, "e": 130427, "w": "口", "sp": "Agent"}, {"p": 428, "c": 0.9, "s": 130427, "e": 130796, "w": "然后", "sp": "Agent"}, {"p": 429, "c": 0.9, "s": 130796, "e": 131166, "w": "我们", "sp": "Agent"}, {"p": 430, "c": 0.9, "s": 131166, "e": 131535, "w": "还有", "sp": "Agent"}, {"p": 431, "c": 0.9, "s": 131535, "e": 131720, "w": "地", "sp": "Agent"}, {"p": 432, "c": 0.9, "s": 131720, "e": 132089, "w": "暖和", "sp": "Agent"}, {"p": 433, "c": 0.9, "s": 132089, "e": 132458, "w": "清风", "sp": "Agent"}, {"p": 434, "c": 0.9, "s": 132458, "e": 132827, "w": "系统", "sp": "Agent"}, {"p": 435, "c": 0.9, "s": 132828, "e": 133012, "w": "您", "sp": "Agent"}, {"p": 436, "c": 0.9, "s": 133012, "e": 133196, "w": "调", "sp": "Agent"}, {"p": 437, "c": 0.9, "s": 133197, "e": 133566, "w": "一起", "sp": "Agent"}, {"p": 438, "c": 0.9, "s": 133566, "e": 133935, "w": "了解", "sp": "Agent"}, {"p": 439, "c": 0.9, "s": 133936, "e": 134305, "w": "安装", "sp": "Agent"}, {"p": 440, "c": 0.9, "s": 134305, "e": 134489, "w": "了", "sp": "Agent"}, {"p": 441, "c": 0.9, "s": 135570, "e": 135801, "w": "你", "sp": "Customer"}, {"p": 442, "c": 0.9, "s": 135801, "e": 136032, "w": "那", "sp": "Customer"}, {"p": 443, "c": 0.9, "s": 136032, "e": 136263, "w": "是", "sp": "Customer"}, {"p": 444, "c": 0.9, "s": 136263, "e": 136726, "w": "什么", "sp": "Customer"}, {"p": 445, "c": 0.9, "s": 136726, "e": 137188, "w": "东西", "sp": "Customer"}, {"p": 446, "c": 0.9, "s": 136900, "e": 137064, "w": "哦", "sp": "Agent"}, {"p": 447, "c": 0.9, "s": 137064, "e": 137228, "w": "地", "sp": "Agent"}, {"p": 448, "c": 0.9, "s": 137188, "e": 137420, "w": "啊", "sp": "Customer"}, {"p": 449, "c": 0.9, "s": 137228, "e": 137392, "w": "暖", "sp": "Agent"}, {"p": 450, "c": 0.9, "s": 137393, "e": 137557, "w": "是", "sp": "Agent"}, {"p": 451, "c": 0.9, "s": 137557, "e": 137886, "w": "这样", "sp": "Agent"}, {"p": 452, "c": 0.9, "s": 137886, "e": 138051, "w": "的", "sp": "Agent"}, {"p": 453, "c": 0.9, "s": 138051, "e": 138215, "w": "地", "sp": "Agent"}, {"p": 454, "c": 0.9, "s": 138215, "e": 138379, "w": "暖", "sp": "Agent"}, {"p": 455, "c": 0.9, "s": 138380, "e": 138709, "w": "就是", "sp": "Agent"}, {"p": 456, "c": 0.9, "s": 138709, "e": 139038, "w": "空气", "sp": "Agent"}, {"p": 457, "c": 0.9, "s": 139038, "e": 139366, "w": "原先", "sp": "Agent"}, {"p": 458, "c": 0.9, "s": 139367, "e": 139696, "w": "风味", "sp": "Agent"}, {"p": 459, "c": 0.9, "s": 139696, "e": 139860, "w": "为", "sp": "Agent"}, {"p": 460, "c": 0.9, "s": 139860, "e": 140025, "w": "例", "sp": "Agent"}, {"p": 461, "c": 0.9, "s": 140025, "e": 140189, "w": "的", "sp": "Agent"}, {"p": 462, "c": 0.9, "s": 140189, "e": 140353, "w": "在", "sp": "Agent"}, {"p": 463, "c": 0.9, "s": 140354, "e": 140518, "w": "您", "sp": "Agent"}, {"p": 464, "c": 0.9, "s": 140518, "e": 140847, "w": "脚下", "sp": "Agent"}, {"p": 465, "c": 0.9, "s": 140847, "e": 141176, "w": "铺设", "sp": "Agent"}, {"p": 466, "c": 0.9, "s": 141176, "e": 141504, "w": "管道", "sp": "Agent"}, {"p": 467, "c": 0.9, "s": 141505, "e": 141834, "w": "通过", "sp": "Agent"}, {"p": 468, "c": 0.9, "s": 141834, "e": 142163, "w": "我们", "sp": "Agent"}, {"p": 469, "c": 0.9, "s": 142163, "e": 142491, "w": "加热", "sp": "Agent"}, {"p": 470, "c": 0.9, "s": 142492, "e": 142821, "w": "或者", "sp": "Agent"}, {"p": 471, "c": 0.9, "s": 142821, "e": 143150, "w": "冷门", "sp": "Agent"}, {"p": 472, "c": 0.9, "s": 143150, "e": 143314, "w": "啊", "sp": "Agent"}, {"p": 473, "c": 0.9, "s": 143314, "e": 143478, "w": "和", "sp": "Agent"}, {"p": 474, "c": 0.9, "s": 143479, "e": 143808, "w": "脚下", "sp": "Agent"}, {"p": 475, "c": 0.9, "s": 143808, "e": 144137, "w": "开关", "sp": "Agent"}, {"p": 476, "c": 0.9, "s": 144137, "e": 144301, "w": "您", "sp": "Agent"}, {"p": 477, "c": 0.9, "s": 144301, "e": 144465, "w": "的", "sp": "Agent"}, {"p": 478, "c": 0.9, "s": 144466, "e": 144630, "w": "水", "sp": "Agent"}, {"p": 479, "c": 0.9, "s": 144630, "e": 144959, "w": "进行", "sp": "Agent"}, {"p": 480, "c": 0.9, "s": 144959, "e": 145124, "w": "换", "sp": "Agent"}, {"p": 481, "c": 0.9, "s": 145124, "e": 145288, "w": "热", "sp": "Agent"}, {"p": 482, "c": 0.9, "s": 145288, "e": 145452, "w": "的", "sp": "Agent"}, {"p": 483, "c": 0.9, "s": 145453, "e": 145782, "w": "然后", "sp": "Agent"}, {"p": 484, "c": 0.9, "s": 145782, "e": 146111, "w": "视线", "sp": "Agent"}, {"p": 485, "c": 0.9, "s": 146111, "e": 146439, "w": "温度", "sp": "Agent"}, {"p": 486, "c": 0.9, "s": 147320, "e": 147704, "w": "哦", "sp": "Customer"}, {"p": 487, "c": 0.9, "s": 147704, "e": 148088, "w": "我", "sp": "Customer"}, {"p": 488, "c": 0.9, "s": 148088, "e": 148857, "w": "我们", "sp": "Customer"}, {"p": 489, "c": 0.9, "s": 148857, "e": 149625, "w": "这个", "sp": "Customer"}, {"p": 490, "c": 0.9, "s": 149610, "e": 149799, "w": "哦", "sp": "Agent"}, {"p": 491, "c": 0.9, "s": 149626, "e": 150011, "w": "也", "sp": "Customer"}, {"p": 492, "c": 0.9, "s": 149799, "e": 149989, "w": "哦", "sp": "Agent"}, {"p": 493, "c": 0.9, "s": 149989, "e": 150179, "w": "您", "sp": "Agent"}, {"p": 494, "c": 0.9, "s": 150011, "e": 150395, "w": "行", "sp": "Customer"}, {"p": 495, "c": 0.9, "s": 150179, "e": 150558, "w": "这边", "sp": "Agent"}, {"p": 496, "c": 0.9, "s": 150395, "e": 150780, "w": "吗", "sp": "Customer"}, {"p": 497, "c": 0.9, "s": 150558, "e": 150748, "w": "再", "sp": "Agent"}, {"p": 498, "c": 0.9, "s": 150748, "e": 150938, "w": "先", "sp": "Agent"}, {"p": 499, "c": 0.9, "s": 150938, "e": 151317, "w": "了解", "sp": "Agent"}, {"p": 500, "c": 0.9, "s": 151317, "e": 151697, "w": "一下", "sp": "Agent"}, {"p": 501, "c": 0.9, "s": 151697, "e": 151887, "w": "对", "sp": "Agent"}, {"p": 502, "c": 0.9, "s": 151887, "e": 152075, "w": "吗", "sp": "Agent"}, {"p": 503, "c": 0.9, "s": 152076, "e": 152646, "w": "到时候", "sp": "Agent"}, {"p": 504, "c": 0.9, "s": 152646, "e": 153025, "w": "的话", "sp": "Agent"}, {"p": 505, "c": 0.9, "s": 153025, "e": 153215, "w": "您", "sp": "Agent"}, {"p": 506, "c": 0.9, "s": 153215, "e": 153594, "w": "如果", "sp": "Agent"}, {"p": 507, "c": 0.9, "s": 153594, "e": 153974, "w": "需要", "sp": "Agent"}, {"p": 508, "c": 0.9, "s": 153974, "e": 154353, "w": "的话", "sp": "Agent"}, {"p": 509, "c": 0.9, "s": 154353, "e": 154543, "w": "你", "sp": "Agent"}, {"p": 510, "c": 0.9, "s": 154543, "e": 154733, "w": "就", "sp": "Agent"}, {"p": 511, "c": 0.9, "s": 154733, "e": 155112, "w": "安装", "sp": "Agent"}, {"p": 512, "c": 0.9, "s": 155112, "e": 155302, "w": "不", "sp": "Agent"}, {"p": 513, "c": 0.9, "s": 155302, "e": 155682, "w": "需要", "sp": "Agent"}, {"p": 514, "c": 0.9, "s": 155682, "e": 156061, "w": "的话", "sp": "Agent"}, {"p": 515, "c": 0.9, "s": 156061, "e": 156251, "w": "再", "sp": "Agent"}, {"p": 516, "c": 0.9, "s": 156251, "e": 156630, "w": "了解", "sp": "Agent"}, {"p": 517, "c": 0.9, "s": 156630, "e": 157010, "w": "一下", "sp": "Agent"}, {"p": 518, "c": 0.9, "s": 157010, "e": 157200, "w": "也", "sp": "Agent"}, {"p": 519, "c": 0.9, "s": 157200, "e": 157389, "w": "是", "sp": "Agent"}, {"p": 520, "c": 0.9, "s": 157389, "e": 157579, "w": "没", "sp": "Agent"}, {"p": 521, "c": 0.9, "s": 157579, "e": 157959, "w": "问题", "sp": "Agent"}, {"p": 522, "c": 0.9, "s": 157959, "e": 158148, "w": "的", "sp": "Agent"}, {"p": 523, "c": 0.9, "s": 158148, "e": 158528, "w": "然后", "sp": "Agent"}, {"p": 524, "c": 0.9, "s": 158528, "e": 158907, "w": "的话", "sp": "Agent"}, {"p": 525, "c": 0.9, "s": 158907, "e": 159097, "w": "您", "sp": "Agent"}, {"p": 526, "c": 0.9, "s": 159097, "e": 159477, "w": "这边", "sp": "Agent"}, {"p": 527, "c": 0.9, "s": 159477, "e": 159856, "w": "的话", "sp": "Agent"}, {"p": 528, "c": 0.9, "s": 159856, "e": 160046, "w": "是", "sp": "Agent"}, {"p": 529, "c": 0.9, "s": 160046, "e": 160425, "w": "总共", "sp": "Agent"}, {"p": 530, "c": 0.9, "s": 160425, "e": 160805, "w": "面积", "sp": "Agent"}, {"p": 531, "c": 0.9, "s": 160805, "e": 160995, "w": "是", "sp": "Agent"}, {"p": 532, "c": 0.9, "s": 160995, "e": 161183, "w": "就", "sp": "Agent"}, {"p": 533, "c": 0.9, "s": 161010, "e": 161618, "w": "总共", "sp": "Customer"}, {"p": 534, "c": 0.9, "s": 161184, "e": 161564, "w": "一百", "sp": "Agent"}, {"p": 535, "c": 0.9, "s": 161564, "e": 161754, "w": "三", "sp": "Agent"}, {"p": 536, "c": 0.9, "s": 161618, "e": 161922, "w": "也", "sp": "Customer"}, {"p": 537, "c": 0.9, "s": 161754, "e": 161943, "w": "吗", "sp": "Agent"}, {"p": 538, "c": 0.9, "s": 161922, "e": 162226, "w": "是", "sp": "Customer"}, {"p": 539, "c": 0.9, "s": 161943, "e": 162323, "w": "还是", "sp": "Agent"}, {"p": 540, "c": 0.9, "s": 162227, "e": 162835, "w": "一百", "sp": "Customer"}, {"p": 541, "c": 0.9, "s": 162323, "e": 162513, "w": "有", "sp": "Agent"}, {"p": 542, "c": 0.9, "s": 162513, "e": 162702, "w": "有", "sp": "Agent"}, {"p": 543, "c": 0.9, "s": 162702, "e": 162892, "w": "几", "sp": "Agent"}, {"p": 544, "c": 0.9, "s": 162835, "e": 163140, "w": "三", "sp": "Customer"}, {"p": 545, "c": 0.9, "s": 162892, "e": 163082, "w": "层", "sp": "Agent"}, {"p": 546, "c": 0.9, "s": 163082, "e": 163272, "w": "是", "sp": "Agent"}, {"p": 547, "c": 0.9, "s": 163272, "e": 163461, "w": "吗", "sp": "Agent"}, {"p": 548, "c": 0.9, "s": 163461, "e": 163651, "w": "嗯", "sp": "Agent"}, {"p": 549, "c": 0.9, "s": 163651, "e": 163841, "w": "是", "sp": "Agent"}, {"p": 550, "c": 0.9, "s": 163841, "e": 164220, "w": "一层", "sp": "Agent"}, {"p": 551, "c": 0.9, "s": 164220, "e": 164410, "w": "吗", "sp": "Agent"}, {"p": 552, "c": 0.9, "s": 164370, "e": 165116, "w": "一层", "sp": "Customer"}, {"p": 553, "c": 0.9, "s": 164410, "e": 164790, "w": "还是", "sp": "Agent"}, {"p": 554, "c": 0.9, "s": 165117, "e": 165491, "w": "两", "sp": "Customer"}, {"p": 555, "c": 0.9, "s": 165160, "e": 165430, "w": "啊", "sp": "Agent"}, {"p": 556, "c": 0.9, "s": 165430, "e": 165700, "w": "就", "sp": "Agent"}, {"p": 557, "c": 0.9, "s": 165491, "e": 165864, "w": "层", "sp": "Customer"}, {"p": 558, "c": 0.9, "s": 165700, "e": 165970, "w": "这", "sp": "Agent"}, {"p": 559, "c": 0.9, "s": 165865, "e": 166238, "w": "的", "sp": "Customer"}, {"p": 560, "c": 0.9, "s": 165970, "e": 166510, "w": "意思", "sp": "Agent"}, {"p": 561, "c": 0.9, "s": 166238, "e": 166986, "w": "两百", "sp": "Customer"}, {"p": 562, "c": 0.9, "s": 166986, "e": 167359, "w": "平", "sp": "Customer"}, {"p": 563, "c": 0.9, "s": 167140, "e": 167310, "w": "啊", "sp": "Agent"}, {"p": 564, "c": 0.9, "s": 167310, "e": 167480, "w": "有", "sp": "Agent"}, {"p": 565, "c": 0.9, "s": 167480, "e": 167650, "w": "两", "sp": "Agent"}, {"p": 566, "c": 0.9, "s": 167650, "e": 167819, "w": "层", "sp": "Agent"}, {"p": 567, "c": 0.9, "s": 167820, "e": 167990, "w": "好", "sp": "Agent"}, {"p": 568, "c": 0.9, "s": 167990, "e": 168160, "w": "的", "sp": "Agent"}, {"p": 569, "c": 0.9, "s": 168160, "e": 168500, "w": "明白", "sp": "Agent"}, {"p": 570, "c": 0.9, "s": 168500, "e": 168670, "w": "了", "sp": "Agent"}, {"p": 571, "c": 0.9, "s": 168670, "e": 169010, "w": "两千", "sp": "Agent"}, {"p": 572, "c": 0.9, "s": 169010, "e": 169349, "w": "两百", "sp": "Agent"}, {"p": 573, "c": 0.9, "s": 169350, "e": 169690, "w": "六十", "sp": "Agent"}, {"p": 574, "c": 0.9, "s": 169690, "e": 169860, "w": "平", "sp": "Agent"}, {"p": 575, "c": 0.9, "s": 169860, "e": 170030, "w": "呃", "sp": "Agent"}, {"p": 576, "c": 0.9, "s": 170030, "e": 170200, "w": "您", "sp": "Agent"}, {"p": 577, "c": 0.9, "s": 170200, "e": 170540, "w": "这边", "sp": "Agent"}, {"p": 578, "c": 0.9, "s": 170540, "e": 170879, "w": "的话", "sp": "Agent"}, {"p": 579, "c": 0.9, "s": 170880, "e": 171050, "w": "可", "sp": "Agent"}, {"p": 580, "c": 0.9, "s": 171050, "e": 171390, "w": "方便", "sp": "Agent"}, {"p": 581, "c": 0.9, "s": 171390, "e": 171730, "w": "告知", "sp": "Agent"}, {"p": 582, "c": 0.9, "s": 171730, "e": 172069, "w": "一下", "sp": "Agent"}, {"p": 583, "c": 0.9, "s": 172070, "e": 172410, "w": "需要", "sp": "Agent"}, {"p": 584, "c": 0.9, "s": 172410, "e": 172750, "w": "安装", "sp": "Agent"}, {"p": 585, "c": 0.9, "s": 172750, "e": 172920, "w": "的", "sp": "Agent"}, {"p": 586, "c": 0.9, "s": 172920, "e": 173260, "w": "小区", "sp": "Agent"}, {"p": 587, "c": 0.9, "s": 173260, "e": 173599, "w": "名称", "sp": "Agent"}, {"p": 588, "c": 0.9, "s": 173600, "e": 173940, "w": "或者", "sp": "Agent"}, {"p": 589, "c": 0.9, "s": 173940, "e": 174110, "w": "在", "sp": "Agent"}, {"p": 590, "c": 0.9, "s": 174110, "e": 174280, "w": "哪", "sp": "Agent"}, {"p": 591, "c": 0.9, "s": 174280, "e": 174450, "w": "条", "sp": "Agent"}, {"p": 592, "c": 0.9, "s": 174450, "e": 174620, "w": "路", "sp": "Agent"}, {"p": 593, "c": 0.9, "s": 174620, "e": 174959, "w": "附近", "sp": "Agent"}, {"p": 594, "c": 0.9, "s": 174960, "e": 175130, "w": "呀", "sp": "Agent"}, {"p": 595, "c": 0.9, "s": 175790, "e": 176114, "w": "你", "sp": "Customer"}, {"p": 596, "c": 0.9, "s": 176114, "e": 176763, "w": "那种", "sp": "Customer"}, {"p": 597, "c": 0.9, "s": 176763, "e": 177087, "w": "的", "sp": "Customer"}, {"p": 598, "c": 0.9, "s": 177087, "e": 177412, "w": "是", "sp": "Customer"}, {"p": 599, "c": 0.9, "s": 177412, "e": 178061, "w": "怎么", "sp": "Customer"}, {"p": 600, "c": 0.9, "s": 178061, "e": 178710, "w": "安装", "sp": "Customer"}, {"p": 601, "c": 0.9, "s": 178710, "e": 179034, "w": "要", "sp": "Customer"}, {"p": 602, "c": 0.9, "s": 179034, "e": 179359, "w": "要", "sp": "Customer"}, {"p": 603, "c": 0.9, "s": 179110, "e": 179505, "w": "好", "sp": "Agent"}, {"p": 604, "c": 0.9, "s": 179359, "e": 180008, "w": "多久", "sp": "Customer"}, {"p": 605, "c": 0.9, "s": 179505, "e": 179900, "w": "的", "sp": "Agent"}, {"p": 606, "c": 0.9, "s": 179900, "e": 180295, "w": "好", "sp": "Agent"}, {"p": 607, "c": 0.9, "s": 180008, "e": 180657, "w": "因为", "sp": "Customer"}, {"p": 608, "c": 0.9, "s": 180295, "e": 180690, "w": "的", "sp": "Agent"}, {"p": 609, "c": 0.9, "s": 180657, "e": 180981, "w": "说", "sp": "Customer"}, {"p": 610, "c": 0.9, "s": 180981, "e": 181630, "w": "我们", "sp": "Customer"}, {"p": 611, "c": 0.9, "s": 181630, "e": 182279, "w": "农村", "sp": "Customer"}, {"p": 612, "c": 0.9, "s": 182279, "e": 182604, "w": "啊", "sp": "Customer"}, {"p": 613, "c": 0.9, "s": 182604, "e": 182928, "w": "也", "sp": "Customer"}, {"p": 614, "c": 0.9, "s": 182928, "e": 183577, "w": "不想", "sp": "Customer"}, {"p": 615, "c": 0.9, "s": 183577, "e": 183902, "w": "花", "sp": "Customer"}, {"p": 616, "c": 0.9, "s": 183902, "e": 184551, "w": "太多", "sp": "Customer"}, {"p": 617, "c": 0.9, "s": 184480, "e": 184633, "w": "好", "sp": "Agent"}, {"p": 618, "c": 0.9, "s": 184551, "e": 184875, "w": "的", "sp": "Customer"}, {"p": 619, "c": 0.9, "s": 184633, "e": 184786, "w": "的", "sp": "Agent"}, {"p": 620, "c": 0.9, "s": 184786, "e": 185093, "w": "明白", "sp": "Agent"}, {"p": 621, "c": 0.9, "s": 184875, "e": 185200, "w": "钱", "sp": "Customer"}, {"p": 622, "c": 0.9, "s": 185093, "e": 185247, "w": "了", "sp": "Agent"}, {"p": 623, "c": 0.9, "s": 185247, "e": 185400, "w": "您", "sp": "Agent"}, {"p": 624, "c": 0.9, "s": 185400, "e": 185554, "w": "想", "sp": "Agent"}, {"p": 625, "c": 0.9, "s": 185554, "e": 185860, "w": "知道", "sp": "Agent"}, {"p": 626, "c": 0.9, "s": 185860, "e": 186167, "w": "一下", "sp": "Agent"}, {"p": 627, "c": 0.9, "s": 186167, "e": 186474, "w": "怎么", "sp": "Agent"}, {"p": 628, "c": 0.9, "s": 186474, "e": 186781, "w": "安装", "sp": "Agent"}, {"p": 629, "c": 0.9, "s": 186781, "e": 186935, "w": "的", "sp": "Agent"}, {"p": 630, "c": 0.9, "s": 186935, "e": 187241, "w": "价格", "sp": "Agent"}, {"p": 631, "c": 0.9, "s": 187241, "e": 187395, "w": "要", "sp": "Agent"}, {"p": 632, "c": 0.9, "s": 187395, "e": 187548, "w": "看", "sp": "Agent"}, {"p": 633, "c": 0.9, "s": 187548, "e": 187855, "w": "一下", "sp": "Agent"}, {"p": 634, "c": 0.9, "s": 187855, "e": 188162, "w": "是否", "sp": "Agent"}, {"p": 635, "c": 0.9, "s": 188162, "e": 188469, "w": "合适", "sp": "Agent"}, {"p": 636, "c": 0.9, "s": 188469, "e": 188776, "w": "然后", "sp": "Agent"}, {"p": 637, "c": 0.9, "s": 188776, "e": 189083, "w": "再说", "sp": "Agent"}, {"p": 638, "c": 0.9, "s": 188940, "e": 189490, "w": "啊", "sp": "Customer"}, {"p": 639, "c": 0.9, "s": 189083, "e": 189236, "w": "对", "sp": "Agent"}, {"p": 640, "c": 0.9, "s": 189236, "e": 189390, "w": "吧", "sp": "Agent"}, {"p": 641, "c": 0.9, "s": 189490, "e": 190040, "w": "对", "sp": "Customer"}, {"p": 642, "c": 0.9, "s": 189740, "e": 189892, "w": "嗯", "sp": "Agent"}, {"p": 643, "c": 0.9, "s": 189892, "e": 190043, "w": "好", "sp": "Agent"}, {"p": 644, "c": 0.9, "s": 190040, "e": 190590, "w": "呀", "sp": "Customer"}, {"p": 645, "c": 0.9, "s": 190044, "e": 190196, "w": "的", "sp": "Agent"}, {"p": 646, "c": 0.9, "s": 190196, "e": 190500, "w": "明白", "sp": "Agent"}, {"p": 647, "c": 0.9, "s": 190501, "e": 190653, "w": "了", "sp": "Agent"}, {"p": 648, "c": 0.9, "s": 190653, "e": 190805, "w": "行", "sp": "Agent"}, {"p": 649, "c": 0.9, "s": 190805, "e": 190956, "w": "那", "sp": "Agent"}, {"p": 650, "c": 0.9, "s": 190957, "e": 191110, "w": "我", "sp": "Agent"}, {"p": 651, "c": 0.9, "s": 191110, "e": 191414, "w": "这边", "sp": "Agent"}, {"p": 652, "c": 0.9, "s": 191414, "e": 191719, "w": "的话", "sp": "Agent"}, {"p": 653, "c": 0.9, "s": 191719, "e": 191870, "w": "先", "sp": "Agent"}, {"p": 654, "c": 0.9, "s": 191871, "e": 192023, "w": "让", "sp": "Agent"}, {"p": 655, "c": 0.9, "s": 192023, "e": 192327, "w": "当地", "sp": "Agent"}, {"p": 656, "c": 0.9, "s": 192328, "e": 192632, "w": "门店", "sp": "Agent"}, {"p": 657, "c": 0.9, "s": 192632, "e": 192784, "w": "给", "sp": "Agent"}, {"p": 658, "c": 0.9, "s": 192784, "e": 192935, "w": "您", "sp": "Agent"}, {"p": 659, "c": 0.9, "s": 192936, "e": 193089, "w": "出", "sp": "Agent"}, {"p": 660, "c": 0.9, "s": 193089, "e": 193241, "w": "个", "sp": "Agent"}, {"p": 661, "c": 0.9, "s": 193241, "e": 193545, "w": "报案", "sp": "Agent"}, {"p": 662, "c": 0.9, "s": 193545, "e": 193849, "w": "报价", "sp": "Agent"}, {"p": 663, "c": 0.9, "s": 193850, "e": 194002, "w": "您", "sp": "Agent"}, {"p": 664, "c": 0.9, "s": 194002, "e": 194153, "w": "做", "sp": "Agent"}, {"p": 665, "c": 0.9, "s": 194154, "e": 194307, "w": "个", "sp": "Agent"}, {"p": 666, "c": 0.9, "s": 194307, "e": 194611, "w": "参考", "sp": "Agent"}, {"p": 667, "c": 0.9, "s": 194611, "e": 194915, "w": "如果", "sp": "Agent"}, {"p": 668, "c": 0.9, "s": 194916, "e": 195220, "w": "觉得", "sp": "Agent"}, {"p": 669, "c": 0.9, "s": 195220, "e": 195524, "w": "合适", "sp": "Agent"}, {"p": 670, "c": 0.9, "s": 195524, "e": 195829, "w": "的话", "sp": "Agent"}, {"p": 671, "c": 0.9, "s": 195829, "e": 195980, "w": "您", "sp": "Agent"}, {"p": 672, "c": 0.9, "s": 195981, "e": 196286, "w": "这边", "sp": "Agent"}, {"p": 673, "c": 0.9, "s": 196286, "e": 196437, "w": "再", "sp": "Agent"}, {"p": 674, "c": 0.9, "s": 196438, "e": 196742, "w": "告知", "sp": "Agent"}, {"p": 675, "c": 0.9, "s": 196742, "e": 197047, "w": "一下", "sp": "Agent"}, {"p": 676, "c": 0.9, "s": 197047, "e": 197198, "w": "呃", "sp": "Agent"}, {"p": 677, "c": 0.9, "s": 197199, "e": 197504, "w": "然后", "sp": "Agent"}, {"p": 678, "c": 0.9, "s": 197504, "e": 197808, "w": "的话", "sp": "Agent"}, {"p": 679, "c": 0.9, "s": 197808, "e": 197959, "w": "您", "sp": "Agent"}, {"p": 680, "c": 0.9, "s": 197960, "e": 198265, "w": "可以", "sp": "Agent"}, {"p": 681, "c": 0.9, "s": 198265, "e": 198417, "w": "有", "sp": "Agent"}, {"p": 682, "c": 0.9, "s": 198417, "e": 198569, "w": "您", "sp": "Agent"}, {"p": 683, "c": 0.9, "s": 198569, "e": 198874, "w": "房屋", "sp": "Agent"}, {"p": 684, "c": 0.9, "s": 198874, "e": 199025, "w": "的", "sp": "Agent"}, {"p": 685, "c": 0.9, "s": 199026, "e": 199483, "w": "户型图", "sp": "Agent"}, {"p": 686, "c": 0.9, "s": 199483, "e": 199635, "w": "啊", "sp": "Agent"}, {"p": 687, "c": 0.9, "s": 199635, "e": 199939, "w": "如果", "sp": "Agent"}, {"p": 688, "c": 0.9, "s": 199939, "e": 200092, "w": "有", "sp": "Agent"}, {"p": 689, "c": 0.9, "s": 200092, "e": 200396, "w": "的话", "sp": "Agent"}, {"p": 690, "c": 0.9, "s": 200396, "e": 200547, "w": "也", "sp": "Agent"}, {"p": 691, "c": 0.9, "s": 200548, "e": 200853, "w": "可以", "sp": "Agent"}, {"p": 692, "c": 0.9, "s": 200853, "e": 201157, "w": "发给", "sp": "Agent"}, {"p": 693, "c": 0.9, "s": 201157, "e": 201308, "w": "我", "sp": "Agent"}, {"p": 694, "c": 0.9, "s": 201309, "e": 201462, "w": "帮", "sp": "Agent"}, {"p": 695, "c": 0.9, "s": 201462, "e": 201614, "w": "您", "sp": "Agent"}, {"p": 696, "c": 0.9, "s": 201614, "e": 201765, "w": "做", "sp": "Agent"}, {"p": 697, "c": 0.9, "s": 201766, "e": 201918, "w": "个", "sp": "Agent"}, {"p": 698, "c": 0.9, "s": 201918, "e": 202375, "w": "户型图", "sp": "Agent"}, {"p": 699, "c": 0.9, "s": 202375, "e": 202680, "w": "设计", "sp": "Agent"}, {"p": 700, "c": 0.9, "s": 204050, "e": 204547, "w": "哦", "sp": "Customer"}, {"p": 701, "c": 0.9, "s": 204547, "e": 205043, "w": "我", "sp": "Customer"}, {"p": 702, "c": 0.9, "s": 205044, "e": 206038, "w": "那个", "sp": "Customer"}, {"p": 703, "c": 0.9, "s": 205810, "e": 206068, "w": "呃", "sp": "Agent"}, {"p": 704, "c": 0.9, "s": 206038, "e": 207032, "w": "那个", "sp": "Customer"}, {"p": 705, "c": 0.9, "s": 206068, "e": 206325, "w": "您", "sp": "Agent"}, {"p": 706, "c": 0.9, "s": 206326, "e": 206842, "w": "这边", "sp": "Agent"}, {"p": 707, "c": 0.9, "s": 206842, "e": 207099, "w": "如", "sp": "Agent"}, {"p": 708, "c": 0.9, "s": 207032, "e": 207530, "w": "是", "sp": "Customer"}, {"p": 709, "c": 0.9, "s": 207980, "e": 208351, "w": "呃", "sp": "Agent"}, {"p": 710, "c": 0.9, "s": 208060, "e": 208375, "w": "有", "sp": "Customer"}, {"p": 711, "c": 0.9, "s": 208351, "e": 208722, "w": "有", "sp": "Agent"}, {"p": 712, "c": 0.9, "s": 208375, "e": 209007, "w": "需要", "sp": "Customer"}, {"p": 713, "c": 0.9, "s": 208722, "e": 209094, "w": "吧", "sp": "Agent"}, {"p": 714, "c": 0.9, "s": 209007, "e": 209323, "w": "我", "sp": "Customer"}, {"p": 715, "c": 0.9, "s": 209094, "e": 209465, "w": "呃", "sp": "Agent"}, {"p": 716, "c": 0.9, "s": 209323, "e": 209955, "w": "小孩", "sp": "Customer"}, {"p": 717, "c": 0.9, "s": 209465, "e": 209836, "w": "您", "sp": "Agent"}, {"p": 718, "c": 0.9, "s": 209837, "e": 210208, "w": "是", "sp": "Agent"}, {"p": 719, "c": 0.9, "s": 209955, "e": 210586, "w": "现在", "sp": "Customer"}, {"p": 720, "c": 0.9, "s": 210208, "e": 210579, "w": "呃", "sp": "Agent"}, {"p": 721, "c": 0.9, "s": 210586, "e": 210902, "w": "在", "sp": "Customer"}, {"p": 722, "c": 0.9, "s": 210860, "e": 211014, "w": "啊", "sp": "Agent"}, {"p": 723, "c": 0.9, "s": 210902, "e": 211534, "w": "操作", "sp": "Customer"}, {"p": 724, "c": 0.9, "s": 211014, "e": 211476, "w": "有的是", "sp": "Agent"}, {"p": 725, "c": 0.9, "s": 211476, "e": 211630, "w": "吧", "sp": "Agent"}, {"p": 726, "c": 0.9, "s": 211534, "e": 211849, "w": "的", "sp": "Customer"}, {"p": 727, "c": 0.9, "s": 211630, "e": 211784, "w": "好", "sp": "Agent"}, {"p": 728, "c": 0.9, "s": 211784, "e": 211938, "w": "的", "sp": "Agent"}, {"p": 729, "c": 0.9, "s": 211938, "e": 212092, "w": "您", "sp": "Agent"}, {"p": 730, "c": 0.9, "s": 212092, "e": 212400, "w": "这边", "sp": "Agent"}, {"p": 731, "c": 0.9, "s": 212400, "e": 212862, "w": "手机号", "sp": "Agent"}, {"p": 732, "c": 0.9, "s": 212862, "e": 213017, "w": "是", "sp": "Agent"}, {"p": 733, "c": 0.9, "s": 213017, "e": 213171, "w": "微", "sp": "Agent"}, {"p": 734, "c": 0.9, "s": 213171, "e": 213479, "w": "信号", "sp": "Agent"}, {"p": 735, "c": 0.9, "s": 213479, "e": 213633, "w": "吗", "sp": "Agent"}, {"p": 736, "c": 0.9, "s": 213633, "e": 214249, "w": "可不可以", "sp": "Agent"}, {"p": 737, "c": 0.9, "s": 214249, "e": 214556, "w": "添加", "sp": "Agent"}, {"p": 738, "c": 0.9, "s": 214557, "e": 214865, "w": "一下", "sp": "Agent"}, {"p": 739, "c": 0.9, "s": 214865, "e": 215020, "w": "呀", "sp": "Agent"}, {"p": 740, "c": 0.9, "s": 215290, "e": 215635, "w": "哦", "sp": "Customer"}, {"p": 741, "c": 0.9, "s": 215635, "e": 215980, "w": "你", "sp": "Customer"}, {"p": 742, "c": 0.9, "s": 215981, "e": 216326, "w": "听", "sp": "Customer"}, {"p": 743, "c": 0.9, "s": 216326, "e": 216672, "w": "你", "sp": "Customer"}, {"p": 744, "c": 0.9, "s": 216450, "e": 216609, "w": "嗯", "sp": "Agent"}, {"p": 745, "c": 0.9, "s": 216609, "e": 216769, "w": "好", "sp": "Agent"}, {"p": 746, "c": 0.9, "s": 216672, "e": 217017, "w": "你", "sp": "Customer"}, {"p": 747, "c": 0.9, "s": 216769, "e": 216928, "w": "的", "sp": "Agent"}, {"p": 748, "c": 0.9, "s": 216928, "e": 217088, "w": "嗯", "sp": "Agent"}, {"p": 749, "c": 0.9, "s": 217017, "e": 217362, "w": "讲", "sp": "Customer"}, {"p": 750, "c": 0.9, "s": 217088, "e": 217247, "w": "好", "sp": "Agent"}, {"p": 751, "c": 0.9, "s": 217247, "e": 217407, "w": "的", "sp": "Agent"}, {"p": 752, "c": 0.9, "s": 217363, "e": 217708, "w": "的", "sp": "Customer"}, {"p": 753, "c": 0.9, "s": 217407, "e": 217726, "w": "这边", "sp": "Agent"}, {"p": 754, "c": 0.9, "s": 217708, "e": 218400, "w": "时候", "sp": "Customer"}, {"p": 755, "c": 0.9, "s": 217726, "e": 218045, "w": "的话", "sp": "Agent"}, {"p": 756, "c": 0.9, "s": 218045, "e": 218364, "w": "已经", "sp": "Agent"}, {"p": 757, "c": 0.9, "s": 218364, "e": 218683, "w": "申请", "sp": "Agent"}, {"p": 758, "c": 0.9, "s": 218683, "e": 219002, "w": "添加", "sp": "Agent"}, {"p": 759, "c": 0.9, "s": 219002, "e": 219161, "w": "了", "sp": "Agent"}, {"p": 760, "c": 0.9, "s": 219161, "e": 219321, "w": "在", "sp": "Agent"}, {"p": 761, "c": 0.9, "s": 219321, "e": 219480, "w": "您", "sp": "Agent"}, {"p": 762, "c": 0.9, "s": 219480, "e": 219640, "w": "的", "sp": "Agent"}, {"p": 763, "c": 0.9, "s": 219640, "e": 219799, "w": "微", "sp": "Agent"}, {"p": 764, "c": 0.9, "s": 219799, "e": 219959, "w": "信", "sp": "Agent"}, {"p": 765, "c": 0.9, "s": 219959, "e": 220118, "w": "上", "sp": "Agent"}, {"p": 766, "c": 0.9, "s": 220118, "e": 220278, "w": "不", "sp": "Agent"}, {"p": 767, "c": 0.9, "s": 220278, "e": 220597, "w": "通知", "sp": "Agent"}, {"p": 768, "c": 0.9, "s": 220597, "e": 220756, "w": "您", "sp": "Agent"}, {"p": 769, "c": 0.9, "s": 220756, "e": 220916, "w": "有", "sp": "Agent"}, {"p": 770, "c": 0.9, "s": 220916, "e": 221075, "w": "个", "sp": "Agent"}, {"p": 771, "c": 0.9, "s": 221075, "e": 221554, "w": "二维码", "sp": "Agent"}, {"p": 772, "c": 0.9, "s": 221554, "e": 221713, "w": "您", "sp": "Agent"}, {"p": 773, "c": 0.9, "s": 221713, "e": 222032, "w": "识别", "sp": "Agent"}, {"p": 774, "c": 0.9, "s": 222032, "e": 222351, "w": "一下", "sp": "Agent"}, {"p": 775, "c": 0.9, "s": 222351, "e": 222511, "w": "就", "sp": "Agent"}, {"p": 776, "c": 0.9, "s": 222511, "e": 222830, "w": "可以", "sp": "Agent"}, {"p": 777, "c": 0.9, "s": 222830, "e": 223149, "w": "添加", "sp": "Agent"}, {"p": 778, "c": 0.9, "s": 223149, "e": 223308, "w": "了", "sp": "Agent"}, {"p": 779, "c": 0.9, "s": 223308, "e": 223627, "w": "后期", "sp": "Agent"}, {"p": 780, "c": 0.9, "s": 223627, "e": 223787, "w": "呢", "sp": "Agent"}, {"p": 781, "c": 0.9, "s": 223787, "e": 223946, "w": "有", "sp": "Agent"}, {"p": 782, "c": 0.9, "s": 223946, "e": 224265, "w": "什么", "sp": "Agent"}, {"p": 783, "c": 0.9, "s": 224265, "e": 224584, "w": "问题", "sp": "Agent"}, {"p": 784, "c": 0.9, "s": 224584, "e": 224744, "w": "啊", "sp": "Agent"}, {"p": 785, "c": 0.9, "s": 224744, "e": 224903, "w": "也", "sp": "Agent"}, {"p": 786, "c": 0.9, "s": 224903, "e": 225222, "w": "可以", "sp": "Agent"}, {"p": 787, "c": 0.9, "s": 225222, "e": 225382, "w": "在", "sp": "Agent"}, {"p": 788, "c": 0.9, "s": 225382, "e": 225541, "w": "微", "sp": "Agent"}, {"p": 789, "c": 0.9, "s": 225541, "e": 225701, "w": "信", "sp": "Agent"}, {"p": 790, "c": 0.9, "s": 225701, "e": 225860, "w": "上", "sp": "Agent"}, {"p": 791, "c": 0.9, "s": 225860, "e": 226020, "w": "跟", "sp": "Agent"}, {"p": 792, "c": 0.9, "s": 226020, "e": 226179, "w": "我", "sp": "Agent"}, {"p": 793, "c": 0.9, "s": 226179, "e": 226498, "w": "联系", "sp": "Agent"}, {"p": 794, "c": 0.9, "s": 226498, "e": 226658, "w": "呃", "sp": "Agent"}, {"p": 795, "c": 0.9, "s": 226658, "e": 226817, "w": "您", "sp": "Agent"}, {"p": 796, "c": 0.9, "s": 226817, "e": 227136, "w": "这边", "sp": "Agent"}, {"p": 797, "c": 0.9, "s": 227136, "e": 227455, "w": "的话", "sp": "Agent"}, {"p": 798, "c": 0.9, "s": 227455, "e": 227774, "w": "还有", "sp": "Agent"}, {"p": 799, "c": 0.9, "s": 227774, "e": 228093, "w": "什么", "sp": "Agent"}, {"p": 800, "c": 0.9, "s": 228093, "e": 228412, "w": "其他", "sp": "Agent"}, {"p": 801, "c": 0.9, "s": 228412, "e": 228731, "w": "需要", "sp": "Agent"}, {"p": 802, "c": 0.9, "s": 228731, "e": 229050, "w": "咨询", "sp": "Agent"}, {"p": 803, "c": 0.9, "s": 229050, "e": 229210, "w": "的", "sp": "Agent"}, {"p": 804, "c": 0.9, "s": 229210, "e": 229370, "w": "吗", "sp": "Agent"}, {"p": 805, "c": 0.9, "s": 229590, "e": 230334, "w": "就是", "sp": "Customer"}, {"p": 806, "c": 0.9, "s": 230335, "e": 231080, "w": "价格", "sp": "Customer"}, {"p": 807, "c": 0.9, "s": 231050, "e": 231476, "w": "价格", "sp": "Agent"}, {"p": 808, "c": 0.9, "s": 231080, "e": 231825, "w": "问题", "sp": "Customer"}, {"p": 809, "c": 0.9, "s": 231476, "e": 231690, "w": "和", "sp": "Agent"}, {"p": 810, "c": 0.9, "s": 231690, "e": 232116, "w": "安装", "sp": "Agent"}, {"p": 811, "c": 0.9, "s": 231825, "e": 232569, "w": "呵呵", "sp": "Customer"}, {"p": 812, "c": 0.9, "s": 232116, "e": 232330, "w": "好", "sp": "Agent"}, {"p": 813, "c": 0.9, "s": 232330, "e": 232543, "w": "的", "sp": "Agent"}, {"p": 814, "c": 0.9, "s": 232543, "e": 232756, "w": "行", "sp": "Agent"}, {"p": 815, "c": 0.9, "s": 232756, "e": 232970, "w": "那", "sp": "Agent"}, {"p": 816, "c": 0.9, "s": 232850, "e": 233155, "w": "嗯", "sp": "Customer"}, {"p": 817, "c": 0.9, "s": 232970, "e": 233183, "w": "我", "sp": "Agent"}, {"p": 818, "c": 0.9, "s": 233155, "e": 233461, "w": "好", "sp": "Customer"}, {"p": 819, "c": 0.9, "s": 233183, "e": 233610, "w": "这边", "sp": "Agent"}, {"p": 820, "c": 0.9, "s": 233461, "e": 233765, "w": "好", "sp": "Customer"}, {"p": 821, "c": 0.9, "s": 233610, "e": 234036, "w": "的话", "sp": "Agent"}, {"p": 822, "c": 0.9, "s": 233766, "e": 234378, "w": "关于", "sp": "Customer"}, {"p": 823, "c": 0.9, "s": 234036, "e": 234250, "w": "为", "sp": "Agent"}, {"p": 824, "c": 0.9, "s": 234250, "e": 234463, "w": "您", "sp": "Agent"}, {"p": 825, "c": 0.9, "s": 234378, "e": 234683, "w": "这", "sp": "Customer"}, {"p": 826, "c": 0.9, "s": 234463, "e": 234890, "w": "安排", "sp": "Agent"}, {"p": 827, "c": 0.9, "s": 234683, "e": 235295, "w": "问题", "sp": "Customer"}, {"p": 828, "c": 0.9, "s": 235295, "e": 235599, "w": "好", "sp": "Customer"}, {"p": 829, "c": 0.9, "s": 235450, "e": 236510, "w": "嗯", "sp": "Agent"}, {"p": 830, "c": 0.9, "s": 235600, "e": 236211, "w": "就是", "sp": "Customer"}, {"p": 831, "c": 0.9, "s": 236211, "e": 236517, "w": "都", "sp": "Customer"}, {"p": 832, "c": 0.9, "s": 236517, "e": 236823, "w": "是", "sp": "Customer"}, {"p": 833, "c": 0.9, "s": 236823, "e": 237433, "w": "一样", "sp": "Customer"}, {"p": 834, "c": 0.9, "s": 237210, "e": 237366, "w": "好", "sp": "Agent"}, {"p": 835, "c": 0.9, "s": 237366, "e": 237523, "w": "的", "sp": "Agent"}, {"p": 836, "c": 0.9, "s": 237434, "e": 237740, "w": "的", "sp": "Customer"}, {"p": 837, "c": 0.9, "s": 237523, "e": 237836, "w": "明白", "sp": "Agent"}, {"p": 838, "c": 0.9, "s": 237837, "e": 237994, "w": "了", "sp": "Agent"}, {"p": 839, "c": 0.9, "s": 237994, "e": 238150, "w": "行", "sp": "Agent"}, {"p": 840, "c": 0.9, "s": 238150, "e": 238306, "w": "那", "sp": "Agent"}, {"p": 841, "c": 0.9, "s": 238307, "e": 238464, "w": "我", "sp": "Agent"}, {"p": 842, "c": 0.9, "s": 238464, "e": 238778, "w": "这边", "sp": "Agent"}, {"p": 843, "c": 0.9, "s": 238778, "e": 239091, "w": "的话", "sp": "Agent"}, {"p": 844, "c": 0.9, "s": 239091, "e": 239248, "w": "为", "sp": "Agent"}, {"p": 845, "c": 0.9, "s": 239248, "e": 239405, "w": "您", "sp": "Agent"}, {"p": 846, "c": 0.9, "s": 239405, "e": 239718, "w": "安排", "sp": "Agent"}, {"p": 847, "c": 0.9, "s": 239718, "e": 240032, "w": "这边", "sp": "Agent"}, {"p": 848, "c": 0.9, "s": 240032, "e": 240189, "w": "就", "sp": "Agent"}, {"p": 849, "c": 0.9, "s": 240189, "e": 240346, "w": "先", "sp": "Agent"}, {"p": 850, "c": 0.9, "s": 240346, "e": 240502, "w": "不", "sp": "Agent"}, {"p": 851, "c": 0.9, "s": 240502, "e": 240816, "w": "打扰", "sp": "Agent"}, {"p": 852, "c": 0.9, "s": 240816, "e": 240972, "w": "您", "sp": "Agent"}, {"p": 853, "c": 0.9, "s": 240973, "e": 241130, "w": "了", "sp": "Agent"}, {"p": 854, "c": 0.9, "s": 241630, "e": 241797, "w": "嗯", "sp": "Agent"}, {"p": 855, "c": 0.9, "s": 241797, "e": 241965, "w": "好", "sp": "Agent"}, {"p": 856, "c": 0.9, "s": 241965, "e": 242133, "w": "的", "sp": "Agent"}, {"p": 857, "c": 0.9, "s": 242133, "e": 242301, "w": "您", "sp": "Agent"}, {"p": 858, "c": 0.9, "s": 242301, "e": 242636, "w": "稍后", "sp": "Agent"}, {"p": 859, "c": 0.9, "s": 242636, "e": 242972, "w": "注意", "sp": "Agent"}, {"p": 860, "c": 0.9, "s": 242972, "e": 243308, "w": "接听", "sp": "Agent"}, {"p": 861, "c": 0.9, "s": 243308, "e": 243643, "w": "电话", "sp": "Agent"}, {"p": 862, "c": 0.9, "s": 243643, "e": 243811, "w": "就", "sp": "Agent"}, {"p": 863, "c": 0.9, "s": 243811, "e": 243979, "w": "好", "sp": "Agent"}, {"p": 864, "c": 0.9, "s": 243979, "e": 244147, "w": "了", "sp": "Agent"}, {"p": 865, "c": 0.9, "s": 244147, "e": 244483, "w": "祝您", "sp": "Agent"}, {"p": 866, "c": 0.9, "s": 244483, "e": 244818, "w": "生活", "sp": "Agent"}, {"p": 867, "c": 0.9, "s": 244818, "e": 245153, "w": "愉快", "sp": "Agent"}, {"p": 868, "c": 0.9, "s": 245154, "e": 245490, "w": "再见", "sp": "Agent"}, {"p": 869, "c": 0.9, "s": 245750, "e": 246770, "w": "嗯", "sp": "Customer"}]}, "plainText": "您好 这边 是 大金 空调 客服 中心 呃 请问 是 曾 女士 吗\n嗯\n嗯 您好 是 这样 的 看到 您 在 我们 头条 抖 音 上 留下 信息 想 问 一下 是不是 要 咨询 了解 装 空调 啊\n哎 那个\n嗯\n空调 我们 我 是 农村\n嗯 对 您 这边 是 大概 是 多 大面积 需要 安装 的 了解 呢\n嗯 这个 房间 有\n嗯\n七个 房产\n呃 七个\n没\n房间\n办\n呃 大概 是 是 个 两三 层 的 不是 别墅\n啊\n是 吧\n对\n啊 大概 总共 面积 是 多少 呢\n一个 小 礼品\n一百 哦 二百 三十 平 吗 还是 一百三十 平\n一百 商业城\n哦 一百三十 平 好 的 您 这边 的话 是 有 呃 有 七个 房间 需要 安装 是 吧\n现在 我 想 不要 那么 多\n哦 好 的 明白 了 您 这边\n不\n的话 房屋 房屋 是 在 赣州 市 哪个 区 呀\n赣州 市 宁都 宁都\n啊 宁都 是\n市\n吧 啊 宁都 县 对 吧 好 的 明白\n不对\n了 行 您 这边 是 个 商用 吗 还是 您 自己 的 住宅\n你 自己\n呢\n的 老家 的 房子\n哦 老家 的 房子 自建房\n嗯 我\n是\n看到\n吧 好 的\n你们\n明白\n说\n了\n是\n嗯\n人人 说 是\n嗯\n毛坯房 要 先 装 我们\n嗯 毛坯房\n是 毛坯房\n还 没 装修 呢 大概 是 在 四 五月份 左右 动工 装修 对\n对\n吧 嗯 好 的 然后 您 这边 想 了解 一下 中央 空调 想 安装 一下 价格 方案 呃 我们 这边 的话 给 您 简单 介绍 一下 您 看 方便 吗\n好好 你 发\n嗯\n一下\n好 的 是\n嘛\n这样 的 我们 产品 啊 更新 到 了 第七 代 装 空调 其中 啊 主推 的 是 温 湿 平衡 式 累积 它 能 保持 您 家 里面 温度 不变 的 情况 下 自动 去 除湿 可以 除湿 不 降温 的 呃 另外 的话 我们 还有 三 D 机 流 室内 机 它 呢 就是 风速 均 柔和 无 直 吹 的 动感 呃 您 家 里面 小朋友 啊 或 老人家 来说 啊 对 的 出现 不易 受凉 感冒 呃 您 这边 方便 告知 一下 大概 会 居住 几 口 人 呀\n我们 这边\n嗯\n的话 一般 都 是 要 到 过年\n哦\n啊\n过年\n什么\n过节 可能\n时候\n加 多一点\n回来 寄\n是 吧\n的\n好\n电\n的 那 过年\n你\n过节 可能\n别\n加\n搞\n六六 七\n了\n口 人\n啊\n好 的 然后 我们\n及时\n这边 哦 几十\n考\n口 人\n呢\n是 吧 好 的 明白 了 大概 十 来 口 然后 我们 还有 地 暖和 清风 系统 您 调 一起 了解 安装 了\n你 那 是 什么 东西\n哦 地\n啊\n暖 是 这样 的 地 暖 就是 空气 原先 风味 为 例 的 在 您 脚下 铺设 管道 通过 我们 加热 或者 冷门 啊 和 脚下 开关 您 的 水 进行 换 热 的 然后 视线 温度\n哦 我 我们 这个\n哦\n也\n哦 您\n行\n这边\n吗\n再 先 了解 一下 对 吗 到时候 的话 您 如果 需要 的话 你 就 安装 不 需要 的话 再 了解 一下 也 是 没 问题 的 然后 的话 您 这边 的话 是 总共 面积 是 就\n总共\n一百 三\n也\n吗\n是\n还是\n一百\n有 有 几\n三\n层 是 吗 嗯 是 一层 吗\n一层\n还是\n两\n啊 就\n层\n这\n的\n意思\n两百 平\n啊 有 两 层 好 的 明白 了 两千 两百 六十 平 呃 您 这边 的话 可 方便 告知 一下 需要 安装 的 小区 名称 或者 在 哪 条 路 附近 呀\n你 那种 的 是 怎么 安装 要 要\n好\n多久\n的 好\n因为\n的\n说 我们 农村 啊 也 不想 花 太多\n好\n的\n的 明白\n钱\n了 您 想 知道 一下 怎么 安装 的 价格 要 看 一下 是否 合适 然后 再说\n啊\n对 吧\n对\n嗯 好\n呀\n的 明白 了 行 那 我 这边 的话 先 让 当地 门店 给 您 出 个 报案 报价 您 做 个 参考 如果 觉得 合适 的话 您 这边 再 告知 一下 呃 然后 的话 您 可以 有 您 房屋 的 户型图 啊 如果 有 的话 也 可以 发给 我 帮 您 做 个 户型图 设计\n哦 我 那个\n呃\n那个\n您 这边 如\n是\n呃\n有\n有\n需要\n吧\n我\n呃\n小孩\n您 是\n现在\n呃\n在\n啊\n操作\n有的是 吧\n的\n好 的 您 这边 手机号 是 微 信号 吗 可不可以 添加 一下 呀\n哦 你 听 你\n嗯 好\n你\n的 嗯\n讲\n好 的\n的\n这边\n时候\n的话 已经 申请 添加 了 在 您 的 微 信 上 不 通知 您 有 个 二维码 您 识别 一下 就 可以 添加 了 后期 呢 有 什么 问题 啊 也 可以 在 微 信 上 跟 我 联系 呃 您 这边 的话 还有 什么 其他 需要 咨询 的 吗\n就是 价格\n价格\n问题\n和 安装\n呵呵\n好 的 行 那\n嗯\n我\n好\n这边\n好\n的话\n关于\n为 您\n这\n安排\n问题 好\n嗯\n就是 都 是 一样\n好 的\n的\n明白 了 行 那 我 这边 的话 为 您 安排 这边 就 先 不 打扰 您 了 嗯 好 的 您 稍后 注意 接听 电话 就 好 了 祝您 生活 愉快 再见\n嗯", "plainTextTime": {"verbatims": [{"s": 210, "e": 4440, "w": "您好 这边 是 大金 空调 客服 中心 呃 请问 是 曾 女士 吗", "sp": "Agent"}, {"s": 4270, "e": 5390, "w": "嗯", "sp": "Customer"}, {"s": 4790, "e": 11160, "w": "嗯 您好 是 这样 的 看到 您 在 我们 头条 抖 音 上 留下 信息 想 问 一下 是不是 要 咨询 了解 装 空调 啊", "sp": "Agent"}, {"s": 12290, "e": 13468, "w": "哎 那个", "sp": "Customer"}, {"s": 12840, "e": 13980, "w": "嗯", "sp": "Agent"}, {"s": 13468, "e": 16610, "w": "空调 我们 我 是 农村", "sp": "Customer"}, {"s": 16379, "e": 20590, "w": "嗯 对 您 这边 是 大概 是 多 大面积 需要 安装 的 了解 呢", "sp": "Agent"}, {"s": 22250, "e": 24730, "w": "嗯 这个 房间 有", "sp": "Customer"}, {"s": 24500, "e": 25580, "w": "嗯", "sp": "Agent"}, {"s": 24730, "e": 26383, "w": "七个 房产", "sp": "Customer"}, {"s": 25860, "e": 26445, "w": "呃 七个", "sp": "Agent"}, {"s": 26383, "e": 26796, "w": "没", "sp": "Customer"}, {"s": 26445, "e": 26836, "w": "房间", "sp": "Agent"}, {"s": 26796, "e": 27210, "w": "办", "sp": "Customer"}, {"s": 26836, "e": 29569, "w": "呃 大概 是 是 个 两三 层 的 不是 别墅", "sp": "Agent"}, {"s": 29510, "e": 30180, "w": "啊", "sp": "Customer"}, {"s": 29569, "e": 29960, "w": "是 吧", "sp": "Agent"}, {"s": 30180, "e": 30850, "w": "对", "sp": "Customer"}, {"s": 30280, "e": 32710, "w": "啊 大概 总共 面积 是 多少 呢", "sp": "Agent"}, {"s": 33410, "e": 35149, "w": "一个 小 礼品", "sp": "Customer"}, {"s": 34790, "e": 37700, "w": "一百 哦 二百 三十 平 吗 还是 一百三十 平", "sp": "Agent"}, {"s": 37700, "e": 39550, "w": "一百 商业城", "sp": "Customer"}, {"s": 38840, "e": 44090, "w": "哦 一百三十 平 好 的 您 这边 的话 是 有 呃 有 七个 房间 需要 安装 是 吧", "sp": "Agent"}, {"s": 44940, "e": 47820, "w": "现在 我 想 不要 那么 多", "sp": "Customer"}, {"s": 47770, "e": 49603, "w": "哦 好 的 明白 了 您 这边", "sp": "Agent"}, {"s": 49590, "e": 50620, "w": "不", "sp": "Customer"}, {"s": 49603, "e": 52660, "w": "的话 房屋 房屋 是 在 赣州 市 哪个 区 呀", "sp": "Agent"}, {"s": 53260, "e": 56532, "w": "赣州 市 宁都 宁都", "sp": "Customer"}, {"s": 55710, "e": 56605, "w": "啊 宁都 是", "sp": "Agent"}, {"s": 56532, "e": 57000, "w": "市", "sp": "Customer"}, {"s": 56605, "e": 59067, "w": "吧 啊 宁都 县 对 吧 好 的 明白", "sp": "Agent"}, {"s": 58950, "e": 60070, "w": "不对", "sp": "Customer"}, {"s": 59067, "e": 63096, "w": "了 行 您 这边 是 个 商用 吗 还是 您 自己 的 住宅", "sp": "Agent"}, {"s": 62700, "e": 63690, "w": "你 自己", "sp": "Customer"}, {"s": 63096, "e": 63320, "w": "呢", "sp": "Agent"}, {"s": 63690, "e": 65670, "w": "的 老家 的 房子", "sp": "Customer"}, {"s": 65059, "e": 67663, "w": "哦 老家 的 房子 自建房", "sp": "Agent"}, {"s": 67250, "e": 67934, "w": "嗯 我", "sp": "Customer"}, {"s": 67664, "e": 67954, "w": "是", "sp": "Agent"}, {"s": 67934, "e": 68618, "w": "看到", "sp": "Customer"}, {"s": 67954, "e": 68822, "w": "吧 好 的", "sp": "Agent"}, {"s": 68618, "e": 69301, "w": "你们", "sp": "Customer"}, {"s": 68822, "e": 69401, "w": "明白", "sp": "Agent"}, {"s": 69302, "e": 69644, "w": "说", "sp": "Customer"}, {"s": 69401, "e": 69690, "w": "了", "sp": "Agent"}, {"s": 69644, "e": 69986, "w": "是", "sp": "Customer"}, {"s": 69690, "e": 69980, "w": "嗯", "sp": "Agent"}, {"s": 69986, "e": 71355, "w": "人人 说 是", "sp": "Customer"}, {"s": 71310, "e": 72470, "w": "嗯", "sp": "Agent"}, {"s": 71355, "e": 74090, "w": "毛坯房 要 先 装 我们", "sp": "Customer"}, {"s": 73740, "e": 74596, "w": "嗯 毛坯房", "sp": "Agent"}, {"s": 74091, "e": 75460, "w": "是 毛坯房", "sp": "Customer"}, {"s": 74596, "e": 78876, "w": "还 没 装修 呢 大概 是 在 四 五月份 左右 动工 装修 对", "sp": "Agent"}, {"s": 78740, "e": 79950, "w": "对", "sp": "Customer"}, {"s": 78876, "e": 86460, "w": "吧 嗯 好 的 然后 您 这边 想 了解 一下 中央 空调 想 安装 一下 价格 方案 呃 我们 这边 的话 给 您 简单 介绍 一下 您 看 方便 吗", "sp": "Agent"}, {"s": 87780, "e": 88848, "w": "好好 你 发", "sp": "Customer"}, {"s": 88740, "e": 88929, "w": "嗯", "sp": "Agent"}, {"s": 88848, "e": 89382, "w": "一下", "sp": "Customer"}, {"s": 88929, "e": 89498, "w": "好 的 是", "sp": "Agent"}, {"s": 89382, "e": 89650, "w": "嘛", "sp": "Customer"}, {"s": 89498, "e": 115470, "w": "这样 的 我们 产品 啊 更新 到 了 第七 代 装 空调 其中 啊 主推 的 是 温 湿 平衡 式 累积 它 能 保持 您 家 里面 温度 不变 的 情况 下 自动 去 除湿 可以 除湿 不 降温 的 呃 另外 的话 我们 还有 三 D 机 流 室内 机 它 呢 就是 风速 均 柔和 无 直 吹 的 动感 呃 您 家 里面 小朋友 啊 或 老人家 来说 啊 对 的 出现 不易 受凉 感冒 呃 您 这边 方便 告知 一下 大概 会 居住 几 口 人 呀", "sp": "Agent"}, {"s": 116950, "e": 118038, "w": "我们 这边", "sp": "Customer"}, {"s": 118030, "e": 119140, "w": "嗯", "sp": "Agent"}, {"s": 118038, "e": 120758, "w": "的话 一般 都 是 要 到 过年", "sp": "Customer"}, {"s": 120640, "e": 120824, "w": "哦", "sp": "Agent"}, {"s": 120759, "e": 121031, "w": "啊", "sp": "Customer"}, {"s": 120824, "e": 121194, "w": "过年", "sp": "Agent"}, {"s": 121031, "e": 121575, "w": "什么", "sp": "Customer"}, {"s": 121194, "e": 121932, "w": "过节 可能", "sp": "Agent"}, {"s": 121575, "e": 122118, "w": "时候", "sp": "Customer"}, {"s": 121932, "e": 122671, "w": "加 多一点", "sp": "Agent"}, {"s": 122119, "e": 122935, "w": "回来 寄", "sp": "Customer"}, {"s": 122671, "e": 123040, "w": "是 吧", "sp": "Agent"}, {"s": 122935, "e": 123207, "w": "的", "sp": "Customer"}, {"s": 123040, "e": 123225, "w": "好", "sp": "Agent"}, {"s": 123207, "e": 123480, "w": "电", "sp": "Customer"}, {"s": 123225, "e": 123964, "w": "的 那 过年", "sp": "Agent"}, {"s": 123950, "e": 124413, "w": "你", "sp": "Customer"}, {"s": 123964, "e": 124702, "w": "过节 可能", "sp": "Agent"}, {"s": 124414, "e": 124878, "w": "别", "sp": "Customer"}, {"s": 124702, "e": 124887, "w": "加", "sp": "Agent"}, {"s": 124878, "e": 125341, "w": "搞", "sp": "Customer"}, {"s": 124887, "e": 125440, "w": "六六 七", "sp": "Agent"}, {"s": 125342, "e": 125806, "w": "了", "sp": "Customer"}, {"s": 125441, "e": 125810, "w": "口 人", "sp": "Agent"}, {"s": 125806, "e": 126270, "w": "啊", "sp": "Customer"}, {"s": 125810, "e": 126918, "w": "好 的 然后 我们", "sp": "Agent"}, {"s": 126820, "e": 127700, "w": "及时", "sp": "Customer"}, {"s": 126918, "e": 127842, "w": "这边 哦 几十", "sp": "Agent"}, {"s": 127700, "e": 128140, "w": "考", "sp": "Customer"}, {"s": 127842, "e": 128211, "w": "口 人", "sp": "Agent"}, {"s": 128140, "e": 128580, "w": "呢", "sp": "Customer"}, {"s": 128211, "e": 134489, "w": "是 吧 好 的 明白 了 大概 十 来 口 然后 我们 还有 地 暖和 清风 系统 您 调 一起 了解 安装 了", "sp": "Agent"}, {"s": 135570, "e": 137188, "w": "你 那 是 什么 东西", "sp": "Customer"}, {"s": 136900, "e": 137228, "w": "哦 地", "sp": "Agent"}, {"s": 137188, "e": 137420, "w": "啊", "sp": "Customer"}, {"s": 137228, "e": 146439, "w": "暖 是 这样 的 地 暖 就是 空气 原先 风味 为 例 的 在 您 脚下 铺设 管道 通过 我们 加热 或者 冷门 啊 和 脚下 开关 您 的 水 进行 换 热 的 然后 视线 温度", "sp": "Agent"}, {"s": 147320, "e": 149625, "w": "哦 我 我们 这个", "sp": "Customer"}, {"s": 149610, "e": 149799, "w": "哦", "sp": "Agent"}, {"s": 149626, "e": 150011, "w": "也", "sp": "Customer"}, {"s": 149799, "e": 150179, "w": "哦 您", "sp": "Agent"}, {"s": 150011, "e": 150395, "w": "行", "sp": "Customer"}, {"s": 150179, "e": 150558, "w": "这边", "sp": "Agent"}, {"s": 150395, "e": 150780, "w": "吗", "sp": "Customer"}, {"s": 150558, "e": 161183, "w": "再 先 了解 一下 对 吗 到时候 的话 您 如果 需要 的话 你 就 安装 不 需要 的话 再 了解 一下 也 是 没 问题 的 然后 的话 您 这边 的话 是 总共 面积 是 就", "sp": "Agent"}, {"s": 161010, "e": 161618, "w": "总共", "sp": "Customer"}, {"s": 161184, "e": 161754, "w": "一百 三", "sp": "Agent"}, {"s": 161618, "e": 161922, "w": "也", "sp": "Customer"}, {"s": 161754, "e": 161943, "w": "吗", "sp": "Agent"}, {"s": 161922, "e": 162226, "w": "是", "sp": "Customer"}, {"s": 161943, "e": 162323, "w": "还是", "sp": "Agent"}, {"s": 162227, "e": 162835, "w": "一百", "sp": "Customer"}, {"s": 162323, "e": 162892, "w": "有 有 几", "sp": "Agent"}, {"s": 162835, "e": 163140, "w": "三", "sp": "Customer"}, {"s": 162892, "e": 164410, "w": "层 是 吗 嗯 是 一层 吗", "sp": "Agent"}, {"s": 164370, "e": 165116, "w": "一层", "sp": "Customer"}, {"s": 164410, "e": 164790, "w": "还是", "sp": "Agent"}, {"s": 165117, "e": 165491, "w": "两", "sp": "Customer"}, {"s": 165160, "e": 165700, "w": "啊 就", "sp": "Agent"}, {"s": 165491, "e": 165864, "w": "层", "sp": "Customer"}, {"s": 165700, "e": 165970, "w": "这", "sp": "Agent"}, {"s": 165865, "e": 166238, "w": "的", "sp": "Customer"}, {"s": 165970, "e": 166510, "w": "意思", "sp": "Agent"}, {"s": 166238, "e": 167359, "w": "两百 平", "sp": "Customer"}, {"s": 167140, "e": 175130, "w": "啊 有 两 层 好 的 明白 了 两千 两百 六十 平 呃 您 这边 的话 可 方便 告知 一下 需要 安装 的 小区 名称 或者 在 哪 条 路 附近 呀", "sp": "Agent"}, {"s": 175790, "e": 179359, "w": "你 那种 的 是 怎么 安装 要 要", "sp": "Customer"}, {"s": 179110, "e": 179505, "w": "好", "sp": "Agent"}, {"s": 179359, "e": 180008, "w": "多久", "sp": "Customer"}, {"s": 179505, "e": 180295, "w": "的 好", "sp": "Agent"}, {"s": 180008, "e": 180657, "w": "因为", "sp": "Customer"}, {"s": 180295, "e": 180690, "w": "的", "sp": "Agent"}, {"s": 180657, "e": 184551, "w": "说 我们 农村 啊 也 不想 花 太多", "sp": "Customer"}, {"s": 184480, "e": 184633, "w": "好", "sp": "Agent"}, {"s": 184551, "e": 184875, "w": "的", "sp": "Customer"}, {"s": 184633, "e": 185093, "w": "的 明白", "sp": "Agent"}, {"s": 184875, "e": 185200, "w": "钱", "sp": "Customer"}, {"s": 185093, "e": 189083, "w": "了 您 想 知道 一下 怎么 安装 的 价格 要 看 一下 是否 合适 然后 再说", "sp": "Agent"}, {"s": 188940, "e": 189490, "w": "啊", "sp": "Customer"}, {"s": 189083, "e": 189390, "w": "对 吧", "sp": "Agent"}, {"s": 189490, "e": 190040, "w": "对", "sp": "Customer"}, {"s": 189740, "e": 190043, "w": "嗯 好", "sp": "Agent"}, {"s": 190040, "e": 190590, "w": "呀", "sp": "Customer"}, {"s": 190044, "e": 202680, "w": "的 明白 了 行 那 我 这边 的话 先 让 当地 门店 给 您 出 个 报案 报价 您 做 个 参考 如果 觉得 合适 的话 您 这边 再 告知 一下 呃 然后 的话 您 可以 有 您 房屋 的 户型图 啊 如果 有 的话 也 可以 发给 我 帮 您 做 个 户型图 设计", "sp": "Agent"}, {"s": 204050, "e": 206038, "w": "哦 我 那个", "sp": "Customer"}, {"s": 205810, "e": 206068, "w": "呃", "sp": "Agent"}, {"s": 206038, "e": 207032, "w": "那个", "sp": "Customer"}, {"s": 206068, "e": 207099, "w": "您 这边 如", "sp": "Agent"}, {"s": 207032, "e": 207530, "w": "是", "sp": "Customer"}, {"s": 207980, "e": 208351, "w": "呃", "sp": "Agent"}, {"s": 208060, "e": 208375, "w": "有", "sp": "Customer"}, {"s": 208351, "e": 208722, "w": "有", "sp": "Agent"}, {"s": 208375, "e": 209007, "w": "需要", "sp": "Customer"}, {"s": 208722, "e": 209094, "w": "吧", "sp": "Agent"}, {"s": 209007, "e": 209323, "w": "我", "sp": "Customer"}, {"s": 209094, "e": 209465, "w": "呃", "sp": "Agent"}, {"s": 209323, "e": 209955, "w": "小孩", "sp": "Customer"}, {"s": 209465, "e": 210208, "w": "您 是", "sp": "Agent"}, {"s": 209955, "e": 210586, "w": "现在", "sp": "Customer"}, {"s": 210208, "e": 210579, "w": "呃", "sp": "Agent"}, {"s": 210586, "e": 210902, "w": "在", "sp": "Customer"}, {"s": 210860, "e": 211014, "w": "啊", "sp": "Agent"}, {"s": 210902, "e": 211534, "w": "操作", "sp": "Customer"}, {"s": 211014, "e": 211630, "w": "有的是 吧", "sp": "Agent"}, {"s": 211534, "e": 211849, "w": "的", "sp": "Customer"}, {"s": 211630, "e": 215020, "w": "好 的 您 这边 手机号 是 微 信号 吗 可不可以 添加 一下 呀", "sp": "Agent"}, {"s": 215290, "e": 216672, "w": "哦 你 听 你", "sp": "Customer"}, {"s": 216450, "e": 216769, "w": "嗯 好", "sp": "Agent"}, {"s": 216672, "e": 217017, "w": "你", "sp": "Customer"}, {"s": 216769, "e": 217088, "w": "的 嗯", "sp": "Agent"}, {"s": 217017, "e": 217362, "w": "讲", "sp": "Customer"}, {"s": 217088, "e": 217407, "w": "好 的", "sp": "Agent"}, {"s": 217363, "e": 217708, "w": "的", "sp": "Customer"}, {"s": 217407, "e": 217726, "w": "这边", "sp": "Agent"}, {"s": 217708, "e": 218400, "w": "时候", "sp": "Customer"}, {"s": 217726, "e": 229370, "w": "的话 已经 申请 添加 了 在 您 的 微 信 上 不 通知 您 有 个 二维码 您 识别 一下 就 可以 添加 了 后期 呢 有 什么 问题 啊 也 可以 在 微 信 上 跟 我 联系 呃 您 这边 的话 还有 什么 其他 需要 咨询 的 吗", "sp": "Agent"}, {"s": 229590, "e": 231080, "w": "就是 价格", "sp": "Customer"}, {"s": 231050, "e": 231476, "w": "价格", "sp": "Agent"}, {"s": 231080, "e": 231825, "w": "问题", "sp": "Customer"}, {"s": 231476, "e": 232116, "w": "和 安装", "sp": "Agent"}, {"s": 231825, "e": 232569, "w": "呵呵", "sp": "Customer"}, {"s": 232116, "e": 232970, "w": "好 的 行 那", "sp": "Agent"}, {"s": 232850, "e": 233155, "w": "嗯", "sp": "Customer"}, {"s": 232970, "e": 233183, "w": "我", "sp": "Agent"}, {"s": 233155, "e": 233461, "w": "好", "sp": "Customer"}, {"s": 233183, "e": 233610, "w": "这边", "sp": "Agent"}, {"s": 233461, "e": 233765, "w": "好", "sp": "Customer"}, {"s": 233610, "e": 234036, "w": "的话", "sp": "Agent"}, {"s": 233766, "e": 234378, "w": "关于", "sp": "Customer"}, {"s": 234036, "e": 234463, "w": "为 您", "sp": "Agent"}, {"s": 234378, "e": 234683, "w": "这", "sp": "Customer"}, {"s": 234463, "e": 234890, "w": "安排", "sp": "Agent"}, {"s": 234683, "e": 235599, "w": "问题 好", "sp": "Customer"}, {"s": 235450, "e": 236510, "w": "嗯", "sp": "Agent"}, {"s": 235600, "e": 237433, "w": "就是 都 是 一样", "sp": "Customer"}, {"s": 237210, "e": 237523, "w": "好 的", "sp": "Agent"}, {"s": 237434, "e": 237740, "w": "的", "sp": "Customer"}, {"s": 237523, "e": 245490, "w": "明白 了 行 那 我 这边 的话 为 您 安排 这边 就 先 不 打扰 您 了 嗯 好 的 您 稍后 注意 接听 电话 就 好 了 祝您 生活 愉快 再见", "sp": "Agent"}, {"s": 245750, "e": 246770, "w": "嗯", "sp": "Customer"}]}, "aqm": {"greeting": {"greeting_said": "您好, 大金, 空调, 客服, 请问, 女士", "n_greeting_said": 6, "score": 1}, "closing": {"closing_said": "您, 祝您, 生活, 愉快, 再见", "n_closing_said": 5, "score": 1}, "speed": {"speed_max": 6.57, "n_words": 83, "words": "的 明白 了 行 那 我 这边 的话 先 让 当地 门店 给 您 出 个 报案 报价 您 做 个 参考 如果 觉得 合适 的话 您 这边 再 告知 一下 呃 然后 的话 您 可以 有 您 房屋 的 户型图 啊 如果 有 的话 也 可以 发给 我 帮 您 做 个 户型图 设计", "start": 190044, "end": 202680}}}