{"mediaId": "2022031317211732808747464578303001", "status": "Success", "dateCreated": "2022-03-21T18:45:50Z", "contentType": "audio/x-wav", "channels": "future use", "length": 137, "metadata": {"Sid": 10173, "Site_id": 783, "Audio_ch_num": 87474645, "Audio_module_num": 783002, "Audio_start_time_gmt": "2022-03-13T09:21:17.327+08:00", "Transaction_id": "2022031317211732808747464578303001", "ContactID": "9144801767730000301", "Personal_id": "0", "Direction": 2, "Local_audio_start_time": "2022-03-13T17:21:17.327+08:00", "Local_audio_end_time": "2022-03-13T17:23:34.327+08:00", "Total_hold_time": "0", "Pbx_login_id": "800002", "Ani": "600027", "Extension": "600027", "String_extension": "600027", "Switch_call_id": "006f0330e46d50e5", "Switch_id": "783000001", "Duration_seconds": 137, "Wrapup_time_in_seconds": "0", "Dnis": "18350039363", "Number_of_conferences": "0", "Number_of_holds": "0", "Number_of_transfers": "0", "Percent_of_agent_call": "74", "Percent_of_other_call": "21", "Percent_of_mutual_silence": "35", "Num_of_agent_cross": "10", "Num_of_other_cross": "3", "IsException": 0, "CD2": "013GVT56OG919AP72LUHVB5AES000CNM"}, "transcript_detailed": {"words": [{"p": 1, "c": 0.9, "s": 950, "e": 1400, "w": "喂", "sp": "Agent"}, {"p": 2, "c": 0.9, "s": 1400, "e": 2300, "w": "你好", "sp": "Agent"}, {"p": 3, "c": 0.9, "s": 2070, "e": 2403, "w": "喂", "sp": "Customer"}, {"p": 4, "c": 0.9, "s": 2403, "e": 3070, "w": "你好", "sp": "Customer"}, {"p": 5, "c": 0.9, "s": 3090, "e": 3268, "w": "喂", "sp": "Agent"}, {"p": 6, "c": 0.9, "s": 3268, "e": 3623, "w": "你好", "sp": "Agent"}, {"p": 7, "c": 0.9, "s": 3624, "e": 3980, "w": "这边", "sp": "Agent"}, {"p": 8, "c": 0.9, "s": 3980, "e": 4158, "w": "是", "sp": "Agent"}, {"p": 9, "c": 0.9, "s": 4158, "e": 4514, "w": "大金", "sp": "Agent"}, {"p": 10, "c": 0.9, "s": 4514, "e": 4692, "w": "天", "sp": "Agent"}, {"p": 11, "c": 0.9, "s": 4692, "e": 4870, "w": "猫", "sp": "Agent"}, {"p": 12, "c": 0.9, "s": 4870, "e": 5226, "w": "厂房", "sp": "Agent"}, {"p": 13, "c": 0.9, "s": 5226, "e": 5582, "w": "客服", "sp": "Agent"}, {"p": 14, "c": 0.9, "s": 5582, "e": 5937, "w": "就是", "sp": "Agent"}, {"p": 15, "c": 0.9, "s": 5938, "e": 6116, "w": "您", "sp": "Agent"}, {"p": 16, "c": 0.9, "s": 6116, "e": 6472, "w": "刚才", "sp": "Agent"}, {"p": 17, "c": 0.9, "s": 6472, "e": 6650, "w": "有", "sp": "Agent"}, {"p": 18, "c": 0.9, "s": 6650, "e": 7006, "w": "在线", "sp": "Agent"}, {"p": 19, "c": 0.9, "s": 7006, "e": 7184, "w": "上", "sp": "Agent"}, {"p": 20, "c": 0.9, "s": 7184, "e": 7362, "w": "留", "sp": "Agent"}, {"p": 21, "c": 0.9, "s": 7362, "e": 7540, "w": "了", "sp": "Agent"}, {"p": 22, "c": 0.9, "s": 7540, "e": 7896, "w": "联系", "sp": "Agent"}, {"p": 23, "c": 0.9, "s": 7896, "e": 8253, "w": "电话", "sp": "Agent"}, {"p": 24, "c": 0.9, "s": 8253, "e": 8431, "w": "您", "sp": "Agent"}, {"p": 25, "c": 0.9, "s": 8431, "e": 8787, "w": "这边", "sp": "Agent"}, {"p": 26, "c": 0.9, "s": 8787, "e": 8965, "w": "是", "sp": "Agent"}, {"p": 27, "c": 0.9, "s": 8965, "e": 9321, "w": "一个", "sp": "Agent"}, {"p": 28, "c": 0.9, "s": 9321, "e": 9499, "w": "八", "sp": "Agent"}, {"p": 29, "c": 0.9, "s": 9499, "e": 9855, "w": "六九", "sp": "Agent"}, {"p": 30, "c": 0.9, "s": 9855, "e": 10033, "w": "平", "sp": "Agent"}, {"p": 31, "c": 0.9, "s": 10033, "e": 10745, "w": "三室一厅", "sp": "Agent"}, {"p": 32, "c": 0.9, "s": 10745, "e": 10923, "w": "的", "sp": "Agent"}, {"p": 33, "c": 0.9, "s": 10923, "e": 11279, "w": "房子", "sp": "Agent"}, {"p": 34, "c": 0.9, "s": 11279, "e": 11635, "w": "准备", "sp": "Agent"}, {"p": 35, "c": 0.9, "s": 11635, "e": 11991, "w": "安装", "sp": "Agent"}, {"p": 36, "c": 0.9, "s": 11991, "e": 12347, "w": "中央", "sp": "Agent"}, {"p": 37, "c": 0.9, "s": 12347, "e": 12703, "w": "空调", "sp": "Agent"}, {"p": 38, "c": 0.9, "s": 12703, "e": 12881, "w": "是", "sp": "Agent"}, {"p": 39, "c": 0.9, "s": 12840, "e": 13890, "w": "嗯", "sp": "Customer"}, {"p": 40, "c": 0.9, "s": 12881, "e": 13059, "w": "吗", "sp": "Agent"}, {"p": 41, "c": 0.9, "s": 13810, "e": 14016, "w": "对", "sp": "Agent"}, {"p": 42, "c": 0.9, "s": 14016, "e": 14222, "w": "您", "sp": "Agent"}, {"p": 43, "c": 0.9, "s": 14222, "e": 14428, "w": "您", "sp": "Agent"}, {"p": 44, "c": 0.9, "s": 14428, "e": 14840, "w": "这边", "sp": "Agent"}, {"p": 45, "c": 0.9, "s": 14840, "e": 15046, "w": "的", "sp": "Agent"}, {"p": 46, "c": 0.9, "s": 15046, "e": 15459, "w": "房子", "sp": "Agent"}, {"p": 47, "c": 0.9, "s": 15459, "e": 15665, "w": "是", "sp": "Agent"}, {"p": 48, "c": 0.9, "s": 15665, "e": 15871, "w": "在", "sp": "Agent"}, {"p": 49, "c": 0.9, "s": 15871, "e": 16283, "w": "哪里", "sp": "Agent"}, {"p": 50, "c": 0.9, "s": 16283, "e": 16490, "w": "啊", "sp": "Agent"}, {"p": 51, "c": 0.9, "s": 17380, "e": 18039, "w": "徐州", "sp": "Customer"}, {"p": 52, "c": 0.9, "s": 18040, "e": 18700, "w": "这边", "sp": "Customer"}, {"p": 53, "c": 0.9, "s": 18520, "e": 19253, "w": "哪里", "sp": "Agent"}, {"p": 54, "c": 0.9, "s": 19253, "e": 19620, "w": "啊", "sp": "Agent"}, {"p": 55, "c": 0.9, "s": 19620, "e": 19983, "w": "你", "sp": "Customer"}, {"p": 56, "c": 0.9, "s": 19983, "e": 20346, "w": "说", "sp": "Customer"}, {"p": 57, "c": 0.9, "s": 20346, "e": 20710, "w": "吧", "sp": "Customer"}, {"p": 58, "c": 0.9, "s": 20530, "e": 21300, "w": "福州", "sp": "Agent"}, {"p": 59, "c": 0.9, "s": 21300, "e": 21685, "w": "是", "sp": "Agent"}, {"p": 60, "c": 0.9, "s": 21685, "e": 22070, "w": "吧", "sp": "Agent"}, {"p": 61, "c": 0.9, "s": 21770, "e": 22780, "w": "嗯", "sp": "Customer"}, {"p": 62, "c": 0.9, "s": 22460, "e": 22852, "w": "福州", "sp": "Agent"}, {"p": 63, "c": 0.9, "s": 22853, "e": 23246, "w": "哪个", "sp": "Agent"}, {"p": 64, "c": 0.9, "s": 23246, "e": 23640, "w": "位置", "sp": "Agent"}, {"p": 65, "c": 0.9, "s": 23640, "e": 24033, "w": "方便", "sp": "Agent"}, {"p": 66, "c": 0.9, "s": 24033, "e": 24230, "w": "说", "sp": "Agent"}, {"p": 67, "c": 0.9, "s": 24230, "e": 24623, "w": "一下", "sp": "Agent"}, {"p": 68, "c": 0.9, "s": 24623, "e": 24820, "w": "吗", "sp": "Agent"}, {"p": 69, "c": 0.9, "s": 24980, "e": 25376, "w": "呃", "sp": "Customer"}, {"p": 70, "c": 0.9, "s": 25377, "e": 26172, "w": "怎么", "sp": "Customer"}, {"p": 71, "c": 0.9, "s": 26172, "e": 26570, "w": "了", "sp": "Customer"}, {"p": 72, "c": 0.9, "s": 26640, "e": 26831, "w": "啊", "sp": "Agent"}, {"p": 73, "c": 0.9, "s": 26831, "e": 27213, "w": "因为", "sp": "Agent"}, {"p": 74, "c": 0.9, "s": 27213, "e": 27595, "w": "这边", "sp": "Agent"}, {"p": 75, "c": 0.9, "s": 27596, "e": 27787, "w": "是", "sp": "Agent"}, {"p": 76, "c": 0.9, "s": 27787, "e": 27978, "w": "会", "sp": "Agent"}, {"p": 77, "c": 0.9, "s": 27978, "e": 28361, "w": "安排", "sp": "Agent"}, {"p": 78, "c": 0.9, "s": 28361, "e": 28744, "w": "咱们", "sp": "Agent"}, {"p": 79, "c": 0.9, "s": 28744, "e": 28935, "w": "的", "sp": "Agent"}, {"p": 80, "c": 0.9, "s": 28935, "e": 29317, "w": "一个", "sp": "Agent"}, {"p": 81, "c": 0.9, "s": 29317, "e": 29699, "w": "专业", "sp": "Agent"}, {"p": 82, "c": 0.9, "s": 29700, "e": 29891, "w": "的", "sp": "Agent"}, {"p": 83, "c": 0.9, "s": 29891, "e": 30274, "w": "司机", "sp": "Agent"}, {"p": 84, "c": 0.9, "s": 30274, "e": 30465, "w": "跟", "sp": "Agent"}, {"p": 85, "c": 0.9, "s": 30465, "e": 30656, "w": "您", "sp": "Agent"}, {"p": 86, "c": 0.9, "s": 30656, "e": 30848, "w": "去", "sp": "Agent"}, {"p": 87, "c": 0.9, "s": 30848, "e": 31230, "w": "联系", "sp": "Agent"}, {"p": 88, "c": 0.9, "s": 31230, "e": 31421, "w": "您", "sp": "Agent"}, {"p": 89, "c": 0.9, "s": 31422, "e": 31804, "w": "然后", "sp": "Agent"}, {"p": 90, "c": 0.9, "s": 31804, "e": 32187, "w": "沟通", "sp": "Agent"}, {"p": 91, "c": 0.9, "s": 32187, "e": 32569, "w": "方案", "sp": "Agent"}, {"p": 92, "c": 0.9, "s": 32569, "e": 32952, "w": "报价", "sp": "Agent"}, {"p": 93, "c": 0.9, "s": 32952, "e": 33143, "w": "给", "sp": "Agent"}, {"p": 94, "c": 0.9, "s": 33143, "e": 33334, "w": "到", "sp": "Agent"}, {"p": 95, "c": 0.9, "s": 33334, "e": 33526, "w": "您", "sp": "Agent"}, {"p": 96, "c": 0.9, "s": 33526, "e": 33908, "w": "参考", "sp": "Agent"}, {"p": 97, "c": 0.9, "s": 33908, "e": 34100, "w": "的", "sp": "Agent"}, {"p": 98, "c": 0.9, "s": 34550, "e": 36250, "w": "呃", "sp": "Customer"}, {"p": 99, "c": 0.9, "s": 36940, "e": 37213, "w": "呃", "sp": "Customer"}, {"p": 100, "c": 0.9, "s": 37214, "e": 37488, "w": "你", "sp": "Customer"}, {"p": 101, "c": 0.9, "s": 37488, "e": 38037, "w": "那个", "sp": "Customer"}, {"p": 102, "c": 0.9, "s": 38037, "e": 38586, "w": "的话", "sp": "Customer"}, {"p": 103, "c": 0.9, "s": 38586, "e": 38861, "w": "四", "sp": "Customer"}, {"p": 104, "c": 0.9, "s": 38861, "e": 39135, "w": "批", "sp": "Customer"}, {"p": 105, "c": 0.9, "s": 39135, "e": 39410, "w": "四", "sp": "Customer"}, {"p": 106, "c": 0.9, "s": 39410, "e": 39684, "w": "批", "sp": "Customer"}, {"p": 107, "c": 0.9, "s": 39684, "e": 39957, "w": "的", "sp": "Customer"}, {"p": 108, "c": 0.9, "s": 39958, "e": 40233, "w": "批", "sp": "Customer"}, {"p": 109, "c": 0.9, "s": 40233, "e": 40782, "w": "现在", "sp": "Customer"}, {"p": 110, "c": 0.9, "s": 40782, "e": 41056, "w": "是", "sp": "Customer"}, {"p": 111, "c": 0.9, "s": 41056, "e": 41880, "w": "多少钱", "sp": "Customer"}, {"p": 112, "c": 0.9, "s": 42040, "e": 42332, "w": "四", "sp": "Agent"}, {"p": 113, "c": 0.9, "s": 42332, "e": 42625, "w": "匹", "sp": "Agent"}, {"p": 114, "c": 0.9, "s": 42625, "e": 42917, "w": "的", "sp": "Agent"}, {"p": 115, "c": 0.9, "s": 42917, "e": 43210, "w": "P", "sp": "Agent"}, {"p": 116, "c": 0.9, "s": 43210, "e": 43795, "w": "系列", "sp": "Agent"}, {"p": 117, "c": 0.9, "s": 43790, "e": 44187, "w": "B", "sp": "Customer"}, {"p": 118, "c": 0.9, "s": 43795, "e": 44086, "w": "是", "sp": "Agent"}, {"p": 119, "c": 0.9, "s": 44087, "e": 44380, "w": "吧", "sp": "Agent"}, {"p": 120, "c": 0.9, "s": 44187, "e": 44585, "w": "B", "sp": "Customer"}, {"p": 121, "c": 0.9, "s": 44585, "e": 45379, "w": "系列", "sp": "Customer"}, {"p": 122, "c": 0.9, "s": 45670, "e": 46281, "w": "利息", "sp": "Agent"}, {"p": 123, "c": 0.9, "s": 46282, "e": 46588, "w": "的", "sp": "Agent"}, {"p": 124, "c": 0.9, "s": 46530, "e": 47140, "w": "啊", "sp": "Customer"}, {"p": 125, "c": 0.9, "s": 46588, "e": 46894, "w": "是", "sp": "Agent"}, {"p": 126, "c": 0.9, "s": 46894, "e": 47200, "w": "吧", "sp": "Agent"}, {"p": 127, "c": 0.9, "s": 47140, "e": 47750, "w": "对", "sp": "Customer"}, {"p": 128, "c": 0.9, "s": 47640, "e": 47802, "w": "那", "sp": "Agent"}, {"p": 129, "c": 0.9, "s": 47802, "e": 47964, "w": "像", "sp": "Agent"}, {"p": 130, "c": 0.9, "s": 47965, "e": 48291, "w": "价格", "sp": "Agent"}, {"p": 131, "c": 0.9, "s": 48291, "e": 48617, "w": "的话", "sp": "Agent"}, {"p": 132, "c": 0.9, "s": 48617, "e": 48942, "w": "需要", "sp": "Agent"}, {"p": 133, "c": 0.9, "s": 48942, "e": 49268, "w": "咱们", "sp": "Agent"}, {"p": 134, "c": 0.9, "s": 49268, "e": 49594, "w": "门店", "sp": "Agent"}, {"p": 135, "c": 0.9, "s": 49594, "e": 49920, "w": "司机", "sp": "Agent"}, {"p": 136, "c": 0.9, "s": 49920, "e": 50081, "w": "跟", "sp": "Agent"}, {"p": 137, "c": 0.9, "s": 50082, "e": 50245, "w": "您", "sp": "Agent"}, {"p": 138, "c": 0.9, "s": 50245, "e": 50571, "w": "沟通", "sp": "Agent"}, {"p": 139, "c": 0.9, "s": 50571, "e": 50733, "w": "才", "sp": "Agent"}, {"p": 140, "c": 0.9, "s": 50734, "e": 50897, "w": "好", "sp": "Agent"}, {"p": 141, "c": 0.9, "s": 50897, "e": 51059, "w": "去", "sp": "Agent"}, {"p": 142, "c": 0.9, "s": 51060, "e": 51385, "w": "确定", "sp": "Agent"}, {"p": 143, "c": 0.9, "s": 51385, "e": 51547, "w": "您", "sp": "Agent"}, {"p": 144, "c": 0.9, "s": 51548, "e": 51711, "w": "是", "sp": "Agent"}, {"p": 145, "c": 0.9, "s": 51711, "e": 51873, "w": "有", "sp": "Agent"}, {"p": 146, "c": 0.9, "s": 51874, "e": 52037, "w": "在", "sp": "Agent"}, {"p": 147, "c": 0.9, "s": 52037, "e": 52362, "w": "门店", "sp": "Agent"}, {"p": 148, "c": 0.9, "s": 52362, "e": 52688, "w": "了解", "sp": "Agent"}, {"p": 149, "c": 0.9, "s": 52688, "e": 52850, "w": "过", "sp": "Agent"}, {"p": 150, "c": 0.9, "s": 52851, "e": 53014, "w": "了", "sp": "Agent"}, {"p": 151, "c": 0.9, "s": 53014, "e": 53177, "w": "是", "sp": "Agent"}, {"p": 152, "c": 0.9, "s": 53177, "e": 53339, "w": "吧", "sp": "Agent"}, {"p": 153, "c": 0.9, "s": 53330, "e": 53720, "w": "嗯", "sp": "Customer"}, {"p": 154, "c": 0.9, "s": 53720, "e": 54500, "w": "没有", "sp": "Customer"}, {"p": 155, "c": 0.9, "s": 54500, "e": 54890, "w": "啊", "sp": "Customer"}, {"p": 156, "c": 0.9, "s": 55710, "e": 56211, "w": "没有", "sp": "Agent"}, {"p": 157, "c": 0.9, "s": 56211, "e": 56461, "w": "那", "sp": "Agent"}, {"p": 158, "c": 0.9, "s": 56461, "e": 56711, "w": "您", "sp": "Agent"}, {"p": 159, "c": 0.9, "s": 56712, "e": 56962, "w": "是", "sp": "Agent"}, {"p": 160, "c": 0.9, "s": 56962, "e": 57213, "w": "从", "sp": "Agent"}, {"p": 161, "c": 0.9, "s": 57213, "e": 57714, "w": "哪里", "sp": "Agent"}, {"p": 162, "c": 0.9, "s": 57714, "e": 58215, "w": "了解", "sp": "Agent"}, {"p": 163, "c": 0.9, "s": 58215, "e": 58716, "w": "咱们", "sp": "Agent"}, {"p": 164, "c": 0.9, "s": 58716, "e": 58967, "w": "的", "sp": "Agent"}, {"p": 165, "c": 0.9, "s": 58967, "e": 59468, "w": "一个", "sp": "Agent"}, {"p": 166, "c": 0.9, "s": 59468, "e": 59968, "w": "必须", "sp": "Agent"}, {"p": 167, "c": 0.9, "s": 59969, "e": 60220, "w": "点", "sp": "Agent"}, {"p": 168, "c": 0.9, "s": 60620, "e": 60906, "w": "那", "sp": "Customer"}, {"p": 169, "c": 0.9, "s": 60906, "e": 61192, "w": "我", "sp": "Customer"}, {"p": 170, "c": 0.9, "s": 61193, "e": 61766, "w": "那个", "sp": "Customer"}, {"p": 171, "c": 0.9, "s": 61766, "e": 62340, "w": "亲戚", "sp": "Customer"}, {"p": 172, "c": 0.9, "s": 62340, "e": 62626, "w": "也", "sp": "Customer"}, {"p": 173, "c": 0.9, "s": 62626, "e": 62913, "w": "转", "sp": "Customer"}, {"p": 174, "c": 0.9, "s": 62913, "e": 63199, "w": "过", "sp": "Customer"}, {"p": 175, "c": 0.9, "s": 63160, "e": 63420, "w": "啊", "sp": "Agent"}, {"p": 176, "c": 0.9, "s": 63420, "e": 63679, "w": "你", "sp": "Agent"}, {"p": 177, "c": 0.9, "s": 63680, "e": 64199, "w": "朋友", "sp": "Agent"}, {"p": 178, "c": 0.9, "s": 64199, "e": 64719, "w": "安装", "sp": "Agent"}, {"p": 179, "c": 0.9, "s": 64720, "e": 64980, "w": "过", "sp": "Agent"}, {"p": 180, "c": 0.9, "s": 64980, "e": 65240, "w": "是", "sp": "Agent"}, {"p": 181, "c": 0.9, "s": 65059, "e": 65545, "w": "对", "sp": "Customer"}, {"p": 182, "c": 0.9, "s": 65239, "e": 65500, "w": "吧", "sp": "Agent"}, {"p": 183, "c": 0.9, "s": 65545, "e": 66030, "w": "的", "sp": "Customer"}, {"p": 184, "c": 0.9, "s": 65780, "e": 65966, "w": "嗯", "sp": "Agent"}, {"p": 185, "c": 0.9, "s": 65967, "e": 66342, "w": "因为", "sp": "Agent"}, {"p": 186, "c": 0.9, "s": 66342, "e": 66530, "w": "是", "sp": "Agent"}, {"p": 187, "c": 0.9, "s": 66530, "e": 66905, "w": "这样", "sp": "Agent"}, {"p": 188, "c": 0.9, "s": 66905, "e": 67091, "w": "的", "sp": "Agent"}, {"p": 189, "c": 0.9, "s": 67092, "e": 67467, "w": "因为", "sp": "Agent"}, {"p": 190, "c": 0.9, "s": 67467, "e": 67655, "w": "线", "sp": "Agent"}, {"p": 191, "c": 0.9, "s": 67655, "e": 67841, "w": "上", "sp": "Agent"}, {"p": 192, "c": 0.9, "s": 67842, "e": 68030, "w": "的", "sp": "Agent"}, {"p": 193, "c": 0.9, "s": 68030, "e": 68405, "w": "客服", "sp": "Agent"}, {"p": 194, "c": 0.9, "s": 68405, "e": 68591, "w": "呢", "sp": "Agent"}, {"p": 195, "c": 0.9, "s": 68592, "e": 68967, "w": "这边", "sp": "Agent"}, {"p": 196, "c": 0.9, "s": 68967, "e": 69155, "w": "主", "sp": "Agent"}, {"p": 197, "c": 0.9, "s": 69155, "e": 69530, "w": "要是", "sp": "Agent"}, {"p": 198, "c": 0.9, "s": 69530, "e": 69905, "w": "作为", "sp": "Agent"}, {"p": 199, "c": 0.9, "s": 69905, "e": 70280, "w": "一个", "sp": "Agent"}, {"p": 200, "c": 0.9, "s": 70280, "e": 70655, "w": "全国", "sp": "Agent"}, {"p": 201, "c": 0.9, "s": 70655, "e": 71030, "w": "客服", "sp": "Agent"}, {"p": 202, "c": 0.9, "s": 71030, "e": 71405, "w": "中心", "sp": "Agent"}, {"p": 203, "c": 0.9, "s": 71405, "e": 71591, "w": "主", "sp": "Agent"}, {"p": 204, "c": 0.9, "s": 71592, "e": 71967, "w": "要是", "sp": "Agent"}, {"p": 205, "c": 0.9, "s": 71967, "e": 72155, "w": "产", "sp": "Agent"}, {"p": 206, "c": 0.9, "s": 72155, "e": 72341, "w": "产", "sp": "Agent"}, {"p": 207, "c": 0.9, "s": 72342, "e": 72717, "w": "那个", "sp": "Agent"}, {"p": 208, "c": 0.9, "s": 72717, "e": 73092, "w": "讲解", "sp": "Agent"}, {"p": 209, "c": 0.9, "s": 73092, "e": 73467, "w": "产品", "sp": "Agent"}, {"p": 210, "c": 0.9, "s": 73467, "e": 73655, "w": "啊", "sp": "Agent"}, {"p": 211, "c": 0.9, "s": 73655, "e": 73841, "w": "像", "sp": "Agent"}, {"p": 212, "c": 0.9, "s": 73842, "e": 74217, "w": "价格", "sp": "Agent"}, {"p": 213, "c": 0.9, "s": 74217, "e": 74592, "w": "的话", "sp": "Agent"}, {"p": 214, "c": 0.9, "s": 74592, "e": 74967, "w": "需要", "sp": "Agent"}, {"p": 215, "c": 0.9, "s": 74967, "e": 75342, "w": "咱们", "sp": "Agent"}, {"p": 216, "c": 0.9, "s": 75342, "e": 75530, "w": "的", "sp": "Agent"}, {"p": 217, "c": 0.9, "s": 75530, "e": 75905, "w": "一个", "sp": "Agent"}, {"p": 218, "c": 0.9, "s": 75905, "e": 76280, "w": "门店", "sp": "Agent"}, {"p": 219, "c": 0.9, "s": 76280, "e": 76841, "w": "设计师", "sp": "Agent"}, {"p": 220, "c": 0.9, "s": 76842, "e": 77030, "w": "跟", "sp": "Agent"}, {"p": 221, "c": 0.9, "s": 77030, "e": 77216, "w": "您", "sp": "Agent"}, {"p": 222, "c": 0.9, "s": 77200, "e": 78530, "w": "嗯", "sp": "Customer"}, {"p": 223, "c": 0.9, "s": 77217, "e": 77405, "w": "去", "sp": "Agent"}, {"p": 224, "c": 0.9, "s": 77405, "e": 77780, "w": "沟通", "sp": "Agent"}, {"p": 225, "c": 0.9, "s": 77780, "e": 78155, "w": "确定", "sp": "Agent"}, {"p": 226, "c": 0.9, "s": 78155, "e": 78530, "w": "型号", "sp": "Agent"}, {"p": 227, "c": 0.9, "s": 78530, "e": 78716, "w": "啊", "sp": "Agent"}, {"p": 228, "c": 0.9, "s": 78717, "e": 79092, "w": "等等", "sp": "Agent"}, {"p": 229, "c": 0.9, "s": 79092, "e": 79280, "w": "才", "sp": "Agent"}, {"p": 230, "c": 0.9, "s": 79280, "e": 79466, "w": "好", "sp": "Agent"}, {"p": 231, "c": 0.9, "s": 79467, "e": 79655, "w": "去", "sp": "Agent"}, {"p": 232, "c": 0.9, "s": 79520, "e": 79760, "w": "嗯", "sp": "Customer"}, {"p": 233, "c": 0.9, "s": 79655, "e": 80030, "w": "报价", "sp": "Agent"}, {"p": 234, "c": 0.9, "s": 79761, "e": 80002, "w": "那", "sp": "Customer"}, {"p": 235, "c": 0.9, "s": 80002, "e": 80485, "w": "那行", "sp": "Customer"}, {"p": 236, "c": 0.9, "s": 80485, "e": 80726, "w": "吧", "sp": "Customer"}, {"p": 237, "c": 0.9, "s": 80726, "e": 80967, "w": "那", "sp": "Customer"}, {"p": 238, "c": 0.9, "s": 80968, "e": 81209, "w": "我", "sp": "Customer"}, {"p": 239, "c": 0.9, "s": 81209, "e": 81692, "w": "自己", "sp": "Customer"}, {"p": 240, "c": 0.9, "s": 81692, "e": 81933, "w": "去", "sp": "Customer"}, {"p": 241, "c": 0.9, "s": 81933, "e": 82416, "w": "门店", "sp": "Customer"}, {"p": 242, "c": 0.9, "s": 82416, "e": 82657, "w": "看", "sp": "Customer"}, {"p": 243, "c": 0.9, "s": 82657, "e": 83140, "w": "一下", "sp": "Customer"}, {"p": 244, "c": 0.9, "s": 83030, "e": 83198, "w": "呃", "sp": "Agent"}, {"p": 245, "c": 0.9, "s": 83198, "e": 83534, "w": "因为", "sp": "Agent"}, {"p": 246, "c": 0.9, "s": 83534, "e": 83701, "w": "像", "sp": "Agent"}, {"p": 247, "c": 0.9, "s": 83702, "e": 84038, "w": "现在", "sp": "Agent"}, {"p": 248, "c": 0.9, "s": 84038, "e": 84374, "w": "咱们", "sp": "Agent"}, {"p": 249, "c": 0.9, "s": 84374, "e": 84542, "w": "线", "sp": "Agent"}, {"p": 250, "c": 0.9, "s": 84542, "e": 84710, "w": "上", "sp": "Agent"}, {"p": 251, "c": 0.9, "s": 84710, "e": 84878, "w": "是", "sp": "Agent"}, {"p": 252, "c": 0.9, "s": 84878, "e": 85215, "w": "可以", "sp": "Agent"}, {"p": 253, "c": 0.9, "s": 85215, "e": 85382, "w": "帮", "sp": "Agent"}, {"p": 254, "c": 0.9, "s": 85383, "e": 85551, "w": "您", "sp": "Agent"}, {"p": 255, "c": 0.9, "s": 85551, "e": 85719, "w": "去", "sp": "Agent"}, {"p": 256, "c": 0.9, "s": 85719, "e": 86055, "w": "安排", "sp": "Agent"}, {"p": 257, "c": 0.9, "s": 86055, "e": 86391, "w": "咱们", "sp": "Agent"}, {"p": 258, "c": 0.9, "s": 86391, "e": 86559, "w": "的", "sp": "Agent"}, {"p": 259, "c": 0.9, "s": 86559, "e": 86895, "w": "一个", "sp": "Agent"}, {"p": 260, "c": 0.9, "s": 86895, "e": 87230, "w": "门店", "sp": "Agent"}, {"p": 261, "c": 0.9, "s": 87231, "e": 87400, "w": "去", "sp": "Agent"}, {"p": 262, "c": 0.9, "s": 87400, "e": 87568, "w": "跟", "sp": "Agent"}, {"p": 263, "c": 0.9, "s": 87568, "e": 87736, "w": "您", "sp": "Agent"}, {"p": 264, "c": 0.9, "s": 87736, "e": 88072, "w": "对接", "sp": "Agent"}, {"p": 265, "c": 0.9, "s": 88072, "e": 88240, "w": "的", "sp": "Agent"}, {"p": 266, "c": 0.9, "s": 88240, "e": 88576, "w": "并且", "sp": "Agent"}, {"p": 267, "c": 0.9, "s": 88576, "e": 88911, "w": "咱们", "sp": "Agent"}, {"p": 268, "c": 0.9, "s": 88912, "e": 89080, "w": "线", "sp": "Agent"}, {"p": 269, "c": 0.9, "s": 89080, "e": 89248, "w": "上", "sp": "Agent"}, {"p": 270, "c": 0.9, "s": 89248, "e": 89585, "w": "安排", "sp": "Agent"}, {"p": 271, "c": 0.9, "s": 89585, "e": 89753, "w": "都", "sp": "Agent"}, {"p": 272, "c": 0.9, "s": 89753, "e": 89921, "w": "是", "sp": "Agent"}, {"p": 273, "c": 0.9, "s": 89921, "e": 90257, "w": "咱们", "sp": "Agent"}, {"p": 274, "c": 0.9, "s": 90257, "e": 90593, "w": "大厅", "sp": "Agent"}, {"p": 275, "c": 0.9, "s": 90593, "e": 90929, "w": "官方", "sp": "Agent"}, {"p": 276, "c": 0.9, "s": 90929, "e": 91265, "w": "认证", "sp": "Agent"}, {"p": 277, "c": 0.9, "s": 91265, "e": 91433, "w": "的", "sp": "Agent"}, {"p": 278, "c": 0.9, "s": 91433, "e": 91770, "w": "门店", "sp": "Agent"}, {"p": 279, "c": 0.9, "s": 91870, "e": 92094, "w": "嗯", "sp": "Customer"}, {"p": 280, "c": 0.9, "s": 92094, "e": 92544, "w": "没事", "sp": "Customer"}, {"p": 281, "c": 0.9, "s": 92544, "e": 92769, "w": "你", "sp": "Customer"}, {"p": 282, "c": 0.9, "s": 92769, "e": 93218, "w": "那个", "sp": "Customer"}, {"p": 283, "c": 0.9, "s": 93219, "e": 93668, "w": "的话", "sp": "Customer"}, {"p": 284, "c": 0.9, "s": 93668, "e": 93893, "w": "那", "sp": "Customer"}, {"p": 285, "c": 0.9, "s": 93893, "e": 94118, "w": "我", "sp": "Customer"}, {"p": 286, "c": 0.9, "s": 94118, "e": 94567, "w": "直接", "sp": "Customer"}, {"p": 287, "c": 0.9, "s": 94568, "e": 95017, "w": "那边", "sp": "Customer"}, {"p": 288, "c": 0.9, "s": 95017, "e": 95242, "w": "都", "sp": "Customer"}, {"p": 289, "c": 0.9, "s": 95242, "e": 95466, "w": "是", "sp": "Customer"}, {"p": 290, "c": 0.9, "s": 95467, "e": 95692, "w": "线", "sp": "Customer"}, {"p": 291, "c": 0.9, "s": 95692, "e": 95917, "w": "下", "sp": "Customer"}, {"p": 292, "c": 0.9, "s": 95917, "e": 96366, "w": "按照", "sp": "Customer"}, {"p": 293, "c": 0.9, "s": 96366, "e": 96815, "w": "那个", "sp": "Customer"}, {"p": 294, "c": 0.9, "s": 96816, "e": 97041, "w": "直", "sp": "Customer"}, {"p": 295, "c": 0.9, "s": 97041, "e": 97490, "w": "接线", "sp": "Customer"}, {"p": 296, "c": 0.9, "s": 97490, "e": 97715, "w": "下", "sp": "Customer"}, {"p": 297, "c": 0.9, "s": 97715, "e": 97939, "w": "做", "sp": "Customer"}, {"p": 298, "c": 0.9, "s": 97940, "e": 98165, "w": "就", "sp": "Customer"}, {"p": 299, "c": 0.9, "s": 98165, "e": 98615, "w": "可以", "sp": "Customer"}, {"p": 300, "c": 0.9, "s": 98615, "e": 98840, "w": "了", "sp": "Customer"}, {"p": 301, "c": 0.9, "s": 98700, "e": 98888, "w": "嗯", "sp": "Agent"}, {"p": 302, "c": 0.9, "s": 98888, "e": 99076, "w": "也", "sp": "Agent"}, {"p": 303, "c": 0.9, "s": 99076, "e": 99452, "w": "可以", "sp": "Agent"}, {"p": 304, "c": 0.9, "s": 99453, "e": 99641, "w": "您", "sp": "Agent"}, {"p": 305, "c": 0.9, "s": 99641, "e": 100018, "w": "可以", "sp": "Agent"}, {"p": 306, "c": 0.9, "s": 100018, "e": 100395, "w": "可以", "sp": "Agent"}, {"p": 307, "c": 0.9, "s": 100395, "e": 100771, "w": "直接", "sp": "Agent"}, {"p": 308, "c": 0.9, "s": 100772, "e": 100960, "w": "呃", "sp": "Agent"}, {"p": 309, "c": 0.9, "s": 100960, "e": 101337, "w": "联系", "sp": "Agent"}, {"p": 310, "c": 0.9, "s": 101337, "e": 101713, "w": "咱们", "sp": "Agent"}, {"p": 311, "c": 0.9, "s": 101713, "e": 101902, "w": "线", "sp": "Agent"}, {"p": 312, "c": 0.9, "s": 101902, "e": 102090, "w": "下", "sp": "Agent"}, {"p": 313, "c": 0.9, "s": 102090, "e": 102655, "w": "没关系", "sp": "Agent"}, {"p": 314, "c": 0.9, "s": 102350, "e": 102729, "w": "嗯", "sp": "Customer"}, {"p": 315, "c": 0.9, "s": 102655, "e": 102844, "w": "嗯", "sp": "Agent"}, {"p": 316, "c": 0.9, "s": 102730, "e": 103110, "w": "好", "sp": "Customer"}, {"p": 317, "c": 0.9, "s": 102844, "e": 103032, "w": "好", "sp": "Agent"}, {"p": 318, "c": 0.9, "s": 103032, "e": 103220, "w": "就", "sp": "Agent"}, {"p": 319, "c": 0.9, "s": 103110, "e": 103490, "w": "嗯", "sp": "Customer"}, {"p": 320, "c": 0.9, "s": 103220, "e": 103409, "w": "像", "sp": "Agent"}, {"p": 321, "c": 0.9, "s": 103409, "e": 103597, "w": "您", "sp": "Agent"}, {"p": 322, "c": 0.9, "s": 103597, "e": 103974, "w": "方便", "sp": "Agent"}, {"p": 323, "c": 0.9, "s": 103974, "e": 104162, "w": "问", "sp": "Agent"}, {"p": 324, "c": 0.9, "s": 104162, "e": 104539, "w": "一下", "sp": "Agent"}, {"p": 325, "c": 0.9, "s": 104539, "e": 104727, "w": "是", "sp": "Agent"}, {"p": 326, "c": 0.9, "s": 104727, "e": 104916, "w": "在", "sp": "Agent"}, {"p": 327, "c": 0.9, "s": 104916, "e": 105292, "w": "福州", "sp": "Agent"}, {"p": 328, "c": 0.9, "s": 105292, "e": 105669, "w": "哪个", "sp": "Agent"}, {"p": 329, "c": 0.9, "s": 105669, "e": 106046, "w": "区域", "sp": "Agent"}, {"p": 330, "c": 0.9, "s": 106046, "e": 106234, "w": "吗", "sp": "Agent"}, {"p": 331, "c": 0.9, "s": 106234, "e": 106611, "w": "因为", "sp": "Agent"}, {"p": 332, "c": 0.9, "s": 106611, "e": 106799, "w": "您", "sp": "Agent"}, {"p": 333, "c": 0.9, "s": 106799, "e": 107176, "w": "可以", "sp": "Agent"}, {"p": 334, "c": 0.9, "s": 107176, "e": 107553, "w": "参与", "sp": "Agent"}, {"p": 335, "c": 0.9, "s": 107553, "e": 107741, "w": "线", "sp": "Agent"}, {"p": 336, "c": 0.9, "s": 107741, "e": 107929, "w": "上", "sp": "Agent"}, {"p": 337, "c": 0.9, "s": 107929, "e": 108118, "w": "的", "sp": "Agent"}, {"p": 338, "c": 0.9, "s": 108118, "e": 108493, "w": "一个", "sp": "Agent"}, {"p": 339, "c": 0.9, "s": 108494, "e": 108871, "w": "活动", "sp": "Agent"}, {"p": 340, "c": 0.9, "s": 108871, "e": 109060, "w": "呀", "sp": "Agent"}, {"p": 341, "c": 0.9, "s": 109730, "e": 110246, "w": "什么", "sp": "Customer"}, {"p": 342, "c": 0.9, "s": 110246, "e": 110762, "w": "活动", "sp": "Customer"}, {"p": 343, "c": 0.9, "s": 110762, "e": 111020, "w": "啊", "sp": "Customer"}, {"p": 344, "c": 0.9, "s": 110890, "e": 111087, "w": "那", "sp": "Agent"}, {"p": 345, "c": 0.9, "s": 111087, "e": 111481, "w": "这个", "sp": "Agent"}, {"p": 346, "c": 0.9, "s": 111482, "e": 111680, "w": "看", "sp": "Agent"}, {"p": 347, "c": 0.9, "s": 111680, "e": 111877, "w": "您", "sp": "Agent"}, {"p": 348, "c": 0.9, "s": 111877, "e": 112075, "w": "是", "sp": "Agent"}, {"p": 349, "c": 0.9, "s": 112075, "e": 112271, "w": "在", "sp": "Agent"}, {"p": 350, "c": 0.9, "s": 112272, "e": 112667, "w": "福州", "sp": "Agent"}, {"p": 351, "c": 0.9, "s": 112667, "e": 113062, "w": "哪个", "sp": "Agent"}, {"p": 352, "c": 0.9, "s": 113062, "e": 113456, "w": "位置", "sp": "Agent"}, {"p": 353, "c": 0.9, "s": 113457, "e": 113852, "w": "因为", "sp": "Agent"}, {"p": 354, "c": 0.9, "s": 113852, "e": 114246, "w": "有些", "sp": "Agent"}, {"p": 355, "c": 0.9, "s": 114247, "e": 114642, "w": "地区", "sp": "Agent"}, {"p": 356, "c": 0.9, "s": 114642, "e": 114840, "w": "是", "sp": "Agent"}, {"p": 357, "c": 0.9, "s": 114840, "e": 115234, "w": "可以", "sp": "Agent"}, {"p": 358, "c": 0.9, "s": 115235, "e": 115432, "w": "呃", "sp": "Agent"}, {"p": 359, "c": 0.9, "s": 115432, "e": 115826, "w": "参与", "sp": "Agent"}, {"p": 360, "c": 0.9, "s": 115827, "e": 116222, "w": "有些", "sp": "Agent"}, {"p": 361, "c": 0.9, "s": 116222, "e": 116617, "w": "地区", "sp": "Agent"}, {"p": 362, "c": 0.9, "s": 116617, "e": 116814, "w": "是", "sp": "Agent"}, {"p": 363, "c": 0.9, "s": 116815, "e": 117012, "w": "不", "sp": "Agent"}, {"p": 364, "c": 0.9, "s": 117012, "e": 117407, "w": "可以", "sp": "Agent"}, {"p": 365, "c": 0.9, "s": 117407, "e": 117801, "w": "参与", "sp": "Agent"}, {"p": 366, "c": 0.9, "s": 117802, "e": 118000, "w": "的", "sp": "Agent"}, {"p": 367, "c": 0.9, "s": 118590, "e": 118987, "w": "那", "sp": "Customer"}, {"p": 368, "c": 0.9, "s": 118987, "e": 119385, "w": "那", "sp": "Customer"}, {"p": 369, "c": 0.9, "s": 119385, "e": 120180, "w": "就是", "sp": "Customer"}, {"p": 370, "c": 0.9, "s": 120470, "e": 120678, "w": "啊", "sp": "Agent"}, {"p": 371, "c": 0.9, "s": 120678, "e": 120887, "w": "您", "sp": "Agent"}, {"p": 372, "c": 0.9, "s": 120887, "e": 121096, "w": "还", "sp": "Agent"}, {"p": 373, "c": 0.9, "s": 121096, "e": 121513, "w": "等于", "sp": "Agent"}, {"p": 374, "c": 0.9, "s": 121513, "e": 121931, "w": "还是", "sp": "Agent"}, {"p": 375, "c": 0.9, "s": 121931, "e": 122140, "w": "说", "sp": "Agent"}]}, "plainText": "喂 你好\n喂 你好\n喂 你好 这边 是 大金 天 猫 厂房 客服 就是 您 刚才 有 在线 上 留 了 联系 电话 您 这边 是 一个 八 六九 平 三室一厅 的 房子 准备 安装 中央 空调 是\n嗯\n吗 对 您 您 这边 的 房子 是 在 哪里 啊\n徐州 这边\n哪里 啊\n你 说 吧\n福州 是 吧\n嗯\n福州 哪个 位置 方便 说 一下 吗\n呃 怎么 了\n啊 因为 这边 是 会 安排 咱们 的 一个 专业 的 司机 跟 您 去 联系 您 然后 沟通 方案 报价 给 到 您 参考 的\n呃 呃 你 那个 的话 四 批 四 批 的 批 现在 是 多少钱\n四 匹 的 P 系列\nB\n是 吧\nB 系列\n利息 的\n啊\n是 吧\n对\n那 像 价格 的话 需要 咱们 门店 司机 跟 您 沟通 才 好 去 确定 您 是 有 在 门店 了解 过 了 是 吧\n嗯 没有 啊\n没有 那 您 是 从 哪里 了解 咱们 的 一个 必须 点\n那 我 那个 亲戚 也 转 过\n啊 你 朋友 安装 过 是\n对\n吧\n的\n嗯 因为 是 这样 的 因为 线 上 的 客服 呢 这边 主 要是 作为 一个 全国 客服 中心 主 要是 产 产 那个 讲解 产品 啊 像 价格 的话 需要 咱们 的 一个 门店 设计师 跟 您\n嗯\n去 沟通 确定 型号 啊 等等 才 好 去\n嗯\n报价\n那 那行 吧 那 我 自己 去 门店 看 一下\n呃 因为 像 现在 咱们 线 上 是 可以 帮 您 去 安排 咱们 的 一个 门店 去 跟 您 对接 的 并且 咱们 线 上 安排 都 是 咱们 大厅 官方 认证 的 门店\n嗯 没事 你 那个 的话 那 我 直接 那边 都 是 线 下 按照 那个 直 接线 下 做 就 可以 了\n嗯 也 可以 您 可以 可以 直接 呃 联系 咱们 线 下 没关系\n嗯\n嗯\n好\n好 就\n嗯\n像 您 方便 问 一下 是 在 福州 哪个 区域 吗 因为 您 可以 参与 线 上 的 一个 活动 呀\n什么 活动 啊\n那 这个 看 您 是 在 福州 哪个 位置 因为 有些 地区 是 可以 呃 参与 有些 地区 是 不 可以 参与 的\n那 那 就是\n啊 您 还 等于 还是 说", "plainTextTime": {"verbatims": [{"s": 950, "e": 2300, "w": "喂 你好", "sp": "Agent"}, {"s": 2070, "e": 3070, "w": "喂 你好", "sp": "Customer"}, {"s": 3090, "e": 12881, "w": "喂 你好 这边 是 大金 天 猫 厂房 客服 就是 您 刚才 有 在线 上 留 了 联系 电话 您 这边 是 一个 八 六九 平 三室一厅 的 房子 准备 安装 中央 空调 是", "sp": "Agent"}, {"s": 12840, "e": 13890, "w": "嗯", "sp": "Customer"}, {"s": 12881, "e": 16490, "w": "吗 对 您 您 这边 的 房子 是 在 哪里 啊", "sp": "Agent"}, {"s": 17380, "e": 18700, "w": "徐州 这边", "sp": "Customer"}, {"s": 18520, "e": 19620, "w": "哪里 啊", "sp": "Agent"}, {"s": 19620, "e": 20710, "w": "你 说 吧", "sp": "Customer"}, {"s": 20530, "e": 22070, "w": "福州 是 吧", "sp": "Agent"}, {"s": 21770, "e": 22780, "w": "嗯", "sp": "Customer"}, {"s": 22460, "e": 24820, "w": "福州 哪个 位置 方便 说 一下 吗", "sp": "Agent"}, {"s": 24980, "e": 26570, "w": "呃 怎么 了", "sp": "Customer"}, {"s": 26640, "e": 34100, "w": "啊 因为 这边 是 会 安排 咱们 的 一个 专业 的 司机 跟 您 去 联系 您 然后 沟通 方案 报价 给 到 您 参考 的", "sp": "Agent"}, {"s": 34550, "e": 41880, "w": "呃 呃 你 那个 的话 四 批 四 批 的 批 现在 是 多少钱", "sp": "Customer"}, {"s": 42040, "e": 43795, "w": "四 匹 的 P 系列", "sp": "Agent"}, {"s": 43790, "e": 44187, "w": "B", "sp": "Customer"}, {"s": 43795, "e": 44380, "w": "是 吧", "sp": "Agent"}, {"s": 44187, "e": 45379, "w": "B 系列", "sp": "Customer"}, {"s": 45670, "e": 46588, "w": "利息 的", "sp": "Agent"}, {"s": 46530, "e": 47140, "w": "啊", "sp": "Customer"}, {"s": 46588, "e": 47200, "w": "是 吧", "sp": "Agent"}, {"s": 47140, "e": 47750, "w": "对", "sp": "Customer"}, {"s": 47640, "e": 53339, "w": "那 像 价格 的话 需要 咱们 门店 司机 跟 您 沟通 才 好 去 确定 您 是 有 在 门店 了解 过 了 是 吧", "sp": "Agent"}, {"s": 53330, "e": 54890, "w": "嗯 没有 啊", "sp": "Customer"}, {"s": 55710, "e": 60220, "w": "没有 那 您 是 从 哪里 了解 咱们 的 一个 必须 点", "sp": "Agent"}, {"s": 60620, "e": 63199, "w": "那 我 那个 亲戚 也 转 过", "sp": "Customer"}, {"s": 63160, "e": 65240, "w": "啊 你 朋友 安装 过 是", "sp": "Agent"}, {"s": 65059, "e": 65545, "w": "对", "sp": "Customer"}, {"s": 65239, "e": 65500, "w": "吧", "sp": "Agent"}, {"s": 65545, "e": 66030, "w": "的", "sp": "Customer"}, {"s": 65780, "e": 77216, "w": "嗯 因为 是 这样 的 因为 线 上 的 客服 呢 这边 主 要是 作为 一个 全国 客服 中心 主 要是 产 产 那个 讲解 产品 啊 像 价格 的话 需要 咱们 的 一个 门店 设计师 跟 您", "sp": "Agent"}, {"s": 77200, "e": 78530, "w": "嗯", "sp": "Customer"}, {"s": 77217, "e": 79655, "w": "去 沟通 确定 型号 啊 等等 才 好 去", "sp": "Agent"}, {"s": 79520, "e": 79760, "w": "嗯", "sp": "Customer"}, {"s": 79655, "e": 80030, "w": "报价", "sp": "Agent"}, {"s": 79761, "e": 83140, "w": "那 那行 吧 那 我 自己 去 门店 看 一下", "sp": "Customer"}, {"s": 83030, "e": 91770, "w": "呃 因为 像 现在 咱们 线 上 是 可以 帮 您 去 安排 咱们 的 一个 门店 去 跟 您 对接 的 并且 咱们 线 上 安排 都 是 咱们 大厅 官方 认证 的 门店", "sp": "Agent"}, {"s": 91870, "e": 98840, "w": "嗯 没事 你 那个 的话 那 我 直接 那边 都 是 线 下 按照 那个 直 接线 下 做 就 可以 了", "sp": "Customer"}, {"s": 98700, "e": 102655, "w": "嗯 也 可以 您 可以 可以 直接 呃 联系 咱们 线 下 没关系", "sp": "Agent"}, {"s": 102350, "e": 102729, "w": "嗯", "sp": "Customer"}, {"s": 102655, "e": 102844, "w": "嗯", "sp": "Agent"}, {"s": 102730, "e": 103110, "w": "好", "sp": "Customer"}, {"s": 102844, "e": 103220, "w": "好 就", "sp": "Agent"}, {"s": 103110, "e": 103490, "w": "嗯", "sp": "Customer"}, {"s": 103220, "e": 109060, "w": "像 您 方便 问 一下 是 在 福州 哪个 区域 吗 因为 您 可以 参与 线 上 的 一个 活动 呀", "sp": "Agent"}, {"s": 109730, "e": 111020, "w": "什么 活动 啊", "sp": "Customer"}, {"s": 110890, "e": 118000, "w": "那 这个 看 您 是 在 福州 哪个 位置 因为 有些 地区 是 可以 呃 参与 有些 地区 是 不 可以 参与 的", "sp": "Agent"}, {"s": 118590, "e": 120180, "w": "那 那 就是", "sp": "Customer"}, {"s": 120470, "e": 122140, "w": "啊 您 还 等于 还是 说", "sp": "Agent"}]}, "aqm": {"greeting": {"greeting_said": "大金, 客服", "n_greeting_said": 2, "score": 0}, "closing": {"closing_said": "您", "n_closing_said": 1, "score": 0}, "speed": {"speed_max": 6.14, "n_words": 35, "words": "那 像 价格 的话 需要 咱们 门店 司机 跟 您 沟通 才 好 去 确定 您 是 有 在 门店 了解 过 了 是 吧", "start": 47640, "end": 53339}}}