{"mediaId": "2022031314062726008747433678303001", "status": "Success", "dateCreated": "2022-03-21T18:45:50Z", "contentType": "audio/x-wav", "channels": "future use", "length": 281, "metadata": {"Sid": 10018, "Site_id": 783, "Audio_ch_num": 87474336, "Audio_module_num": 783001, "Audio_start_time_gmt": "2022-03-13T06:06:27.26+08:00", "Transaction_id": "2022031314062726008747433678303001", "ContactID": "9144800598720000301", "Personal_id": "0", "Direction": 1, "Local_audio_start_time": "2022-03-13T14:06:27.26+08:00", "Local_audio_end_time": "2022-03-13T14:11:08.26+08:00", "Total_hold_time": "0", "Pbx_login_id": "800032", "Ani": "02155368216", "Extension": "600041", "String_extension": "600041", "Switch_call_id": "006f0330e46d4f77", "Switch_id": "783000001", "Duration_seconds": 281, "Wrapup_time_in_seconds": "0", "Dnis": "02152690557", "Number_of_conferences": "0", "Number_of_holds": "0", "Number_of_transfers": "0", "Percent_of_agent_call": "103", "Percent_of_other_call": "94", "Percent_of_mutual_silence": "48", "Num_of_agent_cross": "28", "Num_of_other_cross": "22", "IsException": 0, "CD2": "013GVT56OG919AP72LUHVB5AES000CBU"}, "transcript_detailed": {"words": [{"p": 1, "c": 0.9, "s": 150, "e": 671, "w": "您好", "sp": "Agent"}, {"p": 2, "c": 0.9, "s": 671, "e": 1193, "w": "欢迎", "sp": "Agent"}, {"p": 3, "c": 0.9, "s": 890, "e": 1313, "w": "你好", "sp": "Customer"}, {"p": 4, "c": 0.9, "s": 1193, "e": 1714, "w": "致电", "sp": "Agent"}, {"p": 5, "c": 0.9, "s": 1313, "e": 1523, "w": "嗯", "sp": "Customer"}, {"p": 6, "c": 0.9, "s": 1524, "e": 1947, "w": "这边", "sp": "Customer"}, {"p": 7, "c": 0.9, "s": 1715, "e": 2236, "w": "大金", "sp": "Agent"}, {"p": 8, "c": 0.9, "s": 1947, "e": 2159, "w": "有", "sp": "Customer"}, {"p": 9, "c": 0.9, "s": 2159, "e": 2370, "w": "个", "sp": "Customer"}, {"p": 10, "c": 0.9, "s": 2236, "e": 2758, "w": "空调", "sp": "Agent"}, {"p": 11, "c": 0.9, "s": 2370, "e": 2793, "w": "用户", "sp": "Customer"}, {"p": 12, "c": 0.9, "s": 2758, "e": 3280, "w": "您好", "sp": "Agent"}, {"p": 13, "c": 0.9, "s": 2793, "e": 3216, "w": "想要", "sp": "Customer"}, {"p": 14, "c": 0.9, "s": 3216, "e": 3640, "w": "购买", "sp": "Customer"}, {"p": 15, "c": 0.9, "s": 3640, "e": 4063, "w": "大厅", "sp": "Customer"}, {"p": 16, "c": 0.9, "s": 4063, "e": 4274, "w": "的", "sp": "Customer"}, {"p": 17, "c": 0.9, "s": 4274, "e": 4697, "w": "空调", "sp": "Customer"}, {"p": 18, "c": 0.9, "s": 4697, "e": 5120, "w": "可以", "sp": "Customer"}, {"p": 19, "c": 0.9, "s": 5120, "e": 5332, "w": "帮", "sp": "Customer"}, {"p": 20, "c": 0.9, "s": 5332, "e": 5542, "w": "您", "sp": "Customer"}, {"p": 21, "c": 0.9, "s": 5543, "e": 5755, "w": "转", "sp": "Customer"}, {"p": 22, "c": 0.9, "s": 5720, "e": 5925, "w": "嗯", "sp": "Agent"}, {"p": 23, "c": 0.9, "s": 5755, "e": 6178, "w": "过来", "sp": "Customer"}, {"p": 24, "c": 0.9, "s": 5926, "e": 6338, "w": "用户", "sp": "Agent"}, {"p": 25, "c": 0.9, "s": 6178, "e": 6390, "w": "吗", "sp": "Customer"}, {"p": 26, "c": 0.9, "s": 6338, "e": 6750, "w": "来电", "sp": "Agent"}, {"p": 27, "c": 0.9, "s": 6750, "e": 7162, "w": "号码", "sp": "Agent"}, {"p": 28, "c": 0.9, "s": 7020, "e": 7428, "w": "嗯", "sp": "Customer"}, {"p": 29, "c": 0.9, "s": 7162, "e": 7574, "w": "麻烦", "sp": "Agent"}, {"p": 30, "c": 0.9, "s": 7428, "e": 8243, "w": "五二", "sp": "Customer"}, {"p": 31, "c": 0.9, "s": 7574, "e": 7779, "w": "你", "sp": "Agent"}, {"p": 32, "c": 0.9, "s": 8244, "e": 9060, "w": "六九", "sp": "Customer"}, {"p": 33, "c": 0.9, "s": 9000, "e": 9375, "w": "五二", "sp": "Agent"}, {"p": 34, "c": 0.9, "s": 9375, "e": 9751, "w": "六九", "sp": "Agent"}, {"p": 35, "c": 0.9, "s": 9751, "e": 10127, "w": "就是", "sp": "Agent"}, {"p": 36, "c": 0.9, "s": 10127, "e": 10502, "w": "我们", "sp": "Agent"}, {"p": 37, "c": 0.9, "s": 10240, "e": 11200, "w": "嗯", "sp": "Customer"}, {"p": 38, "c": 0.9, "s": 10502, "e": 10878, "w": "这个", "sp": "Agent"}, {"p": 39, "c": 0.9, "s": 10878, "e": 11254, "w": "号码", "sp": "Agent"}, {"p": 40, "c": 0.9, "s": 11254, "e": 11441, "w": "是", "sp": "Agent"}, {"p": 41, "c": 0.9, "s": 11442, "e": 11630, "w": "吗", "sp": "Agent"}, {"p": 42, "c": 0.9, "s": 11480, "e": 11660, "w": "对", "sp": "Customer"}, {"p": 43, "c": 0.9, "s": 11661, "e": 11842, "w": "呃", "sp": "Customer"}, {"p": 44, "c": 0.9, "s": 11842, "e": 12205, "w": "可能", "sp": "Customer"}, {"p": 45, "c": 0.9, "s": 12205, "e": 12387, "w": "是", "sp": "Customer"}, {"p": 46, "c": 0.9, "s": 12387, "e": 12750, "w": "系统", "sp": "Customer"}, {"p": 47, "c": 0.9, "s": 12750, "e": 13113, "w": "之前", "sp": "Customer"}, {"p": 48, "c": 0.9, "s": 13113, "e": 13476, "w": "那个", "sp": "Customer"}, {"p": 49, "c": 0.9, "s": 13476, "e": 13839, "w": "故障", "sp": "Customer"}, {"p": 50, "c": 0.9, "s": 13839, "e": 14202, "w": "所以", "sp": "Customer"}, {"p": 51, "c": 0.9, "s": 14202, "e": 14382, "w": "我", "sp": "Customer"}, {"p": 52, "c": 0.9, "s": 14383, "e": 14928, "w": "看不到", "sp": "Customer"}, {"p": 53, "c": 0.9, "s": 14928, "e": 15109, "w": "他", "sp": "Customer"}, {"p": 54, "c": 0.9, "s": 15109, "e": 15291, "w": "的", "sp": "Customer"}, {"p": 55, "c": 0.9, "s": 15180, "e": 15386, "w": "哦", "sp": "Agent"}, {"p": 56, "c": 0.9, "s": 15291, "e": 15654, "w": "来电", "sp": "Customer"}, {"p": 57, "c": 0.9, "s": 15386, "e": 15592, "w": "那", "sp": "Agent"}, {"p": 58, "c": 0.9, "s": 15593, "e": 15800, "w": "您", "sp": "Agent"}, {"p": 59, "c": 0.9, "s": 15654, "e": 16380, "w": "不好意思", "sp": "Customer"}, {"p": 60, "c": 0.9, "s": 15800, "e": 16212, "w": "这边", "sp": "Agent"}, {"p": 61, "c": 0.9, "s": 16212, "e": 16626, "w": "转接", "sp": "Agent"}, {"p": 62, "c": 0.9, "s": 16626, "e": 17039, "w": "一下", "sp": "Agent"}, {"p": 63, "c": 0.9, "s": 17010, "e": 17321, "w": "嗯", "sp": "Customer"}, {"p": 64, "c": 0.9, "s": 17040, "e": 17246, "w": "吧", "sp": "Agent"}, {"p": 65, "c": 0.9, "s": 17246, "e": 17660, "w": "麻烦", "sp": "Agent"}, {"p": 66, "c": 0.9, "s": 17321, "e": 17945, "w": "麻烦", "sp": "Customer"}, {"p": 67, "c": 0.9, "s": 17945, "e": 18256, "w": "了", "sp": "Customer"}, {"p": 68, "c": 0.9, "s": 18256, "e": 18880, "w": "谢谢", "sp": "Customer"}, {"p": 69, "c": 0.9, "s": 18620, "e": 18763, "w": "嗯", "sp": "Agent"}, {"p": 70, "c": 0.9, "s": 18763, "e": 18906, "w": "不", "sp": "Agent"}, {"p": 71, "c": 0.9, "s": 18906, "e": 19192, "w": "客气", "sp": "Agent"}, {"p": 72, "c": 0.9, "s": 19192, "e": 19477, "w": "您好", "sp": "Agent"}, {"p": 73, "c": 0.9, "s": 19478, "e": 19764, "w": "电话", "sp": "Agent"}, {"p": 74, "c": 0.9, "s": 19764, "e": 20050, "w": "转接", "sp": "Agent"}, {"p": 75, "c": 0.9, "s": 20050, "e": 20335, "w": "成功", "sp": "Agent"}, {"p": 76, "c": 0.9, "s": 20336, "e": 20622, "w": "请问", "sp": "Agent"}, {"p": 77, "c": 0.9, "s": 20622, "e": 20908, "w": "什么", "sp": "Agent"}, {"p": 78, "c": 0.9, "s": 20908, "e": 21194, "w": "可以", "sp": "Agent"}, {"p": 79, "c": 0.9, "s": 21194, "e": 21337, "w": "帮", "sp": "Agent"}, {"p": 80, "c": 0.9, "s": 21337, "e": 21480, "w": "您", "sp": "Agent"}, {"p": 81, "c": 0.9, "s": 22690, "e": 22929, "w": "喂", "sp": "Customer"}, {"p": 82, "c": 0.9, "s": 22929, "e": 23408, "w": "你好", "sp": "Customer"}, {"p": 83, "c": 0.9, "s": 23408, "e": 23647, "w": "哎", "sp": "Customer"}, {"p": 84, "c": 0.9, "s": 23647, "e": 23886, "w": "我", "sp": "Customer"}, {"p": 85, "c": 0.9, "s": 23886, "e": 24126, "w": "想", "sp": "Customer"}, {"p": 86, "c": 0.9, "s": 24126, "e": 24365, "w": "问", "sp": "Customer"}, {"p": 87, "c": 0.9, "s": 24365, "e": 24844, "w": "一下", "sp": "Customer"}, {"p": 88, "c": 0.9, "s": 24844, "e": 25323, "w": "那个", "sp": "Customer"}, {"p": 89, "c": 0.9, "s": 25323, "e": 25801, "w": "天门", "sp": "Customer"}, {"p": 90, "c": 0.9, "s": 25801, "e": 26041, "w": "的", "sp": "Customer"}, {"p": 91, "c": 0.9, "s": 26041, "e": 26520, "w": "就是", "sp": "Customer"}, {"p": 92, "c": 0.9, "s": 26520, "e": 26998, "w": "那个", "sp": "Customer"}, {"p": 93, "c": 0.9, "s": 26998, "e": 27237, "w": "大", "sp": "Customer"}, {"p": 94, "c": 0.9, "s": 27238, "e": 27477, "w": "井", "sp": "Customer"}, {"p": 95, "c": 0.9, "s": 27477, "e": 27956, "w": "空调", "sp": "Customer"}, {"p": 96, "c": 0.9, "s": 27956, "e": 28195, "w": "的", "sp": "Customer"}, {"p": 97, "c": 0.9, "s": 28195, "e": 28674, "w": "那个", "sp": "Customer"}, {"p": 98, "c": 0.9, "s": 28674, "e": 29153, "w": "地下", "sp": "Customer"}, {"p": 99, "c": 0.9, "s": 29153, "e": 29392, "w": "嘛", "sp": "Customer"}, {"p": 100, "c": 0.9, "s": 29392, "e": 29871, "w": "那个", "sp": "Customer"}, {"p": 101, "c": 0.9, "s": 29871, "e": 30350, "w": "电话", "sp": "Customer"}, {"p": 102, "c": 0.9, "s": 30340, "e": 30509, "w": "那", "sp": "Agent"}, {"p": 103, "c": 0.9, "s": 30509, "e": 30847, "w": "十分", "sp": "Agent"}, {"p": 104, "c": 0.9, "s": 30847, "e": 31185, "w": "抱歉", "sp": "Agent"}, {"p": 105, "c": 0.9, "s": 31185, "e": 31524, "w": "先生", "sp": "Agent"}, {"p": 106, "c": 0.9, "s": 31524, "e": 31693, "w": "我", "sp": "Agent"}, {"p": 107, "c": 0.9, "s": 31693, "e": 32031, "w": "这边", "sp": "Agent"}, {"p": 108, "c": 0.9, "s": 32030, "e": 32199, "w": "是", "sp": "Agent"}, {"p": 109, "c": 0.9, "s": 32200, "e": 32708, "w": "没什么", "sp": "Agent"}, {"p": 110, "c": 0.9, "s": 32708, "e": 33046, "w": "具体", "sp": "Agent"}, {"p": 111, "c": 0.9, "s": 33046, "e": 33384, "w": "电话", "sp": "Agent"}, {"p": 112, "c": 0.9, "s": 33384, "e": 33552, "w": "的", "sp": "Agent"}, {"p": 113, "c": 0.9, "s": 33553, "e": 33722, "w": "您", "sp": "Agent"}, {"p": 114, "c": 0.9, "s": 33722, "e": 33892, "w": "是", "sp": "Agent"}, {"p": 115, "c": 0.9, "s": 33892, "e": 34060, "w": "要", "sp": "Agent"}, {"p": 116, "c": 0.9, "s": 34061, "e": 34399, "w": "购买", "sp": "Agent"}, {"p": 117, "c": 0.9, "s": 34399, "e": 34737, "w": "中央", "sp": "Agent"}, {"p": 118, "c": 0.9, "s": 34737, "e": 35076, "w": "空调", "sp": "Agent"}, {"p": 119, "c": 0.9, "s": 35076, "e": 35414, "w": "还是", "sp": "Agent"}, {"p": 120, "c": 0.9, "s": 35414, "e": 35752, "w": "挂机", "sp": "Agent"}, {"p": 121, "c": 0.9, "s": 35752, "e": 36090, "w": "柜机", "sp": "Agent"}, {"p": 122, "c": 0.9, "s": 36090, "e": 36260, "w": "呢", "sp": "Agent"}, {"p": 123, "c": 0.9, "s": 36980, "e": 37356, "w": "呃", "sp": "Customer"}, {"p": 124, "c": 0.9, "s": 37356, "e": 38107, "w": "中央", "sp": "Customer"}, {"p": 125, "c": 0.9, "s": 38108, "e": 38860, "w": "空调", "sp": "Customer"}, {"p": 126, "c": 0.9, "s": 38260, "e": 38715, "w": "中央", "sp": "Agent"}, {"p": 127, "c": 0.9, "s": 38715, "e": 39170, "w": "空调", "sp": "Agent"}, {"p": 128, "c": 0.9, "s": 39170, "e": 39397, "w": "是", "sp": "Agent"}, {"p": 129, "c": 0.9, "s": 39397, "e": 39625, "w": "吧", "sp": "Agent"}, {"p": 130, "c": 0.9, "s": 39625, "e": 39852, "w": "您", "sp": "Agent"}, {"p": 131, "c": 0.9, "s": 39852, "e": 40080, "w": "是", "sp": "Agent"}, {"p": 132, "c": 0.9, "s": 40080, "e": 40307, "w": "在", "sp": "Agent"}, {"p": 133, "c": 0.9, "s": 40307, "e": 40762, "w": "天门", "sp": "Agent"}, {"p": 134, "c": 0.9, "s": 40762, "e": 40990, "w": "吗", "sp": "Agent"}, {"p": 135, "c": 0.9, "s": 41780, "e": 42940, "w": "对", "sp": "Customer"}, {"p": 136, "c": 0.9, "s": 42550, "e": 42709, "w": "呃", "sp": "Agent"}, {"p": 137, "c": 0.9, "s": 42709, "e": 42869, "w": "您", "sp": "Agent"}, {"p": 138, "c": 0.9, "s": 42869, "e": 43028, "w": "看", "sp": "Agent"}, {"p": 139, "c": 0.9, "s": 43028, "e": 43347, "w": "这样", "sp": "Agent"}, {"p": 140, "c": 0.9, "s": 43347, "e": 43666, "w": "可以", "sp": "Agent"}, {"p": 141, "c": 0.9, "s": 43666, "e": 43826, "w": "吗", "sp": "Agent"}, {"p": 142, "c": 0.9, "s": 43826, "e": 43985, "w": "我", "sp": "Agent"}, {"p": 143, "c": 0.9, "s": 43985, "e": 44305, "w": "这边", "sp": "Agent"}, {"p": 144, "c": 0.9, "s": 44305, "e": 44624, "w": "情况", "sp": "Agent"}, {"p": 145, "c": 0.9, "s": 44624, "e": 44783, "w": "帮", "sp": "Agent"}, {"p": 146, "c": 0.9, "s": 44783, "e": 44943, "w": "您", "sp": "Agent"}, {"p": 147, "c": 0.9, "s": 44943, "e": 45262, "w": "记录", "sp": "Agent"}, {"p": 148, "c": 0.9, "s": 45262, "e": 45581, "w": "一下", "sp": "Agent"}, {"p": 149, "c": 0.9, "s": 45581, "e": 46060, "w": "到时候", "sp": "Agent"}, {"p": 150, "c": 0.9, "s": 46060, "e": 46219, "w": "让", "sp": "Agent"}, {"p": 151, "c": 0.9, "s": 46219, "e": 46379, "w": "他", "sp": "Agent"}, {"p": 152, "c": 0.9, "s": 46379, "e": 46538, "w": "当", "sp": "Agent"}, {"p": 153, "c": 0.9, "s": 46538, "e": 46857, "w": "就是", "sp": "Agent"}, {"p": 154, "c": 0.9, "s": 46857, "e": 47176, "w": "当地", "sp": "Agent"}, {"p": 155, "c": 0.9, "s": 47176, "e": 47336, "w": "的", "sp": "Agent"}, {"p": 156, "c": 0.9, "s": 47336, "e": 47815, "w": "经销商", "sp": "Agent"}, {"p": 157, "c": 0.9, "s": 47815, "e": 48134, "w": "主动", "sp": "Agent"}, {"p": 158, "c": 0.9, "s": 48134, "e": 48453, "w": "联系", "sp": "Agent"}, {"p": 159, "c": 0.9, "s": 48453, "e": 48612, "w": "下", "sp": "Agent"}, {"p": 160, "c": 0.9, "s": 48612, "e": 48772, "w": "您", "sp": "Agent"}, {"p": 161, "c": 0.9, "s": 48772, "e": 48931, "w": "您", "sp": "Agent"}, {"p": 162, "c": 0.9, "s": 48931, "e": 49091, "w": "看", "sp": "Agent"}, {"p": 163, "c": 0.9, "s": 49091, "e": 49410, "w": "可以", "sp": "Agent"}, {"p": 164, "c": 0.9, "s": 49410, "e": 49570, "w": "吗", "sp": "Agent"}, {"p": 165, "c": 0.9, "s": 50270, "e": 50548, "w": "啊", "sp": "Customer"}, {"p": 166, "c": 0.9, "s": 50548, "e": 50826, "w": "这", "sp": "Customer"}, {"p": 167, "c": 0.9, "s": 50826, "e": 51383, "w": "可以", "sp": "Customer"}, {"p": 168, "c": 0.9, "s": 51210, "e": 51374, "w": "好", "sp": "Agent"}, {"p": 169, "c": 0.9, "s": 51374, "e": 51538, "w": "的", "sp": "Agent"}, {"p": 170, "c": 0.9, "s": 51383, "e": 51940, "w": "可以", "sp": "Customer"}, {"p": 171, "c": 0.9, "s": 51538, "e": 51703, "w": "那", "sp": "Agent"}, {"p": 172, "c": 0.9, "s": 51703, "e": 52031, "w": "先生", "sp": "Agent"}, {"p": 173, "c": 0.9, "s": 52031, "e": 52359, "w": "请问", "sp": "Agent"}, {"p": 174, "c": 0.9, "s": 52360, "e": 52689, "w": "怎么", "sp": "Agent"}, {"p": 175, "c": 0.9, "s": 52689, "e": 53017, "w": "称呼", "sp": "Agent"}, {"p": 176, "c": 0.9, "s": 53018, "e": 53182, "w": "您", "sp": "Agent"}, {"p": 177, "c": 0.9, "s": 53182, "e": 53346, "w": "呢", "sp": "Agent"}, {"p": 178, "c": 0.9, "s": 53346, "e": 53511, "w": "您", "sp": "Agent"}, {"p": 179, "c": 0.9, "s": 53511, "e": 53840, "w": "贵姓", "sp": "Agent"}, {"p": 180, "c": 0.9, "s": 54950, "e": 55292, "w": "我", "sp": "Customer"}, {"p": 181, "c": 0.9, "s": 55292, "e": 55634, "w": "姓", "sp": "Customer"}, {"p": 182, "c": 0.9, "s": 55634, "e": 55975, "w": "蒲", "sp": "Customer"}, {"p": 183, "c": 0.9, "s": 55976, "e": 56318, "w": "蒲", "sp": "Customer"}, {"p": 184, "c": 0.9, "s": 56318, "e": 57003, "w": "先生", "sp": "Customer"}, {"p": 185, "c": 0.9, "s": 56700, "e": 56864, "w": "好", "sp": "Agent"}, {"p": 186, "c": 0.9, "s": 56864, "e": 57028, "w": "的", "sp": "Agent"}, {"p": 187, "c": 0.9, "s": 57003, "e": 58030, "w": "蒲公英", "sp": "Customer"}, {"p": 188, "c": 0.9, "s": 57028, "e": 57192, "w": "浦", "sp": "Agent"}, {"p": 189, "c": 0.9, "s": 57192, "e": 57520, "w": "先生", "sp": "Agent"}, {"p": 190, "c": 0.9, "s": 57520, "e": 57685, "w": "嗯", "sp": "Agent"}, {"p": 191, "c": 0.9, "s": 57685, "e": 57849, "w": "好", "sp": "Agent"}, {"p": 192, "c": 0.9, "s": 57849, "e": 58013, "w": "的", "sp": "Agent"}, {"p": 193, "c": 0.9, "s": 58013, "e": 58506, "w": "感谢您", "sp": "Agent"}, {"p": 194, "c": 0.9, "s": 58506, "e": 58670, "w": "对", "sp": "Agent"}, {"p": 195, "c": 0.9, "s": 58670, "e": 58997, "w": "爱心", "sp": "Agent"}, {"p": 196, "c": 0.9, "s": 58998, "e": 59326, "w": "产品", "sp": "Agent"}, {"p": 197, "c": 0.9, "s": 59326, "e": 59491, "w": "的", "sp": "Agent"}, {"p": 198, "c": 0.9, "s": 59491, "e": 59819, "w": "支持", "sp": "Agent"}, {"p": 199, "c": 0.9, "s": 59819, "e": 59983, "w": "那", "sp": "Agent"}, {"p": 200, "c": 0.9, "s": 59983, "e": 60312, "w": "请问", "sp": "Agent"}, {"p": 201, "c": 0.9, "s": 60312, "e": 60476, "w": "呃", "sp": "Agent"}, {"p": 202, "c": 0.9, "s": 60476, "e": 60804, "w": "方便", "sp": "Agent"}, {"p": 203, "c": 0.9, "s": 60804, "e": 61133, "w": "的话", "sp": "Agent"}, {"p": 204, "c": 0.9, "s": 61133, "e": 61461, "w": "可以", "sp": "Agent"}, {"p": 205, "c": 0.9, "s": 61461, "e": 61625, "w": "留", "sp": "Agent"}, {"p": 206, "c": 0.9, "s": 61625, "e": 61953, "w": "一个", "sp": "Agent"}, {"p": 207, "c": 0.9, "s": 61953, "e": 62281, "w": "方便", "sp": "Agent"}, {"p": 208, "c": 0.9, "s": 62282, "e": 62610, "w": "联系", "sp": "Agent"}, {"p": 209, "c": 0.9, "s": 62610, "e": 62774, "w": "您", "sp": "Agent"}, {"p": 210, "c": 0.9, "s": 62774, "e": 62939, "w": "的", "sp": "Agent"}, {"p": 211, "c": 0.9, "s": 62939, "e": 63594, "w": "手机号码", "sp": "Agent"}, {"p": 212, "c": 0.9, "s": 63595, "e": 63760, "w": "吗", "sp": "Agent"}, {"p": 213, "c": 0.9, "s": 64940, "e": 65435, "w": "这个", "sp": "Customer"}, {"p": 214, "c": 0.9, "s": 65434, "e": 65930, "w": "好像", "sp": "Customer"}, {"p": 215, "c": 0.9, "s": 65930, "e": 66177, "w": "呃", "sp": "Customer"}, {"p": 216, "c": 0.9, "s": 66177, "e": 66425, "w": "幺", "sp": "Customer"}, {"p": 217, "c": 0.9, "s": 66425, "e": 66672, "w": "八", "sp": "Customer"}, {"p": 218, "c": 0.9, "s": 66490, "e": 66923, "w": "幺", "sp": "Agent"}, {"p": 219, "c": 0.9, "s": 66672, "e": 66920, "w": "六", "sp": "Customer"}, {"p": 220, "c": 0.9, "s": 66923, "e": 67355, "w": "八", "sp": "Agent"}, {"p": 221, "c": 0.9, "s": 67356, "e": 67790, "w": "六", "sp": "Agent"}, {"p": 222, "c": 0.9, "s": 68570, "e": 69033, "w": "幺", "sp": "Customer"}, {"p": 223, "c": 0.9, "s": 69033, "e": 69495, "w": "三", "sp": "Customer"}, {"p": 224, "c": 0.9, "s": 69496, "e": 69960, "w": "零", "sp": "Customer"}, {"p": 225, "c": 0.9, "s": 69590, "e": 70022, "w": "幺", "sp": "Agent"}, {"p": 226, "c": 0.9, "s": 70023, "e": 70456, "w": "三", "sp": "Agent"}, {"p": 227, "c": 0.9, "s": 70456, "e": 70890, "w": "零", "sp": "Agent"}, {"p": 228, "c": 0.9, "s": 71920, "e": 72939, "w": "二二八", "sp": "Customer"}, {"p": 229, "c": 0.9, "s": 72940, "e": 73620, "w": "三六", "sp": "Customer"}, {"p": 230, "c": 0.9, "s": 73180, "e": 73857, "w": "二二八", "sp": "Agent"}, {"p": 231, "c": 0.9, "s": 73857, "e": 74308, "w": "三六", "sp": "Agent"}, {"p": 232, "c": 0.9, "s": 74308, "e": 74534, "w": "好", "sp": "Agent"}, {"p": 233, "c": 0.9, "s": 74450, "e": 74880, "w": "嗯", "sp": "Customer"}, {"p": 234, "c": 0.9, "s": 74534, "e": 74759, "w": "的", "sp": "Agent"}, {"p": 235, "c": 0.9, "s": 74760, "e": 75211, "w": "了解", "sp": "Agent"}, {"p": 236, "c": 0.9, "s": 74880, "e": 75310, "w": "好", "sp": "Customer"}, {"p": 237, "c": 0.9, "s": 75211, "e": 75437, "w": "了", "sp": "Agent"}, {"p": 238, "c": 0.9, "s": 75310, "e": 75740, "w": "的", "sp": "Customer"}, {"p": 239, "c": 0.9, "s": 75437, "e": 75662, "w": "呃", "sp": "Agent"}, {"p": 240, "c": 0.9, "s": 75663, "e": 75889, "w": "那", "sp": "Agent"}, {"p": 241, "c": 0.9, "s": 75889, "e": 76340, "w": "请问", "sp": "Agent"}, {"p": 242, "c": 0.9, "s": 76340, "e": 76565, "w": "您", "sp": "Agent"}, {"p": 243, "c": 0.9, "s": 76460, "e": 77360, "w": "对", "sp": "Customer"}, {"p": 244, "c": 0.9, "s": 76566, "e": 77018, "w": "这边", "sp": "Agent"}, {"p": 245, "c": 0.9, "s": 77018, "e": 77243, "w": "是", "sp": "Agent"}, {"p": 246, "c": 0.9, "s": 77243, "e": 77468, "w": "在", "sp": "Agent"}, {"p": 247, "c": 0.9, "s": 77469, "e": 77921, "w": "天门", "sp": "Agent"}, {"p": 248, "c": 0.9, "s": 77921, "e": 78371, "w": "哪个", "sp": "Agent"}, {"p": 249, "c": 0.9, "s": 78372, "e": 78824, "w": "区县", "sp": "Agent"}, {"p": 250, "c": 0.9, "s": 78824, "e": 79049, "w": "呢", "sp": "Agent"}, {"p": 251, "c": 0.9, "s": 80780, "e": 81212, "w": "就是", "sp": "Customer"}, {"p": 252, "c": 0.9, "s": 81212, "e": 81644, "w": "就是", "sp": "Customer"}, {"p": 253, "c": 0.9, "s": 81644, "e": 82076, "w": "前门", "sp": "Customer"}, {"p": 254, "c": 0.9, "s": 82076, "e": 82507, "w": "城市", "sp": "Customer"}, {"p": 255, "c": 0.9, "s": 82508, "e": 82940, "w": "里面", "sp": "Customer"}, {"p": 256, "c": 0.9, "s": 82940, "e": 83156, "w": "前", "sp": "Customer"}, {"p": 257, "c": 0.9, "s": 83156, "e": 83588, "w": "门市", "sp": "Customer"}, {"p": 258, "c": 0.9, "s": 83520, "e": 83752, "w": "天", "sp": "Agent"}, {"p": 259, "c": 0.9, "s": 83588, "e": 84020, "w": "里面", "sp": "Customer"}, {"p": 260, "c": 0.9, "s": 83752, "e": 84218, "w": "门市", "sp": "Agent"}, {"p": 261, "c": 0.9, "s": 84218, "e": 84451, "w": "他", "sp": "Agent"}, {"p": 262, "c": 0.9, "s": 84451, "e": 84917, "w": "上级", "sp": "Agent"}, {"p": 263, "c": 0.9, "s": 84900, "e": 86246, "w": "前门", "sp": "Customer"}, {"p": 264, "c": 0.9, "s": 84917, "e": 85150, "w": "市", "sp": "Agent"}, {"p": 265, "c": 0.9, "s": 85150, "e": 85383, "w": "是", "sp": "Agent"}, {"p": 266, "c": 0.9, "s": 85383, "e": 85849, "w": "哪里", "sp": "Agent"}, {"p": 267, "c": 0.9, "s": 85849, "e": 86082, "w": "的", "sp": "Agent"}, {"p": 268, "c": 0.9, "s": 86082, "e": 86315, "w": "是", "sp": "Agent"}, {"p": 269, "c": 0.9, "s": 86246, "e": 86920, "w": "对", "sp": "Customer"}, {"p": 270, "c": 0.9, "s": 86315, "e": 86781, "w": "哪个", "sp": "Agent"}, {"p": 271, "c": 0.9, "s": 86781, "e": 87247, "w": "城市", "sp": "Agent"}, {"p": 272, "c": 0.9, "s": 87247, "e": 87480, "w": "呢", "sp": "Agent"}, {"p": 273, "c": 0.9, "s": 88750, "e": 89305, "w": "武汉", "sp": "Customer"}, {"p": 274, "c": 0.9, "s": 89305, "e": 89583, "w": "吗", "sp": "Customer"}, {"p": 275, "c": 0.9, "s": 89583, "e": 90416, "w": "湖北省", "sp": "Customer"}, {"p": 276, "c": 0.9, "s": 89880, "e": 90930, "w": "五", "sp": "Agent"}, {"p": 277, "c": 0.9, "s": 90416, "e": 90693, "w": "天", "sp": "Customer"}, {"p": 278, "c": 0.9, "s": 90693, "e": 91249, "w": "门市", "sp": "Customer"}, {"p": 279, "c": 0.9, "s": 91210, "e": 91830, "w": "湖北", "sp": "Agent"}, {"p": 280, "c": 0.9, "s": 91249, "e": 91526, "w": "吗", "sp": "Customer"}, {"p": 281, "c": 0.9, "s": 91526, "e": 92360, "w": "湖北省", "sp": "Customer"}, {"p": 282, "c": 0.9, "s": 91830, "e": 92450, "w": "天门", "sp": "Agent"}, {"p": 283, "c": 0.9, "s": 92450, "e": 92759, "w": "是", "sp": "Agent"}, {"p": 284, "c": 0.9, "s": 92760, "e": 93380, "w": "属于", "sp": "Agent"}, {"p": 285, "c": 0.9, "s": 93380, "e": 94000, "w": "武汉", "sp": "Agent"}, {"p": 286, "c": 0.9, "s": 94000, "e": 94310, "w": "吗", "sp": "Agent"}, {"p": 287, "c": 0.9, "s": 96430, "e": 97490, "w": "对", "sp": "Customer"}, {"p": 288, "c": 0.9, "s": 97860, "e": 98042, "w": "哦", "sp": "Agent"}, {"p": 289, "c": 0.9, "s": 98042, "e": 98407, "w": "了解", "sp": "Agent"}, {"p": 290, "c": 0.9, "s": 98407, "e": 98590, "w": "了", "sp": "Agent"}, {"p": 291, "c": 0.9, "s": 98590, "e": 98771, "w": "行", "sp": "Agent"}, {"p": 292, "c": 0.9, "s": 98772, "e": 98955, "w": "那", "sp": "Agent"}, {"p": 293, "c": 0.9, "s": 98955, "e": 99320, "w": "情况", "sp": "Agent"}, {"p": 294, "c": 0.9, "s": 99320, "e": 99503, "w": "我", "sp": "Agent"}, {"p": 295, "c": 0.9, "s": 99503, "e": 99868, "w": "这边", "sp": "Agent"}, {"p": 296, "c": 0.9, "s": 99868, "e": 100049, "w": "帮", "sp": "Agent"}, {"p": 297, "c": 0.9, "s": 100050, "e": 100233, "w": "您", "sp": "Agent"}, {"p": 298, "c": 0.9, "s": 100233, "e": 100598, "w": "反馈", "sp": "Agent"}, {"p": 299, "c": 0.9, "s": 100598, "e": 100963, "w": "一下", "sp": "Agent"}, {"p": 300, "c": 0.9, "s": 100963, "e": 101146, "w": "那", "sp": "Agent"}, {"p": 301, "c": 0.9, "s": 101146, "e": 101511, "w": "请问", "sp": "Agent"}, {"p": 302, "c": 0.9, "s": 101511, "e": 101876, "w": "一下", "sp": "Agent"}, {"p": 303, "c": 0.9, "s": 101876, "e": 102241, "w": "房屋", "sp": "Agent"}, {"p": 304, "c": 0.9, "s": 102241, "e": 102606, "w": "大概", "sp": "Agent"}, {"p": 305, "c": 0.9, "s": 102607, "e": 102972, "w": "多少", "sp": "Agent"}, {"p": 306, "c": 0.9, "s": 102972, "e": 103337, "w": "面积", "sp": "Agent"}, {"p": 307, "c": 0.9, "s": 103337, "e": 103520, "w": "呢", "sp": "Agent"}, {"p": 308, "c": 0.9, "s": 105040, "e": 105322, "w": "嗯", "sp": "Customer"}, {"p": 309, "c": 0.9, "s": 105322, "e": 106170, "w": "差不多", "sp": "Customer"}, {"p": 310, "c": 0.9, "s": 106170, "e": 106735, "w": "三百", "sp": "Customer"}, {"p": 311, "c": 0.9, "s": 106670, "e": 106897, "w": "三", "sp": "Agent"}, {"p": 312, "c": 0.9, "s": 106735, "e": 107017, "w": "平", "sp": "Customer"}, {"p": 313, "c": 0.9, "s": 106898, "e": 107354, "w": "六零", "sp": "Agent"}, {"p": 314, "c": 0.9, "s": 107017, "e": 107299, "w": "嘛", "sp": "Customer"}, {"p": 315, "c": 0.9, "s": 107354, "e": 107581, "w": "是", "sp": "Agent"}, {"p": 316, "c": 0.9, "s": 107582, "e": 108039, "w": "一个", "sp": "Agent"}, {"p": 317, "c": 0.9, "s": 108039, "e": 108495, "w": "别墅", "sp": "Agent"}, {"p": 318, "c": 0.9, "s": 108495, "e": 108723, "w": "吗", "sp": "Agent"}, {"p": 319, "c": 0.9, "s": 108723, "e": 109180, "w": "还是", "sp": "Agent"}, {"p": 320, "c": 0.9, "s": 109490, "e": 109778, "w": "对", "sp": "Customer"}, {"p": 321, "c": 0.9, "s": 109778, "e": 110066, "w": "对", "sp": "Customer"}, {"p": 322, "c": 0.9, "s": 110066, "e": 110355, "w": "对", "sp": "Customer"}, {"p": 323, "c": 0.9, "s": 110355, "e": 110643, "w": "对", "sp": "Customer"}, {"p": 324, "c": 0.9, "s": 110643, "e": 110931, "w": "对", "sp": "Customer"}, {"p": 325, "c": 0.9, "s": 110650, "e": 110805, "w": "嗯", "sp": "Agent"}, {"p": 326, "c": 0.9, "s": 110805, "e": 111116, "w": "了解", "sp": "Agent"}, {"p": 327, "c": 0.9, "s": 110931, "e": 111220, "w": "对", "sp": "Customer"}, {"p": 328, "c": 0.9, "s": 111116, "e": 111271, "w": "了", "sp": "Agent"}, {"p": 329, "c": 0.9, "s": 111271, "e": 111427, "w": "那", "sp": "Agent"}, {"p": 330, "c": 0.9, "s": 111427, "e": 111738, "w": "请问", "sp": "Agent"}, {"p": 331, "c": 0.9, "s": 111738, "e": 112048, "w": "一下", "sp": "Agent"}, {"p": 332, "c": 0.9, "s": 112049, "e": 112204, "w": "您", "sp": "Agent"}, {"p": 333, "c": 0.9, "s": 112204, "e": 112515, "w": "这边", "sp": "Agent"}, {"p": 334, "c": 0.9, "s": 112515, "e": 112826, "w": "装修", "sp": "Agent"}, {"p": 335, "c": 0.9, "s": 112826, "e": 113136, "w": "公司", "sp": "Agent"}, {"p": 336, "c": 0.9, "s": 113137, "e": 113292, "w": "有", "sp": "Agent"}, {"p": 337, "c": 0.9, "s": 113292, "e": 113448, "w": "定", "sp": "Agent"}, {"p": 338, "c": 0.9, "s": 113448, "e": 113758, "w": "下来", "sp": "Agent"}, {"p": 339, "c": 0.9, "s": 113759, "e": 113914, "w": "的", "sp": "Agent"}, {"p": 340, "c": 0.9, "s": 113914, "e": 114070, "w": "吗", "sp": "Agent"}, {"p": 341, "c": 0.9, "s": 115460, "e": 115652, "w": "呃", "sp": "Customer"}, {"p": 342, "c": 0.9, "s": 115652, "e": 116037, "w": "暂时", "sp": "Customer"}, {"p": 343, "c": 0.9, "s": 116037, "e": 116229, "w": "还", "sp": "Customer"}, {"p": 344, "c": 0.9, "s": 116229, "e": 116614, "w": "没有", "sp": "Customer"}, {"p": 345, "c": 0.9, "s": 116614, "e": 116806, "w": "我", "sp": "Customer"}, {"p": 346, "c": 0.9, "s": 116806, "e": 116998, "w": "先", "sp": "Customer"}, {"p": 347, "c": 0.9, "s": 116998, "e": 117191, "w": "聊", "sp": "Customer"}, {"p": 348, "c": 0.9, "s": 117191, "e": 117575, "w": "一下", "sp": "Customer"}, {"p": 349, "c": 0.9, "s": 117575, "e": 117960, "w": "这个", "sp": "Customer"}, {"p": 350, "c": 0.9, "s": 117960, "e": 118345, "w": "产品", "sp": "Customer"}, {"p": 351, "c": 0.9, "s": 118345, "e": 118922, "w": "就是说", "sp": "Customer"}, {"p": 352, "c": 0.9, "s": 118922, "e": 119306, "w": "这个", "sp": "Customer"}, {"p": 353, "c": 0.9, "s": 119306, "e": 119883, "w": "比如说", "sp": "Customer"}, {"p": 354, "c": 0.9, "s": 119883, "e": 120076, "w": "我", "sp": "Customer"}, {"p": 355, "c": 0.9, "s": 120076, "e": 120268, "w": "装", "sp": "Customer"}, {"p": 356, "c": 0.9, "s": 120268, "e": 120653, "w": "这个", "sp": "Customer"}, {"p": 357, "c": 0.9, "s": 120653, "e": 121037, "w": "的话", "sp": "Customer"}, {"p": 358, "c": 0.9, "s": 121037, "e": 121422, "w": "大概", "sp": "Customer"}, {"p": 359, "c": 0.9, "s": 121422, "e": 121999, "w": "就是说", "sp": "Customer"}, {"p": 360, "c": 0.9, "s": 121999, "e": 122384, "w": "大概", "sp": "Customer"}, {"p": 361, "c": 0.9, "s": 122070, "e": 122331, "w": "啊", "sp": "Agent"}, {"p": 362, "c": 0.9, "s": 122331, "e": 122593, "w": "了", "sp": "Agent"}, {"p": 363, "c": 0.9, "s": 122384, "e": 122768, "w": "什么", "sp": "Customer"}, {"p": 364, "c": 0.9, "s": 122593, "e": 123117, "w": "了解", "sp": "Agent"}, {"p": 365, "c": 0.9, "s": 122768, "e": 123153, "w": "费用", "sp": "Customer"}, {"p": 366, "c": 0.9, "s": 123117, "e": 123379, "w": "了", "sp": "Agent"}, {"p": 367, "c": 0.9, "s": 123153, "e": 123538, "w": "价格", "sp": "Customer"}, {"p": 368, "c": 0.9, "s": 123379, "e": 123640, "w": "呃", "sp": "Agent"}, {"p": 369, "c": 0.9, "s": 123538, "e": 123922, "w": "什么", "sp": "Customer"}, {"p": 370, "c": 0.9, "s": 123640, "e": 123902, "w": "那", "sp": "Agent"}, {"p": 371, "c": 0.9, "s": 123902, "e": 124164, "w": "你", "sp": "Agent"}, {"p": 372, "c": 0.9, "s": 123922, "e": 124307, "w": "一个", "sp": "Customer"}, {"p": 373, "c": 0.9, "s": 124164, "e": 124688, "w": "这边", "sp": "Agent"}, {"p": 374, "c": 0.9, "s": 124307, "e": 124500, "w": "啊", "sp": "Customer"}, {"p": 375, "c": 0.9, "s": 124688, "e": 124950, "w": "是", "sp": "Agent"}, {"p": 376, "c": 0.9, "s": 124950, "e": 125473, "w": "大概", "sp": "Agent"}, {"p": 377, "c": 0.9, "s": 125473, "e": 125997, "w": "准备", "sp": "Agent"}, {"p": 378, "c": 0.9, "s": 125640, "e": 126600, "w": "对", "sp": "Customer"}, {"p": 379, "c": 0.9, "s": 125997, "e": 126520, "w": "什么", "sp": "Agent"}, {"p": 380, "c": 0.9, "s": 126520, "e": 127044, "w": "时间", "sp": "Agent"}, {"p": 381, "c": 0.9, "s": 127044, "e": 127568, "w": "装修", "sp": "Agent"}, {"p": 382, "c": 0.9, "s": 127568, "e": 127830, "w": "呢", "sp": "Agent"}, {"p": 383, "c": 0.9, "s": 129840, "e": 130291, "w": "装修", "sp": "Customer"}, {"p": 384, "c": 0.9, "s": 130291, "e": 130743, "w": "如果", "sp": "Customer"}, {"p": 385, "c": 0.9, "s": 130743, "e": 130968, "w": "是", "sp": "Customer"}, {"p": 386, "c": 0.9, "s": 130968, "e": 131871, "w": "方方面面", "sp": "Customer"}, {"p": 387, "c": 0.9, "s": 131871, "e": 132097, "w": "的", "sp": "Customer"}, {"p": 388, "c": 0.9, "s": 132097, "e": 132549, "w": "了解", "sp": "Customer"}, {"p": 389, "c": 0.9, "s": 132549, "e": 133226, "w": "差不多", "sp": "Customer"}, {"p": 390, "c": 0.9, "s": 133226, "e": 133677, "w": "的话", "sp": "Customer"}, {"p": 391, "c": 0.9, "s": 133677, "e": 133903, "w": "有", "sp": "Customer"}, {"p": 392, "c": 0.9, "s": 133903, "e": 134355, "w": "可能", "sp": "Customer"}, {"p": 393, "c": 0.9, "s": 134355, "e": 134580, "w": "在", "sp": "Customer"}, {"p": 394, "c": 0.9, "s": 134580, "e": 135258, "w": "四月份", "sp": "Customer"}, {"p": 395, "c": 0.9, "s": 135258, "e": 135483, "w": "啊", "sp": "Customer"}, {"p": 396, "c": 0.9, "s": 135483, "e": 135709, "w": "三", "sp": "Customer"}, {"p": 397, "c": 0.9, "s": 135709, "e": 136161, "w": "月底", "sp": "Customer"}, {"p": 398, "c": 0.9, "s": 136161, "e": 136386, "w": "啊", "sp": "Customer"}, {"p": 399, "c": 0.9, "s": 136386, "e": 136612, "w": "这", "sp": "Customer"}, {"p": 400, "c": 0.9, "s": 136612, "e": 137064, "w": "不等", "sp": "Customer"}, {"p": 401, "c": 0.9, "s": 137064, "e": 137289, "w": "的", "sp": "Customer"}, {"p": 402, "c": 0.9, "s": 137289, "e": 137741, "w": "这个", "sp": "Customer"}, {"p": 403, "c": 0.9, "s": 137741, "e": 138192, "w": "具体", "sp": "Customer"}, {"p": 404, "c": 0.9, "s": 138192, "e": 138418, "w": "看", "sp": "Customer"}, {"p": 405, "c": 0.9, "s": 138410, "e": 138728, "w": "啊", "sp": "Agent"}, {"p": 406, "c": 0.9, "s": 138418, "e": 138870, "w": "情况", "sp": "Customer"}, {"p": 407, "c": 0.9, "s": 138728, "e": 139045, "w": "啊", "sp": "Agent"}, {"p": 408, "c": 0.9, "s": 139046, "e": 139683, "w": "了解", "sp": "Agent"}, {"p": 409, "c": 0.9, "s": 139150, "e": 139707, "w": "无所谓", "sp": "Customer"}, {"p": 410, "c": 0.9, "s": 139683, "e": 140319, "w": "了解", "sp": "Agent"}, {"p": 411, "c": 0.9, "s": 139707, "e": 139893, "w": "早", "sp": "Customer"}, {"p": 412, "c": 0.9, "s": 139893, "e": 140265, "w": "一点", "sp": "Customer"}, {"p": 413, "c": 0.9, "s": 140265, "e": 140636, "w": "可以", "sp": "Customer"}, {"p": 414, "c": 0.9, "s": 140636, "e": 141008, "w": "晚点", "sp": "Customer"}, {"p": 415, "c": 0.9, "s": 140700, "e": 140884, "w": "啊", "sp": "Agent"}, {"p": 416, "c": 0.9, "s": 140884, "e": 141253, "w": "了解", "sp": "Agent"}, {"p": 417, "c": 0.9, "s": 141008, "e": 141379, "w": "可以", "sp": "Customer"}, {"p": 418, "c": 0.9, "s": 141253, "e": 141438, "w": "了", "sp": "Agent"}, {"p": 419, "c": 0.9, "s": 141438, "e": 141622, "w": "行", "sp": "Agent"}, {"p": 420, "c": 0.9, "s": 141622, "e": 141806, "w": "呃", "sp": "Agent"}, {"p": 421, "c": 0.9, "s": 141807, "e": 141991, "w": "那", "sp": "Agent"}, {"p": 422, "c": 0.9, "s": 141991, "e": 142176, "w": "您", "sp": "Agent"}, {"p": 423, "c": 0.9, "s": 142176, "e": 142545, "w": "这边", "sp": "Agent"}, {"p": 424, "c": 0.9, "s": 142545, "e": 142730, "w": "像", "sp": "Agent"}, {"p": 425, "c": 0.9, "s": 142730, "e": 143099, "w": "我们", "sp": "Agent"}, {"p": 426, "c": 0.9, "s": 143099, "e": 143468, "w": "除了", "sp": "Agent"}, {"p": 427, "c": 0.9, "s": 143468, "e": 143652, "w": "有", "sp": "Agent"}, {"p": 428, "c": 0.9, "s": 143652, "e": 144021, "w": "中央", "sp": "Agent"}, {"p": 429, "c": 0.9, "s": 144021, "e": 144390, "w": "空调", "sp": "Agent"}, {"p": 430, "c": 0.9, "s": 144390, "e": 144760, "w": "还有", "sp": "Agent"}, {"p": 431, "c": 0.9, "s": 144760, "e": 145129, "w": "新风", "sp": "Agent"}, {"p": 432, "c": 0.9, "s": 145129, "e": 145313, "w": "和", "sp": "Agent"}, {"p": 433, "c": 0.9, "s": 145313, "e": 145498, "w": "地", "sp": "Agent"}, {"p": 434, "c": 0.9, "s": 145498, "e": 145682, "w": "暖", "sp": "Agent"}, {"p": 435, "c": 0.9, "s": 145682, "e": 145867, "w": "您", "sp": "Agent"}, {"p": 436, "c": 0.9, "s": 145867, "e": 146236, "w": "这边", "sp": "Agent"}, {"p": 437, "c": 0.9, "s": 146236, "e": 146605, "w": "需要", "sp": "Agent"}, {"p": 438, "c": 0.9, "s": 146605, "e": 146974, "w": "同时", "sp": "Agent"}, {"p": 439, "c": 0.9, "s": 146974, "e": 147159, "w": "去", "sp": "Agent"}, {"p": 440, "c": 0.9, "s": 147159, "e": 147528, "w": "了解", "sp": "Agent"}, {"p": 441, "c": 0.9, "s": 147528, "e": 147897, "w": "一下", "sp": "Agent"}, {"p": 442, "c": 0.9, "s": 147897, "e": 148266, "w": "这个", "sp": "Agent"}, {"p": 443, "c": 0.9, "s": 148266, "e": 148635, "w": "方案", "sp": "Agent"}, {"p": 444, "c": 0.9, "s": 148635, "e": 148819, "w": "吗", "sp": "Agent"}, {"p": 445, "c": 0.9, "s": 149700, "e": 149942, "w": "嗯", "sp": "Customer"}, {"p": 446, "c": 0.9, "s": 149942, "e": 150185, "w": "都", "sp": "Customer"}, {"p": 447, "c": 0.9, "s": 150185, "e": 150427, "w": "要", "sp": "Customer"}, {"p": 448, "c": 0.9, "s": 150427, "e": 150670, "w": "都", "sp": "Customer"}, {"p": 449, "c": 0.9, "s": 150670, "e": 150912, "w": "要", "sp": "Customer"}, {"p": 450, "c": 0.9, "s": 150800, "e": 150987, "w": "都", "sp": "Agent"}, {"p": 451, "c": 0.9, "s": 150912, "e": 151155, "w": "都", "sp": "Customer"}, {"p": 452, "c": 0.9, "s": 150987, "e": 151174, "w": "要", "sp": "Agent"}, {"p": 453, "c": 0.9, "s": 151155, "e": 151397, "w": "要", "sp": "Customer"}, {"p": 454, "c": 0.9, "s": 151174, "e": 151361, "w": "的", "sp": "Agent"}, {"p": 455, "c": 0.9, "s": 151361, "e": 151547, "w": "是", "sp": "Agent"}, {"p": 456, "c": 0.9, "s": 151397, "e": 151640, "w": "装", "sp": "Customer"}, {"p": 457, "c": 0.9, "s": 151548, "e": 151736, "w": "吗", "sp": "Agent"}, {"p": 458, "c": 0.9, "s": 151736, "e": 151922, "w": "好", "sp": "Agent"}, {"p": 459, "c": 0.9, "s": 151923, "e": 152110, "w": "的", "sp": "Agent"}, {"p": 460, "c": 0.9, "s": 152110, "e": 152485, "w": "了解", "sp": "Agent"}, {"p": 461, "c": 0.9, "s": 152485, "e": 152859, "w": "信息", "sp": "Agent"}, {"p": 462, "c": 0.9, "s": 152859, "e": 153045, "w": "我", "sp": "Agent"}, {"p": 463, "c": 0.9, "s": 153046, "e": 153234, "w": "都", "sp": "Agent"}, {"p": 464, "c": 0.9, "s": 153234, "e": 153420, "w": "帮", "sp": "Agent"}, {"p": 465, "c": 0.9, "s": 153421, "e": 153608, "w": "您", "sp": "Agent"}, {"p": 466, "c": 0.9, "s": 153608, "e": 153983, "w": "备注", "sp": "Agent"}, {"p": 467, "c": 0.9, "s": 153983, "e": 154357, "w": "上去", "sp": "Agent"}, {"p": 468, "c": 0.9, "s": 154357, "e": 154543, "w": "呃", "sp": "Agent"}, {"p": 469, "c": 0.9, "s": 154544, "e": 154919, "w": "但是", "sp": "Agent"}, {"p": 470, "c": 0.9, "s": 154919, "e": 155106, "w": "想", "sp": "Agent"}, {"p": 471, "c": 0.9, "s": 155106, "e": 155293, "w": "多", "sp": "Agent"}, {"p": 472, "c": 0.9, "s": 155293, "e": 155481, "w": "问", "sp": "Agent"}, {"p": 473, "c": 0.9, "s": 155481, "e": 155855, "w": "一下", "sp": "Agent"}, {"p": 474, "c": 0.9, "s": 155855, "e": 156230, "w": "请问", "sp": "Agent"}, {"p": 475, "c": 0.9, "s": 156230, "e": 156603, "w": "一下", "sp": "Agent"}, {"p": 476, "c": 0.9, "s": 156604, "e": 156791, "w": "您", "sp": "Agent"}, {"p": 477, "c": 0.9, "s": 156791, "e": 157166, "w": "这边", "sp": "Agent"}, {"p": 478, "c": 0.9, "s": 157166, "e": 157540, "w": "的话", "sp": "Agent"}, {"p": 479, "c": 0.9, "s": 157540, "e": 157915, "w": "就是", "sp": "Agent"}, {"p": 480, "c": 0.9, "s": 157915, "e": 158288, "w": "家里", "sp": "Agent"}, {"p": 481, "c": 0.9, "s": 158289, "e": 158476, "w": "是", "sp": "Agent"}, {"p": 482, "c": 0.9, "s": 158476, "e": 158851, "w": "老人", "sp": "Agent"}, {"p": 483, "c": 0.9, "s": 158851, "e": 159413, "w": "小朋友", "sp": "Agent"}, {"p": 484, "c": 0.9, "s": 159413, "e": 159599, "w": "都", "sp": "Agent"}, {"p": 485, "c": 0.9, "s": 159600, "e": 159787, "w": "跟", "sp": "Agent"}, {"p": 486, "c": 0.9, "s": 159787, "e": 159974, "w": "您", "sp": "Agent"}, {"p": 487, "c": 0.9, "s": 159974, "e": 160349, "w": "一起", "sp": "Agent"}, {"p": 488, "c": 0.9, "s": 160349, "e": 160536, "w": "住", "sp": "Agent"}, {"p": 489, "c": 0.9, "s": 160536, "e": 160911, "w": "大概", "sp": "Agent"}, {"p": 490, "c": 0.9, "s": 160911, "e": 161097, "w": "几", "sp": "Agent"}, {"p": 491, "c": 0.9, "s": 161098, "e": 161285, "w": "口", "sp": "Agent"}, {"p": 492, "c": 0.9, "s": 161285, "e": 161472, "w": "人", "sp": "Agent"}, {"p": 493, "c": 0.9, "s": 161472, "e": 161660, "w": "呢", "sp": "Agent"}, {"p": 494, "c": 0.9, "s": 163720, "e": 164258, "w": "我们", "sp": "Customer"}, {"p": 495, "c": 0.9, "s": 164258, "e": 164528, "w": "这", "sp": "Customer"}, {"p": 496, "c": 0.9, "s": 164528, "e": 165066, "w": "以后", "sp": "Customer"}, {"p": 497, "c": 0.9, "s": 165066, "e": 165336, "w": "都", "sp": "Customer"}, {"p": 498, "c": 0.9, "s": 165336, "e": 165605, "w": "有", "sp": "Customer"}, {"p": 499, "c": 0.9, "s": 165605, "e": 165875, "w": "也", "sp": "Customer"}, {"p": 500, "c": 0.9, "s": 165875, "e": 166144, "w": "就", "sp": "Customer"}, {"p": 501, "c": 0.9, "s": 166144, "e": 166413, "w": "三", "sp": "Customer"}, {"p": 502, "c": 0.9, "s": 166413, "e": 166952, "w": "个人", "sp": "Customer"}, {"p": 503, "c": 0.9, "s": 166430, "e": 166612, "w": "这", "sp": "Agent"}, {"p": 504, "c": 0.9, "s": 166613, "e": 166981, "w": "三口", "sp": "Agent"}, {"p": 505, "c": 0.9, "s": 166952, "e": 167221, "w": "吧", "sp": "Customer"}, {"p": 506, "c": 0.9, "s": 166981, "e": 167165, "w": "是", "sp": "Agent"}, {"p": 507, "c": 0.9, "s": 167165, "e": 167347, "w": "是", "sp": "Agent"}, {"p": 508, "c": 0.9, "s": 167221, "e": 168030, "w": "一家人", "sp": "Customer"}, {"p": 509, "c": 0.9, "s": 167348, "e": 167900, "w": "小朋友", "sp": "Agent"}, {"p": 510, "c": 0.9, "s": 167900, "e": 168083, "w": "跟", "sp": "Agent"}, {"p": 511, "c": 0.9, "s": 168083, "e": 168267, "w": "你", "sp": "Agent"}, {"p": 512, "c": 0.9, "s": 168267, "e": 168635, "w": "一起", "sp": "Agent"}, {"p": 513, "c": 0.9, "s": 168635, "e": 168818, "w": "住", "sp": "Agent"}, {"p": 514, "c": 0.9, "s": 168818, "e": 169002, "w": "是", "sp": "Agent"}, {"p": 515, "c": 0.9, "s": 169002, "e": 169186, "w": "吗", "sp": "Agent"}, {"p": 516, "c": 0.9, "s": 169186, "e": 169553, "w": "就是", "sp": "Agent"}, {"p": 517, "c": 0.9, "s": 169553, "e": 169920, "w": "家里", "sp": "Agent"}, {"p": 518, "c": 0.9, "s": 169921, "e": 170105, "w": "没", "sp": "Agent"}, {"p": 519, "c": 0.9, "s": 170105, "e": 170472, "w": "老人", "sp": "Agent"}, {"p": 520, "c": 0.9, "s": 170472, "e": 170656, "w": "是", "sp": "Agent"}, {"p": 521, "c": 0.9, "s": 170656, "e": 170840, "w": "吗", "sp": "Agent"}, {"p": 522, "c": 0.9, "s": 172350, "e": 172584, "w": "嗯", "sp": "Customer"}, {"p": 523, "c": 0.9, "s": 172584, "e": 173052, "w": "老人", "sp": "Customer"}, {"p": 524, "c": 0.9, "s": 173052, "e": 173520, "w": "暂时", "sp": "Customer"}, {"p": 525, "c": 0.9, "s": 173520, "e": 173988, "w": "没有", "sp": "Customer"}, {"p": 526, "c": 0.9, "s": 173988, "e": 174456, "w": "以后", "sp": "Customer"}, {"p": 527, "c": 0.9, "s": 174456, "e": 174689, "w": "有", "sp": "Customer"}, {"p": 528, "c": 0.9, "s": 174690, "e": 175159, "w": "老人", "sp": "Customer"}, {"p": 529, "c": 0.9, "s": 175130, "e": 175408, "w": "你", "sp": "Agent"}, {"p": 530, "c": 0.9, "s": 175159, "e": 175392, "w": "呢", "sp": "Customer"}, {"p": 531, "c": 0.9, "s": 175393, "e": 175627, "w": "都", "sp": "Customer"}, {"p": 532, "c": 0.9, "s": 175408, "e": 175686, "w": "说", "sp": "Agent"}, {"p": 533, "c": 0.9, "s": 175627, "e": 175861, "w": "要", "sp": "Customer"}, {"p": 534, "c": 0.9, "s": 175686, "e": 175964, "w": "有", "sp": "Agent"}, {"p": 535, "c": 0.9, "s": 175861, "e": 176094, "w": "都", "sp": "Customer"}, {"p": 536, "c": 0.9, "s": 175964, "e": 176520, "w": "什么", "sp": "Agent"}, {"p": 537, "c": 0.9, "s": 176095, "e": 176329, "w": "要", "sp": "Customer"}, {"p": 538, "c": 0.9, "s": 176329, "e": 176797, "w": "考虑", "sp": "Customer"}, {"p": 539, "c": 0.9, "s": 176797, "e": 177265, "w": "进去", "sp": "Customer"}, {"p": 540, "c": 0.9, "s": 176800, "e": 176955, "w": "啊", "sp": "Agent"}, {"p": 541, "c": 0.9, "s": 176955, "e": 177111, "w": "都", "sp": "Agent"}, {"p": 542, "c": 0.9, "s": 177111, "e": 177265, "w": "要", "sp": "Agent"}, {"p": 543, "c": 0.9, "s": 177265, "e": 177500, "w": "嘛", "sp": "Customer"}, {"p": 544, "c": 0.9, "s": 177266, "e": 177577, "w": "考虑", "sp": "Agent"}, {"p": 545, "c": 0.9, "s": 177577, "e": 177888, "w": "经济", "sp": "Agent"}, {"p": 546, "c": 0.9, "s": 177780, "e": 178680, "w": "嗯", "sp": "Customer"}, {"p": 547, "c": 0.9, "s": 177888, "e": 178200, "w": "就是", "sp": "Agent"}, {"p": 548, "c": 0.9, "s": 178200, "e": 178511, "w": "五六", "sp": "Agent"}, {"p": 549, "c": 0.9, "s": 178511, "e": 178666, "w": "口", "sp": "Agent"}, {"p": 550, "c": 0.9, "s": 178666, "e": 178822, "w": "人", "sp": "Agent"}, {"p": 551, "c": 0.9, "s": 178822, "e": 179133, "w": "这样", "sp": "Agent"}, {"p": 552, "c": 0.9, "s": 179133, "e": 179288, "w": "的", "sp": "Agent"}, {"p": 553, "c": 0.9, "s": 179288, "e": 179444, "w": "是", "sp": "Agent"}, {"p": 554, "c": 0.9, "s": 179444, "e": 179600, "w": "吧", "sp": "Agent"}, {"p": 555, "c": 0.9, "s": 180430, "e": 180909, "w": "对", "sp": "Customer"}, {"p": 556, "c": 0.9, "s": 180910, "e": 181390, "w": "对", "sp": "Customer"}, {"p": 557, "c": 0.9, "s": 181150, "e": 181312, "w": "嗯", "sp": "Agent"}, {"p": 558, "c": 0.9, "s": 181313, "e": 181639, "w": "了解", "sp": "Agent"}, {"p": 559, "c": 0.9, "s": 181390, "e": 181870, "w": "对", "sp": "Customer"}, {"p": 560, "c": 0.9, "s": 181639, "e": 181965, "w": "那行", "sp": "Agent"}, {"p": 561, "c": 0.9, "s": 181965, "e": 182129, "w": "那", "sp": "Agent"}, {"p": 562, "c": 0.9, "s": 182129, "e": 182292, "w": "我", "sp": "Agent"}, {"p": 563, "c": 0.9, "s": 182292, "e": 182618, "w": "情况", "sp": "Agent"}, {"p": 564, "c": 0.9, "s": 182618, "e": 182780, "w": "我", "sp": "Agent"}, {"p": 565, "c": 0.9, "s": 182781, "e": 182945, "w": "帮", "sp": "Agent"}, {"p": 566, "c": 0.9, "s": 182945, "e": 183108, "w": "您", "sp": "Agent"}, {"p": 567, "c": 0.9, "s": 183108, "e": 183434, "w": "反馈", "sp": "Agent"}, {"p": 568, "c": 0.9, "s": 183434, "e": 183761, "w": "一下", "sp": "Agent"}, {"p": 569, "c": 0.9, "s": 183761, "e": 183924, "w": "那", "sp": "Agent"}, {"p": 570, "c": 0.9, "s": 183924, "e": 184086, "w": "呃", "sp": "Agent"}, {"p": 571, "c": 0.9, "s": 184087, "e": 184250, "w": "您", "sp": "Agent"}, {"p": 572, "c": 0.9, "s": 184250, "e": 184576, "w": "这边", "sp": "Agent"}, {"p": 573, "c": 0.9, "s": 184576, "e": 184903, "w": "的话", "sp": "Agent"}, {"p": 574, "c": 0.9, "s": 184903, "e": 185066, "w": "手", "sp": "Agent"}, {"p": 575, "c": 0.9, "s": 185066, "e": 185392, "w": "这个", "sp": "Agent"}, {"p": 576, "c": 0.9, "s": 185392, "e": 185882, "w": "手机号", "sp": "Agent"}, {"p": 577, "c": 0.9, "s": 185882, "e": 186208, "w": "方便", "sp": "Agent"}, {"p": 578, "c": 0.9, "s": 186208, "e": 186534, "w": "添加", "sp": "Agent"}, {"p": 579, "c": 0.9, "s": 186535, "e": 186698, "w": "微", "sp": "Agent"}, {"p": 580, "c": 0.9, "s": 186698, "e": 186861, "w": "信", "sp": "Agent"}, {"p": 581, "c": 0.9, "s": 186861, "e": 187023, "w": "吗", "sp": "Agent"}, {"p": 582, "c": 0.9, "s": 187024, "e": 187351, "w": "如果", "sp": "Agent"}, {"p": 583, "c": 0.9, "s": 187351, "e": 187677, "w": "方便", "sp": "Agent"}, {"p": 584, "c": 0.9, "s": 187677, "e": 188003, "w": "的话", "sp": "Agent"}, {"p": 585, "c": 0.9, "s": 188003, "e": 188493, "w": "到时候", "sp": "Agent"}, {"p": 586, "c": 0.9, "s": 188493, "e": 188655, "w": "您", "sp": "Agent"}, {"p": 587, "c": 0.9, "s": 188656, "e": 188819, "w": "也", "sp": "Agent"}, {"p": 588, "c": 0.9, "s": 188819, "e": 189146, "w": "可以", "sp": "Agent"}, {"p": 589, "c": 0.9, "s": 189146, "e": 189308, "w": "先", "sp": "Agent"}, {"p": 590, "c": 0.9, "s": 189309, "e": 189472, "w": "把", "sp": "Agent"}, {"p": 591, "c": 0.9, "s": 189472, "e": 189962, "w": "户型图", "sp": "Agent"}, {"p": 592, "c": 0.9, "s": 189962, "e": 190125, "w": "给", "sp": "Agent"}, {"p": 593, "c": 0.9, "s": 190125, "e": 190288, "w": "到", "sp": "Agent"}, {"p": 594, "c": 0.9, "s": 190288, "e": 190614, "w": "我们", "sp": "Agent"}, {"p": 595, "c": 0.9, "s": 190614, "e": 190941, "w": "我们", "sp": "Agent"}, {"p": 596, "c": 0.9, "s": 190941, "e": 191267, "w": "这边", "sp": "Agent"}, {"p": 597, "c": 0.9, "s": 191267, "e": 191430, "w": "先", "sp": "Agent"}, {"p": 598, "c": 0.9, "s": 191430, "e": 191594, "w": "给", "sp": "Agent"}, {"p": 599, "c": 0.9, "s": 191594, "e": 191756, "w": "您", "sp": "Agent"}, {"p": 600, "c": 0.9, "s": 191757, "e": 192410, "w": "设计方案", "sp": "Agent"}, {"p": 601, "c": 0.9, "s": 193620, "e": 193915, "w": "嗯", "sp": "Customer"}, {"p": 602, "c": 0.9, "s": 193915, "e": 194209, "w": "也", "sp": "Customer"}, {"p": 603, "c": 0.9, "s": 194210, "e": 194800, "w": "可以", "sp": "Customer"}, {"p": 604, "c": 0.9, "s": 194710, "e": 194875, "w": "也", "sp": "Agent"}, {"p": 605, "c": 0.9, "s": 194800, "e": 195390, "w": "可以", "sp": "Customer"}, {"p": 606, "c": 0.9, "s": 194875, "e": 195040, "w": "可", "sp": "Agent"}, {"p": 607, "c": 0.9, "s": 195040, "e": 195370, "w": "以是", "sp": "Agent"}, {"p": 608, "c": 0.9, "s": 195370, "e": 195534, "w": "吗", "sp": "Agent"}, {"p": 609, "c": 0.9, "s": 195535, "e": 195701, "w": "行", "sp": "Agent"}, {"p": 610, "c": 0.9, "s": 195701, "e": 195866, "w": "那", "sp": "Agent"}, {"p": 611, "c": 0.9, "s": 195866, "e": 196196, "w": "稍后", "sp": "Agent"}, {"p": 612, "c": 0.9, "s": 195930, "e": 196775, "w": "可以", "sp": "Customer"}, {"p": 613, "c": 0.9, "s": 196196, "e": 196361, "w": "我", "sp": "Agent"}, {"p": 614, "c": 0.9, "s": 196361, "e": 196691, "w": "添加", "sp": "Agent"}, {"p": 615, "c": 0.9, "s": 196692, "e": 197022, "w": "一下", "sp": "Agent"}, {"p": 616, "c": 0.9, "s": 196776, "e": 197200, "w": "的", "sp": "Customer"}, {"p": 617, "c": 0.9, "s": 197022, "e": 197187, "w": "您", "sp": "Agent"}, {"p": 618, "c": 0.9, "s": 197187, "e": 197351, "w": "微", "sp": "Agent"}, {"p": 619, "c": 0.9, "s": 197352, "e": 197518, "w": "信", "sp": "Agent"}, {"p": 620, "c": 0.9, "s": 197518, "e": 198013, "w": "到时候", "sp": "Agent"}, {"p": 621, "c": 0.9, "s": 198013, "e": 198178, "w": "您", "sp": "Agent"}, {"p": 622, "c": 0.9, "s": 198178, "e": 198508, "w": "麻烦", "sp": "Agent"}, {"p": 623, "c": 0.9, "s": 198509, "e": 198839, "w": "通过", "sp": "Agent"}, {"p": 624, "c": 0.9, "s": 198839, "e": 199170, "w": "一下", "sp": "Agent"}, {"p": 625, "c": 0.9, "s": 200060, "e": 200325, "w": "嗯", "sp": "Customer"}, {"p": 626, "c": 0.9, "s": 200325, "e": 200591, "w": "好", "sp": "Customer"}, {"p": 627, "c": 0.9, "s": 200591, "e": 200857, "w": "的", "sp": "Customer"}, {"p": 628, "c": 0.9, "s": 200857, "e": 201122, "w": "好", "sp": "Customer"}, {"p": 629, "c": 0.9, "s": 201080, "e": 201234, "w": "嗯", "sp": "Agent"}, {"p": 630, "c": 0.9, "s": 201122, "e": 201388, "w": "的", "sp": "Customer"}, {"p": 631, "c": 0.9, "s": 201234, "e": 201388, "w": "好", "sp": "Agent"}, {"p": 632, "c": 0.9, "s": 201388, "e": 201542, "w": "的", "sp": "Agent"}, {"p": 633, "c": 0.9, "s": 201388, "e": 201654, "w": "嗯", "sp": "Customer"}, {"p": 634, "c": 0.9, "s": 201542, "e": 201697, "w": "嗯", "sp": "Agent"}, {"p": 635, "c": 0.9, "s": 201654, "e": 201920, "w": "嗯", "sp": "Customer"}, {"p": 636, "c": 0.9, "s": 201697, "e": 201851, "w": "那", "sp": "Agent"}, {"p": 637, "c": 0.9, "s": 201851, "e": 202159, "w": "这边", "sp": "Agent"}, {"p": 638, "c": 0.9, "s": 202159, "e": 202314, "w": "就", "sp": "Agent"}, {"p": 639, "c": 0.9, "s": 202314, "e": 202468, "w": "不", "sp": "Agent"}, {"p": 640, "c": 0.9, "s": 202468, "e": 202776, "w": "耽误", "sp": "Agent"}, {"p": 641, "c": 0.9, "s": 202776, "e": 202931, "w": "您", "sp": "Agent"}, {"p": 642, "c": 0.9, "s": 202931, "e": 203239, "w": "时间", "sp": "Agent"}, {"p": 643, "c": 0.9, "s": 203239, "e": 203393, "w": "也", "sp": "Agent"}, {"p": 644, "c": 0.9, "s": 203393, "e": 203702, "w": "麻烦", "sp": "Agent"}, {"p": 645, "c": 0.9, "s": 203702, "e": 203856, "w": "您", "sp": "Agent"}, {"p": 646, "c": 0.9, "s": 203856, "e": 204165, "w": "保持", "sp": "Agent"}, {"p": 647, "c": 0.9, "s": 204165, "e": 204472, "w": "手机", "sp": "Agent"}, {"p": 648, "c": 0.9, "s": 204473, "e": 204782, "w": "畅通", "sp": "Agent"}, {"p": 649, "c": 0.9, "s": 204782, "e": 204936, "w": "那", "sp": "Agent"}, {"p": 650, "c": 0.9, "s": 204936, "e": 205090, "w": "您", "sp": "Agent"}, {"p": 651, "c": 0.9, "s": 205090, "e": 205399, "w": "这边", "sp": "Agent"}, {"p": 652, "c": 0.9, "s": 205399, "e": 205553, "w": "离", "sp": "Agent"}, {"p": 653, "c": 0.9, "s": 205553, "e": 205861, "w": "武汉", "sp": "Agent"}, {"p": 654, "c": 0.9, "s": 205861, "e": 206170, "w": "市区", "sp": "Agent"}, {"p": 655, "c": 0.9, "s": 206170, "e": 206478, "w": "的话", "sp": "Agent"}, {"p": 656, "c": 0.9, "s": 206478, "e": 206633, "w": "是", "sp": "Agent"}, {"p": 657, "c": 0.9, "s": 206633, "e": 206787, "w": "有", "sp": "Agent"}, {"p": 658, "c": 0.9, "s": 206787, "e": 206941, "w": "多", "sp": "Agent"}, {"p": 659, "c": 0.9, "s": 206941, "e": 207095, "w": "远", "sp": "Agent"}, {"p": 660, "c": 0.9, "s": 207095, "e": 207250, "w": "呢", "sp": "Agent"}, {"p": 661, "c": 0.9, "s": 207760, "e": 209000, "w": "哼哼", "sp": "Customer"}, {"p": 662, "c": 0.9, "s": 209300, "e": 209685, "w": "离", "sp": "Customer"}, {"p": 663, "c": 0.9, "s": 209685, "e": 210455, "w": "武汉", "sp": "Customer"}, {"p": 664, "c": 0.9, "s": 210455, "e": 211225, "w": "的话", "sp": "Customer"}, {"p": 665, "c": 0.9, "s": 211225, "e": 212380, "w": "差不多", "sp": "Customer"}, {"p": 666, "c": 0.9, "s": 212380, "e": 213150, "w": "开车", "sp": "Customer"}, {"p": 667, "c": 0.9, "s": 213150, "e": 213920, "w": "可能", "sp": "Customer"}, {"p": 668, "c": 0.9, "s": 213920, "e": 214305, "w": "也", "sp": "Customer"}, {"p": 669, "c": 0.9, "s": 214305, "e": 214689, "w": "就", "sp": "Customer"}, {"p": 670, "c": 0.9, "s": 215390, "e": 215912, "w": "不到", "sp": "Customer"}, {"p": 671, "c": 0.9, "s": 215912, "e": 216435, "w": "两个", "sp": "Customer"}, {"p": 672, "c": 0.9, "s": 216435, "e": 216958, "w": "小时", "sp": "Customer"}, {"p": 673, "c": 0.9, "s": 216670, "e": 216926, "w": "嗯", "sp": "Agent"}, {"p": 674, "c": 0.9, "s": 216926, "e": 217181, "w": "是", "sp": "Agent"}, {"p": 675, "c": 0.9, "s": 216958, "e": 217219, "w": "吧", "sp": "Customer"}, {"p": 676, "c": 0.9, "s": 217182, "e": 217694, "w": "这样", "sp": "Agent"}, {"p": 677, "c": 0.9, "s": 217694, "e": 217950, "w": "的", "sp": "Agent"}, {"p": 678, "c": 0.9, "s": 217950, "e": 218463, "w": "因为", "sp": "Agent"}, {"p": 679, "c": 0.9, "s": 218010, "e": 218220, "w": "过", "sp": "Customer"}, {"p": 680, "c": 0.9, "s": 218220, "e": 218430, "w": "个", "sp": "Customer"}, {"p": 681, "c": 0.9, "s": 218430, "e": 218849, "w": "小时", "sp": "Customer"}, {"p": 682, "c": 0.9, "s": 218463, "e": 218974, "w": "我们", "sp": "Agent"}, {"p": 683, "c": 0.9, "s": 218850, "e": 219060, "w": "过", "sp": "Customer"}, {"p": 684, "c": 0.9, "s": 218975, "e": 219231, "w": "在", "sp": "Agent"}, {"p": 685, "c": 0.9, "s": 219060, "e": 219270, "w": "个", "sp": "Customer"}, {"p": 686, "c": 0.9, "s": 219231, "e": 220000, "w": "武汉市", "sp": "Agent"}, {"p": 687, "c": 0.9, "s": 219270, "e": 219690, "w": "两个", "sp": "Customer"}, {"p": 688, "c": 0.9, "s": 219690, "e": 220110, "w": "一百", "sp": "Customer"}, {"p": 689, "c": 0.9, "s": 220110, "e": 220320, "w": "多", "sp": "Customer"}, {"p": 690, "c": 0.9, "s": 220320, "e": 220740, "w": "公里", "sp": "Customer"}, {"p": 691, "c": 0.9, "s": 220380, "e": 220552, "w": "嗯", "sp": "Agent"}, {"p": 692, "c": 0.9, "s": 220552, "e": 220897, "w": "了解", "sp": "Agent"}, {"p": 693, "c": 0.9, "s": 220897, "e": 221070, "w": "了", "sp": "Agent"}, {"p": 694, "c": 0.9, "s": 221070, "e": 221243, "w": "那", "sp": "Agent"}, {"p": 695, "c": 0.9, "s": 221243, "e": 221415, "w": "是", "sp": "Agent"}, {"p": 696, "c": 0.9, "s": 221415, "e": 221760, "w": "这样", "sp": "Agent"}, {"p": 697, "c": 0.9, "s": 221760, "e": 221933, "w": "的", "sp": "Agent"}, {"p": 698, "c": 0.9, "s": 221933, "e": 222278, "w": "如果", "sp": "Agent"}, {"p": 699, "c": 0.9, "s": 222278, "e": 222451, "w": "您", "sp": "Agent"}, {"p": 700, "c": 0.9, "s": 222451, "e": 222796, "w": "方便", "sp": "Agent"}, {"p": 701, "c": 0.9, "s": 222796, "e": 223141, "w": "的话", "sp": "Agent"}, {"p": 702, "c": 0.9, "s": 223141, "e": 223487, "w": "我们", "sp": "Agent"}, {"p": 703, "c": 0.9, "s": 223487, "e": 223659, "w": "在", "sp": "Agent"}, {"p": 704, "c": 0.9, "s": 223659, "e": 224004, "w": "武汉", "sp": "Agent"}, {"p": 705, "c": 0.9, "s": 224004, "e": 224349, "w": "的话", "sp": "Agent"}, {"p": 706, "c": 0.9, "s": 224350, "e": 224522, "w": "是", "sp": "Agent"}, {"p": 707, "c": 0.9, "s": 224522, "e": 224695, "w": "有", "sp": "Agent"}, {"p": 708, "c": 0.9, "s": 224695, "e": 224868, "w": "个", "sp": "Agent"}, {"p": 709, "c": 0.9, "s": 224868, "e": 225213, "w": "官方", "sp": "Agent"}, {"p": 710, "c": 0.9, "s": 225213, "e": 225558, "w": "展厅", "sp": "Agent"}, {"p": 711, "c": 0.9, "s": 225558, "e": 225903, "w": "展厅", "sp": "Agent"}, {"p": 712, "c": 0.9, "s": 225903, "e": 226248, "w": "的话", "sp": "Agent"}, {"p": 713, "c": 0.9, "s": 226248, "e": 226421, "w": "会", "sp": "Agent"}, {"p": 714, "c": 0.9, "s": 226421, "e": 226594, "w": "有", "sp": "Agent"}, {"p": 715, "c": 0.9, "s": 226594, "e": 226939, "w": "各种", "sp": "Agent"}, {"p": 716, "c": 0.9, "s": 226939, "e": 227284, "w": "样机", "sp": "Agent"}, {"p": 717, "c": 0.9, "s": 227284, "e": 227457, "w": "的", "sp": "Agent"}, {"p": 718, "c": 0.9, "s": 227457, "e": 227802, "w": "展示", "sp": "Agent"}, {"p": 719, "c": 0.9, "s": 227802, "e": 228147, "w": "还有", "sp": "Agent"}, {"p": 720, "c": 0.9, "s": 228147, "e": 228492, "w": "那个", "sp": "Agent"}, {"p": 721, "c": 0.9, "s": 228492, "e": 228838, "w": "样本", "sp": "Agent"}, {"p": 722, "c": 0.9, "s": 228838, "e": 229010, "w": "间", "sp": "Agent"}, {"p": 723, "c": 0.9, "s": 229010, "e": 229183, "w": "呃", "sp": "Agent"}, {"p": 724, "c": 0.9, "s": 229183, "e": 229356, "w": "想", "sp": "Agent"}, {"p": 725, "c": 0.9, "s": 229356, "e": 229701, "w": "邀请", "sp": "Agent"}, {"p": 726, "c": 0.9, "s": 229701, "e": 229873, "w": "您", "sp": "Agent"}, {"p": 727, "c": 0.9, "s": 229873, "e": 230046, "w": "去", "sp": "Agent"}, {"p": 728, "c": 0.9, "s": 230046, "e": 230391, "w": "体验", "sp": "Agent"}, {"p": 729, "c": 0.9, "s": 230391, "e": 230736, "w": "一下", "sp": "Agent"}, {"p": 730, "c": 0.9, "s": 230736, "e": 230909, "w": "您", "sp": "Agent"}, {"p": 731, "c": 0.9, "s": 230909, "e": 231082, "w": "看", "sp": "Agent"}, {"p": 732, "c": 0.9, "s": 231082, "e": 231427, "w": "方便", "sp": "Agent"}, {"p": 733, "c": 0.9, "s": 231427, "e": 231600, "w": "吗", "sp": "Agent"}, {"p": 734, "c": 0.9, "s": 233240, "e": 233416, "w": "嗯", "sp": "Customer"}, {"p": 735, "c": 0.9, "s": 233416, "e": 233768, "w": "这些", "sp": "Customer"}, {"p": 736, "c": 0.9, "s": 233768, "e": 233944, "w": "不", "sp": "Customer"}, {"p": 737, "c": 0.9, "s": 233944, "e": 234297, "w": "可以", "sp": "Customer"}, {"p": 738, "c": 0.9, "s": 234297, "e": 234472, "w": "啊", "sp": "Customer"}, {"p": 739, "c": 0.9, "s": 234473, "e": 234649, "w": "我", "sp": "Customer"}, {"p": 740, "c": 0.9, "s": 234649, "e": 235002, "w": "因为", "sp": "Customer"}, {"p": 741, "c": 0.9, "s": 235002, "e": 235178, "w": "我", "sp": "Customer"}, {"p": 742, "c": 0.9, "s": 235178, "e": 235530, "w": "现在", "sp": "Customer"}, {"p": 743, "c": 0.9, "s": 235530, "e": 235706, "w": "我", "sp": "Customer"}, {"p": 744, "c": 0.9, "s": 235706, "e": 235883, "w": "人", "sp": "Customer"}, {"p": 745, "c": 0.9, "s": 235883, "e": 236058, "w": "在", "sp": "Customer"}, {"p": 746, "c": 0.9, "s": 236059, "e": 236411, "w": "广州", "sp": "Customer"}, {"p": 747, "c": 0.9, "s": 236411, "e": 236586, "w": "就", "sp": "Customer"}, {"p": 748, "c": 0.9, "s": 236587, "e": 237116, "w": "比如说", "sp": "Customer"}, {"p": 749, "c": 0.9, "s": 236870, "e": 237127, "w": "哦", "sp": "Agent"}, {"p": 750, "c": 0.9, "s": 237116, "e": 237292, "w": "我", "sp": "Customer"}, {"p": 751, "c": 0.9, "s": 237127, "e": 237384, "w": "人", "sp": "Agent"}, {"p": 752, "c": 0.9, "s": 237292, "e": 237468, "w": "要", "sp": "Customer"}, {"p": 753, "c": 0.9, "s": 237384, "e": 237641, "w": "在", "sp": "Agent"}, {"p": 754, "c": 0.9, "s": 237468, "e": 237821, "w": "确定", "sp": "Customer"}, {"p": 755, "c": 0.9, "s": 237641, "e": 238155, "w": "广州", "sp": "Agent"}, {"p": 756, "c": 0.9, "s": 237821, "e": 237997, "w": "好", "sp": "Customer"}, {"p": 757, "c": 0.9, "s": 237997, "e": 238172, "w": "了", "sp": "Customer"}, {"p": 758, "c": 0.9, "s": 238155, "e": 238412, "w": "是", "sp": "Agent"}, {"p": 759, "c": 0.9, "s": 238173, "e": 238702, "w": "比如说", "sp": "Customer"}, {"p": 760, "c": 0.9, "s": 238412, "e": 238670, "w": "吗", "sp": "Agent"}, {"p": 761, "c": 0.9, "s": 238702, "e": 238877, "w": "买", "sp": "Customer"}, {"p": 762, "c": 0.9, "s": 238878, "e": 239230, "w": "你们", "sp": "Customer"}, {"p": 763, "c": 0.9, "s": 239230, "e": 239407, "w": "要", "sp": "Customer"}, {"p": 764, "c": 0.9, "s": 239407, "e": 239583, "w": "买", "sp": "Customer"}, {"p": 765, "c": 0.9, "s": 239583, "e": 239935, "w": "你们", "sp": "Customer"}, {"p": 766, "c": 0.9, "s": 239935, "e": 240111, "w": "的", "sp": "Customer"}, {"p": 767, "c": 0.9, "s": 240111, "e": 240463, "w": "产品", "sp": "Customer"}, {"p": 768, "c": 0.9, "s": 240464, "e": 240640, "w": "那", "sp": "Customer"}, {"p": 769, "c": 0.9, "s": 240640, "e": 240816, "w": "我", "sp": "Customer"}, {"p": 770, "c": 0.9, "s": 240816, "e": 241168, "w": "肯定", "sp": "Customer"}, {"p": 771, "c": 0.9, "s": 241169, "e": 241345, "w": "我", "sp": "Customer"}, {"p": 772, "c": 0.9, "s": 241345, "e": 241521, "w": "要", "sp": "Customer"}, {"p": 773, "c": 0.9, "s": 241521, "e": 241696, "w": "看", "sp": "Customer"}, {"p": 774, "c": 0.9, "s": 241670, "e": 241923, "w": "啊", "sp": "Agent"}, {"p": 775, "c": 0.9, "s": 241697, "e": 241873, "w": "的", "sp": "Customer"}, {"p": 776, "c": 0.9, "s": 241873, "e": 242050, "w": "呀", "sp": "Customer"}, {"p": 777, "c": 0.9, "s": 241923, "e": 242431, "w": "了解", "sp": "Agent"}, {"p": 778, "c": 0.9, "s": 242431, "e": 242938, "w": "了解", "sp": "Agent"}, {"p": 779, "c": 0.9, "s": 242500, "e": 242682, "w": "行", "sp": "Customer"}, {"p": 780, "c": 0.9, "s": 242682, "e": 243046, "w": "这个", "sp": "Customer"}, {"p": 781, "c": 0.9, "s": 242938, "e": 243192, "w": "行", "sp": "Agent"}, {"p": 782, "c": 0.9, "s": 243046, "e": 243228, "w": "我", "sp": "Customer"}, {"p": 783, "c": 0.9, "s": 243192, "e": 243446, "w": "那", "sp": "Agent"}, {"p": 784, "c": 0.9, "s": 243228, "e": 243410, "w": "看", "sp": "Customer"}, {"p": 785, "c": 0.9, "s": 243410, "e": 243592, "w": "都", "sp": "Customer"}, {"p": 786, "c": 0.9, "s": 243446, "e": 243700, "w": "我", "sp": "Agent"}, {"p": 787, "c": 0.9, "s": 243592, "e": 243774, "w": "不", "sp": "Customer"}, {"p": 788, "c": 0.9, "s": 243774, "e": 243956, "w": "说", "sp": "Customer"}, {"p": 789, "c": 0.9, "s": 243956, "e": 244138, "w": "就", "sp": "Customer"}, {"p": 790, "c": 0.9, "s": 244138, "e": 244320, "w": "看", "sp": "Customer"}, {"p": 791, "c": 0.9, "s": 244320, "e": 244502, "w": "了", "sp": "Customer"}, {"p": 792, "c": 0.9, "s": 244370, "e": 244816, "w": "嗯", "sp": "Agent"}, {"p": 793, "c": 0.9, "s": 244502, "e": 244866, "w": "因为", "sp": "Customer"}, {"p": 794, "c": 0.9, "s": 244816, "e": 245709, "w": "了解", "sp": "Agent"}, {"p": 795, "c": 0.9, "s": 244866, "e": 245048, "w": "我", "sp": "Customer"}, {"p": 796, "c": 0.9, "s": 245048, "e": 245230, "w": "的", "sp": "Customer"}, {"p": 797, "c": 0.9, "s": 245230, "e": 245594, "w": "朋友", "sp": "Customer"}, {"p": 798, "c": 0.9, "s": 245594, "e": 245958, "w": "他们", "sp": "Customer"}, {"p": 799, "c": 0.9, "s": 245958, "e": 246140, "w": "也", "sp": "Customer"}, {"p": 800, "c": 0.9, "s": 246140, "e": 246322, "w": "是", "sp": "Customer"}, {"p": 801, "c": 0.9, "s": 246322, "e": 246504, "w": "也", "sp": "Customer"}, {"p": 802, "c": 0.9, "s": 246504, "e": 246686, "w": "是", "sp": "Customer"}, {"p": 803, "c": 0.9, "s": 246686, "e": 247050, "w": "装修", "sp": "Customer"}, {"p": 804, "c": 0.9, "s": 247050, "e": 247232, "w": "也", "sp": "Customer"}, {"p": 805, "c": 0.9, "s": 247232, "e": 247414, "w": "用", "sp": "Customer"}, {"p": 806, "c": 0.9, "s": 247414, "e": 247778, "w": "这个", "sp": "Customer"}, {"p": 807, "c": 0.9, "s": 247778, "e": 248142, "w": "牌子", "sp": "Customer"}, {"p": 808, "c": 0.9, "s": 248142, "e": 248506, "w": "所以", "sp": "Customer"}, {"p": 809, "c": 0.9, "s": 248506, "e": 248688, "w": "我", "sp": "Customer"}, {"p": 810, "c": 0.9, "s": 248688, "e": 249234, "w": "就是说", "sp": "Customer"}, {"p": 811, "c": 0.9, "s": 249234, "e": 249597, "w": "了解", "sp": "Customer"}, {"p": 812, "c": 0.9, "s": 249598, "e": 249962, "w": "一下", "sp": "Customer"}, {"p": 813, "c": 0.9, "s": 249962, "e": 250144, "w": "我", "sp": "Customer"}, {"p": 814, "c": 0.9, "s": 250144, "e": 250508, "w": "这个", "sp": "Customer"}, {"p": 815, "c": 0.9, "s": 250508, "e": 250690, "w": "房", "sp": "Customer"}, {"p": 816, "c": 0.9, "s": 250690, "e": 251054, "w": "大概", "sp": "Customer"}, {"p": 817, "c": 0.9, "s": 251054, "e": 251418, "w": "需要", "sp": "Customer"}, {"p": 818, "c": 0.9, "s": 251418, "e": 251600, "w": "多", "sp": "Customer"}, {"p": 819, "c": 0.9, "s": 251600, "e": 251782, "w": "大", "sp": "Customer"}, {"p": 820, "c": 0.9, "s": 251782, "e": 252146, "w": "大概", "sp": "Customer"}, {"p": 821, "c": 0.9, "s": 252146, "e": 252328, "w": "你", "sp": "Customer"}, {"p": 822, "c": 0.9, "s": 252328, "e": 252510, "w": "还", "sp": "Customer"}, {"p": 823, "c": 0.9, "s": 252510, "e": 252692, "w": "在", "sp": "Customer"}, {"p": 824, "c": 0.9, "s": 252692, "e": 253056, "w": "什么", "sp": "Customer"}, {"p": 825, "c": 0.9, "s": 253056, "e": 253420, "w": "费用", "sp": "Customer"}, {"p": 826, "c": 0.9, "s": 253420, "e": 253602, "w": "我", "sp": "Customer"}, {"p": 827, "c": 0.9, "s": 253602, "e": 253784, "w": "想", "sp": "Customer"}, {"p": 828, "c": 0.9, "s": 253784, "e": 254148, "w": "了解", "sp": "Customer"}, {"p": 829, "c": 0.9, "s": 254040, "e": 254362, "w": "嗯", "sp": "Agent"}, {"p": 830, "c": 0.9, "s": 254148, "e": 254512, "w": "一下", "sp": "Customer"}, {"p": 831, "c": 0.9, "s": 254363, "e": 254686, "w": "嗯", "sp": "Agent"}, {"p": 832, "c": 0.9, "s": 254512, "e": 254875, "w": "这个", "sp": "Customer"}, {"p": 833, "c": 0.9, "s": 254686, "e": 255333, "w": "了解", "sp": "Agent"}, {"p": 834, "c": 0.9, "s": 254876, "e": 255240, "w": "牌子", "sp": "Customer"}, {"p": 835, "c": 0.9, "s": 255240, "e": 255604, "w": "肯定", "sp": "Customer"}, {"p": 836, "c": 0.9, "s": 255333, "e": 255980, "w": "了解", "sp": "Agent"}, {"p": 837, "c": 0.9, "s": 255604, "e": 255786, "w": "定", "sp": "Customer"}, {"p": 838, "c": 0.9, "s": 255786, "e": 256150, "w": "下来", "sp": "Customer"}, {"p": 839, "c": 0.9, "s": 256150, "e": 256514, "w": "肯定", "sp": "Customer"}, {"p": 840, "c": 0.9, "s": 256514, "e": 256878, "w": "大厅", "sp": "Customer"}, {"p": 841, "c": 0.9, "s": 256519, "e": 256668, "w": "啊", "sp": "Agent"}, {"p": 842, "c": 0.9, "s": 256668, "e": 256965, "w": "可以", "sp": "Agent"}, {"p": 843, "c": 0.9, "s": 256877, "e": 257060, "w": "的", "sp": "Customer"}, {"p": 844, "c": 0.9, "s": 256965, "e": 257113, "w": "的", "sp": "Agent"}, {"p": 845, "c": 0.9, "s": 257114, "e": 257262, "w": "行", "sp": "Agent"}, {"p": 846, "c": 0.9, "s": 257262, "e": 257410, "w": "那", "sp": "Agent"}, {"p": 847, "c": 0.9, "s": 257411, "e": 257559, "w": "我", "sp": "Agent"}, {"p": 848, "c": 0.9, "s": 257558, "e": 257855, "w": "现在", "sp": "Agent"}, {"p": 849, "c": 0.9, "s": 257855, "e": 258152, "w": "经常", "sp": "Agent"}, {"p": 850, "c": 0.9, "s": 258153, "e": 258450, "w": "联系", "sp": "Agent"}, {"p": 851, "c": 0.9, "s": 258450, "e": 258599, "w": "您", "sp": "Agent"}, {"p": 852, "c": 0.9, "s": 258599, "e": 258747, "w": "给", "sp": "Agent"}, {"p": 853, "c": 0.9, "s": 258747, "e": 258896, "w": "您", "sp": "Agent"}, {"p": 854, "c": 0.9, "s": 258896, "e": 259193, "w": "提供", "sp": "Agent"}, {"p": 855, "c": 0.9, "s": 259193, "e": 259489, "w": "那个", "sp": "Agent"}, {"p": 856, "c": 0.9, "s": 259489, "e": 259786, "w": "方案", "sp": "Agent"}, {"p": 857, "c": 0.9, "s": 259786, "e": 260083, "w": "报价", "sp": "Agent"}, {"p": 858, "c": 0.9, "s": 260084, "e": 260233, "w": "您", "sp": "Agent"}, {"p": 859, "c": 0.9, "s": 260233, "e": 260678, "w": "到时候", "sp": "Agent"}, {"p": 860, "c": 0.9, "s": 260678, "e": 260975, "w": "提前", "sp": "Agent"}, {"p": 861, "c": 0.9, "s": 260975, "e": 261272, "w": "参考", "sp": "Agent"}, {"p": 862, "c": 0.9, "s": 261272, "e": 261570, "w": "一下", "sp": "Agent"}, {"p": 863, "c": 0.9, "s": 262600, "e": 262938, "w": "嗯", "sp": "Customer"}, {"p": 864, "c": 0.9, "s": 262938, "e": 263615, "w": "好好", "sp": "Customer"}, {"p": 865, "c": 0.9, "s": 263615, "e": 263953, "w": "好", "sp": "Customer"}, {"p": 866, "c": 0.9, "s": 263730, "e": 263870, "w": "嗯", "sp": "Agent"}, {"p": 867, "c": 0.9, "s": 263870, "e": 264010, "w": "好", "sp": "Agent"}, {"p": 868, "c": 0.9, "s": 263954, "e": 264631, "w": "好好", "sp": "Customer"}, {"p": 869, "c": 0.9, "s": 264010, "e": 264150, "w": "的", "sp": "Agent"}, {"p": 870, "c": 0.9, "s": 264150, "e": 264290, "w": "那", "sp": "Agent"}, {"p": 871, "c": 0.9, "s": 264290, "e": 264570, "w": "请问", "sp": "Agent"}, {"p": 872, "c": 0.9, "s": 264570, "e": 264850, "w": "这边", "sp": "Agent"}, {"p": 873, "c": 0.9, "s": 264631, "e": 264970, "w": "嗯", "sp": "Customer"}, {"p": 874, "c": 0.9, "s": 264850, "e": 265130, "w": "还有", "sp": "Agent"}, {"p": 875, "c": 0.9, "s": 265130, "e": 265410, "w": "什么", "sp": "Agent"}, {"p": 876, "c": 0.9, "s": 265410, "e": 265690, "w": "可以", "sp": "Agent"}, {"p": 877, "c": 0.9, "s": 265690, "e": 265830, "w": "帮", "sp": "Agent"}, {"p": 878, "c": 0.9, "s": 265830, "e": 265970, "w": "您", "sp": "Agent"}, {"p": 879, "c": 0.9, "s": 266940, "e": 267274, "w": "嗯", "sp": "Customer"}, {"p": 880, "c": 0.9, "s": 267274, "e": 267608, "w": "好", "sp": "Customer"}, {"p": 881, "c": 0.9, "s": 267608, "e": 268276, "w": "可以", "sp": "Customer"}, {"p": 882, "c": 0.9, "s": 267810, "e": 268005, "w": "嗯", "sp": "Agent"}, {"p": 883, "c": 0.9, "s": 268005, "e": 268201, "w": "嗯", "sp": "Agent"}, {"p": 884, "c": 0.9, "s": 268201, "e": 268591, "w": "感谢", "sp": "Agent"}, {"p": 885, "c": 0.9, "s": 268276, "e": 268610, "w": "了", "sp": "Customer"}, {"p": 886, "c": 0.9, "s": 268592, "e": 268984, "w": "来电", "sp": "Agent"}, {"p": 887, "c": 0.9, "s": 268984, "e": 269375, "w": "祝您", "sp": "Agent"}, {"p": 888, "c": 0.9, "s": 269375, "e": 269767, "w": "生活", "sp": "Agent"}, {"p": 889, "c": 0.9, "s": 269767, "e": 270158, "w": "愉快", "sp": "Agent"}, {"p": 890, "c": 0.9, "s": 270158, "e": 270550, "w": "再见", "sp": "Agent"}]}, "plainText": "您好 欢迎\n你好\n致电\n嗯 这边\n大金\n有 个\n空调\n用户\n您好\n想要 购买 大厅 的 空调 可以 帮 您 转\n嗯\n过来\n用户\n吗\n来电 号码\n嗯\n麻烦\n五二\n你\n六九\n五二 六九 就是 我们\n嗯\n这个 号码 是 吗\n对 呃 可能 是 系统 之前 那个 故障 所以 我 看不到 他 的\n哦\n来电\n那 您\n不好意思\n这边 转接 一下\n嗯\n吧 麻烦\n麻烦 了 谢谢\n嗯 不 客气 您好 电话 转接 成功 请问 什么 可以 帮 您\n喂 你好 哎 我 想 问 一下 那个 天门 的 就是 那个 大 井 空调 的 那个 地下 嘛 那个 电话\n那 十分 抱歉 先生 我 这边 是 没什么 具体 电话 的 您 是 要 购买 中央 空调 还是 挂机 柜机 呢\n呃 中央 空调\n中央 空调 是 吧 您 是 在 天门 吗\n对\n呃 您 看 这样 可以 吗 我 这边 情况 帮 您 记录 一下 到时候 让 他 当 就是 当地 的 经销商 主动 联系 下 您 您 看 可以 吗\n啊 这 可以\n好 的\n可以\n那 先生 请问 怎么 称呼 您 呢 您 贵姓\n我 姓 蒲 蒲 先生\n好 的\n蒲公英\n浦 先生 嗯 好 的 感谢您 对 爱心 产品 的 支持 那 请问 呃 方便 的话 可以 留 一个 方便 联系 您 的 手机号码 吗\n这个 好像 呃 幺 八\n幺\n六\n八 六\n幺 三 零\n幺 三 零\n二二八 三六\n二二八 三六 好\n嗯\n的 了解\n好\n了\n的\n呃 那 请问 您\n对\n这边 是 在 天门 哪个 区县 呢\n就是 就是 前门 城市 里面 前 门市\n天\n里面\n门市 他 上级\n前门\n市 是 哪里 的 是\n对\n哪个 城市 呢\n武汉 吗 湖北省\n五\n天 门市\n湖北\n吗 湖北省\n天门 是 属于 武汉 吗\n对\n哦 了解 了 行 那 情况 我 这边 帮 您 反馈 一下 那 请问 一下 房屋 大概 多少 面积 呢\n嗯 差不多 三百\n三\n平\n六零\n嘛\n是 一个 别墅 吗 还是\n对 对 对 对 对\n嗯 了解\n对\n了 那 请问 一下 您 这边 装修 公司 有 定 下来 的 吗\n呃 暂时 还 没有 我 先 聊 一下 这个 产品 就是说 这个 比如说 我 装 这个 的话 大概 就是说 大概\n啊 了\n什么\n了解\n费用\n了\n价格\n呃\n什么\n那 你\n一个\n这边\n啊\n是 大概 准备\n对\n什么 时间 装修 呢\n装修 如果 是 方方面面 的 了解 差不多 的话 有 可能 在 四月份 啊 三 月底 啊 这 不等 的 这个 具体 看\n啊\n情况\n啊 了解\n无所谓\n了解\n早 一点 可以 晚点\n啊 了解\n可以\n了 行 呃 那 您 这边 像 我们 除了 有 中央 空调 还有 新风 和 地 暖 您 这边 需要 同时 去 了解 一下 这个 方案 吗\n嗯 都 要 都 要\n都\n都\n要\n要\n的 是\n装\n吗 好 的 了解 信息 我 都 帮 您 备注 上去 呃 但是 想 多 问 一下 请问 一下 您 这边 的话 就是 家里 是 老人 小朋友 都 跟 您 一起 住 大概 几 口 人 呢\n我们 这 以后 都 有 也 就 三 个人\n这 三口\n吧\n是 是\n一家人\n小朋友 跟 你 一起 住 是 吗 就是 家里 没 老人 是 吗\n嗯 老人 暂时 没有 以后 有 老人\n你\n呢 都\n说\n要\n有\n都\n什么\n要 考虑 进去\n啊 都 要\n嘛\n考虑 经济\n嗯\n就是 五六 口 人 这样 的 是 吧\n对 对\n嗯 了解\n对\n那行 那 我 情况 我 帮 您 反馈 一下 那 呃 您 这边 的话 手 这个 手机号 方便 添加 微 信 吗 如果 方便 的话 到时候 您 也 可以 先 把 户型图 给 到 我们 我们 这边 先 给 您 设计方案\n嗯 也 可以\n也\n可以\n可 以是 吗 行 那 稍后\n可以\n我 添加 一下\n的\n您 微 信 到时候 您 麻烦 通过 一下\n嗯 好 的 好\n嗯\n的\n好 的\n嗯\n嗯\n嗯\n那 这边 就 不 耽误 您 时间 也 麻烦 您 保持 手机 畅通 那 您 这边 离 武汉 市区 的话 是 有 多 远 呢\n哼哼 离 武汉 的话 差不多 开车 可能 也 就 不到 两个 小时\n嗯 是\n吧\n这样 的 因为\n过 个 小时\n我们\n过\n在\n个\n武汉市\n两个 一百 多 公里\n嗯 了解 了 那 是 这样 的 如果 您 方便 的话 我们 在 武汉 的话 是 有 个 官方 展厅 展厅 的话 会 有 各种 样机 的 展示 还有 那个 样本 间 呃 想 邀请 您 去 体验 一下 您 看 方便 吗\n嗯 这些 不 可以 啊 我 因为 我 现在 我 人 在 广州 就 比如说\n哦\n我\n人\n要\n在\n确定\n广州\n好 了\n是\n比如说\n吗\n买 你们 要 买 你们 的 产品 那 我 肯定 我 要 看\n啊\n的 呀\n了解 了解\n行 这个\n行\n我\n那\n看 都\n我\n不 说 就 看 了\n嗯\n因为\n了解\n我 的 朋友 他们 也 是 也 是 装修 也 用 这个 牌子 所以 我 就是说 了解 一下 我 这个 房 大概 需要 多 大 大概 你 还 在 什么 费用 我 想 了解\n嗯\n一下\n嗯\n这个\n了解\n牌子 肯定\n了解\n定 下来 肯定 大厅\n啊 可以\n的\n的 行 那 我 现在 经常 联系 您 给 您 提供 那个 方案 报价 您 到时候 提前 参考 一下\n嗯 好好 好\n嗯 好\n好好\n的 那 请问 这边\n嗯\n还有 什么 可以 帮 您\n嗯 好 可以\n嗯 嗯 感谢\n了\n来电 祝您 生活 愉快 再见", "plainTextTime": {"verbatims": [{"s": 150, "e": 1193, "w": "您好 欢迎", "sp": "Agent"}, {"s": 890, "e": 1313, "w": "你好", "sp": "Customer"}, {"s": 1193, "e": 1714, "w": "致电", "sp": "Agent"}, {"s": 1313, "e": 1947, "w": "嗯 这边", "sp": "Customer"}, {"s": 1715, "e": 2236, "w": "大金", "sp": "Agent"}, {"s": 1947, "e": 2370, "w": "有 个", "sp": "Customer"}, {"s": 2236, "e": 2758, "w": "空调", "sp": "Agent"}, {"s": 2370, "e": 2793, "w": "用户", "sp": "Customer"}, {"s": 2758, "e": 3280, "w": "您好", "sp": "Agent"}, {"s": 2793, "e": 5755, "w": "想要 购买 大厅 的 空调 可以 帮 您 转", "sp": "Customer"}, {"s": 5720, "e": 5925, "w": "嗯", "sp": "Agent"}, {"s": 5755, "e": 6178, "w": "过来", "sp": "Customer"}, {"s": 5926, "e": 6338, "w": "用户", "sp": "Agent"}, {"s": 6178, "e": 6390, "w": "吗", "sp": "Customer"}, {"s": 6338, "e": 7162, "w": "来电 号码", "sp": "Agent"}, {"s": 7020, "e": 7428, "w": "嗯", "sp": "Customer"}, {"s": 7162, "e": 7574, "w": "麻烦", "sp": "Agent"}, {"s": 7428, "e": 8243, "w": "五二", "sp": "Customer"}, {"s": 7574, "e": 7779, "w": "你", "sp": "Agent"}, {"s": 8244, "e": 9060, "w": "六九", "sp": "Customer"}, {"s": 9000, "e": 10502, "w": "五二 六九 就是 我们", "sp": "Agent"}, {"s": 10240, "e": 11200, "w": "嗯", "sp": "Customer"}, {"s": 10502, "e": 11630, "w": "这个 号码 是 吗", "sp": "Agent"}, {"s": 11480, "e": 15291, "w": "对 呃 可能 是 系统 之前 那个 故障 所以 我 看不到 他 的", "sp": "Customer"}, {"s": 15180, "e": 15386, "w": "哦", "sp": "Agent"}, {"s": 15291, "e": 15654, "w": "来电", "sp": "Customer"}, {"s": 15386, "e": 15800, "w": "那 您", "sp": "Agent"}, {"s": 15654, "e": 16380, "w": "不好意思", "sp": "Customer"}, {"s": 15800, "e": 17039, "w": "这边 转接 一下", "sp": "Agent"}, {"s": 17010, "e": 17321, "w": "嗯", "sp": "Customer"}, {"s": 17040, "e": 17660, "w": "吧 麻烦", "sp": "Agent"}, {"s": 17321, "e": 18880, "w": "麻烦 了 谢谢", "sp": "Customer"}, {"s": 18620, "e": 21480, "w": "嗯 不 客气 您好 电话 转接 成功 请问 什么 可以 帮 您", "sp": "Agent"}, {"s": 22690, "e": 30350, "w": "喂 你好 哎 我 想 问 一下 那个 天门 的 就是 那个 大 井 空调 的 那个 地下 嘛 那个 电话", "sp": "Customer"}, {"s": 30340, "e": 36260, "w": "那 十分 抱歉 先生 我 这边 是 没什么 具体 电话 的 您 是 要 购买 中央 空调 还是 挂机 柜机 呢", "sp": "Agent"}, {"s": 36980, "e": 38860, "w": "呃 中央 空调", "sp": "Customer"}, {"s": 38260, "e": 40990, "w": "中央 空调 是 吧 您 是 在 天门 吗", "sp": "Agent"}, {"s": 41780, "e": 42940, "w": "对", "sp": "Customer"}, {"s": 42550, "e": 49570, "w": "呃 您 看 这样 可以 吗 我 这边 情况 帮 您 记录 一下 到时候 让 他 当 就是 当地 的 经销商 主动 联系 下 您 您 看 可以 吗", "sp": "Agent"}, {"s": 50270, "e": 51383, "w": "啊 这 可以", "sp": "Customer"}, {"s": 51210, "e": 51538, "w": "好 的", "sp": "Agent"}, {"s": 51383, "e": 51940, "w": "可以", "sp": "Customer"}, {"s": 51538, "e": 53840, "w": "那 先生 请问 怎么 称呼 您 呢 您 贵姓", "sp": "Agent"}, {"s": 54950, "e": 57003, "w": "我 姓 蒲 蒲 先生", "sp": "Customer"}, {"s": 56700, "e": 57028, "w": "好 的", "sp": "Agent"}, {"s": 57003, "e": 58030, "w": "蒲公英", "sp": "Customer"}, {"s": 57028, "e": 63760, "w": "浦 先生 嗯 好 的 感谢您 对 爱心 产品 的 支持 那 请问 呃 方便 的话 可以 留 一个 方便 联系 您 的 手机号码 吗", "sp": "Agent"}, {"s": 64940, "e": 66672, "w": "这个 好像 呃 幺 八", "sp": "Customer"}, {"s": 66490, "e": 66923, "w": "幺", "sp": "Agent"}, {"s": 66672, "e": 66920, "w": "六", "sp": "Customer"}, {"s": 66923, "e": 67790, "w": "八 六", "sp": "Agent"}, {"s": 68570, "e": 69960, "w": "幺 三 零", "sp": "Customer"}, {"s": 69590, "e": 70890, "w": "幺 三 零", "sp": "Agent"}, {"s": 71920, "e": 73620, "w": "二二八 三六", "sp": "Customer"}, {"s": 73180, "e": 74534, "w": "二二八 三六 好", "sp": "Agent"}, {"s": 74450, "e": 74880, "w": "嗯", "sp": "Customer"}, {"s": 74534, "e": 75211, "w": "的 了解", "sp": "Agent"}, {"s": 74880, "e": 75310, "w": "好", "sp": "Customer"}, {"s": 75211, "e": 75437, "w": "了", "sp": "Agent"}, {"s": 75310, "e": 75740, "w": "的", "sp": "Customer"}, {"s": 75437, "e": 76565, "w": "呃 那 请问 您", "sp": "Agent"}, {"s": 76460, "e": 77360, "w": "对", "sp": "Customer"}, {"s": 76566, "e": 79049, "w": "这边 是 在 天门 哪个 区县 呢", "sp": "Agent"}, {"s": 80780, "e": 83588, "w": "就是 就是 前门 城市 里面 前 门市", "sp": "Customer"}, {"s": 83520, "e": 83752, "w": "天", "sp": "Agent"}, {"s": 83588, "e": 84020, "w": "里面", "sp": "Customer"}, {"s": 83752, "e": 84917, "w": "门市 他 上级", "sp": "Agent"}, {"s": 84900, "e": 86246, "w": "前门", "sp": "Customer"}, {"s": 84917, "e": 86315, "w": "市 是 哪里 的 是", "sp": "Agent"}, {"s": 86246, "e": 86920, "w": "对", "sp": "Customer"}, {"s": 86315, "e": 87480, "w": "哪个 城市 呢", "sp": "Agent"}, {"s": 88750, "e": 90416, "w": "武汉 吗 湖北省", "sp": "Customer"}, {"s": 89880, "e": 90930, "w": "五", "sp": "Agent"}, {"s": 90416, "e": 91249, "w": "天 门市", "sp": "Customer"}, {"s": 91210, "e": 91830, "w": "湖北", "sp": "Agent"}, {"s": 91249, "e": 92360, "w": "吗 湖北省", "sp": "Customer"}, {"s": 91830, "e": 94310, "w": "天门 是 属于 武汉 吗", "sp": "Agent"}, {"s": 96430, "e": 97490, "w": "对", "sp": "Customer"}, {"s": 97860, "e": 103520, "w": "哦 了解 了 行 那 情况 我 这边 帮 您 反馈 一下 那 请问 一下 房屋 大概 多少 面积 呢", "sp": "Agent"}, {"s": 105040, "e": 106735, "w": "嗯 差不多 三百", "sp": "Customer"}, {"s": 106670, "e": 106897, "w": "三", "sp": "Agent"}, {"s": 106735, "e": 107017, "w": "平", "sp": "Customer"}, {"s": 106898, "e": 107354, "w": "六零", "sp": "Agent"}, {"s": 107017, "e": 107299, "w": "嘛", "sp": "Customer"}, {"s": 107354, "e": 109180, "w": "是 一个 别墅 吗 还是", "sp": "Agent"}, {"s": 109490, "e": 110931, "w": "对 对 对 对 对", "sp": "Customer"}, {"s": 110650, "e": 111116, "w": "嗯 了解", "sp": "Agent"}, {"s": 110931, "e": 111220, "w": "对", "sp": "Customer"}, {"s": 111116, "e": 114070, "w": "了 那 请问 一下 您 这边 装修 公司 有 定 下来 的 吗", "sp": "Agent"}, {"s": 115460, "e": 122384, "w": "呃 暂时 还 没有 我 先 聊 一下 这个 产品 就是说 这个 比如说 我 装 这个 的话 大概 就是说 大概", "sp": "Customer"}, {"s": 122070, "e": 122593, "w": "啊 了", "sp": "Agent"}, {"s": 122384, "e": 122768, "w": "什么", "sp": "Customer"}, {"s": 122593, "e": 123117, "w": "了解", "sp": "Agent"}, {"s": 122768, "e": 123153, "w": "费用", "sp": "Customer"}, {"s": 123117, "e": 123379, "w": "了", "sp": "Agent"}, {"s": 123153, "e": 123538, "w": "价格", "sp": "Customer"}, {"s": 123379, "e": 123640, "w": "呃", "sp": "Agent"}, {"s": 123538, "e": 123922, "w": "什么", "sp": "Customer"}, {"s": 123640, "e": 124164, "w": "那 你", "sp": "Agent"}, {"s": 123922, "e": 124307, "w": "一个", "sp": "Customer"}, {"s": 124164, "e": 124688, "w": "这边", "sp": "Agent"}, {"s": 124307, "e": 124500, "w": "啊", "sp": "Customer"}, {"s": 124688, "e": 125997, "w": "是 大概 准备", "sp": "Agent"}, {"s": 125640, "e": 126600, "w": "对", "sp": "Customer"}, {"s": 125997, "e": 127830, "w": "什么 时间 装修 呢", "sp": "Agent"}, {"s": 129840, "e": 138418, "w": "装修 如果 是 方方面面 的 了解 差不多 的话 有 可能 在 四月份 啊 三 月底 啊 这 不等 的 这个 具体 看", "sp": "Customer"}, {"s": 138410, "e": 138728, "w": "啊", "sp": "Agent"}, {"s": 138418, "e": 138870, "w": "情况", "sp": "Customer"}, {"s": 138728, "e": 139683, "w": "啊 了解", "sp": "Agent"}, {"s": 139150, "e": 139707, "w": "无所谓", "sp": "Customer"}, {"s": 139683, "e": 140319, "w": "了解", "sp": "Agent"}, {"s": 139707, "e": 141008, "w": "早 一点 可以 晚点", "sp": "Customer"}, {"s": 140700, "e": 141253, "w": "啊 了解", "sp": "Agent"}, {"s": 141008, "e": 141379, "w": "可以", "sp": "Customer"}, {"s": 141253, "e": 148819, "w": "了 行 呃 那 您 这边 像 我们 除了 有 中央 空调 还有 新风 和 地 暖 您 这边 需要 同时 去 了解 一下 这个 方案 吗", "sp": "Agent"}, {"s": 149700, "e": 150912, "w": "嗯 都 要 都 要", "sp": "Customer"}, {"s": 150800, "e": 150987, "w": "都", "sp": "Agent"}, {"s": 150912, "e": 151155, "w": "都", "sp": "Customer"}, {"s": 150987, "e": 151174, "w": "要", "sp": "Agent"}, {"s": 151155, "e": 151397, "w": "要", "sp": "Customer"}, {"s": 151174, "e": 151547, "w": "的 是", "sp": "Agent"}, {"s": 151397, "e": 151640, "w": "装", "sp": "Customer"}, {"s": 151548, "e": 161660, "w": "吗 好 的 了解 信息 我 都 帮 您 备注 上去 呃 但是 想 多 问 一下 请问 一下 您 这边 的话 就是 家里 是 老人 小朋友 都 跟 您 一起 住 大概 几 口 人 呢", "sp": "Agent"}, {"s": 163720, "e": 166952, "w": "我们 这 以后 都 有 也 就 三 个人", "sp": "Customer"}, {"s": 166430, "e": 166981, "w": "这 三口", "sp": "Agent"}, {"s": 166952, "e": 167221, "w": "吧", "sp": "Customer"}, {"s": 166981, "e": 167347, "w": "是 是", "sp": "Agent"}, {"s": 167221, "e": 168030, "w": "一家人", "sp": "Customer"}, {"s": 167348, "e": 170840, "w": "小朋友 跟 你 一起 住 是 吗 就是 家里 没 老人 是 吗", "sp": "Agent"}, {"s": 172350, "e": 175159, "w": "嗯 老人 暂时 没有 以后 有 老人", "sp": "Customer"}, {"s": 175130, "e": 175408, "w": "你", "sp": "Agent"}, {"s": 175159, "e": 175627, "w": "呢 都", "sp": "Customer"}, {"s": 175408, "e": 175686, "w": "说", "sp": "Agent"}, {"s": 175627, "e": 175861, "w": "要", "sp": "Customer"}, {"s": 175686, "e": 175964, "w": "有", "sp": "Agent"}, {"s": 175861, "e": 176094, "w": "都", "sp": "Customer"}, {"s": 175964, "e": 176520, "w": "什么", "sp": "Agent"}, {"s": 176095, "e": 177265, "w": "要 考虑 进去", "sp": "Customer"}, {"s": 176800, "e": 177265, "w": "啊 都 要", "sp": "Agent"}, {"s": 177265, "e": 177500, "w": "嘛", "sp": "Customer"}, {"s": 177266, "e": 177888, "w": "考虑 经济", "sp": "Agent"}, {"s": 177780, "e": 178680, "w": "嗯", "sp": "Customer"}, {"s": 177888, "e": 179600, "w": "就是 五六 口 人 这样 的 是 吧", "sp": "Agent"}, {"s": 180430, "e": 181390, "w": "对 对", "sp": "Customer"}, {"s": 181150, "e": 181639, "w": "嗯 了解", "sp": "Agent"}, {"s": 181390, "e": 181870, "w": "对", "sp": "Customer"}, {"s": 181639, "e": 192410, "w": "那行 那 我 情况 我 帮 您 反馈 一下 那 呃 您 这边 的话 手 这个 手机号 方便 添加 微 信 吗 如果 方便 的话 到时候 您 也 可以 先 把 户型图 给 到 我们 我们 这边 先 给 您 设计方案", "sp": "Agent"}, {"s": 193620, "e": 194800, "w": "嗯 也 可以", "sp": "Customer"}, {"s": 194710, "e": 194875, "w": "也", "sp": "Agent"}, {"s": 194800, "e": 195390, "w": "可以", "sp": "Customer"}, {"s": 194875, "e": 196196, "w": "可 以是 吗 行 那 稍后", "sp": "Agent"}, {"s": 195930, "e": 196775, "w": "可以", "sp": "Customer"}, {"s": 196196, "e": 197022, "w": "我 添加 一下", "sp": "Agent"}, {"s": 196776, "e": 197200, "w": "的", "sp": "Customer"}, {"s": 197022, "e": 199170, "w": "您 微 信 到时候 您 麻烦 通过 一下", "sp": "Agent"}, {"s": 200060, "e": 201122, "w": "嗯 好 的 好", "sp": "Customer"}, {"s": 201080, "e": 201234, "w": "嗯", "sp": "Agent"}, {"s": 201122, "e": 201388, "w": "的", "sp": "Customer"}, {"s": 201234, "e": 201542, "w": "好 的", "sp": "Agent"}, {"s": 201388, "e": 201654, "w": "嗯", "sp": "Customer"}, {"s": 201542, "e": 201697, "w": "嗯", "sp": "Agent"}, {"s": 201654, "e": 201920, "w": "嗯", "sp": "Customer"}, {"s": 201697, "e": 207250, "w": "那 这边 就 不 耽误 您 时间 也 麻烦 您 保持 手机 畅通 那 您 这边 离 武汉 市区 的话 是 有 多 远 呢", "sp": "Agent"}, {"s": 207760, "e": 216958, "w": "哼哼 离 武汉 的话 差不多 开车 可能 也 就 不到 两个 小时", "sp": "Customer"}, {"s": 216670, "e": 217181, "w": "嗯 是", "sp": "Agent"}, {"s": 216958, "e": 217219, "w": "吧", "sp": "Customer"}, {"s": 217182, "e": 218463, "w": "这样 的 因为", "sp": "Agent"}, {"s": 218010, "e": 218849, "w": "过 个 小时", "sp": "Customer"}, {"s": 218463, "e": 218974, "w": "我们", "sp": "Agent"}, {"s": 218850, "e": 219060, "w": "过", "sp": "Customer"}, {"s": 218975, "e": 219231, "w": "在", "sp": "Agent"}, {"s": 219060, "e": 219270, "w": "个", "sp": "Customer"}, {"s": 219231, "e": 220000, "w": "武汉市", "sp": "Agent"}, {"s": 219270, "e": 220740, "w": "两个 一百 多 公里", "sp": "Customer"}, {"s": 220380, "e": 231600, "w": "嗯 了解 了 那 是 这样 的 如果 您 方便 的话 我们 在 武汉 的话 是 有 个 官方 展厅 展厅 的话 会 有 各种 样机 的 展示 还有 那个 样本 间 呃 想 邀请 您 去 体验 一下 您 看 方便 吗", "sp": "Agent"}, {"s": 233240, "e": 237116, "w": "嗯 这些 不 可以 啊 我 因为 我 现在 我 人 在 广州 就 比如说", "sp": "Customer"}, {"s": 236870, "e": 237127, "w": "哦", "sp": "Agent"}, {"s": 237116, "e": 237292, "w": "我", "sp": "Customer"}, {"s": 237127, "e": 237384, "w": "人", "sp": "Agent"}, {"s": 237292, "e": 237468, "w": "要", "sp": "Customer"}, {"s": 237384, "e": 237641, "w": "在", "sp": "Agent"}, {"s": 237468, "e": 237821, "w": "确定", "sp": "Customer"}, {"s": 237641, "e": 238155, "w": "广州", "sp": "Agent"}, {"s": 237821, "e": 238172, "w": "好 了", "sp": "Customer"}, {"s": 238155, "e": 238412, "w": "是", "sp": "Agent"}, {"s": 238173, "e": 238702, "w": "比如说", "sp": "Customer"}, {"s": 238412, "e": 238670, "w": "吗", "sp": "Agent"}, {"s": 238702, "e": 241696, "w": "买 你们 要 买 你们 的 产品 那 我 肯定 我 要 看", "sp": "Customer"}, {"s": 241670, "e": 241923, "w": "啊", "sp": "Agent"}, {"s": 241697, "e": 242050, "w": "的 呀", "sp": "Customer"}, {"s": 241923, "e": 242938, "w": "了解 了解", "sp": "Agent"}, {"s": 242500, "e": 243046, "w": "行 这个", "sp": "Customer"}, {"s": 242938, "e": 243192, "w": "行", "sp": "Agent"}, {"s": 243046, "e": 243228, "w": "我", "sp": "Customer"}, {"s": 243192, "e": 243446, "w": "那", "sp": "Agent"}, {"s": 243228, "e": 243592, "w": "看 都", "sp": "Customer"}, {"s": 243446, "e": 243700, "w": "我", "sp": "Agent"}, {"s": 243592, "e": 244502, "w": "不 说 就 看 了", "sp": "Customer"}, {"s": 244370, "e": 244816, "w": "嗯", "sp": "Agent"}, {"s": 244502, "e": 244866, "w": "因为", "sp": "Customer"}, {"s": 244816, "e": 245709, "w": "了解", "sp": "Agent"}, {"s": 244866, "e": 254148, "w": "我 的 朋友 他们 也 是 也 是 装修 也 用 这个 牌子 所以 我 就是说 了解 一下 我 这个 房 大概 需要 多 大 大概 你 还 在 什么 费用 我 想 了解", "sp": "Customer"}, {"s": 254040, "e": 254362, "w": "嗯", "sp": "Agent"}, {"s": 254148, "e": 254512, "w": "一下", "sp": "Customer"}, {"s": 254363, "e": 254686, "w": "嗯", "sp": "Agent"}, {"s": 254512, "e": 254875, "w": "这个", "sp": "Customer"}, {"s": 254686, "e": 255333, "w": "了解", "sp": "Agent"}, {"s": 254876, "e": 255604, "w": "牌子 肯定", "sp": "Customer"}, {"s": 255333, "e": 255980, "w": "了解", "sp": "Agent"}, {"s": 255604, "e": 256878, "w": "定 下来 肯定 大厅", "sp": "Customer"}, {"s": 256519, "e": 256965, "w": "啊 可以", "sp": "Agent"}, {"s": 256877, "e": 257060, "w": "的", "sp": "Customer"}, {"s": 256965, "e": 261570, "w": "的 行 那 我 现在 经常 联系 您 给 您 提供 那个 方案 报价 您 到时候 提前 参考 一下", "sp": "Agent"}, {"s": 262600, "e": 263953, "w": "嗯 好好 好", "sp": "Customer"}, {"s": 263730, "e": 264010, "w": "嗯 好", "sp": "Agent"}, {"s": 263954, "e": 264631, "w": "好好", "sp": "Customer"}, {"s": 264010, "e": 264850, "w": "的 那 请问 这边", "sp": "Agent"}, {"s": 264631, "e": 264970, "w": "嗯", "sp": "Customer"}, {"s": 264850, "e": 265970, "w": "还有 什么 可以 帮 您", "sp": "Agent"}, {"s": 266940, "e": 268276, "w": "嗯 好 可以", "sp": "Customer"}, {"s": 267810, "e": 268591, "w": "嗯 嗯 感谢", "sp": "Agent"}, {"s": 268276, "e": 268610, "w": "了", "sp": "Customer"}, {"s": 268592, "e": 270550, "w": "来电 祝您 生活 愉快 再见", "sp": "Agent"}]}, "aqm": {"greeting": {"greeting_said": "您好, 大金, 空调", "n_greeting_said": 3, "score": 1}, "closing": {"closing_said": "您, 感谢, 祝您, 生活, 愉快, 再见", "n_closing_said": 6, "score": 1}, "speed": {"speed_max": 7.14, "n_words": 6, "words": "的 那 请问 这边", "start": 264010, "end": 264850}}}