{"mediaId": "2022031316131217308747450578303001", "status": "Success", "dateCreated": "2022-03-21T18:45:50Z", "contentType": "audio/x-wav", "channels": "future use", "length": 49, "metadata": {"Sid": 10110, "Site_id": 783, "Audio_ch_num": 87474505, "Audio_module_num": 783002, "Audio_start_time_gmt": "2022-03-13T08:13:12.173+08:00", "Transaction_id": "2022031316131217308747450578303001", "ContactID": "9144801359210000301", "Personal_id": "0", "Direction": 2, "Local_audio_start_time": "2022-03-13T16:13:12.173+08:00", "Local_audio_end_time": "2022-03-13T16:14:01.173+08:00", "Total_hold_time": "0", "Pbx_login_id": "800021", "Ani": "600018", "Extension": "600018", "String_extension": "600018", "Switch_call_id": "006f0330e46d504b", "Switch_id": "783000001", "Duration_seconds": 49, "Wrapup_time_in_seconds": "0", "Dnis": "18239117795", "Number_of_conferences": "0", "Number_of_holds": "0", "Number_of_transfers": "0", "Percent_of_agent_call": "9", "Percent_of_other_call": "3", "Percent_of_mutual_silence": "36", "Num_of_agent_cross": "0", "Num_of_other_cross": "0", "IsException": 0, "CD2": "013GVT56OG919AP72LUHVB5AES000CIL"}, "transcript_detailed": {"words": [{"p": 1, "c": 0.9, "s": 0, "e": 990, "w": "喂", "sp": "Customer"}, {"p": 2, "c": 0.9, "s": 920, "e": 1124, "w": "哎", "sp": "Agent"}, {"p": 3, "c": 0.9, "s": 1124, "e": 1532, "w": "您好", "sp": "Agent"}, {"p": 4, "c": 0.9, "s": 1532, "e": 1941, "w": "这边", "sp": "Agent"}, {"p": 5, "c": 0.9, "s": 1941, "e": 2145, "w": "是", "sp": "Agent"}, {"p": 6, "c": 0.9, "s": 2145, "e": 2553, "w": "大金", "sp": "Agent"}, {"p": 7, "c": 0.9, "s": 2553, "e": 2962, "w": "空调", "sp": "Agent"}, {"p": 8, "c": 0.9, "s": 2962, "e": 3370, "w": "厂方", "sp": "Agent"}, {"p": 9, "c": 0.9, "s": 3370, "e": 3574, "w": "想", "sp": "Agent"}, {"p": 10, "c": 0.9, "s": 3575, "e": 3779, "w": "跟", "sp": "Agent"}, {"p": 11, "c": 0.9, "s": 3779, "e": 3983, "w": "您", "sp": "Agent"}, {"p": 12, "c": 0.9, "s": 3983, "e": 4187, "w": "做", "sp": "Agent"}, {"p": 13, "c": 0.9, "s": 4187, "e": 4391, "w": "个", "sp": "Agent"}, {"p": 14, "c": 0.9, "s": 4391, "e": 4799, "w": "简单", "sp": "Agent"}, {"p": 15, "c": 0.9, "s": 4800, "e": 5004, "w": "的", "sp": "Agent"}, {"p": 16, "c": 0.9, "s": 5004, "e": 5413, "w": "回访", "sp": "Agent"}, {"p": 17, "c": 0.9, "s": 5413, "e": 5617, "w": "您", "sp": "Agent"}, {"p": 18, "c": 0.9, "s": 5617, "e": 6025, "w": "方便", "sp": "Agent"}, {"p": 19, "c": 0.9, "s": 6025, "e": 6230, "w": "吗", "sp": "Agent"}, {"p": 20, "c": 0.9, "s": 6320, "e": 6980, "w": "什么", "sp": "Customer"}, {"p": 21, "c": 0.9, "s": 6980, "e": 7640, "w": "厂房", "sp": "Customer"}, {"p": 22, "c": 0.9, "s": 7640, "e": 7970, "w": "呀", "sp": "Customer"}, {"p": 23, "c": 0.9, "s": 7680, "e": 8580, "w": "大金", "sp": "Agent"}, {"p": 24, "c": 0.9, "s": 8580, "e": 9480, "w": "空调", "sp": "Agent"}, {"p": 25, "c": 0.9, "s": 10840, "e": 11151, "w": "哦", "sp": "Customer"}, {"p": 26, "c": 0.9, "s": 11151, "e": 11462, "w": "我", "sp": "Customer"}, {"p": 27, "c": 0.9, "s": 11462, "e": 12085, "w": "没有", "sp": "Customer"}, {"p": 28, "c": 0.9, "s": 12085, "e": 12397, "w": "装", "sp": "Customer"}, {"p": 29, "c": 0.9, "s": 12397, "e": 13020, "w": "大金", "sp": "Customer"}, {"p": 30, "c": 0.9, "s": 12900, "e": 13165, "w": "哦", "sp": "Agent"}, {"p": 31, "c": 0.9, "s": 13165, "e": 13430, "w": "您", "sp": "Agent"}, {"p": 32, "c": 0.9, "s": 13430, "e": 13960, "w": "后面", "sp": "Agent"}, {"p": 33, "c": 0.9, "s": 13960, "e": 14225, "w": "是", "sp": "Agent"}, {"p": 34, "c": 0.9, "s": 14225, "e": 14490, "w": "选", "sp": "Agent"}, {"p": 35, "c": 0.9, "s": 14490, "e": 14755, "w": "的", "sp": "Agent"}, {"p": 36, "c": 0.9, "s": 14755, "e": 15285, "w": "哪个", "sp": "Agent"}, {"p": 37, "c": 0.9, "s": 15285, "e": 15815, "w": "品牌", "sp": "Agent"}, {"p": 38, "c": 0.9, "s": 15815, "e": 16080, "w": "呀", "sp": "Agent"}]}, "plainText": "喂\n哎 您好 这边 是 大金 空调 厂方 想 跟 您 做 个 简单 的 回访 您 方便 吗\n什么 厂房 呀\n大金 空调\n哦 我 没有 装 大金\n哦 您 后面 是 选 的 哪个 品牌 呀", "plainTextTime": {"verbatims": [{"s": 0, "e": 990, "w": "喂", "sp": "Customer"}, {"s": 920, "e": 6230, "w": "哎 您好 这边 是 大金 空调 厂方 想 跟 您 做 个 简单 的 回访 您 方便 吗", "sp": "Agent"}, {"s": 6320, "e": 7970, "w": "什么 厂房 呀", "sp": "Customer"}, {"s": 7680, "e": 9480, "w": "大金 空调", "sp": "Agent"}, {"s": 10840, "e": 13020, "w": "哦 我 没有 装 大金", "sp": "Customer"}, {"s": 12900, "e": 16080, "w": "哦 您 后面 是 选 的 哪个 品牌 呀", "sp": "Agent"}]}, "aqm": {"greeting": {"greeting_said": "您好, 大金, 空调", "n_greeting_said": 3, "score": 1}, "closing": {"closing_said": "您, 大金", "n_closing_said": 2, "score": 0}, "speed": {"speed_max": 4.9, "n_words": 26, "words": "哎 您好 这边 是 大金 空调 厂方 想 跟 您 做 个 简单 的 回访 您 方便 吗", "start": 920, "end": 6230}}}