{"mediaId": "2022031314044155708747433378303001", "status": "Success", "dateCreated": "2022-03-21T18:45:50Z", "contentType": "audio/x-wav", "channels": "future use", "length": 74, "metadata": {"Sid": 10008, "Site_id": 783, "Audio_ch_num": 87474333, "Audio_module_num": 783001, "Audio_start_time_gmt": "2022-03-13T06:04:41.557+08:00", "Transaction_id": "2022031314044155708747433378303001", "ContactID": "9144800588150000301", "Personal_id": "0", "Direction": 2, "Local_audio_start_time": "2022-03-13T14:04:41.557+08:00", "Local_audio_end_time": "2022-03-13T14:05:55.557+08:00", "Total_hold_time": "0", "Pbx_login_id": "800057", "Ani": "600066", "Extension": "600066", "String_extension": "600066", "Switch_call_id": "006f0330e46d4f73", "Switch_id": "783000001", "Duration_seconds": 74, "Wrapup_time_in_seconds": "0", "Dnis": "15155917026", "Number_of_conferences": "0", "Number_of_holds": "0", "Number_of_transfers": "0", "Percent_of_agent_call": "12", "Percent_of_other_call": "0", "Percent_of_mutual_silence": "62", "Num_of_agent_cross": "0", "Num_of_other_cross": "0", "IsException": 0, "CD2": "013GVT56OG919AP72LUHVB5AES000CBQ"}, "transcript_detailed": {"words": [{"p": 1, "c": 0.9, "s": 1250, "e": 1893, "w": "您好", "sp": "Agent"}, {"p": 2, "c": 0.9, "s": 1893, "e": 2536, "w": "这边", "sp": "Agent"}, {"p": 3, "c": 0.9, "s": 2536, "e": 2858, "w": "是", "sp": "Agent"}, {"p": 4, "c": 0.9, "s": 2858, "e": 3180, "w": "在", "sp": "Agent"}, {"p": 5, "c": 0.9, "s": 4890, "e": 5338, "w": "您好", "sp": "Agent"}, {"p": 6, "c": 0.9, "s": 5338, "e": 5786, "w": "这边", "sp": "Agent"}, {"p": 7, "c": 0.9, "s": 5786, "e": 6009, "w": "是", "sp": "Agent"}, {"p": 8, "c": 0.9, "s": 6010, "e": 6458, "w": "大兴", "sp": "Agent"}, {"p": 9, "c": 0.9, "s": 6458, "e": 6906, "w": "空调", "sp": "Agent"}, {"p": 10, "c": 0.9, "s": 6906, "e": 7354, "w": "厂房", "sp": "Agent"}, {"p": 11, "c": 0.9, "s": 7354, "e": 7802, "w": "客户", "sp": "Agent"}, {"p": 12, "c": 0.9, "s": 7802, "e": 8250, "w": "中心", "sp": "Agent"}, {"p": 13, "c": 0.9, "s": 9170, "e": 9447, "w": "嗯", "sp": "Agent"}, {"p": 14, "c": 0.9, "s": 9447, "e": 10002, "w": "请问", "sp": "Agent"}, {"p": 15, "c": 0.9, "s": 10003, "e": 10281, "w": "您", "sp": "Agent"}, {"p": 16, "c": 0.9, "s": 10281, "e": 10558, "w": "是", "sp": "Agent"}, {"p": 17, "c": 0.9, "s": 10558, "e": 10835, "w": "胡", "sp": "Agent"}, {"p": 18, "c": 0.9, "s": 10836, "e": 11392, "w": "先生", "sp": "Agent"}, {"p": 19, "c": 0.9, "s": 11392, "e": 11670, "w": "吗", "sp": "Agent"}, {"p": 20, "c": 0.9, "s": 15240, "e": 16590, "w": "你好", "sp": "Agent"}]}, "plainText": "您好 这边 是 在 您好 这边 是 大兴 空调 厂房 客户 中心 嗯 请问 您 是 胡 先生 吗 你好", "plainTextTime": {"verbatims": [{"s": 1250, "e": 16590, "w": "您好 这边 是 在 您好 这边 是 大兴 空调 厂房 客户 中心 嗯 请问 您 是 胡 先生 吗 你好", "sp": "Agent"}]}, "aqm": {"greeting": {"greeting_said": "您好, 空调, 请问, 先生", "n_greeting_said": 4, "score": 1}, "closing": {"closing_said": "您", "n_closing_said": 1, "score": 0}, "speed": {"speed_max": 2.09, "n_words": 32, "words": "您好 这边 是 在 您好 这边 是 大兴 空调 厂房 客户 中心 嗯 请问 您 是 胡 先生 吗 你好", "start": 1250, "end": 16590}}}