{"mediaId": "2022031316061048008747449678303001", "status": "Success", "dateCreated": "2022-03-21T18:45:50Z", "contentType": "audio/x-wav", "channels": "future use", "length": 168, "metadata": {"Sid": 10105, "Site_id": 783, "Audio_ch_num": 87474496, "Audio_module_num": 783002, "Audio_start_time_gmt": "2022-03-13T08:06:10.48+08:00", "Transaction_id": "2022031316061048008747449678303001", "ContactID": "9144801317040000301", "Personal_id": "0", "Direction": 1, "Local_audio_start_time": "2022-03-13T16:06:10.48+08:00", "Local_audio_end_time": "2022-03-13T16:08:58.48+08:00", "Total_hold_time": "0", "Pbx_login_id": "800024", "Ani": "13206310096", "Extension": "600033", "String_extension": "600033", "Switch_call_id": "006f0330e46d5040", "Switch_id": "783000001", "Duration_seconds": 168, "Wrapup_time_in_seconds": "0", "Dnis": "02152690312", "Number_of_conferences": "0", "Number_of_holds": "0", "Number_of_transfers": "0", "Percent_of_agent_call": "96", "Percent_of_other_call": "22", "Percent_of_mutual_silence": "33", "Num_of_agent_cross": "9", "Num_of_other_cross": "14", "IsException": 0, "CD2": "013GVT56OG919AP72LUHVB5AES000CIA"}, "transcript_detailed": {"words": [{"p": 1, "c": 0.9, "s": 720, "e": 1085, "w": "您好", "sp": "Agent"}, {"p": 2, "c": 0.9, "s": 1085, "e": 1450, "w": "欢迎", "sp": "Agent"}, {"p": 3, "c": 0.9, "s": 1450, "e": 1815, "w": "致电", "sp": "Agent"}, {"p": 4, "c": 0.9, "s": 1815, "e": 2181, "w": "大兴", "sp": "Agent"}, {"p": 5, "c": 0.9, "s": 2181, "e": 2546, "w": "空调", "sp": "Agent"}, {"p": 6, "c": 0.9, "s": 2546, "e": 2911, "w": "请问", "sp": "Agent"}, {"p": 7, "c": 0.9, "s": 2911, "e": 3094, "w": "有", "sp": "Agent"}, {"p": 8, "c": 0.9, "s": 3094, "e": 3459, "w": "什么", "sp": "Agent"}, {"p": 9, "c": 0.9, "s": 3459, "e": 3824, "w": "可以", "sp": "Agent"}, {"p": 10, "c": 0.9, "s": 3824, "e": 4007, "w": "帮", "sp": "Agent"}, {"p": 11, "c": 0.9, "s": 3990, "e": 4245, "w": "哎", "sp": "Customer"}, {"p": 12, "c": 0.9, "s": 4007, "e": 4190, "w": "您", "sp": "Agent"}, {"p": 13, "c": 0.9, "s": 4245, "e": 4756, "w": "你好", "sp": "Customer"}, {"p": 14, "c": 0.9, "s": 4470, "e": 4832, "w": "喂", "sp": "Agent"}, {"p": 15, "c": 0.9, "s": 4756, "e": 5011, "w": "我", "sp": "Customer"}, {"p": 16, "c": 0.9, "s": 4833, "e": 5560, "w": "你好", "sp": "Agent"}, {"p": 17, "c": 0.9, "s": 5011, "e": 5267, "w": "想", "sp": "Customer"}, {"p": 18, "c": 0.9, "s": 5267, "e": 5522, "w": "问", "sp": "Customer"}, {"p": 19, "c": 0.9, "s": 5522, "e": 6033, "w": "一下", "sp": "Customer"}, {"p": 20, "c": 0.9, "s": 6033, "e": 6544, "w": "威海", "sp": "Customer"}, {"p": 21, "c": 0.9, "s": 6544, "e": 7055, "w": "山东", "sp": "Customer"}, {"p": 22, "c": 0.9, "s": 7055, "e": 7564, "w": "威海", "sp": "Customer"}, {"p": 23, "c": 0.9, "s": 7565, "e": 8076, "w": "这个", "sp": "Customer"}, {"p": 24, "c": 0.9, "s": 8076, "e": 8842, "w": "经销商", "sp": "Customer"}, {"p": 25, "c": 0.9, "s": 8842, "e": 9098, "w": "是", "sp": "Customer"}, {"p": 26, "c": 0.9, "s": 9098, "e": 9608, "w": "哪个", "sp": "Customer"}, {"p": 27, "c": 0.9, "s": 9609, "e": 10120, "w": "公司", "sp": "Customer"}, {"p": 28, "c": 0.9, "s": 11150, "e": 11575, "w": "山东", "sp": "Agent"}, {"p": 29, "c": 0.9, "s": 11575, "e": 12000, "w": "威海", "sp": "Agent"}, {"p": 30, "c": 0.9, "s": 12000, "e": 12212, "w": "您", "sp": "Agent"}, {"p": 31, "c": 0.9, "s": 12212, "e": 12425, "w": "是", "sp": "Agent"}, {"p": 32, "c": 0.9, "s": 12425, "e": 12850, "w": "想要", "sp": "Agent"}, {"p": 33, "c": 0.9, "s": 12850, "e": 13275, "w": "这个", "sp": "Agent"}, {"p": 34, "c": 0.9, "s": 13275, "e": 13700, "w": "购买", "sp": "Agent"}, {"p": 35, "c": 0.9, "s": 13700, "e": 14125, "w": "家用", "sp": "Agent"}, {"p": 36, "c": 0.9, "s": 14125, "e": 14550, "w": "中央", "sp": "Agent"}, {"p": 37, "c": 0.9, "s": 14550, "e": 14975, "w": "空调", "sp": "Agent"}, {"p": 38, "c": 0.9, "s": 14975, "e": 15400, "w": "还是", "sp": "Agent"}, {"p": 39, "c": 0.9, "s": 15350, "e": 15885, "w": "购买", "sp": "Customer"}, {"p": 40, "c": 0.9, "s": 15885, "e": 16420, "w": "家用", "sp": "Customer"}, {"p": 41, "c": 0.9, "s": 16420, "e": 16955, "w": "中药", "sp": "Customer"}, {"p": 42, "c": 0.9, "s": 16955, "e": 17490, "w": "空调", "sp": "Customer"}, {"p": 43, "c": 0.9, "s": 17080, "e": 17296, "w": "呃", "sp": "Agent"}, {"p": 44, "c": 0.9, "s": 17296, "e": 17729, "w": "家用", "sp": "Agent"}, {"p": 45, "c": 0.9, "s": 17729, "e": 18162, "w": "中央", "sp": "Agent"}, {"p": 46, "c": 0.9, "s": 18162, "e": 18594, "w": "空调", "sp": "Agent"}, {"p": 47, "c": 0.9, "s": 18594, "e": 18810, "w": "您", "sp": "Agent"}, {"p": 48, "c": 0.9, "s": 18811, "e": 19027, "w": "是", "sp": "Agent"}, {"p": 49, "c": 0.9, "s": 19027, "e": 19244, "w": "呃", "sp": "Agent"}, {"p": 50, "c": 0.9, "s": 19244, "e": 19675, "w": "家里", "sp": "Agent"}, {"p": 51, "c": 0.9, "s": 19676, "e": 19893, "w": "面", "sp": "Agent"}, {"p": 52, "c": 0.9, "s": 19893, "e": 20326, "w": "进校", "sp": "Agent"}, {"p": 53, "c": 0.9, "s": 20326, "e": 20758, "w": "装修", "sp": "Agent"}, {"p": 54, "c": 0.9, "s": 20758, "e": 21191, "w": "所以", "sp": "Agent"}, {"p": 55, "c": 0.9, "s": 21191, "e": 21624, "w": "考虑", "sp": "Agent"}, {"p": 56, "c": 0.9, "s": 21624, "e": 22057, "w": "安装", "sp": "Agent"}, {"p": 57, "c": 0.9, "s": 22057, "e": 22272, "w": "是", "sp": "Agent"}, {"p": 58, "c": 0.9, "s": 22273, "e": 22490, "w": "吧", "sp": "Agent"}, {"p": 59, "c": 0.9, "s": 22440, "e": 23540, "w": "对", "sp": "Customer"}, {"p": 60, "c": 0.9, "s": 23300, "e": 23484, "w": "哎", "sp": "Agent"}, {"p": 61, "c": 0.9, "s": 23484, "e": 23668, "w": "我", "sp": "Agent"}, {"p": 62, "c": 0.9, "s": 23669, "e": 24039, "w": "这边", "sp": "Agent"}, {"p": 63, "c": 0.9, "s": 24039, "e": 24224, "w": "帮", "sp": "Agent"}, {"p": 64, "c": 0.9, "s": 24224, "e": 24409, "w": "您", "sp": "Agent"}, {"p": 65, "c": 0.9, "s": 24409, "e": 24779, "w": "按照", "sp": "Agent"}, {"p": 66, "c": 0.9, "s": 24779, "e": 24963, "w": "您", "sp": "Agent"}, {"p": 67, "c": 0.9, "s": 24964, "e": 25149, "w": "的", "sp": "Agent"}, {"p": 68, "c": 0.9, "s": 25149, "e": 25518, "w": "一个", "sp": "Agent"}, {"p": 69, "c": 0.9, "s": 25518, "e": 25888, "w": "房屋", "sp": "Agent"}, {"p": 70, "c": 0.9, "s": 25888, "e": 26258, "w": "情况", "sp": "Agent"}, {"p": 71, "c": 0.9, "s": 26258, "e": 26442, "w": "帮", "sp": "Agent"}, {"p": 72, "c": 0.9, "s": 26443, "e": 26628, "w": "您", "sp": "Agent"}, {"p": 73, "c": 0.9, "s": 26628, "e": 26998, "w": "就近", "sp": "Agent"}, {"p": 74, "c": 0.9, "s": 26998, "e": 27368, "w": "安排", "sp": "Agent"}, {"p": 75, "c": 0.9, "s": 27368, "e": 27737, "w": "山东", "sp": "Agent"}, {"p": 76, "c": 0.9, "s": 27737, "e": 28107, "w": "威海", "sp": "Agent"}, {"p": 77, "c": 0.9, "s": 28107, "e": 28477, "w": "的话", "sp": "Agent"}, {"p": 78, "c": 0.9, "s": 28477, "e": 28847, "w": "当地", "sp": "Agent"}, {"p": 79, "c": 0.9, "s": 28847, "e": 29217, "w": "肯定", "sp": "Agent"}, {"p": 80, "c": 0.9, "s": 29217, "e": 29401, "w": "是", "sp": "Agent"}, {"p": 81, "c": 0.9, "s": 29402, "e": 29587, "w": "有", "sp": "Agent"}, {"p": 82, "c": 0.9, "s": 29587, "e": 29956, "w": "我们", "sp": "Agent"}, {"p": 83, "c": 0.9, "s": 29956, "e": 30326, "w": "授权", "sp": "Agent"}, {"p": 84, "c": 0.9, "s": 30300, "e": 31189, "w": "嗯", "sp": "Customer"}, {"p": 85, "c": 0.9, "s": 30326, "e": 30696, "w": "门店", "sp": "Agent"}, {"p": 86, "c": 0.9, "s": 30696, "e": 30880, "w": "的", "sp": "Agent"}, {"p": 87, "c": 0.9, "s": 30881, "e": 31066, "w": "那", "sp": "Agent"}, {"p": 88, "c": 0.9, "s": 31066, "e": 31251, "w": "您", "sp": "Agent"}, {"p": 89, "c": 0.9, "s": 31251, "e": 31621, "w": "后续", "sp": "Agent"}, {"p": 90, "c": 0.9, "s": 31621, "e": 31991, "w": "的话", "sp": "Agent"}, {"p": 91, "c": 0.9, "s": 31991, "e": 32175, "w": "是", "sp": "Agent"}, {"p": 92, "c": 0.9, "s": 32175, "e": 32360, "w": "在", "sp": "Agent"}, {"p": 93, "c": 0.9, "s": 32360, "e": 32730, "w": "山东", "sp": "Agent"}, {"p": 94, "c": 0.9, "s": 32730, "e": 33100, "w": "威海", "sp": "Agent"}, {"p": 95, "c": 0.9, "s": 33100, "e": 33285, "w": "的", "sp": "Agent"}, {"p": 96, "c": 0.9, "s": 33285, "e": 33655, "w": "哪个", "sp": "Agent"}, {"p": 97, "c": 0.9, "s": 33655, "e": 34024, "w": "地区", "sp": "Agent"}, {"p": 98, "c": 0.9, "s": 34025, "e": 34210, "w": "呢", "sp": "Agent"}, {"p": 99, "c": 0.9, "s": 34590, "e": 34938, "w": "呃", "sp": "Customer"}, {"p": 100, "c": 0.9, "s": 34938, "e": 35636, "w": "高新", "sp": "Customer"}, {"p": 101, "c": 0.9, "s": 35636, "e": 37380, "w": "技术开发区", "sp": "Customer"}, {"p": 102, "c": 0.9, "s": 37670, "e": 37898, "w": "呃", "sp": "Agent"}, {"p": 103, "c": 0.9, "s": 37898, "e": 38126, "w": "是", "sp": "Agent"}, {"p": 104, "c": 0.9, "s": 38126, "e": 38583, "w": "高新", "sp": "Agent"}, {"p": 105, "c": 0.9, "s": 38583, "e": 39725, "w": "技术开发区", "sp": "Agent"}, {"p": 106, "c": 0.9, "s": 39725, "e": 39954, "w": "我", "sp": "Agent"}, {"p": 107, "c": 0.9, "s": 39954, "e": 40410, "w": "这边", "sp": "Agent"}, {"p": 108, "c": 0.9, "s": 40410, "e": 40867, "w": "的话", "sp": "Agent"}, {"p": 109, "c": 0.9, "s": 40867, "e": 41096, "w": "是", "sp": "Agent"}, {"p": 110, "c": 0.9, "s": 41096, "e": 41324, "w": "有", "sp": "Agent"}, {"p": 111, "c": 0.9, "s": 41324, "e": 41781, "w": "这样", "sp": "Agent"}, {"p": 112, "c": 0.9, "s": 41781, "e": 42238, "w": "几个", "sp": "Agent"}, {"p": 113, "c": 0.9, "s": 42238, "e": 42695, "w": "区域", "sp": "Agent"}, {"p": 114, "c": 0.9, "s": 42695, "e": 42923, "w": "您", "sp": "Agent"}, {"p": 115, "c": 0.9, "s": 42923, "e": 43151, "w": "看", "sp": "Agent"}, {"p": 116, "c": 0.9, "s": 43151, "e": 43608, "w": "一下", "sp": "Agent"}, {"p": 117, "c": 0.9, "s": 43608, "e": 43837, "w": "是", "sp": "Agent"}, {"p": 118, "c": 0.9, "s": 43837, "e": 44293, "w": "属于", "sp": "Agent"}, {"p": 119, "c": 0.9, "s": 44293, "e": 44750, "w": "哪个", "sp": "Agent"}, {"p": 120, "c": 0.9, "s": 44750, "e": 44979, "w": "是", "sp": "Agent"}, {"p": 121, "c": 0.9, "s": 44979, "e": 45207, "w": "环", "sp": "Agent"}, {"p": 122, "c": 0.9, "s": 45207, "e": 45435, "w": "翠", "sp": "Agent"}, {"p": 123, "c": 0.9, "s": 45435, "e": 45664, "w": "区", "sp": "Agent"}, {"p": 124, "c": 0.9, "s": 45664, "e": 46121, "w": "门灯", "sp": "Agent"}, {"p": 125, "c": 0.9, "s": 46121, "e": 46349, "w": "区", "sp": "Agent"}, {"p": 126, "c": 0.9, "s": 46349, "e": 46806, "w": "龙城", "sp": "Agent"}, {"p": 127, "c": 0.9, "s": 46806, "e": 47034, "w": "市", "sp": "Agent"}, {"p": 128, "c": 0.9, "s": 47034, "e": 47491, "w": "乳山", "sp": "Agent"}, {"p": 129, "c": 0.9, "s": 47491, "e": 47720, "w": "市", "sp": "Agent"}, {"p": 130, "c": 0.9, "s": 47730, "e": 48250, "w": "还", "sp": "Customer"}, {"p": 131, "c": 0.9, "s": 48210, "e": 49110, "w": "回去", "sp": "Agent"}, {"p": 132, "c": 0.9, "s": 48250, "e": 48770, "w": "费", "sp": "Customer"}, {"p": 133, "c": 0.9, "s": 48770, "e": 49290, "w": "嗯", "sp": "Customer"}, {"p": 134, "c": 0.9, "s": 49480, "e": 49674, "w": "好", "sp": "Agent"}, {"p": 135, "c": 0.9, "s": 49674, "e": 49868, "w": "的", "sp": "Agent"}, {"p": 136, "c": 0.9, "s": 49868, "e": 50062, "w": "您", "sp": "Agent"}, {"p": 137, "c": 0.9, "s": 50062, "e": 50256, "w": "稍", "sp": "Agent"}, {"p": 138, "c": 0.9, "s": 50256, "e": 50450, "w": "等", "sp": "Agent"}, {"p": 139, "c": 0.9, "s": 50450, "e": 50644, "w": "环", "sp": "Agent"}, {"p": 140, "c": 0.9, "s": 50644, "e": 50838, "w": "翠", "sp": "Agent"}, {"p": 141, "c": 0.9, "s": 50838, "e": 51032, "w": "区", "sp": "Agent"}, {"p": 142, "c": 0.9, "s": 51032, "e": 51226, "w": "的", "sp": "Agent"}, {"p": 143, "c": 0.9, "s": 51226, "e": 51614, "w": "现在", "sp": "Agent"}, {"p": 144, "c": 0.9, "s": 51614, "e": 51808, "w": "是", "sp": "Agent"}, {"p": 145, "c": 0.9, "s": 51808, "e": 52196, "w": "叫做", "sp": "Agent"}, {"p": 146, "c": 0.9, "s": 52196, "e": 52584, "w": "这个", "sp": "Agent"}, {"p": 147, "c": 0.9, "s": 52584, "e": 53360, "w": "高新技术", "sp": "Agent"}, {"p": 148, "c": 0.9, "s": 53360, "e": 53942, "w": "开发区", "sp": "Agent"}, {"p": 149, "c": 0.9, "s": 53942, "e": 54136, "w": "是", "sp": "Agent"}, {"p": 150, "c": 0.9, "s": 54136, "e": 54330, "w": "吧", "sp": "Agent"}, {"p": 151, "c": 0.9, "s": 54540, "e": 55530, "w": "嗯", "sp": "Customer"}, {"p": 152, "c": 0.9, "s": 55500, "e": 55689, "w": "哎", "sp": "Agent"}, {"p": 153, "c": 0.9, "s": 55689, "e": 55878, "w": "好", "sp": "Agent"}, {"p": 154, "c": 0.9, "s": 55878, "e": 56067, "w": "的", "sp": "Agent"}, {"p": 155, "c": 0.9, "s": 56068, "e": 56257, "w": "好", "sp": "Agent"}, {"p": 156, "c": 0.9, "s": 56257, "e": 56447, "w": "的", "sp": "Agent"}, {"p": 157, "c": 0.9, "s": 56447, "e": 56824, "w": "明白", "sp": "Agent"}, {"p": 158, "c": 0.9, "s": 56825, "e": 57015, "w": "您", "sp": "Agent"}, {"p": 159, "c": 0.9, "s": 57015, "e": 57394, "w": "意思", "sp": "Agent"}, {"p": 160, "c": 0.9, "s": 57394, "e": 57772, "w": "先生", "sp": "Agent"}, {"p": 161, "c": 0.9, "s": 57772, "e": 58151, "w": "怎么", "sp": "Agent"}, {"p": 162, "c": 0.9, "s": 58151, "e": 58530, "w": "称呼", "sp": "Agent"}, {"p": 163, "c": 0.9, "s": 58530, "e": 58719, "w": "您", "sp": "Agent"}, {"p": 164, "c": 0.9, "s": 59250, "e": 59800, "w": "姓", "sp": "Customer"}, {"p": 165, "c": 0.9, "s": 59800, "e": 60350, "w": "郭", "sp": "Customer"}, {"p": 166, "c": 0.9, "s": 61030, "e": 61184, "w": "好", "sp": "Agent"}, {"p": 167, "c": 0.9, "s": 61184, "e": 61338, "w": "的", "sp": "Agent"}, {"p": 168, "c": 0.9, "s": 61339, "e": 61494, "w": "郭", "sp": "Agent"}, {"p": 169, "c": 0.9, "s": 61494, "e": 61802, "w": "先生", "sp": "Agent"}, {"p": 170, "c": 0.9, "s": 61803, "e": 62268, "w": "感谢您", "sp": "Agent"}, {"p": 171, "c": 0.9, "s": 62268, "e": 62422, "w": "的", "sp": "Agent"}, {"p": 172, "c": 0.9, "s": 62422, "e": 62732, "w": "大型", "sp": "Agent"}, {"p": 173, "c": 0.9, "s": 62732, "e": 63040, "w": "产品", "sp": "Agent"}, {"p": 174, "c": 0.9, "s": 63041, "e": 63351, "w": "支持", "sp": "Agent"}, {"p": 175, "c": 0.9, "s": 63351, "e": 63506, "w": "您", "sp": "Agent"}, {"p": 176, "c": 0.9, "s": 63506, "e": 63815, "w": "这个", "sp": "Agent"}, {"p": 177, "c": 0.9, "s": 63815, "e": 64125, "w": "房屋", "sp": "Agent"}, {"p": 178, "c": 0.9, "s": 64125, "e": 64434, "w": "的话", "sp": "Agent"}, {"p": 179, "c": 0.9, "s": 64434, "e": 64743, "w": "现在", "sp": "Agent"}, {"p": 180, "c": 0.9, "s": 64744, "e": 64899, "w": "是", "sp": "Agent"}, {"p": 181, "c": 0.9, "s": 64899, "e": 65208, "w": "一个", "sp": "Agent"}, {"p": 182, "c": 0.9, "s": 65208, "e": 65517, "w": "新手", "sp": "Agent"}, {"p": 183, "c": 0.9, "s": 65517, "e": 65672, "w": "的", "sp": "Agent"}, {"p": 184, "c": 0.9, "s": 65672, "e": 65981, "w": "一手", "sp": "Agent"}, {"p": 185, "c": 0.9, "s": 65982, "e": 66446, "w": "毛坯房", "sp": "Agent"}, {"p": 186, "c": 0.9, "s": 66446, "e": 66601, "w": "的", "sp": "Agent"}, {"p": 187, "c": 0.9, "s": 66601, "e": 66909, "w": "一个", "sp": "Agent"}, {"p": 188, "c": 0.9, "s": 66910, "e": 67220, "w": "状态", "sp": "Agent"}, {"p": 189, "c": 0.9, "s": 67220, "e": 67375, "w": "是", "sp": "Agent"}, {"p": 190, "c": 0.9, "s": 67375, "e": 67530, "w": "吗", "sp": "Agent"}, {"p": 191, "c": 0.9, "s": 67490, "e": 68520, "w": "对", "sp": "Customer"}, {"p": 192, "c": 0.9, "s": 68270, "e": 68480, "w": "哎", "sp": "Agent"}, {"p": 193, "c": 0.9, "s": 68481, "e": 68693, "w": "好", "sp": "Agent"}, {"p": 194, "c": 0.9, "s": 68693, "e": 68905, "w": "的", "sp": "Agent"}, {"p": 195, "c": 0.9, "s": 68905, "e": 69327, "w": "大概", "sp": "Agent"}, {"p": 196, "c": 0.9, "s": 69328, "e": 69751, "w": "房屋", "sp": "Agent"}, {"p": 197, "c": 0.9, "s": 69751, "e": 70175, "w": "面积", "sp": "Agent"}, {"p": 198, "c": 0.9, "s": 70175, "e": 70386, "w": "多", "sp": "Agent"}, {"p": 199, "c": 0.9, "s": 70386, "e": 70598, "w": "大", "sp": "Agent"}, {"p": 200, "c": 0.9, "s": 70598, "e": 70810, "w": "呢", "sp": "Agent"}, {"p": 201, "c": 0.9, "s": 71240, "e": 71428, "w": "呃", "sp": "Customer"}, {"p": 202, "c": 0.9, "s": 71428, "e": 71617, "w": "我", "sp": "Customer"}, {"p": 203, "c": 0.9, "s": 71617, "e": 71806, "w": "就", "sp": "Customer"}, {"p": 204, "c": 0.9, "s": 71806, "e": 71995, "w": "想", "sp": "Customer"}, {"p": 205, "c": 0.9, "s": 71995, "e": 72184, "w": "问", "sp": "Customer"}, {"p": 206, "c": 0.9, "s": 72184, "e": 72561, "w": "一下", "sp": "Customer"}, {"p": 207, "c": 0.9, "s": 72561, "e": 72938, "w": "那个", "sp": "Customer"}, {"p": 208, "c": 0.9, "s": 72670, "e": 73014, "w": "嗯", "sp": "Agent"}, {"p": 209, "c": 0.9, "s": 72939, "e": 73128, "w": "你", "sp": "Customer"}, {"p": 210, "c": 0.9, "s": 73014, "e": 73358, "w": "你", "sp": "Agent"}, {"p": 211, "c": 0.9, "s": 73128, "e": 73317, "w": "帮", "sp": "Customer"}, {"p": 212, "c": 0.9, "s": 73317, "e": 73505, "w": "我", "sp": "Customer"}, {"p": 213, "c": 0.9, "s": 73358, "e": 73702, "w": "说", "sp": "Agent"}, {"p": 214, "c": 0.9, "s": 73505, "e": 73694, "w": "查", "sp": "Customer"}, {"p": 215, "c": 0.9, "s": 73694, "e": 74072, "w": "一下", "sp": "Customer"}, {"p": 216, "c": 0.9, "s": 73702, "e": 74046, "w": "你", "sp": "Agent"}, {"p": 217, "c": 0.9, "s": 74046, "e": 74390, "w": "说", "sp": "Agent"}, {"p": 218, "c": 0.9, "s": 74072, "e": 74450, "w": "威海", "sp": "Customer"}, {"p": 219, "c": 0.9, "s": 74450, "e": 75016, "w": "经销商", "sp": "Customer"}, {"p": 220, "c": 0.9, "s": 75016, "e": 75205, "w": "的", "sp": "Customer"}, {"p": 221, "c": 0.9, "s": 75205, "e": 75582, "w": "电话", "sp": "Customer"}, {"p": 222, "c": 0.9, "s": 75582, "e": 75771, "w": "就", "sp": "Customer"}, {"p": 223, "c": 0.9, "s": 75771, "e": 75960, "w": "行", "sp": "Customer"}, {"p": 224, "c": 0.9, "s": 75960, "e": 76149, "w": "了", "sp": "Customer"}, {"p": 225, "c": 0.9, "s": 76149, "e": 76338, "w": "我", "sp": "Customer"}, {"p": 226, "c": 0.9, "s": 76338, "e": 76527, "w": "有", "sp": "Customer"}, {"p": 227, "c": 0.9, "s": 76527, "e": 76715, "w": "个", "sp": "Customer"}, {"p": 228, "c": 0.9, "s": 76715, "e": 76904, "w": "事", "sp": "Customer"}, {"p": 229, "c": 0.9, "s": 76904, "e": 77093, "w": "我", "sp": "Customer"}, {"p": 230, "c": 0.9, "s": 77093, "e": 77282, "w": "得", "sp": "Customer"}, {"p": 231, "c": 0.9, "s": 77282, "e": 77659, "w": "问问", "sp": "Customer"}, {"p": 232, "c": 0.9, "s": 78040, "e": 78193, "w": "呃", "sp": "Agent"}, {"p": 233, "c": 0.9, "s": 78193, "e": 78346, "w": "是", "sp": "Agent"}, {"p": 234, "c": 0.9, "s": 78346, "e": 78652, "w": "这样", "sp": "Agent"}, {"p": 235, "c": 0.9, "s": 78652, "e": 78805, "w": "的", "sp": "Agent"}, {"p": 236, "c": 0.9, "s": 78805, "e": 79111, "w": "因为", "sp": "Agent"}, {"p": 237, "c": 0.9, "s": 79111, "e": 79417, "w": "当地", "sp": "Agent"}, {"p": 238, "c": 0.9, "s": 79417, "e": 79723, "w": "联系", "sp": "Agent"}, {"p": 239, "c": 0.9, "s": 79723, "e": 80030, "w": "方式", "sp": "Agent"}, {"p": 240, "c": 0.9, "s": 80030, "e": 80336, "w": "的话", "sp": "Agent"}, {"p": 241, "c": 0.9, "s": 80336, "e": 80489, "w": "我", "sp": "Agent"}, {"p": 242, "c": 0.9, "s": 80489, "e": 80795, "w": "这边", "sp": "Agent"}, {"p": 243, "c": 0.9, "s": 80795, "e": 81101, "w": "直接", "sp": "Agent"}, {"p": 244, "c": 0.9, "s": 81101, "e": 81407, "w": "没有", "sp": "Agent"}, {"p": 245, "c": 0.9, "s": 81407, "e": 81560, "w": "呃", "sp": "Agent"}, {"p": 246, "c": 0.9, "s": 81560, "e": 81713, "w": "是", "sp": "Agent"}, {"p": 247, "c": 0.9, "s": 81713, "e": 82020, "w": "直接", "sp": "Agent"}, {"p": 248, "c": 0.9, "s": 82020, "e": 82173, "w": "是", "sp": "Agent"}, {"p": 249, "c": 0.9, "s": 82173, "e": 82632, "w": "看不到", "sp": "Agent"}, {"p": 250, "c": 0.9, "s": 82632, "e": 82785, "w": "的", "sp": "Agent"}, {"p": 251, "c": 0.9, "s": 82785, "e": 83091, "w": "我们", "sp": "Agent"}, {"p": 252, "c": 0.9, "s": 83091, "e": 83244, "w": "都", "sp": "Agent"}, {"p": 253, "c": 0.9, "s": 83244, "e": 83397, "w": "是", "sp": "Agent"}, {"p": 254, "c": 0.9, "s": 83397, "e": 83703, "w": "通过", "sp": "Agent"}, {"p": 255, "c": 0.9, "s": 83703, "e": 84010, "w": "系统", "sp": "Agent"}, {"p": 256, "c": 0.9, "s": 84010, "e": 84316, "w": "反馈", "sp": "Agent"}, {"p": 257, "c": 0.9, "s": 84316, "e": 84469, "w": "让", "sp": "Agent"}, {"p": 258, "c": 0.9, "s": 84469, "e": 84622, "w": "他", "sp": "Agent"}, {"p": 259, "c": 0.9, "s": 84622, "e": 84928, "w": "主动", "sp": "Agent"}, {"p": 260, "c": 0.9, "s": 84928, "e": 85081, "w": "跟", "sp": "Agent"}, {"p": 261, "c": 0.9, "s": 85081, "e": 85234, "w": "您", "sp": "Agent"}, {"p": 262, "c": 0.9, "s": 85234, "e": 85540, "w": "联系", "sp": "Agent"}, {"p": 263, "c": 0.9, "s": 85540, "e": 85693, "w": "的", "sp": "Agent"}, {"p": 264, "c": 0.9, "s": 85693, "e": 86000, "w": "所以", "sp": "Agent"}, {"p": 265, "c": 0.9, "s": 86000, "e": 86153, "w": "要", "sp": "Agent"}, {"p": 266, "c": 0.9, "s": 86153, "e": 86459, "w": "大致", "sp": "Agent"}, {"p": 267, "c": 0.9, "s": 86459, "e": 86765, "w": "了解", "sp": "Agent"}, {"p": 268, "c": 0.9, "s": 86765, "e": 87071, "w": "一下", "sp": "Agent"}, {"p": 269, "c": 0.9, "s": 87071, "e": 87224, "w": "您", "sp": "Agent"}, {"p": 270, "c": 0.9, "s": 87224, "e": 87377, "w": "的", "sp": "Agent"}, {"p": 271, "c": 0.9, "s": 87377, "e": 87683, "w": "一个", "sp": "Agent"}, {"p": 272, "c": 0.9, "s": 87683, "e": 87990, "w": "房屋", "sp": "Agent"}, {"p": 273, "c": 0.9, "s": 87990, "e": 88296, "w": "情况", "sp": "Agent"}, {"p": 274, "c": 0.9, "s": 88296, "e": 88602, "w": "这边", "sp": "Agent"}, {"p": 275, "c": 0.9, "s": 88602, "e": 88755, "w": "就", "sp": "Agent"}, {"p": 276, "c": 0.9, "s": 88755, "e": 89061, "w": "尽快", "sp": "Agent"}, {"p": 277, "c": 0.9, "s": 89061, "e": 89367, "w": "安排", "sp": "Agent"}, {"p": 278, "c": 0.9, "s": 89367, "e": 89520, "w": "跟", "sp": "Agent"}, {"p": 279, "c": 0.9, "s": 89520, "e": 89673, "w": "您", "sp": "Agent"}, {"p": 280, "c": 0.9, "s": 89673, "e": 89979, "w": "联系", "sp": "Agent"}, {"p": 281, "c": 0.9, "s": 91070, "e": 91475, "w": "哦", "sp": "Customer"}, {"p": 282, "c": 0.9, "s": 91475, "e": 91880, "w": "哦", "sp": "Customer"}, {"p": 283, "c": 0.9, "s": 91880, "e": 92284, "w": "哦", "sp": "Customer"}, {"p": 284, "c": 0.9, "s": 92130, "e": 92322, "w": "你", "sp": "Agent"}, {"p": 285, "c": 0.9, "s": 92285, "e": 92690, "w": "行", "sp": "Customer"}, {"p": 286, "c": 0.9, "s": 92322, "e": 92514, "w": "看", "sp": "Agent"}, {"p": 287, "c": 0.9, "s": 92514, "e": 92898, "w": "可以", "sp": "Agent"}, {"p": 288, "c": 0.9, "s": 92690, "e": 93500, "w": "一百", "sp": "Customer"}, {"p": 289, "c": 0.9, "s": 92898, "e": 93090, "w": "吗", "sp": "Agent"}, {"p": 290, "c": 0.9, "s": 93090, "e": 93475, "w": "一百", "sp": "Agent"}, {"p": 291, "c": 0.9, "s": 93475, "e": 93859, "w": "平方", "sp": "Agent"}, {"p": 292, "c": 0.9, "s": 93500, "e": 94310, "w": "平方", "sp": "Customer"}, {"p": 293, "c": 0.9, "s": 93859, "e": 94051, "w": "啊", "sp": "Agent"}, {"p": 294, "c": 0.9, "s": 94051, "e": 94436, "w": "一百", "sp": "Agent"}, {"p": 295, "c": 0.9, "s": 94310, "e": 94715, "w": "点", "sp": "Customer"}, {"p": 296, "c": 0.9, "s": 94436, "e": 94820, "w": "平方", "sp": "Agent"}, {"p": 297, "c": 0.9, "s": 94715, "e": 95119, "w": "嗯", "sp": "Customer"}, {"p": 298, "c": 0.9, "s": 94820, "e": 95204, "w": "大概", "sp": "Agent"}, {"p": 299, "c": 0.9, "s": 95204, "e": 95396, "w": "是", "sp": "Agent"}, {"p": 300, "c": 0.9, "s": 95396, "e": 95589, "w": "几", "sp": "Agent"}, {"p": 301, "c": 0.9, "s": 95589, "e": 95781, "w": "房", "sp": "Agent"}, {"p": 302, "c": 0.9, "s": 95781, "e": 95973, "w": "几", "sp": "Agent"}, {"p": 303, "c": 0.9, "s": 95973, "e": 96165, "w": "厅", "sp": "Agent"}, {"p": 304, "c": 0.9, "s": 96165, "e": 96357, "w": "的", "sp": "Agent"}, {"p": 305, "c": 0.9, "s": 96357, "e": 96550, "w": "呀", "sp": "Agent"}, {"p": 306, "c": 0.9, "s": 97400, "e": 97729, "w": "嗯", "sp": "Customer"}, {"p": 307, "c": 0.9, "s": 97729, "e": 98386, "w": "那个", "sp": "Customer"}, {"p": 308, "c": 0.9, "s": 98387, "e": 99045, "w": "那个", "sp": "Customer"}, {"p": 309, "c": 0.9, "s": 99045, "e": 99374, "w": "几", "sp": "Customer"}, {"p": 310, "c": 0.9, "s": 99300, "e": 99496, "w": "你", "sp": "Agent"}, {"p": 311, "c": 0.9, "s": 99374, "e": 99703, "w": "房", "sp": "Customer"}, {"p": 312, "c": 0.9, "s": 99496, "e": 99888, "w": "房子", "sp": "Agent"}, {"p": 313, "c": 0.9, "s": 99703, "e": 100032, "w": "两", "sp": "Customer"}, {"p": 314, "c": 0.9, "s": 99888, "e": 100084, "w": "两", "sp": "Agent"}, {"p": 315, "c": 0.9, "s": 100032, "e": 100361, "w": "房", "sp": "Customer"}, {"p": 316, "c": 0.9, "s": 100084, "e": 100280, "w": "房", "sp": "Agent"}, {"p": 317, "c": 0.9, "s": 100361, "e": 100690, "w": "一", "sp": "Customer"}, {"p": 318, "c": 0.9, "s": 100580, "e": 100732, "w": "好", "sp": "Agent"}, {"p": 319, "c": 0.9, "s": 100690, "e": 101020, "w": "厅", "sp": "Customer"}, {"p": 320, "c": 0.9, "s": 100732, "e": 100884, "w": "的", "sp": "Agent"}, {"p": 321, "c": 0.9, "s": 100884, "e": 101189, "w": "明白", "sp": "Agent"}, {"p": 322, "c": 0.9, "s": 101189, "e": 101341, "w": "您", "sp": "Agent"}, {"p": 323, "c": 0.9, "s": 101341, "e": 101646, "w": "意思", "sp": "Agent"}, {"p": 324, "c": 0.9, "s": 101646, "e": 101798, "w": "是", "sp": "Agent"}, {"p": 325, "c": 0.9, "s": 101798, "e": 102103, "w": "这样", "sp": "Agent"}, {"p": 326, "c": 0.9, "s": 102103, "e": 102255, "w": "的", "sp": "Agent"}, {"p": 327, "c": 0.9, "s": 102255, "e": 102407, "w": "郭", "sp": "Agent"}, {"p": 328, "c": 0.9, "s": 102407, "e": 102712, "w": "先生", "sp": "Agent"}, {"p": 329, "c": 0.9, "s": 102712, "e": 103017, "w": "我们", "sp": "Agent"}, {"p": 330, "c": 0.9, "s": 103017, "e": 103321, "w": "大兴", "sp": "Agent"}, {"p": 331, "c": 0.9, "s": 103321, "e": 103626, "w": "现在", "sp": "Agent"}, {"p": 332, "c": 0.9, "s": 103626, "e": 103778, "w": "有", "sp": "Agent"}, {"p": 333, "c": 0.9, "s": 103778, "e": 104083, "w": "除了", "sp": "Agent"}, {"p": 334, "c": 0.9, "s": 104083, "e": 104235, "w": "做", "sp": "Agent"}, {"p": 335, "c": 0.9, "s": 104235, "e": 104540, "w": "中央", "sp": "Agent"}, {"p": 336, "c": 0.9, "s": 104540, "e": 104845, "w": "空调", "sp": "Agent"}, {"p": 337, "c": 0.9, "s": 104845, "e": 105149, "w": "之外", "sp": "Agent"}, {"p": 338, "c": 0.9, "s": 105149, "e": 105454, "w": "还有", "sp": "Agent"}, {"p": 339, "c": 0.9, "s": 105454, "e": 105758, "w": "新风", "sp": "Agent"}, {"p": 340, "c": 0.9, "s": 105758, "e": 105911, "w": "跟", "sp": "Agent"}, {"p": 341, "c": 0.9, "s": 105911, "e": 106215, "w": "电脑", "sp": "Agent"}, {"p": 342, "c": 0.9, "s": 106215, "e": 106368, "w": "的", "sp": "Agent"}, {"p": 343, "c": 0.9, "s": 106368, "e": 106672, "w": "设备", "sp": "Agent"}, {"p": 344, "c": 0.9, "s": 106672, "e": 106825, "w": "不", "sp": "Agent"}, {"p": 345, "c": 0.9, "s": 106825, "e": 107129, "w": "知道", "sp": "Agent"}, {"p": 346, "c": 0.9, "s": 107129, "e": 107282, "w": "您", "sp": "Agent"}, {"p": 347, "c": 0.9, "s": 107282, "e": 107586, "w": "新风", "sp": "Agent"}, {"p": 348, "c": 0.9, "s": 107586, "e": 107891, "w": "电脑", "sp": "Agent"}, {"p": 349, "c": 0.9, "s": 107891, "e": 108196, "w": "设备", "sp": "Agent"}, {"p": 350, "c": 0.9, "s": 108196, "e": 108500, "w": "是否", "sp": "Agent"}, {"p": 351, "c": 0.9, "s": 108500, "e": 108653, "w": "有", "sp": "Agent"}, {"p": 352, "c": 0.9, "s": 108653, "e": 108957, "w": "考虑", "sp": "Agent"}, {"p": 353, "c": 0.9, "s": 108957, "e": 109110, "w": "呢", "sp": "Agent"}, {"p": 354, "c": 0.9, "s": 109560, "e": 110570, "w": "没有", "sp": "Customer"}, {"p": 355, "c": 0.9, "s": 110190, "e": 110346, "w": "好", "sp": "Agent"}, {"p": 356, "c": 0.9, "s": 110346, "e": 110503, "w": "的", "sp": "Agent"}, {"p": 357, "c": 0.9, "s": 110503, "e": 110659, "w": "呃", "sp": "Agent"}, {"p": 358, "c": 0.9, "s": 110660, "e": 110974, "w": "我们", "sp": "Agent"}, {"p": 359, "c": 0.9, "s": 110974, "e": 111288, "w": "现在", "sp": "Agent"}, {"p": 360, "c": 0.9, "s": 111288, "e": 111602, "w": "的话", "sp": "Agent"}, {"p": 361, "c": 0.9, "s": 111602, "e": 111758, "w": "有", "sp": "Agent"}, {"p": 362, "c": 0.9, "s": 111759, "e": 111916, "w": "一", "sp": "Agent"}, {"p": 363, "c": 0.9, "s": 111916, "e": 112073, "w": "款", "sp": "Agent"}, {"p": 364, "c": 0.9, "s": 112073, "e": 112229, "w": "卖", "sp": "Agent"}, {"p": 365, "c": 0.9, "s": 112230, "e": 112387, "w": "的", "sp": "Agent"}, {"p": 366, "c": 0.9, "s": 112387, "e": 112701, "w": "比较", "sp": "Agent"}, {"p": 367, "c": 0.9, "s": 112701, "e": 112857, "w": "好", "sp": "Agent"}, {"p": 368, "c": 0.9, "s": 112858, "e": 113015, "w": "的", "sp": "Agent"}, {"p": 369, "c": 0.9, "s": 113015, "e": 113329, "w": "市面", "sp": "Agent"}, {"p": 370, "c": 0.9, "s": 113329, "e": 113800, "w": "基本上", "sp": "Agent"}, {"p": 371, "c": 0.9, "s": 113800, "e": 113956, "w": "是", "sp": "Agent"}, {"p": 372, "c": 0.9, "s": 113956, "e": 114113, "w": "叫", "sp": "Agent"}, {"p": 373, "c": 0.9, "s": 114113, "e": 114270, "w": "三", "sp": "Agent"}, {"p": 374, "c": 0.9, "s": 114270, "e": 114426, "w": "D", "sp": "Agent"}, {"p": 375, "c": 0.9, "s": 114427, "e": 114584, "w": "七", "sp": "Agent"}, {"p": 376, "c": 0.9, "s": 114584, "e": 114741, "w": "零", "sp": "Agent"}, {"p": 377, "c": 0.9, "s": 114741, "e": 115055, "w": "温室", "sp": "Agent"}, {"p": 378, "c": 0.9, "s": 115055, "e": 115369, "w": "平衡", "sp": "Agent"}, {"p": 379, "c": 0.9, "s": 115369, "e": 115526, "w": "它", "sp": "Agent"}, {"p": 380, "c": 0.9, "s": 115526, "e": 115683, "w": "是", "sp": "Agent"}, {"p": 381, "c": 0.9, "s": 115683, "e": 115997, "w": "可以", "sp": "Agent"}, {"p": 382, "c": 0.9, "s": 115997, "e": 116311, "w": "做到", "sp": "Agent"}, {"p": 383, "c": 0.9, "s": 116311, "e": 116625, "w": "一个", "sp": "Agent"}, {"p": 384, "c": 0.9, "s": 116625, "e": 117253, "w": "上下左右", "sp": "Agent"}, {"p": 385, "c": 0.9, "s": 117253, "e": 117409, "w": "白", "sp": "Agent"}, {"p": 386, "c": 0.9, "s": 117410, "e": 117566, "w": "洞", "sp": "Agent"}, {"p": 387, "c": 0.9, "s": 117566, "e": 117723, "w": "出", "sp": "Agent"}, {"p": 388, "c": 0.9, "s": 117723, "e": 117880, "w": "风", "sp": "Agent"}, {"p": 389, "c": 0.9, "s": 117880, "e": 118194, "w": "气流", "sp": "Agent"}, {"p": 390, "c": 0.9, "s": 118194, "e": 118508, "w": "分布", "sp": "Agent"}, {"p": 391, "c": 0.9, "s": 118508, "e": 118822, "w": "比较", "sp": "Agent"}, {"p": 392, "c": 0.9, "s": 118822, "e": 119136, "w": "均衡", "sp": "Agent"}, {"p": 393, "c": 0.9, "s": 119136, "e": 119450, "w": "并且", "sp": "Agent"}, {"p": 394, "c": 0.9, "s": 119450, "e": 119764, "w": "可以", "sp": "Agent"}, {"p": 395, "c": 0.9, "s": 119764, "e": 120078, "w": "做到", "sp": "Agent"}, {"p": 396, "c": 0.9, "s": 120078, "e": 120392, "w": "一个", "sp": "Agent"}, {"p": 397, "c": 0.9, "s": 120392, "e": 120548, "w": "图", "sp": "Agent"}, {"p": 398, "c": 0.9, "s": 120549, "e": 120706, "w": "饰", "sp": "Agent"}, {"p": 399, "c": 0.9, "s": 120706, "e": 120863, "w": "部", "sp": "Agent"}, {"p": 400, "c": 0.9, "s": 120863, "e": 121176, "w": "降温", "sp": "Agent"}, {"p": 401, "c": 0.9, "s": 121176, "e": 121490, "w": "有效", "sp": "Agent"}, {"p": 402, "c": 0.9, "s": 121490, "e": 121804, "w": "控制", "sp": "Agent"}, {"p": 403, "c": 0.9, "s": 121804, "e": 122118, "w": "室内", "sp": "Agent"}, {"p": 404, "c": 0.9, "s": 122118, "e": 122274, "w": "的", "sp": "Agent"}, {"p": 405, "c": 0.9, "s": 122275, "e": 122589, "w": "一个", "sp": "Agent"}, {"p": 406, "c": 0.9, "s": 122589, "e": 122903, "w": "湿度", "sp": "Agent"}, {"p": 407, "c": 0.9, "s": 122903, "e": 123060, "w": "的", "sp": "Agent"}, {"p": 408, "c": 0.9, "s": 123060, "e": 123531, "w": "到时候", "sp": "Agent"}, {"p": 409, "c": 0.9, "s": 123531, "e": 123687, "w": "您", "sp": "Agent"}, {"p": 410, "c": 0.9, "s": 123688, "e": 124002, "w": "可以", "sp": "Agent"}, {"p": 411, "c": 0.9, "s": 124002, "e": 124316, "w": "具体", "sp": "Agent"}, {"p": 412, "c": 0.9, "s": 124316, "e": 124630, "w": "了解", "sp": "Agent"}, {"p": 413, "c": 0.9, "s": 124630, "e": 124943, "w": "一下", "sp": "Agent"}, {"p": 414, "c": 0.9, "s": 124943, "e": 125100, "w": "那", "sp": "Agent"}, {"p": 415, "c": 0.9, "s": 125100, "e": 125257, "w": "想", "sp": "Agent"}, {"p": 416, "c": 0.9, "s": 125257, "e": 125414, "w": "了", "sp": "Agent"}, {"p": 417, "c": 0.9, "s": 125330, "e": 126530, "w": "嗯", "sp": "Customer"}, {"p": 418, "c": 0.9, "s": 125414, "e": 125728, "w": "解下", "sp": "Agent"}, {"p": 419, "c": 0.9, "s": 125728, "e": 125884, "w": "您", "sp": "Agent"}, {"p": 420, "c": 0.9, "s": 125885, "e": 126199, "w": "这个", "sp": "Agent"}, {"p": 421, "c": 0.9, "s": 126199, "e": 126355, "w": "后", "sp": "Agent"}, {"p": 422, "c": 0.9, "s": 126356, "e": 126513, "w": "您", "sp": "Agent"}, {"p": 423, "c": 0.9, "s": 126513, "e": 126670, "w": "是", "sp": "Agent"}, {"p": 424, "c": 0.9, "s": 126670, "e": 126984, "w": "防汛", "sp": "Agent"}, {"p": 425, "c": 0.9, "s": 126984, "e": 127141, "w": "图", "sp": "Agent"}, {"p": 426, "c": 0.9, "s": 127141, "e": 127298, "w": "应", "sp": "Agent"}, {"p": 427, "c": 0.9, "s": 127298, "e": 127612, "w": "该是", "sp": "Agent"}, {"p": 428, "c": 0.9, "s": 127612, "e": 128082, "w": "有的是", "sp": "Agent"}, {"p": 429, "c": 0.9, "s": 128082, "e": 128239, "w": "吧", "sp": "Agent"}, {"p": 430, "c": 0.9, "s": 129450, "e": 129683, "w": "嗯", "sp": "Customer"}, {"p": 431, "c": 0.9, "s": 129684, "e": 130153, "w": "这个", "sp": "Customer"}, {"p": 432, "c": 0.9, "s": 130039, "e": 130220, "w": "嗯", "sp": "Agent"}, {"p": 433, "c": 0.9, "s": 130153, "e": 130386, "w": "就", "sp": "Customer"}, {"p": 434, "c": 0.9, "s": 130220, "e": 130584, "w": "这个", "sp": "Agent"}, {"p": 435, "c": 0.9, "s": 130386, "e": 130855, "w": "不用", "sp": "Customer"}, {"p": 436, "c": 0.9, "s": 130585, "e": 130767, "w": "就", "sp": "Agent"}, {"p": 437, "c": 0.9, "s": 130767, "e": 131130, "w": "不用", "sp": "Agent"}, {"p": 438, "c": 0.9, "s": 130856, "e": 131091, "w": "了", "sp": "Customer"}, {"p": 439, "c": 0.9, "s": 131091, "e": 131560, "w": "后期", "sp": "Customer"}, {"p": 440, "c": 0.9, "s": 131130, "e": 131494, "w": "后期", "sp": "Agent"}, {"p": 441, "c": 0.9, "s": 131494, "e": 131676, "w": "他", "sp": "Agent"}, {"p": 442, "c": 0.9, "s": 131560, "e": 131793, "w": "他", "sp": "Customer"}, {"p": 443, "c": 0.9, "s": 131676, "e": 132040, "w": "联系", "sp": "Agent"}, {"p": 444, "c": 0.9, "s": 131794, "e": 132263, "w": "联系", "sp": "Customer"}, {"p": 445, "c": 0.9, "s": 132263, "e": 132497, "w": "我", "sp": "Customer"}, {"p": 446, "c": 0.9, "s": 132430, "e": 132581, "w": "好", "sp": "Agent"}, {"p": 447, "c": 0.9, "s": 132497, "e": 132965, "w": "再说", "sp": "Customer"}, {"p": 448, "c": 0.9, "s": 132582, "e": 132734, "w": "的", "sp": "Agent"}, {"p": 449, "c": 0.9, "s": 132734, "e": 132887, "w": "好", "sp": "Agent"}, {"p": 450, "c": 0.9, "s": 132887, "e": 133038, "w": "的", "sp": "Agent"}, {"p": 451, "c": 0.9, "s": 132966, "e": 133201, "w": "吧", "sp": "Customer"}, {"p": 452, "c": 0.9, "s": 133039, "e": 133191, "w": "好", "sp": "Agent"}, {"p": 453, "c": 0.9, "s": 133191, "e": 133344, "w": "的", "sp": "Agent"}, {"p": 454, "c": 0.9, "s": 133201, "e": 133435, "w": "好", "sp": "Customer"}, {"p": 455, "c": 0.9, "s": 133344, "e": 133495, "w": "那", "sp": "Agent"}, {"p": 456, "c": 0.9, "s": 133435, "e": 133670, "w": "吧", "sp": "Customer"}, {"p": 457, "c": 0.9, "s": 133496, "e": 133649, "w": "您", "sp": "Agent"}, {"p": 458, "c": 0.9, "s": 133649, "e": 133953, "w": "这个", "sp": "Agent"}, {"p": 459, "c": 0.9, "s": 133953, "e": 134258, "w": "的话", "sp": "Agent"}, {"p": 460, "c": 0.9, "s": 134258, "e": 134562, "w": "应该", "sp": "Agent"}, {"p": 461, "c": 0.9, "s": 134563, "e": 134715, "w": "是", "sp": "Agent"}, {"p": 462, "c": 0.9, "s": 134715, "e": 135019, "w": "近期", "sp": "Agent"}, {"p": 463, "c": 0.9, "s": 135020, "e": 135173, "w": "要", "sp": "Agent"}, {"p": 464, "c": 0.9, "s": 135173, "e": 135477, "w": "进行", "sp": "Agent"}, {"p": 465, "c": 0.9, "s": 135477, "e": 135782, "w": "一个", "sp": "Agent"}, {"p": 466, "c": 0.9, "s": 135782, "e": 136086, "w": "动工", "sp": "Agent"}, {"p": 467, "c": 0.9, "s": 136087, "e": 136392, "w": "然后", "sp": "Agent"}, {"p": 468, "c": 0.9, "s": 136392, "e": 136543, "w": "是", "sp": "Agent"}, {"p": 469, "c": 0.9, "s": 136544, "e": 136849, "w": "后续", "sp": "Agent"}, {"p": 470, "c": 0.9, "s": 136849, "e": 137000, "w": "是", "sp": "Agent"}, {"p": 471, "c": 0.9, "s": 137001, "e": 137154, "w": "三", "sp": "Agent"}, {"p": 472, "c": 0.9, "s": 137154, "e": 137306, "w": "到", "sp": "Agent"}, {"p": 473, "c": 0.9, "s": 137306, "e": 137458, "w": "五", "sp": "Agent"}, {"p": 474, "c": 0.9, "s": 137458, "e": 137611, "w": "口", "sp": "Agent"}, {"p": 475, "c": 0.9, "s": 137611, "e": 137762, "w": "人", "sp": "Agent"}, {"p": 476, "c": 0.9, "s": 137763, "e": 138068, "w": "居住", "sp": "Agent"}, {"p": 477, "c": 0.9, "s": 138068, "e": 138372, "w": "老人", "sp": "Agent"}, {"p": 478, "c": 0.9, "s": 138373, "e": 138678, "w": "小孩", "sp": "Agent"}, {"p": 479, "c": 0.9, "s": 138678, "e": 138829, "w": "都", "sp": "Agent"}, {"p": 480, "c": 0.9, "s": 138830, "e": 138982, "w": "有", "sp": "Agent"}, {"p": 481, "c": 0.9, "s": 138982, "e": 139135, "w": "的", "sp": "Agent"}, {"p": 482, "c": 0.9, "s": 139135, "e": 139286, "w": "对", "sp": "Agent"}, {"p": 483, "c": 0.9, "s": 139287, "e": 139440, "w": "吧", "sp": "Agent"}, {"p": 484, "c": 0.9, "s": 140380, "e": 140836, "w": "嗯", "sp": "Customer"}, {"p": 485, "c": 0.9, "s": 140400, "e": 140590, "w": "嗯", "sp": "Agent"}, {"p": 486, "c": 0.9, "s": 140591, "e": 140782, "w": "好", "sp": "Agent"}, {"p": 487, "c": 0.9, "s": 140782, "e": 140972, "w": "的", "sp": "Agent"}, {"p": 488, "c": 0.9, "s": 140836, "e": 141293, "w": "是", "sp": "Customer"}, {"p": 489, "c": 0.9, "s": 140973, "e": 141355, "w": "装修", "sp": "Agent"}, {"p": 490, "c": 0.9, "s": 141293, "e": 141750, "w": "的", "sp": "Customer"}, {"p": 491, "c": 0.9, "s": 141355, "e": 141737, "w": "公司", "sp": "Agent"}, {"p": 492, "c": 0.9, "s": 141737, "e": 142119, "w": "这个", "sp": "Agent"}, {"p": 493, "c": 0.9, "s": 142119, "e": 142501, "w": "好像", "sp": "Agent"}, {"p": 494, "c": 0.9, "s": 142501, "e": 142883, "w": "暂时", "sp": "Agent"}, {"p": 495, "c": 0.9, "s": 142883, "e": 143073, "w": "还", "sp": "Agent"}, {"p": 496, "c": 0.9, "s": 143074, "e": 143265, "w": "没", "sp": "Agent"}, {"p": 497, "c": 0.9, "s": 143265, "e": 143647, "w": "开工", "sp": "Agent"}, {"p": 498, "c": 0.9, "s": 143647, "e": 143838, "w": "对", "sp": "Agent"}, {"p": 499, "c": 0.9, "s": 143838, "e": 144030, "w": "吧", "sp": "Agent"}, {"p": 500, "c": 0.9, "s": 144920, "e": 145584, "w": "嗯", "sp": "Customer"}, {"p": 501, "c": 0.9, "s": 144930, "e": 145075, "w": "好", "sp": "Agent"}, {"p": 502, "c": 0.9, "s": 145075, "e": 145220, "w": "的", "sp": "Agent"}, {"p": 503, "c": 0.9, "s": 145220, "e": 145657, "w": "感谢您", "sp": "Agent"}, {"p": 504, "c": 0.9, "s": 145585, "e": 146250, "w": "对", "sp": "Customer"}, {"p": 505, "c": 0.9, "s": 145657, "e": 145948, "w": "配合", "sp": "Agent"}, {"p": 506, "c": 0.9, "s": 145948, "e": 146093, "w": "那", "sp": "Agent"}, {"p": 507, "c": 0.9, "s": 146093, "e": 146239, "w": "您", "sp": "Agent"}, {"p": 508, "c": 0.9, "s": 146239, "e": 146530, "w": "这样", "sp": "Agent"}, {"p": 509, "c": 0.9, "s": 146530, "e": 146675, "w": "您", "sp": "Agent"}, {"p": 510, "c": 0.9, "s": 146675, "e": 146966, "w": "手机", "sp": "Agent"}, {"p": 511, "c": 0.9, "s": 146966, "e": 147257, "w": "保持", "sp": "Agent"}, {"p": 512, "c": 0.9, "s": 147257, "e": 147548, "w": "畅通", "sp": "Agent"}, {"p": 513, "c": 0.9, "s": 147548, "e": 147694, "w": "我", "sp": "Agent"}, {"p": 514, "c": 0.9, "s": 147694, "e": 147985, "w": "这边", "sp": "Agent"}, {"p": 515, "c": 0.9, "s": 147985, "e": 148275, "w": "尽快", "sp": "Agent"}, {"p": 516, "c": 0.9, "s": 148275, "e": 148566, "w": "安排", "sp": "Agent"}, {"p": 517, "c": 0.9, "s": 148566, "e": 148857, "w": "当地", "sp": "Agent"}, {"p": 518, "c": 0.9, "s": 148857, "e": 149002, "w": "的", "sp": "Agent"}, {"p": 519, "c": 0.9, "s": 149003, "e": 149294, "w": "门店", "sp": "Agent"}, {"p": 520, "c": 0.9, "s": 149294, "e": 149439, "w": "先", "sp": "Agent"}, {"p": 521, "c": 0.9, "s": 149439, "e": 149584, "w": "跟", "sp": "Agent"}, {"p": 522, "c": 0.9, "s": 149585, "e": 149730, "w": "您", "sp": "Agent"}, {"p": 523, "c": 0.9, "s": 149730, "e": 150021, "w": "联系", "sp": "Agent"}, {"p": 524, "c": 0.9, "s": 150021, "e": 150167, "w": "您", "sp": "Agent"}, {"p": 525, "c": 0.9, "s": 150167, "e": 150458, "w": "手机", "sp": "Agent"}, {"p": 526, "c": 0.9, "s": 150458, "e": 150749, "w": "保持", "sp": "Agent"}, {"p": 527, "c": 0.9, "s": 150749, "e": 151040, "w": "畅通", "sp": "Agent"}, {"p": 528, "c": 0.9, "s": 152050, "e": 152194, "w": "好", "sp": "Agent"}, {"p": 529, "c": 0.9, "s": 152194, "e": 152339, "w": "的", "sp": "Agent"}, {"p": 530, "c": 0.9, "s": 152270, "e": 152635, "w": "好", "sp": "Customer"}, {"p": 531, "c": 0.9, "s": 152339, "e": 152483, "w": "嗯", "sp": "Agent"}, {"p": 532, "c": 0.9, "s": 152483, "e": 152628, "w": "您", "sp": "Agent"}, {"p": 533, "c": 0.9, "s": 152628, "e": 152773, "w": "看", "sp": "Agent"}, {"p": 534, "c": 0.9, "s": 152635, "e": 153000, "w": "的", "sp": "Customer"}, {"p": 535, "c": 0.9, "s": 152773, "e": 153062, "w": "还有", "sp": "Agent"}, {"p": 536, "c": 0.9, "s": 153000, "e": 153365, "w": "好", "sp": "Customer"}, {"p": 537, "c": 0.9, "s": 153062, "e": 153351, "w": "什么", "sp": "Agent"}, {"p": 538, "c": 0.9, "s": 153351, "e": 153640, "w": "可以", "sp": "Agent"}, {"p": 539, "c": 0.9, "s": 153365, "e": 153730, "w": "的", "sp": "Customer"}, {"p": 540, "c": 0.9, "s": 153640, "e": 153785, "w": "帮", "sp": "Agent"}, {"p": 541, "c": 0.9, "s": 153785, "e": 153930, "w": "您", "sp": "Agent"}, {"p": 542, "c": 0.9, "s": 155030, "e": 155236, "w": "嗯", "sp": "Agent"}, {"p": 543, "c": 0.9, "s": 155080, "e": 155487, "w": "啊", "sp": "Customer"}, {"p": 544, "c": 0.9, "s": 155236, "e": 155441, "w": "好", "sp": "Agent"}, {"p": 545, "c": 0.9, "s": 155442, "e": 156060, "w": "感谢您", "sp": "Agent"}, {"p": 546, "c": 0.9, "s": 155487, "e": 156302, "w": "没有", "sp": "Customer"}, {"p": 547, "c": 0.9, "s": 156060, "e": 156472, "w": "来电", "sp": "Agent"}, {"p": 548, "c": 0.9, "s": 156302, "e": 156710, "w": "嗯", "sp": "Customer"}, {"p": 549, "c": 0.9, "s": 156472, "e": 156884, "w": "祝您", "sp": "Agent"}, {"p": 550, "c": 0.9, "s": 156884, "e": 157296, "w": "生活", "sp": "Agent"}, {"p": 551, "c": 0.9, "s": 157296, "e": 157708, "w": "愉快", "sp": "Agent"}, {"p": 552, "c": 0.9, "s": 157708, "e": 158120, "w": "再见", "sp": "Agent"}]}, "plainText": "您好 欢迎 致电 大兴 空调 请问 有 什么 可以 帮\n哎\n您\n你好\n喂\n我\n你好\n想 问 一下 威海 山东 威海 这个 经销商 是 哪个 公司\n山东 威海 您 是 想要 这个 购买 家用 中央 空调 还是\n购买 家用 中药 空调\n呃 家用 中央 空调 您 是 呃 家里 面 进校 装修 所以 考虑 安装 是 吧\n对\n哎 我 这边 帮 您 按照 您 的 一个 房屋 情况 帮 您 就近 安排 山东 威海 的话 当地 肯定 是 有 我们 授权\n嗯\n门店 的 那 您 后续 的话 是 在 山东 威海 的 哪个 地区 呢\n呃 高新 技术开发区\n呃 是 高新 技术开发区 我 这边 的话 是 有 这样 几个 区域 您 看 一下 是 属于 哪个 是 环 翠 区 门灯 区 龙城 市 乳山 市\n还\n回去\n费 嗯\n好 的 您 稍 等 环 翠 区 的 现在 是 叫做 这个 高新技术 开发区 是 吧\n嗯\n哎 好 的 好 的 明白 您 意思 先生 怎么 称呼 您\n姓 郭\n好 的 郭 先生 感谢您 的 大型 产品 支持 您 这个 房屋 的话 现在 是 一个 新手 的 一手 毛坯房 的 一个 状态 是 吗\n对\n哎 好 的 大概 房屋 面积 多 大 呢\n呃 我 就 想 问 一下 那个\n嗯\n你\n你\n帮 我\n说\n查 一下\n你 说\n威海 经销商 的 电话 就 行 了 我 有 个 事 我 得 问问\n呃 是 这样 的 因为 当地 联系 方式 的话 我 这边 直接 没有 呃 是 直接 是 看不到 的 我们 都 是 通过 系统 反馈 让 他 主动 跟 您 联系 的 所以 要 大致 了解 一下 您 的 一个 房屋 情况 这边 就 尽快 安排 跟 您 联系\n哦 哦 哦\n你\n行\n看 可以\n一百\n吗 一百 平方\n平方\n啊 一百\n点\n平方\n嗯\n大概 是 几 房 几 厅 的 呀\n嗯 那个 那个 几\n你\n房\n房子\n两\n两\n房\n房\n一\n好\n厅\n的 明白 您 意思 是 这样 的 郭 先生 我们 大兴 现在 有 除了 做 中央 空调 之外 还有 新风 跟 电脑 的 设备 不 知道 您 新风 电脑 设备 是否 有 考虑 呢\n没有\n好 的 呃 我们 现在 的话 有 一 款 卖 的 比较 好 的 市面 基本上 是 叫 三 D 七 零 温室 平衡 它 是 可以 做到 一个 上下左右 白 洞 出 风 气流 分布 比较 均衡 并且 可以 做到 一个 图 饰 部 降温 有效 控制 室内 的 一个 湿度 的 到时候 您 可以 具体 了解 一下 那 想 了\n嗯\n解下 您 这个 后 您 是 防汛 图 应 该是 有的是 吧\n嗯 这个\n嗯\n就\n这个\n不用\n就 不用\n了 后期\n后期 他\n他\n联系\n联系 我\n好\n再说\n的 好 的\n吧\n好 的\n好\n那\n吧\n您 这个 的话 应该 是 近期 要 进行 一个 动工 然后 是 后续 是 三 到 五 口 人 居住 老人 小孩 都 有 的 对 吧\n嗯\n嗯 好 的\n是\n装修\n的\n公司 这个 好像 暂时 还 没 开工 对 吧\n嗯\n好 的 感谢您\n对\n配合 那 您 这样 您 手机 保持 畅通 我 这边 尽快 安排 当地 的 门店 先 跟 您 联系 您 手机 保持 畅通 好 的\n好\n嗯 您 看\n的\n还有\n好\n什么 可以\n的\n帮 您 嗯\n啊\n好 感谢您\n没有\n来电\n嗯\n祝您 生活 愉快 再见", "plainTextTime": {"verbatims": [{"s": 720, "e": 4007, "w": "您好 欢迎 致电 大兴 空调 请问 有 什么 可以 帮", "sp": "Agent"}, {"s": 3990, "e": 4245, "w": "哎", "sp": "Customer"}, {"s": 4007, "e": 4190, "w": "您", "sp": "Agent"}, {"s": 4245, "e": 4756, "w": "你好", "sp": "Customer"}, {"s": 4470, "e": 4832, "w": "喂", "sp": "Agent"}, {"s": 4756, "e": 5011, "w": "我", "sp": "Customer"}, {"s": 4833, "e": 5560, "w": "你好", "sp": "Agent"}, {"s": 5011, "e": 10120, "w": "想 问 一下 威海 山东 威海 这个 经销商 是 哪个 公司", "sp": "Customer"}, {"s": 11150, "e": 15400, "w": "山东 威海 您 是 想要 这个 购买 家用 中央 空调 还是", "sp": "Agent"}, {"s": 15350, "e": 17490, "w": "购买 家用 中药 空调", "sp": "Customer"}, {"s": 17080, "e": 22490, "w": "呃 家用 中央 空调 您 是 呃 家里 面 进校 装修 所以 考虑 安装 是 吧", "sp": "Agent"}, {"s": 22440, "e": 23540, "w": "对", "sp": "Customer"}, {"s": 23300, "e": 30326, "w": "哎 我 这边 帮 您 按照 您 的 一个 房屋 情况 帮 您 就近 安排 山东 威海 的话 当地 肯定 是 有 我们 授权", "sp": "Agent"}, {"s": 30300, "e": 31189, "w": "嗯", "sp": "Customer"}, {"s": 30326, "e": 34210, "w": "门店 的 那 您 后续 的话 是 在 山东 威海 的 哪个 地区 呢", "sp": "Agent"}, {"s": 34590, "e": 37380, "w": "呃 高新 技术开发区", "sp": "Customer"}, {"s": 37670, "e": 47720, "w": "呃 是 高新 技术开发区 我 这边 的话 是 有 这样 几个 区域 您 看 一下 是 属于 哪个 是 环 翠 区 门灯 区 龙城 市 乳山 市", "sp": "Agent"}, {"s": 47730, "e": 48250, "w": "还", "sp": "Customer"}, {"s": 48210, "e": 49110, "w": "回去", "sp": "Agent"}, {"s": 48250, "e": 49290, "w": "费 嗯", "sp": "Customer"}, {"s": 49480, "e": 54330, "w": "好 的 您 稍 等 环 翠 区 的 现在 是 叫做 这个 高新技术 开发区 是 吧", "sp": "Agent"}, {"s": 54540, "e": 55530, "w": "嗯", "sp": "Customer"}, {"s": 55500, "e": 58719, "w": "哎 好 的 好 的 明白 您 意思 先生 怎么 称呼 您", "sp": "Agent"}, {"s": 59250, "e": 60350, "w": "姓 郭", "sp": "Customer"}, {"s": 61030, "e": 67530, "w": "好 的 郭 先生 感谢您 的 大型 产品 支持 您 这个 房屋 的话 现在 是 一个 新手 的 一手 毛坯房 的 一个 状态 是 吗", "sp": "Agent"}, {"s": 67490, "e": 68520, "w": "对", "sp": "Customer"}, {"s": 68270, "e": 70810, "w": "哎 好 的 大概 房屋 面积 多 大 呢", "sp": "Agent"}, {"s": 71240, "e": 72938, "w": "呃 我 就 想 问 一下 那个", "sp": "Customer"}, {"s": 72670, "e": 73014, "w": "嗯", "sp": "Agent"}, {"s": 72939, "e": 73128, "w": "你", "sp": "Customer"}, {"s": 73014, "e": 73358, "w": "你", "sp": "Agent"}, {"s": 73128, "e": 73505, "w": "帮 我", "sp": "Customer"}, {"s": 73358, "e": 73702, "w": "说", "sp": "Agent"}, {"s": 73505, "e": 74072, "w": "查 一下", "sp": "Customer"}, {"s": 73702, "e": 74390, "w": "你 说", "sp": "Agent"}, {"s": 74072, "e": 77659, "w": "威海 经销商 的 电话 就 行 了 我 有 个 事 我 得 问问", "sp": "Customer"}, {"s": 78040, "e": 89979, "w": "呃 是 这样 的 因为 当地 联系 方式 的话 我 这边 直接 没有 呃 是 直接 是 看不到 的 我们 都 是 通过 系统 反馈 让 他 主动 跟 您 联系 的 所以 要 大致 了解 一下 您 的 一个 房屋 情况 这边 就 尽快 安排 跟 您 联系", "sp": "Agent"}, {"s": 91070, "e": 92284, "w": "哦 哦 哦", "sp": "Customer"}, {"s": 92130, "e": 92322, "w": "你", "sp": "Agent"}, {"s": 92285, "e": 92690, "w": "行", "sp": "Customer"}, {"s": 92322, "e": 92898, "w": "看 可以", "sp": "Agent"}, {"s": 92690, "e": 93500, "w": "一百", "sp": "Customer"}, {"s": 92898, "e": 93859, "w": "吗 一百 平方", "sp": "Agent"}, {"s": 93500, "e": 94310, "w": "平方", "sp": "Customer"}, {"s": 93859, "e": 94436, "w": "啊 一百", "sp": "Agent"}, {"s": 94310, "e": 94715, "w": "点", "sp": "Customer"}, {"s": 94436, "e": 94820, "w": "平方", "sp": "Agent"}, {"s": 94715, "e": 95119, "w": "嗯", "sp": "Customer"}, {"s": 94820, "e": 96550, "w": "大概 是 几 房 几 厅 的 呀", "sp": "Agent"}, {"s": 97400, "e": 99374, "w": "嗯 那个 那个 几", "sp": "Customer"}, {"s": 99300, "e": 99496, "w": "你", "sp": "Agent"}, {"s": 99374, "e": 99703, "w": "房", "sp": "Customer"}, {"s": 99496, "e": 99888, "w": "房子", "sp": "Agent"}, {"s": 99703, "e": 100032, "w": "两", "sp": "Customer"}, {"s": 99888, "e": 100084, "w": "两", "sp": "Agent"}, {"s": 100032, "e": 100361, "w": "房", "sp": "Customer"}, {"s": 100084, "e": 100280, "w": "房", "sp": "Agent"}, {"s": 100361, "e": 100690, "w": "一", "sp": "Customer"}, {"s": 100580, "e": 100732, "w": "好", "sp": "Agent"}, {"s": 100690, "e": 101020, "w": "厅", "sp": "Customer"}, {"s": 100732, "e": 109110, "w": "的 明白 您 意思 是 这样 的 郭 先生 我们 大兴 现在 有 除了 做 中央 空调 之外 还有 新风 跟 电脑 的 设备 不 知道 您 新风 电脑 设备 是否 有 考虑 呢", "sp": "Agent"}, {"s": 109560, "e": 110570, "w": "没有", "sp": "Customer"}, {"s": 110190, "e": 125414, "w": "好 的 呃 我们 现在 的话 有 一 款 卖 的 比较 好 的 市面 基本上 是 叫 三 D 七 零 温室 平衡 它 是 可以 做到 一个 上下左右 白 洞 出 风 气流 分布 比较 均衡 并且 可以 做到 一个 图 饰 部 降温 有效 控制 室内 的 一个 湿度 的 到时候 您 可以 具体 了解 一下 那 想 了", "sp": "Agent"}, {"s": 125330, "e": 126530, "w": "嗯", "sp": "Customer"}, {"s": 125414, "e": 128239, "w": "解下 您 这个 后 您 是 防汛 图 应 该是 有的是 吧", "sp": "Agent"}, {"s": 129450, "e": 130153, "w": "嗯 这个", "sp": "Customer"}, {"s": 130039, "e": 130220, "w": "嗯", "sp": "Agent"}, {"s": 130153, "e": 130386, "w": "就", "sp": "Customer"}, {"s": 130220, "e": 130584, "w": "这个", "sp": "Agent"}, {"s": 130386, "e": 130855, "w": "不用", "sp": "Customer"}, {"s": 130585, "e": 131130, "w": "就 不用", "sp": "Agent"}, {"s": 130856, "e": 131560, "w": "了 后期", "sp": "Customer"}, {"s": 131130, "e": 131676, "w": "后期 他", "sp": "Agent"}, {"s": 131560, "e": 131793, "w": "他", "sp": "Customer"}, {"s": 131676, "e": 132040, "w": "联系", "sp": "Agent"}, {"s": 131794, "e": 132497, "w": "联系 我", "sp": "Customer"}, {"s": 132430, "e": 132581, "w": "好", "sp": "Agent"}, {"s": 132497, "e": 132965, "w": "再说", "sp": "Customer"}, {"s": 132582, "e": 133038, "w": "的 好 的", "sp": "Agent"}, {"s": 132966, "e": 133201, "w": "吧", "sp": "Customer"}, {"s": 133039, "e": 133344, "w": "好 的", "sp": "Agent"}, {"s": 133201, "e": 133435, "w": "好", "sp": "Customer"}, {"s": 133344, "e": 133495, "w": "那", "sp": "Agent"}, {"s": 133435, "e": 133670, "w": "吧", "sp": "Customer"}, {"s": 133496, "e": 139440, "w": "您 这个 的话 应该 是 近期 要 进行 一个 动工 然后 是 后续 是 三 到 五 口 人 居住 老人 小孩 都 有 的 对 吧", "sp": "Agent"}, {"s": 140380, "e": 140836, "w": "嗯", "sp": "Customer"}, {"s": 140400, "e": 140972, "w": "嗯 好 的", "sp": "Agent"}, {"s": 140836, "e": 141293, "w": "是", "sp": "Customer"}, {"s": 140973, "e": 141355, "w": "装修", "sp": "Agent"}, {"s": 141293, "e": 141750, "w": "的", "sp": "Customer"}, {"s": 141355, "e": 144030, "w": "公司 这个 好像 暂时 还 没 开工 对 吧", "sp": "Agent"}, {"s": 144920, "e": 145584, "w": "嗯", "sp": "Customer"}, {"s": 144930, "e": 145657, "w": "好 的 感谢您", "sp": "Agent"}, {"s": 145585, "e": 146250, "w": "对", "sp": "Customer"}, {"s": 145657, "e": 152339, "w": "配合 那 您 这样 您 手机 保持 畅通 我 这边 尽快 安排 当地 的 门店 先 跟 您 联系 您 手机 保持 畅通 好 的", "sp": "Agent"}, {"s": 152270, "e": 152635, "w": "好", "sp": "Customer"}, {"s": 152339, "e": 152773, "w": "嗯 您 看", "sp": "Agent"}, {"s": 152635, "e": 153000, "w": "的", "sp": "Customer"}, {"s": 152773, "e": 153062, "w": "还有", "sp": "Agent"}, {"s": 153000, "e": 153365, "w": "好", "sp": "Customer"}, {"s": 153062, "e": 153640, "w": "什么 可以", "sp": "Agent"}, {"s": 153365, "e": 153730, "w": "的", "sp": "Customer"}, {"s": 153640, "e": 155236, "w": "帮 您 嗯", "sp": "Agent"}, {"s": 155080, "e": 155487, "w": "啊", "sp": "Customer"}, {"s": 155236, "e": 156060, "w": "好 感谢您", "sp": "Agent"}, {"s": 155487, "e": 156302, "w": "没有", "sp": "Customer"}, {"s": 156060, "e": 156472, "w": "来电", "sp": "Agent"}, {"s": 156302, "e": 156710, "w": "嗯", "sp": "Customer"}, {"s": 156472, "e": 158120, "w": "祝您 生活 愉快 再见", "sp": "Agent"}]}, "aqm": {"greeting": {"greeting_said": "您好, 空调, 请问", "n_greeting_said": 3, "score": 1}, "closing": {"closing_said": "您, 祝您, 生活, 愉快, 再见", "n_closing_said": 5, "score": 1}, "speed": {"speed_max": 6.88, "n_words": 5, "words": "好 的 感谢您", "start": 144930, "end": 145657}}}