{"mediaId": "2022031316161563808747451378303001", "status": "Success", "dateCreated": "2022-03-21T18:45:50Z", "contentType": "audio/x-wav", "channels": "future use", "length": 270, "metadata": {"Sid": 10115, "Site_id": 783, "Audio_ch_num": 87474513, "Audio_module_num": 783002, "Audio_start_time_gmt": "2022-03-13T08:16:15.637+08:00", "Transaction_id": "2022031316161563808747451378303001", "ContactID": "9144801377560000301", "Personal_id": "0", "Direction": 1, "Local_audio_start_time": "2022-03-13T16:16:15.637+08:00", "Local_audio_end_time": "2022-03-13T16:20:45.637+08:00", "Total_hold_time": "0", "Pbx_login_id": "800052", "Ani": "15874141975", "Extension": "600061", "String_extension": "600061", "Switch_call_id": "006f0330e46d5053", "Switch_id": "783000001", "Duration_seconds": 270, "Wrapup_time_in_seconds": "0", "Dnis": "02152690525", "Number_of_conferences": "0", "Number_of_holds": "0", "Number_of_transfers": "0", "Percent_of_agent_call": "102", "Percent_of_other_call": "71", "Percent_of_mutual_silence": "40", "Num_of_agent_cross": "22", "Num_of_other_cross": "35", "IsException": 0, "CD2": "013GVT56OG919AP72LUHVB5AES000CIT"}, "transcript_detailed": {"words": [{"p": 1, "c": 0.9, "s": 350, "e": 756, "w": "您好", "sp": "Agent"}, {"p": 2, "c": 0.9, "s": 756, "e": 1163, "w": "这边", "sp": "Agent"}, {"p": 3, "c": 0.9, "s": 1163, "e": 1365, "w": "是", "sp": "Agent"}, {"p": 4, "c": 0.9, "s": 1366, "e": 1773, "w": "大兴", "sp": "Agent"}, {"p": 5, "c": 0.9, "s": 1773, "e": 2180, "w": "公交", "sp": "Agent"}, {"p": 6, "c": 0.9, "s": 2180, "e": 2586, "w": "厂房", "sp": "Agent"}, {"p": 7, "c": 0.9, "s": 2270, "e": 2509, "w": "你", "sp": "Customer"}, {"p": 8, "c": 0.9, "s": 2509, "e": 2987, "w": "门口", "sp": "Customer"}, {"p": 9, "c": 0.9, "s": 2586, "e": 2993, "w": "客服", "sp": "Agent"}, {"p": 10, "c": 0.9, "s": 2987, "e": 3465, "w": "打开", "sp": "Customer"}, {"p": 11, "c": 0.9, "s": 2993, "e": 3400, "w": "中心", "sp": "Agent"}, {"p": 12, "c": 0.9, "s": 3465, "e": 3704, "w": "吗", "sp": "Customer"}, {"p": 13, "c": 0.9, "s": 3704, "e": 3943, "w": "啊", "sp": "Customer"}, {"p": 14, "c": 0.9, "s": 3943, "e": 4421, "w": "你好", "sp": "Customer"}, {"p": 15, "c": 0.9, "s": 4421, "e": 4660, "w": "你", "sp": "Customer"}, {"p": 16, "c": 0.9, "s": 4590, "e": 4767, "w": "嗯", "sp": "Agent"}, {"p": 17, "c": 0.9, "s": 4660, "e": 4899, "w": "说", "sp": "Customer"}, {"p": 18, "c": 0.9, "s": 4767, "e": 4944, "w": "是", "sp": "Agent"}, {"p": 19, "c": 0.9, "s": 4944, "e": 5299, "w": "这样", "sp": "Agent"}, {"p": 20, "c": 0.9, "s": 5299, "e": 5476, "w": "的", "sp": "Agent"}, {"p": 21, "c": 0.9, "s": 5476, "e": 5831, "w": "之前", "sp": "Agent"}, {"p": 22, "c": 0.9, "s": 5831, "e": 6008, "w": "给", "sp": "Agent"}, {"p": 23, "c": 0.9, "s": 6008, "e": 6185, "w": "您", "sp": "Agent"}, {"p": 24, "c": 0.9, "s": 6185, "e": 6540, "w": "来电", "sp": "Agent"}, {"p": 25, "c": 0.9, "s": 6540, "e": 6717, "w": "也", "sp": "Agent"}, {"p": 26, "c": 0.9, "s": 6717, "e": 6895, "w": "是", "sp": "Agent"}, {"p": 27, "c": 0.9, "s": 6895, "e": 7249, "w": "看到", "sp": "Agent"}, {"p": 28, "c": 0.9, "s": 7249, "e": 7426, "w": "您", "sp": "Agent"}, {"p": 29, "c": 0.9, "s": 7426, "e": 7781, "w": "之前", "sp": "Agent"}, {"p": 30, "c": 0.9, "s": 7781, "e": 7958, "w": "在", "sp": "Agent"}, {"p": 31, "c": 0.9, "s": 7958, "e": 8313, "w": "我们", "sp": "Agent"}, {"p": 32, "c": 0.9, "s": 8313, "e": 8667, "w": "平台", "sp": "Agent"}, {"p": 33, "c": 0.9, "s": 8668, "e": 8845, "w": "上", "sp": "Agent"}, {"p": 34, "c": 0.9, "s": 8845, "e": 9022, "w": "有", "sp": "Agent"}, {"p": 35, "c": 0.9, "s": 9022, "e": 9200, "w": "留", "sp": "Agent"}, {"p": 36, "c": 0.9, "s": 9200, "e": 9377, "w": "资", "sp": "Agent"}, {"p": 37, "c": 0.9, "s": 9377, "e": 9731, "w": "这边", "sp": "Agent"}, {"p": 38, "c": 0.9, "s": 9731, "e": 9909, "w": "想", "sp": "Agent"}, {"p": 39, "c": 0.9, "s": 9909, "e": 10086, "w": "跟", "sp": "Agent"}, {"p": 40, "c": 0.9, "s": 10086, "e": 10263, "w": "您", "sp": "Agent"}, {"p": 41, "c": 0.9, "s": 10263, "e": 10617, "w": "确认", "sp": "Agent"}, {"p": 42, "c": 0.9, "s": 10618, "e": 10973, "w": "一下", "sp": "Agent"}, {"p": 43, "c": 0.9, "s": 10973, "e": 11150, "w": "您", "sp": "Agent"}, {"p": 44, "c": 0.9, "s": 11150, "e": 11504, "w": "近期", "sp": "Agent"}, {"p": 45, "c": 0.9, "s": 11505, "e": 11859, "w": "是否", "sp": "Agent"}, {"p": 46, "c": 0.9, "s": 11859, "e": 12036, "w": "想", "sp": "Agent"}, {"p": 47, "c": 0.9, "s": 12036, "e": 12391, "w": "了解", "sp": "Agent"}, {"p": 48, "c": 0.9, "s": 12391, "e": 12745, "w": "咨询", "sp": "Agent"}, {"p": 49, "c": 0.9, "s": 12746, "e": 13100, "w": "中央", "sp": "Agent"}, {"p": 50, "c": 0.9, "s": 13100, "e": 13455, "w": "空调", "sp": "Agent"}, {"p": 51, "c": 0.9, "s": 13455, "e": 13632, "w": "是", "sp": "Agent"}, {"p": 52, "c": 0.9, "s": 13632, "e": 13810, "w": "吗", "sp": "Agent"}, {"p": 53, "c": 0.9, "s": 13730, "e": 13985, "w": "哦", "sp": "Customer"}, {"p": 54, "c": 0.9, "s": 13985, "e": 14497, "w": "现在", "sp": "Customer"}, {"p": 55, "c": 0.9, "s": 14497, "e": 15007, "w": "不用", "sp": "Customer"}, {"p": 56, "c": 0.9, "s": 15008, "e": 15264, "w": "了", "sp": "Customer"}, {"p": 57, "c": 0.9, "s": 15264, "e": 15775, "w": "之前", "sp": "Customer"}, {"p": 58, "c": 0.9, "s": 15775, "e": 16031, "w": "我", "sp": "Customer"}, {"p": 59, "c": 0.9, "s": 16010, "e": 16342, "w": "啊", "sp": "Agent"}, {"p": 60, "c": 0.9, "s": 16031, "e": 16285, "w": "也", "sp": "Customer"}, {"p": 61, "c": 0.9, "s": 16285, "e": 16797, "w": "参加", "sp": "Customer"}, {"p": 62, "c": 0.9, "s": 16341, "e": 16675, "w": "是", "sp": "Agent"}, {"p": 63, "c": 0.9, "s": 16675, "e": 17008, "w": "不", "sp": "Agent"}, {"p": 64, "c": 0.9, "s": 16798, "e": 17309, "w": "你们", "sp": "Customer"}, {"p": 65, "c": 0.9, "s": 17008, "e": 17674, "w": "需要", "sp": "Agent"}, {"p": 66, "c": 0.9, "s": 17309, "e": 17820, "w": "那个", "sp": "Customer"}, {"p": 67, "c": 0.9, "s": 17674, "e": 18007, "w": "对", "sp": "Agent"}, {"p": 68, "c": 0.9, "s": 17820, "e": 18331, "w": "活动", "sp": "Customer"}, {"p": 69, "c": 0.9, "s": 18007, "e": 18340, "w": "吗", "sp": "Agent"}, {"p": 70, "c": 0.9, "s": 18332, "e": 18587, "w": "啊", "sp": "Customer"}, {"p": 71, "c": 0.9, "s": 18587, "e": 18843, "w": "那", "sp": "Customer"}, {"p": 72, "c": 0.9, "s": 18843, "e": 19354, "w": "现在", "sp": "Customer"}, {"p": 73, "c": 0.9, "s": 19354, "e": 19610, "w": "不", "sp": "Customer"}, {"p": 74, "c": 0.9, "s": 19530, "e": 19729, "w": "嗯", "sp": "Agent"}, {"p": 75, "c": 0.9, "s": 19610, "e": 20121, "w": "需要", "sp": "Customer"}, {"p": 76, "c": 0.9, "s": 19729, "e": 19929, "w": "您", "sp": "Agent"}, {"p": 77, "c": 0.9, "s": 19929, "e": 20128, "w": "是", "sp": "Agent"}, {"p": 78, "c": 0.9, "s": 20121, "e": 20377, "w": "了", "sp": "Customer"}, {"p": 79, "c": 0.9, "s": 20128, "e": 20328, "w": "对", "sp": "Agent"}, {"p": 80, "c": 0.9, "s": 20328, "e": 20727, "w": "哪个", "sp": "Agent"}, {"p": 81, "c": 0.9, "s": 20377, "e": 20888, "w": "谢谢", "sp": "Customer"}, {"p": 82, "c": 0.9, "s": 20727, "e": 21126, "w": "产品", "sp": "Agent"}, {"p": 83, "c": 0.9, "s": 20888, "e": 21144, "w": "啊", "sp": "Customer"}, {"p": 84, "c": 0.9, "s": 21126, "e": 21724, "w": "感兴趣", "sp": "Agent"}, {"p": 85, "c": 0.9, "s": 21144, "e": 21400, "w": "嗯", "sp": "Customer"}, {"p": 86, "c": 0.9, "s": 21725, "e": 21925, "w": "呢", "sp": "Agent"}, {"p": 87, "c": 0.9, "s": 21925, "e": 22324, "w": "这边", "sp": "Agent"}, {"p": 88, "c": 0.9, "s": 22324, "e": 22524, "w": "也", "sp": "Agent"}, {"p": 89, "c": 0.9, "s": 22524, "e": 22723, "w": "可", "sp": "Agent"}, {"p": 90, "c": 0.9, "s": 22723, "e": 23123, "w": "以为", "sp": "Agent"}, {"p": 91, "c": 0.9, "s": 23123, "e": 23321, "w": "您", "sp": "Agent"}, {"p": 92, "c": 0.9, "s": 23322, "e": 23522, "w": "做", "sp": "Agent"}, {"p": 93, "c": 0.9, "s": 23522, "e": 23720, "w": "个", "sp": "Agent"}, {"p": 94, "c": 0.9, "s": 23721, "e": 24121, "w": "简单", "sp": "Agent"}, {"p": 95, "c": 0.9, "s": 24121, "e": 24520, "w": "介绍", "sp": "Agent"}, {"p": 96, "c": 0.9, "s": 24520, "e": 24720, "w": "的", "sp": "Agent"}, {"p": 97, "c": 0.9, "s": 24810, "e": 25060, "w": "哦", "sp": "Customer"}, {"p": 98, "c": 0.9, "s": 25060, "e": 25560, "w": "这边", "sp": "Customer"}, {"p": 99, "c": 0.9, "s": 25560, "e": 25810, "w": "有", "sp": "Customer"}, {"p": 100, "c": 0.9, "s": 25810, "e": 26060, "w": "我", "sp": "Customer"}, {"p": 101, "c": 0.9, "s": 26060, "e": 26310, "w": "也", "sp": "Customer"}, {"p": 102, "c": 0.9, "s": 26310, "e": 26560, "w": "去", "sp": "Customer"}, {"p": 103, "c": 0.9, "s": 26560, "e": 27060, "w": "门店", "sp": "Customer"}, {"p": 104, "c": 0.9, "s": 27060, "e": 27560, "w": "了解", "sp": "Customer"}, {"p": 105, "c": 0.9, "s": 27460, "e": 27758, "w": "啊", "sp": "Agent"}, {"p": 106, "c": 0.9, "s": 27560, "e": 27810, "w": "了", "sp": "Customer"}, {"p": 107, "c": 0.9, "s": 27759, "e": 28058, "w": "啊", "sp": "Agent"}, {"p": 108, "c": 0.9, "s": 27810, "e": 28310, "w": "谢谢", "sp": "Customer"}, {"p": 109, "c": 0.9, "s": 28058, "e": 28357, "w": "有", "sp": "Agent"}, {"p": 110, "c": 0.9, "s": 28310, "e": 28560, "w": "啊", "sp": "Customer"}, {"p": 111, "c": 0.9, "s": 28357, "e": 28657, "w": "去", "sp": "Agent"}, {"p": 112, "c": 0.9, "s": 28560, "e": 29060, "w": "谢谢", "sp": "Customer"}, {"p": 113, "c": 0.9, "s": 28657, "e": 28956, "w": "过", "sp": "Agent"}, {"p": 114, "c": 0.9, "s": 28956, "e": 29555, "w": "我们", "sp": "Agent"}, {"p": 115, "c": 0.9, "s": 29060, "e": 29310, "w": "我", "sp": "Customer"}, {"p": 116, "c": 0.9, "s": 29310, "e": 29560, "w": "也", "sp": "Customer"}, {"p": 117, "c": 0.9, "s": 29555, "e": 29854, "w": "的", "sp": "Agent"}, {"p": 118, "c": 0.9, "s": 29560, "e": 29810, "w": "去", "sp": "Customer"}, {"p": 119, "c": 0.9, "s": 29810, "e": 30310, "w": "门店", "sp": "Customer"}, {"p": 120, "c": 0.9, "s": 29854, "e": 30452, "w": "大金", "sp": "Agent"}, {"p": 121, "c": 0.9, "s": 30310, "e": 30810, "w": "了解", "sp": "Customer"}, {"p": 122, "c": 0.9, "s": 30452, "e": 31050, "w": "门店", "sp": "Agent"}, {"p": 123, "c": 0.9, "s": 30810, "e": 31310, "w": "一下", "sp": "Customer"}, {"p": 124, "c": 0.9, "s": 31051, "e": 31350, "w": "对", "sp": "Agent"}, {"p": 125, "c": 0.9, "s": 31310, "e": 31560, "w": "对", "sp": "Customer"}, {"p": 126, "c": 0.9, "s": 31350, "e": 31650, "w": "吗", "sp": "Agent"}, {"p": 127, "c": 0.9, "s": 31560, "e": 31810, "w": "对", "sp": "Customer"}, {"p": 128, "c": 0.9, "s": 31810, "e": 32059, "w": "对", "sp": "Customer"}, {"p": 129, "c": 0.9, "s": 32060, "e": 32310, "w": "对", "sp": "Customer"}, {"p": 130, "c": 0.9, "s": 32310, "e": 32560, "w": "也", "sp": "Customer"}, {"p": 131, "c": 0.9, "s": 32430, "e": 32592, "w": "嗯", "sp": "Agent"}, {"p": 132, "c": 0.9, "s": 32560, "e": 32810, "w": "去", "sp": "Customer"}, {"p": 133, "c": 0.9, "s": 32592, "e": 32755, "w": "那", "sp": "Agent"}, {"p": 134, "c": 0.9, "s": 32756, "e": 32920, "w": "您", "sp": "Agent"}, {"p": 135, "c": 0.9, "s": 32810, "e": 33060, "w": "了", "sp": "Customer"}, {"p": 136, "c": 0.9, "s": 32920, "e": 33246, "w": "可以", "sp": "Agent"}, {"p": 137, "c": 0.9, "s": 33060, "e": 33310, "w": "啊", "sp": "Customer"}, {"p": 138, "c": 0.9, "s": 33246, "e": 33573, "w": "方便", "sp": "Agent"}, {"p": 139, "c": 0.9, "s": 33573, "e": 33900, "w": "告知", "sp": "Agent"}, {"p": 140, "c": 0.9, "s": 33900, "e": 34226, "w": "一下", "sp": "Agent"}, {"p": 141, "c": 0.9, "s": 34226, "e": 34390, "w": "他", "sp": "Agent"}, {"p": 142, "c": 0.9, "s": 34390, "e": 34552, "w": "的", "sp": "Agent"}, {"p": 143, "c": 0.9, "s": 34553, "e": 34880, "w": "门店", "sp": "Agent"}, {"p": 144, "c": 0.9, "s": 34880, "e": 35206, "w": "名称", "sp": "Agent"}, {"p": 145, "c": 0.9, "s": 35206, "e": 35533, "w": "这边", "sp": "Agent"}, {"p": 146, "c": 0.9, "s": 35533, "e": 35696, "w": "也", "sp": "Agent"}, {"p": 147, "c": 0.9, "s": 35696, "e": 36023, "w": "可以", "sp": "Agent"}, {"p": 148, "c": 0.9, "s": 36023, "e": 36185, "w": "帮", "sp": "Agent"}, {"p": 149, "c": 0.9, "s": 36186, "e": 36350, "w": "您", "sp": "Agent"}, {"p": 150, "c": 0.9, "s": 36350, "e": 36676, "w": "查询", "sp": "Agent"}, {"p": 151, "c": 0.9, "s": 36676, "e": 37003, "w": "一下", "sp": "Agent"}, {"p": 152, "c": 0.9, "s": 37003, "e": 37493, "w": "是否是", "sp": "Agent"}, {"p": 153, "c": 0.9, "s": 37493, "e": 37820, "w": "我们", "sp": "Agent"}, {"p": 154, "c": 0.9, "s": 37820, "e": 37982, "w": "的", "sp": "Agent"}, {"p": 155, "c": 0.9, "s": 37983, "e": 38310, "w": "授权", "sp": "Agent"}, {"p": 156, "c": 0.9, "s": 38310, "e": 38636, "w": "门店", "sp": "Agent"}, {"p": 157, "c": 0.9, "s": 38636, "e": 38800, "w": "呢", "sp": "Agent"}, {"p": 158, "c": 0.9, "s": 39520, "e": 39720, "w": "嗯", "sp": "Customer"}, {"p": 159, "c": 0.9, "s": 39720, "e": 39920, "w": "等", "sp": "Customer"}, {"p": 160, "c": 0.9, "s": 39920, "e": 40320, "w": "一下", "sp": "Customer"}, {"p": 161, "c": 0.9, "s": 40320, "e": 40520, "w": "我", "sp": "Customer"}, {"p": 162, "c": 0.9, "s": 40520, "e": 40720, "w": "看", "sp": "Customer"}, {"p": 163, "c": 0.9, "s": 40720, "e": 41120, "w": "一下", "sp": "Customer"}, {"p": 164, "c": 0.9, "s": 40910, "e": 41211, "w": "嗯", "sp": "Agent"}, {"p": 165, "c": 0.9, "s": 41120, "e": 41320, "w": "啊", "sp": "Customer"}, {"p": 166, "c": 0.9, "s": 41212, "e": 41514, "w": "好", "sp": "Agent"}, {"p": 167, "c": 0.9, "s": 41514, "e": 41816, "w": "的", "sp": "Agent"}, {"p": 168, "c": 0.9, "s": 41816, "e": 42118, "w": "好", "sp": "Agent"}, {"p": 169, "c": 0.9, "s": 42118, "e": 42420, "w": "的", "sp": "Agent"}, {"p": 170, "c": 0.9, "s": 54010, "e": 54400, "w": "啊", "sp": "Customer"}, {"p": 171, "c": 0.9, "s": 54401, "e": 55183, "w": "什么", "sp": "Customer"}, {"p": 172, "c": 0.9, "s": 55183, "e": 55966, "w": "智商", "sp": "Customer"}, {"p": 173, "c": 0.9, "s": 55966, "e": 56748, "w": "总店", "sp": "Customer"}, {"p": 174, "c": 0.9, "s": 56748, "e": 57140, "w": "嘛", "sp": "Customer"}, {"p": 175, "c": 0.9, "s": 57890, "e": 58188, "w": "哎", "sp": "Agent"}, {"p": 176, "c": 0.9, "s": 58030, "e": 59180, "w": "喂", "sp": "Customer"}, {"p": 177, "c": 0.9, "s": 58188, "e": 58785, "w": "你好", "sp": "Agent"}, {"p": 178, "c": 0.9, "s": 58785, "e": 59382, "w": "先生", "sp": "Agent"}, {"p": 179, "c": 0.9, "s": 59382, "e": 59980, "w": "你好", "sp": "Agent"}, {"p": 180, "c": 0.9, "s": 60750, "e": 61005, "w": "喂", "sp": "Customer"}, {"p": 181, "c": 0.9, "s": 61005, "e": 61515, "w": "你好", "sp": "Customer"}, {"p": 182, "c": 0.9, "s": 61310, "e": 61685, "w": "啊", "sp": "Agent"}, {"p": 183, "c": 0.9, "s": 61515, "e": 62024, "w": "就是", "sp": "Customer"}, {"p": 184, "c": 0.9, "s": 61685, "e": 62435, "w": "你好", "sp": "Agent"}, {"p": 185, "c": 0.9, "s": 62025, "e": 62280, "w": "我", "sp": "Customer"}, {"p": 186, "c": 0.9, "s": 62280, "e": 62789, "w": "之前", "sp": "Customer"}, {"p": 187, "c": 0.9, "s": 62435, "e": 62810, "w": "嗯", "sp": "Agent"}, {"p": 188, "c": 0.9, "s": 62790, "e": 63045, "w": "去", "sp": "Customer"}, {"p": 189, "c": 0.9, "s": 62810, "e": 63560, "w": "不要", "sp": "Agent"}, {"p": 190, "c": 0.9, "s": 63045, "e": 63300, "w": "过", "sp": "Customer"}, {"p": 191, "c": 0.9, "s": 63300, "e": 63809, "w": "什么", "sp": "Customer"}, {"p": 192, "c": 0.9, "s": 63810, "e": 64320, "w": "智商", "sp": "Customer"}, {"p": 193, "c": 0.9, "s": 64320, "e": 64830, "w": "总店", "sp": "Customer"}, {"p": 194, "c": 0.9, "s": 64420, "e": 64617, "w": "啊", "sp": "Agent"}, {"p": 195, "c": 0.9, "s": 64617, "e": 64815, "w": "好", "sp": "Agent"}, {"p": 196, "c": 0.9, "s": 64816, "e": 65014, "w": "的", "sp": "Agent"}, {"p": 197, "c": 0.9, "s": 64830, "e": 65085, "w": "嘛", "sp": "Customer"}, {"p": 198, "c": 0.9, "s": 65014, "e": 65211, "w": "啊", "sp": "Agent"}, {"p": 199, "c": 0.9, "s": 65085, "e": 65339, "w": "呃", "sp": "Customer"}, {"p": 200, "c": 0.9, "s": 65211, "e": 65409, "w": "好", "sp": "Agent"}, {"p": 201, "c": 0.9, "s": 65339, "e": 65594, "w": "去", "sp": "Customer"}, {"p": 202, "c": 0.9, "s": 65410, "e": 65608, "w": "的", "sp": "Agent"}, {"p": 203, "c": 0.9, "s": 65595, "e": 66105, "w": "了解", "sp": "Customer"}, {"p": 204, "c": 0.9, "s": 65608, "e": 66004, "w": "明白", "sp": "Agent"}, {"p": 205, "c": 0.9, "s": 66004, "e": 66201, "w": "了", "sp": "Agent"}, {"p": 206, "c": 0.9, "s": 66105, "e": 66615, "w": "一下", "sp": "Customer"}, {"p": 207, "c": 0.9, "s": 66202, "e": 66599, "w": "刚刚", "sp": "Agent"}, {"p": 208, "c": 0.9, "s": 66599, "e": 66995, "w": "看到", "sp": "Agent"}, {"p": 209, "c": 0.9, "s": 66615, "e": 66869, "w": "啊", "sp": "Customer"}, {"p": 210, "c": 0.9, "s": 66995, "e": 67193, "w": "您", "sp": "Agent"}, {"p": 211, "c": 0.9, "s": 67193, "e": 67589, "w": "这边", "sp": "Agent"}, {"p": 212, "c": 0.9, "s": 67589, "e": 67786, "w": "是", "sp": "Agent"}, {"p": 213, "c": 0.9, "s": 67787, "e": 67985, "w": "有", "sp": "Agent"}, {"p": 214, "c": 0.9, "s": 67985, "e": 68184, "w": "去", "sp": "Agent"}, {"p": 215, "c": 0.9, "s": 68184, "e": 68382, "w": "过", "sp": "Agent"}, {"p": 216, "c": 0.9, "s": 68382, "e": 68778, "w": "门店", "sp": "Agent"}, {"p": 217, "c": 0.9, "s": 68778, "e": 68976, "w": "是", "sp": "Agent"}, {"p": 218, "c": 0.9, "s": 68976, "e": 69173, "w": "吗", "sp": "Agent"}, {"p": 219, "c": 0.9, "s": 69174, "e": 69372, "w": "他", "sp": "Agent"}, {"p": 220, "c": 0.9, "s": 69372, "e": 69768, "w": "方便", "sp": "Agent"}, {"p": 221, "c": 0.9, "s": 69768, "e": 70165, "w": "告知", "sp": "Agent"}, {"p": 222, "c": 0.9, "s": 70165, "e": 70561, "w": "一下", "sp": "Agent"}, {"p": 223, "c": 0.9, "s": 70561, "e": 70758, "w": "是", "sp": "Agent"}, {"p": 224, "c": 0.9, "s": 70759, "e": 71155, "w": "哪个", "sp": "Agent"}, {"p": 225, "c": 0.9, "s": 71155, "e": 71551, "w": "门店", "sp": "Agent"}, {"p": 226, "c": 0.9, "s": 71551, "e": 71750, "w": "吗", "sp": "Agent"}, {"p": 227, "c": 0.9, "s": 71790, "e": 72455, "w": "浙江", "sp": "Customer"}, {"p": 228, "c": 0.9, "s": 72455, "e": 72788, "w": "总", "sp": "Customer"}, {"p": 229, "c": 0.9, "s": 72788, "e": 73454, "w": "浙江", "sp": "Customer"}, {"p": 230, "c": 0.9, "s": 73454, "e": 74120, "w": "总监", "sp": "Customer"}, {"p": 231, "c": 0.9, "s": 74140, "e": 75100, "w": "长沙市", "sp": "Agent"}, {"p": 232, "c": 0.9, "s": 75100, "e": 75420, "w": "的", "sp": "Agent"}, {"p": 233, "c": 0.9, "s": 75420, "e": 75740, "w": "是", "sp": "Agent"}, {"p": 234, "c": 0.9, "s": 75740, "e": 76060, "w": "吗", "sp": "Agent"}, {"p": 235, "c": 0.9, "s": 75780, "e": 76260, "w": "太", "sp": "Customer"}, {"p": 236, "c": 0.9, "s": 76260, "e": 76740, "w": "长", "sp": "Customer"}, {"p": 237, "c": 0.9, "s": 76740, "e": 77220, "w": "市", "sp": "Customer"}, {"p": 238, "c": 0.9, "s": 76820, "e": 77273, "w": "好", "sp": "Agent"}, {"p": 239, "c": 0.9, "s": 77273, "e": 77726, "w": "的", "sp": "Agent"}, {"p": 240, "c": 0.9, "s": 77726, "e": 78632, "w": "自相", "sp": "Agent"}, {"p": 241, "c": 0.9, "s": 77850, "e": 78810, "w": "嗯", "sp": "Customer"}, {"p": 242, "c": 0.9, "s": 78633, "e": 79540, "w": "总店", "sp": "Agent"}, {"p": 243, "c": 0.9, "s": 83320, "e": 83545, "w": "是", "sp": "Agent"}, {"p": 244, "c": 0.9, "s": 83545, "e": 83995, "w": "什么", "sp": "Agent"}, {"p": 245, "c": 0.9, "s": 83996, "e": 84221, "w": "字", "sp": "Agent"}, {"p": 246, "c": 0.9, "s": 84221, "e": 84447, "w": "呢", "sp": "Agent"}, {"p": 247, "c": 0.9, "s": 84447, "e": 84672, "w": "是", "sp": "Agent"}, {"p": 248, "c": 0.9, "s": 84672, "e": 85122, "w": "自己", "sp": "Agent"}, {"p": 249, "c": 0.9, "s": 85123, "e": 85349, "w": "的", "sp": "Agent"}, {"p": 250, "c": 0.9, "s": 85349, "e": 85574, "w": "字", "sp": "Agent"}, {"p": 251, "c": 0.9, "s": 85574, "e": 85799, "w": "吗", "sp": "Agent"}, {"p": 252, "c": 0.9, "s": 85630, "e": 86222, "w": "注意", "sp": "Customer"}, {"p": 253, "c": 0.9, "s": 86222, "e": 86518, "w": "的", "sp": "Customer"}, {"p": 254, "c": 0.9, "s": 86518, "e": 86813, "w": "注", "sp": "Customer"}, {"p": 255, "c": 0.9, "s": 86580, "e": 86836, "w": "哦", "sp": "Agent"}, {"p": 256, "c": 0.9, "s": 86814, "e": 87110, "w": "吧", "sp": "Customer"}, {"p": 257, "c": 0.9, "s": 86836, "e": 87350, "w": "职业", "sp": "Agent"}, {"p": 258, "c": 0.9, "s": 87350, "e": 87605, "w": "的", "sp": "Agent"}, {"p": 259, "c": 0.9, "s": 87606, "e": 87863, "w": "职", "sp": "Agent"}, {"p": 260, "c": 0.9, "s": 87863, "e": 88120, "w": "对", "sp": "Agent"}, {"p": 261, "c": 0.9, "s": 88120, "e": 88376, "w": "吧", "sp": "Agent"}, {"p": 262, "c": 0.9, "s": 88180, "e": 88815, "w": "对", "sp": "Customer"}, {"p": 263, "c": 0.9, "s": 88376, "e": 88890, "w": "职业", "sp": "Agent"}, {"p": 264, "c": 0.9, "s": 88815, "e": 89450, "w": "对", "sp": "Customer"}, {"p": 265, "c": 0.9, "s": 88890, "e": 89146, "w": "的", "sp": "Agent"}, {"p": 266, "c": 0.9, "s": 89146, "e": 89403, "w": "职", "sp": "Agent"}, {"p": 267, "c": 0.9, "s": 89403, "e": 89916, "w": "然后", "sp": "Agent"}, {"p": 268, "c": 0.9, "s": 89760, "e": 90730, "w": "嗯", "sp": "Customer"}, {"p": 269, "c": 0.9, "s": 89916, "e": 90173, "w": "乡", "sp": "Agent"}, {"p": 270, "c": 0.9, "s": 90173, "e": 90430, "w": "是", "sp": "Agent"}, {"p": 271, "c": 0.9, "s": 90430, "e": 90943, "w": "湖南", "sp": "Agent"}, {"p": 272, "c": 0.9, "s": 90943, "e": 91456, "w": "长沙", "sp": "Agent"}, {"p": 273, "c": 0.9, "s": 91456, "e": 91713, "w": "的", "sp": "Agent"}, {"p": 274, "c": 0.9, "s": 91713, "e": 91970, "w": "乡", "sp": "Agent"}, {"p": 275, "c": 0.9, "s": 91970, "e": 92226, "w": "对", "sp": "Agent"}, {"p": 276, "c": 0.9, "s": 92226, "e": 92483, "w": "吧", "sp": "Agent"}, {"p": 277, "c": 0.9, "s": 92483, "e": 92740, "w": "就", "sp": "Agent"}, {"p": 278, "c": 0.9, "s": 92740, "e": 93253, "w": "简称", "sp": "Agent"}, {"p": 279, "c": 0.9, "s": 92880, "e": 93250, "w": "啊", "sp": "Customer"}, {"p": 280, "c": 0.9, "s": 93250, "e": 93620, "w": "对", "sp": "Customer"}, {"p": 281, "c": 0.9, "s": 93253, "e": 93510, "w": "乡", "sp": "Agent"}, {"p": 282, "c": 0.9, "s": 93620, "e": 93990, "w": "对", "sp": "Customer"}, {"p": 283, "c": 0.9, "s": 93790, "e": 94590, "w": "智商", "sp": "Agent"}, {"p": 284, "c": 0.9, "s": 93990, "e": 94360, "w": "对", "sp": "Customer"}, {"p": 285, "c": 0.9, "s": 94590, "e": 94990, "w": "总", "sp": "Agent"}, {"p": 286, "c": 0.9, "s": 94990, "e": 95390, "w": "业", "sp": "Agent"}, {"p": 287, "c": 0.9, "s": 97250, "e": 97435, "w": "哦", "sp": "Agent"}, {"p": 288, "c": 0.9, "s": 97435, "e": 97619, "w": "他", "sp": "Agent"}, {"p": 289, "c": 0.9, "s": 97620, "e": 97805, "w": "是", "sp": "Agent"}, {"p": 290, "c": 0.9, "s": 97805, "e": 97990, "w": "有", "sp": "Agent"}, {"p": 291, "c": 0.9, "s": 97990, "e": 98174, "w": "给", "sp": "Agent"}, {"p": 292, "c": 0.9, "s": 98175, "e": 98360, "w": "您", "sp": "Agent"}, {"p": 293, "c": 0.9, "s": 98360, "e": 98545, "w": "出", "sp": "Agent"}, {"p": 294, "c": 0.9, "s": 98545, "e": 98729, "w": "过", "sp": "Agent"}, {"p": 295, "c": 0.9, "s": 98730, "e": 99100, "w": "方案", "sp": "Agent"}, {"p": 296, "c": 0.9, "s": 99100, "e": 99284, "w": "和", "sp": "Agent"}, {"p": 297, "c": 0.9, "s": 99285, "e": 99655, "w": "报价", "sp": "Agent"}, {"p": 298, "c": 0.9, "s": 99655, "e": 99840, "w": "吗", "sp": "Agent"}, {"p": 299, "c": 0.9, "s": 100090, "e": 100535, "w": "啊", "sp": "Customer"}, {"p": 300, "c": 0.9, "s": 100536, "e": 101430, "w": "出国", "sp": "Customer"}, {"p": 301, "c": 0.9, "s": 101240, "e": 101457, "w": "哦", "sp": "Agent"}, {"p": 302, "c": 0.9, "s": 101457, "e": 101675, "w": "有", "sp": "Agent"}, {"p": 303, "c": 0.9, "s": 101675, "e": 101893, "w": "出", "sp": "Agent"}, {"p": 304, "c": 0.9, "s": 101893, "e": 102111, "w": "过", "sp": "Agent"}, {"p": 305, "c": 0.9, "s": 102111, "e": 102329, "w": "是", "sp": "Agent"}, {"p": 306, "c": 0.9, "s": 102329, "e": 102547, "w": "吧", "sp": "Agent"}, {"p": 307, "c": 0.9, "s": 102460, "e": 102667, "w": "你", "sp": "Customer"}, {"p": 308, "c": 0.9, "s": 102547, "e": 102765, "w": "好", "sp": "Agent"}, {"p": 309, "c": 0.9, "s": 102667, "e": 102874, "w": "也", "sp": "Customer"}, {"p": 310, "c": 0.9, "s": 102765, "e": 102982, "w": "的", "sp": "Agent"}, {"p": 311, "c": 0.9, "s": 102874, "e": 103288, "w": "觉得", "sp": "Customer"}, {"p": 312, "c": 0.9, "s": 102982, "e": 103418, "w": "这边", "sp": "Agent"}, {"p": 313, "c": 0.9, "s": 103288, "e": 103495, "w": "跟", "sp": "Customer"}, {"p": 314, "c": 0.9, "s": 103418, "e": 103854, "w": "看到", "sp": "Agent"}, {"p": 315, "c": 0.9, "s": 103495, "e": 103702, "w": "我", "sp": "Customer"}, {"p": 316, "c": 0.9, "s": 103702, "e": 103909, "w": "的", "sp": "Customer"}, {"p": 317, "c": 0.9, "s": 103854, "e": 104072, "w": "话", "sp": "Agent"}, {"p": 318, "c": 0.9, "s": 103909, "e": 104116, "w": "跟", "sp": "Customer"}, {"p": 319, "c": 0.9, "s": 104072, "e": 104290, "w": "嗯", "sp": "Agent"}, {"p": 320, "c": 0.9, "s": 104116, "e": 104323, "w": "我", "sp": "Customer"}, {"p": 321, "c": 0.9, "s": 104323, "e": 104530, "w": "的", "sp": "Customer"}, {"p": 322, "c": 0.9, "s": 104530, "e": 104944, "w": "预算", "sp": "Customer"}, {"p": 323, "c": 0.9, "s": 104944, "e": 105358, "w": "还是", "sp": "Customer"}, {"p": 324, "c": 0.9, "s": 105358, "e": 105772, "w": "还是", "sp": "Customer"}, {"p": 325, "c": 0.9, "s": 105772, "e": 105979, "w": "超", "sp": "Customer"}, {"p": 326, "c": 0.9, "s": 105979, "e": 106186, "w": "了", "sp": "Customer"}, {"p": 327, "c": 0.9, "s": 106186, "e": 106394, "w": "蛮", "sp": "Customer"}, {"p": 328, "c": 0.9, "s": 106394, "e": 106601, "w": "贵", "sp": "Customer"}, {"p": 329, "c": 0.9, "s": 106601, "e": 106808, "w": "的", "sp": "Customer"}, {"p": 330, "c": 0.9, "s": 106808, "e": 107222, "w": "所以", "sp": "Customer"}, {"p": 331, "c": 0.9, "s": 107222, "e": 107636, "w": "之前", "sp": "Customer"}, {"p": 332, "c": 0.9, "s": 107320, "e": 108750, "w": "哦", "sp": "Agent"}, {"p": 333, "c": 0.9, "s": 107636, "e": 107843, "w": "不", "sp": "Customer"}, {"p": 334, "c": 0.9, "s": 107843, "e": 108050, "w": "也", "sp": "Customer"}, {"p": 335, "c": 0.9, "s": 108050, "e": 108257, "w": "是", "sp": "Customer"}, {"p": 336, "c": 0.9, "s": 108257, "e": 108671, "w": "参加", "sp": "Customer"}, {"p": 337, "c": 0.9, "s": 108671, "e": 109085, "w": "那个", "sp": "Customer"}, {"p": 338, "c": 0.9, "s": 109085, "e": 109499, "w": "直播", "sp": "Customer"}, {"p": 339, "c": 0.9, "s": 109499, "e": 109913, "w": "那个", "sp": "Customer"}, {"p": 340, "c": 0.9, "s": 109913, "e": 110328, "w": "活动", "sp": "Customer"}, {"p": 341, "c": 0.9, "s": 110060, "e": 111149, "w": "嗯", "sp": "Agent"}, {"p": 342, "c": 0.9, "s": 110328, "e": 110535, "w": "嘛", "sp": "Customer"}, {"p": 343, "c": 0.9, "s": 110535, "e": 110949, "w": "之前", "sp": "Customer"}, {"p": 344, "c": 0.9, "s": 110949, "e": 111363, "w": "本来", "sp": "Customer"}, {"p": 345, "c": 0.9, "s": 111363, "e": 111570, "w": "想", "sp": "Customer"}, {"p": 346, "c": 0.9, "s": 111570, "e": 111777, "w": "搞", "sp": "Customer"}, {"p": 347, "c": 0.9, "s": 111777, "e": 112191, "w": "一个", "sp": "Customer"}, {"p": 348, "c": 0.9, "s": 112191, "e": 112605, "w": "两千", "sp": "Customer"}, {"p": 349, "c": 0.9, "s": 112605, "e": 113019, "w": "块钱", "sp": "Customer"}, {"p": 350, "c": 0.9, "s": 113019, "e": 113433, "w": "什么", "sp": "Customer"}, {"p": 351, "c": 0.9, "s": 113190, "e": 113693, "w": "嗯", "sp": "Agent"}, {"p": 352, "c": 0.9, "s": 113433, "e": 113640, "w": "有", "sp": "Customer"}, {"p": 353, "c": 0.9, "s": 113640, "e": 113848, "w": "个", "sp": "Customer"}, {"p": 354, "c": 0.9, "s": 113693, "e": 114196, "w": "对", "sp": "Agent"}, {"p": 355, "c": 0.9, "s": 113848, "e": 114469, "w": "优惠券", "sp": "Customer"}, {"p": 356, "c": 0.9, "s": 114196, "e": 114700, "w": "对", "sp": "Agent"}, {"p": 357, "c": 0.9, "s": 114469, "e": 114676, "w": "嘛", "sp": "Customer"}, {"p": 358, "c": 0.9, "s": 114676, "e": 114883, "w": "还", "sp": "Customer"}, {"p": 359, "c": 0.9, "s": 114883, "e": 115090, "w": "搞", "sp": "Customer"}, {"p": 360, "c": 0.9, "s": 115090, "e": 115297, "w": "了", "sp": "Customer"}, {"p": 361, "c": 0.9, "s": 115297, "e": 115711, "w": "一个", "sp": "Customer"}, {"p": 362, "c": 0.9, "s": 115711, "e": 115918, "w": "啊", "sp": "Customer"}, {"p": 363, "c": 0.9, "s": 115918, "e": 116332, "w": "不是", "sp": "Customer"}, {"p": 364, "c": 0.9, "s": 116332, "e": 116746, "w": "就是", "sp": "Customer"}, {"p": 365, "c": 0.9, "s": 116746, "e": 117160, "w": "还有", "sp": "Customer"}, {"p": 366, "c": 0.9, "s": 117160, "e": 117575, "w": "一个", "sp": "Customer"}, {"p": 367, "c": 0.9, "s": 117575, "e": 117989, "w": "什么", "sp": "Customer"}, {"p": 368, "c": 0.9, "s": 117989, "e": 118403, "w": "进门", "sp": "Customer"}, {"p": 369, "c": 0.9, "s": 118403, "e": 118610, "w": "有", "sp": "Customer"}, {"p": 370, "c": 0.9, "s": 118610, "e": 118817, "w": "礼", "sp": "Customer"}, {"p": 371, "c": 0.9, "s": 118817, "e": 119231, "w": "还有", "sp": "Customer"}, {"p": 372, "c": 0.9, "s": 119231, "e": 119645, "w": "什么", "sp": "Customer"}, {"p": 373, "c": 0.9, "s": 119645, "e": 119852, "w": "呃", "sp": "Customer"}, {"p": 374, "c": 0.9, "s": 119852, "e": 120059, "w": "呃", "sp": "Customer"}, {"p": 375, "c": 0.9, "s": 120059, "e": 120473, "w": "天然", "sp": "Customer"}, {"p": 376, "c": 0.9, "s": 120140, "e": 120760, "w": "对", "sp": "Agent"}, {"p": 377, "c": 0.9, "s": 120473, "e": 120680, "w": "有", "sp": "Customer"}, {"p": 378, "c": 0.9, "s": 120680, "e": 120887, "w": "礼", "sp": "Customer"}, {"p": 379, "c": 0.9, "s": 120760, "e": 121380, "w": "啊", "sp": "Agent"}, {"p": 380, "c": 0.9, "s": 120887, "e": 121094, "w": "嘛", "sp": "Customer"}, {"p": 381, "c": 0.9, "s": 121094, "e": 121301, "w": "我", "sp": "Customer"}, {"p": 382, "c": 0.9, "s": 121301, "e": 121509, "w": "也", "sp": "Customer"}, {"p": 383, "c": 0.9, "s": 121509, "e": 121716, "w": "去", "sp": "Customer"}, {"p": 384, "c": 0.9, "s": 121716, "e": 121923, "w": "搞", "sp": "Customer"}, {"p": 385, "c": 0.9, "s": 121923, "e": 122337, "w": "一下", "sp": "Customer"}, {"p": 386, "c": 0.9, "s": 122337, "e": 122544, "w": "嘛", "sp": "Customer"}, {"p": 387, "c": 0.9, "s": 122544, "e": 122958, "w": "后面", "sp": "Customer"}, {"p": 388, "c": 0.9, "s": 122958, "e": 123165, "w": "他", "sp": "Customer"}, {"p": 389, "c": 0.9, "s": 123165, "e": 123372, "w": "做", "sp": "Customer"}, {"p": 390, "c": 0.9, "s": 123372, "e": 123579, "w": "了", "sp": "Customer"}, {"p": 391, "c": 0.9, "s": 123579, "e": 123993, "w": "预算", "sp": "Customer"}, {"p": 392, "c": 0.9, "s": 123993, "e": 124407, "w": "之后", "sp": "Customer"}, {"p": 393, "c": 0.9, "s": 124407, "e": 124821, "w": "感觉", "sp": "Customer"}, {"p": 394, "c": 0.9, "s": 124821, "e": 125028, "w": "做", "sp": "Customer"}, {"p": 395, "c": 0.9, "s": 125028, "e": 125236, "w": "了", "sp": "Customer"}, {"p": 396, "c": 0.9, "s": 125236, "e": 125650, "w": "一算", "sp": "Customer"}, {"p": 397, "c": 0.9, "s": 125650, "e": 126064, "w": "还是", "sp": "Customer"}, {"p": 398, "c": 0.9, "s": 126064, "e": 126271, "w": "差", "sp": "Customer"}, {"p": 399, "c": 0.9, "s": 126271, "e": 126478, "w": "的", "sp": "Customer"}, {"p": 400, "c": 0.9, "s": 126478, "e": 126685, "w": "多", "sp": "Customer"}, {"p": 401, "c": 0.9, "s": 126685, "e": 126892, "w": "了", "sp": "Customer"}, {"p": 402, "c": 0.9, "s": 126892, "e": 127099, "w": "一", "sp": "Customer"}, {"p": 403, "c": 0.9, "s": 127099, "e": 127513, "w": "两万", "sp": "Customer"}, {"p": 404, "c": 0.9, "s": 127513, "e": 127927, "w": "块钱", "sp": "Customer"}, {"p": 405, "c": 0.9, "s": 127927, "e": 128341, "w": "所以", "sp": "Customer"}, {"p": 406, "c": 0.9, "s": 128341, "e": 128548, "w": "就", "sp": "Customer"}, {"p": 407, "c": 0.9, "s": 128548, "e": 128963, "w": "后面", "sp": "Customer"}, {"p": 408, "c": 0.9, "s": 128963, "e": 129170, "w": "就", "sp": "Customer"}, {"p": 409, "c": 0.9, "s": 129170, "e": 129377, "w": "又", "sp": "Customer"}, {"p": 410, "c": 0.9, "s": 129377, "e": 129584, "w": "去", "sp": "Customer"}, {"p": 411, "c": 0.9, "s": 129584, "e": 129998, "w": "了解", "sp": "Customer"}, {"p": 412, "c": 0.9, "s": 129998, "e": 130412, "w": "其他", "sp": "Customer"}, {"p": 413, "c": 0.9, "s": 130390, "e": 130612, "w": "哦", "sp": "Agent"}, {"p": 414, "c": 0.9, "s": 130412, "e": 130619, "w": "的", "sp": "Customer"}, {"p": 415, "c": 0.9, "s": 130612, "e": 130835, "w": "好", "sp": "Agent"}, {"p": 416, "c": 0.9, "s": 130619, "e": 131033, "w": "看看", "sp": "Customer"}, {"p": 417, "c": 0.9, "s": 130835, "e": 131058, "w": "的", "sp": "Agent"}, {"p": 418, "c": 0.9, "s": 131033, "e": 131240, "w": "了", "sp": "Customer"}, {"p": 419, "c": 0.9, "s": 131058, "e": 131504, "w": "明白", "sp": "Agent"}, {"p": 420, "c": 0.9, "s": 131240, "e": 131654, "w": "相应", "sp": "Customer"}, {"p": 421, "c": 0.9, "s": 131504, "e": 131727, "w": "了", "sp": "Agent"}, {"p": 422, "c": 0.9, "s": 131654, "e": 131861, "w": "的", "sp": "Customer"}, {"p": 423, "c": 0.9, "s": 131727, "e": 131950, "w": "好", "sp": "Agent"}, {"p": 424, "c": 0.9, "s": 131861, "e": 132275, "w": "品牌", "sp": "Customer"}, {"p": 425, "c": 0.9, "s": 131950, "e": 132172, "w": "的", "sp": "Agent"}, {"p": 426, "c": 0.9, "s": 132172, "e": 132395, "w": "行", "sp": "Agent"}, {"p": 427, "c": 0.9, "s": 132275, "e": 132482, "w": "去", "sp": "Customer"}, {"p": 428, "c": 0.9, "s": 132395, "e": 132841, "w": "然后", "sp": "Agent"}, {"p": 429, "c": 0.9, "s": 132482, "e": 132689, "w": "了", "sp": "Customer"}, {"p": 430, "c": 0.9, "s": 132841, "e": 133287, "w": "看到", "sp": "Agent"}, {"p": 431, "c": 0.9, "s": 132970, "e": 133152, "w": "哎", "sp": "Customer"}, {"p": 432, "c": 0.9, "s": 133152, "e": 133334, "w": "你", "sp": "Customer"}, {"p": 433, "c": 0.9, "s": 133287, "e": 133510, "w": "您", "sp": "Agent"}, {"p": 434, "c": 0.9, "s": 133334, "e": 133516, "w": "我", "sp": "Customer"}, {"p": 435, "c": 0.9, "s": 133510, "e": 133955, "w": "这边", "sp": "Agent"}, {"p": 436, "c": 0.9, "s": 133516, "e": 133698, "w": "想", "sp": "Customer"}, {"p": 437, "c": 0.9, "s": 133698, "e": 133880, "w": "问", "sp": "Customer"}, {"p": 438, "c": 0.9, "s": 133880, "e": 134244, "w": "一下", "sp": "Customer"}, {"p": 439, "c": 0.9, "s": 133955, "e": 134401, "w": "再次", "sp": "Agent"}, {"p": 440, "c": 0.9, "s": 134244, "e": 134426, "w": "我", "sp": "Customer"}, {"p": 441, "c": 0.9, "s": 134401, "e": 134624, "w": "嗯", "sp": "Agent"}, {"p": 442, "c": 0.9, "s": 134426, "e": 134608, "w": "想", "sp": "Customer"}, {"p": 443, "c": 0.9, "s": 134608, "e": 134791, "w": "问", "sp": "Customer"}, {"p": 444, "c": 0.9, "s": 134624, "e": 134847, "w": "您", "sp": "Agent"}, {"p": 445, "c": 0.9, "s": 134791, "e": 134973, "w": "下", "sp": "Customer"}, {"p": 446, "c": 0.9, "s": 134847, "e": 135070, "w": "说", "sp": "Agent"}, {"p": 447, "c": 0.9, "s": 134973, "e": 135337, "w": "那个", "sp": "Customer"}, {"p": 448, "c": 0.9, "s": 135337, "e": 135701, "w": "参加", "sp": "Customer"}, {"p": 449, "c": 0.9, "s": 135701, "e": 136065, "w": "那个", "sp": "Customer"}, {"p": 450, "c": 0.9, "s": 136065, "e": 136430, "w": "直播", "sp": "Customer"}, {"p": 451, "c": 0.9, "s": 136430, "e": 136793, "w": "那个", "sp": "Customer"}, {"p": 452, "c": 0.9, "s": 136794, "e": 136976, "w": "订", "sp": "Customer"}, {"p": 453, "c": 0.9, "s": 136976, "e": 137158, "w": "的", "sp": "Customer"}, {"p": 454, "c": 0.9, "s": 137158, "e": 137522, "w": "那个", "sp": "Customer"}, {"p": 455, "c": 0.9, "s": 137522, "e": 137886, "w": "两千", "sp": "Customer"}, {"p": 456, "c": 0.9, "s": 137886, "e": 138251, "w": "块钱", "sp": "Customer"}, {"p": 457, "c": 0.9, "s": 138251, "e": 138615, "w": "预定", "sp": "Customer"}, {"p": 458, "c": 0.9, "s": 138615, "e": 138797, "w": "的", "sp": "Customer"}, {"p": 459, "c": 0.9, "s": 138797, "e": 138979, "w": "是", "sp": "Customer"}, {"p": 460, "c": 0.9, "s": 138979, "e": 139343, "w": "可以", "sp": "Customer"}, {"p": 461, "c": 0.9, "s": 139343, "e": 139525, "w": "退", "sp": "Customer"}, {"p": 462, "c": 0.9, "s": 139525, "e": 139707, "w": "的", "sp": "Customer"}, {"p": 463, "c": 0.9, "s": 139707, "e": 139890, "w": "吧", "sp": "Customer"}, {"p": 464, "c": 0.9, "s": 140030, "e": 140222, "w": "哦", "sp": "Agent"}, {"p": 465, "c": 0.9, "s": 140222, "e": 140414, "w": "您", "sp": "Agent"}, {"p": 466, "c": 0.9, "s": 140414, "e": 140606, "w": "是", "sp": "Agent"}, {"p": 467, "c": 0.9, "s": 140606, "e": 140799, "w": "在", "sp": "Agent"}, {"p": 468, "c": 0.9, "s": 140799, "e": 141183, "w": "直播", "sp": "Agent"}, {"p": 469, "c": 0.9, "s": 141183, "e": 141568, "w": "上面", "sp": "Agent"}, {"p": 470, "c": 0.9, "s": 141568, "e": 141760, "w": "的", "sp": "Agent"}, {"p": 471, "c": 0.9, "s": 141760, "e": 141952, "w": "是", "sp": "Agent"}, {"p": 472, "c": 0.9, "s": 141953, "e": 142145, "w": "是", "sp": "Agent"}, {"p": 473, "c": 0.9, "s": 142145, "e": 142530, "w": "通过", "sp": "Agent"}, {"p": 474, "c": 0.9, "s": 142530, "e": 142914, "w": "我们", "sp": "Agent"}, {"p": 475, "c": 0.9, "s": 142914, "e": 143299, "w": "大厅", "sp": "Agent"}, {"p": 476, "c": 0.9, "s": 143299, "e": 143683, "w": "空调", "sp": "Agent"}, {"p": 477, "c": 0.9, "s": 143683, "e": 143875, "w": "的", "sp": "Agent"}, {"p": 478, "c": 0.9, "s": 143876, "e": 144068, "w": "抖", "sp": "Agent"}, {"p": 479, "c": 0.9, "s": 144068, "e": 144260, "w": "音", "sp": "Agent"}, {"p": 480, "c": 0.9, "s": 144260, "e": 144644, "w": "直播", "sp": "Agent"}, {"p": 481, "c": 0.9, "s": 144645, "e": 144837, "w": "是", "sp": "Agent"}, {"p": 482, "c": 0.9, "s": 144760, "e": 144939, "w": "对", "sp": "Customer"}, {"p": 483, "c": 0.9, "s": 144837, "e": 145030, "w": "吗", "sp": "Agent"}, {"p": 484, "c": 0.9, "s": 144940, "e": 145120, "w": "对", "sp": "Customer"}, {"p": 485, "c": 0.9, "s": 145120, "e": 145301, "w": "对", "sp": "Customer"}, {"p": 486, "c": 0.9, "s": 145301, "e": 145480, "w": "有", "sp": "Customer"}, {"p": 487, "c": 0.9, "s": 145440, "e": 146700, "w": "啊", "sp": "Agent"}, {"p": 488, "c": 0.9, "s": 145481, "e": 145842, "w": "一个", "sp": "Customer"}, {"p": 489, "c": 0.9, "s": 145842, "e": 146202, "w": "直播", "sp": "Customer"}, {"p": 490, "c": 0.9, "s": 146203, "e": 146384, "w": "他", "sp": "Customer"}, {"p": 491, "c": 0.9, "s": 146384, "e": 146564, "w": "发", "sp": "Customer"}, {"p": 492, "c": 0.9, "s": 146564, "e": 146745, "w": "了", "sp": "Customer"}, {"p": 493, "c": 0.9, "s": 146745, "e": 147105, "w": "一个", "sp": "Customer"}, {"p": 494, "c": 0.9, "s": 147105, "e": 147465, "w": "平台", "sp": "Customer"}, {"p": 495, "c": 0.9, "s": 147466, "e": 147647, "w": "给", "sp": "Customer"}, {"p": 496, "c": 0.9, "s": 147647, "e": 147827, "w": "我", "sp": "Customer"}, {"p": 497, "c": 0.9, "s": 147827, "e": 148008, "w": "他", "sp": "Customer"}, {"p": 498, "c": 0.9, "s": 147900, "e": 148920, "w": "嗯", "sp": "Agent"}, {"p": 499, "c": 0.9, "s": 148008, "e": 148187, "w": "说", "sp": "Customer"}, {"p": 500, "c": 0.9, "s": 148188, "e": 148369, "w": "他", "sp": "Customer"}, {"p": 501, "c": 0.9, "s": 148369, "e": 148549, "w": "说", "sp": "Customer"}, {"p": 502, "c": 0.9, "s": 148549, "e": 148730, "w": "是", "sp": "Customer"}, {"p": 503, "c": 0.9, "s": 148730, "e": 149090, "w": "可以", "sp": "Customer"}, {"p": 504, "c": 0.9, "s": 149090, "e": 149271, "w": "退", "sp": "Customer"}, {"p": 505, "c": 0.9, "s": 149271, "e": 149450, "w": "的", "sp": "Customer"}, {"p": 506, "c": 0.9, "s": 149451, "e": 149632, "w": "钱", "sp": "Customer"}, {"p": 507, "c": 0.9, "s": 149632, "e": 149812, "w": "给", "sp": "Customer"}, {"p": 508, "c": 0.9, "s": 149812, "e": 149993, "w": "我", "sp": "Customer"}, {"p": 509, "c": 0.9, "s": 149993, "e": 150353, "w": "参加", "sp": "Customer"}, {"p": 510, "c": 0.9, "s": 150354, "e": 150715, "w": "所以", "sp": "Customer"}, {"p": 511, "c": 0.9, "s": 150715, "e": 150894, "w": "呃", "sp": "Customer"}, {"p": 512, "c": 0.9, "s": 150895, "e": 151075, "w": "我", "sp": "Customer"}, {"p": 513, "c": 0.9, "s": 151075, "e": 151256, "w": "就", "sp": "Customer"}, {"p": 514, "c": 0.9, "s": 151256, "e": 151435, "w": "他", "sp": "Customer"}, {"p": 515, "c": 0.9, "s": 151436, "e": 151617, "w": "就", "sp": "Customer"}, {"p": 516, "c": 0.9, "s": 151617, "e": 151978, "w": "直接", "sp": "Customer"}, {"p": 517, "c": 0.9, "s": 151978, "e": 152338, "w": "报名", "sp": "Customer"}, {"p": 518, "c": 0.9, "s": 152339, "e": 152519, "w": "了", "sp": "Customer"}, {"p": 519, "c": 0.9, "s": 152519, "e": 152700, "w": "嘛", "sp": "Customer"}, {"p": 520, "c": 0.9, "s": 152820, "e": 152988, "w": "哦", "sp": "Agent"}, {"p": 521, "c": 0.9, "s": 152988, "e": 153324, "w": "明白", "sp": "Agent"}, {"p": 522, "c": 0.9, "s": 153324, "e": 153493, "w": "了", "sp": "Agent"}, {"p": 523, "c": 0.9, "s": 153493, "e": 153661, "w": "您", "sp": "Agent"}, {"p": 524, "c": 0.9, "s": 153661, "e": 153997, "w": "这边", "sp": "Agent"}, {"p": 525, "c": 0.9, "s": 153997, "e": 154334, "w": "的话", "sp": "Agent"}, {"p": 526, "c": 0.9, "s": 154334, "e": 154502, "w": "是", "sp": "Agent"}, {"p": 527, "c": 0.9, "s": 154502, "e": 154670, "w": "有", "sp": "Agent"}, {"p": 528, "c": 0.9, "s": 154670, "e": 154839, "w": "另", "sp": "Agent"}, {"p": 529, "c": 0.9, "s": 154839, "e": 155175, "w": "一个", "sp": "Agent"}, {"p": 530, "c": 0.9, "s": 155175, "e": 155343, "w": "号", "sp": "Agent"}, {"p": 531, "c": 0.9, "s": 155343, "e": 155848, "w": "手机号", "sp": "Agent"}, {"p": 532, "c": 0.9, "s": 155848, "e": 156016, "w": "留", "sp": "Agent"}, {"p": 533, "c": 0.9, "s": 156016, "e": 156185, "w": "字", "sp": "Agent"}, {"p": 534, "c": 0.9, "s": 156185, "e": 156353, "w": "吗", "sp": "Agent"}, {"p": 535, "c": 0.9, "s": 156353, "e": 156689, "w": "留下", "sp": "Agent"}, {"p": 536, "c": 0.9, "s": 156689, "e": 157026, "w": "信息", "sp": "Agent"}, {"p": 537, "c": 0.9, "s": 157026, "e": 157194, "w": "吗", "sp": "Agent"}, {"p": 538, "c": 0.9, "s": 157194, "e": 157531, "w": "这边", "sp": "Agent"}, {"p": 539, "c": 0.9, "s": 157531, "e": 157867, "w": "确实", "sp": "Agent"}, {"p": 540, "c": 0.9, "s": 157867, "e": 158204, "w": "没有", "sp": "Agent"}, {"p": 541, "c": 0.9, "s": 158204, "e": 158540, "w": "看到", "sp": "Agent"}, {"p": 542, "c": 0.9, "s": 158540, "e": 158708, "w": "您", "sp": "Agent"}, {"p": 543, "c": 0.9, "s": 158708, "e": 159045, "w": "这边", "sp": "Agent"}, {"p": 544, "c": 0.9, "s": 159045, "e": 159213, "w": "的", "sp": "Agent"}, {"p": 545, "c": 0.9, "s": 159213, "e": 159550, "w": "信息", "sp": "Agent"}, {"p": 546, "c": 0.9, "s": 159570, "e": 159790, "w": "也", "sp": "Customer"}, {"p": 547, "c": 0.9, "s": 159790, "e": 160010, "w": "是", "sp": "Customer"}, {"p": 548, "c": 0.9, "s": 160011, "e": 160452, "w": "这个", "sp": "Customer"}, {"p": 549, "c": 0.9, "s": 160452, "e": 160672, "w": "幺", "sp": "Customer"}, {"p": 550, "c": 0.9, "s": 160672, "e": 161112, "w": "五八", "sp": "Customer"}, {"p": 551, "c": 0.9, "s": 161113, "e": 161334, "w": "的", "sp": "Customer"}, {"p": 552, "c": 0.9, "s": 161150, "e": 161459, "w": "幺", "sp": "Agent"}, {"p": 553, "c": 0.9, "s": 161334, "e": 161775, "w": "之前", "sp": "Customer"}, {"p": 554, "c": 0.9, "s": 161460, "e": 162080, "w": "五八", "sp": "Agent"}, {"p": 555, "c": 0.9, "s": 161775, "e": 162215, "w": "联系", "sp": "Customer"}, {"p": 556, "c": 0.9, "s": 162080, "e": 162390, "w": "的", "sp": "Agent"}, {"p": 557, "c": 0.9, "s": 162216, "e": 162437, "w": "也", "sp": "Customer"}, {"p": 558, "c": 0.9, "s": 162390, "e": 162700, "w": "幺", "sp": "Agent"}, {"p": 559, "c": 0.9, "s": 162437, "e": 162657, "w": "是", "sp": "Customer"}, {"p": 560, "c": 0.9, "s": 162657, "e": 163097, "w": "这个", "sp": "Customer"}, {"p": 561, "c": 0.9, "s": 162700, "e": 163319, "w": "九七", "sp": "Agent"}, {"p": 562, "c": 0.9, "s": 163098, "e": 163319, "w": "的", "sp": "Customer"}, {"p": 563, "c": 0.9, "s": 163319, "e": 163540, "w": "嗯", "sp": "Customer"}, {"p": 564, "c": 0.9, "s": 163320, "e": 163630, "w": "五", "sp": "Agent"}, {"p": 565, "c": 0.9, "s": 163630, "e": 163940, "w": "的", "sp": "Agent"}, {"p": 566, "c": 0.9, "s": 163940, "e": 164250, "w": "对", "sp": "Agent"}, {"p": 567, "c": 0.9, "s": 164250, "e": 164560, "w": "吗", "sp": "Agent"}, {"p": 568, "c": 0.9, "s": 164290, "e": 164558, "w": "对", "sp": "Customer"}, {"p": 569, "c": 0.9, "s": 164558, "e": 164827, "w": "幺", "sp": "Customer"}, {"p": 570, "c": 0.9, "s": 164827, "e": 165095, "w": "九", "sp": "Customer"}, {"p": 571, "c": 0.9, "s": 165095, "e": 165632, "w": "七五", "sp": "Customer"}, {"p": 572, "c": 0.9, "s": 165300, "e": 165450, "w": "啊", "sp": "Agent"}, {"p": 573, "c": 0.9, "s": 165450, "e": 165750, "w": "这边", "sp": "Agent"}, {"p": 574, "c": 0.9, "s": 165632, "e": 165901, "w": "的", "sp": "Customer"}, {"p": 575, "c": 0.9, "s": 165751, "e": 166052, "w": "的话", "sp": "Agent"}, {"p": 576, "c": 0.9, "s": 165901, "e": 166170, "w": "对", "sp": "Customer"}, {"p": 577, "c": 0.9, "s": 166052, "e": 166202, "w": "没", "sp": "Agent"}, {"p": 578, "c": 0.9, "s": 166202, "e": 166502, "w": "看到", "sp": "Agent"}, {"p": 579, "c": 0.9, "s": 166503, "e": 166654, "w": "您", "sp": "Agent"}, {"p": 580, "c": 0.9, "s": 166654, "e": 166955, "w": "这边", "sp": "Agent"}, {"p": 581, "c": 0.9, "s": 166955, "e": 167105, "w": "有", "sp": "Agent"}, {"p": 582, "c": 0.9, "s": 167105, "e": 167254, "w": "为", "sp": "Agent"}, {"p": 583, "c": 0.9, "s": 167255, "e": 167406, "w": "您", "sp": "Agent"}, {"p": 584, "c": 0.9, "s": 167406, "e": 167707, "w": "安排", "sp": "Agent"}, {"p": 585, "c": 0.9, "s": 167707, "e": 168008, "w": "当地", "sp": "Agent"}, {"p": 586, "c": 0.9, "s": 168008, "e": 168308, "w": "门店", "sp": "Agent"}, {"p": 587, "c": 0.9, "s": 168309, "e": 168459, "w": "啊", "sp": "Agent"}, {"p": 588, "c": 0.9, "s": 168459, "e": 168610, "w": "是", "sp": "Agent"}, {"p": 589, "c": 0.9, "s": 168610, "e": 168760, "w": "您", "sp": "Agent"}, {"p": 590, "c": 0.9, "s": 168760, "e": 169060, "w": "自己", "sp": "Agent"}, {"p": 591, "c": 0.9, "s": 169061, "e": 169211, "w": "去", "sp": "Agent"}, {"p": 592, "c": 0.9, "s": 169211, "e": 169362, "w": "找", "sp": "Agent"}, {"p": 593, "c": 0.9, "s": 169362, "e": 169512, "w": "的", "sp": "Agent"}, {"p": 594, "c": 0.9, "s": 169512, "e": 169663, "w": "吗", "sp": "Agent"}, {"p": 595, "c": 0.9, "s": 169663, "e": 169963, "w": "还是", "sp": "Agent"}, {"p": 596, "c": 0.9, "s": 169964, "e": 170265, "w": "我们", "sp": "Agent"}, {"p": 597, "c": 0.9, "s": 170265, "e": 170565, "w": "通过", "sp": "Agent"}, {"p": 598, "c": 0.9, "s": 170410, "e": 170870, "w": "那个", "sp": "Customer"}, {"p": 599, "c": 0.9, "s": 170565, "e": 170866, "w": "我们", "sp": "Agent"}, {"p": 600, "c": 0.9, "s": 170866, "e": 171167, "w": "平台", "sp": "Agent"}, {"p": 601, "c": 0.9, "s": 170870, "e": 171330, "w": "那边", "sp": "Customer"}, {"p": 602, "c": 0.9, "s": 171167, "e": 171318, "w": "帮", "sp": "Agent"}, {"p": 603, "c": 0.9, "s": 171318, "e": 171467, "w": "您", "sp": "Agent"}, {"p": 604, "c": 0.9, "s": 171330, "e": 171790, "w": "总店", "sp": "Customer"}, {"p": 605, "c": 0.9, "s": 171468, "e": 171769, "w": "分配", "sp": "Agent"}, {"p": 606, "c": 0.9, "s": 171769, "e": 171920, "w": "的", "sp": "Agent"}, {"p": 607, "c": 0.9, "s": 171790, "e": 172250, "w": "那边", "sp": "Customer"}, {"p": 608, "c": 0.9, "s": 172250, "e": 172710, "w": "联系", "sp": "Customer"}, {"p": 609, "c": 0.9, "s": 172710, "e": 172940, "w": "我", "sp": "Customer"}, {"p": 610, "c": 0.9, "s": 172940, "e": 173170, "w": "的", "sp": "Customer"}, {"p": 611, "c": 0.9, "s": 172980, "e": 173166, "w": "哦", "sp": "Agent"}, {"p": 612, "c": 0.9, "s": 173166, "e": 173352, "w": "他", "sp": "Agent"}, {"p": 613, "c": 0.9, "s": 173352, "e": 173538, "w": "是", "sp": "Agent"}, {"p": 614, "c": 0.9, "s": 173538, "e": 173724, "w": "跟", "sp": "Agent"}, {"p": 615, "c": 0.9, "s": 173724, "e": 174097, "w": "联系", "sp": "Agent"}, {"p": 616, "c": 0.9, "s": 174097, "e": 174283, "w": "您", "sp": "Agent"}, {"p": 617, "c": 0.9, "s": 174283, "e": 174841, "w": "手机号", "sp": "Agent"}, {"p": 618, "c": 0.9, "s": 174841, "e": 175027, "w": "的", "sp": "Agent"}, {"p": 619, "c": 0.9, "s": 175027, "e": 175213, "w": "对", "sp": "Agent"}, {"p": 620, "c": 0.9, "s": 175214, "e": 175400, "w": "吧", "sp": "Agent"}, {"p": 621, "c": 0.9, "s": 175400, "e": 175586, "w": "哦", "sp": "Agent"}, {"p": 622, "c": 0.9, "s": 175586, "e": 175958, "w": "这边", "sp": "Agent"}, {"p": 623, "c": 0.9, "s": 175710, "e": 176123, "w": "对", "sp": "Customer"}, {"p": 624, "c": 0.9, "s": 175958, "e": 176144, "w": "哦", "sp": "Agent"}, {"p": 625, "c": 0.9, "s": 176123, "e": 176536, "w": "对", "sp": "Customer"}, {"p": 626, "c": 0.9, "s": 176144, "e": 176517, "w": "确实", "sp": "Agent"}, {"p": 627, "c": 0.9, "s": 176517, "e": 176703, "w": "没", "sp": "Agent"}, {"p": 628, "c": 0.9, "s": 176536, "e": 176950, "w": "对", "sp": "Customer"}, {"p": 629, "c": 0.9, "s": 176703, "e": 177075, "w": "看到", "sp": "Agent"}, {"p": 630, "c": 0.9, "s": 177075, "e": 177261, "w": "您", "sp": "Agent"}, {"p": 631, "c": 0.9, "s": 177261, "e": 177448, "w": "的", "sp": "Agent"}, {"p": 632, "c": 0.9, "s": 177448, "e": 177819, "w": "信息", "sp": "Agent"}, {"p": 633, "c": 0.9, "s": 177820, "e": 178006, "w": "您", "sp": "Agent"}, {"p": 634, "c": 0.9, "s": 178006, "e": 178377, "w": "这边", "sp": "Agent"}, {"p": 635, "c": 0.9, "s": 178378, "e": 178565, "w": "是", "sp": "Agent"}, {"p": 636, "c": 0.9, "s": 178565, "e": 178751, "w": "您", "sp": "Agent"}, {"p": 637, "c": 0.9, "s": 178751, "e": 179123, "w": "家人", "sp": "Agent"}, {"p": 638, "c": 0.9, "s": 179123, "e": 179309, "w": "的", "sp": "Agent"}, {"p": 639, "c": 0.9, "s": 179309, "e": 179682, "w": "朋友", "sp": "Agent"}, {"p": 640, "c": 0.9, "s": 179682, "e": 180054, "w": "或者", "sp": "Agent"}, {"p": 641, "c": 0.9, "s": 180054, "e": 180426, "w": "哪个", "sp": "Agent"}, {"p": 642, "c": 0.9, "s": 180426, "e": 180985, "w": "手机号", "sp": "Agent"}, {"p": 643, "c": 0.9, "s": 180985, "e": 181171, "w": "有", "sp": "Agent"}, {"p": 644, "c": 0.9, "s": 181171, "e": 181357, "w": "留", "sp": "Agent"}, {"p": 645, "c": 0.9, "s": 181357, "e": 181543, "w": "字", "sp": "Agent"}, {"p": 646, "c": 0.9, "s": 181543, "e": 181730, "w": "吗", "sp": "Agent"}, {"p": 647, "c": 0.9, "s": 182720, "e": 183038, "w": "应该", "sp": "Customer"}, {"p": 648, "c": 0.9, "s": 183038, "e": 183357, "w": "没有", "sp": "Customer"}, {"p": 649, "c": 0.9, "s": 183357, "e": 183517, "w": "吧", "sp": "Customer"}, {"p": 650, "c": 0.9, "s": 183517, "e": 183836, "w": "只有", "sp": "Customer"}, {"p": 651, "c": 0.9, "s": 183750, "e": 185220, "w": "哦", "sp": "Agent"}, {"p": 652, "c": 0.9, "s": 183836, "e": 183995, "w": "我", "sp": "Customer"}, {"p": 653, "c": 0.9, "s": 183995, "e": 184155, "w": "的", "sp": "Customer"}, {"p": 654, "c": 0.9, "s": 184155, "e": 184474, "w": "自己", "sp": "Customer"}, {"p": 655, "c": 0.9, "s": 184474, "e": 184633, "w": "的", "sp": "Customer"}, {"p": 656, "c": 0.9, "s": 184633, "e": 184952, "w": "扫描", "sp": "Customer"}, {"p": 657, "c": 0.9, "s": 184952, "e": 185112, "w": "的", "sp": "Customer"}, {"p": 658, "c": 0.9, "s": 185112, "e": 185431, "w": "注册", "sp": "Customer"}, {"p": 659, "c": 0.9, "s": 185431, "e": 185590, "w": "的", "sp": "Customer"}, {"p": 660, "c": 0.9, "s": 185590, "e": 185750, "w": "吧", "sp": "Customer"}, {"p": 661, "c": 0.9, "s": 185720, "e": 185866, "w": "哦", "sp": "Agent"}, {"p": 662, "c": 0.9, "s": 185866, "e": 186013, "w": "好", "sp": "Agent"}, {"p": 663, "c": 0.9, "s": 186013, "e": 186160, "w": "的", "sp": "Agent"}, {"p": 664, "c": 0.9, "s": 186160, "e": 186454, "w": "明白", "sp": "Agent"}, {"p": 665, "c": 0.9, "s": 186454, "e": 186601, "w": "了", "sp": "Agent"}, {"p": 666, "c": 0.9, "s": 186601, "e": 186748, "w": "行", "sp": "Agent"}, {"p": 667, "c": 0.9, "s": 186748, "e": 187042, "w": "因为", "sp": "Agent"}, {"p": 668, "c": 0.9, "s": 187042, "e": 187189, "w": "您", "sp": "Agent"}, {"p": 669, "c": 0.9, "s": 187189, "e": 187483, "w": "这边", "sp": "Agent"}, {"p": 670, "c": 0.9, "s": 187483, "e": 187777, "w": "的话", "sp": "Agent"}, {"p": 671, "c": 0.9, "s": 187777, "e": 187924, "w": "确", "sp": "Agent"}, {"p": 672, "c": 0.9, "s": 187924, "e": 188218, "w": "实是", "sp": "Agent"}, {"p": 673, "c": 0.9, "s": 188218, "e": 188512, "w": "我们", "sp": "Agent"}, {"p": 674, "c": 0.9, "s": 188512, "e": 188806, "w": "正规", "sp": "Agent"}, {"p": 675, "c": 0.9, "s": 188806, "e": 189100, "w": "授权", "sp": "Agent"}, {"p": 676, "c": 0.9, "s": 189100, "e": 189247, "w": "的", "sp": "Agent"}, {"p": 677, "c": 0.9, "s": 189247, "e": 189541, "w": "门店", "sp": "Agent"}, {"p": 678, "c": 0.9, "s": 189541, "e": 189688, "w": "您", "sp": "Agent"}, {"p": 679, "c": 0.9, "s": 189688, "e": 189981, "w": "可以", "sp": "Agent"}, {"p": 680, "c": 0.9, "s": 189981, "e": 190275, "w": "放心", "sp": "Agent"}, {"p": 681, "c": 0.9, "s": 190275, "e": 190569, "w": "购买", "sp": "Agent"}, {"p": 682, "c": 0.9, "s": 190569, "e": 190716, "w": "呃", "sp": "Agent"}, {"p": 683, "c": 0.9, "s": 190716, "e": 190863, "w": "您", "sp": "Agent"}, {"p": 684, "c": 0.9, "s": 190863, "e": 191157, "w": "这边", "sp": "Agent"}, {"p": 685, "c": 0.9, "s": 191157, "e": 191451, "w": "的话", "sp": "Agent"}, {"p": 686, "c": 0.9, "s": 191451, "e": 191745, "w": "还有", "sp": "Agent"}, {"p": 687, "c": 0.9, "s": 191745, "e": 192039, "w": "什么", "sp": "Agent"}, {"p": 688, "c": 0.9, "s": 192039, "e": 192333, "w": "其他", "sp": "Agent"}, {"p": 689, "c": 0.9, "s": 192333, "e": 192627, "w": "需要", "sp": "Agent"}, {"p": 690, "c": 0.9, "s": 192627, "e": 192921, "w": "我们", "sp": "Agent"}, {"p": 691, "c": 0.9, "s": 192921, "e": 193215, "w": "咨询", "sp": "Agent"}, {"p": 692, "c": 0.9, "s": 193215, "e": 193362, "w": "和", "sp": "Agent"}, {"p": 693, "c": 0.9, "s": 193362, "e": 193656, "w": "帮助", "sp": "Agent"}, {"p": 694, "c": 0.9, "s": 193656, "e": 193803, "w": "的", "sp": "Agent"}, {"p": 695, "c": 0.9, "s": 193803, "e": 193950, "w": "吗", "sp": "Agent"}, {"p": 696, "c": 0.9, "s": 193980, "e": 194333, "w": "没有", "sp": "Customer"}, {"p": 697, "c": 0.9, "s": 194333, "e": 194510, "w": "啊", "sp": "Customer"}, {"p": 698, "c": 0.9, "s": 194510, "e": 194685, "w": "我", "sp": "Customer"}, {"p": 699, "c": 0.9, "s": 194686, "e": 195040, "w": "就是", "sp": "Customer"}, {"p": 700, "c": 0.9, "s": 194820, "e": 195950, "w": "啊", "sp": "Agent"}, {"p": 701, "c": 0.9, "s": 195040, "e": 195392, "w": "一直", "sp": "Customer"}, {"p": 702, "c": 0.9, "s": 195393, "e": 195570, "w": "在", "sp": "Customer"}, {"p": 703, "c": 0.9, "s": 195570, "e": 195924, "w": "这边", "sp": "Customer"}, {"p": 704, "c": 0.9, "s": 195924, "e": 196277, "w": "就是", "sp": "Customer"}, {"p": 705, "c": 0.9, "s": 196277, "e": 196454, "w": "我", "sp": "Customer"}, {"p": 706, "c": 0.9, "s": 196454, "e": 196806, "w": "之前", "sp": "Customer"}, {"p": 707, "c": 0.9, "s": 196807, "e": 197161, "w": "那个", "sp": "Customer"}, {"p": 708, "c": 0.9, "s": 197161, "e": 197338, "w": "交", "sp": "Customer"}, {"p": 709, "c": 0.9, "s": 197338, "e": 197514, "w": "了", "sp": "Customer"}, {"p": 710, "c": 0.9, "s": 197514, "e": 197868, "w": "两千", "sp": "Customer"}, {"p": 711, "c": 0.9, "s": 197760, "e": 198515, "w": "啊", "sp": "Agent"}, {"p": 712, "c": 0.9, "s": 197868, "e": 198221, "w": "块钱", "sp": "Customer"}, {"p": 713, "c": 0.9, "s": 198221, "e": 198575, "w": "这个", "sp": "Customer"}, {"p": 714, "c": 0.9, "s": 198516, "e": 199273, "w": "啊", "sp": "Agent"}, {"p": 715, "c": 0.9, "s": 198575, "e": 198928, "w": "定金", "sp": "Customer"}, {"p": 716, "c": 0.9, "s": 198928, "e": 199105, "w": "嘛", "sp": "Customer"}, {"p": 717, "c": 0.9, "s": 199105, "e": 199458, "w": "不是", "sp": "Customer"}, {"p": 718, "c": 0.9, "s": 199273, "e": 200030, "w": "对", "sp": "Agent"}, {"p": 719, "c": 0.9, "s": 199458, "e": 199812, "w": "开始", "sp": "Customer"}, {"p": 720, "c": 0.9, "s": 199812, "e": 199989, "w": "想", "sp": "Customer"}, {"p": 721, "c": 0.9, "s": 199989, "e": 200165, "w": "买", "sp": "Customer"}, {"p": 722, "c": 0.9, "s": 200165, "e": 200342, "w": "嘛", "sp": "Customer"}, {"p": 723, "c": 0.9, "s": 200342, "e": 200696, "w": "后面", "sp": "Customer"}, {"p": 724, "c": 0.9, "s": 200696, "e": 200872, "w": "说", "sp": "Customer"}, {"p": 725, "c": 0.9, "s": 200872, "e": 201226, "w": "后面", "sp": "Customer"}, {"p": 726, "c": 0.9, "s": 201226, "e": 201403, "w": "说", "sp": "Customer"}, {"p": 727, "c": 0.9, "s": 201403, "e": 201756, "w": "因为", "sp": "Customer"}, {"p": 728, "c": 0.9, "s": 201756, "e": 202110, "w": "价格", "sp": "Customer"}, {"p": 729, "c": 0.9, "s": 202110, "e": 202463, "w": "实在", "sp": "Customer"}, {"p": 730, "c": 0.9, "s": 202463, "e": 202816, "w": "超出", "sp": "Customer"}, {"p": 731, "c": 0.9, "s": 202816, "e": 202993, "w": "我", "sp": "Customer"}, {"p": 732, "c": 0.9, "s": 202993, "e": 203347, "w": "直接", "sp": "Customer"}, {"p": 733, "c": 0.9, "s": 203347, "e": 203523, "w": "超", "sp": "Customer"}, {"p": 734, "c": 0.9, "s": 203523, "e": 203700, "w": "了", "sp": "Customer"}, {"p": 735, "c": 0.9, "s": 203680, "e": 204650, "w": "啊", "sp": "Agent"}, {"p": 736, "c": 0.9, "s": 203700, "e": 204054, "w": "两三", "sp": "Customer"}, {"p": 737, "c": 0.9, "s": 204054, "e": 204230, "w": "万", "sp": "Customer"}, {"p": 738, "c": 0.9, "s": 204230, "e": 204407, "w": "跟", "sp": "Customer"}, {"p": 739, "c": 0.9, "s": 204407, "e": 204584, "w": "我", "sp": "Customer"}, {"p": 740, "c": 0.9, "s": 204584, "e": 204937, "w": "整体", "sp": "Customer"}, {"p": 741, "c": 0.9, "s": 204930, "e": 205183, "w": "好", "sp": "Agent"}, {"p": 742, "c": 0.9, "s": 204937, "e": 205291, "w": "装修", "sp": "Customer"}, {"p": 743, "c": 0.9, "s": 205183, "e": 205436, "w": "的", "sp": "Agent"}, {"p": 744, "c": 0.9, "s": 205291, "e": 205468, "w": "嘛", "sp": "Customer"}, {"p": 745, "c": 0.9, "s": 205436, "e": 205690, "w": "我", "sp": "Agent"}, {"p": 746, "c": 0.9, "s": 205468, "e": 205821, "w": "病人", "sp": "Customer"}, {"p": 747, "c": 0.9, "s": 205690, "e": 206196, "w": "明白", "sp": "Agent"}, {"p": 748, "c": 0.9, "s": 205821, "e": 206175, "w": "还是", "sp": "Customer"}, {"p": 749, "c": 0.9, "s": 206175, "e": 206351, "w": "超", "sp": "Customer"}, {"p": 750, "c": 0.9, "s": 206196, "e": 206450, "w": "了", "sp": "Agent"}, {"p": 751, "c": 0.9, "s": 206351, "e": 206528, "w": "了", "sp": "Customer"}, {"p": 752, "c": 0.9, "s": 206528, "e": 206705, "w": "蛮", "sp": "Customer"}, {"p": 753, "c": 0.9, "s": 206705, "e": 206881, "w": "多", "sp": "Customer"}, {"p": 754, "c": 0.9, "s": 206881, "e": 207058, "w": "的", "sp": "Customer"}, {"p": 755, "c": 0.9, "s": 207058, "e": 207412, "w": "所以", "sp": "Customer"}, {"p": 756, "c": 0.9, "s": 207412, "e": 207588, "w": "我", "sp": "Customer"}, {"p": 757, "c": 0.9, "s": 207580, "e": 208520, "w": "嗯", "sp": "Agent"}, {"p": 758, "c": 0.9, "s": 207588, "e": 207765, "w": "在", "sp": "Customer"}, {"p": 759, "c": 0.9, "s": 207765, "e": 207942, "w": "想", "sp": "Customer"}, {"p": 760, "c": 0.9, "s": 207942, "e": 208295, "w": "这个", "sp": "Customer"}, {"p": 761, "c": 0.9, "s": 208295, "e": 208472, "w": "是", "sp": "Customer"}, {"p": 762, "c": 0.9, "s": 208472, "e": 208649, "w": "他", "sp": "Customer"}, {"p": 763, "c": 0.9, "s": 208649, "e": 209002, "w": "之前", "sp": "Customer"}, {"p": 764, "c": 0.9, "s": 209002, "e": 209179, "w": "说", "sp": "Customer"}, {"p": 765, "c": 0.9, "s": 209179, "e": 209356, "w": "是", "sp": "Customer"}, {"p": 766, "c": 0.9, "s": 209356, "e": 209709, "w": "可以", "sp": "Customer"}, {"p": 767, "c": 0.9, "s": 209550, "e": 209711, "w": "嗯", "sp": "Agent"}, {"p": 768, "c": 0.9, "s": 209709, "e": 209886, "w": "退", "sp": "Customer"}, {"p": 769, "c": 0.9, "s": 209711, "e": 209873, "w": "他", "sp": "Agent"}, {"p": 770, "c": 0.9, "s": 209873, "e": 210197, "w": "既然", "sp": "Agent"}, {"p": 771, "c": 0.9, "s": 209886, "e": 210063, "w": "的", "sp": "Customer"}, {"p": 772, "c": 0.9, "s": 210063, "e": 210240, "w": "嘛", "sp": "Customer"}, {"p": 773, "c": 0.9, "s": 210197, "e": 210359, "w": "说", "sp": "Agent"}, {"p": 774, "c": 0.9, "s": 210359, "e": 210683, "w": "的话", "sp": "Agent"}, {"p": 775, "c": 0.9, "s": 210683, "e": 210844, "w": "应", "sp": "Agent"}, {"p": 776, "c": 0.9, "s": 210844, "e": 211168, "w": "该是", "sp": "Agent"}, {"p": 777, "c": 0.9, "s": 211168, "e": 211492, "w": "可以", "sp": "Agent"}, {"p": 778, "c": 0.9, "s": 211492, "e": 211654, "w": "的", "sp": "Agent"}, {"p": 779, "c": 0.9, "s": 211654, "e": 211816, "w": "您", "sp": "Agent"}, {"p": 780, "c": 0.9, "s": 211816, "e": 212139, "w": "可以", "sp": "Agent"}, {"p": 781, "c": 0.9, "s": 212139, "e": 212625, "w": "到时候", "sp": "Agent"}, {"p": 782, "c": 0.9, "s": 212625, "e": 212787, "w": "您", "sp": "Agent"}, {"p": 783, "c": 0.9, "s": 212787, "e": 213110, "w": "这边", "sp": "Agent"}, {"p": 784, "c": 0.9, "s": 213110, "e": 213434, "w": "的话", "sp": "Agent"}, {"p": 785, "c": 0.9, "s": 213434, "e": 213758, "w": "直接", "sp": "Agent"}, {"p": 786, "c": 0.9, "s": 213758, "e": 214082, "w": "支付", "sp": "Agent"}, {"p": 787, "c": 0.9, "s": 214082, "e": 214567, "w": "信用卡", "sp": "Agent"}, {"p": 788, "c": 0.9, "s": 214567, "e": 214891, "w": "或者", "sp": "Agent"}, {"p": 789, "c": 0.9, "s": 214891, "e": 215053, "w": "您", "sp": "Agent"}, {"p": 790, "c": 0.9, "s": 215053, "e": 215375, "w": "直接", "sp": "Agent"}, {"p": 791, "c": 0.9, "s": 215376, "e": 215700, "w": "退款", "sp": "Agent"}, {"p": 792, "c": 0.9, "s": 215700, "e": 215862, "w": "也", "sp": "Agent"}, {"p": 793, "c": 0.9, "s": 215862, "e": 216024, "w": "是", "sp": "Agent"}, {"p": 794, "c": 0.9, "s": 216024, "e": 216348, "w": "可以", "sp": "Agent"}, {"p": 795, "c": 0.9, "s": 216348, "e": 216510, "w": "的", "sp": "Agent"}, {"p": 796, "c": 0.9, "s": 216700, "e": 217097, "w": "因为", "sp": "Customer"}, {"p": 797, "c": 0.9, "s": 217098, "e": 217497, "w": "那个", "sp": "Customer"}, {"p": 798, "c": 0.9, "s": 217497, "e": 217696, "w": "是", "sp": "Customer"}, {"p": 799, "c": 0.9, "s": 217696, "e": 217895, "w": "在", "sp": "Customer"}, {"p": 800, "c": 0.9, "s": 217895, "e": 218095, "w": "你", "sp": "Customer"}, {"p": 801, "c": 0.9, "s": 218095, "e": 218294, "w": "的", "sp": "Customer"}, {"p": 802, "c": 0.9, "s": 218294, "e": 218693, "w": "大厅", "sp": "Customer"}, {"p": 803, "c": 0.9, "s": 218693, "e": 219090, "w": "不是", "sp": "Customer"}, {"p": 804, "c": 0.9, "s": 219091, "e": 219291, "w": "有", "sp": "Customer"}, {"p": 805, "c": 0.9, "s": 219291, "e": 219689, "w": "一个", "sp": "Customer"}, {"p": 806, "c": 0.9, "s": 219689, "e": 220088, "w": "搞活", "sp": "Customer"}, {"p": 807, "c": 0.9, "s": 220088, "e": 220287, "w": "动", "sp": "Customer"}, {"p": 808, "c": 0.9, "s": 220287, "e": 220486, "w": "嘛", "sp": "Customer"}, {"p": 809, "c": 0.9, "s": 220486, "e": 220885, "w": "那个", "sp": "Customer"}, {"p": 810, "c": 0.9, "s": 220885, "e": 221284, "w": "直播", "sp": "Customer"}, {"p": 811, "c": 0.9, "s": 221284, "e": 221483, "w": "的", "sp": "Customer"}, {"p": 812, "c": 0.9, "s": 221483, "e": 221882, "w": "上面", "sp": "Customer"}, {"p": 813, "c": 0.9, "s": 221882, "e": 222081, "w": "搞", "sp": "Customer"}, {"p": 814, "c": 0.9, "s": 222081, "e": 222280, "w": "的", "sp": "Customer"}, {"p": 815, "c": 0.9, "s": 222220, "e": 222460, "w": "啊", "sp": "Agent"}, {"p": 816, "c": 0.9, "s": 222280, "e": 222480, "w": "嘛", "sp": "Customer"}, {"p": 817, "c": 0.9, "s": 222460, "e": 222701, "w": "啊", "sp": "Agent"}, {"p": 818, "c": 0.9, "s": 222701, "e": 222942, "w": "是", "sp": "Agent"}, {"p": 819, "c": 0.9, "s": 222760, "e": 222950, "w": "他", "sp": "Customer"}, {"p": 820, "c": 0.9, "s": 222942, "e": 223183, "w": "应", "sp": "Agent"}, {"p": 821, "c": 0.9, "s": 222951, "e": 223142, "w": "说", "sp": "Customer"}, {"p": 822, "c": 0.9, "s": 223142, "e": 223333, "w": "你", "sp": "Customer"}, {"p": 823, "c": 0.9, "s": 223183, "e": 223665, "w": "该是", "sp": "Agent"}, {"p": 824, "c": 0.9, "s": 223333, "e": 223523, "w": "是", "sp": "Customer"}, {"p": 825, "c": 0.9, "s": 223524, "e": 223906, "w": "直接", "sp": "Customer"}, {"p": 826, "c": 0.9, "s": 223665, "e": 223905, "w": "呃", "sp": "Agent"}, {"p": 827, "c": 0.9, "s": 223905, "e": 224146, "w": "抖", "sp": "Agent"}, {"p": 828, "c": 0.9, "s": 223906, "e": 224097, "w": "他", "sp": "Customer"}, {"p": 829, "c": 0.9, "s": 224097, "e": 224288, "w": "说", "sp": "Customer"}, {"p": 830, "c": 0.9, "s": 224146, "e": 224387, "w": "音", "sp": "Agent"}, {"p": 831, "c": 0.9, "s": 224288, "e": 224478, "w": "你", "sp": "Customer"}, {"p": 832, "c": 0.9, "s": 224387, "e": 224868, "w": "直播", "sp": "Agent"}, {"p": 833, "c": 0.9, "s": 224479, "e": 224861, "w": "直接", "sp": "Customer"}, {"p": 834, "c": 0.9, "s": 224861, "e": 225243, "w": "在线", "sp": "Customer"}, {"p": 835, "c": 0.9, "s": 224869, "e": 225110, "w": "车", "sp": "Agent"}, {"p": 836, "c": 0.9, "s": 225243, "e": 225433, "w": "上", "sp": "Customer"}, {"p": 837, "c": 0.9, "s": 225434, "e": 225816, "w": "可以", "sp": "Customer"}, {"p": 838, "c": 0.9, "s": 225816, "e": 226006, "w": "退", "sp": "Customer"}, {"p": 839, "c": 0.9, "s": 226007, "e": 226198, "w": "的", "sp": "Customer"}, {"p": 840, "c": 0.9, "s": 226198, "e": 226389, "w": "他", "sp": "Customer"}, {"p": 841, "c": 0.9, "s": 226240, "e": 226390, "w": "哦", "sp": "Agent"}, {"p": 842, "c": 0.9, "s": 226389, "e": 226580, "w": "说", "sp": "Customer"}, {"p": 843, "c": 0.9, "s": 226390, "e": 226541, "w": "好", "sp": "Agent"}, {"p": 844, "c": 0.9, "s": 226541, "e": 226691, "w": "的", "sp": "Agent"}, {"p": 845, "c": 0.9, "s": 226691, "e": 226842, "w": "您", "sp": "Agent"}, {"p": 846, "c": 0.9, "s": 226842, "e": 227142, "w": "这边", "sp": "Agent"}, {"p": 847, "c": 0.9, "s": 227143, "e": 227445, "w": "可以", "sp": "Agent"}, {"p": 848, "c": 0.9, "s": 227445, "e": 227746, "w": "尝试", "sp": "Agent"}, {"p": 849, "c": 0.9, "s": 227746, "e": 227897, "w": "试", "sp": "Agent"}, {"p": 850, "c": 0.9, "s": 227897, "e": 228198, "w": "一下", "sp": "Agent"}, {"p": 851, "c": 0.9, "s": 228198, "e": 228499, "w": "如果", "sp": "Agent"}, {"p": 852, "c": 0.9, "s": 228499, "e": 228799, "w": "不行", "sp": "Agent"}, {"p": 853, "c": 0.9, "s": 228800, "e": 229102, "w": "的话", "sp": "Agent"}, {"p": 854, "c": 0.9, "s": 229102, "e": 229252, "w": "您", "sp": "Agent"}, {"p": 855, "c": 0.9, "s": 229252, "e": 229554, "w": "这边", "sp": "Agent"}, {"p": 856, "c": 0.9, "s": 229554, "e": 229855, "w": "可以", "sp": "Agent"}, {"p": 857, "c": 0.9, "s": 229855, "e": 230306, "w": "打电话", "sp": "Agent"}, {"p": 858, "c": 0.9, "s": 230307, "e": 230608, "w": "拨打", "sp": "Agent"}, {"p": 859, "c": 0.9, "s": 230608, "e": 230909, "w": "我们", "sp": "Agent"}, {"p": 860, "c": 0.9, "s": 230909, "e": 231060, "w": "的", "sp": "Agent"}, {"p": 861, "c": 0.9, "s": 231060, "e": 231211, "w": "四", "sp": "Agent"}, {"p": 862, "c": 0.9, "s": 231211, "e": 231512, "w": "零零", "sp": "Agent"}, {"p": 863, "c": 0.9, "s": 231512, "e": 231812, "w": "电话", "sp": "Agent"}, {"p": 864, "c": 0.9, "s": 231813, "e": 232114, "w": "然后", "sp": "Agent"}, {"p": 865, "c": 0.9, "s": 231920, "e": 232900, "w": "嗯", "sp": "Customer"}, {"p": 866, "c": 0.9, "s": 232114, "e": 232416, "w": "询问", "sp": "Agent"}, {"p": 867, "c": 0.9, "s": 232416, "e": 232717, "w": "咨询", "sp": "Agent"}, {"p": 868, "c": 0.9, "s": 232717, "e": 233017, "w": "一下", "sp": "Agent"}, {"p": 869, "c": 0.9, "s": 233018, "e": 233169, "w": "好", "sp": "Agent"}, {"p": 870, "c": 0.9, "s": 233169, "e": 233320, "w": "吧", "sp": "Agent"}, {"p": 871, "c": 0.9, "s": 233260, "e": 233515, "w": "嗯", "sp": "Customer"}, {"p": 872, "c": 0.9, "s": 233516, "e": 233772, "w": "好", "sp": "Customer"}, {"p": 873, "c": 0.9, "s": 233772, "e": 234028, "w": "的", "sp": "Customer"}, {"p": 874, "c": 0.9, "s": 234028, "e": 234284, "w": "好", "sp": "Customer"}, {"p": 875, "c": 0.9, "s": 234110, "e": 234291, "w": "嗯", "sp": "Agent"}, {"p": 876, "c": 0.9, "s": 234284, "e": 234540, "w": "的", "sp": "Customer"}, {"p": 877, "c": 0.9, "s": 234291, "e": 234473, "w": "好", "sp": "Agent"}, {"p": 878, "c": 0.9, "s": 234473, "e": 234654, "w": "的", "sp": "Agent"}, {"p": 879, "c": 0.9, "s": 234540, "e": 235053, "w": "谢谢", "sp": "Customer"}, {"p": 880, "c": 0.9, "s": 234654, "e": 234836, "w": "行", "sp": "Agent"}, {"p": 881, "c": 0.9, "s": 234836, "e": 235018, "w": "那", "sp": "Agent"}, {"p": 882, "c": 0.9, "s": 235018, "e": 235562, "w": "不用谢", "sp": "Agent"}, {"p": 883, "c": 0.9, "s": 235053, "e": 235308, "w": "啊", "sp": "Customer"}, {"p": 884, "c": 0.9, "s": 235309, "e": 235565, "w": "嗯", "sp": "Customer"}, {"p": 885, "c": 0.9, "s": 235562, "e": 235744, "w": "好", "sp": "Agent"}, {"p": 886, "c": 0.9, "s": 235565, "e": 236077, "w": "好好", "sp": "Customer"}, {"p": 887, "c": 0.9, "s": 235744, "e": 235926, "w": "的", "sp": "Agent"}, {"p": 888, "c": 0.9, "s": 235926, "e": 236107, "w": "那", "sp": "Agent"}, {"p": 889, "c": 0.9, "s": 236077, "e": 236590, "w": "好好", "sp": "Customer"}, {"p": 890, "c": 0.9, "s": 236107, "e": 236470, "w": "这边", "sp": "Agent"}, {"p": 891, "c": 0.9, "s": 236470, "e": 236652, "w": "就", "sp": "Agent"}, {"p": 892, "c": 0.9, "s": 236652, "e": 236834, "w": "先", "sp": "Agent"}, {"p": 893, "c": 0.9, "s": 236834, "e": 237015, "w": "不", "sp": "Agent"}, {"p": 894, "c": 0.9, "s": 237015, "e": 237379, "w": "打扰", "sp": "Agent"}, {"p": 895, "c": 0.9, "s": 237379, "e": 237560, "w": "您", "sp": "Agent"}, {"p": 896, "c": 0.9, "s": 237410, "e": 237760, "w": "嗯", "sp": "Customer"}, {"p": 897, "c": 0.9, "s": 237560, "e": 237742, "w": "了", "sp": "Agent"}, {"p": 898, "c": 0.9, "s": 237742, "e": 237923, "w": "嗯", "sp": "Agent"}, {"p": 899, "c": 0.9, "s": 237760, "e": 238110, "w": "好", "sp": "Customer"}, {"p": 900, "c": 0.9, "s": 237923, "e": 238287, "w": "好好", "sp": "Agent"}, {"p": 901, "c": 0.9, "s": 238110, "e": 238460, "w": "的", "sp": "Customer"}, {"p": 902, "c": 0.9, "s": 238287, "e": 238650, "w": "祝您", "sp": "Agent"}, {"p": 903, "c": 0.9, "s": 238650, "e": 239013, "w": "生活", "sp": "Agent"}, {"p": 904, "c": 0.9, "s": 239013, "e": 239376, "w": "愉快", "sp": "Agent"}, {"p": 905, "c": 0.9, "s": 239376, "e": 239740, "w": "再见", "sp": "Agent"}, {"p": 906, "c": 0.9, "s": 245180, "e": 245739, "w": "不是", "sp": "Agent"}, {"p": 907, "c": 0.9, "s": 245740, "e": 246300, "w": "真的", "sp": "Agent"}, {"p": 908, "c": 0.9, "s": 248060, "e": 248592, "w": "不是", "sp": "Agent"}, {"p": 909, "c": 0.9, "s": 248592, "e": 249124, "w": "今天", "sp": "Agent"}, {"p": 910, "c": 0.9, "s": 249124, "e": 249390, "w": "的", "sp": "Agent"}]}, "plainText": "您好 这边 是 大兴 公交 厂房\n你 门口\n客服\n打开\n中心\n吗 啊 你好 你\n嗯\n说\n是 这样 的 之前 给 您 来电 也 是 看到 您 之前 在 我们 平台 上 有 留 资 这边 想 跟 您 确认 一下 您 近期 是否 想 了解 咨询 中央 空调 是 吗\n哦 现在 不用 了 之前 我\n啊\n也 参加\n是 不\n你们\n需要\n那个\n对\n活动\n吗\n啊 那 现在 不\n嗯\n需要\n您 是\n了\n对 哪个\n谢谢\n产品\n啊\n感兴趣\n嗯\n呢 这边 也 可 以为 您 做 个 简单 介绍 的\n哦 这边 有 我 也 去 门店 了解\n啊\n了\n啊\n谢谢\n有\n啊\n去\n谢谢\n过 我们\n我 也\n的\n去 门店\n大金\n了解\n门店\n一下\n对\n对\n吗\n对 对 对 也\n嗯\n去\n那 您\n了\n可以\n啊\n方便 告知 一下 他 的 门店 名称 这边 也 可以 帮 您 查询 一下 是否是 我们 的 授权 门店 呢\n嗯 等 一下 我 看 一下\n嗯\n啊\n好 的 好 的\n啊 什么 智商 总店 嘛\n哎\n喂\n你好 先生 你好\n喂 你好\n啊\n就是\n你好\n我 之前\n嗯\n去\n不要\n过 什么 智商 总店\n啊 好 的\n嘛\n啊\n呃\n好\n去\n的\n了解\n明白 了\n一下\n刚刚 看到\n啊\n您 这边 是 有 去 过 门店 是 吗 他 方便 告知 一下 是 哪个 门店 吗\n浙江 总 浙江 总监\n长沙市 的 是 吗\n太 长 市\n好 的 自相\n嗯\n总店 是 什么 字 呢 是 自己 的 字 吗\n注意 的 注\n哦\n吧\n职业 的 职 对 吧\n对\n职业\n对\n的 职 然后\n嗯\n乡 是 湖南 长沙 的 乡 对 吧 就 简称\n啊 对\n乡\n对\n智商\n对\n总 业 哦 他 是 有 给 您 出 过 方案 和 报价 吗\n啊 出国\n哦 有 出 过 是 吧\n你\n好\n也\n的\n觉得\n这边\n跟\n看到\n我 的\n话\n跟\n嗯\n我 的 预算 还是 还是 超 了 蛮 贵 的 所以 之前\n哦\n不 也 是 参加 那个 直播 那个 活动\n嗯\n嘛 之前 本来 想 搞 一个 两千 块钱 什么\n嗯\n有 个\n对\n优惠券\n对\n嘛 还 搞 了 一个 啊 不是 就是 还有 一个 什么 进门 有 礼 还有 什么 呃 呃 天然\n对\n有 礼\n啊\n嘛 我 也 去 搞 一下 嘛 后面 他 做 了 预算 之后 感觉 做 了 一算 还是 差 的 多 了 一 两万 块钱 所以 就 后面 就 又 去 了解 其他\n哦\n的\n好\n看看\n的\n了\n明白\n相应\n了\n的\n好\n品牌\n的 行\n去\n然后\n了\n看到\n哎 你\n您\n我\n这边\n想 问 一下\n再次\n我\n嗯\n想 问\n您\n下\n说\n那个 参加 那个 直播 那个 订 的 那个 两千 块钱 预定 的 是 可以 退 的 吧\n哦 您 是 在 直播 上面 的 是 是 通过 我们 大厅 空调 的 抖 音 直播 是\n对\n吗\n对 对 有\n啊\n一个 直播 他 发 了 一个 平台 给 我 他\n嗯\n说 他 说 是 可以 退 的 钱 给 我 参加 所以 呃 我 就 他 就 直接 报名 了 嘛\n哦 明白 了 您 这边 的话 是 有 另 一个 号 手机号 留 字 吗 留下 信息 吗 这边 确实 没有 看到 您 这边 的 信息\n也 是 这个 幺 五八 的\n幺\n之前\n五八\n联系\n的\n也\n幺\n是 这个\n九七\n的 嗯\n五 的 对 吗\n对 幺 九 七五\n啊 这边\n的\n的话\n对\n没 看到 您 这边 有 为 您 安排 当地 门店 啊 是 您 自己 去 找 的 吗 还是 我们 通过\n那个\n我们 平台\n那边\n帮 您\n总店\n分配 的\n那边 联系 我 的\n哦 他 是 跟 联系 您 手机号 的 对 吧 哦 这边\n对\n哦\n对\n确实 没\n对\n看到 您 的 信息 您 这边 是 您 家人 的 朋友 或者 哪个 手机号 有 留 字 吗\n应该 没有 吧 只有\n哦\n我 的 自己 的 扫描 的 注册 的 吧\n哦 好 的 明白 了 行 因为 您 这边 的话 确 实是 我们 正规 授权 的 门店 您 可以 放心 购买 呃 您 这边 的话 还有 什么 其他 需要 我们 咨询 和 帮助 的 吗\n没有 啊 我 就是\n啊\n一直 在 这边 就是 我 之前 那个 交 了 两千\n啊\n块钱 这个\n啊\n定金 嘛 不是\n对\n开始 想 买 嘛 后面 说 后面 说 因为 价格 实在 超出 我 直接 超 了\n啊\n两三 万 跟 我 整体\n好\n装修\n的\n嘛\n我\n病人\n明白\n还是 超\n了\n了 蛮 多 的 所以 我\n嗯\n在 想 这个 是 他 之前 说 是 可以\n嗯\n退\n他 既然\n的 嘛\n说 的话 应 该是 可以 的 您 可以 到时候 您 这边 的话 直接 支付 信用卡 或者 您 直接 退款 也 是 可以 的\n因为 那个 是 在 你 的 大厅 不是 有 一个 搞活 动 嘛 那个 直播 的 上面 搞 的\n啊\n嘛\n啊 是\n他\n应\n说 你\n该是\n是 直接\n呃 抖\n他 说\n音\n你\n直播\n直接 在线\n车\n上 可以 退 的 他\n哦\n说\n好 的 您 这边 可以 尝试 试 一下 如果 不行 的话 您 这边 可以 打电话 拨打 我们 的 四 零零 电话 然后\n嗯\n询问 咨询 一下 好 吧\n嗯 好 的 好\n嗯\n的\n好 的\n谢谢\n行 那 不用谢\n啊 嗯\n好\n好好\n的 那\n好好\n这边 就 先 不 打扰 您\n嗯\n了 嗯\n好\n好好\n的\n祝您 生活 愉快 再见 不是 真的 不是 今天 的", "plainTextTime": {"verbatims": [{"s": 350, "e": 2586, "w": "您好 这边 是 大兴 公交 厂房", "sp": "Agent"}, {"s": 2270, "e": 2987, "w": "你 门口", "sp": "Customer"}, {"s": 2586, "e": 2993, "w": "客服", "sp": "Agent"}, {"s": 2987, "e": 3465, "w": "打开", "sp": "Customer"}, {"s": 2993, "e": 3400, "w": "中心", "sp": "Agent"}, {"s": 3465, "e": 4660, "w": "吗 啊 你好 你", "sp": "Customer"}, {"s": 4590, "e": 4767, "w": "嗯", "sp": "Agent"}, {"s": 4660, "e": 4899, "w": "说", "sp": "Customer"}, {"s": 4767, "e": 13810, "w": "是 这样 的 之前 给 您 来电 也 是 看到 您 之前 在 我们 平台 上 有 留 资 这边 想 跟 您 确认 一下 您 近期 是否 想 了解 咨询 中央 空调 是 吗", "sp": "Agent"}, {"s": 13730, "e": 16031, "w": "哦 现在 不用 了 之前 我", "sp": "Customer"}, {"s": 16010, "e": 16342, "w": "啊", "sp": "Agent"}, {"s": 16031, "e": 16797, "w": "也 参加", "sp": "Customer"}, {"s": 16341, "e": 17008, "w": "是 不", "sp": "Agent"}, {"s": 16798, "e": 17309, "w": "你们", "sp": "Customer"}, {"s": 17008, "e": 17674, "w": "需要", "sp": "Agent"}, {"s": 17309, "e": 17820, "w": "那个", "sp": "Customer"}, {"s": 17674, "e": 18007, "w": "对", "sp": "Agent"}, {"s": 17820, "e": 18331, "w": "活动", "sp": "Customer"}, {"s": 18007, "e": 18340, "w": "吗", "sp": "Agent"}, {"s": 18332, "e": 19610, "w": "啊 那 现在 不", "sp": "Customer"}, {"s": 19530, "e": 19729, "w": "嗯", "sp": "Agent"}, {"s": 19610, "e": 20121, "w": "需要", "sp": "Customer"}, {"s": 19729, "e": 20128, "w": "您 是", "sp": "Agent"}, {"s": 20121, "e": 20377, "w": "了", "sp": "Customer"}, {"s": 20128, "e": 20727, "w": "对 哪个", "sp": "Agent"}, {"s": 20377, "e": 20888, "w": "谢谢", "sp": "Customer"}, {"s": 20727, "e": 21126, "w": "产品", "sp": "Agent"}, {"s": 20888, "e": 21144, "w": "啊", "sp": "Customer"}, {"s": 21126, "e": 21724, "w": "感兴趣", "sp": "Agent"}, {"s": 21144, "e": 21400, "w": "嗯", "sp": "Customer"}, {"s": 21725, "e": 24720, "w": "呢 这边 也 可 以为 您 做 个 简单 介绍 的", "sp": "Agent"}, {"s": 24810, "e": 27560, "w": "哦 这边 有 我 也 去 门店 了解", "sp": "Customer"}, {"s": 27460, "e": 27758, "w": "啊", "sp": "Agent"}, {"s": 27560, "e": 27810, "w": "了", "sp": "Customer"}, {"s": 27759, "e": 28058, "w": "啊", "sp": "Agent"}, {"s": 27810, "e": 28310, "w": "谢谢", "sp": "Customer"}, {"s": 28058, "e": 28357, "w": "有", "sp": "Agent"}, {"s": 28310, "e": 28560, "w": "啊", "sp": "Customer"}, {"s": 28357, "e": 28657, "w": "去", "sp": "Agent"}, {"s": 28560, "e": 29060, "w": "谢谢", "sp": "Customer"}, {"s": 28657, "e": 29555, "w": "过 我们", "sp": "Agent"}, {"s": 29060, "e": 29560, "w": "我 也", "sp": "Customer"}, {"s": 29555, "e": 29854, "w": "的", "sp": "Agent"}, {"s": 29560, "e": 30310, "w": "去 门店", "sp": "Customer"}, {"s": 29854, "e": 30452, "w": "大金", "sp": "Agent"}, {"s": 30310, "e": 30810, "w": "了解", "sp": "Customer"}, {"s": 30452, "e": 31050, "w": "门店", "sp": "Agent"}, {"s": 30810, "e": 31310, "w": "一下", "sp": "Customer"}, {"s": 31051, "e": 31350, "w": "对", "sp": "Agent"}, {"s": 31310, "e": 31560, "w": "对", "sp": "Customer"}, {"s": 31350, "e": 31650, "w": "吗", "sp": "Agent"}, {"s": 31560, "e": 32560, "w": "对 对 对 也", "sp": "Customer"}, {"s": 32430, "e": 32592, "w": "嗯", "sp": "Agent"}, {"s": 32560, "e": 32810, "w": "去", "sp": "Customer"}, {"s": 32592, "e": 32920, "w": "那 您", "sp": "Agent"}, {"s": 32810, "e": 33060, "w": "了", "sp": "Customer"}, {"s": 32920, "e": 33246, "w": "可以", "sp": "Agent"}, {"s": 33060, "e": 33310, "w": "啊", "sp": "Customer"}, {"s": 33246, "e": 38800, "w": "方便 告知 一下 他 的 门店 名称 这边 也 可以 帮 您 查询 一下 是否是 我们 的 授权 门店 呢", "sp": "Agent"}, {"s": 39520, "e": 41120, "w": "嗯 等 一下 我 看 一下", "sp": "Customer"}, {"s": 40910, "e": 41211, "w": "嗯", "sp": "Agent"}, {"s": 41120, "e": 41320, "w": "啊", "sp": "Customer"}, {"s": 41212, "e": 42420, "w": "好 的 好 的", "sp": "Agent"}, {"s": 54010, "e": 57140, "w": "啊 什么 智商 总店 嘛", "sp": "Customer"}, {"s": 57890, "e": 58188, "w": "哎", "sp": "Agent"}, {"s": 58030, "e": 59180, "w": "喂", "sp": "Customer"}, {"s": 58188, "e": 59980, "w": "你好 先生 你好", "sp": "Agent"}, {"s": 60750, "e": 61515, "w": "喂 你好", "sp": "Customer"}, {"s": 61310, "e": 61685, "w": "啊", "sp": "Agent"}, {"s": 61515, "e": 62024, "w": "就是", "sp": "Customer"}, {"s": 61685, "e": 62435, "w": "你好", "sp": "Agent"}, {"s": 62025, "e": 62789, "w": "我 之前", "sp": "Customer"}, {"s": 62435, "e": 62810, "w": "嗯", "sp": "Agent"}, {"s": 62790, "e": 63045, "w": "去", "sp": "Customer"}, {"s": 62810, "e": 63560, "w": "不要", "sp": "Agent"}, {"s": 63045, "e": 64830, "w": "过 什么 智商 总店", "sp": "Customer"}, {"s": 64420, "e": 65014, "w": "啊 好 的", "sp": "Agent"}, {"s": 64830, "e": 65085, "w": "嘛", "sp": "Customer"}, {"s": 65014, "e": 65211, "w": "啊", "sp": "Agent"}, {"s": 65085, "e": 65339, "w": "呃", "sp": "Customer"}, {"s": 65211, "e": 65409, "w": "好", "sp": "Agent"}, {"s": 65339, "e": 65594, "w": "去", "sp": "Customer"}, {"s": 65410, "e": 65608, "w": "的", "sp": "Agent"}, {"s": 65595, "e": 66105, "w": "了解", "sp": "Customer"}, {"s": 65608, "e": 66201, "w": "明白 了", "sp": "Agent"}, {"s": 66105, "e": 66615, "w": "一下", "sp": "Customer"}, {"s": 66202, "e": 66995, "w": "刚刚 看到", "sp": "Agent"}, {"s": 66615, "e": 66869, "w": "啊", "sp": "Customer"}, {"s": 66995, "e": 71750, "w": "您 这边 是 有 去 过 门店 是 吗 他 方便 告知 一下 是 哪个 门店 吗", "sp": "Agent"}, {"s": 71790, "e": 74120, "w": "浙江 总 浙江 总监", "sp": "Customer"}, {"s": 74140, "e": 76060, "w": "长沙市 的 是 吗", "sp": "Agent"}, {"s": 75780, "e": 77220, "w": "太 长 市", "sp": "Customer"}, {"s": 76820, "e": 78632, "w": "好 的 自相", "sp": "Agent"}, {"s": 77850, "e": 78810, "w": "嗯", "sp": "Customer"}, {"s": 78633, "e": 85799, "w": "总店 是 什么 字 呢 是 自己 的 字 吗", "sp": "Agent"}, {"s": 85630, "e": 86813, "w": "注意 的 注", "sp": "Customer"}, {"s": 86580, "e": 86836, "w": "哦", "sp": "Agent"}, {"s": 86814, "e": 87110, "w": "吧", "sp": "Customer"}, {"s": 86836, "e": 88376, "w": "职业 的 职 对 吧", "sp": "Agent"}, {"s": 88180, "e": 88815, "w": "对", "sp": "Customer"}, {"s": 88376, "e": 88890, "w": "职业", "sp": "Agent"}, {"s": 88815, "e": 89450, "w": "对", "sp": "Customer"}, {"s": 88890, "e": 89916, "w": "的 职 然后", "sp": "Agent"}, {"s": 89760, "e": 90730, "w": "嗯", "sp": "Customer"}, {"s": 89916, "e": 93253, "w": "乡 是 湖南 长沙 的 乡 对 吧 就 简称", "sp": "Agent"}, {"s": 92880, "e": 93620, "w": "啊 对", "sp": "Customer"}, {"s": 93253, "e": 93510, "w": "乡", "sp": "Agent"}, {"s": 93620, "e": 93990, "w": "对", "sp": "Customer"}, {"s": 93790, "e": 94590, "w": "智商", "sp": "Agent"}, {"s": 93990, "e": 94360, "w": "对", "sp": "Customer"}, {"s": 94590, "e": 99840, "w": "总 业 哦 他 是 有 给 您 出 过 方案 和 报价 吗", "sp": "Agent"}, {"s": 100090, "e": 101430, "w": "啊 出国", "sp": "Customer"}, {"s": 101240, "e": 102547, "w": "哦 有 出 过 是 吧", "sp": "Agent"}, {"s": 102460, "e": 102667, "w": "你", "sp": "Customer"}, {"s": 102547, "e": 102765, "w": "好", "sp": "Agent"}, {"s": 102667, "e": 102874, "w": "也", "sp": "Customer"}, {"s": 102765, "e": 102982, "w": "的", "sp": "Agent"}, {"s": 102874, "e": 103288, "w": "觉得", "sp": "Customer"}, {"s": 102982, "e": 103418, "w": "这边", "sp": "Agent"}, {"s": 103288, "e": 103495, "w": "跟", "sp": "Customer"}, {"s": 103418, "e": 103854, "w": "看到", "sp": "Agent"}, {"s": 103495, "e": 103909, "w": "我 的", "sp": "Customer"}, {"s": 103854, "e": 104072, "w": "话", "sp": "Agent"}, {"s": 103909, "e": 104116, "w": "跟", "sp": "Customer"}, {"s": 104072, "e": 104290, "w": "嗯", "sp": "Agent"}, {"s": 104116, "e": 107636, "w": "我 的 预算 还是 还是 超 了 蛮 贵 的 所以 之前", "sp": "Customer"}, {"s": 107320, "e": 108750, "w": "哦", "sp": "Agent"}, {"s": 107636, "e": 110328, "w": "不 也 是 参加 那个 直播 那个 活动", "sp": "Customer"}, {"s": 110060, "e": 111149, "w": "嗯", "sp": "Agent"}, {"s": 110328, "e": 113433, "w": "嘛 之前 本来 想 搞 一个 两千 块钱 什么", "sp": "Customer"}, {"s": 113190, "e": 113693, "w": "嗯", "sp": "Agent"}, {"s": 113433, "e": 113848, "w": "有 个", "sp": "Customer"}, {"s": 113693, "e": 114196, "w": "对", "sp": "Agent"}, {"s": 113848, "e": 114469, "w": "优惠券", "sp": "Customer"}, {"s": 114196, "e": 114700, "w": "对", "sp": "Agent"}, {"s": 114469, "e": 120473, "w": "嘛 还 搞 了 一个 啊 不是 就是 还有 一个 什么 进门 有 礼 还有 什么 呃 呃 天然", "sp": "Customer"}, {"s": 120140, "e": 120760, "w": "对", "sp": "Agent"}, {"s": 120473, "e": 120887, "w": "有 礼", "sp": "Customer"}, {"s": 120760, "e": 121380, "w": "啊", "sp": "Agent"}, {"s": 120887, "e": 130412, "w": "嘛 我 也 去 搞 一下 嘛 后面 他 做 了 预算 之后 感觉 做 了 一算 还是 差 的 多 了 一 两万 块钱 所以 就 后面 就 又 去 了解 其他", "sp": "Customer"}, {"s": 130390, "e": 130612, "w": "哦", "sp": "Agent"}, {"s": 130412, "e": 130619, "w": "的", "sp": "Customer"}, {"s": 130612, "e": 130835, "w": "好", "sp": "Agent"}, {"s": 130619, "e": 131033, "w": "看看", "sp": "Customer"}, {"s": 130835, "e": 131058, "w": "的", "sp": "Agent"}, {"s": 131033, "e": 131240, "w": "了", "sp": "Customer"}, {"s": 131058, "e": 131504, "w": "明白", "sp": "Agent"}, {"s": 131240, "e": 131654, "w": "相应", "sp": "Customer"}, {"s": 131504, "e": 131727, "w": "了", "sp": "Agent"}, {"s": 131654, "e": 131861, "w": "的", "sp": "Customer"}, {"s": 131727, "e": 131950, "w": "好", "sp": "Agent"}, {"s": 131861, "e": 132275, "w": "品牌", "sp": "Customer"}, {"s": 131950, "e": 132395, "w": "的 行", "sp": "Agent"}, {"s": 132275, "e": 132482, "w": "去", "sp": "Customer"}, {"s": 132395, "e": 132841, "w": "然后", "sp": "Agent"}, {"s": 132482, "e": 132689, "w": "了", "sp": "Customer"}, {"s": 132841, "e": 133287, "w": "看到", "sp": "Agent"}, {"s": 132970, "e": 133334, "w": "哎 你", "sp": "Customer"}, {"s": 133287, "e": 133510, "w": "您", "sp": "Agent"}, {"s": 133334, "e": 133516, "w": "我", "sp": "Customer"}, {"s": 133510, "e": 133955, "w": "这边", "sp": "Agent"}, {"s": 133516, "e": 134244, "w": "想 问 一下", "sp": "Customer"}, {"s": 133955, "e": 134401, "w": "再次", "sp": "Agent"}, {"s": 134244, "e": 134426, "w": "我", "sp": "Customer"}, {"s": 134401, "e": 134624, "w": "嗯", "sp": "Agent"}, {"s": 134426, "e": 134791, "w": "想 问", "sp": "Customer"}, {"s": 134624, "e": 134847, "w": "您", "sp": "Agent"}, {"s": 134791, "e": 134973, "w": "下", "sp": "Customer"}, {"s": 134847, "e": 135070, "w": "说", "sp": "Agent"}, {"s": 134973, "e": 139890, "w": "那个 参加 那个 直播 那个 订 的 那个 两千 块钱 预定 的 是 可以 退 的 吧", "sp": "Customer"}, {"s": 140030, "e": 144837, "w": "哦 您 是 在 直播 上面 的 是 是 通过 我们 大厅 空调 的 抖 音 直播 是", "sp": "Agent"}, {"s": 144760, "e": 144939, "w": "对", "sp": "Customer"}, {"s": 144837, "e": 145030, "w": "吗", "sp": "Agent"}, {"s": 144940, "e": 145480, "w": "对 对 有", "sp": "Customer"}, {"s": 145440, "e": 146700, "w": "啊", "sp": "Agent"}, {"s": 145481, "e": 148008, "w": "一个 直播 他 发 了 一个 平台 给 我 他", "sp": "Customer"}, {"s": 147900, "e": 148920, "w": "嗯", "sp": "Agent"}, {"s": 148008, "e": 152700, "w": "说 他 说 是 可以 退 的 钱 给 我 参加 所以 呃 我 就 他 就 直接 报名 了 嘛", "sp": "Customer"}, {"s": 152820, "e": 159550, "w": "哦 明白 了 您 这边 的话 是 有 另 一个 号 手机号 留 字 吗 留下 信息 吗 这边 确实 没有 看到 您 这边 的 信息", "sp": "Agent"}, {"s": 159570, "e": 161334, "w": "也 是 这个 幺 五八 的", "sp": "Customer"}, {"s": 161150, "e": 161459, "w": "幺", "sp": "Agent"}, {"s": 161334, "e": 161775, "w": "之前", "sp": "Customer"}, {"s": 161460, "e": 162080, "w": "五八", "sp": "Agent"}, {"s": 161775, "e": 162215, "w": "联系", "sp": "Customer"}, {"s": 162080, "e": 162390, "w": "的", "sp": "Agent"}, {"s": 162216, "e": 162437, "w": "也", "sp": "Customer"}, {"s": 162390, "e": 162700, "w": "幺", "sp": "Agent"}, {"s": 162437, "e": 163097, "w": "是 这个", "sp": "Customer"}, {"s": 162700, "e": 163319, "w": "九七", "sp": "Agent"}, {"s": 163098, "e": 163540, "w": "的 嗯", "sp": "Customer"}, {"s": 163320, "e": 164560, "w": "五 的 对 吗", "sp": "Agent"}, {"s": 164290, "e": 165632, "w": "对 幺 九 七五", "sp": "Customer"}, {"s": 165300, "e": 165750, "w": "啊 这边", "sp": "Agent"}, {"s": 165632, "e": 165901, "w": "的", "sp": "Customer"}, {"s": 165751, "e": 166052, "w": "的话", "sp": "Agent"}, {"s": 165901, "e": 166170, "w": "对", "sp": "Customer"}, {"s": 166052, "e": 170565, "w": "没 看到 您 这边 有 为 您 安排 当地 门店 啊 是 您 自己 去 找 的 吗 还是 我们 通过", "sp": "Agent"}, {"s": 170410, "e": 170870, "w": "那个", "sp": "Customer"}, {"s": 170565, "e": 171167, "w": "我们 平台", "sp": "Agent"}, {"s": 170870, "e": 171330, "w": "那边", "sp": "Customer"}, {"s": 171167, "e": 171467, "w": "帮 您", "sp": "Agent"}, {"s": 171330, "e": 171790, "w": "总店", "sp": "Customer"}, {"s": 171468, "e": 171920, "w": "分配 的", "sp": "Agent"}, {"s": 171790, "e": 173170, "w": "那边 联系 我 的", "sp": "Customer"}, {"s": 172980, "e": 175958, "w": "哦 他 是 跟 联系 您 手机号 的 对 吧 哦 这边", "sp": "Agent"}, {"s": 175710, "e": 176123, "w": "对", "sp": "Customer"}, {"s": 175958, "e": 176144, "w": "哦", "sp": "Agent"}, {"s": 176123, "e": 176536, "w": "对", "sp": "Customer"}, {"s": 176144, "e": 176703, "w": "确实 没", "sp": "Agent"}, {"s": 176536, "e": 176950, "w": "对", "sp": "Customer"}, {"s": 176703, "e": 181730, "w": "看到 您 的 信息 您 这边 是 您 家人 的 朋友 或者 哪个 手机号 有 留 字 吗", "sp": "Agent"}, {"s": 182720, "e": 183836, "w": "应该 没有 吧 只有", "sp": "Customer"}, {"s": 183750, "e": 185220, "w": "哦", "sp": "Agent"}, {"s": 183836, "e": 185750, "w": "我 的 自己 的 扫描 的 注册 的 吧", "sp": "Customer"}, {"s": 185720, "e": 193950, "w": "哦 好 的 明白 了 行 因为 您 这边 的话 确 实是 我们 正规 授权 的 门店 您 可以 放心 购买 呃 您 这边 的话 还有 什么 其他 需要 我们 咨询 和 帮助 的 吗", "sp": "Agent"}, {"s": 193980, "e": 195040, "w": "没有 啊 我 就是", "sp": "Customer"}, {"s": 194820, "e": 195950, "w": "啊", "sp": "Agent"}, {"s": 195040, "e": 197868, "w": "一直 在 这边 就是 我 之前 那个 交 了 两千", "sp": "Customer"}, {"s": 197760, "e": 198515, "w": "啊", "sp": "Agent"}, {"s": 197868, "e": 198575, "w": "块钱 这个", "sp": "Customer"}, {"s": 198516, "e": 199273, "w": "啊", "sp": "Agent"}, {"s": 198575, "e": 199458, "w": "定金 嘛 不是", "sp": "Customer"}, {"s": 199273, "e": 200030, "w": "对", "sp": "Agent"}, {"s": 199458, "e": 203700, "w": "开始 想 买 嘛 后面 说 后面 说 因为 价格 实在 超出 我 直接 超 了", "sp": "Customer"}, {"s": 203680, "e": 204650, "w": "啊", "sp": "Agent"}, {"s": 203700, "e": 204937, "w": "两三 万 跟 我 整体", "sp": "Customer"}, {"s": 204930, "e": 205183, "w": "好", "sp": "Agent"}, {"s": 204937, "e": 205291, "w": "装修", "sp": "Customer"}, {"s": 205183, "e": 205436, "w": "的", "sp": "Agent"}, {"s": 205291, "e": 205468, "w": "嘛", "sp": "Customer"}, {"s": 205436, "e": 205690, "w": "我", "sp": "Agent"}, {"s": 205468, "e": 205821, "w": "病人", "sp": "Customer"}, {"s": 205690, "e": 206196, "w": "明白", "sp": "Agent"}, {"s": 205821, "e": 206351, "w": "还是 超", "sp": "Customer"}, {"s": 206196, "e": 206450, "w": "了", "sp": "Agent"}, {"s": 206351, "e": 207588, "w": "了 蛮 多 的 所以 我", "sp": "Customer"}, {"s": 207580, "e": 208520, "w": "嗯", "sp": "Agent"}, {"s": 207588, "e": 209709, "w": "在 想 这个 是 他 之前 说 是 可以", "sp": "Customer"}, {"s": 209550, "e": 209711, "w": "嗯", "sp": "Agent"}, {"s": 209709, "e": 209886, "w": "退", "sp": "Customer"}, {"s": 209711, "e": 210197, "w": "他 既然", "sp": "Agent"}, {"s": 209886, "e": 210240, "w": "的 嘛", "sp": "Customer"}, {"s": 210197, "e": 216510, "w": "说 的话 应 该是 可以 的 您 可以 到时候 您 这边 的话 直接 支付 信用卡 或者 您 直接 退款 也 是 可以 的", "sp": "Agent"}, {"s": 216700, "e": 222280, "w": "因为 那个 是 在 你 的 大厅 不是 有 一个 搞活 动 嘛 那个 直播 的 上面 搞 的", "sp": "Customer"}, {"s": 222220, "e": 222460, "w": "啊", "sp": "Agent"}, {"s": 222280, "e": 222480, "w": "嘛", "sp": "Customer"}, {"s": 222460, "e": 222942, "w": "啊 是", "sp": "Agent"}, {"s": 222760, "e": 222950, "w": "他", "sp": "Customer"}, {"s": 222942, "e": 223183, "w": "应", "sp": "Agent"}, {"s": 222951, "e": 223333, "w": "说 你", "sp": "Customer"}, {"s": 223183, "e": 223665, "w": "该是", "sp": "Agent"}, {"s": 223333, "e": 223906, "w": "是 直接", "sp": "Customer"}, {"s": 223665, "e": 224146, "w": "呃 抖", "sp": "Agent"}, {"s": 223906, "e": 224288, "w": "他 说", "sp": "Customer"}, {"s": 224146, "e": 224387, "w": "音", "sp": "Agent"}, {"s": 224288, "e": 224478, "w": "你", "sp": "Customer"}, {"s": 224387, "e": 224868, "w": "直播", "sp": "Agent"}, {"s": 224479, "e": 225243, "w": "直接 在线", "sp": "Customer"}, {"s": 224869, "e": 225110, "w": "车", "sp": "Agent"}, {"s": 225243, "e": 226389, "w": "上 可以 退 的 他", "sp": "Customer"}, {"s": 226240, "e": 226390, "w": "哦", "sp": "Agent"}, {"s": 226389, "e": 226580, "w": "说", "sp": "Customer"}, {"s": 226390, "e": 232114, "w": "好 的 您 这边 可以 尝试 试 一下 如果 不行 的话 您 这边 可以 打电话 拨打 我们 的 四 零零 电话 然后", "sp": "Agent"}, {"s": 231920, "e": 232900, "w": "嗯", "sp": "Customer"}, {"s": 232114, "e": 233320, "w": "询问 咨询 一下 好 吧", "sp": "Agent"}, {"s": 233260, "e": 234284, "w": "嗯 好 的 好", "sp": "Customer"}, {"s": 234110, "e": 234291, "w": "嗯", "sp": "Agent"}, {"s": 234284, "e": 234540, "w": "的", "sp": "Customer"}, {"s": 234291, "e": 234654, "w": "好 的", "sp": "Agent"}, {"s": 234540, "e": 235053, "w": "谢谢", "sp": "Customer"}, {"s": 234654, "e": 235562, "w": "行 那 不用谢", "sp": "Agent"}, {"s": 235053, "e": 235565, "w": "啊 嗯", "sp": "Customer"}, {"s": 235562, "e": 235744, "w": "好", "sp": "Agent"}, {"s": 235565, "e": 236077, "w": "好好", "sp": "Customer"}, {"s": 235744, "e": 236107, "w": "的 那", "sp": "Agent"}, {"s": 236077, "e": 236590, "w": "好好", "sp": "Customer"}, {"s": 236107, "e": 237560, "w": "这边 就 先 不 打扰 您", "sp": "Agent"}, {"s": 237410, "e": 237760, "w": "嗯", "sp": "Customer"}, {"s": 237560, "e": 237923, "w": "了 嗯", "sp": "Agent"}, {"s": 237760, "e": 238110, "w": "好", "sp": "Customer"}, {"s": 237923, "e": 238287, "w": "好好", "sp": "Agent"}, {"s": 238110, "e": 238460, "w": "的", "sp": "Customer"}, {"s": 238287, "e": 249390, "w": "祝您 生活 愉快 再见 不是 真的 不是 今天 的", "sp": "Agent"}]}, "aqm": {"greeting": {"greeting_said": "您好, 客服", "n_greeting_said": 2, "score": 0}, "closing": {"closing_said": "您, 祝您, 生活, 愉快, 再见", "n_closing_said": 5, "score": 1}, "speed": {"speed_max": 6.8, "n_words": 56, "words": "哦 好 的 明白 了 行 因为 您 这边 的话 确 实是 我们 正规 授权 的 门店 您 可以 放心 购买 呃 您 这边 的话 还有 什么 其他 需要 我们 咨询 和 帮助 的 吗", "start": 185720, "end": 193950}}}