{"mediaId": "2022031314380354808747440078303001", "status": "Success", "dateCreated": "2022-03-21T18:45:50Z", "contentType": "audio/x-wav", "channels": "future use", "length": 192, "metadata": {"Sid": 10043, "Site_id": 783, "Audio_ch_num": 87474400, "Audio_module_num": 783001, "Audio_start_time_gmt": "2022-03-13T06:38:03.547+08:00", "Transaction_id": "2022031314380354808747440078303001", "ContactID": "9144800788350000301", "Personal_id": "0", "Direction": 2, "Local_audio_start_time": "2022-03-13T14:38:03.547+08:00", "Local_audio_end_time": "2022-03-13T14:41:15.547+08:00", "Total_hold_time": "0", "Pbx_login_id": "800053", "Ani": "600062", "Extension": "600062", "String_extension": "600062", "Switch_call_id": "006f0330e46d4fc6", "Switch_id": "783000001", "Duration_seconds": 192, "Wrapup_time_in_seconds": "0", "Dnis": "13816578015", "Number_of_conferences": "0", "Number_of_holds": "0", "Number_of_transfers": "0", "Percent_of_agent_call": "114", "Percent_of_other_call": "29", "Percent_of_mutual_silence": "18", "Num_of_agent_cross": "16", "Num_of_other_cross": "24", "IsException": 0, "CD2": "013GVT56OG919AP72LUHVB5AES000CEG"}, "transcript_detailed": {"words": [{"p": 1, "c": 0.9, "s": 160, "e": 553, "w": "您好", "sp": "Agent"}, {"p": 2, "c": 0.9, "s": 553, "e": 946, "w": "这边", "sp": "Agent"}, {"p": 3, "c": 0.9, "s": 860, "e": 1930, "w": "喂", "sp": "Customer"}, {"p": 4, "c": 0.9, "s": 946, "e": 1143, "w": "是", "sp": "Agent"}, {"p": 5, "c": 0.9, "s": 1143, "e": 1536, "w": "大厅", "sp": "Agent"}, {"p": 6, "c": 0.9, "s": 1536, "e": 1930, "w": "空调", "sp": "Agent"}, {"p": 7, "c": 0.9, "s": 1930, "e": 2323, "w": "客服", "sp": "Agent"}, {"p": 8, "c": 0.9, "s": 2323, "e": 2716, "w": "中心", "sp": "Agent"}, {"p": 9, "c": 0.9, "s": 2716, "e": 2913, "w": "呃", "sp": "Agent"}, {"p": 10, "c": 0.9, "s": 2913, "e": 3306, "w": "请问", "sp": "Agent"}, {"p": 11, "c": 0.9, "s": 3306, "e": 3503, "w": "是", "sp": "Agent"}, {"p": 12, "c": 0.9, "s": 3503, "e": 3700, "w": "金", "sp": "Agent"}, {"p": 13, "c": 0.9, "s": 3700, "e": 4093, "w": "女士", "sp": "Agent"}, {"p": 14, "c": 0.9, "s": 4093, "e": 4290, "w": "吗", "sp": "Agent"}, {"p": 15, "c": 0.9, "s": 4250, "e": 4765, "w": "对", "sp": "Customer"}, {"p": 16, "c": 0.9, "s": 4730, "e": 4902, "w": "哎", "sp": "Agent"}, {"p": 17, "c": 0.9, "s": 4765, "e": 5279, "w": "的", "sp": "Customer"}, {"p": 18, "c": 0.9, "s": 4902, "e": 5246, "w": "您好", "sp": "Agent"}, {"p": 19, "c": 0.9, "s": 5247, "e": 5419, "w": "是", "sp": "Agent"}, {"p": 20, "c": 0.9, "s": 5419, "e": 5764, "w": "这样", "sp": "Agent"}, {"p": 21, "c": 0.9, "s": 5764, "e": 5936, "w": "的", "sp": "Agent"}, {"p": 22, "c": 0.9, "s": 5936, "e": 6280, "w": "看到", "sp": "Agent"}, {"p": 23, "c": 0.9, "s": 6281, "e": 6453, "w": "您", "sp": "Agent"}, {"p": 24, "c": 0.9, "s": 6453, "e": 6798, "w": "刚刚", "sp": "Agent"}, {"p": 25, "c": 0.9, "s": 6798, "e": 7142, "w": "咱们", "sp": "Agent"}, {"p": 26, "c": 0.9, "s": 7143, "e": 7315, "w": "官", "sp": "Agent"}, {"p": 27, "c": 0.9, "s": 7315, "e": 7660, "w": "网上", "sp": "Agent"}, {"p": 28, "c": 0.9, "s": 7660, "e": 7832, "w": "有", "sp": "Agent"}, {"p": 29, "c": 0.9, "s": 7832, "e": 8177, "w": "留下", "sp": "Agent"}, {"p": 30, "c": 0.9, "s": 8177, "e": 8522, "w": "信息", "sp": "Agent"}, {"p": 31, "c": 0.9, "s": 8440, "e": 8730, "w": "嗯", "sp": "Customer"}, {"p": 32, "c": 0.9, "s": 8522, "e": 8694, "w": "想", "sp": "Agent"}, {"p": 33, "c": 0.9, "s": 8694, "e": 8867, "w": "问", "sp": "Agent"}, {"p": 34, "c": 0.9, "s": 8730, "e": 9019, "w": "对", "sp": "Customer"}, {"p": 35, "c": 0.9, "s": 8867, "e": 9212, "w": "一下", "sp": "Agent"}, {"p": 36, "c": 0.9, "s": 9020, "e": 9310, "w": "我", "sp": "Customer"}, {"p": 37, "c": 0.9, "s": 9212, "e": 9729, "w": "是不是", "sp": "Agent"}, {"p": 38, "c": 0.9, "s": 9310, "e": 9600, "w": "我", "sp": "Customer"}, {"p": 39, "c": 0.9, "s": 9600, "e": 9890, "w": "想", "sp": "Customer"}, {"p": 40, "c": 0.9, "s": 9729, "e": 9901, "w": "要", "sp": "Agent"}, {"p": 41, "c": 0.9, "s": 9890, "e": 10180, "w": "对", "sp": "Customer"}, {"p": 42, "c": 0.9, "s": 9901, "e": 10074, "w": "呃", "sp": "Agent"}, {"p": 43, "c": 0.9, "s": 10074, "e": 10246, "w": "想", "sp": "Agent"}, {"p": 44, "c": 0.9, "s": 10180, "e": 10470, "w": "我", "sp": "Customer"}, {"p": 45, "c": 0.9, "s": 10246, "e": 10591, "w": "了解", "sp": "Agent"}, {"p": 46, "c": 0.9, "s": 10470, "e": 10760, "w": "想", "sp": "Customer"}, {"p": 47, "c": 0.9, "s": 10591, "e": 10934, "w": "家装", "sp": "Agent"}, {"p": 48, "c": 0.9, "s": 10760, "e": 11340, "w": "了解", "sp": "Customer"}, {"p": 49, "c": 0.9, "s": 10935, "e": 11280, "w": "空调", "sp": "Agent"}, {"p": 50, "c": 0.9, "s": 11280, "e": 11453, "w": "好", "sp": "Agent"}, {"p": 51, "c": 0.9, "s": 11340, "e": 11920, "w": "一下", "sp": "Customer"}, {"p": 52, "c": 0.9, "s": 11453, "e": 11625, "w": "的", "sp": "Agent"}, {"p": 53, "c": 0.9, "s": 11625, "e": 11970, "w": "明白", "sp": "Agent"}, {"p": 54, "c": 0.9, "s": 11970, "e": 12142, "w": "了", "sp": "Agent"}, {"p": 55, "c": 0.9, "s": 12142, "e": 12315, "w": "您", "sp": "Agent"}, {"p": 56, "c": 0.9, "s": 12200, "e": 13150, "w": "对", "sp": "Customer"}, {"p": 57, "c": 0.9, "s": 12315, "e": 12658, "w": "这边", "sp": "Agent"}, {"p": 58, "c": 0.9, "s": 12659, "e": 12832, "w": "看", "sp": "Agent"}, {"p": 59, "c": 0.9, "s": 12832, "e": 13004, "w": "您", "sp": "Agent"}, {"p": 60, "c": 0.9, "s": 13004, "e": 13349, "w": "留言", "sp": "Agent"}, {"p": 61, "c": 0.9, "s": 13349, "e": 13521, "w": "是", "sp": "Agent"}, {"p": 62, "c": 0.9, "s": 13521, "e": 14210, "w": "一百二十", "sp": "Agent"}, {"p": 63, "c": 0.9, "s": 14211, "e": 14383, "w": "平", "sp": "Agent"}, {"p": 64, "c": 0.9, "s": 14383, "e": 14556, "w": "是", "sp": "Agent"}, {"p": 65, "c": 0.9, "s": 14556, "e": 14728, "w": "个", "sp": "Agent"}, {"p": 66, "c": 0.9, "s": 14728, "e": 15073, "w": "三室", "sp": "Agent"}, {"p": 67, "c": 0.9, "s": 15073, "e": 15245, "w": "两", "sp": "Agent"}, {"p": 68, "c": 0.9, "s": 15245, "e": 15418, "w": "厅", "sp": "Agent"}, {"p": 69, "c": 0.9, "s": 15418, "e": 15590, "w": "的", "sp": "Agent"}, {"p": 70, "c": 0.9, "s": 15590, "e": 15935, "w": "房屋", "sp": "Agent"}, {"p": 71, "c": 0.9, "s": 15935, "e": 16107, "w": "对", "sp": "Agent"}, {"p": 72, "c": 0.9, "s": 16107, "e": 16280, "w": "吧", "sp": "Agent"}, {"p": 73, "c": 0.9, "s": 16460, "e": 16835, "w": "对", "sp": "Customer"}, {"p": 74, "c": 0.9, "s": 16835, "e": 17210, "w": "呀", "sp": "Customer"}, {"p": 75, "c": 0.9, "s": 17210, "e": 17960, "w": "但是", "sp": "Customer"}, {"p": 76, "c": 0.9, "s": 17960, "e": 18335, "w": "我", "sp": "Customer"}, {"p": 77, "c": 0.9, "s": 18335, "e": 18710, "w": "想", "sp": "Customer"}, {"p": 78, "c": 0.9, "s": 18660, "e": 18871, "w": "嗯", "sp": "Agent"}, {"p": 79, "c": 0.9, "s": 18710, "e": 19085, "w": "就", "sp": "Customer"}, {"p": 80, "c": 0.9, "s": 18871, "e": 19082, "w": "啊", "sp": "Agent"}, {"p": 81, "c": 0.9, "s": 19082, "e": 19505, "w": "然后", "sp": "Agent"}, {"p": 82, "c": 0.9, "s": 19085, "e": 19460, "w": "坐", "sp": "Customer"}, {"p": 83, "c": 0.9, "s": 19460, "e": 20210, "w": "客厅", "sp": "Customer"}, {"p": 84, "c": 0.9, "s": 19505, "e": 19716, "w": "他", "sp": "Agent"}, {"p": 85, "c": 0.9, "s": 19716, "e": 19928, "w": "嗯", "sp": "Agent"}, {"p": 86, "c": 0.9, "s": 19928, "e": 20350, "w": "客厅", "sp": "Agent"}, {"p": 87, "c": 0.9, "s": 20350, "e": 20773, "w": "然后", "sp": "Agent"}, {"p": 88, "c": 0.9, "s": 20773, "e": 21196, "w": "三个", "sp": "Agent"}, {"p": 89, "c": 0.9, "s": 21196, "e": 21618, "w": "房间", "sp": "Agent"}, {"p": 90, "c": 0.9, "s": 21618, "e": 21830, "w": "呢", "sp": "Agent"}, {"p": 91, "c": 0.9, "s": 21830, "e": 22041, "w": "是", "sp": "Agent"}, {"p": 92, "c": 0.9, "s": 22041, "e": 22252, "w": "不", "sp": "Agent"}, {"p": 93, "c": 0.9, "s": 22252, "e": 22675, "w": "准备", "sp": "Agent"}, {"p": 94, "c": 0.9, "s": 22675, "e": 23098, "w": "安装", "sp": "Agent"}, {"p": 95, "c": 0.9, "s": 23098, "e": 23309, "w": "吗", "sp": "Agent"}, {"p": 96, "c": 0.9, "s": 23309, "e": 23732, "w": "还是", "sp": "Agent"}, {"p": 97, "c": 0.9, "s": 23732, "e": 24154, "w": "已经", "sp": "Agent"}, {"p": 98, "c": 0.9, "s": 24154, "e": 24366, "w": "装", "sp": "Agent"}, {"p": 99, "c": 0.9, "s": 24366, "e": 24577, "w": "好", "sp": "Agent"}, {"p": 100, "c": 0.9, "s": 24577, "e": 24788, "w": "了", "sp": "Agent"}, {"p": 101, "c": 0.9, "s": 24788, "e": 25000, "w": "呢", "sp": "Agent"}, {"p": 102, "c": 0.9, "s": 25090, "e": 25539, "w": "三个", "sp": "Customer"}, {"p": 103, "c": 0.9, "s": 25539, "e": 25987, "w": "房间", "sp": "Customer"}, {"p": 104, "c": 0.9, "s": 25988, "e": 26438, "w": "不用", "sp": "Customer"}, {"p": 105, "c": 0.9, "s": 26438, "e": 26887, "w": "安装", "sp": "Customer"}, {"p": 106, "c": 0.9, "s": 26530, "e": 27780, "w": "啊", "sp": "Agent"}, {"p": 107, "c": 0.9, "s": 26887, "e": 27112, "w": "吧", "sp": "Customer"}, {"p": 108, "c": 0.9, "s": 27112, "e": 27337, "w": "我", "sp": "Customer"}, {"p": 109, "c": 0.9, "s": 27337, "e": 27562, "w": "想", "sp": "Customer"}, {"p": 110, "c": 0.9, "s": 27562, "e": 28011, "w": "三个", "sp": "Customer"}, {"p": 111, "c": 0.9, "s": 28011, "e": 28461, "w": "房间", "sp": "Customer"}, {"p": 112, "c": 0.9, "s": 28461, "e": 28685, "w": "又", "sp": "Customer"}, {"p": 113, "c": 0.9, "s": 28685, "e": 28910, "w": "买", "sp": "Customer"}, {"p": 114, "c": 0.9, "s": 28910, "e": 29360, "w": "那个", "sp": "Customer"}, {"p": 115, "c": 0.9, "s": 29820, "e": 30420, "w": "什么", "sp": "Customer"}, {"p": 116, "c": 0.9, "s": 30120, "e": 30282, "w": "哦", "sp": "Agent"}, {"p": 117, "c": 0.9, "s": 30282, "e": 30445, "w": "哦", "sp": "Agent"}, {"p": 118, "c": 0.9, "s": 30420, "e": 31020, "w": "挂机", "sp": "Customer"}, {"p": 119, "c": 0.9, "s": 30445, "e": 30771, "w": "我们", "sp": "Agent"}, {"p": 120, "c": 0.9, "s": 30771, "e": 31096, "w": "这边", "sp": "Agent"}, {"p": 121, "c": 0.9, "s": 31020, "e": 31320, "w": "式", "sp": "Customer"}, {"p": 122, "c": 0.9, "s": 31096, "e": 31422, "w": "的话", "sp": "Agent"}, {"p": 123, "c": 0.9, "s": 31320, "e": 31619, "w": "的", "sp": "Customer"}, {"p": 124, "c": 0.9, "s": 31422, "e": 31585, "w": "也", "sp": "Agent"}, {"p": 125, "c": 0.9, "s": 31585, "e": 31748, "w": "是", "sp": "Agent"}, {"p": 126, "c": 0.9, "s": 31748, "e": 31911, "w": "有", "sp": "Agent"}, {"p": 127, "c": 0.9, "s": 31911, "e": 32072, "w": "卦", "sp": "Agent"}, {"p": 128, "c": 0.9, "s": 32073, "e": 32399, "w": "地势", "sp": "Agent"}, {"p": 129, "c": 0.9, "s": 32398, "e": 32561, "w": "空", "sp": "Agent"}, {"p": 130, "c": 0.9, "s": 32562, "e": 32888, "w": "调和", "sp": "Agent"}, {"p": 131, "c": 0.9, "s": 32888, "e": 33213, "w": "柜机", "sp": "Agent"}, {"p": 132, "c": 0.9, "s": 33213, "e": 33376, "w": "的", "sp": "Agent"}, {"p": 133, "c": 0.9, "s": 33376, "e": 33538, "w": "您", "sp": "Agent"}, {"p": 134, "c": 0.9, "s": 33539, "e": 33865, "w": "可以", "sp": "Agent"}, {"p": 135, "c": 0.9, "s": 33865, "e": 34027, "w": "做", "sp": "Agent"}, {"p": 136, "c": 0.9, "s": 34027, "e": 34190, "w": "个", "sp": "Agent"}, {"p": 137, "c": 0.9, "s": 34190, "e": 34516, "w": "了解", "sp": "Agent"}, {"p": 138, "c": 0.9, "s": 34516, "e": 34842, "w": "如果", "sp": "Agent"}, {"p": 139, "c": 0.9, "s": 34842, "e": 35167, "w": "觉得", "sp": "Agent"}, {"p": 140, "c": 0.9, "s": 35167, "e": 35493, "w": "合适", "sp": "Agent"}, {"p": 141, "c": 0.9, "s": 35493, "e": 35819, "w": "的话", "sp": "Agent"}, {"p": 142, "c": 0.9, "s": 35819, "e": 35981, "w": "您", "sp": "Agent"}, {"p": 143, "c": 0.9, "s": 35981, "e": 36143, "w": "就", "sp": "Agent"}, {"p": 144, "c": 0.9, "s": 36144, "e": 36470, "w": "可以", "sp": "Agent"}, {"p": 145, "c": 0.9, "s": 36470, "e": 36796, "w": "了解", "sp": "Agent"}, {"p": 146, "c": 0.9, "s": 36796, "e": 37121, "w": "一下", "sp": "Agent"}, {"p": 147, "c": 0.9, "s": 37121, "e": 37283, "w": "不", "sp": "Agent"}, {"p": 148, "c": 0.9, "s": 37284, "e": 37610, "w": "合适", "sp": "Agent"}, {"p": 149, "c": 0.9, "s": 37610, "e": 37935, "w": "的话", "sp": "Agent"}, {"p": 150, "c": 0.9, "s": 37935, "e": 38098, "w": "也", "sp": "Agent"}, {"p": 151, "c": 0.9, "s": 38098, "e": 38586, "w": "没关系", "sp": "Agent"}, {"p": 152, "c": 0.9, "s": 38587, "e": 38750, "w": "的", "sp": "Agent"}, {"p": 153, "c": 0.9, "s": 38830, "e": 39128, "w": "好", "sp": "Customer"}, {"p": 154, "c": 0.9, "s": 39128, "e": 39426, "w": "的", "sp": "Customer"}, {"p": 155, "c": 0.9, "s": 39426, "e": 39724, "w": "你", "sp": "Customer"}, {"p": 156, "c": 0.9, "s": 39724, "e": 40321, "w": "这样", "sp": "Customer"}, {"p": 157, "c": 0.9, "s": 39740, "e": 40152, "w": "嗯", "sp": "Agent"}, {"p": 158, "c": 0.9, "s": 40152, "e": 40564, "w": "好", "sp": "Agent"}, {"p": 159, "c": 0.9, "s": 40321, "e": 40619, "w": "我", "sp": "Customer"}, {"p": 160, "c": 0.9, "s": 40564, "e": 40975, "w": "的", "sp": "Agent"}, {"p": 161, "c": 0.9, "s": 40619, "e": 40917, "w": "问", "sp": "Customer"}, {"p": 162, "c": 0.9, "s": 40917, "e": 41514, "w": "一下", "sp": "Customer"}, {"p": 163, "c": 0.9, "s": 40976, "e": 41388, "w": "行", "sp": "Agent"}, {"p": 164, "c": 0.9, "s": 41388, "e": 41800, "w": "嗯", "sp": "Agent"}, {"p": 165, "c": 0.9, "s": 41514, "e": 42110, "w": "了解", "sp": "Customer"}, {"p": 166, "c": 0.9, "s": 42110, "e": 42707, "w": "了解", "sp": "Customer"}, {"p": 167, "c": 0.9, "s": 42540, "e": 43540, "w": "嗯", "sp": "Agent"}, {"p": 168, "c": 0.9, "s": 42707, "e": 43303, "w": "如果", "sp": "Customer"}, {"p": 169, "c": 0.9, "s": 43303, "e": 43900, "w": "如果", "sp": "Customer"}, {"p": 170, "c": 0.9, "s": 43900, "e": 44198, "w": "我", "sp": "Customer"}, {"p": 171, "c": 0.9, "s": 44198, "e": 44496, "w": "还", "sp": "Customer"}, {"p": 172, "c": 0.9, "s": 44496, "e": 45093, "w": "准备", "sp": "Customer"}, {"p": 173, "c": 0.9, "s": 45093, "e": 45690, "w": "装修", "sp": "Customer"}, {"p": 174, "c": 0.9, "s": 45180, "e": 45415, "w": "嗯", "sp": "Agent"}, {"p": 175, "c": 0.9, "s": 45415, "e": 45885, "w": "准备", "sp": "Agent"}, {"p": 176, "c": 0.9, "s": 45885, "e": 46356, "w": "装修", "sp": "Agent"}, {"p": 177, "c": 0.9, "s": 45970, "e": 47340, "w": "嗯", "sp": "Customer"}, {"p": 178, "c": 0.9, "s": 46356, "e": 46591, "w": "那", "sp": "Agent"}, {"p": 179, "c": 0.9, "s": 46591, "e": 47062, "w": "大概", "sp": "Agent"}, {"p": 180, "c": 0.9, "s": 47062, "e": 47297, "w": "在", "sp": "Agent"}, {"p": 181, "c": 0.9, "s": 47297, "e": 48003, "w": "四月份", "sp": "Agent"}, {"p": 182, "c": 0.9, "s": 48003, "e": 48473, "w": "左右", "sp": "Agent"}, {"p": 183, "c": 0.9, "s": 48140, "e": 48376, "w": "对", "sp": "Customer"}, {"p": 184, "c": 0.9, "s": 48376, "e": 48612, "w": "的", "sp": "Customer"}, {"p": 185, "c": 0.9, "s": 48473, "e": 48708, "w": "对", "sp": "Agent"}, {"p": 186, "c": 0.9, "s": 48612, "e": 49084, "w": "然后", "sp": "Customer"}, {"p": 187, "c": 0.9, "s": 48708, "e": 48944, "w": "吧", "sp": "Agent"}, {"p": 188, "c": 0.9, "s": 48944, "e": 49179, "w": "嗯", "sp": "Agent"}, {"p": 189, "c": 0.9, "s": 49084, "e": 49320, "w": "我", "sp": "Customer"}, {"p": 190, "c": 0.9, "s": 49179, "e": 49414, "w": "好", "sp": "Agent"}, {"p": 191, "c": 0.9, "s": 49320, "e": 49557, "w": "想", "sp": "Customer"}, {"p": 192, "c": 0.9, "s": 49414, "e": 49650, "w": "的", "sp": "Agent"}, {"p": 193, "c": 0.9, "s": 49557, "e": 50029, "w": "如果", "sp": "Customer"}, {"p": 194, "c": 0.9, "s": 50029, "e": 50265, "w": "买", "sp": "Customer"}, {"p": 195, "c": 0.9, "s": 50265, "e": 50501, "w": "一", "sp": "Customer"}, {"p": 196, "c": 0.9, "s": 50501, "e": 50738, "w": "托", "sp": "Customer"}, {"p": 197, "c": 0.9, "s": 50738, "e": 50974, "w": "二", "sp": "Customer"}, {"p": 198, "c": 0.9, "s": 50974, "e": 51210, "w": "的", "sp": "Customer"}, {"p": 199, "c": 0.9, "s": 51210, "e": 51446, "w": "跟", "sp": "Customer"}, {"p": 200, "c": 0.9, "s": 51446, "e": 51682, "w": "一", "sp": "Customer"}, {"p": 201, "c": 0.9, "s": 51682, "e": 51919, "w": "托", "sp": "Customer"}, {"p": 202, "c": 0.9, "s": 51919, "e": 52155, "w": "五", "sp": "Customer"}, {"p": 203, "c": 0.9, "s": 52155, "e": 52391, "w": "的", "sp": "Customer"}, {"p": 204, "c": 0.9, "s": 52391, "e": 52863, "w": "如果", "sp": "Customer"}, {"p": 205, "c": 0.9, "s": 52700, "e": 53276, "w": "哦", "sp": "Agent"}, {"p": 206, "c": 0.9, "s": 52863, "e": 53336, "w": "三个", "sp": "Customer"}, {"p": 207, "c": 0.9, "s": 53276, "e": 53853, "w": "好", "sp": "Agent"}, {"p": 208, "c": 0.9, "s": 53336, "e": 53808, "w": "房间", "sp": "Customer"}, {"p": 209, "c": 0.9, "s": 53808, "e": 54044, "w": "的", "sp": "Customer"}, {"p": 210, "c": 0.9, "s": 53853, "e": 54430, "w": "的", "sp": "Agent"}, {"p": 211, "c": 0.9, "s": 54044, "e": 54280, "w": "要", "sp": "Customer"}, {"p": 212, "c": 0.9, "s": 54280, "e": 54753, "w": "的话", "sp": "Customer"}, {"p": 213, "c": 0.9, "s": 54753, "e": 54989, "w": "一", "sp": "Customer"}, {"p": 214, "c": 0.9, "s": 54989, "e": 55225, "w": "托", "sp": "Customer"}, {"p": 215, "c": 0.9, "s": 55225, "e": 55461, "w": "五", "sp": "Customer"}, {"p": 216, "c": 0.9, "s": 55390, "e": 55550, "w": "嗯", "sp": "Agent"}, {"p": 217, "c": 0.9, "s": 55461, "e": 55934, "w": "什么", "sp": "Customer"}, {"p": 218, "c": 0.9, "s": 55550, "e": 55710, "w": "好", "sp": "Agent"}, {"p": 219, "c": 0.9, "s": 55710, "e": 55870, "w": "的", "sp": "Agent"}, {"p": 220, "c": 0.9, "s": 55870, "e": 56191, "w": "明白", "sp": "Agent"}, {"p": 221, "c": 0.9, "s": 55934, "e": 56406, "w": "这个", "sp": "Customer"}, {"p": 222, "c": 0.9, "s": 56191, "e": 56351, "w": "了", "sp": "Agent"}, {"p": 223, "c": 0.9, "s": 56351, "e": 56511, "w": "行", "sp": "Agent"}, {"p": 224, "c": 0.9, "s": 56406, "e": 56878, "w": "价格", "sp": "Customer"}, {"p": 225, "c": 0.9, "s": 56511, "e": 56671, "w": "我", "sp": "Agent"}, {"p": 226, "c": 0.9, "s": 56671, "e": 56992, "w": "这边", "sp": "Agent"}, {"p": 227, "c": 0.9, "s": 56879, "e": 57351, "w": "什么", "sp": "Customer"}, {"p": 228, "c": 0.9, "s": 56992, "e": 57312, "w": "的话", "sp": "Agent"}, {"p": 229, "c": 0.9, "s": 57312, "e": 57473, "w": "先", "sp": "Agent"}, {"p": 230, "c": 0.9, "s": 57351, "e": 57823, "w": "区别", "sp": "Customer"}, {"p": 231, "c": 0.9, "s": 57473, "e": 57633, "w": "给", "sp": "Agent"}, {"p": 232, "c": 0.9, "s": 57633, "e": 57793, "w": "您", "sp": "Agent"}, {"p": 233, "c": 0.9, "s": 57793, "e": 57953, "w": "出", "sp": "Agent"}, {"p": 234, "c": 0.9, "s": 57823, "e": 58060, "w": "嗯", "sp": "Customer"}, {"p": 235, "c": 0.9, "s": 57953, "e": 58114, "w": "个", "sp": "Agent"}, {"p": 236, "c": 0.9, "s": 58114, "e": 58434, "w": "中央", "sp": "Agent"}, {"p": 237, "c": 0.9, "s": 58434, "e": 58753, "w": "空调", "sp": "Agent"}, {"p": 238, "c": 0.9, "s": 58754, "e": 59075, "w": "然后", "sp": "Agent"}, {"p": 239, "c": 0.9, "s": 59075, "e": 59395, "w": "就是", "sp": "Agent"}, {"p": 240, "c": 0.9, "s": 59395, "e": 59716, "w": "不单", "sp": "Agent"}, {"p": 241, "c": 0.9, "s": 59716, "e": 60036, "w": "客厅", "sp": "Agent"}, {"p": 242, "c": 0.9, "s": 60036, "e": 60197, "w": "的", "sp": "Agent"}, {"p": 243, "c": 0.9, "s": 60197, "e": 60517, "w": "另外", "sp": "Agent"}, {"p": 244, "c": 0.9, "s": 60517, "e": 60677, "w": "就", "sp": "Agent"}, {"p": 245, "c": 0.9, "s": 60677, "e": 60837, "w": "全", "sp": "Agent"}, {"p": 246, "c": 0.9, "s": 60838, "e": 60998, "w": "屋", "sp": "Agent"}, {"p": 247, "c": 0.9, "s": 60998, "e": 61158, "w": "的", "sp": "Agent"}, {"p": 248, "c": 0.9, "s": 61158, "e": 61478, "w": "中央", "sp": "Agent"}, {"p": 249, "c": 0.9, "s": 61478, "e": 61799, "w": "空调", "sp": "Agent"}, {"p": 250, "c": 0.9, "s": 61620, "e": 62306, "w": "对", "sp": "Customer"}, {"p": 251, "c": 0.9, "s": 61799, "e": 61959, "w": "的", "sp": "Agent"}, {"p": 252, "c": 0.9, "s": 61959, "e": 62280, "w": "方案", "sp": "Agent"}, {"p": 253, "c": 0.9, "s": 62280, "e": 62600, "w": "报价", "sp": "Agent"}, {"p": 254, "c": 0.9, "s": 62306, "e": 62993, "w": "对", "sp": "Customer"}, {"p": 255, "c": 0.9, "s": 62600, "e": 62760, "w": "您", "sp": "Agent"}, {"p": 256, "c": 0.9, "s": 62760, "e": 62920, "w": "做", "sp": "Agent"}, {"p": 257, "c": 0.9, "s": 62921, "e": 63081, "w": "个", "sp": "Agent"}, {"p": 258, "c": 0.9, "s": 62993, "e": 63680, "w": "对", "sp": "Customer"}, {"p": 259, "c": 0.9, "s": 63081, "e": 63401, "w": "比较", "sp": "Agent"}, {"p": 260, "c": 0.9, "s": 63401, "e": 63722, "w": "对比", "sp": "Agent"}, {"p": 261, "c": 0.9, "s": 63722, "e": 64042, "w": "一下", "sp": "Agent"}, {"p": 262, "c": 0.9, "s": 63960, "e": 64232, "w": "对", "sp": "Customer"}, {"p": 263, "c": 0.9, "s": 64042, "e": 64202, "w": "嗯", "sp": "Agent"}, {"p": 264, "c": 0.9, "s": 64202, "e": 64363, "w": "好", "sp": "Agent"}, {"p": 265, "c": 0.9, "s": 64232, "e": 64505, "w": "的", "sp": "Customer"}, {"p": 266, "c": 0.9, "s": 64363, "e": 64523, "w": "的", "sp": "Agent"}, {"p": 267, "c": 0.9, "s": 64504, "e": 64777, "w": "对", "sp": "Customer"}, {"p": 268, "c": 0.9, "s": 64523, "e": 64843, "w": "明白", "sp": "Agent"}, {"p": 269, "c": 0.9, "s": 64777, "e": 65050, "w": "的", "sp": "Customer"}, {"p": 270, "c": 0.9, "s": 64843, "e": 65004, "w": "了", "sp": "Agent"}, {"p": 271, "c": 0.9, "s": 65003, "e": 65323, "w": "然后", "sp": "Agent"}, {"p": 272, "c": 0.9, "s": 65323, "e": 65484, "w": "不", "sp": "Agent"}, {"p": 273, "c": 0.9, "s": 65484, "e": 65805, "w": "知道", "sp": "Agent"}, {"p": 274, "c": 0.9, "s": 65805, "e": 65965, "w": "您", "sp": "Agent"}, {"p": 275, "c": 0.9, "s": 65965, "e": 66285, "w": "这边", "sp": "Agent"}, {"p": 276, "c": 0.9, "s": 66286, "e": 66446, "w": "有", "sp": "Agent"}, {"p": 277, "c": 0.9, "s": 66446, "e": 66766, "w": "联系", "sp": "Agent"}, {"p": 278, "c": 0.9, "s": 66766, "e": 66926, "w": "过", "sp": "Agent"}, {"p": 279, "c": 0.9, "s": 66926, "e": 67247, "w": "当地", "sp": "Agent"}, {"p": 280, "c": 0.9, "s": 67247, "e": 67567, "w": "门店", "sp": "Agent"}, {"p": 281, "c": 0.9, "s": 67567, "e": 67728, "w": "去", "sp": "Agent"}, {"p": 282, "c": 0.9, "s": 67728, "e": 68048, "w": "了解", "sp": "Agent"}, {"p": 283, "c": 0.9, "s": 68048, "e": 68208, "w": "过", "sp": "Agent"}, {"p": 284, "c": 0.9, "s": 68208, "e": 68529, "w": "我们", "sp": "Agent"}, {"p": 285, "c": 0.9, "s": 68529, "e": 68849, "w": "产品", "sp": "Agent"}, {"p": 286, "c": 0.9, "s": 68849, "e": 69010, "w": "吗", "sp": "Agent"}, {"p": 287, "c": 0.9, "s": 69850, "e": 70406, "w": "门店", "sp": "Customer"}, {"p": 288, "c": 0.9, "s": 70406, "e": 70685, "w": "在", "sp": "Customer"}, {"p": 289, "c": 0.9, "s": 70685, "e": 71242, "w": "哪里", "sp": "Customer"}, {"p": 290, "c": 0.9, "s": 71242, "e": 71520, "w": "啊", "sp": "Customer"}, {"p": 291, "c": 0.9, "s": 71520, "e": 71798, "w": "嗯", "sp": "Customer"}, {"p": 292, "c": 0.9, "s": 71799, "e": 72077, "w": "没", "sp": "Customer"}, {"p": 293, "c": 0.9, "s": 72077, "e": 72356, "w": "没", "sp": "Customer"}, {"p": 294, "c": 0.9, "s": 72356, "e": 72913, "w": "没有", "sp": "Customer"}, {"p": 295, "c": 0.9, "s": 72780, "e": 72964, "w": "哦", "sp": "Agent"}, {"p": 296, "c": 0.9, "s": 72913, "e": 73191, "w": "去", "sp": "Customer"}, {"p": 297, "c": 0.9, "s": 72964, "e": 73147, "w": "好", "sp": "Agent"}, {"p": 298, "c": 0.9, "s": 73148, "e": 73332, "w": "的", "sp": "Agent"}, {"p": 299, "c": 0.9, "s": 73191, "e": 73470, "w": "过", "sp": "Customer"}, {"p": 300, "c": 0.9, "s": 73332, "e": 73517, "w": "行", "sp": "Agent"}, {"p": 301, "c": 0.9, "s": 73517, "e": 73884, "w": "这边", "sp": "Agent"}, {"p": 302, "c": 0.9, "s": 73885, "e": 74254, "w": "的话", "sp": "Agent"}, {"p": 303, "c": 0.9, "s": 74254, "e": 74437, "w": "给", "sp": "Agent"}, {"p": 304, "c": 0.9, "s": 74438, "e": 74622, "w": "您", "sp": "Agent"}, {"p": 305, "c": 0.9, "s": 74622, "e": 74991, "w": "简单", "sp": "Agent"}, {"p": 306, "c": 0.9, "s": 74991, "e": 75360, "w": "介绍", "sp": "Agent"}, {"p": 307, "c": 0.9, "s": 75360, "e": 75728, "w": "一下", "sp": "Agent"}, {"p": 308, "c": 0.9, "s": 75728, "e": 75911, "w": "您", "sp": "Agent"}, {"p": 309, "c": 0.9, "s": 75810, "e": 76320, "w": "嗯", "sp": "Customer"}, {"p": 310, "c": 0.9, "s": 75912, "e": 76097, "w": "看", "sp": "Agent"}, {"p": 311, "c": 0.9, "s": 76097, "e": 76465, "w": "方便", "sp": "Agent"}, {"p": 312, "c": 0.9, "s": 76320, "e": 76830, "w": "嗯", "sp": "Customer"}, {"p": 313, "c": 0.9, "s": 76465, "e": 76649, "w": "吗", "sp": "Agent"}, {"p": 314, "c": 0.9, "s": 76830, "e": 77850, "w": "可以", "sp": "Customer"}, {"p": 315, "c": 0.9, "s": 77270, "e": 77454, "w": "嗯", "sp": "Agent"}, {"p": 316, "c": 0.9, "s": 77455, "e": 77640, "w": "好", "sp": "Agent"}, {"p": 317, "c": 0.9, "s": 77640, "e": 77826, "w": "的", "sp": "Agent"}, {"p": 318, "c": 0.9, "s": 77826, "e": 78197, "w": "目前", "sp": "Agent"}, {"p": 319, "c": 0.9, "s": 78197, "e": 78382, "w": "啊", "sp": "Agent"}, {"p": 320, "c": 0.9, "s": 78382, "e": 78753, "w": "我们", "sp": "Agent"}, {"p": 321, "c": 0.9, "s": 78753, "e": 79124, "w": "更新", "sp": "Agent"}, {"p": 322, "c": 0.9, "s": 79124, "e": 79309, "w": "到", "sp": "Agent"}, {"p": 323, "c": 0.9, "s": 79309, "e": 79494, "w": "了", "sp": "Agent"}, {"p": 324, "c": 0.9, "s": 79495, "e": 79866, "w": "第七", "sp": "Agent"}, {"p": 325, "c": 0.9, "s": 79866, "e": 80050, "w": "代", "sp": "Agent"}, {"p": 326, "c": 0.9, "s": 80051, "e": 80236, "w": "装", "sp": "Agent"}, {"p": 327, "c": 0.9, "s": 80236, "e": 80607, "w": "空调", "sp": "Agent"}, {"p": 328, "c": 0.9, "s": 80607, "e": 80978, "w": "其中", "sp": "Agent"}, {"p": 329, "c": 0.9, "s": 80978, "e": 81163, "w": "啊", "sp": "Agent"}, {"p": 330, "c": 0.9, "s": 81164, "e": 81534, "w": "主推", "sp": "Agent"}, {"p": 331, "c": 0.9, "s": 81534, "e": 81719, "w": "的", "sp": "Agent"}, {"p": 332, "c": 0.9, "s": 81720, "e": 81905, "w": "是", "sp": "Agent"}, {"p": 333, "c": 0.9, "s": 81905, "e": 82090, "w": "温", "sp": "Agent"}, {"p": 334, "c": 0.9, "s": 82091, "e": 82276, "w": "湿", "sp": "Agent"}, {"p": 335, "c": 0.9, "s": 82276, "e": 82462, "w": "瓶", "sp": "Agent"}, {"p": 336, "c": 0.9, "s": 82462, "e": 82646, "w": "和", "sp": "Agent"}, {"p": 337, "c": 0.9, "s": 82647, "e": 83018, "w": "室内", "sp": "Agent"}, {"p": 338, "c": 0.9, "s": 83018, "e": 83202, "w": "机", "sp": "Agent"}, {"p": 339, "c": 0.9, "s": 83203, "e": 83389, "w": "它", "sp": "Agent"}, {"p": 340, "c": 0.9, "s": 83389, "e": 83574, "w": "呢", "sp": "Agent"}, {"p": 341, "c": 0.9, "s": 83574, "e": 83945, "w": "可以", "sp": "Agent"}, {"p": 342, "c": 0.9, "s": 83945, "e": 84316, "w": "保持", "sp": "Agent"}, {"p": 343, "c": 0.9, "s": 84316, "e": 84501, "w": "您", "sp": "Agent"}, {"p": 344, "c": 0.9, "s": 84501, "e": 84687, "w": "家", "sp": "Agent"}, {"p": 345, "c": 0.9, "s": 84687, "e": 85058, "w": "里面", "sp": "Agent"}, {"p": 346, "c": 0.9, "s": 85058, "e": 85428, "w": "温度", "sp": "Agent"}, {"p": 347, "c": 0.9, "s": 85428, "e": 85799, "w": "不变", "sp": "Agent"}, {"p": 348, "c": 0.9, "s": 85799, "e": 85985, "w": "的", "sp": "Agent"}, {"p": 349, "c": 0.9, "s": 85985, "e": 86356, "w": "情况", "sp": "Agent"}, {"p": 350, "c": 0.9, "s": 86356, "e": 86541, "w": "下", "sp": "Agent"}, {"p": 351, "c": 0.9, "s": 86541, "e": 86912, "w": "自动", "sp": "Agent"}, {"p": 352, "c": 0.9, "s": 86912, "e": 87097, "w": "去", "sp": "Agent"}, {"p": 353, "c": 0.9, "s": 87097, "e": 87468, "w": "除湿", "sp": "Agent"}, {"p": 354, "c": 0.9, "s": 87468, "e": 87839, "w": "可以", "sp": "Agent"}, {"p": 355, "c": 0.9, "s": 87839, "e": 88210, "w": "除湿", "sp": "Agent"}, {"p": 356, "c": 0.9, "s": 88210, "e": 88395, "w": "不", "sp": "Agent"}, {"p": 357, "c": 0.9, "s": 88395, "e": 88766, "w": "降温", "sp": "Agent"}, {"p": 358, "c": 0.9, "s": 88766, "e": 88951, "w": "的", "sp": "Agent"}, {"p": 359, "c": 0.9, "s": 88952, "e": 89137, "w": "呃", "sp": "Agent"}, {"p": 360, "c": 0.9, "s": 89137, "e": 89508, "w": "另外", "sp": "Agent"}, {"p": 361, "c": 0.9, "s": 89508, "e": 89879, "w": "的话", "sp": "Agent"}, {"p": 362, "c": 0.9, "s": 89879, "e": 90250, "w": "我们", "sp": "Agent"}, {"p": 363, "c": 0.9, "s": 90250, "e": 90620, "w": "还有", "sp": "Agent"}, {"p": 364, "c": 0.9, "s": 90620, "e": 90806, "w": "三", "sp": "Agent"}, {"p": 365, "c": 0.9, "s": 90806, "e": 90991, "w": "D", "sp": "Agent"}, {"p": 366, "c": 0.9, "s": 90991, "e": 91362, "w": "气流", "sp": "Agent"}, {"p": 367, "c": 0.9, "s": 91362, "e": 91733, "w": "室内", "sp": "Agent"}, {"p": 368, "c": 0.9, "s": 91733, "e": 91918, "w": "机", "sp": "Agent"}, {"p": 369, "c": 0.9, "s": 91918, "e": 92104, "w": "它", "sp": "Agent"}, {"p": 370, "c": 0.9, "s": 92104, "e": 92288, "w": "呢", "sp": "Agent"}, {"p": 371, "c": 0.9, "s": 92289, "e": 92660, "w": "就是", "sp": "Agent"}, {"p": 372, "c": 0.9, "s": 92660, "e": 93031, "w": "公司", "sp": "Agent"}, {"p": 373, "c": 0.9, "s": 93031, "e": 93215, "w": "均", "sp": "Agent"}, {"p": 374, "c": 0.9, "s": 93216, "e": 93587, "w": "柔和", "sp": "Agent"}, {"p": 375, "c": 0.9, "s": 93587, "e": 93772, "w": "无", "sp": "Agent"}, {"p": 376, "c": 0.9, "s": 93773, "e": 93958, "w": "直", "sp": "Agent"}, {"p": 377, "c": 0.9, "s": 93958, "e": 94144, "w": "推", "sp": "Agent"}, {"p": 378, "c": 0.9, "s": 94144, "e": 94328, "w": "的", "sp": "Agent"}, {"p": 379, "c": 0.9, "s": 94329, "e": 94700, "w": "风干", "sp": "Agent"}, {"p": 380, "c": 0.9, "s": 94700, "e": 94884, "w": "嗯", "sp": "Agent"}, {"p": 381, "c": 0.9, "s": 94885, "e": 95071, "w": "您", "sp": "Agent"}, {"p": 382, "c": 0.9, "s": 95071, "e": 95256, "w": "家", "sp": "Agent"}, {"p": 383, "c": 0.9, "s": 95256, "e": 95627, "w": "里面", "sp": "Agent"}, {"p": 384, "c": 0.9, "s": 95627, "e": 95812, "w": "有", "sp": "Agent"}, {"p": 385, "c": 0.9, "s": 95812, "e": 96368, "w": "小朋友", "sp": "Agent"}, {"p": 386, "c": 0.9, "s": 96369, "e": 96554, "w": "啊", "sp": "Agent"}, {"p": 387, "c": 0.9, "s": 96554, "e": 96740, "w": "或", "sp": "Agent"}, {"p": 388, "c": 0.9, "s": 96740, "e": 97296, "w": "老人家", "sp": "Agent"}, {"p": 389, "c": 0.9, "s": 97296, "e": 97667, "w": "来说", "sp": "Agent"}, {"p": 390, "c": 0.9, "s": 97667, "e": 97852, "w": "他", "sp": "Agent"}, {"p": 391, "c": 0.9, "s": 97852, "e": 98037, "w": "对", "sp": "Agent"}, {"p": 392, "c": 0.9, "s": 98038, "e": 98223, "w": "着", "sp": "Agent"}, {"p": 393, "c": 0.9, "s": 98223, "e": 98408, "w": "吹", "sp": "Agent"}, {"p": 394, "c": 0.9, "s": 98408, "e": 98593, "w": "啊", "sp": "Agent"}, {"p": 395, "c": 0.9, "s": 98594, "e": 98965, "w": "不易", "sp": "Agent"}, {"p": 396, "c": 0.9, "s": 98965, "e": 99336, "w": "受凉", "sp": "Agent"}, {"p": 397, "c": 0.9, "s": 99336, "e": 99706, "w": "感冒", "sp": "Agent"}, {"p": 398, "c": 0.9, "s": 99706, "e": 99892, "w": "您", "sp": "Agent"}, {"p": 399, "c": 0.9, "s": 99892, "e": 100263, "w": "这边", "sp": "Agent"}, {"p": 400, "c": 0.9, "s": 100263, "e": 100448, "w": "可", "sp": "Agent"}, {"p": 401, "c": 0.9, "s": 100448, "e": 100819, "w": "方便", "sp": "Agent"}, {"p": 402, "c": 0.9, "s": 100819, "e": 101190, "w": "告知", "sp": "Agent"}, {"p": 403, "c": 0.9, "s": 101190, "e": 101561, "w": "一下", "sp": "Agent"}, {"p": 404, "c": 0.9, "s": 101561, "e": 101932, "w": "大概", "sp": "Agent"}, {"p": 405, "c": 0.9, "s": 101932, "e": 102117, "w": "会", "sp": "Agent"}, {"p": 406, "c": 0.9, "s": 102117, "e": 102488, "w": "居住", "sp": "Agent"}, {"p": 407, "c": 0.9, "s": 102488, "e": 102673, "w": "几", "sp": "Agent"}, {"p": 408, "c": 0.9, "s": 102673, "e": 102858, "w": "口", "sp": "Agent"}, {"p": 409, "c": 0.9, "s": 102859, "e": 103044, "w": "人", "sp": "Agent"}, {"p": 410, "c": 0.9, "s": 103044, "e": 103229, "w": "呀", "sp": "Agent"}, {"p": 411, "c": 0.9, "s": 105220, "e": 106750, "w": "嗯", "sp": "Customer"}, {"p": 412, "c": 0.9, "s": 106160, "e": 106407, "w": "是", "sp": "Agent"}, {"p": 413, "c": 0.9, "s": 106407, "e": 106655, "w": "您", "sp": "Agent"}, {"p": 414, "c": 0.9, "s": 106655, "e": 106903, "w": "家", "sp": "Agent"}, {"p": 415, "c": 0.9, "s": 106903, "e": 107398, "w": "三四", "sp": "Agent"}, {"p": 416, "c": 0.9, "s": 107030, "e": 107486, "w": "现在", "sp": "Customer"}, {"p": 417, "c": 0.9, "s": 107398, "e": 107646, "w": "口", "sp": "Agent"}, {"p": 418, "c": 0.9, "s": 107486, "e": 107942, "w": "现在", "sp": "Customer"}, {"p": 419, "c": 0.9, "s": 107646, "e": 107894, "w": "吗", "sp": "Agent"}, {"p": 420, "c": 0.9, "s": 107894, "e": 108390, "w": "还是", "sp": "Agent"}, {"p": 421, "c": 0.9, "s": 107942, "e": 108170, "w": "就", "sp": "Customer"}, {"p": 422, "c": 0.9, "s": 108170, "e": 108626, "w": "一家", "sp": "Customer"}, {"p": 423, "c": 0.9, "s": 108626, "e": 109082, "w": "三口", "sp": "Customer"}, {"p": 424, "c": 0.9, "s": 108670, "e": 108840, "w": "哦", "sp": "Agent"}, {"p": 425, "c": 0.9, "s": 108841, "e": 109013, "w": "好", "sp": "Agent"}, {"p": 426, "c": 0.9, "s": 109013, "e": 109184, "w": "的", "sp": "Agent"}, {"p": 427, "c": 0.9, "s": 109082, "e": 109310, "w": "呀", "sp": "Customer"}, {"p": 428, "c": 0.9, "s": 109184, "e": 109527, "w": "明白", "sp": "Agent"}, {"p": 429, "c": 0.9, "s": 109527, "e": 109699, "w": "了", "sp": "Agent"}, {"p": 430, "c": 0.9, "s": 109699, "e": 110042, "w": "然后", "sp": "Agent"}, {"p": 431, "c": 0.9, "s": 110042, "e": 110385, "w": "我们", "sp": "Agent"}, {"p": 432, "c": 0.9, "s": 110385, "e": 110728, "w": "这边", "sp": "Agent"}, {"p": 433, "c": 0.9, "s": 110728, "e": 111071, "w": "还有", "sp": "Agent"}, {"p": 434, "c": 0.9, "s": 111071, "e": 111242, "w": "地", "sp": "Agent"}, {"p": 435, "c": 0.9, "s": 111242, "e": 111585, "w": "暖和", "sp": "Agent"}, {"p": 436, "c": 0.9, "s": 111585, "e": 111928, "w": "新风", "sp": "Agent"}, {"p": 437, "c": 0.9, "s": 111928, "e": 112271, "w": "系统", "sp": "Agent"}, {"p": 438, "c": 0.9, "s": 112271, "e": 112443, "w": "您", "sp": "Agent"}, {"p": 439, "c": 0.9, "s": 112443, "e": 112786, "w": "只要", "sp": "Agent"}, {"p": 440, "c": 0.9, "s": 112560, "e": 112780, "w": "啊", "sp": "Customer"}, {"p": 441, "c": 0.9, "s": 112780, "e": 113220, "w": "尽量", "sp": "Customer"}, {"p": 442, "c": 0.9, "s": 112786, "e": 113129, "w": "一起", "sp": "Agent"}, {"p": 443, "c": 0.9, "s": 113129, "e": 113472, "w": "了解", "sp": "Agent"}, {"p": 444, "c": 0.9, "s": 113220, "e": 113440, "w": "不", "sp": "Customer"}, {"p": 445, "c": 0.9, "s": 113440, "e": 113880, "w": "考虑", "sp": "Customer"}, {"p": 446, "c": 0.9, "s": 113472, "e": 113815, "w": "安装", "sp": "Agent"}, {"p": 447, "c": 0.9, "s": 113815, "e": 113986, "w": "了", "sp": "Agent"}, {"p": 448, "c": 0.9, "s": 113880, "e": 114320, "w": "尽量", "sp": "Customer"}, {"p": 449, "c": 0.9, "s": 113986, "e": 114158, "w": "好", "sp": "Agent"}, {"p": 450, "c": 0.9, "s": 114158, "e": 114328, "w": "的", "sp": "Agent"}, {"p": 451, "c": 0.9, "s": 114320, "e": 114540, "w": "不", "sp": "Customer"}, {"p": 452, "c": 0.9, "s": 114329, "e": 114501, "w": "好", "sp": "Agent"}, {"p": 453, "c": 0.9, "s": 114501, "e": 114672, "w": "的", "sp": "Agent"}, {"p": 454, "c": 0.9, "s": 114540, "e": 114980, "w": "考虑", "sp": "Customer"}, {"p": 455, "c": 0.9, "s": 114672, "e": 115015, "w": "明白", "sp": "Agent"}, {"p": 456, "c": 0.9, "s": 115015, "e": 115187, "w": "了", "sp": "Agent"}, {"p": 457, "c": 0.9, "s": 115187, "e": 115530, "w": "只要", "sp": "Agent"}, {"p": 458, "c": 0.9, "s": 115530, "e": 115701, "w": "装", "sp": "Agent"}, {"p": 459, "c": 0.9, "s": 115701, "e": 116045, "w": "空调", "sp": "Agent"}, {"p": 460, "c": 0.9, "s": 116045, "e": 116215, "w": "就", "sp": "Agent"}, {"p": 461, "c": 0.9, "s": 116216, "e": 116388, "w": "行", "sp": "Agent"}, {"p": 462, "c": 0.9, "s": 116388, "e": 116559, "w": "了", "sp": "Agent"}, {"p": 463, "c": 0.9, "s": 116559, "e": 116730, "w": "对", "sp": "Agent"}, {"p": 464, "c": 0.9, "s": 116730, "e": 117840, "w": "对", "sp": "Customer"}, {"p": 465, "c": 0.9, "s": 116731, "e": 116902, "w": "吧", "sp": "Agent"}, {"p": 466, "c": 0.9, "s": 116902, "e": 117074, "w": "嗯", "sp": "Agent"}, {"p": 467, "c": 0.9, "s": 117074, "e": 117244, "w": "好", "sp": "Agent"}, {"p": 468, "c": 0.9, "s": 117245, "e": 117417, "w": "的", "sp": "Agent"}, {"p": 469, "c": 0.9, "s": 117417, "e": 117588, "w": "行", "sp": "Agent"}, {"p": 470, "c": 0.9, "s": 117588, "e": 117759, "w": "那", "sp": "Agent"}, {"p": 471, "c": 0.9, "s": 117760, "e": 117931, "w": "我", "sp": "Agent"}, {"p": 472, "c": 0.9, "s": 117931, "e": 118274, "w": "这边", "sp": "Agent"}, {"p": 473, "c": 0.9, "s": 118274, "e": 118446, "w": "给", "sp": "Agent"}, {"p": 474, "c": 0.9, "s": 118446, "e": 118617, "w": "您", "sp": "Agent"}, {"p": 475, "c": 0.9, "s": 118617, "e": 118960, "w": "安排", "sp": "Agent"}, {"p": 476, "c": 0.9, "s": 118960, "e": 119132, "w": "您", "sp": "Agent"}, {"p": 477, "c": 0.9, "s": 119132, "e": 119303, "w": "可", "sp": "Agent"}, {"p": 478, "c": 0.9, "s": 119303, "e": 119646, "w": "方便", "sp": "Agent"}, {"p": 479, "c": 0.9, "s": 119646, "e": 119989, "w": "告知", "sp": "Agent"}, {"p": 480, "c": 0.9, "s": 119989, "e": 120332, "w": "一下", "sp": "Agent"}, {"p": 481, "c": 0.9, "s": 120332, "e": 120675, "w": "需要", "sp": "Agent"}, {"p": 482, "c": 0.9, "s": 120675, "e": 121018, "w": "安装", "sp": "Agent"}, {"p": 483, "c": 0.9, "s": 121018, "e": 121189, "w": "的", "sp": "Agent"}, {"p": 484, "c": 0.9, "s": 121190, "e": 121533, "w": "小区", "sp": "Agent"}, {"p": 485, "c": 0.9, "s": 121533, "e": 121876, "w": "名称", "sp": "Agent"}, {"p": 486, "c": 0.9, "s": 121876, "e": 122047, "w": "呢", "sp": "Agent"}, {"p": 487, "c": 0.9, "s": 122047, "e": 122218, "w": "或", "sp": "Agent"}, {"p": 488, "c": 0.9, "s": 122219, "e": 122390, "w": "在", "sp": "Agent"}, {"p": 489, "c": 0.9, "s": 122390, "e": 122562, "w": "哪", "sp": "Agent"}, {"p": 490, "c": 0.9, "s": 122562, "e": 122732, "w": "条", "sp": "Agent"}, {"p": 491, "c": 0.9, "s": 122733, "e": 122905, "w": "路", "sp": "Agent"}, {"p": 492, "c": 0.9, "s": 122905, "e": 123248, "w": "附近", "sp": "Agent"}, {"p": 493, "c": 0.9, "s": 123248, "e": 123420, "w": "呀", "sp": "Agent"}, {"p": 494, "c": 0.9, "s": 123630, "e": 123991, "w": "这个", "sp": "Customer"}, {"p": 495, "c": 0.9, "s": 123991, "e": 124172, "w": "不", "sp": "Customer"}, {"p": 496, "c": 0.9, "s": 124172, "e": 124533, "w": "需要", "sp": "Customer"}, {"p": 497, "c": 0.9, "s": 124533, "e": 124714, "w": "你", "sp": "Customer"}, {"p": 498, "c": 0.9, "s": 124714, "e": 124895, "w": "给", "sp": "Customer"}, {"p": 499, "c": 0.9, "s": 124750, "e": 124915, "w": "嗯", "sp": "Agent"}, {"p": 500, "c": 0.9, "s": 124895, "e": 125076, "w": "我", "sp": "Customer"}, {"p": 501, "c": 0.9, "s": 124915, "e": 125081, "w": "好", "sp": "Agent"}, {"p": 502, "c": 0.9, "s": 125076, "e": 125256, "w": "报", "sp": "Customer"}, {"p": 503, "c": 0.9, "s": 125081, "e": 125246, "w": "的", "sp": "Agent"}, {"p": 504, "c": 0.9, "s": 125246, "e": 125412, "w": "行", "sp": "Agent"}, {"p": 505, "c": 0.9, "s": 125256, "e": 125437, "w": "个", "sp": "Customer"}, {"p": 506, "c": 0.9, "s": 125412, "e": 125577, "w": "那", "sp": "Agent"}, {"p": 507, "c": 0.9, "s": 125437, "e": 125618, "w": "价", "sp": "Customer"}, {"p": 508, "c": 0.9, "s": 125577, "e": 125743, "w": "我", "sp": "Agent"}, {"p": 509, "c": 0.9, "s": 125618, "e": 125798, "w": "也", "sp": "Customer"}, {"p": 510, "c": 0.9, "s": 125743, "e": 126074, "w": "这边", "sp": "Agent"}, {"p": 511, "c": 0.9, "s": 125799, "e": 125980, "w": "行", "sp": "Customer"}, {"p": 512, "c": 0.9, "s": 126074, "e": 126240, "w": "给", "sp": "Agent"}, {"p": 513, "c": 0.9, "s": 126240, "e": 126405, "w": "您", "sp": "Agent"}, {"p": 514, "c": 0.9, "s": 126405, "e": 126736, "w": "安排", "sp": "Agent"}, {"p": 515, "c": 0.9, "s": 126736, "e": 126902, "w": "您", "sp": "Agent"}, {"p": 516, "c": 0.9, "s": 126902, "e": 127233, "w": "这边", "sp": "Agent"}, {"p": 517, "c": 0.9, "s": 127233, "e": 127399, "w": "有", "sp": "Agent"}, {"p": 518, "c": 0.9, "s": 127399, "e": 127564, "w": "您", "sp": "Agent"}, {"p": 519, "c": 0.9, "s": 127564, "e": 127896, "w": "房屋", "sp": "Agent"}, {"p": 520, "c": 0.9, "s": 127896, "e": 128061, "w": "的", "sp": "Agent"}, {"p": 521, "c": 0.9, "s": 128061, "e": 128558, "w": "户型图", "sp": "Agent"}, {"p": 522, "c": 0.9, "s": 128558, "e": 128722, "w": "吗", "sp": "Agent"}, {"p": 523, "c": 0.9, "s": 128723, "e": 128889, "w": "有", "sp": "Agent"}, {"p": 524, "c": 0.9, "s": 128889, "e": 129220, "w": "的话", "sp": "Agent"}, {"p": 525, "c": 0.9, "s": 129220, "e": 129386, "w": "也", "sp": "Agent"}, {"p": 526, "c": 0.9, "s": 129386, "e": 129716, "w": "可以", "sp": "Agent"}, {"p": 527, "c": 0.9, "s": 129716, "e": 130047, "w": "发给", "sp": "Agent"}, {"p": 528, "c": 0.9, "s": 130048, "e": 130214, "w": "我", "sp": "Agent"}, {"p": 529, "c": 0.9, "s": 130214, "e": 130379, "w": "帮", "sp": "Agent"}, {"p": 530, "c": 0.9, "s": 130379, "e": 130545, "w": "您", "sp": "Agent"}, {"p": 531, "c": 0.9, "s": 130545, "e": 130709, "w": "做", "sp": "Agent"}, {"p": 532, "c": 0.9, "s": 130710, "e": 130876, "w": "个", "sp": "Agent"}, {"p": 533, "c": 0.9, "s": 130876, "e": 131373, "w": "户型图", "sp": "Agent"}, {"p": 534, "c": 0.9, "s": 131373, "e": 131538, "w": "的", "sp": "Agent"}, {"p": 535, "c": 0.9, "s": 131538, "e": 131870, "w": "设计", "sp": "Agent"}, {"p": 536, "c": 0.9, "s": 131900, "e": 132123, "w": "啊", "sp": "Customer"}, {"p": 537, "c": 0.9, "s": 132123, "e": 132571, "w": "这个", "sp": "Customer"}, {"p": 538, "c": 0.9, "s": 132571, "e": 132795, "w": "不", "sp": "Customer"}, {"p": 539, "c": 0.9, "s": 132795, "e": 133243, "w": "需要", "sp": "Customer"}, {"p": 540, "c": 0.9, "s": 132900, "e": 133950, "w": "啊", "sp": "Agent"}, {"p": 541, "c": 0.9, "s": 133243, "e": 133467, "w": "你", "sp": "Customer"}, {"p": 542, "c": 0.9, "s": 133467, "e": 133691, "w": "有", "sp": "Customer"}, {"p": 543, "c": 0.9, "s": 133691, "e": 133915, "w": "你", "sp": "Customer"}, {"p": 544, "c": 0.9, "s": 133915, "e": 134362, "w": "这个", "sp": "Customer"}, {"p": 545, "c": 0.9, "s": 134363, "e": 134586, "w": "是", "sp": "Customer"}, {"p": 546, "c": 0.9, "s": 134586, "e": 134810, "w": "给", "sp": "Customer"}, {"p": 547, "c": 0.9, "s": 134810, "e": 135034, "w": "我", "sp": "Customer"}, {"p": 548, "c": 0.9, "s": 135034, "e": 135482, "w": "报价", "sp": "Customer"}, {"p": 549, "c": 0.9, "s": 135482, "e": 135930, "w": "大概", "sp": "Customer"}, {"p": 550, "c": 0.9, "s": 135710, "e": 135866, "w": "好", "sp": "Agent"}, {"p": 551, "c": 0.9, "s": 135866, "e": 136023, "w": "的", "sp": "Agent"}, {"p": 552, "c": 0.9, "s": 135930, "e": 136153, "w": "在", "sp": "Customer"}, {"p": 553, "c": 0.9, "s": 136023, "e": 136180, "w": "好", "sp": "Agent"}, {"p": 554, "c": 0.9, "s": 136154, "e": 136602, "w": "什么", "sp": "Customer"}, {"p": 555, "c": 0.9, "s": 136180, "e": 136336, "w": "的", "sp": "Agent"}, {"p": 556, "c": 0.9, "s": 136336, "e": 136493, "w": "行", "sp": "Agent"}, {"p": 557, "c": 0.9, "s": 136493, "e": 136806, "w": "明白", "sp": "Agent"}, {"p": 558, "c": 0.9, "s": 136602, "e": 137050, "w": "价位", "sp": "Customer"}, {"p": 559, "c": 0.9, "s": 136806, "e": 136963, "w": "了", "sp": "Agent"}, {"p": 560, "c": 0.9, "s": 136963, "e": 137120, "w": "行", "sp": "Agent"}, {"p": 561, "c": 0.9, "s": 137120, "e": 137276, "w": "那", "sp": "Agent"}, {"p": 562, "c": 0.9, "s": 137276, "e": 137590, "w": "另外", "sp": "Agent"}, {"p": 563, "c": 0.9, "s": 137590, "e": 137746, "w": "我", "sp": "Agent"}, {"p": 564, "c": 0.9, "s": 137746, "e": 137903, "w": "看", "sp": "Agent"}, {"p": 565, "c": 0.9, "s": 137903, "e": 138060, "w": "您", "sp": "Agent"}, {"p": 566, "c": 0.9, "s": 138060, "e": 138216, "w": "是", "sp": "Agent"}, {"p": 567, "c": 0.9, "s": 138216, "e": 138530, "w": "我们", "sp": "Agent"}, {"p": 568, "c": 0.9, "s": 138530, "e": 138843, "w": "上海", "sp": "Agent"}, {"p": 569, "c": 0.9, "s": 138843, "e": 139156, "w": "用户", "sp": "Agent"}, {"p": 570, "c": 0.9, "s": 139156, "e": 139313, "w": "的", "sp": "Agent"}, {"p": 571, "c": 0.9, "s": 139313, "e": 139626, "w": "我们", "sp": "Agent"}, {"p": 572, "c": 0.9, "s": 139626, "e": 139940, "w": "大金", "sp": "Agent"}, {"p": 573, "c": 0.9, "s": 139940, "e": 140253, "w": "空调", "sp": "Agent"}, {"p": 574, "c": 0.9, "s": 140253, "e": 140410, "w": "那", "sp": "Agent"}, {"p": 575, "c": 0.9, "s": 140410, "e": 140723, "w": "上海", "sp": "Agent"}, {"p": 576, "c": 0.9, "s": 140723, "e": 141036, "w": "的话", "sp": "Agent"}, {"p": 577, "c": 0.9, "s": 141036, "e": 141506, "w": "有没有", "sp": "Agent"}, {"p": 578, "c": 0.9, "s": 141506, "e": 141819, "w": "崭新", "sp": "Agent"}, {"p": 579, "c": 0.9, "s": 141820, "e": 142133, "w": "不知", "sp": "Agent"}, {"p": 580, "c": 0.9, "s": 142133, "e": 142290, "w": "道", "sp": "Agent"}, {"p": 581, "c": 0.9, "s": 142290, "e": 142446, "w": "您", "sp": "Agent"}, {"p": 582, "c": 0.9, "s": 142446, "e": 142760, "w": "可以", "sp": "Agent"}, {"p": 583, "c": 0.9, "s": 142760, "e": 142916, "w": "有", "sp": "Agent"}, {"p": 584, "c": 0.9, "s": 142916, "e": 143230, "w": "时间", "sp": "Agent"}, {"p": 585, "c": 0.9, "s": 143230, "e": 143543, "w": "过去", "sp": "Agent"}, {"p": 586, "c": 0.9, "s": 143543, "e": 143856, "w": "了解", "sp": "Agent"}, {"p": 587, "c": 0.9, "s": 143856, "e": 144170, "w": "参观", "sp": "Agent"}, {"p": 588, "c": 0.9, "s": 144170, "e": 144483, "w": "一下", "sp": "Agent"}, {"p": 589, "c": 0.9, "s": 144483, "e": 144640, "w": "是", "sp": "Agent"}, {"p": 590, "c": 0.9, "s": 144640, "e": 144796, "w": "在", "sp": "Agent"}, {"p": 591, "c": 0.9, "s": 144796, "e": 145110, "w": "静安", "sp": "Agent"}, {"p": 592, "c": 0.9, "s": 145110, "e": 145266, "w": "区", "sp": "Agent"}, {"p": 593, "c": 0.9, "s": 145266, "e": 145580, "w": "南京", "sp": "Agent"}, {"p": 594, "c": 0.9, "s": 145580, "e": 145893, "w": "西路", "sp": "Agent"}, {"p": 595, "c": 0.9, "s": 145740, "e": 146425, "w": "可以", "sp": "Customer"}, {"p": 596, "c": 0.9, "s": 145893, "e": 146206, "w": "中心", "sp": "Agent"}, {"p": 597, "c": 0.9, "s": 146206, "e": 146519, "w": "大厦", "sp": "Agent"}, {"p": 598, "c": 0.9, "s": 146425, "e": 147110, "w": "可以", "sp": "Customer"}, {"p": 599, "c": 0.9, "s": 146520, "e": 146676, "w": "嗯", "sp": "Agent"}, {"p": 600, "c": 0.9, "s": 146676, "e": 146833, "w": "好", "sp": "Agent"}, {"p": 601, "c": 0.9, "s": 146833, "e": 146989, "w": "的", "sp": "Agent"}, {"p": 602, "c": 0.9, "s": 146990, "e": 147303, "w": "这边", "sp": "Agent"}, {"p": 603, "c": 0.9, "s": 147303, "e": 147616, "w": "的话", "sp": "Agent"}, {"p": 604, "c": 0.9, "s": 147616, "e": 147930, "w": "稍后", "sp": "Agent"}, {"p": 605, "c": 0.9, "s": 147930, "e": 148243, "w": "添加", "sp": "Agent"}, {"p": 606, "c": 0.9, "s": 148243, "e": 148400, "w": "您", "sp": "Agent"}, {"p": 607, "c": 0.9, "s": 148400, "e": 148556, "w": "微", "sp": "Agent"}, {"p": 608, "c": 0.9, "s": 148556, "e": 148713, "w": "信", "sp": "Agent"}, {"p": 609, "c": 0.9, "s": 148713, "e": 149026, "w": "然后", "sp": "Agent"}, {"p": 610, "c": 0.9, "s": 149026, "e": 149340, "w": "这边", "sp": "Agent"}, {"p": 611, "c": 0.9, "s": 149340, "e": 149496, "w": "给", "sp": "Agent"}, {"p": 612, "c": 0.9, "s": 149496, "e": 149653, "w": "您", "sp": "Agent"}, {"p": 613, "c": 0.9, "s": 149653, "e": 149966, "w": "具体", "sp": "Agent"}, {"p": 614, "c": 0.9, "s": 149966, "e": 150123, "w": "约", "sp": "Agent"}, {"p": 615, "c": 0.9, "s": 150123, "e": 150280, "w": "个", "sp": "Agent"}, {"p": 616, "c": 0.9, "s": 150280, "e": 150593, "w": "时间", "sp": "Agent"}, {"p": 617, "c": 0.9, "s": 150593, "e": 150906, "w": "因为", "sp": "Agent"}, {"p": 618, "c": 0.9, "s": 150906, "e": 151220, "w": "这边", "sp": "Agent"}, {"p": 619, "c": 0.9, "s": 151220, "e": 151533, "w": "上海", "sp": "Agent"}, {"p": 620, "c": 0.9, "s": 151533, "e": 151690, "w": "有", "sp": "Agent"}, {"p": 621, "c": 0.9, "s": 151690, "e": 152003, "w": "展厅", "sp": "Agent"}, {"p": 622, "c": 0.9, "s": 152003, "e": 152160, "w": "嘛", "sp": "Agent"}, {"p": 623, "c": 0.9, "s": 152160, "e": 152473, "w": "可能", "sp": "Agent"}, {"p": 624, "c": 0.9, "s": 152473, "e": 152630, "w": "不", "sp": "Agent"}, {"p": 625, "c": 0.9, "s": 152630, "e": 152786, "w": "太", "sp": "Agent"}, {"p": 626, "c": 0.9, "s": 152786, "e": 153099, "w": "方便", "sp": "Agent"}, {"p": 627, "c": 0.9, "s": 153100, "e": 153570, "w": "到时候", "sp": "Agent"}, {"p": 628, "c": 0.9, "s": 153570, "e": 153883, "w": "的话", "sp": "Agent"}, {"p": 629, "c": 0.9, "s": 153883, "e": 154196, "w": "有空", "sp": "Agent"}, {"p": 630, "c": 0.9, "s": 154196, "e": 154510, "w": "的话", "sp": "Agent"}, {"p": 631, "c": 0.9, "s": 154510, "e": 154823, "w": "我们", "sp": "Agent"}, {"p": 632, "c": 0.9, "s": 154823, "e": 154980, "w": "再", "sp": "Agent"}, {"p": 633, "c": 0.9, "s": 154980, "e": 155136, "w": "约", "sp": "Agent"}, {"p": 634, "c": 0.9, "s": 155136, "e": 155293, "w": "个", "sp": "Agent"}, {"p": 635, "c": 0.9, "s": 155293, "e": 155606, "w": "时间", "sp": "Agent"}, {"p": 636, "c": 0.9, "s": 155606, "e": 155920, "w": "面前", "sp": "Agent"}, {"p": 637, "c": 0.9, "s": 155710, "e": 155935, "w": "你", "sp": "Customer"}, {"p": 638, "c": 0.9, "s": 155920, "e": 156390, "w": "看一看", "sp": "Agent"}, {"p": 639, "c": 0.9, "s": 155935, "e": 156161, "w": "的", "sp": "Customer"}, {"p": 640, "c": 0.9, "s": 156161, "e": 156612, "w": "门店", "sp": "Customer"}, {"p": 641, "c": 0.9, "s": 156612, "e": 156838, "w": "在", "sp": "Customer"}, {"p": 642, "c": 0.9, "s": 156838, "e": 157290, "w": "哪里", "sp": "Customer"}, {"p": 643, "c": 0.9, "s": 156880, "e": 157032, "w": "嗯", "sp": "Agent"}, {"p": 644, "c": 0.9, "s": 157032, "e": 157338, "w": "门店", "sp": "Agent"}, {"p": 645, "c": 0.9, "s": 157338, "e": 157644, "w": "的话", "sp": "Agent"}, {"p": 646, "c": 0.9, "s": 157644, "e": 157950, "w": "稍后", "sp": "Agent"}, {"p": 647, "c": 0.9, "s": 157950, "e": 158103, "w": "就", "sp": "Agent"}, {"p": 648, "c": 0.9, "s": 158103, "e": 158256, "w": "会", "sp": "Agent"}, {"p": 649, "c": 0.9, "s": 158256, "e": 158409, "w": "让", "sp": "Agent"}, {"p": 650, "c": 0.9, "s": 158409, "e": 158562, "w": "他", "sp": "Agent"}, {"p": 651, "c": 0.9, "s": 158562, "e": 158715, "w": "跟", "sp": "Agent"}, {"p": 652, "c": 0.9, "s": 158715, "e": 158868, "w": "您", "sp": "Agent"}, {"p": 653, "c": 0.9, "s": 158868, "e": 159172, "w": "联系", "sp": "Agent"}, {"p": 654, "c": 0.9, "s": 159173, "e": 159479, "w": "然后", "sp": "Agent"}, {"p": 655, "c": 0.9, "s": 159479, "e": 159632, "w": "您", "sp": "Agent"}, {"p": 656, "c": 0.9, "s": 159632, "e": 159938, "w": "注意", "sp": "Agent"}, {"p": 657, "c": 0.9, "s": 159938, "e": 160244, "w": "接听", "sp": "Agent"}, {"p": 658, "c": 0.9, "s": 160244, "e": 160550, "w": "电话", "sp": "Agent"}, {"p": 659, "c": 0.9, "s": 160550, "e": 160703, "w": "就", "sp": "Agent"}, {"p": 660, "c": 0.9, "s": 160703, "e": 160856, "w": "好", "sp": "Agent"}, {"p": 661, "c": 0.9, "s": 160856, "e": 161009, "w": "了", "sp": "Agent"}, {"p": 662, "c": 0.9, "s": 161009, "e": 161314, "w": "然后", "sp": "Agent"}, {"p": 663, "c": 0.9, "s": 161314, "e": 161620, "w": "告知", "sp": "Agent"}, {"p": 664, "c": 0.9, "s": 161620, "e": 161773, "w": "您", "sp": "Agent"}, {"p": 665, "c": 0.9, "s": 161773, "e": 162079, "w": "位置", "sp": "Agent"}, {"p": 666, "c": 0.9, "s": 162079, "e": 162232, "w": "您", "sp": "Agent"}, {"p": 667, "c": 0.9, "s": 162232, "e": 162538, "w": "可以", "sp": "Agent"}, {"p": 668, "c": 0.9, "s": 162538, "e": 162691, "w": "去", "sp": "Agent"}, {"p": 669, "c": 0.9, "s": 162691, "e": 163150, "w": "看一看", "sp": "Agent"}, {"p": 670, "c": 0.9, "s": 163670, "e": 164099, "w": "啊", "sp": "Customer"}, {"p": 671, "c": 0.9, "s": 164100, "e": 164960, "w": "可以", "sp": "Customer"}, {"p": 672, "c": 0.9, "s": 164260, "e": 164418, "w": "嗯", "sp": "Agent"}, {"p": 673, "c": 0.9, "s": 164419, "e": 164578, "w": "好", "sp": "Agent"}, {"p": 674, "c": 0.9, "s": 164578, "e": 164737, "w": "的", "sp": "Agent"}, {"p": 675, "c": 0.9, "s": 164737, "e": 164897, "w": "行", "sp": "Agent"}, {"p": 676, "c": 0.9, "s": 164897, "e": 165056, "w": "那", "sp": "Agent"}, {"p": 677, "c": 0.9, "s": 165056, "e": 165215, "w": "我", "sp": "Agent"}, {"p": 678, "c": 0.9, "s": 165215, "e": 165534, "w": "这边", "sp": "Agent"}, {"p": 679, "c": 0.9, "s": 165534, "e": 165693, "w": "为", "sp": "Agent"}, {"p": 680, "c": 0.9, "s": 165693, "e": 165851, "w": "您", "sp": "Agent"}, {"p": 681, "c": 0.9, "s": 165852, "e": 166171, "w": "安排", "sp": "Agent"}, {"p": 682, "c": 0.9, "s": 166171, "e": 166330, "w": "您", "sp": "Agent"}, {"p": 683, "c": 0.9, "s": 166330, "e": 166649, "w": "还有", "sp": "Agent"}, {"p": 684, "c": 0.9, "s": 166649, "e": 166967, "w": "什么", "sp": "Agent"}, {"p": 685, "c": 0.9, "s": 166967, "e": 167286, "w": "其他", "sp": "Agent"}, {"p": 686, "c": 0.9, "s": 167286, "e": 167605, "w": "需要", "sp": "Agent"}, {"p": 687, "c": 0.9, "s": 167605, "e": 167922, "w": "咨询", "sp": "Agent"}, {"p": 688, "c": 0.9, "s": 167923, "e": 168082, "w": "和", "sp": "Agent"}, {"p": 689, "c": 0.9, "s": 168082, "e": 168401, "w": "帮助", "sp": "Agent"}, {"p": 690, "c": 0.9, "s": 168401, "e": 168560, "w": "的", "sp": "Agent"}, {"p": 691, "c": 0.9, "s": 168560, "e": 168720, "w": "吗", "sp": "Agent"}, {"p": 692, "c": 0.9, "s": 168960, "e": 169180, "w": "啊", "sp": "Customer"}, {"p": 693, "c": 0.9, "s": 169180, "e": 169400, "w": "你", "sp": "Customer"}, {"p": 694, "c": 0.9, "s": 169400, "e": 169840, "w": "现在", "sp": "Customer"}, {"p": 695, "c": 0.9, "s": 169841, "e": 170282, "w": "就是", "sp": "Customer"}, {"p": 696, "c": 0.9, "s": 170282, "e": 170502, "w": "不", "sp": "Customer"}, {"p": 697, "c": 0.9, "s": 170502, "e": 170722, "w": "给", "sp": "Customer"}, {"p": 698, "c": 0.9, "s": 170722, "e": 170943, "w": "我", "sp": "Customer"}, {"p": 699, "c": 0.9, "s": 170943, "e": 171383, "w": "报价", "sp": "Customer"}, {"p": 700, "c": 0.9, "s": 171383, "e": 171823, "w": "直接", "sp": "Customer"}, {"p": 701, "c": 0.9, "s": 171824, "e": 172044, "w": "让", "sp": "Customer"}, {"p": 702, "c": 0.9, "s": 172044, "e": 172265, "w": "我", "sp": "Customer"}, {"p": 703, "c": 0.9, "s": 172265, "e": 172705, "w": "如果", "sp": "Customer"}, {"p": 704, "c": 0.9, "s": 172705, "e": 172926, "w": "有", "sp": "Customer"}, {"p": 705, "c": 0.9, "s": 172926, "e": 173146, "w": "微", "sp": "Customer"}, {"p": 706, "c": 0.9, "s": 173146, "e": 173366, "w": "信", "sp": "Customer"}, {"p": 707, "c": 0.9, "s": 173366, "e": 173806, "w": "添加", "sp": "Customer"}, {"p": 708, "c": 0.9, "s": 173807, "e": 174027, "w": "再", "sp": "Customer"}, {"p": 709, "c": 0.9, "s": 174027, "e": 174247, "w": "跟", "sp": "Customer"}, {"p": 710, "c": 0.9, "s": 174248, "e": 174468, "w": "他", "sp": "Customer"}, {"p": 711, "c": 0.9, "s": 174468, "e": 174688, "w": "联", "sp": "Customer"}, {"p": 712, "c": 0.9, "s": 174688, "e": 175129, "w": "联系", "sp": "Customer"}, {"p": 713, "c": 0.9, "s": 174720, "e": 174880, "w": "呃", "sp": "Agent"}, {"p": 714, "c": 0.9, "s": 174880, "e": 175041, "w": "是", "sp": "Agent"}, {"p": 715, "c": 0.9, "s": 175041, "e": 175363, "w": "这样", "sp": "Agent"}, {"p": 716, "c": 0.9, "s": 175129, "e": 175349, "w": "吗", "sp": "Customer"}, {"p": 717, "c": 0.9, "s": 175363, "e": 175524, "w": "的", "sp": "Agent"}, {"p": 718, "c": 0.9, "s": 175524, "e": 175846, "w": "这边", "sp": "Agent"}, {"p": 719, "c": 0.9, "s": 175846, "e": 176168, "w": "的话", "sp": "Agent"}, {"p": 720, "c": 0.9, "s": 176168, "e": 176490, "w": "稍后", "sp": "Agent"}, {"p": 721, "c": 0.9, "s": 176490, "e": 176651, "w": "让", "sp": "Agent"}, {"p": 722, "c": 0.9, "s": 176651, "e": 176973, "w": "宝山", "sp": "Agent"}, {"p": 723, "c": 0.9, "s": 176973, "e": 177134, "w": "区", "sp": "Agent"}, {"p": 724, "c": 0.9, "s": 177134, "e": 177295, "w": "的", "sp": "Agent"}, {"p": 725, "c": 0.9, "s": 177295, "e": 177617, "w": "门店", "sp": "Agent"}, {"p": 726, "c": 0.9, "s": 177617, "e": 177778, "w": "给", "sp": "Agent"}, {"p": 727, "c": 0.9, "s": 177778, "e": 177939, "w": "您", "sp": "Agent"}, {"p": 728, "c": 0.9, "s": 177939, "e": 178261, "w": "回电", "sp": "Agent"}, {"p": 729, "c": 0.9, "s": 178261, "e": 178583, "w": "然后", "sp": "Agent"}, {"p": 730, "c": 0.9, "s": 178583, "e": 178905, "w": "告诉", "sp": "Agent"}, {"p": 731, "c": 0.9, "s": 178905, "e": 179066, "w": "您", "sp": "Agent"}, {"p": 732, "c": 0.9, "s": 179066, "e": 179388, "w": "价格", "sp": "Agent"}, {"p": 733, "c": 0.9, "s": 179388, "e": 179710, "w": "方案", "sp": "Agent"}, {"p": 734, "c": 0.9, "s": 179930, "e": 180553, "w": "好好", "sp": "Customer"}, {"p": 735, "c": 0.9, "s": 180370, "e": 180601, "w": "嗯", "sp": "Agent"}, {"p": 736, "c": 0.9, "s": 180553, "e": 181176, "w": "好好", "sp": "Customer"}, {"p": 737, "c": 0.9, "s": 180602, "e": 180834, "w": "嗯", "sp": "Agent"}, {"p": 738, "c": 0.9, "s": 180834, "e": 181066, "w": "好", "sp": "Agent"}, {"p": 739, "c": 0.9, "s": 181066, "e": 181297, "w": "的", "sp": "Agent"}, {"p": 740, "c": 0.9, "s": 181176, "e": 181799, "w": "好好", "sp": "Customer"}, {"p": 741, "c": 0.9, "s": 181298, "e": 181530, "w": "行", "sp": "Agent"}, {"p": 742, "c": 0.9, "s": 181530, "e": 181762, "w": "那", "sp": "Agent"}, {"p": 743, "c": 0.9, "s": 181762, "e": 182226, "w": "这边", "sp": "Agent"}, {"p": 744, "c": 0.9, "s": 182227, "e": 182691, "w": "的话", "sp": "Agent"}, {"p": 745, "c": 0.9, "s": 182691, "e": 182922, "w": "给", "sp": "Agent"}, {"p": 746, "c": 0.9, "s": 182923, "e": 183155, "w": "您", "sp": "Agent"}, {"p": 747, "c": 0.9, "s": 183155, "e": 183620, "w": "安排", "sp": "Agent"}, {"p": 748, "c": 0.9, "s": 183800, "e": 184223, "w": "嗯", "sp": "Customer"}, {"p": 749, "c": 0.9, "s": 183900, "e": 184111, "w": "嗯", "sp": "Agent"}, {"p": 750, "c": 0.9, "s": 184111, "e": 184321, "w": "好", "sp": "Agent"}, {"p": 751, "c": 0.9, "s": 184223, "e": 185070, "w": "可以", "sp": "Customer"}, {"p": 752, "c": 0.9, "s": 184322, "e": 184744, "w": "祝您", "sp": "Agent"}, {"p": 753, "c": 0.9, "s": 184744, "e": 185166, "w": "生活", "sp": "Agent"}, {"p": 754, "c": 0.9, "s": 185166, "e": 185588, "w": "愉快", "sp": "Agent"}, {"p": 755, "c": 0.9, "s": 185588, "e": 186010, "w": "再见", "sp": "Agent"}]}, "plainText": "您好 这边\n喂\n是 大厅 空调 客服 中心 呃 请问 是 金 女士 吗\n对\n哎\n的\n您好 是 这样 的 看到 您 刚刚 咱们 官 网上 有 留下 信息\n嗯\n想 问\n对\n一下\n我\n是不是\n我 想\n要\n对\n呃 想\n我\n了解\n想\n家装\n了解\n空调 好\n一下\n的 明白 了 您\n对\n这边 看 您 留言 是 一百二十 平 是 个 三室 两 厅 的 房屋 对 吧\n对 呀 但是 我 想\n嗯\n就\n啊 然后\n坐 客厅\n他 嗯 客厅 然后 三个 房间 呢 是 不 准备 安装 吗 还是 已经 装 好 了 呢\n三个 房间 不用 安装\n啊\n吧 我 想 三个 房间 又 买 那个 什么\n哦 哦\n挂机\n我们 这边\n式\n的话\n的\n也 是 有 卦 地势 空 调和 柜机 的 您 可以 做 个 了解 如果 觉得 合适 的话 您 就 可以 了解 一下 不 合适 的话 也 没关系 的\n好 的 你 这样\n嗯 好\n我\n的\n问 一下\n行 嗯\n了解 了解\n嗯\n如果 如果 我 还 准备 装修\n嗯 准备 装修\n嗯\n那 大概 在 四月份 左右\n对 的\n对\n然后\n吧 嗯\n我\n好\n想\n的\n如果 买 一 托 二 的 跟 一 托 五 的 如果\n哦\n三个\n好\n房间 的\n的\n要 的话 一 托 五\n嗯\n什么\n好 的 明白\n这个\n了 行\n价格\n我 这边\n什么\n的话 先\n区别\n给 您 出\n嗯\n个 中央 空调 然后 就是 不单 客厅 的 另外 就 全 屋 的 中央 空调\n对\n的 方案 报价\n对\n您 做 个\n对\n比较 对比 一下\n对\n嗯 好\n的\n的\n对\n明白\n的\n了 然后 不 知道 您 这边 有 联系 过 当地 门店 去 了解 过 我们 产品 吗\n门店 在 哪里 啊 嗯 没 没 没有\n哦\n去\n好 的\n过\n行 这边 的话 给 您 简单 介绍 一下 您\n嗯\n看 方便\n嗯\n吗\n可以\n嗯 好 的 目前 啊 我们 更新 到 了 第七 代 装 空调 其中 啊 主推 的 是 温 湿 瓶 和 室内 机 它 呢 可以 保持 您 家 里面 温度 不变 的 情况 下 自动 去 除湿 可以 除湿 不 降温 的 呃 另外 的话 我们 还有 三 D 气流 室内 机 它 呢 就是 公司 均 柔和 无 直 推 的 风干 嗯 您 家 里面 有 小朋友 啊 或 老人家 来说 他 对 着 吹 啊 不易 受凉 感冒 您 这边 可 方便 告知 一下 大概 会 居住 几 口 人 呀\n嗯\n是 您 家 三四\n现在\n口\n现在\n吗 还是\n就 一家 三口\n哦 好 的\n呀\n明白 了 然后 我们 这边 还有 地 暖和 新风 系统 您 只要\n啊 尽量\n一起 了解\n不 考虑\n安装 了\n尽量\n好 的\n不\n好 的\n考虑\n明白 了 只要 装 空调 就 行 了 对\n对\n吧 嗯 好 的 行 那 我 这边 给 您 安排 您 可 方便 告知 一下 需要 安装 的 小区 名称 呢 或 在 哪 条 路 附近 呀\n这个 不 需要 你 给\n嗯\n我\n好\n报\n的 行\n个\n那\n价\n我\n也\n这边\n行\n给 您 安排 您 这边 有 您 房屋 的 户型图 吗 有 的话 也 可以 发给 我 帮 您 做 个 户型图 的 设计\n啊 这个 不 需要\n啊\n你 有 你 这个 是 给 我 报价 大概\n好 的\n在\n好\n什么\n的 行 明白\n价位\n了 行 那 另外 我 看 您 是 我们 上海 用户 的 我们 大金 空调 那 上海 的话 有没有 崭新 不知 道 您 可以 有 时间 过去 了解 参观 一下 是 在 静安 区 南京 西路\n可以\n中心 大厦\n可以\n嗯 好 的 这边 的话 稍后 添加 您 微 信 然后 这边 给 您 具体 约 个 时间 因为 这边 上海 有 展厅 嘛 可能 不 太 方便 到时候 的话 有空 的话 我们 再 约 个 时间 面前\n你\n看一看\n的 门店 在 哪里\n嗯 门店 的话 稍后 就 会 让 他 跟 您 联系 然后 您 注意 接听 电话 就 好 了 然后 告知 您 位置 您 可以 去 看一看\n啊 可以\n嗯 好 的 行 那 我 这边 为 您 安排 您 还有 什么 其他 需要 咨询 和 帮助 的 吗\n啊 你 现在 就是 不 给 我 报价 直接 让 我 如果 有 微 信 添加 再 跟 他 联 联系\n呃 是 这样\n吗\n的 这边 的话 稍后 让 宝山 区 的 门店 给 您 回电 然后 告诉 您 价格 方案\n好好\n嗯\n好好\n嗯 好 的\n好好\n行 那 这边 的话 给 您 安排\n嗯\n嗯 好\n可以\n祝您 生活 愉快 再见", "plainTextTime": {"verbatims": [{"s": 160, "e": 946, "w": "您好 这边", "sp": "Agent"}, {"s": 860, "e": 1930, "w": "喂", "sp": "Customer"}, {"s": 946, "e": 4290, "w": "是 大厅 空调 客服 中心 呃 请问 是 金 女士 吗", "sp": "Agent"}, {"s": 4250, "e": 4765, "w": "对", "sp": "Customer"}, {"s": 4730, "e": 4902, "w": "哎", "sp": "Agent"}, {"s": 4765, "e": 5279, "w": "的", "sp": "Customer"}, {"s": 4902, "e": 8522, "w": "您好 是 这样 的 看到 您 刚刚 咱们 官 网上 有 留下 信息", "sp": "Agent"}, {"s": 8440, "e": 8730, "w": "嗯", "sp": "Customer"}, {"s": 8522, "e": 8867, "w": "想 问", "sp": "Agent"}, {"s": 8730, "e": 9019, "w": "对", "sp": "Customer"}, {"s": 8867, "e": 9212, "w": "一下", "sp": "Agent"}, {"s": 9020, "e": 9310, "w": "我", "sp": "Customer"}, {"s": 9212, "e": 9729, "w": "是不是", "sp": "Agent"}, {"s": 9310, "e": 9890, "w": "我 想", "sp": "Customer"}, {"s": 9729, "e": 9901, "w": "要", "sp": "Agent"}, {"s": 9890, "e": 10180, "w": "对", "sp": "Customer"}, {"s": 9901, "e": 10246, "w": "呃 想", "sp": "Agent"}, {"s": 10180, "e": 10470, "w": "我", "sp": "Customer"}, {"s": 10246, "e": 10591, "w": "了解", "sp": "Agent"}, {"s": 10470, "e": 10760, "w": "想", "sp": "Customer"}, {"s": 10591, "e": 10934, "w": "家装", "sp": "Agent"}, {"s": 10760, "e": 11340, "w": "了解", "sp": "Customer"}, {"s": 10935, "e": 11453, "w": "空调 好", "sp": "Agent"}, {"s": 11340, "e": 11920, "w": "一下", "sp": "Customer"}, {"s": 11453, "e": 12315, "w": "的 明白 了 您", "sp": "Agent"}, {"s": 12200, "e": 13150, "w": "对", "sp": "Customer"}, {"s": 12315, "e": 16280, "w": "这边 看 您 留言 是 一百二十 平 是 个 三室 两 厅 的 房屋 对 吧", "sp": "Agent"}, {"s": 16460, "e": 18710, "w": "对 呀 但是 我 想", "sp": "Customer"}, {"s": 18660, "e": 18871, "w": "嗯", "sp": "Agent"}, {"s": 18710, "e": 19085, "w": "就", "sp": "Customer"}, {"s": 18871, "e": 19505, "w": "啊 然后", "sp": "Agent"}, {"s": 19085, "e": 20210, "w": "坐 客厅", "sp": "Customer"}, {"s": 19505, "e": 25000, "w": "他 嗯 客厅 然后 三个 房间 呢 是 不 准备 安装 吗 还是 已经 装 好 了 呢", "sp": "Agent"}, {"s": 25090, "e": 26887, "w": "三个 房间 不用 安装", "sp": "Customer"}, {"s": 26530, "e": 27780, "w": "啊", "sp": "Agent"}, {"s": 26887, "e": 30420, "w": "吧 我 想 三个 房间 又 买 那个 什么", "sp": "Customer"}, {"s": 30120, "e": 30445, "w": "哦 哦", "sp": "Agent"}, {"s": 30420, "e": 31020, "w": "挂机", "sp": "Customer"}, {"s": 30445, "e": 31096, "w": "我们 这边", "sp": "Agent"}, {"s": 31020, "e": 31320, "w": "式", "sp": "Customer"}, {"s": 31096, "e": 31422, "w": "的话", "sp": "Agent"}, {"s": 31320, "e": 31619, "w": "的", "sp": "Customer"}, {"s": 31422, "e": 38750, "w": "也 是 有 卦 地势 空 调和 柜机 的 您 可以 做 个 了解 如果 觉得 合适 的话 您 就 可以 了解 一下 不 合适 的话 也 没关系 的", "sp": "Agent"}, {"s": 38830, "e": 40321, "w": "好 的 你 这样", "sp": "Customer"}, {"s": 39740, "e": 40564, "w": "嗯 好", "sp": "Agent"}, {"s": 40321, "e": 40619, "w": "我", "sp": "Customer"}, {"s": 40564, "e": 40975, "w": "的", "sp": "Agent"}, {"s": 40619, "e": 41514, "w": "问 一下", "sp": "Customer"}, {"s": 40976, "e": 41800, "w": "行 嗯", "sp": "Agent"}, {"s": 41514, "e": 42707, "w": "了解 了解", "sp": "Customer"}, {"s": 42540, "e": 43540, "w": "嗯", "sp": "Agent"}, {"s": 42707, "e": 45690, "w": "如果 如果 我 还 准备 装修", "sp": "Customer"}, {"s": 45180, "e": 46356, "w": "嗯 准备 装修", "sp": "Agent"}, {"s": 45970, "e": 47340, "w": "嗯", "sp": "Customer"}, {"s": 46356, "e": 48473, "w": "那 大概 在 四月份 左右", "sp": "Agent"}, {"s": 48140, "e": 48612, "w": "对 的", "sp": "Customer"}, {"s": 48473, "e": 48708, "w": "对", "sp": "Agent"}, {"s": 48612, "e": 49084, "w": "然后", "sp": "Customer"}, {"s": 48708, "e": 49179, "w": "吧 嗯", "sp": "Agent"}, {"s": 49084, "e": 49320, "w": "我", "sp": "Customer"}, {"s": 49179, "e": 49414, "w": "好", "sp": "Agent"}, {"s": 49320, "e": 49557, "w": "想", "sp": "Customer"}, {"s": 49414, "e": 49650, "w": "的", "sp": "Agent"}, {"s": 49557, "e": 52863, "w": "如果 买 一 托 二 的 跟 一 托 五 的 如果", "sp": "Customer"}, {"s": 52700, "e": 53276, "w": "哦", "sp": "Agent"}, {"s": 52863, "e": 53336, "w": "三个", "sp": "Customer"}, {"s": 53276, "e": 53853, "w": "好", "sp": "Agent"}, {"s": 53336, "e": 54044, "w": "房间 的", "sp": "Customer"}, {"s": 53853, "e": 54430, "w": "的", "sp": "Agent"}, {"s": 54044, "e": 55461, "w": "要 的话 一 托 五", "sp": "Customer"}, {"s": 55390, "e": 55550, "w": "嗯", "sp": "Agent"}, {"s": 55461, "e": 55934, "w": "什么", "sp": "Customer"}, {"s": 55550, "e": 56191, "w": "好 的 明白", "sp": "Agent"}, {"s": 55934, "e": 56406, "w": "这个", "sp": "Customer"}, {"s": 56191, "e": 56511, "w": "了 行", "sp": "Agent"}, {"s": 56406, "e": 56878, "w": "价格", "sp": "Customer"}, {"s": 56511, "e": 56992, "w": "我 这边", "sp": "Agent"}, {"s": 56879, "e": 57351, "w": "什么", "sp": "Customer"}, {"s": 56992, "e": 57473, "w": "的话 先", "sp": "Agent"}, {"s": 57351, "e": 57823, "w": "区别", "sp": "Customer"}, {"s": 57473, "e": 57953, "w": "给 您 出", "sp": "Agent"}, {"s": 57823, "e": 58060, "w": "嗯", "sp": "Customer"}, {"s": 57953, "e": 61799, "w": "个 中央 空调 然后 就是 不单 客厅 的 另外 就 全 屋 的 中央 空调", "sp": "Agent"}, {"s": 61620, "e": 62306, "w": "对", "sp": "Customer"}, {"s": 61799, "e": 62600, "w": "的 方案 报价", "sp": "Agent"}, {"s": 62306, "e": 62993, "w": "对", "sp": "Customer"}, {"s": 62600, "e": 63081, "w": "您 做 个", "sp": "Agent"}, {"s": 62993, "e": 63680, "w": "对", "sp": "Customer"}, {"s": 63081, "e": 64042, "w": "比较 对比 一下", "sp": "Agent"}, {"s": 63960, "e": 64232, "w": "对", "sp": "Customer"}, {"s": 64042, "e": 64363, "w": "嗯 好", "sp": "Agent"}, {"s": 64232, "e": 64505, "w": "的", "sp": "Customer"}, {"s": 64363, "e": 64523, "w": "的", "sp": "Agent"}, {"s": 64504, "e": 64777, "w": "对", "sp": "Customer"}, {"s": 64523, "e": 64843, "w": "明白", "sp": "Agent"}, {"s": 64777, "e": 65050, "w": "的", "sp": "Customer"}, {"s": 64843, "e": 69010, "w": "了 然后 不 知道 您 这边 有 联系 过 当地 门店 去 了解 过 我们 产品 吗", "sp": "Agent"}, {"s": 69850, "e": 72913, "w": "门店 在 哪里 啊 嗯 没 没 没有", "sp": "Customer"}, {"s": 72780, "e": 72964, "w": "哦", "sp": "Agent"}, {"s": 72913, "e": 73191, "w": "去", "sp": "Customer"}, {"s": 72964, "e": 73332, "w": "好 的", "sp": "Agent"}, {"s": 73191, "e": 73470, "w": "过", "sp": "Customer"}, {"s": 73332, "e": 75911, "w": "行 这边 的话 给 您 简单 介绍 一下 您", "sp": "Agent"}, {"s": 75810, "e": 76320, "w": "嗯", "sp": "Customer"}, {"s": 75912, "e": 76465, "w": "看 方便", "sp": "Agent"}, {"s": 76320, "e": 76830, "w": "嗯", "sp": "Customer"}, {"s": 76465, "e": 76649, "w": "吗", "sp": "Agent"}, {"s": 76830, "e": 77850, "w": "可以", "sp": "Customer"}, {"s": 77270, "e": 103229, "w": "嗯 好 的 目前 啊 我们 更新 到 了 第七 代 装 空调 其中 啊 主推 的 是 温 湿 瓶 和 室内 机 它 呢 可以 保持 您 家 里面 温度 不变 的 情况 下 自动 去 除湿 可以 除湿 不 降温 的 呃 另外 的话 我们 还有 三 D 气流 室内 机 它 呢 就是 公司 均 柔和 无 直 推 的 风干 嗯 您 家 里面 有 小朋友 啊 或 老人家 来说 他 对 着 吹 啊 不易 受凉 感冒 您 这边 可 方便 告知 一下 大概 会 居住 几 口 人 呀", "sp": "Agent"}, {"s": 105220, "e": 106750, "w": "嗯", "sp": "Customer"}, {"s": 106160, "e": 107398, "w": "是 您 家 三四", "sp": "Agent"}, {"s": 107030, "e": 107486, "w": "现在", "sp": "Customer"}, {"s": 107398, "e": 107646, "w": "口", "sp": "Agent"}, {"s": 107486, "e": 107942, "w": "现在", "sp": "Customer"}, {"s": 107646, "e": 108390, "w": "吗 还是", "sp": "Agent"}, {"s": 107942, "e": 109082, "w": "就 一家 三口", "sp": "Customer"}, {"s": 108670, "e": 109184, "w": "哦 好 的", "sp": "Agent"}, {"s": 109082, "e": 109310, "w": "呀", "sp": "Customer"}, {"s": 109184, "e": 112786, "w": "明白 了 然后 我们 这边 还有 地 暖和 新风 系统 您 只要", "sp": "Agent"}, {"s": 112560, "e": 113220, "w": "啊 尽量", "sp": "Customer"}, {"s": 112786, "e": 113472, "w": "一起 了解", "sp": "Agent"}, {"s": 113220, "e": 113880, "w": "不 考虑", "sp": "Customer"}, {"s": 113472, "e": 113986, "w": "安装 了", "sp": "Agent"}, {"s": 113880, "e": 114320, "w": "尽量", "sp": "Customer"}, {"s": 113986, "e": 114328, "w": "好 的", "sp": "Agent"}, {"s": 114320, "e": 114540, "w": "不", "sp": "Customer"}, {"s": 114329, "e": 114672, "w": "好 的", "sp": "Agent"}, {"s": 114540, "e": 114980, "w": "考虑", "sp": "Customer"}, {"s": 114672, "e": 116730, "w": "明白 了 只要 装 空调 就 行 了 对", "sp": "Agent"}, {"s": 116730, "e": 117840, "w": "对", "sp": "Customer"}, {"s": 116731, "e": 123420, "w": "吧 嗯 好 的 行 那 我 这边 给 您 安排 您 可 方便 告知 一下 需要 安装 的 小区 名称 呢 或 在 哪 条 路 附近 呀", "sp": "Agent"}, {"s": 123630, "e": 124895, "w": "这个 不 需要 你 给", "sp": "Customer"}, {"s": 124750, "e": 124915, "w": "嗯", "sp": "Agent"}, {"s": 124895, "e": 125076, "w": "我", "sp": "Customer"}, {"s": 124915, "e": 125081, "w": "好", "sp": "Agent"}, {"s": 125076, "e": 125256, "w": "报", "sp": "Customer"}, {"s": 125081, "e": 125412, "w": "的 行", "sp": "Agent"}, {"s": 125256, "e": 125437, "w": "个", "sp": "Customer"}, {"s": 125412, "e": 125577, "w": "那", "sp": "Agent"}, {"s": 125437, "e": 125618, "w": "价", "sp": "Customer"}, {"s": 125577, "e": 125743, "w": "我", "sp": "Agent"}, {"s": 125618, "e": 125798, "w": "也", "sp": "Customer"}, {"s": 125743, "e": 126074, "w": "这边", "sp": "Agent"}, {"s": 125799, "e": 125980, "w": "行", "sp": "Customer"}, {"s": 126074, "e": 131870, "w": "给 您 安排 您 这边 有 您 房屋 的 户型图 吗 有 的话 也 可以 发给 我 帮 您 做 个 户型图 的 设计", "sp": "Agent"}, {"s": 131900, "e": 133243, "w": "啊 这个 不 需要", "sp": "Customer"}, {"s": 132900, "e": 133950, "w": "啊", "sp": "Agent"}, {"s": 133243, "e": 135930, "w": "你 有 你 这个 是 给 我 报价 大概", "sp": "Customer"}, {"s": 135710, "e": 136023, "w": "好 的", "sp": "Agent"}, {"s": 135930, "e": 136153, "w": "在", "sp": "Customer"}, {"s": 136023, "e": 136180, "w": "好", "sp": "Agent"}, {"s": 136154, "e": 136602, "w": "什么", "sp": "Customer"}, {"s": 136180, "e": 136806, "w": "的 行 明白", "sp": "Agent"}, {"s": 136602, "e": 137050, "w": "价位", "sp": "Customer"}, {"s": 136806, "e": 145893, "w": "了 行 那 另外 我 看 您 是 我们 上海 用户 的 我们 大金 空调 那 上海 的话 有没有 崭新 不知 道 您 可以 有 时间 过去 了解 参观 一下 是 在 静安 区 南京 西路", "sp": "Agent"}, {"s": 145740, "e": 146425, "w": "可以", "sp": "Customer"}, {"s": 145893, "e": 146519, "w": "中心 大厦", "sp": "Agent"}, {"s": 146425, "e": 147110, "w": "可以", "sp": "Customer"}, {"s": 146520, "e": 155920, "w": "嗯 好 的 这边 的话 稍后 添加 您 微 信 然后 这边 给 您 具体 约 个 时间 因为 这边 上海 有 展厅 嘛 可能 不 太 方便 到时候 的话 有空 的话 我们 再 约 个 时间 面前", "sp": "Agent"}, {"s": 155710, "e": 155935, "w": "你", "sp": "Customer"}, {"s": 155920, "e": 156390, "w": "看一看", "sp": "Agent"}, {"s": 155935, "e": 157290, "w": "的 门店 在 哪里", "sp": "Customer"}, {"s": 156880, "e": 163150, "w": "嗯 门店 的话 稍后 就 会 让 他 跟 您 联系 然后 您 注意 接听 电话 就 好 了 然后 告知 您 位置 您 可以 去 看一看", "sp": "Agent"}, {"s": 163670, "e": 164960, "w": "啊 可以", "sp": "Customer"}, {"s": 164260, "e": 168720, "w": "嗯 好 的 行 那 我 这边 为 您 安排 您 还有 什么 其他 需要 咨询 和 帮助 的 吗", "sp": "Agent"}, {"s": 168960, "e": 175129, "w": "啊 你 现在 就是 不 给 我 报价 直接 让 我 如果 有 微 信 添加 再 跟 他 联 联系", "sp": "Customer"}, {"s": 174720, "e": 175363, "w": "呃 是 这样", "sp": "Agent"}, {"s": 175129, "e": 175349, "w": "吗", "sp": "Customer"}, {"s": 175363, "e": 179710, "w": "的 这边 的话 稍后 让 宝山 区 的 门店 给 您 回电 然后 告诉 您 价格 方案", "sp": "Agent"}, {"s": 179930, "e": 180553, "w": "好好", "sp": "Customer"}, {"s": 180370, "e": 180601, "w": "嗯", "sp": "Agent"}, {"s": 180553, "e": 181176, "w": "好好", "sp": "Customer"}, {"s": 180602, "e": 181297, "w": "嗯 好 的", "sp": "Agent"}, {"s": 181176, "e": 181799, "w": "好好", "sp": "Customer"}, {"s": 181298, "e": 183620, "w": "行 那 这边 的话 给 您 安排", "sp": "Agent"}, {"s": 183800, "e": 184223, "w": "嗯", "sp": "Customer"}, {"s": 183900, "e": 184321, "w": "嗯 好", "sp": "Agent"}, {"s": 184223, "e": 185070, "w": "可以", "sp": "Customer"}, {"s": 184322, "e": 186010, "w": "祝您 生活 愉快 再见", "sp": "Agent"}]}, "aqm": {"greeting": {"greeting_said": "您好, 空调, 客服, 请问, 女士", "n_greeting_said": 5, "score": 1}, "closing": {"closing_said": "您, 祝您, 生活, 愉快, 再见", "n_closing_said": 5, "score": 1}, "speed": {"speed_max": 6.54, "n_words": 41, "words": "嗯 门店 的话 稍后 就 会 让 他 跟 您 联系 然后 您 注意 接听 电话 就 好 了 然后 告知 您 位置 您 可以 去 看一看", "start": 156880, "end": 163150}}}