{"mediaId": "2022031317434494408747467478303001", "status": "Success", "dateCreated": "2022-03-21T18:45:50Z", "contentType": "audio/x-wav", "channels": "future use", "length": 114, "metadata": {"Sid": 10190, "Site_id": 783, "Audio_ch_num": 87474674, "Audio_module_num": 783001, "Audio_start_time_gmt": "2022-03-13T09:43:44.943+08:00", "Transaction_id": "2022031317434494408747467478303001", "ContactID": "9144801902490000301", "Personal_id": "0", "Direction": 1, "Local_audio_start_time": "2022-03-13T17:43:44.943+08:00", "Local_audio_end_time": "2022-03-13T17:45:38.943+08:00", "Total_hold_time": "0", "Pbx_login_id": "800032", "Ani": "13914083042", "Extension": "600041", "String_extension": "600041", "Switch_call_id": "006f0330e46d5106", "Switch_id": "783000001", "Duration_seconds": 114, "Wrapup_time_in_seconds": "0", "Dnis": "02152690312", "Number_of_conferences": "0", "Number_of_holds": "0", "Number_of_transfers": "0", "Percent_of_agent_call": "51", "Percent_of_other_call": "32", "Percent_of_mutual_silence": "23", "Num_of_agent_cross": "6", "Num_of_other_cross": "6", "IsException": 0, "CD2": "013GVT56OG919AP72LUHVB5AES000COO"}, "transcript_detailed": {"words": [{"p": 1, "c": 0.9, "s": 800, "e": 1094, "w": "您好", "sp": "Agent"}, {"p": 2, "c": 0.9, "s": 1094, "e": 1389, "w": "欢迎", "sp": "Agent"}, {"p": 3, "c": 0.9, "s": 1389, "e": 1684, "w": "致电", "sp": "Agent"}, {"p": 4, "c": 0.9, "s": 1684, "e": 1978, "w": "大连", "sp": "Agent"}, {"p": 5, "c": 0.9, "s": 1978, "e": 2273, "w": "空调", "sp": "Agent"}, {"p": 6, "c": 0.9, "s": 2273, "e": 2568, "w": "请问", "sp": "Agent"}, {"p": 7, "c": 0.9, "s": 2568, "e": 2715, "w": "有", "sp": "Agent"}, {"p": 8, "c": 0.9, "s": 2715, "e": 3010, "w": "什么", "sp": "Agent"}, {"p": 9, "c": 0.9, "s": 3010, "e": 3305, "w": "可以", "sp": "Agent"}, {"p": 10, "c": 0.9, "s": 3305, "e": 3452, "w": "帮", "sp": "Agent"}, {"p": 11, "c": 0.9, "s": 3452, "e": 3600, "w": "您", "sp": "Agent"}, {"p": 12, "c": 0.9, "s": 4120, "e": 4351, "w": "哎", "sp": "Customer"}, {"p": 13, "c": 0.9, "s": 4351, "e": 4813, "w": "你好", "sp": "Customer"}, {"p": 14, "c": 0.9, "s": 4814, "e": 5277, "w": "那个", "sp": "Customer"}, {"p": 15, "c": 0.9, "s": 5110, "e": 5755, "w": "先生", "sp": "Agent"}, {"p": 16, "c": 0.9, "s": 5277, "e": 5509, "w": "能", "sp": "Customer"}, {"p": 17, "c": 0.9, "s": 5509, "e": 5971, "w": "不能", "sp": "Customer"}, {"p": 18, "c": 0.9, "s": 5755, "e": 6400, "w": "您好", "sp": "Agent"}, {"p": 19, "c": 0.9, "s": 5972, "e": 6203, "w": "帮", "sp": "Customer"}, {"p": 20, "c": 0.9, "s": 6203, "e": 6435, "w": "我", "sp": "Customer"}, {"p": 21, "c": 0.9, "s": 6435, "e": 6666, "w": "查", "sp": "Customer"}, {"p": 22, "c": 0.9, "s": 6666, "e": 7130, "w": "一下", "sp": "Customer"}, {"p": 23, "c": 0.9, "s": 7130, "e": 7361, "w": "我", "sp": "Customer"}, {"p": 24, "c": 0.9, "s": 7361, "e": 8056, "w": "两点钟", "sp": "Customer"}, {"p": 25, "c": 0.9, "s": 8056, "e": 8287, "w": "打", "sp": "Customer"}, {"p": 26, "c": 0.9, "s": 8287, "e": 8750, "w": "过来", "sp": "Customer"}, {"p": 27, "c": 0.9, "s": 8750, "e": 8982, "w": "这", "sp": "Customer"}, {"p": 28, "c": 0.9, "s": 8982, "e": 9213, "w": "是", "sp": "Customer"}, {"p": 29, "c": 0.9, "s": 9213, "e": 9445, "w": "谁", "sp": "Customer"}, {"p": 30, "c": 0.9, "s": 9445, "e": 9908, "w": "接待", "sp": "Customer"}, {"p": 31, "c": 0.9, "s": 9908, "e": 10140, "w": "的", "sp": "Customer"}, {"p": 32, "c": 0.9, "s": 10020, "e": 10193, "w": "呃", "sp": "Agent"}, {"p": 33, "c": 0.9, "s": 10193, "e": 10367, "w": "很", "sp": "Agent"}, {"p": 34, "c": 0.9, "s": 10367, "e": 10714, "w": "抱歉", "sp": "Agent"}, {"p": 35, "c": 0.9, "s": 10714, "e": 10887, "w": "我", "sp": "Agent"}, {"p": 36, "c": 0.9, "s": 10887, "e": 11235, "w": "这边", "sp": "Agent"}, {"p": 37, "c": 0.9, "s": 11235, "e": 11408, "w": "是", "sp": "Agent"}, {"p": 38, "c": 0.9, "s": 11408, "e": 11582, "w": "查", "sp": "Agent"}, {"p": 39, "c": 0.9, "s": 11582, "e": 12103, "w": "看不到", "sp": "Agent"}, {"p": 40, "c": 0.9, "s": 12103, "e": 12450, "w": "具体", "sp": "Agent"}, {"p": 41, "c": 0.9, "s": 12450, "e": 12623, "w": "的", "sp": "Agent"}, {"p": 42, "c": 0.9, "s": 12623, "e": 12970, "w": "一个", "sp": "Agent"}, {"p": 43, "c": 0.9, "s": 12970, "e": 13318, "w": "人员", "sp": "Agent"}, {"p": 44, "c": 0.9, "s": 13318, "e": 13665, "w": "接待", "sp": "Agent"}, {"p": 45, "c": 0.9, "s": 13665, "e": 13838, "w": "您", "sp": "Agent"}, {"p": 46, "c": 0.9, "s": 13838, "e": 14012, "w": "的", "sp": "Agent"}, {"p": 47, "c": 0.9, "s": 14012, "e": 14186, "w": "您", "sp": "Agent"}, {"p": 48, "c": 0.9, "s": 14186, "e": 14533, "w": "这边", "sp": "Agent"}, {"p": 49, "c": 0.9, "s": 14533, "e": 14706, "w": "是", "sp": "Agent"}, {"p": 50, "c": 0.9, "s": 14706, "e": 14880, "w": "有", "sp": "Agent"}, {"p": 51, "c": 0.9, "s": 14880, "e": 15227, "w": "什么", "sp": "Agent"}, {"p": 52, "c": 0.9, "s": 15227, "e": 15574, "w": "问题", "sp": "Agent"}, {"p": 53, "c": 0.9, "s": 15574, "e": 15748, "w": "呢", "sp": "Agent"}, {"p": 54, "c": 0.9, "s": 15748, "e": 15921, "w": "我", "sp": "Agent"}, {"p": 55, "c": 0.9, "s": 15921, "e": 16268, "w": "这边", "sp": "Agent"}, {"p": 56, "c": 0.9, "s": 16268, "e": 16616, "w": "看到", "sp": "Agent"}, {"p": 57, "c": 0.9, "s": 16616, "e": 16789, "w": "是", "sp": "Agent"}, {"p": 58, "c": 0.9, "s": 16789, "e": 17136, "w": "之前", "sp": "Agent"}, {"p": 59, "c": 0.9, "s": 17136, "e": 17484, "w": "反馈", "sp": "Agent"}, {"p": 60, "c": 0.9, "s": 17484, "e": 17657, "w": "说", "sp": "Agent"}, {"p": 61, "c": 0.9, "s": 17657, "e": 17831, "w": "是", "sp": "Agent"}, {"p": 62, "c": 0.9, "s": 17831, "e": 18004, "w": "外", "sp": "Agent"}, {"p": 63, "c": 0.9, "s": 18004, "e": 18178, "w": "机", "sp": "Agent"}, {"p": 64, "c": 0.9, "s": 18178, "e": 18525, "w": "一直", "sp": "Agent"}, {"p": 65, "c": 0.9, "s": 18525, "e": 18699, "w": "没", "sp": "Agent"}, {"p": 66, "c": 0.9, "s": 18699, "e": 18872, "w": "到", "sp": "Agent"}, {"p": 67, "c": 0.9, "s": 18872, "e": 19046, "w": "对", "sp": "Agent"}, {"p": 68, "c": 0.9, "s": 19046, "e": 19220, "w": "吗", "sp": "Agent"}, {"p": 69, "c": 0.9, "s": 19540, "e": 19718, "w": "对", "sp": "Customer"}, {"p": 70, "c": 0.9, "s": 19718, "e": 19897, "w": "呀", "sp": "Customer"}, {"p": 71, "c": 0.9, "s": 19897, "e": 20074, "w": "他", "sp": "Customer"}, {"p": 72, "c": 0.9, "s": 20075, "e": 20432, "w": "答应", "sp": "Customer"}, {"p": 73, "c": 0.9, "s": 20432, "e": 20611, "w": "我", "sp": "Customer"}, {"p": 74, "c": 0.9, "s": 20611, "e": 20968, "w": "六点", "sp": "Customer"}, {"p": 75, "c": 0.9, "s": 20968, "e": 21325, "w": "之前", "sp": "Customer"}, {"p": 76, "c": 0.9, "s": 21325, "e": 21503, "w": "给", "sp": "Customer"}, {"p": 77, "c": 0.9, "s": 21503, "e": 21682, "w": "我", "sp": "Customer"}, {"p": 78, "c": 0.9, "s": 21682, "e": 22039, "w": "一个", "sp": "Customer"}, {"p": 79, "c": 0.9, "s": 22039, "e": 22396, "w": "答复", "sp": "Customer"}, {"p": 80, "c": 0.9, "s": 22396, "e": 22574, "w": "的", "sp": "Customer"}, {"p": 81, "c": 0.9, "s": 22574, "e": 22753, "w": "说", "sp": "Customer"}, {"p": 82, "c": 0.9, "s": 22753, "e": 23110, "w": "有人", "sp": "Customer"}, {"p": 83, "c": 0.9, "s": 23110, "e": 23467, "w": "联系", "sp": "Customer"}, {"p": 84, "c": 0.9, "s": 23467, "e": 23644, "w": "我", "sp": "Customer"}, {"p": 85, "c": 0.9, "s": 23645, "e": 23824, "w": "的", "sp": "Customer"}, {"p": 86, "c": 0.9, "s": 23824, "e": 24001, "w": "你", "sp": "Customer"}, {"p": 87, "c": 0.9, "s": 24002, "e": 24181, "w": "看", "sp": "Customer"}, {"p": 88, "c": 0.9, "s": 24181, "e": 24538, "w": "现在", "sp": "Customer"}, {"p": 89, "c": 0.9, "s": 24538, "e": 24895, "w": "已经", "sp": "Customer"}, {"p": 90, "c": 0.9, "s": 24895, "e": 25430, "w": "几点钟", "sp": "Customer"}, {"p": 91, "c": 0.9, "s": 25430, "e": 25609, "w": "了", "sp": "Customer"}, {"p": 92, "c": 0.9, "s": 25570, "e": 26720, "w": "嗯", "sp": "Agent"}, {"p": 93, "c": 0.9, "s": 25609, "e": 25966, "w": "你们", "sp": "Customer"}, {"p": 94, "c": 0.9, "s": 25966, "e": 26144, "w": "真", "sp": "Customer"}, {"p": 95, "c": 0.9, "s": 26144, "e": 26323, "w": "卡", "sp": "Customer"}, {"p": 96, "c": 0.9, "s": 26323, "e": 26501, "w": "的", "sp": "Customer"}, {"p": 97, "c": 0.9, "s": 26501, "e": 26858, "w": "六点", "sp": "Customer"}, {"p": 98, "c": 0.9, "s": 26858, "e": 27037, "w": "钟", "sp": "Customer"}, {"p": 99, "c": 0.9, "s": 27037, "e": 27215, "w": "给", "sp": "Customer"}, {"p": 100, "c": 0.9, "s": 27215, "e": 27394, "w": "我", "sp": "Customer"}, {"p": 101, "c": 0.9, "s": 27394, "e": 27751, "w": "回复", "sp": "Customer"}, {"p": 102, "c": 0.9, "s": 27751, "e": 27930, "w": "吗", "sp": "Customer"}, {"p": 103, "c": 0.9, "s": 27810, "e": 27987, "w": "哦", "sp": "Agent"}, {"p": 104, "c": 0.9, "s": 27988, "e": 28344, "w": "十分", "sp": "Agent"}, {"p": 105, "c": 0.9, "s": 28344, "e": 28522, "w": "的", "sp": "Agent"}, {"p": 106, "c": 0.9, "s": 28522, "e": 28878, "w": "抱歉", "sp": "Agent"}, {"p": 107, "c": 0.9, "s": 28878, "e": 29057, "w": "那", "sp": "Agent"}, {"p": 108, "c": 0.9, "s": 29057, "e": 29413, "w": "这个", "sp": "Agent"}, {"p": 109, "c": 0.9, "s": 29413, "e": 29591, "w": "我", "sp": "Agent"}, {"p": 110, "c": 0.9, "s": 29591, "e": 29769, "w": "要", "sp": "Agent"}, {"p": 111, "c": 0.9, "s": 29769, "e": 29946, "w": "跟", "sp": "Agent"}, {"p": 112, "c": 0.9, "s": 29947, "e": 30126, "w": "我", "sp": "Agent"}, {"p": 113, "c": 0.9, "s": 30126, "e": 30482, "w": "上级", "sp": "Agent"}, {"p": 114, "c": 0.9, "s": 30482, "e": 30838, "w": "领导", "sp": "Agent"}, {"p": 115, "c": 0.9, "s": 30838, "e": 31195, "w": "反馈", "sp": "Agent"}, {"p": 116, "c": 0.9, "s": 31195, "e": 31551, "w": "一下", "sp": "Agent"}, {"p": 117, "c": 0.9, "s": 31551, "e": 31907, "w": "之前", "sp": "Agent"}, {"p": 118, "c": 0.9, "s": 31907, "e": 32264, "w": "那个", "sp": "Agent"}, {"p": 119, "c": 0.9, "s": 32264, "e": 32442, "w": "他", "sp": "Agent"}, {"p": 120, "c": 0.9, "s": 32442, "e": 32798, "w": "反馈", "sp": "Agent"}, {"p": 121, "c": 0.9, "s": 32798, "e": 32976, "w": "的", "sp": "Agent"}, {"p": 122, "c": 0.9, "s": 32976, "e": 33333, "w": "一个", "sp": "Agent"}, {"p": 123, "c": 0.9, "s": 33333, "e": 33689, "w": "信息", "sp": "Agent"}, {"p": 124, "c": 0.9, "s": 33689, "e": 34045, "w": "到底", "sp": "Agent"}, {"p": 125, "c": 0.9, "s": 34045, "e": 34223, "w": "是", "sp": "Agent"}, {"p": 126, "c": 0.9, "s": 34223, "e": 34758, "w": "有没有", "sp": "Agent"}, {"p": 127, "c": 0.9, "s": 34758, "e": 35114, "w": "反馈", "sp": "Agent"}, {"p": 128, "c": 0.9, "s": 35114, "e": 35292, "w": "帮", "sp": "Agent"}, {"p": 129, "c": 0.9, "s": 35292, "e": 35471, "w": "你", "sp": "Agent"}, {"p": 130, "c": 0.9, "s": 35471, "e": 35649, "w": "让", "sp": "Agent"}, {"p": 131, "c": 0.9, "s": 35649, "e": 35827, "w": "帮", "sp": "Agent"}, {"p": 132, "c": 0.9, "s": 35827, "e": 36005, "w": "你", "sp": "Agent"}, {"p": 133, "c": 0.9, "s": 36005, "e": 36361, "w": "回复", "sp": "Agent"}, {"p": 134, "c": 0.9, "s": 36361, "e": 36540, "w": "你", "sp": "Agent"}, {"p": 135, "c": 0.9, "s": 37980, "e": 38329, "w": "所以", "sp": "Customer"}, {"p": 136, "c": 0.9, "s": 38330, "e": 38505, "w": "说", "sp": "Customer"}, {"p": 137, "c": 0.9, "s": 38505, "e": 38680, "w": "呀", "sp": "Customer"}, {"p": 138, "c": 0.9, "s": 38680, "e": 38855, "w": "我", "sp": "Customer"}, {"p": 139, "c": 0.9, "s": 38855, "e": 39030, "w": "要", "sp": "Customer"}, {"p": 140, "c": 0.9, "s": 39030, "e": 39204, "w": "查", "sp": "Customer"}, {"p": 141, "c": 0.9, "s": 39150, "e": 40040, "w": "嗯", "sp": "Agent"}, {"p": 142, "c": 0.9, "s": 39205, "e": 39555, "w": "一下", "sp": "Customer"}, {"p": 143, "c": 0.9, "s": 39555, "e": 40080, "w": "两点钟", "sp": "Customer"}, {"p": 144, "c": 0.9, "s": 40080, "e": 40255, "w": "我", "sp": "Customer"}, {"p": 145, "c": 0.9, "s": 40255, "e": 40430, "w": "打", "sp": "Customer"}, {"p": 146, "c": 0.9, "s": 40430, "e": 40780, "w": "过来", "sp": "Customer"}, {"p": 147, "c": 0.9, "s": 40780, "e": 41129, "w": "的话", "sp": "Customer"}, {"p": 148, "c": 0.9, "s": 41130, "e": 41305, "w": "是", "sp": "Customer"}, {"p": 149, "c": 0.9, "s": 41305, "e": 41655, "w": "哪个", "sp": "Customer"}, {"p": 150, "c": 0.9, "s": 41655, "e": 42004, "w": "客服", "sp": "Customer"}, {"p": 151, "c": 0.9, "s": 42005, "e": 42355, "w": "接待", "sp": "Customer"}, {"p": 152, "c": 0.9, "s": 42355, "e": 42530, "w": "的", "sp": "Customer"}, {"p": 153, "c": 0.9, "s": 42530, "e": 42704, "w": "呀", "sp": "Customer"}, {"p": 154, "c": 0.9, "s": 42570, "e": 43630, "w": "嗯", "sp": "Agent"}, {"p": 155, "c": 0.9, "s": 42705, "e": 42880, "w": "他", "sp": "Customer"}, {"p": 156, "c": 0.9, "s": 42880, "e": 43230, "w": "答应", "sp": "Customer"}, {"p": 157, "c": 0.9, "s": 43230, "e": 43405, "w": "我", "sp": "Customer"}, {"p": 158, "c": 0.9, "s": 43405, "e": 43579, "w": "的", "sp": "Customer"}, {"p": 159, "c": 0.9, "s": 43580, "e": 43755, "w": "呀", "sp": "Customer"}, {"p": 160, "c": 0.9, "s": 43755, "e": 43930, "w": "他", "sp": "Customer"}, {"p": 161, "c": 0.9, "s": 43910, "e": 44270, "w": "嗯", "sp": "Agent"}, {"p": 162, "c": 0.9, "s": 43930, "e": 44280, "w": "已经", "sp": "Customer"}, {"p": 163, "c": 0.9, "s": 44270, "e": 44630, "w": "我", "sp": "Agent"}, {"p": 164, "c": 0.9, "s": 44280, "e": 44629, "w": "反馈", "sp": "Customer"}, {"p": 165, "c": 0.9, "s": 44630, "e": 44805, "w": "到", "sp": "Customer"}, {"p": 166, "c": 0.9, "s": 44630, "e": 44990, "w": "也", "sp": "Agent"}, {"p": 167, "c": 0.9, "s": 44805, "e": 45155, "w": "领导", "sp": "Customer"}, {"p": 168, "c": 0.9, "s": 45155, "e": 45504, "w": "那边", "sp": "Customer"}, {"p": 169, "c": 0.9, "s": 45505, "e": 45680, "w": "去", "sp": "Customer"}, {"p": 170, "c": 0.9, "s": 45680, "e": 45855, "w": "了", "sp": "Customer"}, {"p": 171, "c": 0.9, "s": 45855, "e": 46030, "w": "呀", "sp": "Customer"}, {"p": 172, "c": 0.9, "s": 46030, "e": 46204, "w": "他", "sp": "Customer"}, {"p": 173, "c": 0.9, "s": 46180, "e": 46577, "w": "这个", "sp": "Agent"}, {"p": 174, "c": 0.9, "s": 46205, "e": 46380, "w": "说", "sp": "Customer"}, {"p": 175, "c": 0.9, "s": 46577, "e": 46776, "w": "我", "sp": "Agent"}, {"p": 176, "c": 0.9, "s": 46660, "e": 47031, "w": "怎么", "sp": "Customer"}, {"p": 177, "c": 0.9, "s": 46776, "e": 47174, "w": "理解", "sp": "Agent"}, {"p": 178, "c": 0.9, "s": 47031, "e": 47217, "w": "到", "sp": "Customer"}, {"p": 179, "c": 0.9, "s": 47174, "e": 47373, "w": "我", "sp": "Agent"}, {"p": 180, "c": 0.9, "s": 47217, "e": 47587, "w": "现在", "sp": "Customer"}, {"p": 181, "c": 0.9, "s": 47373, "e": 47771, "w": "这边", "sp": "Agent"}, {"p": 182, "c": 0.9, "s": 47588, "e": 47774, "w": "都", "sp": "Customer"}, {"p": 183, "c": 0.9, "s": 47771, "e": 47970, "w": "可", "sp": "Agent"}, {"p": 184, "c": 0.9, "s": 47774, "e": 47960, "w": "没", "sp": "Customer"}, {"p": 185, "c": 0.9, "s": 48240, "e": 49220, "w": "嗯", "sp": "Customer"}, {"p": 186, "c": 0.9, "s": 48250, "e": 48454, "w": "我", "sp": "Agent"}, {"p": 187, "c": 0.9, "s": 48454, "e": 48863, "w": "这边", "sp": "Agent"}, {"p": 188, "c": 0.9, "s": 48863, "e": 49068, "w": "看", "sp": "Agent"}, {"p": 189, "c": 0.9, "s": 49068, "e": 49273, "w": "我", "sp": "Agent"}, {"p": 190, "c": 0.9, "s": 49273, "e": 49682, "w": "这边", "sp": "Agent"}, {"p": 191, "c": 0.9, "s": 49682, "e": 50091, "w": "看到", "sp": "Agent"}, {"p": 192, "c": 0.9, "s": 50091, "e": 50500, "w": "之前", "sp": "Agent"}, {"p": 193, "c": 0.9, "s": 50500, "e": 50705, "w": "有", "sp": "Agent"}, {"p": 194, "c": 0.9, "s": 50705, "e": 51114, "w": "那个", "sp": "Agent"}, {"p": 195, "c": 0.9, "s": 51114, "e": 51523, "w": "相关", "sp": "Agent"}, {"p": 196, "c": 0.9, "s": 51523, "e": 51728, "w": "的", "sp": "Agent"}, {"p": 197, "c": 0.9, "s": 51728, "e": 52137, "w": "记录", "sp": "Agent"}, {"p": 198, "c": 0.9, "s": 52137, "e": 52342, "w": "说", "sp": "Agent"}, {"p": 199, "c": 0.9, "s": 52342, "e": 52545, "w": "是", "sp": "Agent"}, {"p": 200, "c": 0.9, "s": 52546, "e": 52751, "w": "要", "sp": "Agent"}, {"p": 201, "c": 0.9, "s": 52751, "e": 53160, "w": "安排", "sp": "Agent"}, {"p": 202, "c": 0.9, "s": 53160, "e": 53979, "w": "工作人员", "sp": "Agent"}, {"p": 203, "c": 0.9, "s": 53979, "e": 54388, "w": "今天", "sp": "Agent"}, {"p": 204, "c": 0.9, "s": 54388, "e": 54797, "w": "就是", "sp": "Agent"}, {"p": 205, "c": 0.9, "s": 54797, "e": 55206, "w": "六点", "sp": "Agent"}, {"p": 206, "c": 0.9, "s": 55206, "e": 55616, "w": "之前", "sp": "Agent"}, {"p": 207, "c": 0.9, "s": 55616, "e": 56025, "w": "就是", "sp": "Agent"}, {"p": 208, "c": 0.9, "s": 56025, "e": 56434, "w": "下午", "sp": "Agent"}, {"p": 209, "c": 0.9, "s": 56434, "e": 56843, "w": "下午", "sp": "Agent"}, {"p": 210, "c": 0.9, "s": 56843, "e": 57253, "w": "六点", "sp": "Agent"}, {"p": 211, "c": 0.9, "s": 57120, "e": 58170, "w": "对", "sp": "Customer"}, {"p": 212, "c": 0.9, "s": 57253, "e": 57662, "w": "之前", "sp": "Agent"}, {"p": 213, "c": 0.9, "s": 57662, "e": 57865, "w": "会", "sp": "Agent"}, {"p": 214, "c": 0.9, "s": 57866, "e": 58071, "w": "帮", "sp": "Agent"}, {"p": 215, "c": 0.9, "s": 58071, "e": 58276, "w": "你", "sp": "Agent"}, {"p": 216, "c": 0.9, "s": 58276, "e": 58685, "w": "回复", "sp": "Agent"}, {"p": 217, "c": 0.9, "s": 58685, "e": 58890, "w": "的", "sp": "Agent"}, {"p": 218, "c": 0.9, "s": 58940, "e": 59440, "w": "对", "sp": "Customer"}, {"p": 219, "c": 0.9, "s": 59440, "e": 59940, "w": "呀", "sp": "Customer"}, {"p": 220, "c": 0.9, "s": 59780, "e": 59952, "w": "对", "sp": "Agent"}, {"p": 221, "c": 0.9, "s": 59952, "e": 60124, "w": "我", "sp": "Agent"}, {"p": 222, "c": 0.9, "s": 60124, "e": 60469, "w": "这边", "sp": "Agent"}, {"p": 223, "c": 0.9, "s": 60469, "e": 60814, "w": "看到", "sp": "Agent"}, {"p": 224, "c": 0.9, "s": 60814, "e": 60986, "w": "他", "sp": "Agent"}, {"p": 225, "c": 0.9, "s": 60986, "e": 61331, "w": "已经", "sp": "Agent"}, {"p": 226, "c": 0.9, "s": 61331, "e": 61503, "w": "帮", "sp": "Agent"}, {"p": 227, "c": 0.9, "s": 61503, "e": 61675, "w": "您", "sp": "Agent"}, {"p": 228, "c": 0.9, "s": 61675, "e": 62020, "w": "记录", "sp": "Agent"}, {"p": 229, "c": 0.9, "s": 62020, "e": 62365, "w": "反馈", "sp": "Agent"}, {"p": 230, "c": 0.9, "s": 62365, "e": 62537, "w": "到", "sp": "Agent"}, {"p": 231, "c": 0.9, "s": 62537, "e": 62882, "w": "相关", "sp": "Agent"}, {"p": 232, "c": 0.9, "s": 62882, "e": 63054, "w": "的", "sp": "Agent"}, {"p": 233, "c": 0.9, "s": 63054, "e": 63399, "w": "一个", "sp": "Agent"}, {"p": 234, "c": 0.9, "s": 63399, "e": 63743, "w": "领导", "sp": "Agent"}, {"p": 235, "c": 0.9, "s": 63743, "e": 64087, "w": "部门", "sp": "Agent"}, {"p": 236, "c": 0.9, "s": 64087, "e": 64259, "w": "的", "sp": "Agent"}, {"p": 237, "c": 0.9, "s": 64260, "e": 64605, "w": "那边", "sp": "Agent"}, {"p": 238, "c": 0.9, "s": 64605, "e": 64777, "w": "去", "sp": "Agent"}, {"p": 239, "c": 0.9, "s": 64777, "e": 64949, "w": "了", "sp": "Agent"}, {"p": 240, "c": 0.9, "s": 66150, "e": 66555, "w": "嗯", "sp": "Customer"}, {"p": 241, "c": 0.9, "s": 66555, "e": 67365, "w": "然后", "sp": "Customer"}, {"p": 242, "c": 0.9, "s": 67365, "e": 67770, "w": "呢", "sp": "Customer"}, {"p": 243, "c": 0.9, "s": 67480, "e": 67847, "w": "就是", "sp": "Agent"}, {"p": 244, "c": 0.9, "s": 67847, "e": 68215, "w": "证明", "sp": "Agent"}, {"p": 245, "c": 0.9, "s": 68215, "e": 68398, "w": "还", "sp": "Agent"}, {"p": 246, "c": 0.9, "s": 68399, "e": 68766, "w": "没有", "sp": "Agent"}, {"p": 247, "c": 0.9, "s": 68766, "e": 69133, "w": "收到", "sp": "Agent"}, {"p": 248, "c": 0.9, "s": 69134, "e": 69502, "w": "回复", "sp": "Agent"}, {"p": 249, "c": 0.9, "s": 69502, "e": 69686, "w": "是", "sp": "Agent"}, {"p": 250, "c": 0.9, "s": 69686, "e": 69869, "w": "吗", "sp": "Agent"}, {"p": 251, "c": 0.9, "s": 69830, "e": 70053, "w": "对", "sp": "Customer"}, {"p": 252, "c": 0.9, "s": 70053, "e": 70277, "w": "呀", "sp": "Customer"}, {"p": 253, "c": 0.9, "s": 70277, "e": 70501, "w": "你", "sp": "Customer"}, {"p": 254, "c": 0.9, "s": 70501, "e": 70725, "w": "不", "sp": "Customer"}, {"p": 255, "c": 0.9, "s": 70725, "e": 71173, "w": "可能", "sp": "Customer"}, {"p": 256, "c": 0.9, "s": 71173, "e": 71396, "w": "卡", "sp": "Customer"}, {"p": 257, "c": 0.9, "s": 71397, "e": 71621, "w": "在", "sp": "Customer"}, {"p": 258, "c": 0.9, "s": 71621, "e": 71845, "w": "六", "sp": "Customer"}, {"p": 259, "c": 0.9, "s": 71845, "e": 72292, "w": "点钟", "sp": "Customer"}, {"p": 260, "c": 0.9, "s": 72292, "e": 72516, "w": "来", "sp": "Customer"}, {"p": 261, "c": 0.9, "s": 72410, "e": 72577, "w": "嗯", "sp": "Agent"}, {"p": 262, "c": 0.9, "s": 72516, "e": 72740, "w": "打", "sp": "Customer"}, {"p": 263, "c": 0.9, "s": 72577, "e": 72745, "w": "嗯", "sp": "Agent"}, {"p": 264, "c": 0.9, "s": 72740, "e": 72964, "w": "我", "sp": "Customer"}, {"p": 265, "c": 0.9, "s": 72745, "e": 72913, "w": "嗯", "sp": "Agent"}, {"p": 266, "c": 0.9, "s": 72913, "e": 73248, "w": "理解", "sp": "Agent"}, {"p": 267, "c": 0.9, "s": 72964, "e": 73411, "w": "回复", "sp": "Customer"}, {"p": 268, "c": 0.9, "s": 73248, "e": 73416, "w": "你", "sp": "Agent"}, {"p": 269, "c": 0.9, "s": 73412, "e": 73636, "w": "我", "sp": "Customer"}, {"p": 270, "c": 0.9, "s": 73416, "e": 73584, "w": "的", "sp": "Agent"}, {"p": 271, "c": 0.9, "s": 73584, "e": 73919, "w": "意思", "sp": "Agent"}, {"p": 272, "c": 0.9, "s": 73636, "e": 73860, "w": "嘛", "sp": "Customer"}, {"p": 273, "c": 0.9, "s": 73919, "e": 74087, "w": "了", "sp": "Agent"}, {"p": 274, "c": 0.9, "s": 74087, "e": 74422, "w": "那行", "sp": "Agent"}, {"p": 275, "c": 0.9, "s": 74422, "e": 74590, "w": "那", "sp": "Agent"}, {"p": 276, "c": 0.9, "s": 74590, "e": 74757, "w": "我", "sp": "Agent"}, {"p": 277, "c": 0.9, "s": 74758, "e": 75093, "w": "这边", "sp": "Agent"}, {"p": 278, "c": 0.9, "s": 75093, "e": 75261, "w": "再", "sp": "Agent"}, {"p": 279, "c": 0.9, "s": 75261, "e": 75429, "w": "帮", "sp": "Agent"}, {"p": 280, "c": 0.9, "s": 75429, "e": 75597, "w": "您", "sp": "Agent"}, {"p": 281, "c": 0.9, "s": 75597, "e": 75932, "w": "加急", "sp": "Agent"}, {"p": 282, "c": 0.9, "s": 75932, "e": 76100, "w": "催", "sp": "Agent"}, {"p": 283, "c": 0.9, "s": 76100, "e": 76435, "w": "一下", "sp": "Agent"}, {"p": 284, "c": 0.9, "s": 76435, "e": 76603, "w": "让", "sp": "Agent"}, {"p": 285, "c": 0.9, "s": 76603, "e": 76771, "w": "他", "sp": "Agent"}, {"p": 286, "c": 0.9, "s": 76771, "e": 77106, "w": "尽快", "sp": "Agent"}, {"p": 287, "c": 0.9, "s": 77106, "e": 77442, "w": "回复", "sp": "Agent"}, {"p": 288, "c": 0.9, "s": 77442, "e": 77610, "w": "您", "sp": "Agent"}, {"p": 289, "c": 0.9, "s": 78130, "e": 78322, "w": "对", "sp": "Customer"}, {"p": 290, "c": 0.9, "s": 78322, "e": 78515, "w": "呀", "sp": "Customer"}, {"p": 291, "c": 0.9, "s": 78515, "e": 78901, "w": "你们", "sp": "Customer"}, {"p": 292, "c": 0.9, "s": 78901, "e": 79094, "w": "有", "sp": "Customer"}, {"p": 293, "c": 0.9, "s": 79094, "e": 79287, "w": "最", "sp": "Customer"}, {"p": 294, "c": 0.9, "s": 79287, "e": 79672, "w": "起码", "sp": "Customer"}, {"p": 295, "c": 0.9, "s": 79672, "e": 79865, "w": "给", "sp": "Customer"}, {"p": 296, "c": 0.9, "s": 79865, "e": 80058, "w": "我", "sp": "Customer"}, {"p": 297, "c": 0.9, "s": 80058, "e": 80444, "w": "一个", "sp": "Customer"}, {"p": 298, "c": 0.9, "s": 80444, "e": 81215, "w": "解决方案", "sp": "Customer"}, {"p": 299, "c": 0.9, "s": 81215, "e": 81408, "w": "啊", "sp": "Customer"}, {"p": 300, "c": 0.9, "s": 81408, "e": 81601, "w": "我", "sp": "Customer"}, {"p": 301, "c": 0.9, "s": 81601, "e": 81794, "w": "不", "sp": "Customer"}, {"p": 302, "c": 0.9, "s": 81794, "e": 82180, "w": "可能", "sp": "Customer"}, {"p": 303, "c": 0.9, "s": 82180, "e": 82565, "w": "你们", "sp": "Customer"}, {"p": 304, "c": 0.9, "s": 82565, "e": 82951, "w": "真的", "sp": "Customer"}, {"p": 305, "c": 0.9, "s": 82951, "e": 83144, "w": "是", "sp": "Customer"}, {"p": 306, "c": 0.9, "s": 83144, "e": 83337, "w": "的", "sp": "Customer"}, {"p": 307, "c": 0.9, "s": 83337, "e": 83530, "w": "他", "sp": "Customer"}, {"p": 308, "c": 0.9, "s": 83530, "e": 83722, "w": "拖", "sp": "Customer"}, {"p": 309, "c": 0.9, "s": 83722, "e": 83915, "w": "了", "sp": "Customer"}, {"p": 310, "c": 0.9, "s": 83915, "e": 84108, "w": "我", "sp": "Customer"}, {"p": 311, "c": 0.9, "s": 84108, "e": 84494, "w": "六个", "sp": "Customer"}, {"p": 312, "c": 0.9, "s": 84494, "e": 84687, "w": "多", "sp": "Customer"}, {"p": 313, "c": 0.9, "s": 84687, "e": 84880, "w": "月", "sp": "Customer"}, {"p": 314, "c": 0.9, "s": 84880, "e": 85265, "w": "你们", "sp": "Customer"}, {"p": 315, "c": 0.9, "s": 85265, "e": 85651, "w": "这边", "sp": "Customer"}, {"p": 316, "c": 0.9, "s": 85651, "e": 86230, "w": "一会儿", "sp": "Customer"}, {"p": 317, "c": 0.9, "s": 86230, "e": 86422, "w": "拖", "sp": "Customer"}, {"p": 318, "c": 0.9, "s": 86422, "e": 86615, "w": "拖", "sp": "Customer"}, {"p": 319, "c": 0.9, "s": 86615, "e": 86808, "w": "拖", "sp": "Customer"}, {"p": 320, "c": 0.9, "s": 86808, "e": 87001, "w": "要", "sp": "Customer"}, {"p": 321, "c": 0.9, "s": 87001, "e": 87194, "w": "要", "sp": "Customer"}, {"p": 322, "c": 0.9, "s": 87194, "e": 87580, "w": "什么", "sp": "Customer"}, {"p": 323, "c": 0.9, "s": 87580, "e": 87965, "w": "时候", "sp": "Customer"}, {"p": 324, "c": 0.9, "s": 87965, "e": 88351, "w": "天气", "sp": "Customer"}, {"p": 325, "c": 0.9, "s": 88351, "e": 88544, "w": "再", "sp": "Customer"}, {"p": 326, "c": 0.9, "s": 88544, "e": 88737, "w": "热", "sp": "Customer"}, {"p": 327, "c": 0.9, "s": 88737, "e": 88930, "w": "啊", "sp": "Customer"}, {"p": 328, "c": 0.9, "s": 88870, "e": 89030, "w": "对", "sp": "Agent"}, {"p": 329, "c": 0.9, "s": 89030, "e": 89191, "w": "对", "sp": "Agent"}, {"p": 330, "c": 0.9, "s": 89191, "e": 89351, "w": "我", "sp": "Agent"}, {"p": 331, "c": 0.9, "s": 89351, "e": 89673, "w": "理解", "sp": "Agent"}, {"p": 332, "c": 0.9, "s": 89673, "e": 89833, "w": "您", "sp": "Agent"}, {"p": 333, "c": 0.9, "s": 89833, "e": 89994, "w": "的", "sp": "Agent"}, {"p": 334, "c": 0.9, "s": 89994, "e": 90315, "w": "意思", "sp": "Agent"}, {"p": 335, "c": 0.9, "s": 90315, "e": 90476, "w": "那", "sp": "Agent"}, {"p": 336, "c": 0.9, "s": 90476, "e": 90636, "w": "我", "sp": "Agent"}, {"p": 337, "c": 0.9, "s": 90636, "e": 90958, "w": "这边", "sp": "Agent"}, {"p": 338, "c": 0.9, "s": 90958, "e": 91279, "w": "尽快", "sp": "Agent"}, {"p": 339, "c": 0.9, "s": 91279, "e": 91440, "w": "帮", "sp": "Agent"}, {"p": 340, "c": 0.9, "s": 91440, "e": 91600, "w": "您", "sp": "Agent"}, {"p": 341, "c": 0.9, "s": 91600, "e": 91921, "w": "再加", "sp": "Agent"}, {"p": 342, "c": 0.9, "s": 91921, "e": 92082, "w": "急", "sp": "Agent"}, {"p": 343, "c": 0.9, "s": 92082, "e": 92403, "w": "催促", "sp": "Agent"}, {"p": 344, "c": 0.9, "s": 92403, "e": 92564, "w": "让", "sp": "Agent"}, {"p": 345, "c": 0.9, "s": 92564, "e": 92885, "w": "厂方", "sp": "Agent"}, {"p": 346, "c": 0.9, "s": 92885, "e": 93206, "w": "这边", "sp": "Agent"}, {"p": 347, "c": 0.9, "s": 93206, "e": 93528, "w": "尽快", "sp": "Agent"}, {"p": 348, "c": 0.9, "s": 93528, "e": 93849, "w": "回复", "sp": "Agent"}, {"p": 349, "c": 0.9, "s": 93849, "e": 94010, "w": "您", "sp": "Agent"}, {"p": 350, "c": 0.9, "s": 94780, "e": 95255, "w": "好", "sp": "Customer"}, {"p": 351, "c": 0.9, "s": 95255, "e": 95729, "w": "吗", "sp": "Customer"}, {"p": 352, "c": 0.9, "s": 96160, "e": 96296, "w": "嗯", "sp": "Agent"}, {"p": 353, "c": 0.9, "s": 96296, "e": 96433, "w": "那", "sp": "Agent"}, {"p": 354, "c": 0.9, "s": 96433, "e": 96707, "w": "麻烦", "sp": "Agent"}, {"p": 355, "c": 0.9, "s": 96707, "e": 96844, "w": "您", "sp": "Agent"}, {"p": 356, "c": 0.9, "s": 96844, "e": 97118, "w": "这边", "sp": "Agent"}, {"p": 357, "c": 0.9, "s": 97118, "e": 97392, "w": "保持", "sp": "Agent"}, {"p": 358, "c": 0.9, "s": 97392, "e": 97666, "w": "手机", "sp": "Agent"}, {"p": 359, "c": 0.9, "s": 97666, "e": 97940, "w": "畅通", "sp": "Agent"}, {"p": 360, "c": 0.9, "s": 97940, "e": 98214, "w": "尽快", "sp": "Agent"}, {"p": 361, "c": 0.9, "s": 98214, "e": 98351, "w": "帮", "sp": "Agent"}, {"p": 362, "c": 0.9, "s": 98351, "e": 98488, "w": "您", "sp": "Agent"}, {"p": 363, "c": 0.9, "s": 98488, "e": 98762, "w": "加急", "sp": "Agent"}, {"p": 364, "c": 0.9, "s": 98762, "e": 99036, "w": "催促", "sp": "Agent"}, {"p": 365, "c": 0.9, "s": 99036, "e": 99310, "w": "一下", "sp": "Agent"}, {"p": 366, "c": 0.9, "s": 99740, "e": 100290, "w": "哎", "sp": "Customer"}, {"p": 367, "c": 0.9, "s": 100290, "e": 100840, "w": "好", "sp": "Customer"}, {"p": 368, "c": 0.9, "s": 100800, "e": 100936, "w": "嗯", "sp": "Agent"}, {"p": 369, "c": 0.9, "s": 100936, "e": 101073, "w": "好", "sp": "Agent"}, {"p": 370, "c": 0.9, "s": 101073, "e": 101346, "w": "请问", "sp": "Agent"}, {"p": 371, "c": 0.9, "s": 101346, "e": 101620, "w": "还有", "sp": "Agent"}, {"p": 372, "c": 0.9, "s": 101620, "e": 101893, "w": "什么", "sp": "Agent"}, {"p": 373, "c": 0.9, "s": 101893, "e": 102166, "w": "可以", "sp": "Agent"}, {"p": 374, "c": 0.9, "s": 102166, "e": 102303, "w": "帮", "sp": "Agent"}, {"p": 375, "c": 0.9, "s": 102303, "e": 102440, "w": "您", "sp": "Agent"}, {"p": 376, "c": 0.9, "s": 102580, "e": 102812, "w": "嗯", "sp": "Customer"}, {"p": 377, "c": 0.9, "s": 102812, "e": 103045, "w": "我", "sp": "Customer"}, {"p": 378, "c": 0.9, "s": 103045, "e": 103278, "w": "不", "sp": "Customer"}, {"p": 379, "c": 0.9, "s": 103278, "e": 103744, "w": "需要", "sp": "Customer"}, {"p": 380, "c": 0.9, "s": 103744, "e": 104210, "w": "谢谢", "sp": "Customer"}, {"p": 381, "c": 0.9, "s": 104060, "e": 104220, "w": "嗯", "sp": "Agent"}, {"p": 382, "c": 0.9, "s": 104220, "e": 104380, "w": "不", "sp": "Agent"}, {"p": 383, "c": 0.9, "s": 104380, "e": 104700, "w": "客气", "sp": "Agent"}, {"p": 384, "c": 0.9, "s": 104700, "e": 105020, "w": "感谢", "sp": "Agent"}, {"p": 385, "c": 0.9, "s": 105020, "e": 105340, "w": "来电", "sp": "Agent"}, {"p": 386, "c": 0.9, "s": 105340, "e": 105659, "w": "祝您", "sp": "Agent"}, {"p": 387, "c": 0.9, "s": 105660, "e": 105980, "w": "生活", "sp": "Agent"}, {"p": 388, "c": 0.9, "s": 105980, "e": 106300, "w": "愉快", "sp": "Agent"}, {"p": 389, "c": 0.9, "s": 106300, "e": 106620, "w": "再见", "sp": "Agent"}]}, "plainText": "您好 欢迎 致电 大连 空调 请问 有 什么 可以 帮 您\n哎 你好 那个\n先生\n能 不能\n您好\n帮 我 查 一下 我 两点钟 打 过来 这 是 谁 接待 的\n呃 很 抱歉 我 这边 是 查 看不到 具体 的 一个 人员 接待 您 的 您 这边 是 有 什么 问题 呢 我 这边 看到 是 之前 反馈 说 是 外 机 一直 没 到 对 吗\n对 呀 他 答应 我 六点 之前 给 我 一个 答复 的 说 有人 联系 我 的 你 看 现在 已经 几点钟 了\n嗯\n你们 真 卡 的 六点 钟 给 我 回复 吗\n哦 十分 的 抱歉 那 这个 我 要 跟 我 上级 领导 反馈 一下 之前 那个 他 反馈 的 一个 信息 到底 是 有没有 反馈 帮 你 让 帮 你 回复 你\n所以 说 呀 我 要 查\n嗯\n一下 两点钟 我 打 过来 的话 是 哪个 客服 接待 的 呀\n嗯\n他 答应 我 的 呀 他\n嗯\n已经\n我\n反馈 到\n也\n领导 那边 去 了 呀 他\n这个\n说\n我\n怎么\n理解\n到\n我\n现在\n这边\n都\n可\n没 嗯\n我 这边 看 我 这边 看到 之前 有 那个 相关 的 记录 说 是 要 安排 工作人员 今天 就是 六点 之前 就是 下午 下午 六点\n对\n之前 会 帮 你 回复 的\n对 呀\n对 我 这边 看到 他 已经 帮 您 记录 反馈 到 相关 的 一个 领导 部门 的 那边 去 了\n嗯 然后 呢\n就是 证明 还 没有 收到 回复 是 吗\n对 呀 你 不 可能 卡 在 六 点钟 来\n嗯\n打\n嗯\n我\n嗯 理解\n回复\n你\n我\n的 意思\n嘛\n了 那行 那 我 这边 再 帮 您 加急 催 一下 让 他 尽快 回复 您\n对 呀 你们 有 最 起码 给 我 一个 解决方案 啊 我 不 可能 你们 真的 是 的 他 拖 了 我 六个 多 月 你们 这边 一会儿 拖 拖 拖 要 要 什么 时候 天气 再 热 啊\n对 对 我 理解 您 的 意思 那 我 这边 尽快 帮 您 再加 急 催促 让 厂方 这边 尽快 回复 您\n好 吗\n嗯 那 麻烦 您 这边 保持 手机 畅通 尽快 帮 您 加急 催促 一下\n哎 好\n嗯 好 请问 还有 什么 可以 帮 您\n嗯 我 不 需要 谢谢\n嗯 不 客气 感谢 来电 祝您 生活 愉快 再见", "plainTextTime": {"verbatims": [{"s": 800, "e": 3600, "w": "您好 欢迎 致电 大连 空调 请问 有 什么 可以 帮 您", "sp": "Agent"}, {"s": 4120, "e": 5277, "w": "哎 你好 那个", "sp": "Customer"}, {"s": 5110, "e": 5755, "w": "先生", "sp": "Agent"}, {"s": 5277, "e": 5971, "w": "能 不能", "sp": "Customer"}, {"s": 5755, "e": 6400, "w": "您好", "sp": "Agent"}, {"s": 5972, "e": 10140, "w": "帮 我 查 一下 我 两点钟 打 过来 这 是 谁 接待 的", "sp": "Customer"}, {"s": 10020, "e": 19220, "w": "呃 很 抱歉 我 这边 是 查 看不到 具体 的 一个 人员 接待 您 的 您 这边 是 有 什么 问题 呢 我 这边 看到 是 之前 反馈 说 是 外 机 一直 没 到 对 吗", "sp": "Agent"}, {"s": 19540, "e": 25609, "w": "对 呀 他 答应 我 六点 之前 给 我 一个 答复 的 说 有人 联系 我 的 你 看 现在 已经 几点钟 了", "sp": "Customer"}, {"s": 25570, "e": 26720, "w": "嗯", "sp": "Agent"}, {"s": 25609, "e": 27930, "w": "你们 真 卡 的 六点 钟 给 我 回复 吗", "sp": "Customer"}, {"s": 27810, "e": 36540, "w": "哦 十分 的 抱歉 那 这个 我 要 跟 我 上级 领导 反馈 一下 之前 那个 他 反馈 的 一个 信息 到底 是 有没有 反馈 帮 你 让 帮 你 回复 你", "sp": "Agent"}, {"s": 37980, "e": 39204, "w": "所以 说 呀 我 要 查", "sp": "Customer"}, {"s": 39150, "e": 40040, "w": "嗯", "sp": "Agent"}, {"s": 39205, "e": 42704, "w": "一下 两点钟 我 打 过来 的话 是 哪个 客服 接待 的 呀", "sp": "Customer"}, {"s": 42570, "e": 43630, "w": "嗯", "sp": "Agent"}, {"s": 42705, "e": 43930, "w": "他 答应 我 的 呀 他", "sp": "Customer"}, {"s": 43910, "e": 44270, "w": "嗯", "sp": "Agent"}, {"s": 43930, "e": 44280, "w": "已经", "sp": "Customer"}, {"s": 44270, "e": 44630, "w": "我", "sp": "Agent"}, {"s": 44280, "e": 44805, "w": "反馈 到", "sp": "Customer"}, {"s": 44630, "e": 44990, "w": "也", "sp": "Agent"}, {"s": 44805, "e": 46204, "w": "领导 那边 去 了 呀 他", "sp": "Customer"}, {"s": 46180, "e": 46577, "w": "这个", "sp": "Agent"}, {"s": 46205, "e": 46380, "w": "说", "sp": "Customer"}, {"s": 46577, "e": 46776, "w": "我", "sp": "Agent"}, {"s": 46660, "e": 47031, "w": "怎么", "sp": "Customer"}, {"s": 46776, "e": 47174, "w": "理解", "sp": "Agent"}, {"s": 47031, "e": 47217, "w": "到", "sp": "Customer"}, {"s": 47174, "e": 47373, "w": "我", "sp": "Agent"}, {"s": 47217, "e": 47587, "w": "现在", "sp": "Customer"}, {"s": 47373, "e": 47771, "w": "这边", "sp": "Agent"}, {"s": 47588, "e": 47774, "w": "都", "sp": "Customer"}, {"s": 47771, "e": 47970, "w": "可", "sp": "Agent"}, {"s": 47774, "e": 49220, "w": "没 嗯", "sp": "Customer"}, {"s": 48250, "e": 57253, "w": "我 这边 看 我 这边 看到 之前 有 那个 相关 的 记录 说 是 要 安排 工作人员 今天 就是 六点 之前 就是 下午 下午 六点", "sp": "Agent"}, {"s": 57120, "e": 58170, "w": "对", "sp": "Customer"}, {"s": 57253, "e": 58890, "w": "之前 会 帮 你 回复 的", "sp": "Agent"}, {"s": 58940, "e": 59940, "w": "对 呀", "sp": "Customer"}, {"s": 59780, "e": 64949, "w": "对 我 这边 看到 他 已经 帮 您 记录 反馈 到 相关 的 一个 领导 部门 的 那边 去 了", "sp": "Agent"}, {"s": 66150, "e": 67770, "w": "嗯 然后 呢", "sp": "Customer"}, {"s": 67480, "e": 69869, "w": "就是 证明 还 没有 收到 回复 是 吗", "sp": "Agent"}, {"s": 69830, "e": 72516, "w": "对 呀 你 不 可能 卡 在 六 点钟 来", "sp": "Customer"}, {"s": 72410, "e": 72577, "w": "嗯", "sp": "Agent"}, {"s": 72516, "e": 72740, "w": "打", "sp": "Customer"}, {"s": 72577, "e": 72745, "w": "嗯", "sp": "Agent"}, {"s": 72740, "e": 72964, "w": "我", "sp": "Customer"}, {"s": 72745, "e": 73248, "w": "嗯 理解", "sp": "Agent"}, {"s": 72964, "e": 73411, "w": "回复", "sp": "Customer"}, {"s": 73248, "e": 73416, "w": "你", "sp": "Agent"}, {"s": 73412, "e": 73636, "w": "我", "sp": "Customer"}, {"s": 73416, "e": 73919, "w": "的 意思", "sp": "Agent"}, {"s": 73636, "e": 73860, "w": "嘛", "sp": "Customer"}, {"s": 73919, "e": 77610, "w": "了 那行 那 我 这边 再 帮 您 加急 催 一下 让 他 尽快 回复 您", "sp": "Agent"}, {"s": 78130, "e": 88930, "w": "对 呀 你们 有 最 起码 给 我 一个 解决方案 啊 我 不 可能 你们 真的 是 的 他 拖 了 我 六个 多 月 你们 这边 一会儿 拖 拖 拖 要 要 什么 时候 天气 再 热 啊", "sp": "Customer"}, {"s": 88870, "e": 94010, "w": "对 对 我 理解 您 的 意思 那 我 这边 尽快 帮 您 再加 急 催促 让 厂方 这边 尽快 回复 您", "sp": "Agent"}, {"s": 94780, "e": 95729, "w": "好 吗", "sp": "Customer"}, {"s": 96160, "e": 99310, "w": "嗯 那 麻烦 您 这边 保持 手机 畅通 尽快 帮 您 加急 催促 一下", "sp": "Agent"}, {"s": 99740, "e": 100840, "w": "哎 好", "sp": "Customer"}, {"s": 100800, "e": 102440, "w": "嗯 好 请问 还有 什么 可以 帮 您", "sp": "Agent"}, {"s": 102580, "e": 104210, "w": "嗯 我 不 需要 谢谢", "sp": "Customer"}, {"s": 104060, "e": 106620, "w": "嗯 不 客气 感谢 来电 祝您 生活 愉快 再见", "sp": "Agent"}]}, "aqm": {"greeting": {"greeting_said": "您好, 空调, 请问, 先生", "n_greeting_said": 4, "score": 1}, "closing": {"closing_said": "您, 感谢, 祝您, 生活, 愉快, 再见", "n_closing_said": 6, "score": 1}, "speed": {"speed_max": 7.32, "n_words": 12, "words": "嗯 好 请问 还有 什么 可以 帮 您", "start": 100800, "end": 102440}}}