{"mediaId": "2022031317242466408747464778303001", "status": "Success", "dateCreated": "2022-03-21T18:45:50Z", "contentType": "audio/x-wav", "channels": "future use", "length": 101, "metadata": {"Sid": 10176, "Site_id": 783, "Audio_ch_num": 87474647, "Audio_module_num": 783002, "Audio_start_time_gmt": "2022-03-13T09:24:24.663+08:00", "Transaction_id": "2022031317242466408747464778303001", "ContactID": "9144801786460000301", "Personal_id": "0", "Direction": 2, "Local_audio_start_time": "2022-03-13T17:24:24.663+08:00", "Local_audio_end_time": "2022-03-13T17:26:05.663+08:00", "Total_hold_time": "0", "Pbx_login_id": "800041", "Ani": "600050", "Extension": "600050", "String_extension": "600050", "Switch_call_id": "006f0330e46d50e7", "Switch_id": "783000001", "Duration_seconds": 101, "Wrapup_time_in_seconds": "0", "Dnis": "17601070006", "Number_of_conferences": "0", "Number_of_holds": "0", "Number_of_transfers": "0", "Percent_of_agent_call": "4", "Percent_of_other_call": "12", "Percent_of_mutual_silence": "79", "Num_of_agent_cross": "2", "Num_of_other_cross": "3", "IsException": 0, "CD2": "013GVT56OG919AP72LUHVB5AES000CNO"}, "transcript_detailed": {"words": [{"p": 1, "c": 0.9, "s": 630, "e": 2040, "w": "你好", "sp": "Agent"}, {"p": 2, "c": 0.9, "s": 2320, "e": 2740, "w": "您好", "sp": "Agent"}, {"p": 3, "c": 0.9, "s": 2740, "e": 3161, "w": "这边", "sp": "Agent"}, {"p": 4, "c": 0.9, "s": 3161, "e": 3372, "w": "是", "sp": "Agent"}, {"p": 5, "c": 0.9, "s": 3372, "e": 3793, "w": "大兴", "sp": "Agent"}, {"p": 6, "c": 0.9, "s": 3793, "e": 4213, "w": "空调", "sp": "Agent"}, {"p": 7, "c": 0.9, "s": 4213, "e": 4634, "w": "厂房", "sp": "Agent"}, {"p": 8, "c": 0.9, "s": 4634, "e": 5055, "w": "客服", "sp": "Agent"}, {"p": 9, "c": 0.9, "s": 4720, "e": 4977, "w": "好", "sp": "Customer"}, {"p": 10, "c": 0.9, "s": 4977, "e": 5235, "w": "的", "sp": "Customer"}, {"p": 11, "c": 0.9, "s": 5055, "e": 5476, "w": "中心", "sp": "Agent"}, {"p": 12, "c": 0.9, "s": 5235, "e": 5492, "w": "好", "sp": "Customer"}, {"p": 13, "c": 0.9, "s": 5476, "e": 5686, "w": "的", "sp": "Agent"}, {"p": 14, "c": 0.9, "s": 5492, "e": 5750, "w": "的", "sp": "Customer"}, {"p": 15, "c": 0.9, "s": 5686, "e": 6107, "w": "请问", "sp": "Agent"}, {"p": 16, "c": 0.9, "s": 6107, "e": 6318, "w": "是", "sp": "Agent"}, {"p": 17, "c": 0.9, "s": 6160, "e": 6384, "w": "哎", "sp": "Customer"}, {"p": 18, "c": 0.9, "s": 6318, "e": 6528, "w": "刘", "sp": "Agent"}, {"p": 19, "c": 0.9, "s": 6385, "e": 6610, "w": "十", "sp": "Customer"}, {"p": 20, "c": 0.9, "s": 6528, "e": 6949, "w": "先生", "sp": "Agent"}, {"p": 21, "c": 0.9, "s": 6610, "e": 7060, "w": "九个", "sp": "Customer"}, {"p": 22, "c": 0.9, "s": 6949, "e": 7160, "w": "吗", "sp": "Agent"}, {"p": 23, "c": 0.9, "s": 7060, "e": 7285, "w": "人", "sp": "Customer"}, {"p": 24, "c": 0.9, "s": 7285, "e": 7509, "w": "的", "sp": "Customer"}, {"p": 25, "c": 0.9, "s": 11410, "e": 12719, "w": "你好", "sp": "Agent"}, {"p": 26, "c": 0.9, "s": 16470, "e": 17029, "w": "你好", "sp": "Agent"}, {"p": 27, "c": 0.9, "s": 17030, "e": 17310, "w": "听", "sp": "Agent"}, {"p": 28, "c": 0.9, "s": 17310, "e": 17869, "w": "得到", "sp": "Agent"}, {"p": 29, "c": 0.9, "s": 17870, "e": 18150, "w": "吗", "sp": "Agent"}, {"p": 30, "c": 0.9, "s": 22480, "e": 23720, "w": "你好", "sp": "Agent"}, {"p": 31, "c": 0.9, "s": 24980, "e": 25180, "w": "你", "sp": "Customer"}, {"p": 32, "c": 0.9, "s": 25180, "e": 25580, "w": "那个", "sp": "Customer"}, {"p": 33, "c": 0.9, "s": 25580, "e": 25780, "w": "是", "sp": "Customer"}, {"p": 34, "c": 0.9, "s": 25780, "e": 25980, "w": "我", "sp": "Customer"}, {"p": 35, "c": 0.9, "s": 25980, "e": 26180, "w": "花", "sp": "Customer"}, {"p": 36, "c": 0.9, "s": 26180, "e": 26380, "w": "呗", "sp": "Customer"}, {"p": 37, "c": 0.9, "s": 26380, "e": 26779, "w": "还款", "sp": "Customer"}, {"p": 38, "c": 0.9, "s": 26780, "e": 26980, "w": "的", "sp": "Customer"}, {"p": 39, "c": 0.9, "s": 26980, "e": 27180, "w": "再", "sp": "Customer"}, {"p": 40, "c": 0.9, "s": 27180, "e": 27580, "w": "不是", "sp": "Customer"}, {"p": 41, "c": 0.9, "s": 27580, "e": 27780, "w": "就", "sp": "Customer"}, {"p": 42, "c": 0.9, "s": 27780, "e": 28180, "w": "刚才", "sp": "Customer"}, {"p": 43, "c": 0.9, "s": 28180, "e": 28380, "w": "那", "sp": "Customer"}, {"p": 44, "c": 0.9, "s": 28380, "e": 28779, "w": "三千", "sp": "Customer"}, {"p": 45, "c": 0.9, "s": 28780, "e": 28980, "w": "多", "sp": "Customer"}, {"p": 46, "c": 0.9, "s": 28980, "e": 29180, "w": "了", "sp": "Customer"}, {"p": 47, "c": 0.9, "s": 30670, "e": 31250, "w": "你好", "sp": "Agent"}, {"p": 48, "c": 0.9, "s": 31250, "e": 31540, "w": "听", "sp": "Agent"}, {"p": 49, "c": 0.9, "s": 31540, "e": 32120, "w": "得到", "sp": "Agent"}, {"p": 50, "c": 0.9, "s": 31620, "e": 32590, "w": "不会", "sp": "Customer"}, {"p": 51, "c": 0.9, "s": 32119, "e": 32410, "w": "吗", "sp": "Agent"}, {"p": 52, "c": 0.9, "s": 37360, "e": 38580, "w": "你好", "sp": "Agent"}]}, "plainText": "你好 您好 这边 是 大兴 空调 厂房 客服\n好 的\n中心\n好\n的\n的\n请问 是\n哎\n刘\n十\n先生\n九个\n吗\n人 的\n你好 你好 听 得到 吗 你好\n你 那个 是 我 花 呗 还款 的 再 不是 就 刚才 那 三千 多 了\n你好 听 得到\n不会\n吗 你好", "plainTextTime": {"verbatims": [{"s": 630, "e": 5055, "w": "你好 您好 这边 是 大兴 空调 厂房 客服", "sp": "Agent"}, {"s": 4720, "e": 5235, "w": "好 的", "sp": "Customer"}, {"s": 5055, "e": 5476, "w": "中心", "sp": "Agent"}, {"s": 5235, "e": 5492, "w": "好", "sp": "Customer"}, {"s": 5476, "e": 5686, "w": "的", "sp": "Agent"}, {"s": 5492, "e": 5750, "w": "的", "sp": "Customer"}, {"s": 5686, "e": 6318, "w": "请问 是", "sp": "Agent"}, {"s": 6160, "e": 6384, "w": "哎", "sp": "Customer"}, {"s": 6318, "e": 6528, "w": "刘", "sp": "Agent"}, {"s": 6385, "e": 6610, "w": "十", "sp": "Customer"}, {"s": 6528, "e": 6949, "w": "先生", "sp": "Agent"}, {"s": 6610, "e": 7060, "w": "九个", "sp": "Customer"}, {"s": 6949, "e": 7160, "w": "吗", "sp": "Agent"}, {"s": 7060, "e": 7509, "w": "人 的", "sp": "Customer"}, {"s": 11410, "e": 23720, "w": "你好 你好 听 得到 吗 你好", "sp": "Agent"}, {"s": 24980, "e": 29180, "w": "你 那个 是 我 花 呗 还款 的 再 不是 就 刚才 那 三千 多 了", "sp": "Customer"}, {"s": 30670, "e": 32120, "w": "你好 听 得到", "sp": "Agent"}, {"s": 31620, "e": 32590, "w": "不会", "sp": "Customer"}, {"s": 32119, "e": 38580, "w": "吗 你好", "sp": "Agent"}]}, "aqm": {"greeting": {"greeting_said": "您好, 空调, 客服, 请问, 先生", "n_greeting_said": 5, "score": 1}, "closing": {"closing_said": "", "n_closing_said": 0, "score": 0}, "speed": {"speed_max": 3.45, "n_words": 5, "words": "你好 听 得到", "start": 30670, "end": 32120}}}