{"mediaId": "2022031316195996808747452078303001", "status": "Success", "dateCreated": "2022-03-21T18:45:50Z", "contentType": "audio/x-wav", "channels": "future use", "length": 18, "metadata": {"Sid": 10114, "Site_id": 783, "Audio_ch_num": 87474520, "Audio_module_num": 783001, "Audio_start_time_gmt": "2022-03-13T08:19:59.967+08:00", "Transaction_id": "2022031316195996808747452078303001", "ContactID": "9144801399990000301", "Personal_id": "0", "Direction": 2, "Local_audio_start_time": "2022-03-13T16:19:59.967+08:00", "Local_audio_end_time": "2022-03-13T16:20:17.967+08:00", "Total_hold_time": "0", "Pbx_login_id": "800041", "Ani": "600050", "Extension": "600050", "String_extension": "600050", "Switch_call_id": "006f0330e46d505c", "Switch_id": "783000001", "Duration_seconds": 18, "Wrapup_time_in_seconds": "0", "Dnis": "15200877811", "Number_of_conferences": "0", "Number_of_holds": "0", "Number_of_transfers": "0", "Percent_of_agent_call": "3", "Percent_of_other_call": "0", "Percent_of_mutual_silence": "15", "Num_of_agent_cross": "0", "Num_of_other_cross": "0", "IsException": 0, "CD2": "013GVT56OG919AP72LUHVB5AES000CJ6"}, "transcript_detailed": {"words": [{"p": 1, "c": 0.9, "s": 5080, "e": 6359, "w": "你好", "sp": "Agent"}, {"p": 2, "c": 0.9, "s": 6870, "e": 7325, "w": "你好", "sp": "Agent"}, {"p": 3, "c": 0.9, "s": 7326, "e": 7783, "w": "这边", "sp": "Agent"}, {"p": 4, "c": 0.9, "s": 7783, "e": 8010, "w": "是", "sp": "Agent"}, {"p": 5, "c": 0.9, "s": 8010, "e": 8467, "w": "大金", "sp": "Agent"}, {"p": 6, "c": 0.9, "s": 8468, "e": 8925, "w": "空调", "sp": "Agent"}, {"p": 7, "c": 0.9, "s": 8925, "e": 9381, "w": "厂房", "sp": "Agent"}, {"p": 8, "c": 0.9, "s": 9381, "e": 9610, "w": "卡", "sp": "Agent"}]}, "plainText": "你好 你好 这边 是 大金 空调 厂房 卡", "plainTextTime": {"verbatims": [{"s": 5080, "e": 9610, "w": "你好 你好 这边 是 大金 空调 厂房 卡", "sp": "Agent"}]}, "aqm": {"greeting": {"greeting_said": "大金, 空调", "n_greeting_said": 2, "score": 0}, "closing": {"closing_said": "大金", "n_closing_said": 1, "score": 0}, "speed": {"speed_max": 3.09, "n_words": 14, "words": "你好 你好 这边 是 大金 空调 厂房 卡", "start": 5080, "end": 9610}}}