{"mediaId": "2022031314280714808747438978303001", "status": "Success", "dateCreated": "2022-03-21T18:45:50Z", "contentType": "audio/x-wav", "channels": "future use", "length": 35, "metadata": {"Sid": 10032, "Site_id": 783, "Audio_ch_num": 87474389, "Audio_module_num": 783002, "Audio_start_time_gmt": "2022-03-13T06:28:07.147+08:00", "Transaction_id": "2022031314280714808747438978303001", "ContactID": "9144800728710000301", "Personal_id": "0", "Direction": 2, "Local_audio_start_time": "2022-03-13T14:28:07.147+08:00", "Local_audio_end_time": "2022-03-13T14:28:42.147+08:00", "Total_hold_time": "0", "Pbx_login_id": "800052", "Ani": "600061", "Extension": "600061", "String_extension": "600061", "Switch_call_id": "006f0330e46d4fb5", "Switch_id": "783000001", "Duration_seconds": 35, "Wrapup_time_in_seconds": "0", "Dnis": "18715461403", "Number_of_conferences": "0", "Number_of_holds": "0", "Number_of_transfers": "0", "Percent_of_agent_call": "6", "Percent_of_other_call": "1", "Percent_of_mutual_silence": "28", "Num_of_agent_cross": "0", "Num_of_other_cross": "0", "IsException": 0, "CD2": "013GVT56OG919AP72LUHVB5AES000CDV"}, "transcript_detailed": {"words": [{"p": 1, "c": 0.9, "s": 0, "e": 1040, "w": "喂", "sp": "Customer"}, {"p": 2, "c": 0.9, "s": 650, "e": 1055, "w": "您好", "sp": "Agent"}, {"p": 3, "c": 0.9, "s": 1055, "e": 1459, "w": "这边", "sp": "Agent"}, {"p": 4, "c": 0.9, "s": 1460, "e": 1663, "w": "是", "sp": "Agent"}, {"p": 5, "c": 0.9, "s": 1663, "e": 2068, "w": "大金", "sp": "Agent"}, {"p": 6, "c": 0.9, "s": 2068, "e": 2473, "w": "空调", "sp": "Agent"}, {"p": 7, "c": 0.9, "s": 2473, "e": 2878, "w": "厂房", "sp": "Agent"}, {"p": 8, "c": 0.9, "s": 2878, "e": 3283, "w": "客服", "sp": "Agent"}, {"p": 9, "c": 0.9, "s": 3283, "e": 3689, "w": "中心", "sp": "Agent"}, {"p": 10, "c": 0.9, "s": 3689, "e": 4093, "w": "请问", "sp": "Agent"}, {"p": 11, "c": 0.9, "s": 4093, "e": 4296, "w": "是", "sp": "Agent"}, {"p": 12, "c": 0.9, "s": 4296, "e": 4499, "w": "邵", "sp": "Agent"}, {"p": 13, "c": 0.9, "s": 4499, "e": 4904, "w": "先生", "sp": "Agent"}, {"p": 14, "c": 0.9, "s": 4830, "e": 5192, "w": "用", "sp": "Customer"}, {"p": 15, "c": 0.9, "s": 4904, "e": 5107, "w": "是", "sp": "Agent"}, {"p": 16, "c": 0.9, "s": 5107, "e": 5310, "w": "吗", "sp": "Agent"}, {"p": 17, "c": 0.9, "s": 5192, "e": 5916, "w": "不到", "sp": "Customer"}, {"p": 18, "c": 0.9, "s": 5850, "e": 6064, "w": "嗯", "sp": "Agent"}, {"p": 19, "c": 0.9, "s": 5916, "e": 6640, "w": "不用", "sp": "Customer"}, {"p": 20, "c": 0.9, "s": 6064, "e": 6278, "w": "是", "sp": "Agent"}, {"p": 21, "c": 0.9, "s": 6278, "e": 6707, "w": "这样", "sp": "Agent"}, {"p": 22, "c": 0.9, "s": 6707, "e": 6922, "w": "的", "sp": "Agent"}, {"p": 23, "c": 0.9, "s": 6922, "e": 7136, "w": "给", "sp": "Agent"}, {"p": 24, "c": 0.9, "s": 7136, "e": 7351, "w": "您", "sp": "Agent"}, {"p": 25, "c": 0.9, "s": 7351, "e": 7779, "w": "来电", "sp": "Agent"}]}, "plainText": "喂\n您好 这边 是 大金 空调 厂房 客服 中心 请问 是 邵 先生\n用\n是 吗\n不到\n嗯\n不用\n是 这样 的 给 您 来电", "plainTextTime": {"verbatims": [{"s": 0, "e": 1040, "w": "喂", "sp": "Customer"}, {"s": 650, "e": 4904, "w": "您好 这边 是 大金 空调 厂房 客服 中心 请问 是 邵 先生", "sp": "Agent"}, {"s": 4830, "e": 5192, "w": "用", "sp": "Customer"}, {"s": 4904, "e": 5310, "w": "是 吗", "sp": "Agent"}, {"s": 5192, "e": 5916, "w": "不到", "sp": "Customer"}, {"s": 5850, "e": 6064, "w": "嗯", "sp": "Agent"}, {"s": 5916, "e": 6640, "w": "不用", "sp": "Customer"}, {"s": 6064, "e": 7779, "w": "是 这样 的 给 您 来电", "sp": "Agent"}]}, "aqm": {"greeting": {"greeting_said": "您好, 大金, 空调, 客服, 请问, 先生", "n_greeting_said": 6, "score": 1}, "closing": {"closing_said": "大金, 您", "n_closing_said": 2, "score": 0}, "speed": {"speed_max": 4.94, "n_words": 21, "words": "您好 这边 是 大金 空调 厂房 客服 中心 请问 是 邵 先生", "start": 650, "end": 4904}}}