{"mediaId": "2022031314253734708747438478303001", "status": "Success", "dateCreated": "2022-03-21T18:45:50Z", "contentType": "audio/x-wav", "channels": "future use", "length": 82, "metadata": {"Sid": 10031, "Site_id": 783, "Audio_ch_num": 87474384, "Audio_module_num": 783001, "Audio_start_time_gmt": "2022-03-13T06:25:37.347+08:00", "Transaction_id": "2022031314253734708747438478303001", "ContactID": "9144800713730000301", "Personal_id": "0", "Direction": 2, "Local_audio_start_time": "2022-03-13T14:25:37.347+08:00", "Local_audio_end_time": "2022-03-13T14:26:59.347+08:00", "Total_hold_time": "0", "Pbx_login_id": "800051", "Ani": "600060", "Extension": "600060", "String_extension": "600060", "Switch_call_id": "006f0330e46d4fae", "Switch_id": "783000001", "Duration_seconds": 82, "Wrapup_time_in_seconds": "0", "Dnis": "19814659777", "Number_of_conferences": "0", "Number_of_holds": "0", "Number_of_transfers": "0", "Percent_of_agent_call": "23", "Percent_of_other_call": "0", "Percent_of_mutual_silence": "59", "Num_of_agent_cross": "0", "Num_of_other_cross": "0", "IsException": 0, "CD2": "013GVT56OG919AP72LUHVB5AES000CDO"}, "transcript_detailed": {"words": [{"p": 1, "c": 0.9, "s": 1390, "e": 1801, "w": "您好", "sp": "Agent"}, {"p": 2, "c": 0.9, "s": 1801, "e": 2007, "w": "我", "sp": "Agent"}, {"p": 3, "c": 0.9, "s": 2007, "e": 2419, "w": "这边", "sp": "Agent"}, {"p": 4, "c": 0.9, "s": 2419, "e": 2625, "w": "是", "sp": "Agent"}, {"p": 5, "c": 0.9, "s": 2625, "e": 3036, "w": "大金", "sp": "Agent"}, {"p": 6, "c": 0.9, "s": 3036, "e": 3448, "w": "空调", "sp": "Agent"}, {"p": 7, "c": 0.9, "s": 3448, "e": 3860, "w": "厂房", "sp": "Agent"}, {"p": 8, "c": 0.9, "s": 3860, "e": 4271, "w": "客服", "sp": "Agent"}, {"p": 9, "c": 0.9, "s": 4271, "e": 4683, "w": "中心", "sp": "Agent"}, {"p": 10, "c": 0.9, "s": 4683, "e": 5095, "w": "请问", "sp": "Agent"}, {"p": 11, "c": 0.9, "s": 5095, "e": 5299, "w": "您", "sp": "Agent"}, {"p": 12, "c": 0.9, "s": 5300, "e": 5506, "w": "是", "sp": "Agent"}, {"p": 13, "c": 0.9, "s": 5506, "e": 5712, "w": "徐", "sp": "Agent"}, {"p": 14, "c": 0.9, "s": 5712, "e": 6124, "w": "先生", "sp": "Agent"}, {"p": 15, "c": 0.9, "s": 6124, "e": 6330, "w": "吗", "sp": "Agent"}, {"p": 16, "c": 0.9, "s": 10480, "e": 10881, "w": "先生", "sp": "Agent"}, {"p": 17, "c": 0.9, "s": 10881, "e": 11282, "w": "您好", "sp": "Agent"}, {"p": 18, "c": 0.9, "s": 11282, "e": 11683, "w": "这边", "sp": "Agent"}, {"p": 19, "c": 0.9, "s": 11683, "e": 11882, "w": "是", "sp": "Agent"}, {"p": 20, "c": 0.9, "s": 11883, "e": 12284, "w": "大厅", "sp": "Agent"}, {"p": 21, "c": 0.9, "s": 12284, "e": 12685, "w": "空调", "sp": "Agent"}, {"p": 22, "c": 0.9, "s": 12685, "e": 13086, "w": "厂房", "sp": "Agent"}, {"p": 23, "c": 0.9, "s": 13086, "e": 13487, "w": "客服", "sp": "Agent"}, {"p": 24, "c": 0.9, "s": 13487, "e": 13888, "w": "中心", "sp": "Agent"}, {"p": 25, "c": 0.9, "s": 13888, "e": 14089, "w": "的", "sp": "Agent"}, {"p": 26, "c": 0.9, "s": 14089, "e": 14289, "w": "嗯", "sp": "Agent"}, {"p": 27, "c": 0.9, "s": 14289, "e": 14490, "w": "给", "sp": "Agent"}, {"p": 28, "c": 0.9, "s": 14490, "e": 14690, "w": "您", "sp": "Agent"}, {"p": 29, "c": 0.9, "s": 14690, "e": 15091, "w": "来电", "sp": "Agent"}, {"p": 30, "c": 0.9, "s": 15091, "e": 15292, "w": "是", "sp": "Agent"}, {"p": 31, "c": 0.9, "s": 15292, "e": 15693, "w": "看到", "sp": "Agent"}, {"p": 32, "c": 0.9, "s": 15693, "e": 15893, "w": "您", "sp": "Agent"}, {"p": 33, "c": 0.9, "s": 15893, "e": 16094, "w": "在", "sp": "Agent"}, {"p": 34, "c": 0.9, "s": 16094, "e": 16494, "w": "我们", "sp": "Agent"}, {"p": 35, "c": 0.9, "s": 16495, "e": 16695, "w": "的", "sp": "Agent"}, {"p": 36, "c": 0.9, "s": 16695, "e": 17095, "w": "头条", "sp": "Agent"}, {"p": 37, "c": 0.9, "s": 17096, "e": 17497, "w": "平台", "sp": "Agent"}, {"p": 38, "c": 0.9, "s": 17497, "e": 17698, "w": "上", "sp": "Agent"}, {"p": 39, "c": 0.9, "s": 17698, "e": 17898, "w": "有", "sp": "Agent"}, {"p": 40, "c": 0.9, "s": 17898, "e": 18299, "w": "留下", "sp": "Agent"}, {"p": 41, "c": 0.9, "s": 18299, "e": 18699, "w": "信息", "sp": "Agent"}, {"p": 42, "c": 0.9, "s": 18700, "e": 18901, "w": "想", "sp": "Agent"}, {"p": 43, "c": 0.9, "s": 18901, "e": 19301, "w": "请问", "sp": "Agent"}, {"p": 44, "c": 0.9, "s": 19302, "e": 19502, "w": "您", "sp": "Agent"}, {"p": 45, "c": 0.9, "s": 19502, "e": 19903, "w": "近期", "sp": "Agent"}, {"p": 46, "c": 0.9, "s": 19903, "e": 20104, "w": "是", "sp": "Agent"}, {"p": 47, "c": 0.9, "s": 20104, "e": 20505, "w": "想要", "sp": "Agent"}, {"p": 48, "c": 0.9, "s": 20505, "e": 20905, "w": "了解", "sp": "Agent"}, {"p": 49, "c": 0.9, "s": 20906, "e": 21307, "w": "家用", "sp": "Agent"}, {"p": 50, "c": 0.9, "s": 21307, "e": 21707, "w": "中央", "sp": "Agent"}, {"p": 51, "c": 0.9, "s": 21708, "e": 22109, "w": "空调", "sp": "Agent"}, {"p": 52, "c": 0.9, "s": 22109, "e": 22310, "w": "吗", "sp": "Agent"}, {"p": 53, "c": 0.9, "s": 29900, "e": 30289, "w": "这边", "sp": "Agent"}, {"p": 54, "c": 0.9, "s": 30289, "e": 30678, "w": "可能", "sp": "Agent"}, {"p": 55, "c": 0.9, "s": 30678, "e": 30872, "w": "是", "sp": "Agent"}, {"p": 56, "c": 0.9, "s": 30872, "e": 31261, "w": "因为", "sp": "Agent"}, {"p": 57, "c": 0.9, "s": 31261, "e": 31650, "w": "线路", "sp": "Agent"}, {"p": 58, "c": 0.9, "s": 31650, "e": 31845, "w": "的", "sp": "Agent"}, {"p": 59, "c": 0.9, "s": 31845, "e": 32234, "w": "原因", "sp": "Agent"}, {"p": 60, "c": 0.9, "s": 32234, "e": 32623, "w": "没有", "sp": "Agent"}, {"p": 61, "c": 0.9, "s": 32623, "e": 33012, "w": "听到", "sp": "Agent"}, {"p": 62, "c": 0.9, "s": 33012, "e": 33206, "w": "您", "sp": "Agent"}, {"p": 63, "c": 0.9, "s": 33206, "e": 33401, "w": "的", "sp": "Agent"}, {"p": 64, "c": 0.9, "s": 33401, "e": 33790, "w": "声音", "sp": "Agent"}, {"p": 65, "c": 0.9, "s": 33790, "e": 33984, "w": "嗯", "sp": "Agent"}, {"p": 66, "c": 0.9, "s": 33984, "e": 34179, "w": "那", "sp": "Agent"}, {"p": 67, "c": 0.9, "s": 34179, "e": 34568, "w": "这边", "sp": "Agent"}, {"p": 68, "c": 0.9, "s": 34568, "e": 34957, "w": "稍后", "sp": "Agent"}, {"p": 69, "c": 0.9, "s": 34957, "e": 35151, "w": "再", "sp": "Agent"}, {"p": 70, "c": 0.9, "s": 35151, "e": 35346, "w": "给", "sp": "Agent"}, {"p": 71, "c": 0.9, "s": 35346, "e": 35540, "w": "您", "sp": "Agent"}, {"p": 72, "c": 0.9, "s": 35540, "e": 35930, "w": "来电", "sp": "Agent"}]}, "plainText": "您好 我 这边 是 大金 空调 厂房 客服 中心 请问 您 是 徐 先生 吗 先生 您好 这边 是 大厅 空调 厂房 客服 中心 的 嗯 给 您 来电 是 看到 您 在 我们 的 头条 平台 上 有 留下 信息 想 请问 您 近期 是 想要 了解 家用 中央 空调 吗 这边 可能 是 因为 线路 的 原因 没有 听到 您 的 声音 嗯 那 这边 稍后 再 给 您 来电", "plainTextTime": {"verbatims": [{"s": 1390, "e": 35930, "w": "您好 我 这边 是 大金 空调 厂房 客服 中心 请问 您 是 徐 先生 吗 先生 您好 这边 是 大厅 空调 厂房 客服 中心 的 嗯 给 您 来电 是 看到 您 在 我们 的 头条 平台 上 有 留下 信息 想 请问 您 近期 是 想要 了解 家用 中央 空调 吗 这边 可能 是 因为 线路 的 原因 没有 听到 您 的 声音 嗯 那 这边 稍后 再 给 您 来电", "sp": "Agent"}]}, "aqm": {"greeting": {"greeting_said": "您好, 大金, 空调, 客服, 请问, 先生", "n_greeting_said": 6, "score": 1}, "closing": {"closing_said": "您", "n_closing_said": 1, "score": 0}, "speed": {"speed_max": 3.3, "n_words": 114, "words": "您好 我 这边 是 大金 空调 厂房 客服 中心 请问 您 是 徐 先生 吗 先生 您好 这边 是 大厅 空调 厂房 客服 中心 的 嗯 给 您 来电 是 看到 您 在 我们 的 头条 平台 上 有 留下 信息 想 请问 您 近期 是 想要 了解 家用 中央 空调 吗 这边 可能 是 因为 线路 的 原因 没有 听到 您 的 声音 嗯 那 这边 稍后 再 给 您 来电", "start": 1390, "end": 35930}}}