{"mediaId": "2022031314193970208747436578303001", "status": "Success", "dateCreated": "2022-03-21T18:45:50Z", "contentType": "audio/x-wav", "channels": "future use", "length": 262, "metadata": {"Sid": 10029, "Site_id": 783, "Audio_ch_num": 87474365, "Audio_module_num": 783002, "Audio_start_time_gmt": "2022-03-13T06:19:39.703+08:00", "Transaction_id": "2022031314193970208747436578303001", "ContactID": "9144800677970000301", "Personal_id": "0", "Direction": 2, "Local_audio_start_time": "2022-03-13T14:19:39.703+08:00", "Local_audio_end_time": "2022-03-13T14:24:01.703+08:00", "Total_hold_time": "0", "Pbx_login_id": "800047", "Ani": "600056", "Extension": "600056", "String_extension": "600056", "Switch_call_id": "006f0330e46d4f97", "Switch_id": "783000001", "Duration_seconds": 262, "Wrapup_time_in_seconds": "0", "Dnis": "13123009114", "Number_of_conferences": "0", "Number_of_holds": "0", "Number_of_transfers": "0", "Percent_of_agent_call": "139", "Percent_of_other_call": "13", "Percent_of_mutual_silence": "78", "Num_of_agent_cross": "24", "Num_of_other_cross": "13", "IsException": 0, "CD2": "013GVT56OG919AP72LUHVB5AES000CD1"}, "transcript_detailed": {"words": [{"p": 1, "c": 0.9, "s": 330, "e": 1260, "w": "喂", "sp": "Customer"}, {"p": 2, "c": 0.9, "s": 1150, "e": 1530, "w": "您好", "sp": "Agent"}, {"p": 3, "c": 0.9, "s": 1530, "e": 1910, "w": "这里", "sp": "Agent"}, {"p": 4, "c": 0.9, "s": 1910, "e": 2100, "w": "是", "sp": "Agent"}, {"p": 5, "c": 0.9, "s": 2100, "e": 2480, "w": "大金", "sp": "Agent"}, {"p": 6, "c": 0.9, "s": 2480, "e": 2860, "w": "空调", "sp": "Agent"}, {"p": 7, "c": 0.9, "s": 2860, "e": 3239, "w": "厂房", "sp": "Agent"}, {"p": 8, "c": 0.9, "s": 3240, "e": 3620, "w": "客服", "sp": "Agent"}, {"p": 9, "c": 0.9, "s": 3620, "e": 4000, "w": "中心", "sp": "Agent"}, {"p": 10, "c": 0.9, "s": 4000, "e": 4380, "w": "请问", "sp": "Agent"}, {"p": 11, "c": 0.9, "s": 4380, "e": 4570, "w": "是", "sp": "Agent"}, {"p": 12, "c": 0.9, "s": 4570, "e": 4760, "w": "张", "sp": "Agent"}, {"p": 13, "c": 0.9, "s": 4760, "e": 5140, "w": "先生", "sp": "Agent"}, {"p": 14, "c": 0.9, "s": 5140, "e": 5330, "w": "是", "sp": "Agent"}, {"p": 15, "c": 0.9, "s": 5330, "e": 5520, "w": "吗", "sp": "Agent"}, {"p": 16, "c": 0.9, "s": 6000, "e": 6564, "w": "什么", "sp": "Customer"}, {"p": 17, "c": 0.9, "s": 6520, "e": 6827, "w": "什么", "sp": "Agent"}, {"p": 18, "c": 0.9, "s": 6564, "e": 7128, "w": "通知", "sp": "Customer"}, {"p": 19, "c": 0.9, "s": 6827, "e": 7134, "w": "东西", "sp": "Agent"}, {"p": 20, "c": 0.9, "s": 7128, "e": 7410, "w": "啊", "sp": "Customer"}, {"p": 21, "c": 0.9, "s": 7134, "e": 7286, "w": "啊", "sp": "Agent"}, {"p": 22, "c": 0.9, "s": 7287, "e": 7594, "w": "您好", "sp": "Agent"}, {"p": 23, "c": 0.9, "s": 7594, "e": 7747, "w": "您", "sp": "Agent"}, {"p": 24, "c": 0.9, "s": 7748, "e": 8055, "w": "这里", "sp": "Agent"}, {"p": 25, "c": 0.9, "s": 8055, "e": 8208, "w": "是", "sp": "Agent"}, {"p": 26, "c": 0.9, "s": 8208, "e": 8515, "w": "大兴", "sp": "Agent"}, {"p": 27, "c": 0.9, "s": 8515, "e": 8822, "w": "空调", "sp": "Agent"}, {"p": 28, "c": 0.9, "s": 8822, "e": 8976, "w": "的", "sp": "Agent"}, {"p": 29, "c": 0.9, "s": 8976, "e": 9129, "w": "您", "sp": "Agent"}, {"p": 30, "c": 0.9, "s": 9129, "e": 9436, "w": "之前", "sp": "Agent"}, {"p": 31, "c": 0.9, "s": 9436, "e": 9590, "w": "有", "sp": "Agent"}, {"p": 32, "c": 0.9, "s": 9590, "e": 9743, "w": "在", "sp": "Agent"}, {"p": 33, "c": 0.9, "s": 9743, "e": 10050, "w": "我们", "sp": "Agent"}, {"p": 34, "c": 0.9, "s": 10050, "e": 10357, "w": "那个", "sp": "Agent"}, {"p": 35, "c": 0.9, "s": 10357, "e": 10511, "w": "抖", "sp": "Agent"}, {"p": 36, "c": 0.9, "s": 10511, "e": 10665, "w": "音", "sp": "Agent"}, {"p": 37, "c": 0.9, "s": 10665, "e": 10818, "w": "上", "sp": "Agent"}, {"p": 38, "c": 0.9, "s": 10818, "e": 11125, "w": "留下", "sp": "Agent"}, {"p": 39, "c": 0.9, "s": 11125, "e": 11279, "w": "您", "sp": "Agent"}, {"p": 40, "c": 0.9, "s": 11279, "e": 11432, "w": "的", "sp": "Agent"}, {"p": 41, "c": 0.9, "s": 11432, "e": 11739, "w": "信息", "sp": "Agent"}, {"p": 42, "c": 0.9, "s": 11739, "e": 11893, "w": "的", "sp": "Agent"}, {"p": 43, "c": 0.9, "s": 11893, "e": 12046, "w": "您", "sp": "Agent"}, {"p": 44, "c": 0.9, "s": 12046, "e": 12200, "w": "还", "sp": "Agent"}, {"p": 45, "c": 0.9, "s": 12200, "e": 12507, "w": "记得", "sp": "Agent"}, {"p": 46, "c": 0.9, "s": 12507, "e": 12660, "w": "吗", "sp": "Agent"}, {"p": 47, "c": 0.9, "s": 12660, "e": 12814, "w": "您", "sp": "Agent"}, {"p": 48, "c": 0.9, "s": 12814, "e": 12967, "w": "是", "sp": "Agent"}, {"p": 49, "c": 0.9, "s": 12967, "e": 13121, "w": "想", "sp": "Agent"}, {"p": 50, "c": 0.9, "s": 13121, "e": 13428, "w": "了解", "sp": "Agent"}, {"p": 51, "c": 0.9, "s": 13428, "e": 13581, "w": "我", "sp": "Agent"}, {"p": 52, "c": 0.9, "s": 13581, "e": 13888, "w": "家用", "sp": "Agent"}, {"p": 53, "c": 0.9, "s": 13888, "e": 14195, "w": "中央", "sp": "Agent"}, {"p": 54, "c": 0.9, "s": 14195, "e": 14502, "w": "空调", "sp": "Agent"}, {"p": 55, "c": 0.9, "s": 14502, "e": 14656, "w": "是", "sp": "Agent"}, {"p": 56, "c": 0.9, "s": 14656, "e": 14810, "w": "吧", "sp": "Agent"}, {"p": 57, "c": 0.9, "s": 14960, "e": 15282, "w": "哦", "sp": "Customer"}, {"p": 58, "c": 0.9, "s": 15282, "e": 15605, "w": "你", "sp": "Customer"}, {"p": 59, "c": 0.9, "s": 15605, "e": 15926, "w": "你", "sp": "Customer"}, {"p": 60, "c": 0.9, "s": 15780, "e": 16890, "w": "嗯", "sp": "Agent"}, {"p": 61, "c": 0.9, "s": 15927, "e": 16250, "w": "是", "sp": "Customer"}, {"p": 62, "c": 0.9, "s": 16250, "e": 16895, "w": "哪个", "sp": "Customer"}, {"p": 63, "c": 0.9, "s": 16895, "e": 17540, "w": "银行", "sp": "Customer"}, {"p": 64, "c": 0.9, "s": 17440, "e": 17634, "w": "对", "sp": "Agent"}, {"p": 65, "c": 0.9, "s": 17634, "e": 17828, "w": "对", "sp": "Agent"}, {"p": 66, "c": 0.9, "s": 17828, "e": 18216, "w": "中央", "sp": "Agent"}, {"p": 67, "c": 0.9, "s": 18216, "e": 18604, "w": "空调", "sp": "Agent"}, {"p": 68, "c": 0.9, "s": 18604, "e": 18992, "w": "大金", "sp": "Agent"}, {"p": 69, "c": 0.9, "s": 18992, "e": 19380, "w": "中央", "sp": "Agent"}, {"p": 70, "c": 0.9, "s": 19380, "e": 19768, "w": "空调", "sp": "Agent"}, {"p": 71, "c": 0.9, "s": 19768, "e": 19962, "w": "的", "sp": "Agent"}, {"p": 72, "c": 0.9, "s": 19962, "e": 20156, "w": "嗯", "sp": "Agent"}, {"p": 73, "c": 0.9, "s": 20156, "e": 20350, "w": "您", "sp": "Agent"}, {"p": 74, "c": 0.9, "s": 20350, "e": 20738, "w": "这个", "sp": "Agent"}, {"p": 75, "c": 0.9, "s": 20738, "e": 21127, "w": "房子", "sp": "Agent"}, {"p": 76, "c": 0.9, "s": 21127, "e": 21321, "w": "是", "sp": "Agent"}, {"p": 77, "c": 0.9, "s": 21321, "e": 21515, "w": "在", "sp": "Agent"}, {"p": 78, "c": 0.9, "s": 21515, "e": 21903, "w": "我们", "sp": "Agent"}, {"p": 79, "c": 0.9, "s": 21903, "e": 22485, "w": "泉州市", "sp": "Agent"}, {"p": 80, "c": 0.9, "s": 22485, "e": 22679, "w": "是", "sp": "Agent"}, {"p": 81, "c": 0.9, "s": 22679, "e": 22873, "w": "吗", "sp": "Agent"}, {"p": 82, "c": 0.9, "s": 22873, "e": 23455, "w": "泉州市", "sp": "Agent"}, {"p": 83, "c": 0.9, "s": 23455, "e": 23649, "w": "的", "sp": "Agent"}, {"p": 84, "c": 0.9, "s": 23649, "e": 24037, "w": "哪个", "sp": "Agent"}, {"p": 85, "c": 0.9, "s": 24037, "e": 24425, "w": "区县", "sp": "Agent"}, {"p": 86, "c": 0.9, "s": 24425, "e": 24619, "w": "呀", "sp": "Agent"}, {"p": 87, "c": 0.9, "s": 25230, "e": 25756, "w": "在", "sp": "Customer"}, {"p": 88, "c": 0.9, "s": 25710, "e": 26589, "w": "对", "sp": "Agent"}, {"p": 89, "c": 0.9, "s": 25756, "e": 26810, "w": "江西", "sp": "Customer"}, {"p": 90, "c": 0.9, "s": 26870, "e": 27073, "w": "哦", "sp": "Agent"}, {"p": 91, "c": 0.9, "s": 27073, "e": 27277, "w": "在", "sp": "Agent"}, {"p": 92, "c": 0.9, "s": 27277, "e": 27685, "w": "江西", "sp": "Agent"}, {"p": 93, "c": 0.9, "s": 27685, "e": 27889, "w": "是", "sp": "Agent"}, {"p": 94, "c": 0.9, "s": 27889, "e": 28093, "w": "吧", "sp": "Agent"}, {"p": 95, "c": 0.9, "s": 28093, "e": 28909, "w": "不好意思", "sp": "Agent"}, {"p": 96, "c": 0.9, "s": 28909, "e": 29113, "w": "你", "sp": "Agent"}, {"p": 97, "c": 0.9, "s": 29113, "e": 29316, "w": "是", "sp": "Agent"}, {"p": 98, "c": 0.9, "s": 29316, "e": 29520, "w": "在", "sp": "Agent"}, {"p": 99, "c": 0.9, "s": 29520, "e": 29928, "w": "江西", "sp": "Agent"}, {"p": 100, "c": 0.9, "s": 29928, "e": 30132, "w": "的", "sp": "Agent"}, {"p": 101, "c": 0.9, "s": 30132, "e": 30540, "w": "哪个", "sp": "Agent"}, {"p": 102, "c": 0.9, "s": 30540, "e": 30744, "w": "省", "sp": "Agent"}, {"p": 103, "c": 0.9, "s": 30744, "e": 31152, "w": "哪个", "sp": "Agent"}, {"p": 104, "c": 0.9, "s": 31152, "e": 31356, "w": "市", "sp": "Agent"}, {"p": 105, "c": 0.9, "s": 31356, "e": 31560, "w": "呀", "sp": "Agent"}, {"p": 106, "c": 0.9, "s": 31820, "e": 32910, "w": "啊", "sp": "Customer"}, {"p": 107, "c": 0.9, "s": 32560, "e": 32759, "w": "啊", "sp": "Agent"}, {"p": 108, "c": 0.9, "s": 32758, "e": 32958, "w": "在", "sp": "Agent"}, {"p": 109, "c": 0.9, "s": 32958, "e": 33357, "w": "江西", "sp": "Agent"}, {"p": 110, "c": 0.9, "s": 33357, "e": 33556, "w": "的", "sp": "Agent"}, {"p": 111, "c": 0.9, "s": 33556, "e": 33954, "w": "哪里", "sp": "Agent"}, {"p": 112, "c": 0.9, "s": 33955, "e": 34154, "w": "你", "sp": "Agent"}, {"p": 113, "c": 0.9, "s": 34154, "e": 34354, "w": "在", "sp": "Agent"}, {"p": 114, "c": 0.9, "s": 34354, "e": 34752, "w": "江西", "sp": "Agent"}, {"p": 115, "c": 0.9, "s": 34752, "e": 34952, "w": "的", "sp": "Agent"}, {"p": 116, "c": 0.9, "s": 34952, "e": 35350, "w": "哪里", "sp": "Agent"}, {"p": 117, "c": 0.9, "s": 35350, "e": 35550, "w": "呢", "sp": "Agent"}, {"p": 118, "c": 0.9, "s": 36230, "e": 37620, "w": "上楼", "sp": "Customer"}, {"p": 119, "c": 0.9, "s": 37420, "e": 37615, "w": "是", "sp": "Agent"}, {"p": 120, "c": 0.9, "s": 37616, "e": 38010, "w": "上来", "sp": "Agent"}, {"p": 121, "c": 0.9, "s": 38010, "e": 38205, "w": "是", "sp": "Agent"}, {"p": 122, "c": 0.9, "s": 38206, "e": 38403, "w": "吧", "sp": "Agent"}, {"p": 123, "c": 0.9, "s": 38403, "e": 38600, "w": "您", "sp": "Agent"}, {"p": 124, "c": 0.9, "s": 38600, "e": 38795, "w": "稍", "sp": "Agent"}, {"p": 125, "c": 0.9, "s": 38796, "e": 38993, "w": "等", "sp": "Agent"}, {"p": 126, "c": 0.9, "s": 38993, "e": 39190, "w": "我", "sp": "Agent"}, {"p": 127, "c": 0.9, "s": 39190, "e": 39385, "w": "帮", "sp": "Agent"}, {"p": 128, "c": 0.9, "s": 39386, "e": 39583, "w": "您", "sp": "Agent"}, {"p": 129, "c": 0.9, "s": 39583, "e": 39976, "w": "修改", "sp": "Agent"}, {"p": 130, "c": 0.9, "s": 39976, "e": 40370, "w": "一下", "sp": "Agent"}, {"p": 131, "c": 0.9, "s": 40370, "e": 40566, "w": "嗯", "sp": "Agent"}, {"p": 132, "c": 0.9, "s": 40566, "e": 40763, "w": "这", "sp": "Agent"}, {"p": 133, "c": 0.9, "s": 40763, "e": 41156, "w": "上来", "sp": "Agent"}, {"p": 134, "c": 0.9, "s": 41156, "e": 41352, "w": "的", "sp": "Agent"}, {"p": 135, "c": 0.9, "s": 41353, "e": 41550, "w": "是", "sp": "Agent"}, {"p": 136, "c": 0.9, "s": 41550, "e": 41943, "w": "不限", "sp": "Agent"}, {"p": 137, "c": 0.9, "s": 41943, "e": 42730, "w": "不好意思", "sp": "Agent"}, {"p": 138, "c": 0.9, "s": 42910, "e": 43350, "w": "一", "sp": "Customer"}, {"p": 139, "c": 0.9, "s": 43350, "e": 43789, "w": "杠", "sp": "Customer"}, {"p": 140, "c": 0.9, "s": 43790, "e": 44230, "w": "三", "sp": "Customer"}, {"p": 141, "c": 0.9, "s": 43840, "e": 44223, "w": "零三", "sp": "Agent"}, {"p": 142, "c": 0.9, "s": 44223, "e": 44414, "w": "岁", "sp": "Agent"}, {"p": 143, "c": 0.9, "s": 44414, "e": 44606, "w": "好", "sp": "Agent"}, {"p": 144, "c": 0.9, "s": 44606, "e": 44797, "w": "的", "sp": "Agent"}, {"p": 145, "c": 0.9, "s": 44797, "e": 45180, "w": "了解", "sp": "Agent"}, {"p": 146, "c": 0.9, "s": 45180, "e": 45372, "w": "了", "sp": "Agent"}, {"p": 147, "c": 0.9, "s": 45372, "e": 45563, "w": "您", "sp": "Agent"}, {"p": 148, "c": 0.9, "s": 45563, "e": 45946, "w": "这个", "sp": "Agent"}, {"p": 149, "c": 0.9, "s": 45946, "e": 46138, "w": "三", "sp": "Agent"}, {"p": 150, "c": 0.9, "s": 46138, "e": 46521, "w": "面积", "sp": "Agent"}, {"p": 151, "c": 0.9, "s": 46521, "e": 46904, "w": "大概", "sp": "Agent"}, {"p": 152, "c": 0.9, "s": 46904, "e": 47095, "w": "有", "sp": "Agent"}, {"p": 153, "c": 0.9, "s": 47095, "e": 47287, "w": "多", "sp": "Agent"}, {"p": 154, "c": 0.9, "s": 47287, "e": 47478, "w": "大", "sp": "Agent"}, {"p": 155, "c": 0.9, "s": 47478, "e": 47670, "w": "呀", "sp": "Agent"}, {"p": 156, "c": 0.9, "s": 48850, "e": 49137, "w": "好", "sp": "Customer"}, {"p": 157, "c": 0.9, "s": 49138, "e": 49427, "w": "我", "sp": "Customer"}, {"p": 158, "c": 0.9, "s": 49427, "e": 49716, "w": "给", "sp": "Customer"}, {"p": 159, "c": 0.9, "s": 49716, "e": 50005, "w": "你", "sp": "Customer"}, {"p": 160, "c": 0.9, "s": 50005, "e": 50872, "w": "打电话", "sp": "Customer"}, {"p": 161, "c": 0.9, "s": 50872, "e": 51450, "w": "谢谢", "sp": "Customer"}, {"p": 162, "c": 0.9, "s": 50990, "e": 51451, "w": "一百", "sp": "Agent"}, {"p": 163, "c": 0.9, "s": 51451, "e": 52142, "w": "三十二", "sp": "Agent"}, {"p": 164, "c": 0.9, "s": 52142, "e": 52372, "w": "是", "sp": "Agent"}, {"p": 165, "c": 0.9, "s": 52373, "e": 52834, "w": "一个", "sp": "Agent"}, {"p": 166, "c": 0.9, "s": 52834, "e": 53295, "w": "三百", "sp": "Agent"}, {"p": 167, "c": 0.9, "s": 53295, "e": 53757, "w": "两千", "sp": "Agent"}, {"p": 168, "c": 0.9, "s": 53757, "e": 53987, "w": "的", "sp": "Agent"}, {"p": 169, "c": 0.9, "s": 53987, "e": 54448, "w": "房型", "sp": "Agent"}, {"p": 170, "c": 0.9, "s": 54448, "e": 54679, "w": "是", "sp": "Agent"}, {"p": 171, "c": 0.9, "s": 54679, "e": 54910, "w": "吗", "sp": "Agent"}, {"p": 172, "c": 0.9, "s": 55780, "e": 57090, "w": "啊", "sp": "Customer"}, {"p": 173, "c": 0.9, "s": 55840, "e": 56300, "w": "三房", "sp": "Agent"}, {"p": 174, "c": 0.9, "s": 56300, "e": 56530, "w": "两", "sp": "Agent"}, {"p": 175, "c": 0.9, "s": 56530, "e": 56760, "w": "厅", "sp": "Agent"}, {"p": 176, "c": 0.9, "s": 56760, "e": 56989, "w": "的", "sp": "Agent"}, {"p": 177, "c": 0.9, "s": 56990, "e": 57450, "w": "房型", "sp": "Agent"}, {"p": 178, "c": 0.9, "s": 57450, "e": 57680, "w": "是", "sp": "Agent"}, {"p": 179, "c": 0.9, "s": 57680, "e": 57910, "w": "吗", "sp": "Agent"}, {"p": 180, "c": 0.9, "s": 59100, "e": 59835, "w": "四号", "sp": "Customer"}, {"p": 181, "c": 0.9, "s": 59240, "e": 59420, "w": "四", "sp": "Agent"}, {"p": 182, "c": 0.9, "s": 59420, "e": 59600, "w": "房", "sp": "Agent"}, {"p": 183, "c": 0.9, "s": 59601, "e": 59782, "w": "两", "sp": "Agent"}, {"p": 184, "c": 0.9, "s": 59782, "e": 59963, "w": "厅", "sp": "Agent"}, {"p": 185, "c": 0.9, "s": 59835, "e": 60570, "w": "两天", "sp": "Customer"}, {"p": 186, "c": 0.9, "s": 59963, "e": 60144, "w": "啊", "sp": "Agent"}, {"p": 187, "c": 0.9, "s": 60144, "e": 60325, "w": "好", "sp": "Agent"}, {"p": 188, "c": 0.9, "s": 60325, "e": 60506, "w": "的", "sp": "Agent"}, {"p": 189, "c": 0.9, "s": 60506, "e": 60687, "w": "帮", "sp": "Agent"}, {"p": 190, "c": 0.9, "s": 60687, "e": 60868, "w": "您", "sp": "Agent"}, {"p": 191, "c": 0.9, "s": 60868, "e": 61230, "w": "记录", "sp": "Agent"}, {"p": 192, "c": 0.9, "s": 61230, "e": 61591, "w": "一下", "sp": "Agent"}, {"p": 193, "c": 0.9, "s": 61591, "e": 61772, "w": "您", "sp": "Agent"}, {"p": 194, "c": 0.9, "s": 61772, "e": 62134, "w": "这个", "sp": "Agent"}, {"p": 195, "c": 0.9, "s": 62134, "e": 62496, "w": "房子", "sp": "Agent"}, {"p": 196, "c": 0.9, "s": 62496, "e": 62677, "w": "是", "sp": "Agent"}, {"p": 197, "c": 0.9, "s": 62677, "e": 63038, "w": "一手", "sp": "Agent"}, {"p": 198, "c": 0.9, "s": 63039, "e": 63400, "w": "毛坯", "sp": "Agent"}, {"p": 199, "c": 0.9, "s": 63400, "e": 63581, "w": "信", "sp": "Agent"}, {"p": 200, "c": 0.9, "s": 63581, "e": 63762, "w": "吗", "sp": "Agent"}, {"p": 201, "c": 0.9, "s": 63762, "e": 63943, "w": "是", "sp": "Agent"}, {"p": 202, "c": 0.9, "s": 63943, "e": 64124, "w": "吧", "sp": "Agent"}, {"p": 203, "c": 0.9, "s": 64124, "e": 64305, "w": "还", "sp": "Agent"}, {"p": 204, "c": 0.9, "s": 64305, "e": 64667, "w": "没有", "sp": "Agent"}, {"p": 205, "c": 0.9, "s": 64667, "e": 65029, "w": "装修", "sp": "Agent"}, {"p": 206, "c": 0.9, "s": 65029, "e": 65210, "w": "的", "sp": "Agent"}, {"p": 207, "c": 0.9, "s": 66830, "e": 67580, "w": "华为", "sp": "Customer"}, {"p": 208, "c": 0.9, "s": 66870, "e": 67021, "w": "还", "sp": "Agent"}, {"p": 209, "c": 0.9, "s": 67021, "e": 67324, "w": "没有", "sp": "Agent"}, {"p": 210, "c": 0.9, "s": 67324, "e": 67628, "w": "装修", "sp": "Agent"}, {"p": 211, "c": 0.9, "s": 67580, "e": 68330, "w": "公司", "sp": "Customer"}, {"p": 212, "c": 0.9, "s": 67628, "e": 67779, "w": "啊", "sp": "Agent"}, {"p": 213, "c": 0.9, "s": 67779, "e": 68082, "w": "装修", "sp": "Agent"}, {"p": 214, "c": 0.9, "s": 68082, "e": 68386, "w": "公司", "sp": "Agent"}, {"p": 215, "c": 0.9, "s": 68386, "e": 68537, "w": "还", "sp": "Agent"}, {"p": 216, "c": 0.9, "s": 68537, "e": 68840, "w": "没有", "sp": "Agent"}, {"p": 217, "c": 0.9, "s": 68840, "e": 69144, "w": "确定", "sp": "Agent"}, {"p": 218, "c": 0.9, "s": 69144, "e": 69295, "w": "是", "sp": "Agent"}, {"p": 219, "c": 0.9, "s": 69295, "e": 69447, "w": "吧", "sp": "Agent"}, {"p": 220, "c": 0.9, "s": 69447, "e": 69599, "w": "是", "sp": "Agent"}, {"p": 221, "c": 0.9, "s": 69599, "e": 69902, "w": "准备", "sp": "Agent"}, {"p": 222, "c": 0.9, "s": 69902, "e": 70053, "w": "在", "sp": "Agent"}, {"p": 223, "c": 0.9, "s": 70053, "e": 70205, "w": "三", "sp": "Agent"}, {"p": 224, "c": 0.9, "s": 70205, "e": 70660, "w": "四月份", "sp": "Agent"}, {"p": 225, "c": 0.9, "s": 70660, "e": 70963, "w": "开始", "sp": "Agent"}, {"p": 226, "c": 0.9, "s": 70963, "e": 71266, "w": "动工", "sp": "Agent"}, {"p": 227, "c": 0.9, "s": 71266, "e": 71418, "w": "了", "sp": "Agent"}, {"p": 228, "c": 0.9, "s": 71418, "e": 71570, "w": "吗", "sp": "Agent"}, {"p": 229, "c": 0.9, "s": 73080, "e": 73313, "w": "啊", "sp": "Agent"}, {"p": 230, "c": 0.9, "s": 73230, "e": 73587, "w": "在", "sp": "Customer"}, {"p": 231, "c": 0.9, "s": 73313, "e": 73781, "w": "三四", "sp": "Agent"}, {"p": 232, "c": 0.9, "s": 73587, "e": 74301, "w": "中国", "sp": "Customer"}, {"p": 233, "c": 0.9, "s": 73781, "e": 74249, "w": "月份", "sp": "Agent"}, {"p": 234, "c": 0.9, "s": 74249, "e": 74716, "w": "开始", "sp": "Agent"}, {"p": 235, "c": 0.9, "s": 74302, "e": 74660, "w": "呢", "sp": "Customer"}, {"p": 236, "c": 0.9, "s": 74716, "e": 75184, "w": "通过", "sp": "Agent"}, {"p": 237, "c": 0.9, "s": 75184, "e": 75418, "w": "啊", "sp": "Agent"}, {"p": 238, "c": 0.9, "s": 75418, "e": 75651, "w": "啊", "sp": "Agent"}, {"p": 239, "c": 0.9, "s": 75651, "e": 76119, "w": "咱们", "sp": "Agent"}, {"p": 240, "c": 0.9, "s": 75810, "e": 76183, "w": "嗯", "sp": "Customer"}, {"p": 241, "c": 0.9, "s": 76119, "e": 76587, "w": "公司", "sp": "Agent"}, {"p": 242, "c": 0.9, "s": 76183, "e": 76930, "w": "方便", "sp": "Customer"}, {"p": 243, "c": 0.9, "s": 76587, "e": 77054, "w": "没有", "sp": "Agent"}, {"p": 244, "c": 0.9, "s": 77054, "e": 77522, "w": "确定", "sp": "Agent"}, {"p": 245, "c": 0.9, "s": 77522, "e": 77756, "w": "是", "sp": "Agent"}, {"p": 246, "c": 0.9, "s": 77756, "e": 77990, "w": "吧", "sp": "Agent"}, {"p": 247, "c": 0.9, "s": 79030, "e": 79200, "w": "呃", "sp": "Agent"}, {"p": 248, "c": 0.9, "s": 79200, "e": 79370, "w": "交", "sp": "Agent"}, {"p": 249, "c": 0.9, "s": 79371, "e": 79884, "w": "多少钱", "sp": "Agent"}, {"p": 250, "c": 0.9, "s": 79620, "e": 79868, "w": "啊", "sp": "Customer"}, {"p": 251, "c": 0.9, "s": 79868, "e": 80116, "w": "要", "sp": "Customer"}, {"p": 252, "c": 0.9, "s": 79884, "e": 80055, "w": "呢", "sp": "Agent"}, {"p": 253, "c": 0.9, "s": 80055, "e": 80226, "w": "呃", "sp": "Agent"}, {"p": 254, "c": 0.9, "s": 80116, "e": 80861, "w": "多少钱", "sp": "Customer"}, {"p": 255, "c": 0.9, "s": 80226, "e": 80568, "w": "价格", "sp": "Agent"}, {"p": 256, "c": 0.9, "s": 80568, "e": 80909, "w": "的话", "sp": "Agent"}, {"p": 257, "c": 0.9, "s": 80861, "e": 81110, "w": "呢", "sp": "Customer"}, {"p": 258, "c": 0.9, "s": 80909, "e": 81079, "w": "是", "sp": "Agent"}, {"p": 259, "c": 0.9, "s": 81080, "e": 81422, "w": "这边", "sp": "Agent"}, {"p": 260, "c": 0.9, "s": 81422, "e": 81592, "w": "会", "sp": "Agent"}, {"p": 261, "c": 0.9, "s": 81593, "e": 81764, "w": "让", "sp": "Agent"}, {"p": 262, "c": 0.9, "s": 81764, "e": 82106, "w": "我们", "sp": "Agent"}, {"p": 263, "c": 0.9, "s": 82106, "e": 82447, "w": "这个", "sp": "Agent"}, {"p": 264, "c": 0.9, "s": 82447, "e": 83131, "w": "工作人员", "sp": "Agent"}, {"p": 265, "c": 0.9, "s": 83131, "e": 83301, "w": "会", "sp": "Agent"}, {"p": 266, "c": 0.9, "s": 83302, "e": 83644, "w": "尽快", "sp": "Agent"}, {"p": 267, "c": 0.9, "s": 83644, "e": 83814, "w": "和", "sp": "Agent"}, {"p": 268, "c": 0.9, "s": 83815, "e": 83986, "w": "您", "sp": "Agent"}, {"p": 269, "c": 0.9, "s": 83986, "e": 84327, "w": "联系", "sp": "Agent"}, {"p": 270, "c": 0.9, "s": 84327, "e": 84669, "w": "一下", "sp": "Agent"}, {"p": 271, "c": 0.9, "s": 84669, "e": 84840, "w": "的", "sp": "Agent"}, {"p": 272, "c": 0.9, "s": 84840, "e": 85010, "w": "也", "sp": "Agent"}, {"p": 273, "c": 0.9, "s": 85011, "e": 85353, "w": "可以", "sp": "Agent"}, {"p": 274, "c": 0.9, "s": 85353, "e": 85523, "w": "让", "sp": "Agent"}, {"p": 275, "c": 0.9, "s": 85524, "e": 85865, "w": "他们", "sp": "Agent"}, {"p": 276, "c": 0.9, "s": 85865, "e": 86207, "w": "免费", "sp": "Agent"}, {"p": 277, "c": 0.9, "s": 86207, "e": 86549, "w": "上门", "sp": "Agent"}, {"p": 278, "c": 0.9, "s": 86549, "e": 86720, "w": "看", "sp": "Agent"}, {"p": 279, "c": 0.9, "s": 86720, "e": 86891, "w": "看", "sp": "Agent"}, {"p": 280, "c": 0.9, "s": 86891, "e": 87233, "w": "一下", "sp": "Agent"}, {"p": 281, "c": 0.9, "s": 87233, "e": 87403, "w": "给", "sp": "Agent"}, {"p": 282, "c": 0.9, "s": 87403, "e": 87574, "w": "到", "sp": "Agent"}, {"p": 283, "c": 0.9, "s": 87574, "e": 87744, "w": "您", "sp": "Agent"}, {"p": 284, "c": 0.9, "s": 87745, "e": 88087, "w": "一个", "sp": "Agent"}, {"p": 285, "c": 0.9, "s": 88087, "e": 88257, "w": "更", "sp": "Agent"}, {"p": 286, "c": 0.9, "s": 88258, "e": 88600, "w": "精确", "sp": "Agent"}, {"p": 287, "c": 0.9, "s": 88600, "e": 88771, "w": "的", "sp": "Agent"}, {"p": 288, "c": 0.9, "s": 88771, "e": 89112, "w": "报价", "sp": "Agent"}, {"p": 289, "c": 0.9, "s": 89112, "e": 89283, "w": "您", "sp": "Agent"}, {"p": 290, "c": 0.9, "s": 89283, "e": 89453, "w": "是", "sp": "Agent"}, {"p": 291, "c": 0.9, "s": 89454, "e": 89625, "w": "在", "sp": "Agent"}, {"p": 292, "c": 0.9, "s": 89625, "e": 89967, "w": "这个", "sp": "Agent"}, {"p": 293, "c": 0.9, "s": 89967, "e": 90138, "w": "呃", "sp": "Agent"}, {"p": 294, "c": 0.9, "s": 90138, "e": 90309, "w": "是", "sp": "Agent"}, {"p": 295, "c": 0.9, "s": 90309, "e": 90651, "w": "哪个", "sp": "Agent"}, {"p": 296, "c": 0.9, "s": 90651, "e": 90992, "w": "小区", "sp": "Agent"}, {"p": 297, "c": 0.9, "s": 90992, "e": 91162, "w": "啊", "sp": "Agent"}, {"p": 298, "c": 0.9, "s": 91163, "e": 91505, "w": "就近", "sp": "Agent"}, {"p": 299, "c": 0.9, "s": 91505, "e": 91675, "w": "的", "sp": "Agent"}, {"p": 300, "c": 0.9, "s": 91676, "e": 91847, "w": "帮", "sp": "Agent"}, {"p": 301, "c": 0.9, "s": 91847, "e": 92018, "w": "您", "sp": "Agent"}, {"p": 302, "c": 0.9, "s": 92018, "e": 92360, "w": "安排", "sp": "Agent"}, {"p": 303, "c": 0.9, "s": 94170, "e": 94596, "w": "呃", "sp": "Customer"}, {"p": 304, "c": 0.9, "s": 94180, "e": 94408, "w": "呃", "sp": "Agent"}, {"p": 305, "c": 0.9, "s": 94408, "e": 94636, "w": "九", "sp": "Agent"}, {"p": 306, "c": 0.9, "s": 94596, "e": 95022, "w": "九", "sp": "Customer"}, {"p": 307, "c": 0.9, "s": 94637, "e": 94866, "w": "一", "sp": "Agent"}, {"p": 308, "c": 0.9, "s": 94866, "e": 95324, "w": "零零", "sp": "Agent"}, {"p": 309, "c": 0.9, "s": 95022, "e": 95448, "w": "一", "sp": "Customer"}, {"p": 310, "c": 0.9, "s": 95324, "e": 95551, "w": "对", "sp": "Agent"}, {"p": 311, "c": 0.9, "s": 95448, "e": 96299, "w": "零零", "sp": "Customer"}, {"p": 312, "c": 0.9, "s": 95552, "e": 95781, "w": "您", "sp": "Agent"}, {"p": 313, "c": 0.9, "s": 95781, "e": 96009, "w": "说", "sp": "Agent"}, {"p": 314, "c": 0.9, "s": 96010, "e": 96239, "w": "慢", "sp": "Agent"}, {"p": 315, "c": 0.9, "s": 96239, "e": 96697, "w": "一点", "sp": "Agent"}, {"p": 316, "c": 0.9, "s": 96697, "e": 96924, "w": "九", "sp": "Agent"}, {"p": 317, "c": 0.9, "s": 96925, "e": 97154, "w": "一", "sp": "Agent"}, {"p": 318, "c": 0.9, "s": 97154, "e": 97612, "w": "零零", "sp": "Agent"}, {"p": 319, "c": 0.9, "s": 97612, "e": 97840, "w": "是", "sp": "Agent"}, {"p": 320, "c": 0.9, "s": 97841, "e": 98070, "w": "吗", "sp": "Agent"}, {"p": 321, "c": 0.9, "s": 98830, "e": 99047, "w": "九", "sp": "Agent"}, {"p": 322, "c": 0.9, "s": 99047, "e": 99264, "w": "是", "sp": "Agent"}, {"p": 323, "c": 0.9, "s": 99110, "e": 99785, "w": "嗯", "sp": "Customer"}, {"p": 324, "c": 0.9, "s": 99264, "e": 100351, "w": "一二三四五", "sp": "Agent"}, {"p": 325, "c": 0.9, "s": 99785, "e": 100460, "w": "嗯", "sp": "Customer"}, {"p": 326, "c": 0.9, "s": 100351, "e": 100785, "w": "六七", "sp": "Agent"}, {"p": 327, "c": 0.9, "s": 100786, "e": 101221, "w": "八九", "sp": "Agent"}, {"p": 328, "c": 0.9, "s": 101221, "e": 101438, "w": "的", "sp": "Agent"}, {"p": 329, "c": 0.9, "s": 101438, "e": 101655, "w": "九", "sp": "Agent"}, {"p": 330, "c": 0.9, "s": 101655, "e": 101873, "w": "路", "sp": "Agent"}, {"p": 331, "c": 0.9, "s": 101873, "e": 102090, "w": "是", "sp": "Agent"}, {"p": 332, "c": 0.9, "s": 102090, "e": 102524, "w": "什么", "sp": "Agent"}, {"p": 333, "c": 0.9, "s": 102525, "e": 102742, "w": "路", "sp": "Agent"}, {"p": 334, "c": 0.9, "s": 102742, "e": 102960, "w": "呀", "sp": "Agent"}, {"p": 335, "c": 0.9, "s": 103930, "e": 104136, "w": "千", "sp": "Agent"}, {"p": 336, "c": 0.9, "s": 104136, "e": 104550, "w": "亿万", "sp": "Agent"}, {"p": 337, "c": 0.9, "s": 104550, "e": 104757, "w": "亿", "sp": "Agent"}, {"p": 338, "c": 0.9, "s": 104700, "e": 105009, "w": "千", "sp": "Customer"}, {"p": 339, "c": 0.9, "s": 104757, "e": 104964, "w": "的", "sp": "Agent"}, {"p": 340, "c": 0.9, "s": 104964, "e": 105171, "w": "亿", "sp": "Agent"}, {"p": 341, "c": 0.9, "s": 105010, "e": 105630, "w": "亿万", "sp": "Customer"}, {"p": 342, "c": 0.9, "s": 105171, "e": 105585, "w": "千亿", "sp": "Agent"}, {"p": 343, "c": 0.9, "s": 105585, "e": 105792, "w": "万", "sp": "Agent"}, {"p": 344, "c": 0.9, "s": 105630, "e": 105939, "w": "亿", "sp": "Customer"}, {"p": 345, "c": 0.9, "s": 105792, "e": 105999, "w": "亿", "sp": "Agent"}, {"p": 346, "c": 0.9, "s": 105940, "e": 106250, "w": "的", "sp": "Customer"}, {"p": 347, "c": 0.9, "s": 105999, "e": 106206, "w": "的", "sp": "Agent"}, {"p": 348, "c": 0.9, "s": 106206, "e": 106413, "w": "亿", "sp": "Agent"}, {"p": 349, "c": 0.9, "s": 106250, "e": 106560, "w": "亿", "sp": "Customer"}, {"p": 350, "c": 0.9, "s": 106413, "e": 106826, "w": "玲珑", "sp": "Agent"}, {"p": 351, "c": 0.9, "s": 106826, "e": 107240, "w": "就是", "sp": "Agent"}, {"p": 352, "c": 0.9, "s": 107240, "e": 107654, "w": "那个", "sp": "Agent"}, {"p": 353, "c": 0.9, "s": 107630, "e": 108028, "w": "啊", "sp": "Customer"}, {"p": 354, "c": 0.9, "s": 107654, "e": 107861, "w": "王", "sp": "Agent"}, {"p": 355, "c": 0.9, "s": 107861, "e": 108068, "w": "字", "sp": "Agent"}, {"p": 356, "c": 0.9, "s": 108028, "e": 108426, "w": "行", "sp": "Customer"}, {"p": 357, "c": 0.9, "s": 108068, "e": 108275, "w": "旁", "sp": "Agent"}, {"p": 358, "c": 0.9, "s": 108275, "e": 108482, "w": "的", "sp": "Agent"}, {"p": 359, "c": 0.9, "s": 108426, "e": 108824, "w": "啊", "sp": "Customer"}, {"p": 360, "c": 0.9, "s": 108482, "e": 108689, "w": "玲", "sp": "Agent"}, {"p": 361, "c": 0.9, "s": 108689, "e": 108896, "w": "龙", "sp": "Agent"}, {"p": 362, "c": 0.9, "s": 108824, "e": 109619, "w": "这个", "sp": "Customer"}, {"p": 363, "c": 0.9, "s": 108896, "e": 109103, "w": "是", "sp": "Agent"}, {"p": 364, "c": 0.9, "s": 109103, "e": 109310, "w": "吧", "sp": "Agent"}, {"p": 365, "c": 0.9, "s": 110450, "e": 110728, "w": "呃", "sp": "Customer"}, {"p": 366, "c": 0.9, "s": 110728, "e": 111006, "w": "酒", "sp": "Customer"}, {"p": 367, "c": 0.9, "s": 111006, "e": 111562, "w": "那个", "sp": "Customer"}, {"p": 368, "c": 0.9, "s": 111563, "e": 111841, "w": "酒", "sp": "Customer"}, {"p": 369, "c": 0.9, "s": 111841, "e": 112120, "w": "是", "sp": "Customer"}, {"p": 370, "c": 0.9, "s": 112120, "e": 112676, "w": "那个", "sp": "Customer"}, {"p": 371, "c": 0.9, "s": 112580, "e": 112756, "w": "啊", "sp": "Agent"}, {"p": 372, "c": 0.9, "s": 112676, "e": 113233, "w": "永久", "sp": "Customer"}, {"p": 373, "c": 0.9, "s": 112756, "e": 113108, "w": "永久", "sp": "Agent"}, {"p": 374, "c": 0.9, "s": 113109, "e": 113285, "w": "的", "sp": "Agent"}, {"p": 375, "c": 0.9, "s": 113233, "e": 113511, "w": "的", "sp": "Customer"}, {"p": 376, "c": 0.9, "s": 113285, "e": 113461, "w": "久", "sp": "Agent"}, {"p": 377, "c": 0.9, "s": 113461, "e": 113638, "w": "是", "sp": "Agent"}, {"p": 378, "c": 0.9, "s": 113511, "e": 113790, "w": "酒", "sp": "Customer"}, {"p": 379, "c": 0.9, "s": 113638, "e": 113814, "w": "吧", "sp": "Agent"}, {"p": 380, "c": 0.9, "s": 113814, "e": 113990, "w": "啊", "sp": "Agent"}, {"p": 381, "c": 0.9, "s": 113990, "e": 114167, "w": "好", "sp": "Agent"}, {"p": 382, "c": 0.9, "s": 114167, "e": 114343, "w": "的", "sp": "Agent"}, {"p": 383, "c": 0.9, "s": 114343, "e": 114519, "w": "帮", "sp": "Agent"}, {"p": 384, "c": 0.9, "s": 114519, "e": 114696, "w": "您", "sp": "Agent"}, {"p": 385, "c": 0.9, "s": 114696, "e": 115048, "w": "修改", "sp": "Agent"}, {"p": 386, "c": 0.9, "s": 115048, "e": 115400, "w": "一下", "sp": "Agent"}, {"p": 387, "c": 0.9, "s": 115401, "e": 115754, "w": "永久", "sp": "Agent"}, {"p": 388, "c": 0.9, "s": 115754, "e": 115930, "w": "的", "sp": "Agent"}, {"p": 389, "c": 0.9, "s": 115930, "e": 116106, "w": "久", "sp": "Agent"}, {"p": 390, "c": 0.9, "s": 116106, "e": 116283, "w": "好", "sp": "Agent"}, {"p": 391, "c": 0.9, "s": 116283, "e": 116459, "w": "的", "sp": "Agent"}, {"p": 392, "c": 0.9, "s": 116459, "e": 116812, "w": "了解", "sp": "Agent"}, {"p": 393, "c": 0.9, "s": 116812, "e": 116988, "w": "了", "sp": "Agent"}, {"p": 394, "c": 0.9, "s": 116988, "e": 117164, "w": "帮", "sp": "Agent"}, {"p": 395, "c": 0.9, "s": 117164, "e": 117341, "w": "您", "sp": "Agent"}, {"p": 396, "c": 0.9, "s": 117341, "e": 117693, "w": "记录", "sp": "Agent"}, {"p": 397, "c": 0.9, "s": 117693, "e": 118046, "w": "一下", "sp": "Agent"}, {"p": 398, "c": 0.9, "s": 118046, "e": 118222, "w": "您", "sp": "Agent"}, {"p": 399, "c": 0.9, "s": 118222, "e": 118575, "w": "这个", "sp": "Agent"}, {"p": 400, "c": 0.9, "s": 118575, "e": 118927, "w": "现在", "sp": "Agent"}, {"p": 401, "c": 0.9, "s": 118928, "e": 119104, "w": "是", "sp": "Agent"}, {"p": 402, "c": 0.9, "s": 119104, "e": 119456, "w": "除了", "sp": "Agent"}, {"p": 403, "c": 0.9, "s": 119457, "e": 119633, "w": "多", "sp": "Agent"}, {"p": 404, "c": 0.9, "s": 119633, "e": 119809, "w": "份", "sp": "Agent"}, {"p": 405, "c": 0.9, "s": 119809, "e": 119986, "w": "的", "sp": "Agent"}, {"p": 406, "c": 0.9, "s": 119986, "e": 120338, "w": "以外", "sp": "Agent"}, {"p": 407, "c": 0.9, "s": 120338, "e": 120690, "w": "电脑", "sp": "Agent"}, {"p": 408, "c": 0.9, "s": 120691, "e": 120867, "w": "和", "sp": "Agent"}, {"p": 409, "c": 0.9, "s": 120867, "e": 121219, "w": "新车", "sp": "Agent"}, {"p": 410, "c": 0.9, "s": 121220, "e": 121396, "w": "有", "sp": "Agent"}, {"p": 411, "c": 0.9, "s": 121396, "e": 121749, "w": "考虑", "sp": "Agent"}, {"p": 412, "c": 0.9, "s": 121749, "e": 121925, "w": "吗", "sp": "Agent"}, {"p": 413, "c": 0.9, "s": 121925, "e": 122102, "w": "来", "sp": "Agent"}, {"p": 414, "c": 0.9, "s": 122102, "e": 122278, "w": "帮", "sp": "Agent"}, {"p": 415, "c": 0.9, "s": 122278, "e": 122454, "w": "您", "sp": "Agent"}, {"p": 416, "c": 0.9, "s": 122454, "e": 122807, "w": "备注", "sp": "Agent"}, {"p": 417, "c": 0.9, "s": 122807, "e": 123159, "w": "一下", "sp": "Agent"}, {"p": 418, "c": 0.9, "s": 124510, "e": 124751, "w": "对", "sp": "Agent"}, {"p": 419, "c": 0.9, "s": 124751, "e": 124992, "w": "啊", "sp": "Agent"}, {"p": 420, "c": 0.9, "s": 124992, "e": 125232, "w": "和", "sp": "Agent"}, {"p": 421, "c": 0.9, "s": 125030, "e": 126220, "w": "啊", "sp": "Customer"}, {"p": 422, "c": 0.9, "s": 125233, "e": 125716, "w": "新风", "sp": "Agent"}, {"p": 423, "c": 0.9, "s": 125716, "e": 125957, "w": "有", "sp": "Agent"}, {"p": 424, "c": 0.9, "s": 125957, "e": 126440, "w": "考虑", "sp": "Agent"}, {"p": 425, "c": 0.9, "s": 126440, "e": 126681, "w": "吗", "sp": "Agent"}, {"p": 426, "c": 0.9, "s": 126681, "e": 126922, "w": "我", "sp": "Agent"}, {"p": 427, "c": 0.9, "s": 126922, "e": 127162, "w": "帮", "sp": "Agent"}, {"p": 428, "c": 0.9, "s": 127163, "e": 127405, "w": "您", "sp": "Agent"}, {"p": 429, "c": 0.9, "s": 127405, "e": 127887, "w": "备注", "sp": "Agent"}, {"p": 430, "c": 0.9, "s": 127887, "e": 128369, "w": "一下", "sp": "Agent"}, {"p": 431, "c": 0.9, "s": 130210, "e": 130366, "w": "地", "sp": "Agent"}, {"p": 432, "c": 0.9, "s": 130366, "e": 130522, "w": "暖", "sp": "Agent"}, {"p": 433, "c": 0.9, "s": 130429, "e": 130879, "w": "这个", "sp": "Customer"}, {"p": 434, "c": 0.9, "s": 130522, "e": 130835, "w": "就是", "sp": "Agent"}, {"p": 435, "c": 0.9, "s": 130835, "e": 131148, "w": "我们", "sp": "Agent"}, {"p": 436, "c": 0.9, "s": 130880, "e": 131105, "w": "是", "sp": "Customer"}, {"p": 437, "c": 0.9, "s": 131105, "e": 131555, "w": "什么", "sp": "Customer"}, {"p": 438, "c": 0.9, "s": 131148, "e": 131461, "w": "中央", "sp": "Agent"}, {"p": 439, "c": 0.9, "s": 131461, "e": 131774, "w": "空调", "sp": "Agent"}, {"p": 440, "c": 0.9, "s": 131555, "e": 132004, "w": "意思", "sp": "Customer"}, {"p": 441, "c": 0.9, "s": 131774, "e": 131930, "w": "啊", "sp": "Agent"}, {"p": 442, "c": 0.9, "s": 131930, "e": 132086, "w": "和", "sp": "Agent"}, {"p": 443, "c": 0.9, "s": 132005, "e": 132230, "w": "啊", "sp": "Customer"}, {"p": 444, "c": 0.9, "s": 132086, "e": 132243, "w": "地", "sp": "Agent"}, {"p": 445, "c": 0.9, "s": 132243, "e": 132399, "w": "暖", "sp": "Agent"}, {"p": 446, "c": 0.9, "s": 132399, "e": 132556, "w": "它", "sp": "Agent"}, {"p": 447, "c": 0.9, "s": 132556, "e": 132712, "w": "是", "sp": "Agent"}, {"p": 448, "c": 0.9, "s": 132712, "e": 133025, "w": "使用", "sp": "Agent"}, {"p": 449, "c": 0.9, "s": 133025, "e": 133338, "w": "同一", "sp": "Agent"}, {"p": 450, "c": 0.9, "s": 133338, "e": 133494, "w": "台", "sp": "Agent"}, {"p": 451, "c": 0.9, "s": 133494, "e": 133963, "w": "室外机", "sp": "Agent"}, {"p": 452, "c": 0.9, "s": 133963, "e": 134120, "w": "的", "sp": "Agent"}, {"p": 453, "c": 0.9, "s": 134120, "e": 134431, "w": "这个", "sp": "Agent"}, {"p": 454, "c": 0.9, "s": 134432, "e": 134589, "w": "其", "sp": "Agent"}, {"p": 455, "c": 0.9, "s": 134589, "e": 134902, "w": "实是", "sp": "Agent"}, {"p": 456, "c": 0.9, "s": 134902, "e": 135213, "w": "应该", "sp": "Agent"}, {"p": 457, "c": 0.9, "s": 135214, "e": 135527, "w": "不是", "sp": "Agent"}, {"p": 458, "c": 0.9, "s": 135527, "e": 135840, "w": "我们", "sp": "Agent"}, {"p": 459, "c": 0.9, "s": 135840, "e": 136153, "w": "宽带", "sp": "Agent"}, {"p": 460, "c": 0.9, "s": 136153, "e": 136309, "w": "的", "sp": "Agent"}, {"p": 461, "c": 0.9, "s": 136309, "e": 136622, "w": "公路", "sp": "Agent"}, {"p": 462, "c": 0.9, "s": 136622, "e": 136778, "w": "度", "sp": "Agent"}, {"p": 463, "c": 0.9, "s": 136778, "e": 136935, "w": "呢", "sp": "Agent"}, {"p": 464, "c": 0.9, "s": 136935, "e": 137248, "w": "其实", "sp": "Agent"}, {"p": 465, "c": 0.9, "s": 137248, "e": 137561, "w": "可以", "sp": "Agent"}, {"p": 466, "c": 0.9, "s": 137561, "e": 137717, "w": "在", "sp": "Agent"}, {"p": 467, "c": 0.9, "s": 137717, "e": 138030, "w": "安全", "sp": "Agent"}, {"p": 468, "c": 0.9, "s": 138030, "e": 138343, "w": "节能", "sp": "Agent"}, {"p": 469, "c": 0.9, "s": 138343, "e": 138655, "w": "环保", "sp": "Agent"}, {"p": 470, "c": 0.9, "s": 138655, "e": 138812, "w": "的", "sp": "Agent"}, {"p": 471, "c": 0.9, "s": 138812, "e": 138968, "w": "您", "sp": "Agent"}, {"p": 472, "c": 0.9, "s": 138968, "e": 139125, "w": "也", "sp": "Agent"}, {"p": 473, "c": 0.9, "s": 139125, "e": 139437, "w": "可以", "sp": "Agent"}, {"p": 474, "c": 0.9, "s": 139437, "e": 139750, "w": "了解", "sp": "Agent"}, {"p": 475, "c": 0.9, "s": 139750, "e": 140063, "w": "一下", "sp": "Agent"}, {"p": 476, "c": 0.9, "s": 140063, "e": 140376, "w": "我们", "sp": "Agent"}, {"p": 477, "c": 0.9, "s": 140376, "e": 140532, "w": "也", "sp": "Agent"}, {"p": 478, "c": 0.9, "s": 140532, "e": 140689, "w": "会", "sp": "Agent"}, {"p": 479, "c": 0.9, "s": 140689, "e": 140845, "w": "让", "sp": "Agent"}, {"p": 480, "c": 0.9, "s": 140845, "e": 141158, "w": "我们", "sp": "Agent"}, {"p": 481, "c": 0.9, "s": 141158, "e": 141783, "w": "工作人员", "sp": "Agent"}, {"p": 482, "c": 0.9, "s": 141783, "e": 141940, "w": "给", "sp": "Agent"}, {"p": 483, "c": 0.9, "s": 141940, "e": 142096, "w": "您", "sp": "Agent"}, {"p": 484, "c": 0.9, "s": 142096, "e": 142409, "w": "一个", "sp": "Agent"}, {"p": 485, "c": 0.9, "s": 142409, "e": 142722, "w": "方案", "sp": "Agent"}, {"p": 486, "c": 0.9, "s": 142722, "e": 142878, "w": "和", "sp": "Agent"}, {"p": 487, "c": 0.9, "s": 142878, "e": 143191, "w": "报价", "sp": "Agent"}, {"p": 488, "c": 0.9, "s": 143191, "e": 143347, "w": "您", "sp": "Agent"}, {"p": 489, "c": 0.9, "s": 143347, "e": 143660, "w": "可以", "sp": "Agent"}, {"p": 490, "c": 0.9, "s": 143660, "e": 143973, "w": "作为", "sp": "Agent"}, {"p": 491, "c": 0.9, "s": 143973, "e": 144286, "w": "参考", "sp": "Agent"}, {"p": 492, "c": 0.9, "s": 144286, "e": 144442, "w": "啊", "sp": "Agent"}, {"p": 493, "c": 0.9, "s": 144442, "e": 144599, "w": "我", "sp": "Agent"}, {"p": 494, "c": 0.9, "s": 144599, "e": 144755, "w": "想", "sp": "Agent"}, {"p": 495, "c": 0.9, "s": 144755, "e": 144912, "w": "问", "sp": "Agent"}, {"p": 496, "c": 0.9, "s": 144912, "e": 145224, "w": "一下", "sp": "Agent"}, {"p": 497, "c": 0.9, "s": 145224, "e": 145694, "w": "就是说", "sp": "Agent"}, {"p": 498, "c": 0.9, "s": 145694, "e": 145850, "w": "嗯", "sp": "Agent"}, {"p": 499, "c": 0.9, "s": 145850, "e": 146006, "w": "您", "sp": "Agent"}, {"p": 500, "c": 0.9, "s": 146006, "e": 146319, "w": "这边", "sp": "Agent"}, {"p": 501, "c": 0.9, "s": 146319, "e": 146632, "w": "家里", "sp": "Agent"}, {"p": 502, "c": 0.9, "s": 146632, "e": 146788, "w": "呢", "sp": "Agent"}, {"p": 503, "c": 0.9, "s": 146788, "e": 147258, "w": "就是说", "sp": "Agent"}, {"p": 504, "c": 0.9, "s": 147258, "e": 147414, "w": "以", "sp": "Agent"}, {"p": 505, "c": 0.9, "s": 147414, "e": 147727, "w": "后会", "sp": "Agent"}, {"p": 506, "c": 0.9, "s": 147727, "e": 147883, "w": "有", "sp": "Agent"}, {"p": 507, "c": 0.9, "s": 147883, "e": 148040, "w": "几", "sp": "Agent"}, {"p": 508, "c": 0.9, "s": 148040, "e": 148351, "w": "个人", "sp": "Agent"}, {"p": 509, "c": 0.9, "s": 148352, "e": 148665, "w": "居住", "sp": "Agent"}, {"p": 510, "c": 0.9, "s": 148665, "e": 148821, "w": "呀", "sp": "Agent"}, {"p": 511, "c": 0.9, "s": 148822, "e": 148978, "w": "会", "sp": "Agent"}, {"p": 512, "c": 0.9, "s": 148978, "e": 149134, "w": "有", "sp": "Agent"}, {"p": 513, "c": 0.9, "s": 149134, "e": 149447, "w": "老人", "sp": "Agent"}, {"p": 514, "c": 0.9, "s": 149447, "e": 149604, "w": "和", "sp": "Agent"}, {"p": 515, "c": 0.9, "s": 149604, "e": 149916, "w": "小孩", "sp": "Agent"}, {"p": 516, "c": 0.9, "s": 149916, "e": 150073, "w": "要", "sp": "Agent"}, {"p": 517, "c": 0.9, "s": 150073, "e": 150386, "w": "考虑", "sp": "Agent"}, {"p": 518, "c": 0.9, "s": 150386, "e": 150542, "w": "吗", "sp": "Agent"}, {"p": 519, "c": 0.9, "s": 150542, "e": 150855, "w": "因为", "sp": "Agent"}, {"p": 520, "c": 0.9, "s": 150855, "e": 151168, "w": "我们", "sp": "Agent"}, {"p": 521, "c": 0.9, "s": 151168, "e": 151481, "w": "空调", "sp": "Agent"}, {"p": 522, "c": 0.9, "s": 151481, "e": 151637, "w": "不", "sp": "Agent"}, {"p": 523, "c": 0.9, "s": 151637, "e": 151950, "w": "一样", "sp": "Agent"}, {"p": 524, "c": 0.9, "s": 151950, "e": 152418, "w": "就是说", "sp": "Agent"}, {"p": 525, "c": 0.9, "s": 152419, "e": 152732, "w": "考虑", "sp": "Agent"}, {"p": 526, "c": 0.9, "s": 152732, "e": 152888, "w": "到", "sp": "Agent"}, {"p": 527, "c": 0.9, "s": 152888, "e": 153045, "w": "您", "sp": "Agent"}, {"p": 528, "c": 0.9, "s": 153045, "e": 153201, "w": "发", "sp": "Agent"}, {"p": 529, "c": 0.9, "s": 153201, "e": 153357, "w": "的", "sp": "Agent"}, {"p": 530, "c": 0.9, "s": 153357, "e": 153670, "w": "问题", "sp": "Agent"}, {"p": 531, "c": 0.9, "s": 153670, "e": 153983, "w": "可以", "sp": "Agent"}, {"p": 532, "c": 0.9, "s": 153983, "e": 154296, "w": "根据", "sp": "Agent"}, {"p": 533, "c": 0.9, "s": 154296, "e": 154452, "w": "您", "sp": "Agent"}, {"p": 534, "c": 0.9, "s": 154452, "e": 154765, "w": "家庭", "sp": "Agent"}, {"p": 535, "c": 0.9, "s": 154765, "e": 154921, "w": "的", "sp": "Agent"}, {"p": 536, "c": 0.9, "s": 154921, "e": 155234, "w": "一些", "sp": "Agent"}, {"p": 537, "c": 0.9, "s": 155234, "e": 155547, "w": "实际", "sp": "Agent"}, {"p": 538, "c": 0.9, "s": 155547, "e": 155860, "w": "情况", "sp": "Agent"}, {"p": 539, "c": 0.9, "s": 155860, "e": 156016, "w": "给", "sp": "Agent"}, {"p": 540, "c": 0.9, "s": 156016, "e": 156173, "w": "到", "sp": "Agent"}, {"p": 541, "c": 0.9, "s": 156173, "e": 156485, "w": "一些", "sp": "Agent"}, {"p": 542, "c": 0.9, "s": 156485, "e": 156642, "w": "您", "sp": "Agent"}, {"p": 543, "c": 0.9, "s": 156642, "e": 157111, "w": "个性化", "sp": "Agent"}, {"p": 544, "c": 0.9, "s": 157111, "e": 157267, "w": "的", "sp": "Agent"}, {"p": 545, "c": 0.9, "s": 157267, "e": 157580, "w": "方案", "sp": "Agent"}, {"p": 546, "c": 0.9, "s": 157580, "e": 157893, "w": "选择", "sp": "Agent"}, {"p": 547, "c": 0.9, "s": 157893, "e": 158050, "w": "的", "sp": "Agent"}, {"p": 548, "c": 0.9, "s": 160030, "e": 160347, "w": "老人", "sp": "Agent"}, {"p": 549, "c": 0.9, "s": 160348, "e": 160507, "w": "有", "sp": "Agent"}, {"p": 550, "c": 0.9, "s": 160507, "e": 160825, "w": "小孩", "sp": "Agent"}, {"p": 551, "c": 0.9, "s": 160650, "e": 160943, "w": "你", "sp": "Customer"}, {"p": 552, "c": 0.9, "s": 160825, "e": 160984, "w": "有", "sp": "Agent"}, {"p": 553, "c": 0.9, "s": 160943, "e": 161530, "w": "脑袋", "sp": "Customer"}, {"p": 554, "c": 0.9, "s": 160984, "e": 161301, "w": "老人", "sp": "Agent"}, {"p": 555, "c": 0.9, "s": 161302, "e": 161461, "w": "有", "sp": "Agent"}, {"p": 556, "c": 0.9, "s": 161461, "e": 161778, "w": "小孩", "sp": "Agent"}, {"p": 557, "c": 0.9, "s": 161530, "e": 161823, "w": "有", "sp": "Customer"}, {"p": 558, "c": 0.9, "s": 161779, "e": 162097, "w": "现在", "sp": "Agent"}, {"p": 559, "c": 0.9, "s": 161823, "e": 162116, "w": "小", "sp": "Customer"}, {"p": 560, "c": 0.9, "s": 162097, "e": 162256, "w": "不", "sp": "Agent"}, {"p": 561, "c": 0.9, "s": 162116, "e": 162410, "w": "呀", "sp": "Customer"}, {"p": 562, "c": 0.9, "s": 162256, "e": 162573, "w": "可能", "sp": "Agent"}, {"p": 563, "c": 0.9, "s": 162574, "e": 162892, "w": "忽悠", "sp": "Agent"}, {"p": 564, "c": 0.9, "s": 162892, "e": 163051, "w": "的", "sp": "Agent"}, {"p": 565, "c": 0.9, "s": 163051, "e": 163209, "w": "是", "sp": "Agent"}, {"p": 566, "c": 0.9, "s": 163210, "e": 163370, "w": "吧", "sp": "Agent"}, {"p": 567, "c": 0.9, "s": 164270, "e": 164461, "w": "嗯", "sp": "Agent"}, {"p": 568, "c": 0.9, "s": 164461, "e": 164653, "w": "何", "sp": "Agent"}, {"p": 569, "c": 0.9, "s": 164653, "e": 165037, "w": "女士", "sp": "Agent"}, {"p": 570, "c": 0.9, "s": 165037, "e": 165229, "w": "啊", "sp": "Agent"}, {"p": 571, "c": 0.9, "s": 165210, "e": 165636, "w": "肯定", "sp": "Customer"}, {"p": 572, "c": 0.9, "s": 165229, "e": 165421, "w": "啊", "sp": "Agent"}, {"p": 573, "c": 0.9, "s": 165421, "e": 165613, "w": "好", "sp": "Agent"}, {"p": 574, "c": 0.9, "s": 165613, "e": 165805, "w": "的", "sp": "Agent"}, {"p": 575, "c": 0.9, "s": 165636, "e": 165849, "w": "有", "sp": "Customer"}, {"p": 576, "c": 0.9, "s": 165805, "e": 165997, "w": "好", "sp": "Agent"}, {"p": 577, "c": 0.9, "s": 165849, "e": 166062, "w": "啊", "sp": "Customer"}, {"p": 578, "c": 0.9, "s": 165997, "e": 166189, "w": "的", "sp": "Agent"}, {"p": 579, "c": 0.9, "s": 166062, "e": 166275, "w": "你", "sp": "Customer"}, {"p": 580, "c": 0.9, "s": 166189, "e": 166381, "w": "那", "sp": "Agent"}, {"p": 581, "c": 0.9, "s": 166275, "e": 166700, "w": "这个", "sp": "Customer"}, {"p": 582, "c": 0.9, "s": 166381, "e": 166573, "w": "我", "sp": "Agent"}, {"p": 583, "c": 0.9, "s": 166573, "e": 166956, "w": "这边", "sp": "Agent"}, {"p": 584, "c": 0.9, "s": 166701, "e": 167340, "w": "不用说", "sp": "Customer"}, {"p": 585, "c": 0.9, "s": 166956, "e": 167148, "w": "我", "sp": "Agent"}, {"p": 586, "c": 0.9, "s": 167148, "e": 167532, "w": "尽快", "sp": "Agent"}, {"p": 587, "c": 0.9, "s": 167532, "e": 167724, "w": "帮", "sp": "Agent"}, {"p": 588, "c": 0.9, "s": 167724, "e": 167916, "w": "您", "sp": "Agent"}, {"p": 589, "c": 0.9, "s": 167916, "e": 168300, "w": "安排", "sp": "Agent"}, {"p": 590, "c": 0.9, "s": 168300, "e": 168684, "w": "一下", "sp": "Agent"}, {"p": 591, "c": 0.9, "s": 168684, "e": 169068, "w": "我们", "sp": "Agent"}, {"p": 592, "c": 0.9, "s": 169068, "e": 169260, "w": "的", "sp": "Agent"}, {"p": 593, "c": 0.9, "s": 169260, "e": 169642, "w": "这个", "sp": "Agent"}, {"p": 594, "c": 0.9, "s": 169643, "e": 170027, "w": "门店", "sp": "Agent"}, {"p": 595, "c": 0.9, "s": 170027, "e": 170219, "w": "和", "sp": "Agent"}, {"p": 596, "c": 0.9, "s": 170219, "e": 170411, "w": "您", "sp": "Agent"}, {"p": 597, "c": 0.9, "s": 170411, "e": 170795, "w": "联系", "sp": "Agent"}, {"p": 598, "c": 0.9, "s": 170795, "e": 170987, "w": "您", "sp": "Agent"}, {"p": 599, "c": 0.9, "s": 170987, "e": 171371, "w": "这个", "sp": "Agent"}, {"p": 600, "c": 0.9, "s": 171371, "e": 171563, "w": "是", "sp": "Agent"}, {"p": 601, "c": 0.9, "s": 171563, "e": 171755, "w": "在", "sp": "Agent"}, {"p": 602, "c": 0.9, "s": 171755, "e": 172138, "w": "这个", "sp": "Agent"}, {"p": 603, "c": 0.9, "s": 172138, "e": 172330, "w": "呃", "sp": "Agent"}, {"p": 604, "c": 0.9, "s": 172330, "e": 172714, "w": "佛山", "sp": "Agent"}, {"p": 605, "c": 0.9, "s": 172714, "e": 173098, "w": "普尔", "sp": "Agent"}, {"p": 606, "c": 0.9, "s": 173098, "e": 173290, "w": "了", "sp": "Agent"}, {"p": 607, "c": 0.9, "s": 173290, "e": 173482, "w": "吗", "sp": "Agent"}, {"p": 608, "c": 0.9, "s": 173482, "e": 173674, "w": "想", "sp": "Agent"}, {"p": 609, "c": 0.9, "s": 173674, "e": 173866, "w": "问", "sp": "Agent"}, {"p": 610, "c": 0.9, "s": 173866, "e": 174250, "w": "一下", "sp": "Agent"}, {"p": 611, "c": 0.9, "s": 175260, "e": 175855, "w": "开心", "sp": "Agent"}, {"p": 612, "c": 0.9, "s": 175856, "e": 176453, "w": "处理", "sp": "Agent"}, {"p": 613, "c": 0.9, "s": 175940, "e": 177000, "w": "啊", "sp": "Customer"}, {"p": 614, "c": 0.9, "s": 176453, "e": 176751, "w": "了", "sp": "Agent"}, {"p": 615, "c": 0.9, "s": 176751, "e": 177050, "w": "嘛", "sp": "Agent"}, {"p": 616, "c": 0.9, "s": 179590, "e": 179814, "w": "哦", "sp": "Agent"}, {"p": 617, "c": 0.9, "s": 179670, "e": 179861, "w": "我", "sp": "Customer"}, {"p": 618, "c": 0.9, "s": 179814, "e": 180487, "w": "户型图", "sp": "Agent"}, {"p": 619, "c": 0.9, "s": 179861, "e": 180245, "w": "不知", "sp": "Customer"}, {"p": 620, "c": 0.9, "s": 180245, "e": 180435, "w": "道", "sp": "Customer"}, {"p": 621, "c": 0.9, "s": 180436, "e": 180628, "w": "你", "sp": "Customer"}, {"p": 622, "c": 0.9, "s": 180487, "e": 180936, "w": "就是", "sp": "Agent"}, {"p": 623, "c": 0.9, "s": 180628, "e": 180820, "w": "说", "sp": "Customer"}, {"p": 624, "c": 0.9, "s": 180820, "e": 181203, "w": "什么", "sp": "Customer"}, {"p": 625, "c": 0.9, "s": 180936, "e": 181160, "w": "您", "sp": "Agent"}, {"p": 626, "c": 0.9, "s": 181160, "e": 181609, "w": "房间", "sp": "Agent"}, {"p": 627, "c": 0.9, "s": 181203, "e": 181395, "w": "没", "sp": "Customer"}, {"p": 628, "c": 0.9, "s": 181395, "e": 181586, "w": "听", "sp": "Customer"}, {"p": 629, "c": 0.9, "s": 181586, "e": 181970, "w": "清楚", "sp": "Customer"}, {"p": 630, "c": 0.9, "s": 181609, "e": 181833, "w": "的", "sp": "Agent"}, {"p": 631, "c": 0.9, "s": 181833, "e": 182506, "w": "户型图", "sp": "Agent"}, {"p": 632, "c": 0.9, "s": 182506, "e": 182731, "w": "有", "sp": "Agent"}, {"p": 633, "c": 0.9, "s": 182731, "e": 182955, "w": "了", "sp": "Agent"}, {"p": 634, "c": 0.9, "s": 182955, "e": 183180, "w": "吗", "sp": "Agent"}, {"p": 635, "c": 0.9, "s": 184880, "e": 185324, "w": "现在", "sp": "Agent"}, {"p": 636, "c": 0.9, "s": 185230, "e": 185426, "w": "有", "sp": "Customer"}, {"p": 637, "c": 0.9, "s": 185324, "e": 185546, "w": "把", "sp": "Agent"}, {"p": 638, "c": 0.9, "s": 185426, "e": 185623, "w": "啊", "sp": "Customer"}, {"p": 639, "c": 0.9, "s": 185546, "e": 185991, "w": "电脑", "sp": "Agent"}, {"p": 640, "c": 0.9, "s": 185623, "e": 186017, "w": "我们", "sp": "Customer"}, {"p": 641, "c": 0.9, "s": 185991, "e": 186435, "w": "电脑", "sp": "Agent"}, {"p": 642, "c": 0.9, "s": 186017, "e": 186214, "w": "在", "sp": "Customer"}, {"p": 643, "c": 0.9, "s": 186214, "e": 186411, "w": "拉", "sp": "Customer"}, {"p": 644, "c": 0.9, "s": 186411, "e": 187002, "w": "电缆线", "sp": "Customer"}, {"p": 645, "c": 0.9, "s": 186435, "e": 186657, "w": "拉", "sp": "Agent"}, {"p": 646, "c": 0.9, "s": 186657, "e": 186880, "w": "好", "sp": "Agent"}, {"p": 647, "c": 0.9, "s": 186880, "e": 187102, "w": "了", "sp": "Agent"}, {"p": 648, "c": 0.9, "s": 187002, "e": 187199, "w": "你", "sp": "Customer"}, {"p": 649, "c": 0.9, "s": 187102, "e": 187324, "w": "哦", "sp": "Agent"}, {"p": 650, "c": 0.9, "s": 187199, "e": 187396, "w": "拉", "sp": "Customer"}, {"p": 651, "c": 0.9, "s": 187324, "e": 187768, "w": "电脑", "sp": "Agent"}, {"p": 652, "c": 0.9, "s": 187396, "e": 187593, "w": "好", "sp": "Customer"}, {"p": 653, "c": 0.9, "s": 187593, "e": 187790, "w": "了", "sp": "Customer"}, {"p": 654, "c": 0.9, "s": 187768, "e": 187991, "w": "拉", "sp": "Agent"}, {"p": 655, "c": 0.9, "s": 187991, "e": 188213, "w": "好", "sp": "Agent"}, {"p": 656, "c": 0.9, "s": 188213, "e": 188435, "w": "了", "sp": "Agent"}, {"p": 657, "c": 0.9, "s": 188435, "e": 188657, "w": "是", "sp": "Agent"}, {"p": 658, "c": 0.9, "s": 188657, "e": 188880, "w": "吧", "sp": "Agent"}, {"p": 659, "c": 0.9, "s": 189820, "e": 189967, "w": "啊", "sp": "Agent"}, {"p": 660, "c": 0.9, "s": 189967, "e": 190114, "w": "在", "sp": "Agent"}, {"p": 661, "c": 0.9, "s": 190110, "e": 190683, "w": "现在", "sp": "Customer"}, {"p": 662, "c": 0.9, "s": 190114, "e": 190408, "w": "我们", "sp": "Agent"}, {"p": 663, "c": 0.9, "s": 190408, "e": 190703, "w": "这儿", "sp": "Agent"}, {"p": 664, "c": 0.9, "s": 190683, "e": 190970, "w": "在", "sp": "Customer"}, {"p": 665, "c": 0.9, "s": 190703, "e": 190997, "w": "方便", "sp": "Agent"}, {"p": 666, "c": 0.9, "s": 190970, "e": 191543, "w": "中介", "sp": "Customer"}, {"p": 667, "c": 0.9, "s": 190997, "e": 191144, "w": "了", "sp": "Agent"}, {"p": 668, "c": 0.9, "s": 191144, "e": 191291, "w": "好", "sp": "Agent"}, {"p": 669, "c": 0.9, "s": 191291, "e": 191438, "w": "的", "sp": "Agent"}, {"p": 670, "c": 0.9, "s": 191438, "e": 191733, "w": "了解", "sp": "Agent"}, {"p": 671, "c": 0.9, "s": 191543, "e": 191830, "w": "嗯", "sp": "Customer"}, {"p": 672, "c": 0.9, "s": 191733, "e": 191880, "w": "那", "sp": "Agent"}, {"p": 673, "c": 0.9, "s": 191880, "e": 192174, "w": "这样", "sp": "Agent"}, {"p": 674, "c": 0.9, "s": 192174, "e": 192321, "w": "子", "sp": "Agent"}, {"p": 675, "c": 0.9, "s": 192321, "e": 192469, "w": "我", "sp": "Agent"}, {"p": 676, "c": 0.9, "s": 192469, "e": 192763, "w": "可以", "sp": "Agent"}, {"p": 677, "c": 0.9, "s": 192763, "e": 192910, "w": "加", "sp": "Agent"}, {"p": 678, "c": 0.9, "s": 192910, "e": 193204, "w": "一下", "sp": "Agent"}, {"p": 679, "c": 0.9, "s": 193204, "e": 193351, "w": "您", "sp": "Agent"}, {"p": 680, "c": 0.9, "s": 193352, "e": 193499, "w": "微", "sp": "Agent"}, {"p": 681, "c": 0.9, "s": 193499, "e": 193646, "w": "信", "sp": "Agent"}, {"p": 682, "c": 0.9, "s": 193646, "e": 193793, "w": "吗", "sp": "Agent"}, {"p": 683, "c": 0.9, "s": 193793, "e": 193940, "w": "您", "sp": "Agent"}, {"p": 684, "c": 0.9, "s": 193940, "e": 194235, "w": "可以", "sp": "Agent"}, {"p": 685, "c": 0.9, "s": 194235, "e": 194382, "w": "把", "sp": "Agent"}, {"p": 686, "c": 0.9, "s": 194382, "e": 194676, "w": "这个", "sp": "Agent"}, {"p": 687, "c": 0.9, "s": 194676, "e": 195118, "w": "户型图", "sp": "Agent"}, {"p": 688, "c": 0.9, "s": 195118, "e": 195412, "w": "发给", "sp": "Agent"}, {"p": 689, "c": 0.9, "s": 195412, "e": 195559, "w": "我", "sp": "Agent"}, {"p": 690, "c": 0.9, "s": 195559, "e": 195706, "w": "我", "sp": "Agent"}, {"p": 691, "c": 0.9, "s": 195706, "e": 195853, "w": "让", "sp": "Agent"}, {"p": 692, "c": 0.9, "s": 195853, "e": 196442, "w": "工作人员", "sp": "Agent"}, {"p": 693, "c": 0.9, "s": 196442, "e": 196736, "w": "设置", "sp": "Agent"}, {"p": 694, "c": 0.9, "s": 196736, "e": 196883, "w": "下", "sp": "Agent"}, {"p": 695, "c": 0.9, "s": 196884, "e": 197031, "w": "您", "sp": "Agent"}, {"p": 696, "c": 0.9, "s": 197031, "e": 197178, "w": "看", "sp": "Agent"}, {"p": 697, "c": 0.9, "s": 197178, "e": 197472, "w": "可以", "sp": "Agent"}, {"p": 698, "c": 0.9, "s": 197472, "e": 197620, "w": "吗", "sp": "Agent"}, {"p": 699, "c": 0.9, "s": 199790, "e": 200336, "w": "就是说", "sp": "Agent"}, {"p": 700, "c": 0.9, "s": 200120, "e": 200396, "w": "是", "sp": "Customer"}, {"p": 701, "c": 0.9, "s": 200336, "e": 200701, "w": "涉及", "sp": "Agent"}, {"p": 702, "c": 0.9, "s": 200396, "e": 200672, "w": "寄", "sp": "Customer"}, {"p": 703, "c": 0.9, "s": 200673, "e": 201226, "w": "什么", "sp": "Customer"}, {"p": 704, "c": 0.9, "s": 200701, "e": 201066, "w": "一个", "sp": "Agent"}, {"p": 705, "c": 0.9, "s": 201066, "e": 201430, "w": "大致", "sp": "Agent"}, {"p": 706, "c": 0.9, "s": 201226, "e": 201780, "w": "东西", "sp": "Customer"}, {"p": 707, "c": 0.9, "s": 201430, "e": 201612, "w": "的", "sp": "Agent"}, {"p": 708, "c": 0.9, "s": 201613, "e": 201977, "w": "一个", "sp": "Agent"}, {"p": 709, "c": 0.9, "s": 201977, "e": 202160, "w": "安", "sp": "Agent"}, {"p": 710, "c": 0.9, "s": 202160, "e": 202524, "w": "安装", "sp": "Agent"}, {"p": 711, "c": 0.9, "s": 202524, "e": 202706, "w": "的", "sp": "Agent"}, {"p": 712, "c": 0.9, "s": 202706, "e": 203071, "w": "方案", "sp": "Agent"}, {"p": 713, "c": 0.9, "s": 203071, "e": 203253, "w": "给", "sp": "Agent"}, {"p": 714, "c": 0.9, "s": 203253, "e": 203436, "w": "到", "sp": "Agent"}, {"p": 715, "c": 0.9, "s": 203436, "e": 203618, "w": "您", "sp": "Agent"}, {"p": 716, "c": 0.9, "s": 203618, "e": 203800, "w": "您", "sp": "Agent"}, {"p": 717, "c": 0.9, "s": 203800, "e": 203983, "w": "看", "sp": "Agent"}, {"p": 718, "c": 0.9, "s": 203983, "e": 204347, "w": "可以", "sp": "Agent"}, {"p": 719, "c": 0.9, "s": 204347, "e": 204530, "w": "吗", "sp": "Agent"}, {"p": 720, "c": 0.9, "s": 205520, "e": 205686, "w": "这", "sp": "Agent"}, {"p": 721, "c": 0.9, "s": 205686, "e": 206020, "w": "两个", "sp": "Agent"}, {"p": 722, "c": 0.9, "s": 205910, "e": 206303, "w": "现场", "sp": "Customer"}, {"p": 723, "c": 0.9, "s": 206020, "e": 206187, "w": "啊", "sp": "Agent"}, {"p": 724, "c": 0.9, "s": 206187, "e": 206354, "w": "也", "sp": "Agent"}, {"p": 725, "c": 0.9, "s": 206303, "e": 206500, "w": "去", "sp": "Customer"}, {"p": 726, "c": 0.9, "s": 206354, "e": 206688, "w": "可以", "sp": "Agent"}, {"p": 727, "c": 0.9, "s": 206500, "e": 206696, "w": "看", "sp": "Customer"}, {"p": 728, "c": 0.9, "s": 206688, "e": 206855, "w": "那", "sp": "Agent"}, {"p": 729, "c": 0.9, "s": 206696, "e": 207090, "w": "一下", "sp": "Customer"}, {"p": 730, "c": 0.9, "s": 206855, "e": 207022, "w": "也", "sp": "Agent"}, {"p": 731, "c": 0.9, "s": 207022, "e": 207356, "w": "可以", "sp": "Agent"}, {"p": 732, "c": 0.9, "s": 207090, "e": 207483, "w": "不是", "sp": "Customer"}, {"p": 733, "c": 0.9, "s": 207356, "e": 207523, "w": "那", "sp": "Agent"}, {"p": 734, "c": 0.9, "s": 207483, "e": 207680, "w": "很", "sp": "Customer"}, {"p": 735, "c": 0.9, "s": 207523, "e": 207690, "w": "我", "sp": "Agent"}, {"p": 736, "c": 0.9, "s": 207680, "e": 208073, "w": "正常", "sp": "Customer"}, {"p": 737, "c": 0.9, "s": 207690, "e": 208023, "w": "这边", "sp": "Agent"}, {"p": 738, "c": 0.9, "s": 208023, "e": 208357, "w": "尽快", "sp": "Agent"}, {"p": 739, "c": 0.9, "s": 208073, "e": 208270, "w": "吗", "sp": "Customer"}, {"p": 740, "c": 0.9, "s": 208357, "e": 208524, "w": "帮", "sp": "Agent"}, {"p": 741, "c": 0.9, "s": 208524, "e": 208691, "w": "您", "sp": "Agent"}, {"p": 742, "c": 0.9, "s": 208691, "e": 209025, "w": "安排", "sp": "Agent"}, {"p": 743, "c": 0.9, "s": 209025, "e": 209359, "w": "一下", "sp": "Agent"}, {"p": 744, "c": 0.9, "s": 209359, "e": 209526, "w": "那", "sp": "Agent"}, {"p": 745, "c": 0.9, "s": 209526, "e": 209860, "w": "这边", "sp": "Agent"}, {"p": 746, "c": 0.9, "s": 209860, "e": 210026, "w": "先", "sp": "Agent"}, {"p": 747, "c": 0.9, "s": 210026, "e": 210193, "w": "不", "sp": "Agent"}, {"p": 748, "c": 0.9, "s": 210193, "e": 210527, "w": "打扰", "sp": "Agent"}, {"p": 749, "c": 0.9, "s": 210527, "e": 210694, "w": "您", "sp": "Agent"}, {"p": 750, "c": 0.9, "s": 210694, "e": 210861, "w": "了", "sp": "Agent"}, {"p": 751, "c": 0.9, "s": 210861, "e": 211194, "w": "尽快", "sp": "Agent"}, {"p": 752, "c": 0.9, "s": 211195, "e": 211362, "w": "帮", "sp": "Agent"}, {"p": 753, "c": 0.9, "s": 211362, "e": 211529, "w": "您", "sp": "Agent"}, {"p": 754, "c": 0.9, "s": 211529, "e": 211863, "w": "安排", "sp": "Agent"}, {"p": 755, "c": 0.9, "s": 211863, "e": 212030, "w": "嗯", "sp": "Agent"}, {"p": 756, "c": 0.9, "s": 212090, "e": 212286, "w": "呃", "sp": "Customer"}, {"p": 757, "c": 0.9, "s": 212286, "e": 212483, "w": "我", "sp": "Customer"}, {"p": 758, "c": 0.9, "s": 212410, "e": 212745, "w": "就是", "sp": "Agent"}, {"p": 759, "c": 0.9, "s": 212483, "e": 212680, "w": "东", "sp": "Customer"}, {"p": 760, "c": 0.9, "s": 212680, "e": 212875, "w": "我", "sp": "Customer"}, {"p": 761, "c": 0.9, "s": 212745, "e": 212913, "w": "住", "sp": "Agent"}, {"p": 762, "c": 0.9, "s": 212876, "e": 213270, "w": "东西", "sp": "Customer"}, {"p": 763, "c": 0.9, "s": 212913, "e": 213081, "w": "在", "sp": "Agent"}, {"p": 764, "c": 0.9, "s": 213081, "e": 213417, "w": "那里", "sp": "Agent"}, {"p": 765, "c": 0.9, "s": 213270, "e": 213663, "w": "东西", "sp": "Customer"}, {"p": 766, "c": 0.9, "s": 213417, "e": 213585, "w": "好", "sp": "Agent"}, {"p": 767, "c": 0.9, "s": 213585, "e": 213753, "w": "的", "sp": "Agent"}, {"p": 768, "c": 0.9, "s": 213663, "e": 214252, "w": "是不是", "sp": "Customer"}, {"p": 769, "c": 0.9, "s": 213753, "e": 213920, "w": "好", "sp": "Agent"}, {"p": 770, "c": 0.9, "s": 213920, "e": 214088, "w": "的", "sp": "Agent"}, {"p": 771, "c": 0.9, "s": 214088, "e": 214256, "w": "好", "sp": "Agent"}, {"p": 772, "c": 0.9, "s": 214253, "e": 214450, "w": "在", "sp": "Customer"}, {"p": 773, "c": 0.9, "s": 214256, "e": 214424, "w": "的", "sp": "Agent"}, {"p": 774, "c": 0.9, "s": 214424, "e": 214592, "w": "那", "sp": "Agent"}, {"p": 775, "c": 0.9, "s": 214450, "e": 214843, "w": "那里", "sp": "Customer"}, {"p": 776, "c": 0.9, "s": 214592, "e": 214760, "w": "我", "sp": "Agent"}, {"p": 777, "c": 0.9, "s": 214760, "e": 215096, "w": "现在", "sp": "Agent"}, {"p": 778, "c": 0.9, "s": 214843, "e": 215040, "w": "啊", "sp": "Customer"}, {"p": 779, "c": 0.9, "s": 215096, "e": 215431, "w": "备注", "sp": "Agent"}, {"p": 780, "c": 0.9, "s": 215431, "e": 215767, "w": "一下", "sp": "Agent"}, {"p": 781, "c": 0.9, "s": 215767, "e": 215935, "w": "让", "sp": "Agent"}, {"p": 782, "c": 0.9, "s": 215935, "e": 216271, "w": "他们", "sp": "Agent"}, {"p": 783, "c": 0.9, "s": 216271, "e": 216607, "w": "尽快", "sp": "Agent"}, {"p": 784, "c": 0.9, "s": 216607, "e": 216775, "w": "和", "sp": "Agent"}, {"p": 785, "c": 0.9, "s": 216775, "e": 216942, "w": "您", "sp": "Agent"}, {"p": 786, "c": 0.9, "s": 216942, "e": 217278, "w": "联系", "sp": "Agent"}, {"p": 787, "c": 0.9, "s": 217278, "e": 217446, "w": "那", "sp": "Agent"}, {"p": 788, "c": 0.9, "s": 217446, "e": 217782, "w": "这边", "sp": "Agent"}, {"p": 789, "c": 0.9, "s": 217782, "e": 217950, "w": "先", "sp": "Agent"}, {"p": 790, "c": 0.9, "s": 217950, "e": 218118, "w": "不", "sp": "Agent"}, {"p": 791, "c": 0.9, "s": 218118, "e": 218453, "w": "打扰", "sp": "Agent"}, {"p": 792, "c": 0.9, "s": 218453, "e": 218621, "w": "您", "sp": "Agent"}, {"p": 793, "c": 0.9, "s": 218621, "e": 218789, "w": "了", "sp": "Agent"}, {"p": 794, "c": 0.9, "s": 218789, "e": 219293, "w": "感谢您", "sp": "Agent"}, {"p": 795, "c": 0.9, "s": 219293, "e": 219461, "w": "的", "sp": "Agent"}, {"p": 796, "c": 0.9, "s": 219461, "e": 219796, "w": "接听", "sp": "Agent"}, {"p": 797, "c": 0.9, "s": 219796, "e": 220132, "w": "祝您", "sp": "Agent"}, {"p": 798, "c": 0.9, "s": 220132, "e": 220468, "w": "生活", "sp": "Agent"}, {"p": 799, "c": 0.9, "s": 220468, "e": 220804, "w": "愉快", "sp": "Agent"}, {"p": 800, "c": 0.9, "s": 220804, "e": 221140, "w": "再见", "sp": "Agent"}]}, "plainText": "喂\n您好 这里 是 大金 空调 厂房 客服 中心 请问 是 张 先生 是 吗\n什么\n什么\n通知\n东西\n啊\n啊 您好 您 这里 是 大兴 空调 的 您 之前 有 在 我们 那个 抖 音 上 留下 您 的 信息 的 您 还 记得 吗 您 是 想 了解 我 家用 中央 空调 是 吧\n哦 你 你\n嗯\n是 哪个 银行\n对 对 中央 空调 大金 中央 空调 的 嗯 您 这个 房子 是 在 我们 泉州市 是 吗 泉州市 的 哪个 区县 呀\n在\n对\n江西\n哦 在 江西 是 吧 不好意思 你 是 在 江西 的 哪个 省 哪个 市 呀\n啊\n啊 在 江西 的 哪里 你 在 江西 的 哪里 呢\n上楼\n是 上来 是 吧 您 稍 等 我 帮 您 修改 一下 嗯 这 上来 的 是 不限 不好意思\n一 杠 三\n零三 岁 好 的 了解 了 您 这个 三 面积 大概 有 多 大 呀\n好 我 给 你 打电话 谢谢\n一百 三十二 是 一个 三百 两千 的 房型 是 吗\n啊\n三房 两 厅 的 房型 是 吗\n四号\n四 房 两 厅\n两天\n啊 好 的 帮 您 记录 一下 您 这个 房子 是 一手 毛坯 信 吗 是 吧 还 没有 装修 的\n华为\n还 没有 装修\n公司\n啊 装修 公司 还 没有 确定 是 吧 是 准备 在 三 四月份 开始 动工 了 吗 啊\n在\n三四\n中国\n月份 开始\n呢\n通过 啊 啊 咱们\n嗯\n公司\n方便\n没有 确定 是 吧 呃 交 多少钱\n啊 要\n呢 呃\n多少钱\n价格 的话\n呢\n是 这边 会 让 我们 这个 工作人员 会 尽快 和 您 联系 一下 的 也 可以 让 他们 免费 上门 看 看 一下 给 到 您 一个 更 精确 的 报价 您 是 在 这个 呃 是 哪个 小区 啊 就近 的 帮 您 安排\n呃\n呃 九\n九\n一 零零\n一\n对\n零零\n您 说 慢 一点 九 一 零零 是 吗 九 是\n嗯\n一二三四五\n嗯\n六七 八九 的 九 路 是 什么 路 呀 千 亿万 亿\n千\n的 亿\n亿万\n千亿 万\n亿\n亿\n的\n的 亿\n亿\n玲珑 就是 那个\n啊\n王 字\n行\n旁 的\n啊\n玲 龙\n这个\n是 吧\n呃 酒 那个 酒 是 那个\n啊\n永久\n永久 的\n的\n久 是\n酒\n吧 啊 好 的 帮 您 修改 一下 永久 的 久 好 的 了解 了 帮 您 记录 一下 您 这个 现在 是 除了 多 份 的 以外 电脑 和 新车 有 考虑 吗 来 帮 您 备注 一下 对 啊 和\n啊\n新风 有 考虑 吗 我 帮 您 备注 一下 地 暖\n这个\n就是 我们\n是 什么\n中央 空调\n意思\n啊 和\n啊\n地 暖 它 是 使用 同一 台 室外机 的 这个 其 实是 应该 不是 我们 宽带 的 公路 度 呢 其实 可以 在 安全 节能 环保 的 您 也 可以 了解 一下 我们 也 会 让 我们 工作人员 给 您 一个 方案 和 报价 您 可以 作为 参考 啊 我 想 问 一下 就是说 嗯 您 这边 家里 呢 就是说 以 后会 有 几 个人 居住 呀 会 有 老人 和 小孩 要 考虑 吗 因为 我们 空调 不 一样 就是说 考虑 到 您 发 的 问题 可以 根据 您 家庭 的 一些 实际 情况 给 到 一些 您 个性化 的 方案 选择 的 老人 有 小孩\n你\n有\n脑袋\n老人 有 小孩\n有\n现在\n小\n不\n呀\n可能 忽悠 的 是 吧 嗯 何 女士 啊\n肯定\n啊 好 的\n有\n好\n啊\n的\n你\n那\n这个\n我 这边\n不用说\n我 尽快 帮 您 安排 一下 我们 的 这个 门店 和 您 联系 您 这个 是 在 这个 呃 佛山 普尔 了 吗 想 问 一下 开心 处理\n啊\n了 嘛 哦\n我\n户型图\n不知 道 你\n就是\n说 什么\n您 房间\n没 听 清楚\n的 户型图 有 了 吗 现在\n有\n把\n啊\n电脑\n我们\n电脑\n在 拉 电缆线\n拉 好 了\n你\n哦\n拉\n电脑\n好 了\n拉 好 了 是 吧 啊 在\n现在\n我们 这儿\n在\n方便\n中介\n了 好 的 了解\n嗯\n那 这样 子 我 可以 加 一下 您 微 信 吗 您 可以 把 这个 户型图 发给 我 我 让 工作人员 设置 下 您 看 可以 吗 就是说\n是\n涉及\n寄 什么\n一个 大致\n东西\n的 一个 安 安装 的 方案 给 到 您 您 看 可以 吗 这 两个\n现场\n啊 也\n去\n可以\n看\n那\n一下\n也 可以\n不是\n那\n很\n我\n正常\n这边 尽快\n吗\n帮 您 安排 一下 那 这边 先 不 打扰 您 了 尽快 帮 您 安排 嗯\n呃 我\n就是\n东 我\n住\n东西\n在 那里\n东西\n好 的\n是不是\n好 的 好\n在\n的 那\n那里\n我 现在\n啊\n备注 一下 让 他们 尽快 和 您 联系 那 这边 先 不 打扰 您 了 感谢您 的 接听 祝您 生活 愉快 再见", "plainTextTime": {"verbatims": [{"s": 330, "e": 1260, "w": "喂", "sp": "Customer"}, {"s": 1150, "e": 5520, "w": "您好 这里 是 大金 空调 厂房 客服 中心 请问 是 张 先生 是 吗", "sp": "Agent"}, {"s": 6000, "e": 6564, "w": "什么", "sp": "Customer"}, {"s": 6520, "e": 6827, "w": "什么", "sp": "Agent"}, {"s": 6564, "e": 7128, "w": "通知", "sp": "Customer"}, {"s": 6827, "e": 7134, "w": "东西", "sp": "Agent"}, {"s": 7128, "e": 7410, "w": "啊", "sp": "Customer"}, {"s": 7134, "e": 14810, "w": "啊 您好 您 这里 是 大兴 空调 的 您 之前 有 在 我们 那个 抖 音 上 留下 您 的 信息 的 您 还 记得 吗 您 是 想 了解 我 家用 中央 空调 是 吧", "sp": "Agent"}, {"s": 14960, "e": 15926, "w": "哦 你 你", "sp": "Customer"}, {"s": 15780, "e": 16890, "w": "嗯", "sp": "Agent"}, {"s": 15927, "e": 17540, "w": "是 哪个 银行", "sp": "Customer"}, {"s": 17440, "e": 24619, "w": "对 对 中央 空调 大金 中央 空调 的 嗯 您 这个 房子 是 在 我们 泉州市 是 吗 泉州市 的 哪个 区县 呀", "sp": "Agent"}, {"s": 25230, "e": 25756, "w": "在", "sp": "Customer"}, {"s": 25710, "e": 26589, "w": "对", "sp": "Agent"}, {"s": 25756, "e": 26810, "w": "江西", "sp": "Customer"}, {"s": 26870, "e": 31560, "w": "哦 在 江西 是 吧 不好意思 你 是 在 江西 的 哪个 省 哪个 市 呀", "sp": "Agent"}, {"s": 31820, "e": 32910, "w": "啊", "sp": "Customer"}, {"s": 32560, "e": 35550, "w": "啊 在 江西 的 哪里 你 在 江西 的 哪里 呢", "sp": "Agent"}, {"s": 36230, "e": 37620, "w": "上楼", "sp": "Customer"}, {"s": 37420, "e": 42730, "w": "是 上来 是 吧 您 稍 等 我 帮 您 修改 一下 嗯 这 上来 的 是 不限 不好意思", "sp": "Agent"}, {"s": 42910, "e": 44230, "w": "一 杠 三", "sp": "Customer"}, {"s": 43840, "e": 47670, "w": "零三 岁 好 的 了解 了 您 这个 三 面积 大概 有 多 大 呀", "sp": "Agent"}, {"s": 48850, "e": 51450, "w": "好 我 给 你 打电话 谢谢", "sp": "Customer"}, {"s": 50990, "e": 54910, "w": "一百 三十二 是 一个 三百 两千 的 房型 是 吗", "sp": "Agent"}, {"s": 55780, "e": 57090, "w": "啊", "sp": "Customer"}, {"s": 55840, "e": 57910, "w": "三房 两 厅 的 房型 是 吗", "sp": "Agent"}, {"s": 59100, "e": 59835, "w": "四号", "sp": "Customer"}, {"s": 59240, "e": 59963, "w": "四 房 两 厅", "sp": "Agent"}, {"s": 59835, "e": 60570, "w": "两天", "sp": "Customer"}, {"s": 59963, "e": 65210, "w": "啊 好 的 帮 您 记录 一下 您 这个 房子 是 一手 毛坯 信 吗 是 吧 还 没有 装修 的", "sp": "Agent"}, {"s": 66830, "e": 67580, "w": "华为", "sp": "Customer"}, {"s": 66870, "e": 67628, "w": "还 没有 装修", "sp": "Agent"}, {"s": 67580, "e": 68330, "w": "公司", "sp": "Customer"}, {"s": 67628, "e": 73313, "w": "啊 装修 公司 还 没有 确定 是 吧 是 准备 在 三 四月份 开始 动工 了 吗 啊", "sp": "Agent"}, {"s": 73230, "e": 73587, "w": "在", "sp": "Customer"}, {"s": 73313, "e": 73781, "w": "三四", "sp": "Agent"}, {"s": 73587, "e": 74301, "w": "中国", "sp": "Customer"}, {"s": 73781, "e": 74716, "w": "月份 开始", "sp": "Agent"}, {"s": 74302, "e": 74660, "w": "呢", "sp": "Customer"}, {"s": 74716, "e": 76119, "w": "通过 啊 啊 咱们", "sp": "Agent"}, {"s": 75810, "e": 76183, "w": "嗯", "sp": "Customer"}, {"s": 76119, "e": 76587, "w": "公司", "sp": "Agent"}, {"s": 76183, "e": 76930, "w": "方便", "sp": "Customer"}, {"s": 76587, "e": 79884, "w": "没有 确定 是 吧 呃 交 多少钱", "sp": "Agent"}, {"s": 79620, "e": 80116, "w": "啊 要", "sp": "Customer"}, {"s": 79884, "e": 80226, "w": "呢 呃", "sp": "Agent"}, {"s": 80116, "e": 80861, "w": "多少钱", "sp": "Customer"}, {"s": 80226, "e": 80909, "w": "价格 的话", "sp": "Agent"}, {"s": 80861, "e": 81110, "w": "呢", "sp": "Customer"}, {"s": 80909, "e": 92360, "w": "是 这边 会 让 我们 这个 工作人员 会 尽快 和 您 联系 一下 的 也 可以 让 他们 免费 上门 看 看 一下 给 到 您 一个 更 精确 的 报价 您 是 在 这个 呃 是 哪个 小区 啊 就近 的 帮 您 安排", "sp": "Agent"}, {"s": 94170, "e": 94596, "w": "呃", "sp": "Customer"}, {"s": 94180, "e": 94636, "w": "呃 九", "sp": "Agent"}, {"s": 94596, "e": 95022, "w": "九", "sp": "Customer"}, {"s": 94637, "e": 95324, "w": "一 零零", "sp": "Agent"}, {"s": 95022, "e": 95448, "w": "一", "sp": "Customer"}, {"s": 95324, "e": 95551, "w": "对", "sp": "Agent"}, {"s": 95448, "e": 96299, "w": "零零", "sp": "Customer"}, {"s": 95552, "e": 99264, "w": "您 说 慢 一点 九 一 零零 是 吗 九 是", "sp": "Agent"}, {"s": 99110, "e": 99785, "w": "嗯", "sp": "Customer"}, {"s": 99264, "e": 100351, "w": "一二三四五", "sp": "Agent"}, {"s": 99785, "e": 100460, "w": "嗯", "sp": "Customer"}, {"s": 100351, "e": 104757, "w": "六七 八九 的 九 路 是 什么 路 呀 千 亿万 亿", "sp": "Agent"}, {"s": 104700, "e": 105009, "w": "千", "sp": "Customer"}, {"s": 104757, "e": 105171, "w": "的 亿", "sp": "Agent"}, {"s": 105010, "e": 105630, "w": "亿万", "sp": "Customer"}, {"s": 105171, "e": 105792, "w": "千亿 万", "sp": "Agent"}, {"s": 105630, "e": 105939, "w": "亿", "sp": "Customer"}, {"s": 105792, "e": 105999, "w": "亿", "sp": "Agent"}, {"s": 105940, "e": 106250, "w": "的", "sp": "Customer"}, {"s": 105999, "e": 106413, "w": "的 亿", "sp": "Agent"}, {"s": 106250, "e": 106560, "w": "亿", "sp": "Customer"}, {"s": 106413, "e": 107654, "w": "玲珑 就是 那个", "sp": "Agent"}, {"s": 107630, "e": 108028, "w": "啊", "sp": "Customer"}, {"s": 107654, "e": 108068, "w": "王 字", "sp": "Agent"}, {"s": 108028, "e": 108426, "w": "行", "sp": "Customer"}, {"s": 108068, "e": 108482, "w": "旁 的", "sp": "Agent"}, {"s": 108426, "e": 108824, "w": "啊", "sp": "Customer"}, {"s": 108482, "e": 108896, "w": "玲 龙", "sp": "Agent"}, {"s": 108824, "e": 109619, "w": "这个", "sp": "Customer"}, {"s": 108896, "e": 109310, "w": "是 吧", "sp": "Agent"}, {"s": 110450, "e": 112676, "w": "呃 酒 那个 酒 是 那个", "sp": "Customer"}, {"s": 112580, "e": 112756, "w": "啊", "sp": "Agent"}, {"s": 112676, "e": 113233, "w": "永久", "sp": "Customer"}, {"s": 112756, "e": 113285, "w": "永久 的", "sp": "Agent"}, {"s": 113233, "e": 113511, "w": "的", "sp": "Customer"}, {"s": 113285, "e": 113638, "w": "久 是", "sp": "Agent"}, {"s": 113511, "e": 113790, "w": "酒", "sp": "Customer"}, {"s": 113638, "e": 125232, "w": "吧 啊 好 的 帮 您 修改 一下 永久 的 久 好 的 了解 了 帮 您 记录 一下 您 这个 现在 是 除了 多 份 的 以外 电脑 和 新车 有 考虑 吗 来 帮 您 备注 一下 对 啊 和", "sp": "Agent"}, {"s": 125030, "e": 126220, "w": "啊", "sp": "Customer"}, {"s": 125233, "e": 130522, "w": "新风 有 考虑 吗 我 帮 您 备注 一下 地 暖", "sp": "Agent"}, {"s": 130429, "e": 130879, "w": "这个", "sp": "Customer"}, {"s": 130522, "e": 131148, "w": "就是 我们", "sp": "Agent"}, {"s": 130880, "e": 131555, "w": "是 什么", "sp": "Customer"}, {"s": 131148, "e": 131774, "w": "中央 空调", "sp": "Agent"}, {"s": 131555, "e": 132004, "w": "意思", "sp": "Customer"}, {"s": 131774, "e": 132086, "w": "啊 和", "sp": "Agent"}, {"s": 132005, "e": 132230, "w": "啊", "sp": "Customer"}, {"s": 132086, "e": 160825, "w": "地 暖 它 是 使用 同一 台 室外机 的 这个 其 实是 应该 不是 我们 宽带 的 公路 度 呢 其实 可以 在 安全 节能 环保 的 您 也 可以 了解 一下 我们 也 会 让 我们 工作人员 给 您 一个 方案 和 报价 您 可以 作为 参考 啊 我 想 问 一下 就是说 嗯 您 这边 家里 呢 就是说 以 后会 有 几 个人 居住 呀 会 有 老人 和 小孩 要 考虑 吗 因为 我们 空调 不 一样 就是说 考虑 到 您 发 的 问题 可以 根据 您 家庭 的 一些 实际 情况 给 到 一些 您 个性化 的 方案 选择 的 老人 有 小孩", "sp": "Agent"}, {"s": 160650, "e": 160943, "w": "你", "sp": "Customer"}, {"s": 160825, "e": 160984, "w": "有", "sp": "Agent"}, {"s": 160943, "e": 161530, "w": "脑袋", "sp": "Customer"}, {"s": 160984, "e": 161778, "w": "老人 有 小孩", "sp": "Agent"}, {"s": 161530, "e": 161823, "w": "有", "sp": "Customer"}, {"s": 161779, "e": 162097, "w": "现在", "sp": "Agent"}, {"s": 161823, "e": 162116, "w": "小", "sp": "Customer"}, {"s": 162097, "e": 162256, "w": "不", "sp": "Agent"}, {"s": 162116, "e": 162410, "w": "呀", "sp": "Customer"}, {"s": 162256, "e": 165229, "w": "可能 忽悠 的 是 吧 嗯 何 女士 啊", "sp": "Agent"}, {"s": 165210, "e": 165636, "w": "肯定", "sp": "Customer"}, {"s": 165229, "e": 165805, "w": "啊 好 的", "sp": "Agent"}, {"s": 165636, "e": 165849, "w": "有", "sp": "Customer"}, {"s": 165805, "e": 165997, "w": "好", "sp": "Agent"}, {"s": 165849, "e": 166062, "w": "啊", "sp": "Customer"}, {"s": 165997, "e": 166189, "w": "的", "sp": "Agent"}, {"s": 166062, "e": 166275, "w": "你", "sp": "Customer"}, {"s": 166189, "e": 166381, "w": "那", "sp": "Agent"}, {"s": 166275, "e": 166700, "w": "这个", "sp": "Customer"}, {"s": 166381, "e": 166956, "w": "我 这边", "sp": "Agent"}, {"s": 166701, "e": 167340, "w": "不用说", "sp": "Customer"}, {"s": 166956, "e": 176453, "w": "我 尽快 帮 您 安排 一下 我们 的 这个 门店 和 您 联系 您 这个 是 在 这个 呃 佛山 普尔 了 吗 想 问 一下 开心 处理", "sp": "Agent"}, {"s": 175940, "e": 177000, "w": "啊", "sp": "Customer"}, {"s": 176453, "e": 179814, "w": "了 嘛 哦", "sp": "Agent"}, {"s": 179670, "e": 179861, "w": "我", "sp": "Customer"}, {"s": 179814, "e": 180487, "w": "户型图", "sp": "Agent"}, {"s": 179861, "e": 180628, "w": "不知 道 你", "sp": "Customer"}, {"s": 180487, "e": 180936, "w": "就是", "sp": "Agent"}, {"s": 180628, "e": 181203, "w": "说 什么", "sp": "Customer"}, {"s": 180936, "e": 181609, "w": "您 房间", "sp": "Agent"}, {"s": 181203, "e": 181970, "w": "没 听 清楚", "sp": "Customer"}, {"s": 181609, "e": 185324, "w": "的 户型图 有 了 吗 现在", "sp": "Agent"}, {"s": 185230, "e": 185426, "w": "有", "sp": "Customer"}, {"s": 185324, "e": 185546, "w": "把", "sp": "Agent"}, {"s": 185426, "e": 185623, "w": "啊", "sp": "Customer"}, {"s": 185546, "e": 185991, "w": "电脑", "sp": "Agent"}, {"s": 185623, "e": 186017, "w": "我们", "sp": "Customer"}, {"s": 185991, "e": 186435, "w": "电脑", "sp": "Agent"}, {"s": 186017, "e": 187002, "w": "在 拉 电缆线", "sp": "Customer"}, {"s": 186435, "e": 187102, "w": "拉 好 了", "sp": "Agent"}, {"s": 187002, "e": 187199, "w": "你", "sp": "Customer"}, {"s": 187102, "e": 187324, "w": "哦", "sp": "Agent"}, {"s": 187199, "e": 187396, "w": "拉", "sp": "Customer"}, {"s": 187324, "e": 187768, "w": "电脑", "sp": "Agent"}, {"s": 187396, "e": 187790, "w": "好 了", "sp": "Customer"}, {"s": 187768, "e": 190114, "w": "拉 好 了 是 吧 啊 在", "sp": "Agent"}, {"s": 190110, "e": 190683, "w": "现在", "sp": "Customer"}, {"s": 190114, "e": 190703, "w": "我们 这儿", "sp": "Agent"}, {"s": 190683, "e": 190970, "w": "在", "sp": "Customer"}, {"s": 190703, "e": 190997, "w": "方便", "sp": "Agent"}, {"s": 190970, "e": 191543, "w": "中介", "sp": "Customer"}, {"s": 190997, "e": 191733, "w": "了 好 的 了解", "sp": "Agent"}, {"s": 191543, "e": 191830, "w": "嗯", "sp": "Customer"}, {"s": 191733, "e": 200336, "w": "那 这样 子 我 可以 加 一下 您 微 信 吗 您 可以 把 这个 户型图 发给 我 我 让 工作人员 设置 下 您 看 可以 吗 就是说", "sp": "Agent"}, {"s": 200120, "e": 200396, "w": "是", "sp": "Customer"}, {"s": 200336, "e": 200701, "w": "涉及", "sp": "Agent"}, {"s": 200396, "e": 201226, "w": "寄 什么", "sp": "Customer"}, {"s": 200701, "e": 201430, "w": "一个 大致", "sp": "Agent"}, {"s": 201226, "e": 201780, "w": "东西", "sp": "Customer"}, {"s": 201430, "e": 206020, "w": "的 一个 安 安装 的 方案 给 到 您 您 看 可以 吗 这 两个", "sp": "Agent"}, {"s": 205910, "e": 206303, "w": "现场", "sp": "Customer"}, {"s": 206020, "e": 206354, "w": "啊 也", "sp": "Agent"}, {"s": 206303, "e": 206500, "w": "去", "sp": "Customer"}, {"s": 206354, "e": 206688, "w": "可以", "sp": "Agent"}, {"s": 206500, "e": 206696, "w": "看", "sp": "Customer"}, {"s": 206688, "e": 206855, "w": "那", "sp": "Agent"}, {"s": 206696, "e": 207090, "w": "一下", "sp": "Customer"}, {"s": 206855, "e": 207356, "w": "也 可以", "sp": "Agent"}, {"s": 207090, "e": 207483, "w": "不是", "sp": "Customer"}, {"s": 207356, "e": 207523, "w": "那", "sp": "Agent"}, {"s": 207483, "e": 207680, "w": "很", "sp": "Customer"}, {"s": 207523, "e": 207690, "w": "我", "sp": "Agent"}, {"s": 207680, "e": 208073, "w": "正常", "sp": "Customer"}, {"s": 207690, "e": 208357, "w": "这边 尽快", "sp": "Agent"}, {"s": 208073, "e": 208270, "w": "吗", "sp": "Customer"}, {"s": 208357, "e": 212030, "w": "帮 您 安排 一下 那 这边 先 不 打扰 您 了 尽快 帮 您 安排 嗯", "sp": "Agent"}, {"s": 212090, "e": 212483, "w": "呃 我", "sp": "Customer"}, {"s": 212410, "e": 212745, "w": "就是", "sp": "Agent"}, {"s": 212483, "e": 212875, "w": "东 我", "sp": "Customer"}, {"s": 212745, "e": 212913, "w": "住", "sp": "Agent"}, {"s": 212876, "e": 213270, "w": "东西", "sp": "Customer"}, {"s": 212913, "e": 213417, "w": "在 那里", "sp": "Agent"}, {"s": 213270, "e": 213663, "w": "东西", "sp": "Customer"}, {"s": 213417, "e": 213753, "w": "好 的", "sp": "Agent"}, {"s": 213663, "e": 214252, "w": "是不是", "sp": "Customer"}, {"s": 213753, "e": 214256, "w": "好 的 好", "sp": "Agent"}, {"s": 214253, "e": 214450, "w": "在", "sp": "Customer"}, {"s": 214256, "e": 214592, "w": "的 那", "sp": "Agent"}, {"s": 214450, "e": 214843, "w": "那里", "sp": "Customer"}, {"s": 214592, "e": 215096, "w": "我 现在", "sp": "Agent"}, {"s": 214843, "e": 215040, "w": "啊", "sp": "Customer"}, {"s": 215096, "e": 221140, "w": "备注 一下 让 他们 尽快 和 您 联系 那 这边 先 不 打扰 您 了 感谢您 的 接听 祝您 生活 愉快 再见", "sp": "Agent"}]}, "aqm": {"greeting": {"greeting_said": "您好, 大金, 空调, 客服, 请问, 先生", "n_greeting_said": 6, "score": 1}, "closing": {"closing_said": "您, 祝您, 生活, 愉快, 再见", "n_closing_said": 5, "score": 1}, "speed": {"speed_max": 6.79, "n_words": 5, "words": "了 好 的 了解", "start": 190997, "end": 191733}}}