{"mediaId": "2022031316223054608747453078303001", "status": "Success", "dateCreated": "2022-03-21T18:45:50Z", "contentType": "audio/x-wav", "channels": "future use", "length": 19, "metadata": {"Sid": 10121, "Site_id": 783, "Audio_ch_num": 87474530, "Audio_module_num": 783001, "Audio_start_time_gmt": "2022-03-13T08:22:30.547+08:00", "Transaction_id": "2022031316223054608747453078303001", "ContactID": "9144801415050000301", "Personal_id": "0", "Direction": 2, "Local_audio_start_time": "2022-03-13T16:22:30.547+08:00", "Local_audio_end_time": "2022-03-13T16:22:49.547+08:00", "Total_hold_time": "0", "Pbx_login_id": "800057", "Ani": "600066", "Extension": "600066", "String_extension": "600066", "Switch_call_id": "006f0330e46d5066", "Switch_id": "783000001", "Duration_seconds": 19, "Wrapup_time_in_seconds": "0", "Dnis": "17334534757", "Number_of_conferences": "0", "Number_of_holds": "0", "Number_of_transfers": "0", "Percent_of_agent_call": "0", "Percent_of_other_call": "4", "Percent_of_mutual_silence": "15", "Num_of_agent_cross": "0", "Num_of_other_cross": "0", "IsException": 0, "CD2": "013GVT56OG919AP72LUHVB5AES000CJH"}, "transcript_detailed": {"words": [{"p": 1, "c": 0.9, "s": 2860, "e": 3276, "w": "没", "sp": "Customer"}, {"p": 2, "c": 0.9, "s": 3276, "e": 4110, "w": "声音", "sp": "Customer"}, {"p": 3, "c": 0.9, "s": 8950, "e": 9215, "w": "哦", "sp": "Customer"}, {"p": 4, "c": 0.9, "s": 9215, "e": 9480, "w": "你", "sp": "Customer"}, {"p": 5, "c": 0.9, "s": 9480, "e": 9745, "w": "先", "sp": "Customer"}, {"p": 6, "c": 0.9, "s": 9745, "e": 10010, "w": "说", "sp": "Customer"}, {"p": 7, "c": 0.9, "s": 11280, "e": 11950, "w": "零分", "sp": "Customer"}, {"p": 8, "c": 0.9, "s": 11950, "e": 12620, "w": "零分", "sp": "Customer"}, {"p": 9, "c": 0.9, "s": 12620, "e": 13290, "w": "零分", "sp": "Customer"}]}, "plainText": "没 声音 哦 你 先 说 零分 零分 零分", "plainTextTime": {"verbatims": [{"s": 2860, "e": 13290, "w": "没 声音 哦 你 先 说 零分 零分 零分", "sp": "Customer"}]}, "aqm": {"greeting": {"greeting_said": "", "n_greeting_said": 0, "score": 0}, "closing": {"closing_said": "", "n_closing_said": 0, "score": 0}, "speed": {"speed_max": 0, "n_words": 0, "words": "", "start": 0, "end": 0}}}