{"mediaId": "2022031313583495008747432478303001", "status": "Success", "dateCreated": "2022-03-21T18:45:50Z", "contentType": "audio/x-wav", "channels": "future use", "length": 256, "metadata": {"Sid": 10003, "Site_id": 783, "Audio_ch_num": 87474324, "Audio_module_num": 783002, "Audio_start_time_gmt": "2022-03-13T05:58:34.95+08:00", "Transaction_id": "2022031313583495008747432478303001", "ContactID": "9144800551490000301", "Personal_id": "0", "Direction": 2, "Local_audio_start_time": "2022-03-13T13:58:34.95+08:00", "Local_audio_end_time": "2022-03-13T14:02:50.95+08:00", "Total_hold_time": "0", "Pbx_login_id": "800051", "Ani": "600060", "Extension": "600060", "String_extension": "600060", "Switch_call_id": "006f0330e46d4f68", "Switch_id": "783000001", "Duration_seconds": 256, "Wrapup_time_in_seconds": "0", "Dnis": "15256771980", "Number_of_conferences": "0", "Number_of_holds": "0", "Number_of_transfers": "0", "Percent_of_agent_call": "135", "Percent_of_other_call": "57", "Percent_of_mutual_silence": "35", "Num_of_agent_cross": "13", "Num_of_other_cross": "25", "IsException": 0, "CD2": "013GVT56OG919AP72LUHVB5AES000CBE"}, "transcript_detailed": {"words": [{"p": 1, "c": 0.9, "s": 670, "e": 1660, "w": "啊", "sp": "Customer"}, {"p": 2, "c": 0.9, "s": 1190, "e": 1418, "w": "嗯", "sp": "Agent"}, {"p": 3, "c": 0.9, "s": 1418, "e": 1875, "w": "您好", "sp": "Agent"}, {"p": 4, "c": 0.9, "s": 1875, "e": 2333, "w": "这边", "sp": "Agent"}, {"p": 5, "c": 0.9, "s": 2333, "e": 2560, "w": "是", "sp": "Agent"}, {"p": 6, "c": 0.9, "s": 2561, "e": 3018, "w": "大金", "sp": "Agent"}, {"p": 7, "c": 0.9, "s": 3018, "e": 3475, "w": "空调", "sp": "Agent"}, {"p": 8, "c": 0.9, "s": 3476, "e": 3704, "w": "的", "sp": "Agent"}, {"p": 9, "c": 0.9, "s": 3704, "e": 4162, "w": "大金", "sp": "Agent"}, {"p": 10, "c": 0.9, "s": 4162, "e": 4619, "w": "空调", "sp": "Agent"}, {"p": 11, "c": 0.9, "s": 4619, "e": 5075, "w": "厂房", "sp": "Agent"}, {"p": 12, "c": 0.9, "s": 5076, "e": 5533, "w": "客服", "sp": "Agent"}, {"p": 13, "c": 0.9, "s": 5533, "e": 5991, "w": "中心", "sp": "Agent"}, {"p": 14, "c": 0.9, "s": 5991, "e": 6448, "w": "请问", "sp": "Agent"}, {"p": 15, "c": 0.9, "s": 6448, "e": 6676, "w": "您", "sp": "Agent"}, {"p": 16, "c": 0.9, "s": 6676, "e": 6905, "w": "是", "sp": "Agent"}, {"p": 17, "c": 0.9, "s": 6905, "e": 7134, "w": "张", "sp": "Agent"}, {"p": 18, "c": 0.9, "s": 7134, "e": 7590, "w": "女士", "sp": "Agent"}, {"p": 19, "c": 0.9, "s": 7530, "e": 8030, "w": "嗯", "sp": "Customer"}, {"p": 20, "c": 0.9, "s": 7591, "e": 7820, "w": "吗", "sp": "Agent"}, {"p": 21, "c": 0.9, "s": 8029, "e": 8530, "w": "是", "sp": "Customer"}, {"p": 22, "c": 0.9, "s": 8530, "e": 9030, "w": "的", "sp": "Customer"}, {"p": 23, "c": 0.9, "s": 8760, "e": 8940, "w": "嗯", "sp": "Agent"}, {"p": 24, "c": 0.9, "s": 8940, "e": 9120, "w": "给", "sp": "Agent"}, {"p": 25, "c": 0.9, "s": 9120, "e": 9301, "w": "您", "sp": "Agent"}, {"p": 26, "c": 0.9, "s": 9301, "e": 9662, "w": "来电", "sp": "Agent"}, {"p": 27, "c": 0.9, "s": 9662, "e": 9842, "w": "是", "sp": "Agent"}, {"p": 28, "c": 0.9, "s": 9842, "e": 10203, "w": "看到", "sp": "Agent"}, {"p": 29, "c": 0.9, "s": 10203, "e": 10383, "w": "您", "sp": "Agent"}, {"p": 30, "c": 0.9, "s": 10383, "e": 10744, "w": "之前", "sp": "Agent"}, {"p": 31, "c": 0.9, "s": 10744, "e": 10925, "w": "在", "sp": "Agent"}, {"p": 32, "c": 0.9, "s": 10925, "e": 11286, "w": "我们", "sp": "Agent"}, {"p": 33, "c": 0.9, "s": 11286, "e": 11646, "w": "头条", "sp": "Agent"}, {"p": 34, "c": 0.9, "s": 11646, "e": 11827, "w": "上", "sp": "Agent"}, {"p": 35, "c": 0.9, "s": 11827, "e": 12007, "w": "有", "sp": "Agent"}, {"p": 36, "c": 0.9, "s": 12007, "e": 12368, "w": "留下", "sp": "Agent"}, {"p": 37, "c": 0.9, "s": 12368, "e": 12729, "w": "信息", "sp": "Agent"}, {"p": 38, "c": 0.9, "s": 12729, "e": 13090, "w": "这边", "sp": "Agent"}, {"p": 39, "c": 0.9, "s": 13090, "e": 13270, "w": "想", "sp": "Agent"}, {"p": 40, "c": 0.9, "s": 13270, "e": 13451, "w": "跟", "sp": "Agent"}, {"p": 41, "c": 0.9, "s": 13451, "e": 13631, "w": "您", "sp": "Agent"}, {"p": 42, "c": 0.9, "s": 13631, "e": 13992, "w": "确认", "sp": "Agent"}, {"p": 43, "c": 0.9, "s": 13992, "e": 14353, "w": "一下", "sp": "Agent"}, {"p": 44, "c": 0.9, "s": 14353, "e": 14533, "w": "您", "sp": "Agent"}, {"p": 45, "c": 0.9, "s": 14533, "e": 14894, "w": "近期", "sp": "Agent"}, {"p": 46, "c": 0.9, "s": 14894, "e": 15075, "w": "是", "sp": "Agent"}, {"p": 47, "c": 0.9, "s": 15075, "e": 15255, "w": "想", "sp": "Agent"}, {"p": 48, "c": 0.9, "s": 15255, "e": 15616, "w": "了解", "sp": "Agent"}, {"p": 49, "c": 0.9, "s": 15616, "e": 15977, "w": "家用", "sp": "Agent"}, {"p": 50, "c": 0.9, "s": 15977, "e": 16337, "w": "中央", "sp": "Agent"}, {"p": 51, "c": 0.9, "s": 16337, "e": 16699, "w": "空调", "sp": "Agent"}, {"p": 52, "c": 0.9, "s": 16699, "e": 16879, "w": "是", "sp": "Agent"}, {"p": 53, "c": 0.9, "s": 16879, "e": 17060, "w": "吗", "sp": "Agent"}, {"p": 54, "c": 0.9, "s": 17000, "e": 17185, "w": "对", "sp": "Customer"}, {"p": 55, "c": 0.9, "s": 17185, "e": 17371, "w": "呀", "sp": "Customer"}, {"p": 56, "c": 0.9, "s": 17371, "e": 17557, "w": "我", "sp": "Customer"}, {"p": 57, "c": 0.9, "s": 17557, "e": 17741, "w": "说", "sp": "Customer"}, {"p": 58, "c": 0.9, "s": 17742, "e": 17928, "w": "你", "sp": "Customer"}, {"p": 59, "c": 0.9, "s": 17928, "e": 18114, "w": "那", "sp": "Customer"}, {"p": 60, "c": 0.9, "s": 18114, "e": 18485, "w": "芝麻", "sp": "Customer"}, {"p": 61, "c": 0.9, "s": 18485, "e": 18857, "w": "空调", "sp": "Customer"}, {"p": 62, "c": 0.9, "s": 18857, "e": 19228, "w": "怎么", "sp": "Customer"}, {"p": 63, "c": 0.9, "s": 19228, "e": 19414, "w": "断", "sp": "Customer"}, {"p": 64, "c": 0.9, "s": 19414, "e": 19600, "w": "了", "sp": "Customer"}, {"p": 65, "c": 0.9, "s": 20540, "e": 20706, "w": "嗯", "sp": "Agent"}, {"p": 66, "c": 0.9, "s": 20706, "e": 20872, "w": "好", "sp": "Agent"}, {"p": 67, "c": 0.9, "s": 20872, "e": 21039, "w": "的", "sp": "Agent"}, {"p": 68, "c": 0.9, "s": 21039, "e": 21205, "w": "我", "sp": "Agent"}, {"p": 69, "c": 0.9, "s": 21205, "e": 21538, "w": "这边", "sp": "Agent"}, {"p": 70, "c": 0.9, "s": 21538, "e": 21705, "w": "想", "sp": "Agent"}, {"p": 71, "c": 0.9, "s": 21705, "e": 21871, "w": "先", "sp": "Agent"}, {"p": 72, "c": 0.9, "s": 21871, "e": 22204, "w": "了解", "sp": "Agent"}, {"p": 73, "c": 0.9, "s": 22204, "e": 22537, "w": "一下", "sp": "Agent"}, {"p": 74, "c": 0.9, "s": 22537, "e": 22703, "w": "您", "sp": "Agent"}, {"p": 75, "c": 0.9, "s": 22703, "e": 23036, "w": "房屋", "sp": "Agent"}, {"p": 76, "c": 0.9, "s": 23036, "e": 23203, "w": "的", "sp": "Agent"}, {"p": 77, "c": 0.9, "s": 23203, "e": 23535, "w": "基本", "sp": "Agent"}, {"p": 78, "c": 0.9, "s": 23535, "e": 23868, "w": "情况", "sp": "Agent"}, {"p": 79, "c": 0.9, "s": 23868, "e": 24035, "w": "和", "sp": "Agent"}, {"p": 80, "c": 0.9, "s": 24035, "e": 24201, "w": "您", "sp": "Agent"}, {"p": 81, "c": 0.9, "s": 24201, "e": 24368, "w": "的", "sp": "Agent"}, {"p": 82, "c": 0.9, "s": 24368, "e": 24701, "w": "需求", "sp": "Agent"}, {"p": 83, "c": 0.9, "s": 24701, "e": 24867, "w": "嘛", "sp": "Agent"}, {"p": 84, "c": 0.9, "s": 24867, "e": 25200, "w": "然后", "sp": "Agent"}, {"p": 85, "c": 0.9, "s": 25200, "e": 25533, "w": "以便", "sp": "Agent"}, {"p": 86, "c": 0.9, "s": 25533, "e": 25699, "w": "我", "sp": "Agent"}, {"p": 87, "c": 0.9, "s": 25699, "e": 26032, "w": "稍后", "sp": "Agent"}, {"p": 88, "c": 0.9, "s": 26032, "e": 26365, "w": "安排", "sp": "Agent"}, {"p": 89, "c": 0.9, "s": 26365, "e": 26698, "w": "大街", "sp": "Agent"}, {"p": 90, "c": 0.9, "s": 26698, "e": 27031, "w": "正规", "sp": "Agent"}, {"p": 91, "c": 0.9, "s": 27031, "e": 27364, "w": "渠道", "sp": "Agent"}, {"p": 92, "c": 0.9, "s": 27364, "e": 27696, "w": "授权", "sp": "Agent"}, {"p": 93, "c": 0.9, "s": 27696, "e": 28029, "w": "门店", "sp": "Agent"}, {"p": 94, "c": 0.9, "s": 28029, "e": 28196, "w": "给", "sp": "Agent"}, {"p": 95, "c": 0.9, "s": 28196, "e": 28362, "w": "您", "sp": "Agent"}, {"p": 96, "c": 0.9, "s": 28362, "e": 28695, "w": "提供", "sp": "Agent"}, {"p": 97, "c": 0.9, "s": 28695, "e": 29028, "w": "免费", "sp": "Agent"}, {"p": 98, "c": 0.9, "s": 29028, "e": 29194, "w": "的", "sp": "Agent"}, {"p": 99, "c": 0.9, "s": 29194, "e": 29860, "w": "设计方案", "sp": "Agent"}, {"p": 100, "c": 0.9, "s": 29860, "e": 30027, "w": "和", "sp": "Agent"}, {"p": 101, "c": 0.9, "s": 30027, "e": 30360, "w": "报价", "sp": "Agent"}, {"p": 102, "c": 0.9, "s": 30600, "e": 31630, "w": "嗯", "sp": "Customer"}, {"p": 103, "c": 0.9, "s": 31270, "e": 31490, "w": "嗯", "sp": "Agent"}, {"p": 104, "c": 0.9, "s": 31490, "e": 31711, "w": "好", "sp": "Agent"}, {"p": 105, "c": 0.9, "s": 31711, "e": 31932, "w": "的", "sp": "Agent"}, {"p": 106, "c": 0.9, "s": 31932, "e": 32153, "w": "那", "sp": "Agent"}, {"p": 107, "c": 0.9, "s": 32153, "e": 32374, "w": "您", "sp": "Agent"}, {"p": 108, "c": 0.9, "s": 32374, "e": 32595, "w": "的", "sp": "Agent"}, {"p": 109, "c": 0.9, "s": 32595, "e": 33036, "w": "房屋", "sp": "Agent"}, {"p": 110, "c": 0.9, "s": 33036, "e": 33698, "w": "所在地", "sp": "Agent"}, {"p": 111, "c": 0.9, "s": 33699, "e": 33920, "w": "是", "sp": "Agent"}, {"p": 112, "c": 0.9, "s": 33920, "e": 34140, "w": "在", "sp": "Agent"}, {"p": 113, "c": 0.9, "s": 34140, "e": 34802, "w": "安徽省", "sp": "Agent"}, {"p": 114, "c": 0.9, "s": 34803, "e": 35245, "w": "合肥", "sp": "Agent"}, {"p": 115, "c": 0.9, "s": 35245, "e": 35465, "w": "市", "sp": "Agent"}, {"p": 116, "c": 0.9, "s": 35465, "e": 35907, "w": "哪个", "sp": "Agent"}, {"p": 117, "c": 0.9, "s": 35907, "e": 36349, "w": "区县", "sp": "Agent"}, {"p": 118, "c": 0.9, "s": 36349, "e": 36570, "w": "呢", "sp": "Agent"}, {"p": 119, "c": 0.9, "s": 36480, "e": 36825, "w": "我", "sp": "Customer"}, {"p": 120, "c": 0.9, "s": 36825, "e": 37171, "w": "是", "sp": "Customer"}, {"p": 121, "c": 0.9, "s": 37171, "e": 37516, "w": "在", "sp": "Customer"}, {"p": 122, "c": 0.9, "s": 37516, "e": 38207, "w": "亳州", "sp": "Customer"}, {"p": 123, "c": 0.9, "s": 38207, "e": 38553, "w": "市", "sp": "Customer"}, {"p": 124, "c": 0.9, "s": 38553, "e": 39244, "w": "利辛", "sp": "Customer"}, {"p": 125, "c": 0.9, "s": 39244, "e": 39590, "w": "县", "sp": "Customer"}, {"p": 126, "c": 0.9, "s": 39260, "e": 39746, "w": "嗯", "sp": "Agent"}, {"p": 127, "c": 0.9, "s": 39746, "e": 40719, "w": "亳州", "sp": "Agent"}, {"p": 128, "c": 0.9, "s": 40720, "e": 41206, "w": "市", "sp": "Agent"}, {"p": 129, "c": 0.9, "s": 41206, "e": 41693, "w": "好", "sp": "Agent"}, {"p": 130, "c": 0.9, "s": 41693, "e": 42180, "w": "的", "sp": "Agent"}, {"p": 131, "c": 0.9, "s": 46050, "e": 47030, "w": "玉溪", "sp": "Agent"}, {"p": 132, "c": 0.9, "s": 47030, "e": 47520, "w": "县", "sp": "Agent"}, {"p": 133, "c": 0.9, "s": 50560, "e": 50775, "w": "嗯", "sp": "Agent"}, {"p": 134, "c": 0.9, "s": 50775, "e": 50990, "w": "好", "sp": "Agent"}, {"p": 135, "c": 0.9, "s": 50990, "e": 51205, "w": "的", "sp": "Agent"}, {"p": 136, "c": 0.9, "s": 51205, "e": 51420, "w": "嗯", "sp": "Agent"}, {"p": 137, "c": 0.9, "s": 51420, "e": 51635, "w": "那", "sp": "Agent"}, {"p": 138, "c": 0.9, "s": 51635, "e": 51850, "w": "您", "sp": "Agent"}, {"p": 139, "c": 0.9, "s": 51850, "e": 52280, "w": "这边", "sp": "Agent"}, {"p": 140, "c": 0.9, "s": 52280, "e": 52495, "w": "要", "sp": "Agent"}, {"p": 141, "c": 0.9, "s": 52495, "e": 52925, "w": "安装", "sp": "Agent"}, {"p": 142, "c": 0.9, "s": 52925, "e": 53140, "w": "的", "sp": "Agent"}, {"p": 143, "c": 0.9, "s": 53140, "e": 53570, "w": "房屋", "sp": "Agent"}, {"p": 144, "c": 0.9, "s": 53570, "e": 54000, "w": "面积", "sp": "Agent"}, {"p": 145, "c": 0.9, "s": 54000, "e": 54215, "w": "是", "sp": "Agent"}, {"p": 146, "c": 0.9, "s": 54215, "e": 54430, "w": "多", "sp": "Agent"}, {"p": 147, "c": 0.9, "s": 54430, "e": 54645, "w": "大", "sp": "Agent"}, {"p": 148, "c": 0.9, "s": 54645, "e": 54860, "w": "呀", "sp": "Agent"}, {"p": 149, "c": 0.9, "s": 56460, "e": 57684, "w": "一百零五", "sp": "Customer"}, {"p": 150, "c": 0.9, "s": 57684, "e": 57989, "w": "个", "sp": "Customer"}, {"p": 151, "c": 0.9, "s": 57780, "e": 58051, "w": "嗯", "sp": "Agent"}, {"p": 152, "c": 0.9, "s": 58051, "e": 59136, "w": "一百零五", "sp": "Agent"}, {"p": 153, "c": 0.9, "s": 59137, "e": 59409, "w": "那", "sp": "Agent"}, {"p": 154, "c": 0.9, "s": 59409, "e": 59680, "w": "是", "sp": "Agent"}, {"p": 155, "c": 0.9, "s": 59680, "e": 60223, "w": "三室", "sp": "Agent"}, {"p": 156, "c": 0.9, "s": 60223, "e": 60495, "w": "两", "sp": "Agent"}, {"p": 157, "c": 0.9, "s": 60495, "e": 60766, "w": "厅", "sp": "Agent"}, {"p": 158, "c": 0.9, "s": 60766, "e": 61038, "w": "是", "sp": "Agent"}, {"p": 159, "c": 0.9, "s": 61038, "e": 61309, "w": "吗", "sp": "Agent"}, {"p": 160, "c": 0.9, "s": 61990, "e": 62221, "w": "两", "sp": "Customer"}, {"p": 161, "c": 0.9, "s": 62221, "e": 62453, "w": "室", "sp": "Customer"}, {"p": 162, "c": 0.9, "s": 62453, "e": 62684, "w": "两", "sp": "Customer"}, {"p": 163, "c": 0.9, "s": 62684, "e": 62915, "w": "室", "sp": "Customer"}, {"p": 164, "c": 0.9, "s": 62916, "e": 63148, "w": "一", "sp": "Customer"}, {"p": 165, "c": 0.9, "s": 63148, "e": 63378, "w": "厅", "sp": "Customer"}, {"p": 166, "c": 0.9, "s": 63379, "e": 63611, "w": "的", "sp": "Customer"}, {"p": 167, "c": 0.9, "s": 63611, "e": 64073, "w": "一个", "sp": "Customer"}, {"p": 168, "c": 0.9, "s": 64073, "e": 64768, "w": "小房间", "sp": "Customer"}, {"p": 169, "c": 0.9, "s": 64768, "e": 65231, "w": "那个", "sp": "Customer"}, {"p": 170, "c": 0.9, "s": 65232, "e": 65927, "w": "小房间", "sp": "Customer"}, {"p": 171, "c": 0.9, "s": 65927, "e": 66390, "w": "还算", "sp": "Customer"}, {"p": 172, "c": 0.9, "s": 66390, "e": 66622, "w": "吗", "sp": "Customer"}, {"p": 173, "c": 0.9, "s": 66622, "e": 67085, "w": "原来", "sp": "Customer"}, {"p": 174, "c": 0.9, "s": 67085, "e": 67780, "w": "小房间", "sp": "Customer"}, {"p": 175, "c": 0.9, "s": 67780, "e": 68011, "w": "就", "sp": "Customer"}, {"p": 176, "c": 0.9, "s": 68011, "e": 68938, "w": "三室一厅", "sp": "Customer"}, {"p": 177, "c": 0.9, "s": 68938, "e": 69170, "w": "的", "sp": "Customer"}, {"p": 178, "c": 0.9, "s": 69780, "e": 70015, "w": "嗯", "sp": "Agent"}, {"p": 179, "c": 0.9, "s": 70015, "e": 70250, "w": "好", "sp": "Agent"}, {"p": 180, "c": 0.9, "s": 70250, "e": 70485, "w": "的", "sp": "Agent"}, {"p": 181, "c": 0.9, "s": 70485, "e": 70720, "w": "嗯", "sp": "Agent"}, {"p": 182, "c": 0.9, "s": 70720, "e": 71190, "w": "这边", "sp": "Agent"}, {"p": 183, "c": 0.9, "s": 71190, "e": 71661, "w": "了解", "sp": "Agent"}, {"p": 184, "c": 0.9, "s": 71661, "e": 71896, "w": "到", "sp": "Agent"}, {"p": 185, "c": 0.9, "s": 71896, "e": 72131, "w": "那", "sp": "Agent"}, {"p": 186, "c": 0.9, "s": 72131, "e": 72366, "w": "您", "sp": "Agent"}, {"p": 187, "c": 0.9, "s": 72366, "e": 72837, "w": "这边", "sp": "Agent"}, {"p": 188, "c": 0.9, "s": 72837, "e": 73307, "w": "房屋", "sp": "Agent"}, {"p": 189, "c": 0.9, "s": 73307, "e": 73777, "w": "状态", "sp": "Agent"}, {"p": 190, "c": 0.9, "s": 73777, "e": 74012, "w": "是", "sp": "Agent"}, {"p": 191, "c": 0.9, "s": 74012, "e": 74483, "w": "毛坯", "sp": "Agent"}, {"p": 192, "c": 0.9, "s": 74483, "e": 74953, "w": "新房", "sp": "Agent"}, {"p": 193, "c": 0.9, "s": 74953, "e": 75188, "w": "呢", "sp": "Agent"}, {"p": 194, "c": 0.9, "s": 75188, "e": 75659, "w": "还是", "sp": "Agent"}, {"p": 195, "c": 0.9, "s": 75659, "e": 76364, "w": "二手房", "sp": "Agent"}, {"p": 196, "c": 0.9, "s": 76364, "e": 76834, "w": "翻新", "sp": "Agent"}, {"p": 197, "c": 0.9, "s": 76834, "e": 77070, "w": "呀", "sp": "Agent"}, {"p": 198, "c": 0.9, "s": 77670, "e": 78445, "w": "模具", "sp": "Customer"}, {"p": 199, "c": 0.9, "s": 78445, "e": 79220, "w": "信访", "sp": "Customer"}, {"p": 200, "c": 0.9, "s": 79320, "e": 79500, "w": "嗯", "sp": "Agent"}, {"p": 201, "c": 0.9, "s": 79500, "e": 79681, "w": "好", "sp": "Agent"}, {"p": 202, "c": 0.9, "s": 79681, "e": 79862, "w": "的", "sp": "Agent"}, {"p": 203, "c": 0.9, "s": 79862, "e": 80224, "w": "毛坯", "sp": "Agent"}, {"p": 204, "c": 0.9, "s": 80224, "e": 80586, "w": "先生", "sp": "Agent"}, {"p": 205, "c": 0.9, "s": 80586, "e": 80767, "w": "那", "sp": "Agent"}, {"p": 206, "c": 0.9, "s": 80767, "e": 80948, "w": "您", "sp": "Agent"}, {"p": 207, "c": 0.9, "s": 80948, "e": 81310, "w": "现在", "sp": "Agent"}, {"p": 208, "c": 0.9, "s": 81310, "e": 81852, "w": "有没有", "sp": "Agent"}, {"p": 209, "c": 0.9, "s": 81852, "e": 82214, "w": "确定", "sp": "Agent"}, {"p": 210, "c": 0.9, "s": 82214, "e": 82395, "w": "好", "sp": "Agent"}, {"p": 211, "c": 0.9, "s": 82395, "e": 82757, "w": "装修", "sp": "Agent"}, {"p": 212, "c": 0.9, "s": 82757, "e": 83119, "w": "公司", "sp": "Agent"}, {"p": 213, "c": 0.9, "s": 83119, "e": 83300, "w": "呢", "sp": "Agent"}, {"p": 214, "c": 0.9, "s": 83900, "e": 84336, "w": "还", "sp": "Customer"}, {"p": 215, "c": 0.9, "s": 84336, "e": 84772, "w": "没", "sp": "Customer"}, {"p": 216, "c": 0.9, "s": 84773, "e": 85210, "w": "呢", "sp": "Customer"}, {"p": 217, "c": 0.9, "s": 85030, "e": 85270, "w": "嗯", "sp": "Agent"}, {"p": 218, "c": 0.9, "s": 85270, "e": 85509, "w": "那", "sp": "Agent"}, {"p": 219, "c": 0.9, "s": 85510, "e": 85990, "w": "预计", "sp": "Agent"}, {"p": 220, "c": 0.9, "s": 85990, "e": 86229, "w": "六", "sp": "Agent"}, {"p": 221, "c": 0.9, "s": 86230, "e": 86950, "w": "七月份", "sp": "Agent"}, {"p": 222, "c": 0.9, "s": 86950, "e": 87430, "w": "开始", "sp": "Agent"}, {"p": 223, "c": 0.9, "s": 87430, "e": 87910, "w": "动工", "sp": "Agent"}, {"p": 224, "c": 0.9, "s": 87910, "e": 88150, "w": "吗", "sp": "Agent"}, {"p": 225, "c": 0.9, "s": 88660, "e": 88849, "w": "我", "sp": "Customer"}, {"p": 226, "c": 0.9, "s": 88849, "e": 89038, "w": "说", "sp": "Customer"}, {"p": 227, "c": 0.9, "s": 89038, "e": 89417, "w": "现在", "sp": "Customer"}, {"p": 228, "c": 0.9, "s": 89417, "e": 89607, "w": "还", "sp": "Customer"}, {"p": 229, "c": 0.9, "s": 89607, "e": 89796, "w": "不", "sp": "Customer"}, {"p": 230, "c": 0.9, "s": 89796, "e": 90174, "w": "知道", "sp": "Customer"}, {"p": 231, "c": 0.9, "s": 90175, "e": 90364, "w": "了", "sp": "Customer"}, {"p": 232, "c": 0.9, "s": 90364, "e": 90554, "w": "我", "sp": "Customer"}, {"p": 233, "c": 0.9, "s": 90554, "e": 90743, "w": "就", "sp": "Customer"}, {"p": 234, "c": 0.9, "s": 90743, "e": 90932, "w": "说", "sp": "Customer"}, {"p": 235, "c": 0.9, "s": 90932, "e": 91122, "w": "等", "sp": "Customer"}, {"p": 236, "c": 0.9, "s": 91122, "e": 91311, "w": "过", "sp": "Customer"}, {"p": 237, "c": 0.9, "s": 91311, "e": 91689, "w": "一段", "sp": "Customer"}, {"p": 238, "c": 0.9, "s": 91690, "e": 91880, "w": "是", "sp": "Customer"}, {"p": 239, "c": 0.9, "s": 91880, "e": 92257, "w": "这个", "sp": "Customer"}, {"p": 240, "c": 0.9, "s": 92258, "e": 92448, "w": "你", "sp": "Customer"}, {"p": 241, "c": 0.9, "s": 92448, "e": 92637, "w": "看", "sp": "Customer"}, {"p": 242, "c": 0.9, "s": 92637, "e": 92827, "w": "能", "sp": "Customer"}, {"p": 243, "c": 0.9, "s": 92827, "e": 93205, "w": "不能", "sp": "Customer"}, {"p": 244, "c": 0.9, "s": 93205, "e": 93584, "w": "回去", "sp": "Customer"}, {"p": 245, "c": 0.9, "s": 93584, "e": 93774, "w": "了", "sp": "Customer"}, {"p": 246, "c": 0.9, "s": 93774, "e": 93963, "w": "我", "sp": "Customer"}, {"p": 247, "c": 0.9, "s": 93963, "e": 94152, "w": "在", "sp": "Customer"}, {"p": 248, "c": 0.9, "s": 94152, "e": 94531, "w": "河北", "sp": "Customer"}, {"p": 249, "c": 0.9, "s": 94531, "e": 94721, "w": "呢", "sp": "Customer"}, {"p": 250, "c": 0.9, "s": 94721, "e": 95100, "w": "现在", "sp": "Customer"}, {"p": 251, "c": 0.9, "s": 95380, "e": 95638, "w": "哦", "sp": "Agent"}, {"p": 252, "c": 0.9, "s": 95638, "e": 95896, "w": "好", "sp": "Agent"}, {"p": 253, "c": 0.9, "s": 95896, "e": 96155, "w": "的", "sp": "Agent"}, {"p": 254, "c": 0.9, "s": 96155, "e": 96672, "w": "就是", "sp": "Agent"}, {"p": 255, "c": 0.9, "s": 96672, "e": 97188, "w": "这个", "sp": "Agent"}, {"p": 256, "c": 0.9, "s": 96960, "e": 97950, "w": "嗯", "sp": "Customer"}, {"p": 257, "c": 0.9, "s": 97189, "e": 97706, "w": "时间", "sp": "Agent"}, {"p": 258, "c": 0.9, "s": 97706, "e": 97964, "w": "还", "sp": "Agent"}, {"p": 259, "c": 0.9, "s": 97964, "e": 98223, "w": "不", "sp": "Agent"}, {"p": 260, "c": 0.9, "s": 98223, "e": 98740, "w": "确定", "sp": "Agent"}, {"p": 261, "c": 0.9, "s": 98670, "e": 99299, "w": "对", "sp": "Customer"}, {"p": 262, "c": 0.9, "s": 99300, "e": 99930, "w": "对", "sp": "Customer"}, {"p": 263, "c": 0.9, "s": 99570, "e": 99769, "w": "嗯", "sp": "Agent"}, {"p": 264, "c": 0.9, "s": 99769, "e": 99968, "w": "好", "sp": "Agent"}, {"p": 265, "c": 0.9, "s": 99969, "e": 100168, "w": "的", "sp": "Agent"}, {"p": 266, "c": 0.9, "s": 100168, "e": 100368, "w": "那", "sp": "Agent"}, {"p": 267, "c": 0.9, "s": 100368, "e": 100566, "w": "您", "sp": "Agent"}, {"p": 268, "c": 0.9, "s": 100567, "e": 100767, "w": "有", "sp": "Agent"}, {"p": 269, "c": 0.9, "s": 100767, "e": 100965, "w": "去", "sp": "Agent"}, {"p": 270, "c": 0.9, "s": 100966, "e": 101166, "w": "过", "sp": "Agent"}, {"p": 271, "c": 0.9, "s": 101166, "e": 101565, "w": "我们", "sp": "Agent"}, {"p": 272, "c": 0.9, "s": 101565, "e": 101765, "w": "线", "sp": "Agent"}, {"p": 273, "c": 0.9, "s": 101765, "e": 101964, "w": "下", "sp": "Agent"}, {"p": 274, "c": 0.9, "s": 101964, "e": 102163, "w": "的", "sp": "Agent"}, {"p": 275, "c": 0.9, "s": 102164, "e": 102563, "w": "门店", "sp": "Agent"}, {"p": 276, "c": 0.9, "s": 102563, "e": 102763, "w": "吗", "sp": "Agent"}, {"p": 277, "c": 0.9, "s": 102763, "e": 102962, "w": "提", "sp": "Agent"}, {"p": 278, "c": 0.9, "s": 102962, "e": 103361, "w": "前去", "sp": "Agent"}, {"p": 279, "c": 0.9, "s": 103361, "e": 103760, "w": "看过", "sp": "Agent"}, {"p": 280, "c": 0.9, "s": 103760, "e": 104160, "w": "大金", "sp": "Agent"}, {"p": 281, "c": 0.9, "s": 104220, "e": 105410, "w": "没有", "sp": "Customer"}, {"p": 282, "c": 0.9, "s": 105100, "e": 105282, "w": "嗯", "sp": "Agent"}, {"p": 283, "c": 0.9, "s": 105282, "e": 105646, "w": "没有", "sp": "Agent"}, {"p": 284, "c": 0.9, "s": 105647, "e": 105830, "w": "那", "sp": "Agent"}, {"p": 285, "c": 0.9, "s": 105830, "e": 106012, "w": "我", "sp": "Agent"}, {"p": 286, "c": 0.9, "s": 106012, "e": 106378, "w": "简单", "sp": "Agent"}, {"p": 287, "c": 0.9, "s": 106378, "e": 106560, "w": "为", "sp": "Agent"}, {"p": 288, "c": 0.9, "s": 106560, "e": 106743, "w": "您", "sp": "Agent"}, {"p": 289, "c": 0.9, "s": 106743, "e": 107107, "w": "介绍", "sp": "Agent"}, {"p": 290, "c": 0.9, "s": 107108, "e": 107473, "w": "一下", "sp": "Agent"}, {"p": 291, "c": 0.9, "s": 107473, "e": 107838, "w": "咱们", "sp": "Agent"}, {"p": 292, "c": 0.9, "s": 107838, "e": 108203, "w": "大金", "sp": "Agent"}, {"p": 293, "c": 0.9, "s": 108204, "e": 108569, "w": "咱们", "sp": "Agent"}, {"p": 294, "c": 0.9, "s": 108569, "e": 108934, "w": "大金", "sp": "Agent"}, {"p": 295, "c": 0.9, "s": 108934, "e": 109117, "w": "呢", "sp": "Agent"}, {"p": 296, "c": 0.9, "s": 109117, "e": 109481, "w": "目前", "sp": "Agent"}, {"p": 297, "c": 0.9, "s": 109482, "e": 109847, "w": "已经", "sp": "Agent"}, {"p": 298, "c": 0.9, "s": 109847, "e": 110212, "w": "升级", "sp": "Agent"}, {"p": 299, "c": 0.9, "s": 110212, "e": 110395, "w": "到", "sp": "Agent"}, {"p": 300, "c": 0.9, "s": 110395, "e": 110759, "w": "第七", "sp": "Agent"}, {"p": 301, "c": 0.9, "s": 110760, "e": 110942, "w": "代", "sp": "Agent"}, {"p": 302, "c": 0.9, "s": 110942, "e": 111308, "w": "家用", "sp": "Agent"}, {"p": 303, "c": 0.9, "s": 111308, "e": 111673, "w": "中央", "sp": "Agent"}, {"p": 304, "c": 0.9, "s": 111673, "e": 112037, "w": "空调", "sp": "Agent"}, {"p": 305, "c": 0.9, "s": 112038, "e": 112221, "w": "了", "sp": "Agent"}, {"p": 306, "c": 0.9, "s": 112221, "e": 112586, "w": "主推", "sp": "Agent"}, {"p": 307, "c": 0.9, "s": 112586, "e": 112768, "w": "的", "sp": "Agent"}, {"p": 308, "c": 0.9, "s": 112768, "e": 112951, "w": "是", "sp": "Agent"}, {"p": 309, "c": 0.9, "s": 112951, "e": 113133, "w": "一", "sp": "Agent"}, {"p": 310, "c": 0.9, "s": 113134, "e": 113316, "w": "款", "sp": "Agent"}, {"p": 311, "c": 0.9, "s": 113316, "e": 113681, "w": "温室", "sp": "Agent"}, {"p": 312, "c": 0.9, "s": 113681, "e": 114047, "w": "平衡", "sp": "Agent"}, {"p": 313, "c": 0.9, "s": 114047, "e": 114229, "w": "型", "sp": "Agent"}, {"p": 314, "c": 0.9, "s": 114229, "e": 114593, "w": "类型", "sp": "Agent"}, {"p": 315, "c": 0.9, "s": 114594, "e": 114960, "w": "可以", "sp": "Agent"}, {"p": 316, "c": 0.9, "s": 114960, "e": 115325, "w": "保持", "sp": "Agent"}, {"p": 317, "c": 0.9, "s": 115325, "e": 115689, "w": "温度", "sp": "Agent"}, {"p": 318, "c": 0.9, "s": 115690, "e": 116055, "w": "不变", "sp": "Agent"}, {"p": 319, "c": 0.9, "s": 116055, "e": 116238, "w": "的", "sp": "Agent"}, {"p": 320, "c": 0.9, "s": 116238, "e": 116603, "w": "情况", "sp": "Agent"}, {"p": 321, "c": 0.9, "s": 116603, "e": 116784, "w": "下", "sp": "Agent"}, {"p": 322, "c": 0.9, "s": 116785, "e": 116968, "w": "呢", "sp": "Agent"}, {"p": 323, "c": 0.9, "s": 116968, "e": 117333, "w": "进行", "sp": "Agent"}, {"p": 324, "c": 0.9, "s": 117333, "e": 117698, "w": "出示", "sp": "Agent"}, {"p": 325, "c": 0.9, "s": 117698, "e": 117881, "w": "的", "sp": "Agent"}, {"p": 326, "c": 0.9, "s": 117881, "e": 118245, "w": "还有", "sp": "Agent"}, {"p": 327, "c": 0.9, "s": 118246, "e": 118429, "w": "一", "sp": "Agent"}, {"p": 328, "c": 0.9, "s": 118429, "e": 118611, "w": "款", "sp": "Agent"}, {"p": 329, "c": 0.9, "s": 118611, "e": 118794, "w": "三", "sp": "Agent"}, {"p": 330, "c": 0.9, "s": 118794, "e": 118977, "w": "D", "sp": "Agent"}, {"p": 331, "c": 0.9, "s": 118977, "e": 119159, "w": "七", "sp": "Agent"}, {"p": 332, "c": 0.9, "s": 119159, "e": 119523, "w": "六式", "sp": "Agent"}, {"p": 333, "c": 0.9, "s": 119524, "e": 119890, "w": "类型", "sp": "Agent"}, {"p": 334, "c": 0.9, "s": 120170, "e": 120430, "w": "他", "sp": "Agent"}, {"p": 335, "c": 0.9, "s": 120430, "e": 120690, "w": "的", "sp": "Agent"}, {"p": 336, "c": 0.9, "s": 120690, "e": 121210, "w": "风速", "sp": "Agent"}, {"p": 337, "c": 0.9, "s": 120840, "e": 121053, "w": "喂", "sp": "Customer"}, {"p": 338, "c": 0.9, "s": 121054, "e": 121269, "w": "我", "sp": "Customer"}, {"p": 339, "c": 0.9, "s": 121210, "e": 121470, "w": "会", "sp": "Agent"}, {"p": 340, "c": 0.9, "s": 121269, "e": 121699, "w": "就是", "sp": "Customer"}, {"p": 341, "c": 0.9, "s": 121470, "e": 121990, "w": "比较", "sp": "Agent"}, {"p": 342, "c": 0.9, "s": 121699, "e": 121913, "w": "问", "sp": "Customer"}, {"p": 343, "c": 0.9, "s": 121914, "e": 122344, "w": "一下", "sp": "Customer"}, {"p": 344, "c": 0.9, "s": 121990, "e": 122509, "w": "均匀", "sp": "Agent"}, {"p": 345, "c": 0.9, "s": 122344, "e": 122774, "w": "这个", "sp": "Customer"}, {"p": 346, "c": 0.9, "s": 122510, "e": 123030, "w": "如何", "sp": "Agent"}, {"p": 347, "c": 0.9, "s": 122774, "e": 122989, "w": "装", "sp": "Customer"}, {"p": 348, "c": 0.9, "s": 122989, "e": 123418, "w": "中央", "sp": "Customer"}, {"p": 349, "c": 0.9, "s": 123030, "e": 123290, "w": "无", "sp": "Agent"}, {"p": 350, "c": 0.9, "s": 123290, "e": 123550, "w": "嗯", "sp": "Agent"}, {"p": 351, "c": 0.9, "s": 123418, "e": 123848, "w": "空调", "sp": "Customer"}, {"p": 352, "c": 0.9, "s": 123848, "e": 124278, "w": "的话", "sp": "Customer"}, {"p": 353, "c": 0.9, "s": 124278, "e": 124923, "w": "是不是", "sp": "Customer"}, {"p": 354, "c": 0.9, "s": 124923, "e": 125137, "w": "要", "sp": "Customer"}, {"p": 355, "c": 0.9, "s": 125138, "e": 125352, "w": "开", "sp": "Customer"}, {"p": 356, "c": 0.9, "s": 125320, "e": 126220, "w": "嗯", "sp": "Agent"}, {"p": 357, "c": 0.9, "s": 125352, "e": 125782, "w": "的话", "sp": "Customer"}, {"p": 358, "c": 0.9, "s": 125782, "e": 126212, "w": "整个", "sp": "Customer"}, {"p": 359, "c": 0.9, "s": 126212, "e": 126642, "w": "房间", "sp": "Customer"}, {"p": 360, "c": 0.9, "s": 126642, "e": 126856, "w": "都", "sp": "Customer"}, {"p": 361, "c": 0.9, "s": 126857, "e": 127072, "w": "得", "sp": "Customer"}, {"p": 362, "c": 0.9, "s": 127072, "e": 127501, "w": "打开", "sp": "Customer"}, {"p": 363, "c": 0.9, "s": 127501, "e": 127715, "w": "是", "sp": "Customer"}, {"p": 364, "c": 0.9, "s": 127716, "e": 127931, "w": "吧", "sp": "Customer"}, {"p": 365, "c": 0.9, "s": 127931, "e": 128360, "w": "不是", "sp": "Customer"}, {"p": 366, "c": 0.9, "s": 128360, "e": 128790, "w": "一个", "sp": "Customer"}, {"p": 367, "c": 0.9, "s": 128791, "e": 129220, "w": "房间", "sp": "Customer"}, {"p": 368, "c": 0.9, "s": 129220, "e": 129435, "w": "开", "sp": "Customer"}, {"p": 369, "c": 0.9, "s": 129436, "e": 129865, "w": "那个", "sp": "Customer"}, {"p": 370, "c": 0.9, "s": 129865, "e": 130295, "w": "房间", "sp": "Customer"}, {"p": 371, "c": 0.9, "s": 130295, "e": 130509, "w": "不", "sp": "Customer"}, {"p": 372, "c": 0.9, "s": 130509, "e": 130724, "w": "开", "sp": "Customer"}, {"p": 373, "c": 0.9, "s": 130725, "e": 131155, "w": "不行", "sp": "Customer"}, {"p": 374, "c": 0.9, "s": 131155, "e": 131800, "w": "是不是", "sp": "Customer"}, {"p": 375, "c": 0.9, "s": 131450, "e": 131735, "w": "嗯", "sp": "Agent"}, {"p": 376, "c": 0.9, "s": 131735, "e": 132307, "w": "不是", "sp": "Agent"}, {"p": 377, "c": 0.9, "s": 132307, "e": 132592, "w": "的", "sp": "Agent"}, {"p": 378, "c": 0.9, "s": 132592, "e": 133164, "w": "不是", "sp": "Agent"}, {"p": 379, "c": 0.9, "s": 133050, "e": 134170, "w": "啊", "sp": "Customer"}, {"p": 380, "c": 0.9, "s": 133164, "e": 133450, "w": "的", "sp": "Agent"}, {"p": 381, "c": 0.9, "s": 133890, "e": 134202, "w": "嗯", "sp": "Agent"}, {"p": 382, "c": 0.9, "s": 134202, "e": 134514, "w": "是", "sp": "Agent"}, {"p": 383, "c": 0.9, "s": 134514, "e": 135138, "w": "可以", "sp": "Agent"}, {"p": 384, "c": 0.9, "s": 135138, "e": 135450, "w": "嗯", "sp": "Agent"}, {"p": 385, "c": 0.9, "s": 135450, "e": 136073, "w": "单独", "sp": "Agent"}, {"p": 386, "c": 0.9, "s": 136074, "e": 136698, "w": "控制", "sp": "Agent"}, {"p": 387, "c": 0.9, "s": 136698, "e": 137010, "w": "的", "sp": "Agent"}, {"p": 388, "c": 0.9, "s": 137130, "e": 137324, "w": "哦", "sp": "Customer"}, {"p": 389, "c": 0.9, "s": 137324, "e": 137519, "w": "我", "sp": "Customer"}, {"p": 390, "c": 0.9, "s": 137519, "e": 138103, "w": "就是说", "sp": "Customer"}, {"p": 391, "c": 0.9, "s": 138103, "e": 138298, "w": "啊", "sp": "Customer"}, {"p": 392, "c": 0.9, "s": 138298, "e": 138492, "w": "我", "sp": "Customer"}, {"p": 393, "c": 0.9, "s": 138492, "e": 138882, "w": "这个", "sp": "Customer"}, {"p": 394, "c": 0.9, "s": 138882, "e": 139076, "w": "打", "sp": "Customer"}, {"p": 395, "c": 0.9, "s": 139076, "e": 139271, "w": "个", "sp": "Customer"}, {"p": 396, "c": 0.9, "s": 139271, "e": 139660, "w": "比方", "sp": "Customer"}, {"p": 397, "c": 0.9, "s": 139660, "e": 140244, "w": "就是说", "sp": "Customer"}, {"p": 398, "c": 0.9, "s": 140244, "e": 140439, "w": "你", "sp": "Customer"}, {"p": 399, "c": 0.9, "s": 140439, "e": 140828, "w": "这个", "sp": "Customer"}, {"p": 400, "c": 0.9, "s": 140828, "e": 141023, "w": "房", "sp": "Customer"}, {"p": 401, "c": 0.9, "s": 141023, "e": 141218, "w": "要", "sp": "Customer"}, {"p": 402, "c": 0.9, "s": 141218, "e": 141412, "w": "开", "sp": "Customer"}, {"p": 403, "c": 0.9, "s": 141412, "e": 141802, "w": "一天", "sp": "Customer"}, {"p": 404, "c": 0.9, "s": 141802, "e": 142191, "w": "整个", "sp": "Customer"}, {"p": 405, "c": 0.9, "s": 142191, "e": 142580, "w": "房间", "sp": "Customer"}, {"p": 406, "c": 0.9, "s": 142580, "e": 142775, "w": "就", "sp": "Customer"}, {"p": 407, "c": 0.9, "s": 142775, "e": 142970, "w": "都", "sp": "Customer"}, {"p": 408, "c": 0.9, "s": 142970, "e": 143164, "w": "得", "sp": "Customer"}, {"p": 409, "c": 0.9, "s": 143164, "e": 143359, "w": "开", "sp": "Customer"}, {"p": 410, "c": 0.9, "s": 143359, "e": 143554, "w": "了", "sp": "Customer"}, {"p": 411, "c": 0.9, "s": 143554, "e": 143748, "w": "那", "sp": "Customer"}, {"p": 412, "c": 0.9, "s": 143748, "e": 143943, "w": "不", "sp": "Customer"}, {"p": 413, "c": 0.9, "s": 143943, "e": 144138, "w": "费", "sp": "Customer"}, {"p": 414, "c": 0.9, "s": 144138, "e": 144332, "w": "电", "sp": "Customer"}, {"p": 415, "c": 0.9, "s": 144332, "e": 144527, "w": "吗", "sp": "Customer"}, {"p": 416, "c": 0.9, "s": 144527, "e": 144722, "w": "要", "sp": "Customer"}, {"p": 417, "c": 0.9, "s": 144722, "e": 145111, "w": "如果", "sp": "Customer"}, {"p": 418, "c": 0.9, "s": 144940, "e": 145383, "w": "对", "sp": "Agent"}, {"p": 419, "c": 0.9, "s": 145111, "e": 145306, "w": "我", "sp": "Customer"}, {"p": 420, "c": 0.9, "s": 145306, "e": 145695, "w": "开开", "sp": "Customer"}, {"p": 421, "c": 0.9, "s": 145383, "e": 145825, "w": "对", "sp": "Agent"}, {"p": 422, "c": 0.9, "s": 145695, "e": 146084, "w": "这个", "sp": "Customer"}, {"p": 423, "c": 0.9, "s": 145826, "e": 146270, "w": "对", "sp": "Agent"}, {"p": 424, "c": 0.9, "s": 146084, "e": 146474, "w": "房间", "sp": "Customer"}, {"p": 425, "c": 0.9, "s": 146474, "e": 146668, "w": "开", "sp": "Customer"}, {"p": 426, "c": 0.9, "s": 146668, "e": 146863, "w": "那", "sp": "Customer"}, {"p": 427, "c": 0.9, "s": 146863, "e": 147252, "w": "反正", "sp": "Customer"}, {"p": 428, "c": 0.9, "s": 147252, "e": 147447, "w": "能", "sp": "Customer"}, {"p": 429, "c": 0.9, "s": 147447, "e": 147836, "w": "关掉", "sp": "Customer"}, {"p": 430, "c": 0.9, "s": 147836, "e": 148226, "w": "这样", "sp": "Customer"}, {"p": 431, "c": 0.9, "s": 148226, "e": 148420, "w": "的", "sp": "Customer"}, {"p": 432, "c": 0.9, "s": 148270, "e": 148501, "w": "嗯", "sp": "Agent"}, {"p": 433, "c": 0.9, "s": 148420, "e": 148615, "w": "就", "sp": "Customer"}, {"p": 434, "c": 0.9, "s": 148501, "e": 148733, "w": "嗯", "sp": "Agent"}, {"p": 435, "c": 0.9, "s": 148615, "e": 148810, "w": "行", "sp": "Customer"}, {"p": 436, "c": 0.9, "s": 148733, "e": 148965, "w": "是", "sp": "Agent"}, {"p": 437, "c": 0.9, "s": 148965, "e": 149196, "w": "是", "sp": "Agent"}, {"p": 438, "c": 0.9, "s": 149197, "e": 149660, "w": "可以", "sp": "Agent"}, {"p": 439, "c": 0.9, "s": 149660, "e": 150124, "w": "单独", "sp": "Agent"}, {"p": 440, "c": 0.9, "s": 150124, "e": 150588, "w": "控制", "sp": "Agent"}, {"p": 441, "c": 0.9, "s": 150588, "e": 150819, "w": "的", "sp": "Agent"}, {"p": 442, "c": 0.9, "s": 150790, "e": 151107, "w": "哦", "sp": "Customer"}, {"p": 443, "c": 0.9, "s": 151107, "e": 151424, "w": "哦", "sp": "Customer"}, {"p": 444, "c": 0.9, "s": 151250, "e": 151500, "w": "嗯", "sp": "Agent"}, {"p": 445, "c": 0.9, "s": 151424, "e": 151741, "w": "我", "sp": "Customer"}, {"p": 446, "c": 0.9, "s": 151500, "e": 151750, "w": "嗯", "sp": "Agent"}, {"p": 447, "c": 0.9, "s": 151741, "e": 152375, "w": "知道", "sp": "Customer"}, {"p": 448, "c": 0.9, "s": 151750, "e": 152000, "w": "都", "sp": "Agent"}, {"p": 449, "c": 0.9, "s": 152000, "e": 152250, "w": "是", "sp": "Agent"}, {"p": 450, "c": 0.9, "s": 152250, "e": 152750, "w": "单独", "sp": "Agent"}, {"p": 451, "c": 0.9, "s": 152375, "e": 152692, "w": "了", "sp": "Customer"}, {"p": 452, "c": 0.9, "s": 152692, "e": 153010, "w": "嗯", "sp": "Customer"}, {"p": 453, "c": 0.9, "s": 152750, "e": 153000, "w": "的", "sp": "Agent"}, {"p": 454, "c": 0.9, "s": 153000, "e": 153250, "w": "嗯", "sp": "Agent"}, {"p": 455, "c": 0.9, "s": 153250, "e": 153500, "w": "嗯", "sp": "Agent"}, {"p": 456, "c": 0.9, "s": 153500, "e": 153750, "w": "那", "sp": "Agent"}, {"p": 457, "c": 0.9, "s": 153750, "e": 154000, "w": "您", "sp": "Agent"}, {"p": 458, "c": 0.9, "s": 154000, "e": 154250, "w": "对", "sp": "Agent"}, {"p": 459, "c": 0.9, "s": 154250, "e": 154750, "w": "咱们", "sp": "Agent"}, {"p": 460, "c": 0.9, "s": 154750, "e": 155000, "w": "的", "sp": "Agent"}, {"p": 461, "c": 0.9, "s": 155000, "e": 155500, "w": "信封", "sp": "Agent"}, {"p": 462, "c": 0.9, "s": 155500, "e": 155750, "w": "和", "sp": "Agent"}, {"p": 463, "c": 0.9, "s": 155750, "e": 156250, "w": "电脑", "sp": "Agent"}, {"p": 464, "c": 0.9, "s": 156250, "e": 156750, "w": "是否", "sp": "Agent"}, {"p": 465, "c": 0.9, "s": 156750, "e": 157250, "w": "考虑", "sp": "Agent"}, {"p": 466, "c": 0.9, "s": 157250, "e": 157750, "w": "一同", "sp": "Agent"}, {"p": 467, "c": 0.9, "s": 157750, "e": 158250, "w": "安装", "sp": "Agent"}, {"p": 468, "c": 0.9, "s": 158250, "e": 158500, "w": "呢", "sp": "Agent"}, {"p": 469, "c": 0.9, "s": 158970, "e": 159241, "w": "嗯", "sp": "Customer"}, {"p": 470, "c": 0.9, "s": 159241, "e": 159783, "w": "这个", "sp": "Customer"}, {"p": 471, "c": 0.9, "s": 159783, "e": 160055, "w": "还", "sp": "Customer"}, {"p": 472, "c": 0.9, "s": 160055, "e": 160325, "w": "没", "sp": "Customer"}, {"p": 473, "c": 0.9, "s": 160326, "e": 160868, "w": "考虑", "sp": "Customer"}, {"p": 474, "c": 0.9, "s": 160550, "e": 160798, "w": "哦", "sp": "Agent"}, {"p": 475, "c": 0.9, "s": 160798, "e": 161046, "w": "还", "sp": "Agent"}, {"p": 476, "c": 0.9, "s": 160868, "e": 161140, "w": "呢", "sp": "Customer"}, {"p": 477, "c": 0.9, "s": 161046, "e": 161542, "w": "没有", "sp": "Agent"}, {"p": 478, "c": 0.9, "s": 161542, "e": 162038, "w": "考虑", "sp": "Agent"}, {"p": 479, "c": 0.9, "s": 162038, "e": 162286, "w": "好", "sp": "Agent"}, {"p": 480, "c": 0.9, "s": 162286, "e": 162534, "w": "的", "sp": "Agent"}, {"p": 481, "c": 0.9, "s": 162460, "e": 163400, "w": "对", "sp": "Customer"}, {"p": 482, "c": 0.9, "s": 162534, "e": 162782, "w": "嗯", "sp": "Agent"}, {"p": 483, "c": 0.9, "s": 162782, "e": 163030, "w": "嗯", "sp": "Agent"}, {"p": 484, "c": 0.9, "s": 163030, "e": 163278, "w": "那", "sp": "Agent"}, {"p": 485, "c": 0.9, "s": 163278, "e": 163526, "w": "嗯", "sp": "Agent"}, {"p": 486, "c": 0.9, "s": 163526, "e": 163774, "w": "您", "sp": "Agent"}, {"p": 487, "c": 0.9, "s": 163774, "e": 164270, "w": "未来", "sp": "Agent"}, {"p": 488, "c": 0.9, "s": 164270, "e": 164766, "w": "居住", "sp": "Agent"}, {"p": 489, "c": 0.9, "s": 164766, "e": 165262, "w": "人口", "sp": "Agent"}, {"p": 490, "c": 0.9, "s": 165262, "e": 165758, "w": "的话", "sp": "Agent"}, {"p": 491, "c": 0.9, "s": 165758, "e": 166006, "w": "有", "sp": "Agent"}, {"p": 492, "c": 0.9, "s": 166006, "e": 166502, "w": "老人", "sp": "Agent"}, {"p": 493, "c": 0.9, "s": 166502, "e": 166998, "w": "或者", "sp": "Agent"}, {"p": 494, "c": 0.9, "s": 166998, "e": 167742, "w": "小朋友", "sp": "Agent"}, {"p": 495, "c": 0.9, "s": 167742, "e": 167990, "w": "吗", "sp": "Agent"}, {"p": 496, "c": 0.9, "s": 167920, "e": 168265, "w": "那", "sp": "Customer"}, {"p": 497, "c": 0.9, "s": 168266, "e": 168960, "w": "肯定", "sp": "Customer"}, {"p": 498, "c": 0.9, "s": 168960, "e": 169653, "w": "没有", "sp": "Customer"}, {"p": 499, "c": 0.9, "s": 169620, "e": 169857, "w": "哦", "sp": "Agent"}, {"p": 500, "c": 0.9, "s": 169653, "e": 170000, "w": "啊", "sp": "Customer"}, {"p": 501, "c": 0.9, "s": 169857, "e": 170332, "w": "那大", "sp": "Agent"}, {"p": 502, "c": 0.9, "s": 170332, "e": 170570, "w": "概", "sp": "Agent"}, {"p": 503, "c": 0.9, "s": 170570, "e": 170807, "w": "是", "sp": "Agent"}, {"p": 504, "c": 0.9, "s": 170807, "e": 171282, "w": "一家", "sp": "Agent"}, {"p": 505, "c": 0.9, "s": 171282, "e": 171520, "w": "六", "sp": "Agent"}, {"p": 506, "c": 0.9, "s": 171520, "e": 171757, "w": "口", "sp": "Agent"}, {"p": 507, "c": 0.9, "s": 171757, "e": 171995, "w": "人", "sp": "Agent"}, {"p": 508, "c": 0.9, "s": 171995, "e": 172232, "w": "是", "sp": "Agent"}, {"p": 509, "c": 0.9, "s": 172160, "e": 172750, "w": "对", "sp": "Customer"}, {"p": 510, "c": 0.9, "s": 172232, "e": 172470, "w": "吗", "sp": "Agent"}, {"p": 511, "c": 0.9, "s": 172750, "e": 173340, "w": "呀", "sp": "Customer"}, {"p": 512, "c": 0.9, "s": 172990, "e": 173194, "w": "嗯", "sp": "Agent"}, {"p": 513, "c": 0.9, "s": 173194, "e": 173398, "w": "好", "sp": "Agent"}, {"p": 514, "c": 0.9, "s": 173398, "e": 173603, "w": "的", "sp": "Agent"}, {"p": 515, "c": 0.9, "s": 173603, "e": 173806, "w": "嗯", "sp": "Agent"}, {"p": 516, "c": 0.9, "s": 173807, "e": 174011, "w": "那", "sp": "Agent"}, {"p": 517, "c": 0.9, "s": 174011, "e": 174216, "w": "您", "sp": "Agent"}, {"p": 518, "c": 0.9, "s": 174216, "e": 174625, "w": "方便", "sp": "Agent"}, {"p": 519, "c": 0.9, "s": 174625, "e": 175033, "w": "告知", "sp": "Agent"}, {"p": 520, "c": 0.9, "s": 175033, "e": 175238, "w": "我", "sp": "Agent"}, {"p": 521, "c": 0.9, "s": 175238, "e": 175442, "w": "您", "sp": "Agent"}, {"p": 522, "c": 0.9, "s": 175442, "e": 175851, "w": "小区", "sp": "Agent"}, {"p": 523, "c": 0.9, "s": 175851, "e": 176260, "w": "或者", "sp": "Agent"}, {"p": 524, "c": 0.9, "s": 176260, "e": 176668, "w": "楼盘", "sp": "Agent"}, {"p": 525, "c": 0.9, "s": 176668, "e": 176873, "w": "的", "sp": "Agent"}, {"p": 526, "c": 0.9, "s": 176873, "e": 177281, "w": "名称", "sp": "Agent"}, {"p": 527, "c": 0.9, "s": 177281, "e": 177486, "w": "吗", "sp": "Agent"}, {"p": 528, "c": 0.9, "s": 177486, "e": 177894, "w": "我们", "sp": "Agent"}, {"p": 529, "c": 0.9, "s": 177895, "e": 178099, "w": "为", "sp": "Agent"}, {"p": 530, "c": 0.9, "s": 178099, "e": 178303, "w": "您", "sp": "Agent"}, {"p": 531, "c": 0.9, "s": 178303, "e": 178711, "w": "就近", "sp": "Agent"}, {"p": 532, "c": 0.9, "s": 178712, "e": 179121, "w": "分配", "sp": "Agent"}, {"p": 533, "c": 0.9, "s": 179121, "e": 179530, "w": "门店", "sp": "Agent"}, {"p": 534, "c": 0.9, "s": 180660, "e": 180859, "w": "你", "sp": "Customer"}, {"p": 535, "c": 0.9, "s": 180859, "e": 181058, "w": "是", "sp": "Customer"}, {"p": 536, "c": 0.9, "s": 181058, "e": 181257, "w": "说", "sp": "Customer"}, {"p": 537, "c": 0.9, "s": 181257, "e": 181457, "w": "我", "sp": "Customer"}, {"p": 538, "c": 0.9, "s": 181457, "e": 181855, "w": "现在", "sp": "Customer"}, {"p": 539, "c": 0.9, "s": 181855, "e": 182055, "w": "的", "sp": "Customer"}, {"p": 540, "c": 0.9, "s": 182055, "e": 182452, "w": "小区", "sp": "Customer"}, {"p": 541, "c": 0.9, "s": 182453, "e": 182852, "w": "名字", "sp": "Customer"}, {"p": 542, "c": 0.9, "s": 182852, "e": 183450, "w": "是不是", "sp": "Customer"}, {"p": 543, "c": 0.9, "s": 182980, "e": 183206, "w": "嗯", "sp": "Agent"}, {"p": 544, "c": 0.9, "s": 183206, "e": 183431, "w": "对", "sp": "Agent"}, {"p": 545, "c": 0.9, "s": 183432, "e": 183659, "w": "对", "sp": "Agent"}, {"p": 546, "c": 0.9, "s": 183659, "e": 183885, "w": "对", "sp": "Agent"}, {"p": 547, "c": 0.9, "s": 183885, "e": 184338, "w": "就是", "sp": "Agent"}, {"p": 548, "c": 0.9, "s": 184338, "e": 184565, "w": "要", "sp": "Agent"}, {"p": 549, "c": 0.9, "s": 184565, "e": 185017, "w": "安装", "sp": "Agent"}, {"p": 550, "c": 0.9, "s": 185017, "e": 185244, "w": "的", "sp": "Agent"}, {"p": 551, "c": 0.9, "s": 185244, "e": 185697, "w": "小区", "sp": "Agent"}, {"p": 552, "c": 0.9, "s": 185697, "e": 186150, "w": "名字", "sp": "Agent"}, {"p": 553, "c": 0.9, "s": 185950, "e": 186306, "w": "哦", "sp": "Customer"}, {"p": 554, "c": 0.9, "s": 186307, "e": 187022, "w": "就是", "sp": "Customer"}, {"p": 555, "c": 0.9, "s": 187022, "e": 187380, "w": "华", "sp": "Customer"}, {"p": 556, "c": 0.9, "s": 187380, "e": 188095, "w": "安龙", "sp": "Customer"}, {"p": 557, "c": 0.9, "s": 188095, "e": 188452, "w": "柏", "sp": "Customer"}, {"p": 558, "c": 0.9, "s": 188452, "e": 188810, "w": "湾", "sp": "Customer"}, {"p": 559, "c": 0.9, "s": 189140, "e": 189865, "w": "呃", "sp": "Agent"}, {"p": 560, "c": 0.9, "s": 189865, "e": 190590, "w": "龙", "sp": "Agent"}, {"p": 561, "c": 0.9, "s": 189910, "e": 190758, "w": "华安", "sp": "Customer"}, {"p": 562, "c": 0.9, "s": 190758, "e": 191181, "w": "龙", "sp": "Customer"}, {"p": 563, "c": 0.9, "s": 191182, "e": 191606, "w": "柏", "sp": "Customer"}, {"p": 564, "c": 0.9, "s": 191606, "e": 192030, "w": "湾", "sp": "Customer"}, {"p": 565, "c": 0.9, "s": 192540, "e": 193349, "w": "龙", "sp": "Agent"}, {"p": 566, "c": 0.9, "s": 193350, "e": 194160, "w": "是", "sp": "Agent"}, {"p": 567, "c": 0.9, "s": 194160, "e": 194970, "w": "呃", "sp": "Agent"}, {"p": 568, "c": 0.9, "s": 195430, "e": 196127, "w": "就是", "sp": "Customer"}, {"p": 569, "c": 0.9, "s": 196128, "e": 196477, "w": "龙", "sp": "Customer"}, {"p": 570, "c": 0.9, "s": 196477, "e": 196826, "w": "嘛", "sp": "Customer"}, {"p": 571, "c": 0.9, "s": 196826, "e": 197524, "w": "就是", "sp": "Customer"}, {"p": 572, "c": 0.9, "s": 197320, "e": 197982, "w": "嗯", "sp": "Agent"}, {"p": 573, "c": 0.9, "s": 197524, "e": 197873, "w": "龙", "sp": "Customer"}, {"p": 574, "c": 0.9, "s": 197873, "e": 198222, "w": "龙", "sp": "Customer"}, {"p": 575, "c": 0.9, "s": 197982, "e": 198644, "w": "龙", "sp": "Agent"}, {"p": 576, "c": 0.9, "s": 198222, "e": 198571, "w": "波", "sp": "Customer"}, {"p": 577, "c": 0.9, "s": 198571, "e": 198920, "w": "湾", "sp": "Customer"}, {"p": 578, "c": 0.9, "s": 198644, "e": 199306, "w": "龙", "sp": "Agent"}, {"p": 579, "c": 0.9, "s": 199306, "e": 199968, "w": "波", "sp": "Agent"}, {"p": 580, "c": 0.9, "s": 199968, "e": 200630, "w": "湾", "sp": "Agent"}, {"p": 581, "c": 0.9, "s": 200480, "e": 200803, "w": "柏", "sp": "Customer"}, {"p": 582, "c": 0.9, "s": 200803, "e": 201125, "w": "龙", "sp": "Customer"}, {"p": 583, "c": 0.9, "s": 201126, "e": 201450, "w": "柏", "sp": "Customer"}, {"p": 584, "c": 0.9, "s": 201450, "e": 201773, "w": "文", "sp": "Customer"}, {"p": 585, "c": 0.9, "s": 201773, "e": 202096, "w": "博", "sp": "Customer"}, {"p": 586, "c": 0.9, "s": 202096, "e": 203066, "w": "三点水", "sp": "Customer"}, {"p": 587, "c": 0.9, "s": 203066, "e": 203390, "w": "走", "sp": "Customer"}, {"p": 588, "c": 0.9, "s": 203390, "e": 203713, "w": "个", "sp": "Customer"}, {"p": 589, "c": 0.9, "s": 203713, "e": 204683, "w": "三点水", "sp": "Customer"}, {"p": 590, "c": 0.9, "s": 204310, "e": 204806, "w": "哦", "sp": "Agent"}, {"p": 591, "c": 0.9, "s": 204683, "e": 205330, "w": "那个", "sp": "Customer"}, {"p": 592, "c": 0.9, "s": 204807, "e": 205305, "w": "龙", "sp": "Agent"}, {"p": 593, "c": 0.9, "s": 205305, "e": 205801, "w": "柏", "sp": "Agent"}, {"p": 594, "c": 0.9, "s": 205330, "e": 205653, "w": "博", "sp": "Customer"}, {"p": 595, "c": 0.9, "s": 205653, "e": 205976, "w": "嘛", "sp": "Customer"}, {"p": 596, "c": 0.9, "s": 205802, "e": 206300, "w": "湾", "sp": "Agent"}, {"p": 597, "c": 0.9, "s": 205976, "e": 206300, "w": "龙", "sp": "Customer"}, {"p": 598, "c": 0.9, "s": 206300, "e": 206623, "w": "柏", "sp": "Customer"}, {"p": 599, "c": 0.9, "s": 206623, "e": 206946, "w": "湾", "sp": "Customer"}, {"p": 600, "c": 0.9, "s": 206730, "e": 206914, "w": "嗯", "sp": "Agent"}, {"p": 601, "c": 0.9, "s": 206914, "e": 207099, "w": "嗯", "sp": "Agent"}, {"p": 602, "c": 0.9, "s": 206946, "e": 207270, "w": "对", "sp": "Customer"}, {"p": 603, "c": 0.9, "s": 207099, "e": 207284, "w": "好", "sp": "Agent"}, {"p": 604, "c": 0.9, "s": 207284, "e": 207469, "w": "的", "sp": "Agent"}, {"p": 605, "c": 0.9, "s": 207469, "e": 207653, "w": "嗯", "sp": "Agent"}, {"p": 606, "c": 0.9, "s": 207654, "e": 208024, "w": "这边", "sp": "Agent"}, {"p": 607, "c": 0.9, "s": 208024, "e": 208394, "w": "了解", "sp": "Agent"}, {"p": 608, "c": 0.9, "s": 208394, "e": 208579, "w": "到", "sp": "Agent"}, {"p": 609, "c": 0.9, "s": 208579, "e": 208763, "w": "了", "sp": "Agent"}, {"p": 610, "c": 0.9, "s": 208763, "e": 208948, "w": "那", "sp": "Agent"}, {"p": 611, "c": 0.9, "s": 208948, "e": 209133, "w": "您", "sp": "Agent"}, {"p": 612, "c": 0.9, "s": 209133, "e": 209502, "w": "现在", "sp": "Agent"}, {"p": 613, "c": 0.9, "s": 209503, "e": 209873, "w": "手上", "sp": "Agent"}, {"p": 614, "c": 0.9, "s": 209873, "e": 210428, "w": "有没有", "sp": "Agent"}, {"p": 615, "c": 0.9, "s": 210428, "e": 210612, "w": "发", "sp": "Agent"}, {"p": 616, "c": 0.9, "s": 210613, "e": 210982, "w": "新图", "sp": "Agent"}, {"p": 617, "c": 0.9, "s": 210982, "e": 211167, "w": "呢", "sp": "Agent"}, {"p": 618, "c": 0.9, "s": 211167, "e": 211537, "w": "可以", "sp": "Agent"}, {"p": 619, "c": 0.9, "s": 211537, "e": 211722, "w": "先", "sp": "Agent"}, {"p": 620, "c": 0.9, "s": 211722, "e": 211907, "w": "给", "sp": "Agent"}, {"p": 621, "c": 0.9, "s": 211907, "e": 212277, "w": "我们", "sp": "Agent"}, {"p": 622, "c": 0.9, "s": 212277, "e": 212461, "w": "为", "sp": "Agent"}, {"p": 623, "c": 0.9, "s": 212462, "e": 212646, "w": "您", "sp": "Agent"}, {"p": 624, "c": 0.9, "s": 212646, "e": 212831, "w": "去", "sp": "Agent"}, {"p": 625, "c": 0.9, "s": 212831, "e": 213200, "w": "提交", "sp": "Agent"}, {"p": 626, "c": 0.9, "s": 213201, "e": 213571, "w": "然后", "sp": "Agent"}, {"p": 627, "c": 0.9, "s": 213571, "e": 213941, "w": "门店", "sp": "Agent"}, {"p": 628, "c": 0.9, "s": 213941, "e": 214310, "w": "根据", "sp": "Agent"}, {"p": 629, "c": 0.9, "s": 214311, "e": 214865, "w": "房型图", "sp": "Agent"}, {"p": 630, "c": 0.9, "s": 214865, "e": 215050, "w": "为", "sp": "Agent"}, {"p": 631, "c": 0.9, "s": 215050, "e": 215235, "w": "您", "sp": "Agent"}, {"p": 632, "c": 0.9, "s": 215235, "e": 215605, "w": "更好", "sp": "Agent"}, {"p": 633, "c": 0.9, "s": 215605, "e": 215790, "w": "的", "sp": "Agent"}, {"p": 634, "c": 0.9, "s": 215790, "e": 216159, "w": "平安", "sp": "Agent"}, {"p": 635, "c": 0.9, "s": 216160, "e": 216530, "w": "报价", "sp": "Agent"}, {"p": 636, "c": 0.9, "s": 218160, "e": 219033, "w": "钢筋", "sp": "Customer"}, {"p": 637, "c": 0.9, "s": 219033, "e": 219470, "w": "图", "sp": "Customer"}, {"p": 638, "c": 0.9, "s": 219470, "e": 219906, "w": "我", "sp": "Customer"}, {"p": 639, "c": 0.9, "s": 219520, "e": 219828, "w": "嗯", "sp": "Agent"}, {"p": 640, "c": 0.9, "s": 219828, "e": 220136, "w": "嗯", "sp": "Agent"}, {"p": 641, "c": 0.9, "s": 219906, "e": 220780, "w": "没有", "sp": "Customer"}, {"p": 642, "c": 0.9, "s": 220136, "e": 220752, "w": "黄金", "sp": "Agent"}, {"p": 643, "c": 0.9, "s": 220752, "e": 221060, "w": "图", "sp": "Agent"}, {"p": 644, "c": 0.9, "s": 221060, "e": 221677, "w": "没有", "sp": "Agent"}, {"p": 645, "c": 0.9, "s": 221677, "e": 221985, "w": "是", "sp": "Agent"}, {"p": 646, "c": 0.9, "s": 221985, "e": 222293, "w": "吧", "sp": "Agent"}, {"p": 647, "c": 0.9, "s": 222150, "e": 223269, "w": "谢谢", "sp": "Customer"}, {"p": 648, "c": 0.9, "s": 222293, "e": 222601, "w": "好", "sp": "Agent"}, {"p": 649, "c": 0.9, "s": 222601, "e": 222910, "w": "的", "sp": "Agent"}, {"p": 650, "c": 0.9, "s": 223960, "e": 224224, "w": "那", "sp": "Agent"}, {"p": 651, "c": 0.9, "s": 224224, "e": 224488, "w": "那", "sp": "Agent"}, {"p": 652, "c": 0.9, "s": 224488, "e": 224752, "w": "您", "sp": "Agent"}, {"p": 653, "c": 0.9, "s": 224752, "e": 225017, "w": "的", "sp": "Agent"}, {"p": 654, "c": 0.9, "s": 225017, "e": 225810, "w": "手机号", "sp": "Agent"}, {"p": 655, "c": 0.9, "s": 225810, "e": 226074, "w": "是", "sp": "Agent"}, {"p": 656, "c": 0.9, "s": 226074, "e": 226338, "w": "您", "sp": "Agent"}, {"p": 657, "c": 0.9, "s": 226338, "e": 226602, "w": "的", "sp": "Agent"}, {"p": 658, "c": 0.9, "s": 226602, "e": 226867, "w": "微", "sp": "Agent"}, {"p": 659, "c": 0.9, "s": 226867, "e": 227395, "w": "信号", "sp": "Agent"}, {"p": 660, "c": 0.9, "s": 227395, "e": 227660, "w": "吗", "sp": "Agent"}, {"p": 661, "c": 0.9, "s": 227560, "e": 227993, "w": "对", "sp": "Customer"}, {"p": 662, "c": 0.9, "s": 227993, "e": 228426, "w": "对", "sp": "Customer"}, {"p": 663, "c": 0.9, "s": 228426, "e": 228860, "w": "呀", "sp": "Customer"}, {"p": 664, "c": 0.9, "s": 228560, "e": 228760, "w": "嗯", "sp": "Agent"}, {"p": 665, "c": 0.9, "s": 228760, "e": 228959, "w": "好", "sp": "Agent"}, {"p": 666, "c": 0.9, "s": 228960, "e": 229160, "w": "的", "sp": "Agent"}, {"p": 667, "c": 0.9, "s": 229160, "e": 229360, "w": "那", "sp": "Agent"}, {"p": 668, "c": 0.9, "s": 229360, "e": 229760, "w": "后续", "sp": "Agent"}, {"p": 669, "c": 0.9, "s": 229760, "e": 230360, "w": "经销商", "sp": "Agent"}, {"p": 670, "c": 0.9, "s": 230360, "e": 230760, "w": "电话", "sp": "Agent"}, {"p": 671, "c": 0.9, "s": 230760, "e": 231159, "w": "联系", "sp": "Agent"}, {"p": 672, "c": 0.9, "s": 231160, "e": 231360, "w": "不", "sp": "Agent"}, {"p": 673, "c": 0.9, "s": 231360, "e": 231560, "w": "上", "sp": "Agent"}, {"p": 674, "c": 0.9, "s": 231560, "e": 231760, "w": "您", "sp": "Agent"}, {"p": 675, "c": 0.9, "s": 231760, "e": 232159, "w": "的话", "sp": "Agent"}, {"p": 676, "c": 0.9, "s": 232160, "e": 232560, "w": "方便", "sp": "Agent"}, {"p": 677, "c": 0.9, "s": 232560, "e": 232959, "w": "添加", "sp": "Agent"}, {"p": 678, "c": 0.9, "s": 232960, "e": 233160, "w": "微", "sp": "Agent"}, {"p": 679, "c": 0.9, "s": 233160, "e": 233360, "w": "信", "sp": "Agent"}, {"p": 680, "c": 0.9, "s": 233360, "e": 233760, "w": "沟通", "sp": "Agent"}, {"p": 681, "c": 0.9, "s": 233720, "e": 234056, "w": "嗯", "sp": "Customer"}, {"p": 682, "c": 0.9, "s": 233760, "e": 233959, "w": "吗", "sp": "Agent"}, {"p": 683, "c": 0.9, "s": 234056, "e": 234392, "w": "好", "sp": "Customer"}, {"p": 684, "c": 0.9, "s": 234392, "e": 234728, "w": "的", "sp": "Customer"}, {"p": 685, "c": 0.9, "s": 234728, "e": 235064, "w": "好", "sp": "Customer"}, {"p": 686, "c": 0.9, "s": 235064, "e": 235400, "w": "的", "sp": "Customer"}, {"p": 687, "c": 0.9, "s": 235080, "e": 235275, "w": "嗯", "sp": "Agent"}, {"p": 688, "c": 0.9, "s": 235275, "e": 235470, "w": "好", "sp": "Agent"}, {"p": 689, "c": 0.9, "s": 235470, "e": 235665, "w": "的", "sp": "Agent"}, {"p": 690, "c": 0.9, "s": 235665, "e": 235860, "w": "那", "sp": "Agent"}, {"p": 691, "c": 0.9, "s": 235860, "e": 236250, "w": "请问", "sp": "Agent"}, {"p": 692, "c": 0.9, "s": 236250, "e": 236640, "w": "这边", "sp": "Agent"}, {"p": 693, "c": 0.9, "s": 236640, "e": 237030, "w": "还有", "sp": "Agent"}, {"p": 694, "c": 0.9, "s": 237030, "e": 237420, "w": "其他", "sp": "Agent"}, {"p": 695, "c": 0.9, "s": 237420, "e": 237810, "w": "需求", "sp": "Agent"}, {"p": 696, "c": 0.9, "s": 237810, "e": 238200, "w": "需要", "sp": "Agent"}, {"p": 697, "c": 0.9, "s": 238200, "e": 238590, "w": "这边", "sp": "Agent"}, {"p": 698, "c": 0.9, "s": 238590, "e": 238980, "w": "帮忙", "sp": "Agent"}, {"p": 699, "c": 0.9, "s": 238980, "e": 239370, "w": "备注", "sp": "Agent"}, {"p": 700, "c": 0.9, "s": 239330, "e": 239661, "w": "嗯", "sp": "Customer"}, {"p": 701, "c": 0.9, "s": 239370, "e": 239565, "w": "的", "sp": "Agent"}, {"p": 702, "c": 0.9, "s": 239565, "e": 239760, "w": "吗", "sp": "Agent"}, {"p": 703, "c": 0.9, "s": 239661, "e": 240325, "w": "没有", "sp": "Customer"}, {"p": 704, "c": 0.9, "s": 240325, "e": 240655, "w": "了", "sp": "Customer"}, {"p": 705, "c": 0.9, "s": 240656, "e": 241320, "w": "谢谢", "sp": "Customer"}, {"p": 706, "c": 0.9, "s": 241020, "e": 241201, "w": "嗯", "sp": "Agent"}, {"p": 707, "c": 0.9, "s": 241201, "e": 241383, "w": "好", "sp": "Agent"}, {"p": 708, "c": 0.9, "s": 241383, "e": 241564, "w": "的", "sp": "Agent"}, {"p": 709, "c": 0.9, "s": 241564, "e": 241746, "w": "那", "sp": "Agent"}, {"p": 710, "c": 0.9, "s": 241746, "e": 242109, "w": "这边", "sp": "Agent"}, {"p": 711, "c": 0.9, "s": 242109, "e": 242290, "w": "先", "sp": "Agent"}, {"p": 712, "c": 0.9, "s": 242290, "e": 242472, "w": "不", "sp": "Agent"}, {"p": 713, "c": 0.9, "s": 242472, "e": 242835, "w": "打扰", "sp": "Agent"}, {"p": 714, "c": 0.9, "s": 242835, "e": 243016, "w": "您", "sp": "Agent"}, {"p": 715, "c": 0.9, "s": 243016, "e": 243198, "w": "了", "sp": "Agent"}, {"p": 716, "c": 0.9, "s": 243198, "e": 243743, "w": "感谢您", "sp": "Agent"}, {"p": 717, "c": 0.9, "s": 243743, "e": 243924, "w": "的", "sp": "Agent"}, {"p": 718, "c": 0.9, "s": 243924, "e": 244287, "w": "聆听", "sp": "Agent"}, {"p": 719, "c": 0.9, "s": 244287, "e": 244650, "w": "祝您", "sp": "Agent"}, {"p": 720, "c": 0.9, "s": 244650, "e": 245013, "w": "生活", "sp": "Agent"}, {"p": 721, "c": 0.9, "s": 245013, "e": 245376, "w": "愉快", "sp": "Agent"}, {"p": 722, "c": 0.9, "s": 245376, "e": 245740, "w": "再见", "sp": "Agent"}, {"p": 723, "c": 0.9, "s": 245510, "e": 245983, "w": "嗯", "sp": "Customer"}, {"p": 724, "c": 0.9, "s": 245983, "e": 246930, "w": "再见", "sp": "Customer"}]}, "plainText": "啊\n嗯 您好 这边 是 大金 空调 的 大金 空调 厂房 客服 中心 请问 您 是 张 女士\n嗯\n吗\n是 的\n嗯 给 您 来电 是 看到 您 之前 在 我们 头条 上 有 留下 信息 这边 想 跟 您 确认 一下 您 近期 是 想 了解 家用 中央 空调 是 吗\n对 呀 我 说 你 那 芝麻 空调 怎么 断 了\n嗯 好 的 我 这边 想 先 了解 一下 您 房屋 的 基本 情况 和 您 的 需求 嘛 然后 以便 我 稍后 安排 大街 正规 渠道 授权 门店 给 您 提供 免费 的 设计方案 和 报价\n嗯\n嗯 好 的 那 您 的 房屋 所在地 是 在 安徽省 合肥 市 哪个 区县 呢\n我 是 在 亳州 市 利辛 县\n嗯 亳州 市 好 的 玉溪 县 嗯 好 的 嗯 那 您 这边 要 安装 的 房屋 面积 是 多 大 呀\n一百零五 个\n嗯 一百零五 那 是 三室 两 厅 是 吗\n两 室 两 室 一 厅 的 一个 小房间 那个 小房间 还算 吗 原来 小房间 就 三室一厅 的\n嗯 好 的 嗯 这边 了解 到 那 您 这边 房屋 状态 是 毛坯 新房 呢 还是 二手房 翻新 呀\n模具 信访\n嗯 好 的 毛坯 先生 那 您 现在 有没有 确定 好 装修 公司 呢\n还 没 呢\n嗯 那 预计 六 七月份 开始 动工 吗\n我 说 现在 还 不 知道 了 我 就 说 等 过 一段 是 这个 你 看 能 不能 回去 了 我 在 河北 呢 现在\n哦 好 的 就是 这个\n嗯\n时间 还 不 确定\n对 对\n嗯 好 的 那 您 有 去 过 我们 线 下 的 门店 吗 提 前去 看过 大金\n没有\n嗯 没有 那 我 简单 为 您 介绍 一下 咱们 大金 咱们 大金 呢 目前 已经 升级 到 第七 代 家用 中央 空调 了 主推 的 是 一 款 温室 平衡 型 类型 可以 保持 温度 不变 的 情况 下 呢 进行 出示 的 还有 一 款 三 D 七 六式 类型 他 的 风速\n喂 我\n会\n就是\n比较\n问 一下\n均匀\n这个\n如何\n装 中央\n无 嗯\n空调 的话 是不是 要 开\n嗯\n的话 整个 房间 都 得 打开 是 吧 不是 一个 房间 开 那个 房间 不 开 不行 是不是\n嗯 不是 的 不是\n啊\n的 嗯 是 可以 嗯 单独 控制 的\n哦 我 就是说 啊 我 这个 打 个 比方 就是说 你 这个 房 要 开 一天 整个 房间 就 都 得 开 了 那 不 费 电 吗 要 如果\n对\n我 开开\n对\n这个\n对\n房间 开 那 反正 能 关掉 这样 的\n嗯\n就\n嗯\n行\n是 是 可以 单独 控制 的\n哦 哦\n嗯\n我\n嗯\n知道\n都 是 单独\n了 嗯\n的 嗯 嗯 那 您 对 咱们 的 信封 和 电脑 是否 考虑 一同 安装 呢\n嗯 这个 还 没 考虑\n哦 还\n呢\n没有 考虑 好 的\n对\n嗯 嗯 那 嗯 您 未来 居住 人口 的话 有 老人 或者 小朋友 吗\n那 肯定 没有\n哦\n啊\n那大 概 是 一家 六 口 人 是\n对\n吗\n呀\n嗯 好 的 嗯 那 您 方便 告知 我 您 小区 或者 楼盘 的 名称 吗 我们 为 您 就近 分配 门店\n你 是 说 我 现在 的 小区 名字 是不是\n嗯 对 对 对 就是 要 安装 的 小区 名字\n哦 就是 华 安龙 柏 湾\n呃 龙\n华安 龙 柏 湾\n龙 是 呃\n就是 龙 嘛 就是\n嗯\n龙 龙\n龙\n波 湾\n龙 波 湾\n柏 龙 柏 文 博 三点水 走 个 三点水\n哦\n那个\n龙 柏\n博 嘛\n湾\n龙 柏 湾\n嗯 嗯\n对\n好 的 嗯 这边 了解 到 了 那 您 现在 手上 有没有 发 新图 呢 可以 先 给 我们 为 您 去 提交 然后 门店 根据 房型图 为 您 更好 的 平安 报价\n钢筋 图 我\n嗯 嗯\n没有\n黄金 图 没有 是 吧\n谢谢\n好 的 那 那 您 的 手机号 是 您 的 微 信号 吗\n对 对 呀\n嗯 好 的 那 后续 经销商 电话 联系 不 上 您 的话 方便 添加 微 信 沟通\n嗯\n吗\n好 的 好 的\n嗯 好 的 那 请问 这边 还有 其他 需求 需要 这边 帮忙 备注\n嗯\n的 吗\n没有 了 谢谢\n嗯 好 的 那 这边 先 不 打扰 您 了 感谢您 的 聆听 祝您 生活 愉快 再见\n嗯 再见", "plainTextTime": {"verbatims": [{"s": 670, "e": 1660, "w": "啊", "sp": "Customer"}, {"s": 1190, "e": 7590, "w": "嗯 您好 这边 是 大金 空调 的 大金 空调 厂房 客服 中心 请问 您 是 张 女士", "sp": "Agent"}, {"s": 7530, "e": 8030, "w": "嗯", "sp": "Customer"}, {"s": 7591, "e": 7820, "w": "吗", "sp": "Agent"}, {"s": 8029, "e": 9030, "w": "是 的", "sp": "Customer"}, {"s": 8760, "e": 17060, "w": "嗯 给 您 来电 是 看到 您 之前 在 我们 头条 上 有 留下 信息 这边 想 跟 您 确认 一下 您 近期 是 想 了解 家用 中央 空调 是 吗", "sp": "Agent"}, {"s": 17000, "e": 19600, "w": "对 呀 我 说 你 那 芝麻 空调 怎么 断 了", "sp": "Customer"}, {"s": 20540, "e": 30360, "w": "嗯 好 的 我 这边 想 先 了解 一下 您 房屋 的 基本 情况 和 您 的 需求 嘛 然后 以便 我 稍后 安排 大街 正规 渠道 授权 门店 给 您 提供 免费 的 设计方案 和 报价", "sp": "Agent"}, {"s": 30600, "e": 31630, "w": "嗯", "sp": "Customer"}, {"s": 31270, "e": 36570, "w": "嗯 好 的 那 您 的 房屋 所在地 是 在 安徽省 合肥 市 哪个 区县 呢", "sp": "Agent"}, {"s": 36480, "e": 39590, "w": "我 是 在 亳州 市 利辛 县", "sp": "Customer"}, {"s": 39260, "e": 54860, "w": "嗯 亳州 市 好 的 玉溪 县 嗯 好 的 嗯 那 您 这边 要 安装 的 房屋 面积 是 多 大 呀", "sp": "Agent"}, {"s": 56460, "e": 57989, "w": "一百零五 个", "sp": "Customer"}, {"s": 57780, "e": 61309, "w": "嗯 一百零五 那 是 三室 两 厅 是 吗", "sp": "Agent"}, {"s": 61990, "e": 69170, "w": "两 室 两 室 一 厅 的 一个 小房间 那个 小房间 还算 吗 原来 小房间 就 三室一厅 的", "sp": "Customer"}, {"s": 69780, "e": 77070, "w": "嗯 好 的 嗯 这边 了解 到 那 您 这边 房屋 状态 是 毛坯 新房 呢 还是 二手房 翻新 呀", "sp": "Agent"}, {"s": 77670, "e": 79220, "w": "模具 信访", "sp": "Customer"}, {"s": 79320, "e": 83300, "w": "嗯 好 的 毛坯 先生 那 您 现在 有没有 确定 好 装修 公司 呢", "sp": "Agent"}, {"s": 83900, "e": 85210, "w": "还 没 呢", "sp": "Customer"}, {"s": 85030, "e": 88150, "w": "嗯 那 预计 六 七月份 开始 动工 吗", "sp": "Agent"}, {"s": 88660, "e": 95100, "w": "我 说 现在 还 不 知道 了 我 就 说 等 过 一段 是 这个 你 看 能 不能 回去 了 我 在 河北 呢 现在", "sp": "Customer"}, {"s": 95380, "e": 97188, "w": "哦 好 的 就是 这个", "sp": "Agent"}, {"s": 96960, "e": 97950, "w": "嗯", "sp": "Customer"}, {"s": 97189, "e": 98740, "w": "时间 还 不 确定", "sp": "Agent"}, {"s": 98670, "e": 99930, "w": "对 对", "sp": "Customer"}, {"s": 99570, "e": 104160, "w": "嗯 好 的 那 您 有 去 过 我们 线 下 的 门店 吗 提 前去 看过 大金", "sp": "Agent"}, {"s": 104220, "e": 105410, "w": "没有", "sp": "Customer"}, {"s": 105100, "e": 121210, "w": "嗯 没有 那 我 简单 为 您 介绍 一下 咱们 大金 咱们 大金 呢 目前 已经 升级 到 第七 代 家用 中央 空调 了 主推 的 是 一 款 温室 平衡 型 类型 可以 保持 温度 不变 的 情况 下 呢 进行 出示 的 还有 一 款 三 D 七 六式 类型 他 的 风速", "sp": "Agent"}, {"s": 120840, "e": 121269, "w": "喂 我", "sp": "Customer"}, {"s": 121210, "e": 121470, "w": "会", "sp": "Agent"}, {"s": 121269, "e": 121699, "w": "就是", "sp": "Customer"}, {"s": 121470, "e": 121990, "w": "比较", "sp": "Agent"}, {"s": 121699, "e": 122344, "w": "问 一下", "sp": "Customer"}, {"s": 121990, "e": 122509, "w": "均匀", "sp": "Agent"}, {"s": 122344, "e": 122774, "w": "这个", "sp": "Customer"}, {"s": 122510, "e": 123030, "w": "如何", "sp": "Agent"}, {"s": 122774, "e": 123418, "w": "装 中央", "sp": "Customer"}, {"s": 123030, "e": 123550, "w": "无 嗯", "sp": "Agent"}, {"s": 123418, "e": 125352, "w": "空调 的话 是不是 要 开", "sp": "Customer"}, {"s": 125320, "e": 126220, "w": "嗯", "sp": "Agent"}, {"s": 125352, "e": 131800, "w": "的话 整个 房间 都 得 打开 是 吧 不是 一个 房间 开 那个 房间 不 开 不行 是不是", "sp": "Customer"}, {"s": 131450, "e": 133164, "w": "嗯 不是 的 不是", "sp": "Agent"}, {"s": 133050, "e": 134170, "w": "啊", "sp": "Customer"}, {"s": 133164, "e": 137010, "w": "的 嗯 是 可以 嗯 单独 控制 的", "sp": "Agent"}, {"s": 137130, "e": 145111, "w": "哦 我 就是说 啊 我 这个 打 个 比方 就是说 你 这个 房 要 开 一天 整个 房间 就 都 得 开 了 那 不 费 电 吗 要 如果", "sp": "Customer"}, {"s": 144940, "e": 145383, "w": "对", "sp": "Agent"}, {"s": 145111, "e": 145695, "w": "我 开开", "sp": "Customer"}, {"s": 145383, "e": 145825, "w": "对", "sp": "Agent"}, {"s": 145695, "e": 146084, "w": "这个", "sp": "Customer"}, {"s": 145826, "e": 146270, "w": "对", "sp": "Agent"}, {"s": 146084, "e": 148420, "w": "房间 开 那 反正 能 关掉 这样 的", "sp": "Customer"}, {"s": 148270, "e": 148501, "w": "嗯", "sp": "Agent"}, {"s": 148420, "e": 148615, "w": "就", "sp": "Customer"}, {"s": 148501, "e": 148733, "w": "嗯", "sp": "Agent"}, {"s": 148615, "e": 148810, "w": "行", "sp": "Customer"}, {"s": 148733, "e": 150819, "w": "是 是 可以 单独 控制 的", "sp": "Agent"}, {"s": 150790, "e": 151424, "w": "哦 哦", "sp": "Customer"}, {"s": 151250, "e": 151500, "w": "嗯", "sp": "Agent"}, {"s": 151424, "e": 151741, "w": "我", "sp": "Customer"}, {"s": 151500, "e": 151750, "w": "嗯", "sp": "Agent"}, {"s": 151741, "e": 152375, "w": "知道", "sp": "Customer"}, {"s": 151750, "e": 152750, "w": "都 是 单独", "sp": "Agent"}, {"s": 152375, "e": 153010, "w": "了 嗯", "sp": "Customer"}, {"s": 152750, "e": 158500, "w": "的 嗯 嗯 那 您 对 咱们 的 信封 和 电脑 是否 考虑 一同 安装 呢", "sp": "Agent"}, {"s": 158970, "e": 160868, "w": "嗯 这个 还 没 考虑", "sp": "Customer"}, {"s": 160550, "e": 161046, "w": "哦 还", "sp": "Agent"}, {"s": 160868, "e": 161140, "w": "呢", "sp": "Customer"}, {"s": 161046, "e": 162534, "w": "没有 考虑 好 的", "sp": "Agent"}, {"s": 162460, "e": 163400, "w": "对", "sp": "Customer"}, {"s": 162534, "e": 167990, "w": "嗯 嗯 那 嗯 您 未来 居住 人口 的话 有 老人 或者 小朋友 吗", "sp": "Agent"}, {"s": 167920, "e": 169653, "w": "那 肯定 没有", "sp": "Customer"}, {"s": 169620, "e": 169857, "w": "哦", "sp": "Agent"}, {"s": 169653, "e": 170000, "w": "啊", "sp": "Customer"}, {"s": 169857, "e": 172232, "w": "那大 概 是 一家 六 口 人 是", "sp": "Agent"}, {"s": 172160, "e": 172750, "w": "对", "sp": "Customer"}, {"s": 172232, "e": 172470, "w": "吗", "sp": "Agent"}, {"s": 172750, "e": 173340, "w": "呀", "sp": "Customer"}, {"s": 172990, "e": 179530, "w": "嗯 好 的 嗯 那 您 方便 告知 我 您 小区 或者 楼盘 的 名称 吗 我们 为 您 就近 分配 门店", "sp": "Agent"}, {"s": 180660, "e": 183450, "w": "你 是 说 我 现在 的 小区 名字 是不是", "sp": "Customer"}, {"s": 182980, "e": 186150, "w": "嗯 对 对 对 就是 要 安装 的 小区 名字", "sp": "Agent"}, {"s": 185950, "e": 188810, "w": "哦 就是 华 安龙 柏 湾", "sp": "Customer"}, {"s": 189140, "e": 190590, "w": "呃 龙", "sp": "Agent"}, {"s": 189910, "e": 192030, "w": "华安 龙 柏 湾", "sp": "Customer"}, {"s": 192540, "e": 194970, "w": "龙 是 呃", "sp": "Agent"}, {"s": 195430, "e": 197524, "w": "就是 龙 嘛 就是", "sp": "Customer"}, {"s": 197320, "e": 197982, "w": "嗯", "sp": "Agent"}, {"s": 197524, "e": 198222, "w": "龙 龙", "sp": "Customer"}, {"s": 197982, "e": 198644, "w": "龙", "sp": "Agent"}, {"s": 198222, "e": 198920, "w": "波 湾", "sp": "Customer"}, {"s": 198644, "e": 200630, "w": "龙 波 湾", "sp": "Agent"}, {"s": 200480, "e": 204683, "w": "柏 龙 柏 文 博 三点水 走 个 三点水", "sp": "Customer"}, {"s": 204310, "e": 204806, "w": "哦", "sp": "Agent"}, {"s": 204683, "e": 205330, "w": "那个", "sp": "Customer"}, {"s": 204807, "e": 205801, "w": "龙 柏", "sp": "Agent"}, {"s": 205330, "e": 205976, "w": "博 嘛", "sp": "Customer"}, {"s": 205802, "e": 206300, "w": "湾", "sp": "Agent"}, {"s": 205976, "e": 206946, "w": "龙 柏 湾", "sp": "Customer"}, {"s": 206730, "e": 207099, "w": "嗯 嗯", "sp": "Agent"}, {"s": 206946, "e": 207270, "w": "对", "sp": "Customer"}, {"s": 207099, "e": 216530, "w": "好 的 嗯 这边 了解 到 了 那 您 现在 手上 有没有 发 新图 呢 可以 先 给 我们 为 您 去 提交 然后 门店 根据 房型图 为 您 更好 的 平安 报价", "sp": "Agent"}, {"s": 218160, "e": 219906, "w": "钢筋 图 我", "sp": "Customer"}, {"s": 219520, "e": 220136, "w": "嗯 嗯", "sp": "Agent"}, {"s": 219906, "e": 220780, "w": "没有", "sp": "Customer"}, {"s": 220136, "e": 222293, "w": "黄金 图 没有 是 吧", "sp": "Agent"}, {"s": 222150, "e": 223269, "w": "谢谢", "sp": "Customer"}, {"s": 222293, "e": 227660, "w": "好 的 那 那 您 的 手机号 是 您 的 微 信号 吗", "sp": "Agent"}, {"s": 227560, "e": 228860, "w": "对 对 呀", "sp": "Customer"}, {"s": 228560, "e": 233760, "w": "嗯 好 的 那 后续 经销商 电话 联系 不 上 您 的话 方便 添加 微 信 沟通", "sp": "Agent"}, {"s": 233720, "e": 234056, "w": "嗯", "sp": "Customer"}, {"s": 233760, "e": 233959, "w": "吗", "sp": "Agent"}, {"s": 234056, "e": 235400, "w": "好 的 好 的", "sp": "Customer"}, {"s": 235080, "e": 239370, "w": "嗯 好 的 那 请问 这边 还有 其他 需求 需要 这边 帮忙 备注", "sp": "Agent"}, {"s": 239330, "e": 239661, "w": "嗯", "sp": "Customer"}, {"s": 239370, "e": 239760, "w": "的 吗", "sp": "Agent"}, {"s": 239661, "e": 241320, "w": "没有 了 谢谢", "sp": "Customer"}, {"s": 241020, "e": 245740, "w": "嗯 好 的 那 这边 先 不 打扰 您 了 感谢您 的 聆听 祝您 生活 愉快 再见", "sp": "Agent"}, {"s": 245510, "e": 246930, "w": "嗯 再见", "sp": "Customer"}]}, "aqm": {"greeting": {"greeting_said": "您好, 大金, 空调, 客服, 请问, 女士", "n_greeting_said": 6, "score": 1}, "closing": {"closing_said": "您, 祝您, 生活, 愉快, 再见", "n_closing_said": 5, "score": 1}, "speed": {"speed_max": 6.01, "n_words": 59, "words": "嗯 好 的 我 这边 想 先 了解 一下 您 房屋 的 基本 情况 和 您 的 需求 嘛 然后 以便 我 稍后 安排 大街 正规 渠道 授权 门店 给 您 提供 免费 的 设计方案 和 报价", "start": 20540, "end": 30360}}}