{"mediaId": "2022031316082050408747449978303001", "status": "Success", "dateCreated": "2022-03-21T18:45:50Z", "contentType": "audio/x-wav", "channels": "future use", "length": 112, "metadata": {"Sid": 10107, "Site_id": 783, "Audio_ch_num": 87474499, "Audio_module_num": 783001, "Audio_start_time_gmt": "2022-03-13T08:08:20.503+08:00", "Transaction_id": "2022031316082050408747449978303001", "ContactID": "9144801330050000301", "Personal_id": "0", "Direction": 2, "Local_audio_start_time": "2022-03-13T16:08:20.503+08:00", "Local_audio_end_time": "2022-03-13T16:10:12.503+08:00", "Total_hold_time": "0", "Pbx_login_id": "800021", "Ani": "600018", "Extension": "600018", "String_extension": "600018", "Switch_call_id": "006f0330e46d5043", "Switch_id": "783000001", "Duration_seconds": 112, "Wrapup_time_in_seconds": "0", "Dnis": "13776639407", "Number_of_conferences": "0", "Number_of_holds": "0", "Number_of_transfers": "0", "Percent_of_agent_call": "45", "Percent_of_other_call": "33", "Percent_of_mutual_silence": "26", "Num_of_agent_cross": "8", "Num_of_other_cross": "3", "IsException": 0, "CD2": "013GVT56OG919AP72LUHVB5AES000CID"}, "transcript_detailed": {"words": [{"p": 1, "c": 0.9, "s": 990, "e": 1296, "w": "喂", "sp": "Customer"}, {"p": 2, "c": 0.9, "s": 1296, "e": 1910, "w": "你好", "sp": "Customer"}, {"p": 3, "c": 0.9, "s": 1880, "e": 2075, "w": "哎", "sp": "Agent"}, {"p": 4, "c": 0.9, "s": 2075, "e": 2466, "w": "您好", "sp": "Agent"}, {"p": 5, "c": 0.9, "s": 2466, "e": 2857, "w": "这边", "sp": "Agent"}, {"p": 6, "c": 0.9, "s": 2857, "e": 3053, "w": "是", "sp": "Agent"}, {"p": 7, "c": 0.9, "s": 3053, "e": 3444, "w": "大金", "sp": "Agent"}, {"p": 8, "c": 0.9, "s": 3444, "e": 3835, "w": "空调", "sp": "Agent"}, {"p": 9, "c": 0.9, "s": 3835, "e": 4226, "w": "厂方", "sp": "Agent"}, {"p": 10, "c": 0.9, "s": 4226, "e": 4422, "w": "的", "sp": "Agent"}, {"p": 11, "c": 0.9, "s": 4422, "e": 4617, "w": "想", "sp": "Agent"}, {"p": 12, "c": 0.9, "s": 4617, "e": 4813, "w": "跟", "sp": "Agent"}, {"p": 13, "c": 0.9, "s": 4813, "e": 5008, "w": "您", "sp": "Agent"}, {"p": 14, "c": 0.9, "s": 5008, "e": 5204, "w": "做", "sp": "Agent"}, {"p": 15, "c": 0.9, "s": 5204, "e": 5400, "w": "个", "sp": "Agent"}, {"p": 16, "c": 0.9, "s": 5400, "e": 5791, "w": "简单", "sp": "Agent"}, {"p": 17, "c": 0.9, "s": 5791, "e": 5986, "w": "的", "sp": "Agent"}, {"p": 18, "c": 0.9, "s": 5986, "e": 6377, "w": "回访", "sp": "Agent"}, {"p": 19, "c": 0.9, "s": 6377, "e": 6573, "w": "您", "sp": "Agent"}, {"p": 20, "c": 0.9, "s": 6573, "e": 6963, "w": "方便", "sp": "Agent"}, {"p": 21, "c": 0.9, "s": 6964, "e": 7160, "w": "吗", "sp": "Agent"}, {"p": 22, "c": 0.9, "s": 7300, "e": 7660, "w": "那", "sp": "Customer"}, {"p": 23, "c": 0.9, "s": 7660, "e": 8019, "w": "你", "sp": "Customer"}, {"p": 24, "c": 0.9, "s": 8020, "e": 8380, "w": "说", "sp": "Customer"}, {"p": 25, "c": 0.9, "s": 8260, "e": 8443, "w": "嗯", "sp": "Agent"}, {"p": 26, "c": 0.9, "s": 8443, "e": 8809, "w": "就是", "sp": "Agent"}, {"p": 27, "c": 0.9, "s": 8810, "e": 9360, "w": "二月份", "sp": "Agent"}, {"p": 28, "c": 0.9, "s": 9360, "e": 9544, "w": "的", "sp": "Agent"}, {"p": 29, "c": 0.9, "s": 9544, "e": 9910, "w": "时候", "sp": "Agent"}, {"p": 30, "c": 0.9, "s": 9911, "e": 10094, "w": "您", "sp": "Agent"}, {"p": 31, "c": 0.9, "s": 10094, "e": 10460, "w": "这边", "sp": "Agent"}, {"p": 32, "c": 0.9, "s": 10461, "e": 10645, "w": "有", "sp": "Agent"}, {"p": 33, "c": 0.9, "s": 10645, "e": 11012, "w": "稍微", "sp": "Agent"}, {"p": 34, "c": 0.9, "s": 11012, "e": 11195, "w": "的", "sp": "Agent"}, {"p": 35, "c": 0.9, "s": 11195, "e": 11561, "w": "项目", "sp": "Agent"}, {"p": 36, "c": 0.9, "s": 11562, "e": 11745, "w": "有", "sp": "Agent"}, {"p": 37, "c": 0.9, "s": 11745, "e": 12112, "w": "那个", "sp": "Agent"}, {"p": 38, "c": 0.9, "s": 12112, "e": 12296, "w": "呃", "sp": "Agent"}, {"p": 39, "c": 0.9, "s": 12296, "e": 12662, "w": "需要", "sp": "Agent"}, {"p": 40, "c": 0.9, "s": 12663, "e": 12846, "w": "装", "sp": "Agent"}, {"p": 41, "c": 0.9, "s": 12846, "e": 13212, "w": "空调", "sp": "Agent"}, {"p": 42, "c": 0.9, "s": 13213, "e": 13580, "w": "然后", "sp": "Agent"}, {"p": 43, "c": 0.9, "s": 13580, "e": 13947, "w": "我们", "sp": "Agent"}, {"p": 44, "c": 0.9, "s": 13947, "e": 14313, "w": "安排", "sp": "Agent"}, {"p": 45, "c": 0.9, "s": 14314, "e": 14497, "w": "了", "sp": "Agent"}, {"p": 46, "c": 0.9, "s": 14497, "e": 14863, "w": "那个", "sp": "Agent"}, {"p": 47, "c": 0.9, "s": 14864, "e": 15598, "w": "工作人员", "sp": "Agent"}, {"p": 48, "c": 0.9, "s": 15598, "e": 15782, "w": "跟", "sp": "Agent"}, {"p": 49, "c": 0.9, "s": 15782, "e": 15964, "w": "您", "sp": "Agent"}, {"p": 50, "c": 0.9, "s": 15965, "e": 16332, "w": "联系", "sp": "Agent"}, {"p": 51, "c": 0.9, "s": 16332, "e": 16516, "w": "有", "sp": "Agent"}, {"p": 52, "c": 0.9, "s": 16516, "e": 16883, "w": "联系", "sp": "Agent"}, {"p": 53, "c": 0.9, "s": 16883, "e": 17066, "w": "您", "sp": "Agent"}, {"p": 54, "c": 0.9, "s": 16990, "e": 17615, "w": "有", "sp": "Customer"}, {"p": 55, "c": 0.9, "s": 17066, "e": 17250, "w": "吗", "sp": "Agent"}, {"p": 56, "c": 0.9, "s": 17615, "e": 18240, "w": "有", "sp": "Customer"}, {"p": 57, "c": 0.9, "s": 18170, "e": 18747, "w": "有的是", "sp": "Agent"}, {"p": 58, "c": 0.9, "s": 18747, "e": 18940, "w": "吧", "sp": "Agent"}, {"p": 59, "c": 0.9, "s": 18940, "e": 19133, "w": "有", "sp": "Agent"}, {"p": 60, "c": 0.9, "s": 19133, "e": 19324, "w": "跟", "sp": "Agent"}, {"p": 61, "c": 0.9, "s": 19325, "e": 19518, "w": "您", "sp": "Agent"}, {"p": 62, "c": 0.9, "s": 19518, "e": 19711, "w": "说", "sp": "Agent"}, {"p": 63, "c": 0.9, "s": 19711, "e": 19903, "w": "是", "sp": "Agent"}, {"p": 64, "c": 0.9, "s": 19903, "e": 20288, "w": "我们", "sp": "Agent"}, {"p": 65, "c": 0.9, "s": 20288, "e": 20481, "w": "天", "sp": "Agent"}, {"p": 66, "c": 0.9, "s": 20481, "e": 20674, "w": "猫", "sp": "Agent"}, {"p": 67, "c": 0.9, "s": 20674, "e": 21059, "w": "这边", "sp": "Agent"}, {"p": 68, "c": 0.9, "s": 21059, "e": 21444, "w": "安排", "sp": "Agent"}, {"p": 69, "c": 0.9, "s": 21444, "e": 21637, "w": "的", "sp": "Agent"}, {"p": 70, "c": 0.9, "s": 21637, "e": 21830, "w": "吗", "sp": "Agent"}, {"p": 71, "c": 0.9, "s": 21790, "e": 22385, "w": "嗯", "sp": "Customer"}, {"p": 72, "c": 0.9, "s": 22385, "e": 22980, "w": "有", "sp": "Customer"}, {"p": 73, "c": 0.9, "s": 22800, "e": 23220, "w": "嗯", "sp": "Agent"}, {"p": 74, "c": 0.9, "s": 23220, "e": 23640, "w": "嗯", "sp": "Agent"}, {"p": 75, "c": 0.9, "s": 23640, "e": 24060, "w": "嗯", "sp": "Agent"}, {"p": 76, "c": 0.9, "s": 24710, "e": 25214, "w": "那", "sp": "Agent"}, {"p": 77, "c": 0.9, "s": 25215, "e": 25720, "w": "就", "sp": "Agent"}, {"p": 78, "c": 0.9, "s": 26000, "e": 26236, "w": "做", "sp": "Agent"}, {"p": 79, "c": 0.9, "s": 26236, "e": 26710, "w": "这个", "sp": "Agent"}, {"p": 80, "c": 0.9, "s": 26710, "e": 27182, "w": "方案", "sp": "Agent"}, {"p": 81, "c": 0.9, "s": 27183, "e": 27420, "w": "和", "sp": "Agent"}, {"p": 82, "c": 0.9, "s": 27420, "e": 27893, "w": "报价", "sp": "Agent"}, {"p": 83, "c": 0.9, "s": 27690, "e": 28059, "w": "呃", "sp": "Customer"}, {"p": 84, "c": 0.9, "s": 27893, "e": 28130, "w": "嘛", "sp": "Agent"}, {"p": 85, "c": 0.9, "s": 28059, "e": 28428, "w": "我", "sp": "Customer"}, {"p": 86, "c": 0.9, "s": 28428, "e": 29166, "w": "没有", "sp": "Customer"}, {"p": 87, "c": 0.9, "s": 29166, "e": 29535, "w": "让", "sp": "Customer"}, {"p": 88, "c": 0.9, "s": 29535, "e": 29904, "w": "他", "sp": "Customer"}, {"p": 89, "c": 0.9, "s": 29904, "e": 30272, "w": "报", "sp": "Customer"}, {"p": 90, "c": 0.9, "s": 30273, "e": 31011, "w": "因为", "sp": "Customer"}, {"p": 91, "c": 0.9, "s": 31011, "e": 31380, "w": "嗯", "sp": "Customer"}, {"p": 92, "c": 0.9, "s": 31660, "e": 31901, "w": "呃", "sp": "Customer"}, {"p": 93, "c": 0.9, "s": 31901, "e": 32383, "w": "时间", "sp": "Customer"}, {"p": 94, "c": 0.9, "s": 32383, "e": 32867, "w": "有点", "sp": "Customer"}, {"p": 95, "c": 0.9, "s": 32867, "e": 33109, "w": "晚", "sp": "Customer"}, {"p": 96, "c": 0.9, "s": 33109, "e": 33350, "w": "了", "sp": "Customer"}, {"p": 97, "c": 0.9, "s": 33350, "e": 33833, "w": "所以", "sp": "Customer"}, {"p": 98, "c": 0.9, "s": 33833, "e": 34075, "w": "就", "sp": "Customer"}, {"p": 99, "c": 0.9, "s": 34075, "e": 34558, "w": "没有", "sp": "Customer"}, {"p": 100, "c": 0.9, "s": 34558, "e": 34800, "w": "报", "sp": "Customer"}, {"p": 101, "c": 0.9, "s": 35850, "e": 36085, "w": "哦", "sp": "Agent"}, {"p": 102, "c": 0.9, "s": 36085, "e": 36321, "w": "那", "sp": "Agent"}, {"p": 103, "c": 0.9, "s": 36321, "e": 36557, "w": "您", "sp": "Agent"}, {"p": 104, "c": 0.9, "s": 36557, "e": 37029, "w": "这边", "sp": "Agent"}, {"p": 105, "c": 0.9, "s": 37029, "e": 37500, "w": "空调", "sp": "Agent"}, {"p": 106, "c": 0.9, "s": 37500, "e": 37736, "w": "是", "sp": "Agent"}, {"p": 107, "c": 0.9, "s": 37736, "e": 37972, "w": "定", "sp": "Agent"}, {"p": 108, "c": 0.9, "s": 37880, "e": 38152, "w": "呃", "sp": "Customer"}, {"p": 109, "c": 0.9, "s": 37972, "e": 38680, "w": "好了吗", "sp": "Agent"}, {"p": 110, "c": 0.9, "s": 38152, "e": 38698, "w": "不是", "sp": "Customer"}, {"p": 111, "c": 0.9, "s": 38698, "e": 39244, "w": "我们", "sp": "Customer"}, {"p": 112, "c": 0.9, "s": 39244, "e": 39517, "w": "是", "sp": "Customer"}, {"p": 113, "c": 0.9, "s": 39517, "e": 39789, "w": "要", "sp": "Customer"}, {"p": 114, "c": 0.9, "s": 39790, "e": 40335, "w": "那个", "sp": "Customer"}, {"p": 115, "c": 0.9, "s": 40335, "e": 40607, "w": "做", "sp": "Customer"}, {"p": 116, "c": 0.9, "s": 40608, "e": 41154, "w": "预算", "sp": "Customer"}, {"p": 117, "c": 0.9, "s": 41154, "e": 41427, "w": "用", "sp": "Customer"}, {"p": 118, "c": 0.9, "s": 41427, "e": 41699, "w": "的", "sp": "Customer"}, {"p": 119, "c": 0.9, "s": 42680, "e": 42900, "w": "哦", "sp": "Agent"}, {"p": 120, "c": 0.9, "s": 42790, "e": 43740, "w": "对", "sp": "Customer"}, {"p": 121, "c": 0.9, "s": 42900, "e": 43120, "w": "哦", "sp": "Agent"}, {"p": 122, "c": 0.9, "s": 43120, "e": 43340, "w": "哦", "sp": "Agent"}, {"p": 123, "c": 0.9, "s": 43340, "e": 43560, "w": "那", "sp": "Agent"}, {"p": 124, "c": 0.9, "s": 43560, "e": 44000, "w": "现在", "sp": "Agent"}, {"p": 125, "c": 0.9, "s": 44000, "e": 44220, "w": "跟", "sp": "Agent"}, {"p": 126, "c": 0.9, "s": 44220, "e": 44660, "w": "这个", "sp": "Agent"}, {"p": 127, "c": 0.9, "s": 44660, "e": 45320, "w": "经销商", "sp": "Agent"}, {"p": 128, "c": 0.9, "s": 45320, "e": 45540, "w": "还", "sp": "Agent"}, {"p": 129, "c": 0.9, "s": 45540, "e": 45760, "w": "在", "sp": "Agent"}, {"p": 130, "c": 0.9, "s": 45760, "e": 46199, "w": "沟通", "sp": "Agent"}, {"p": 131, "c": 0.9, "s": 46200, "e": 46420, "w": "中", "sp": "Agent"}, {"p": 132, "c": 0.9, "s": 46420, "e": 46640, "w": "吗", "sp": "Agent"}, {"p": 133, "c": 0.9, "s": 46460, "e": 47045, "w": "我们", "sp": "Customer"}, {"p": 134, "c": 0.9, "s": 47045, "e": 47337, "w": "是", "sp": "Customer"}, {"p": 135, "c": 0.9, "s": 47338, "e": 47631, "w": "做", "sp": "Customer"}, {"p": 136, "c": 0.9, "s": 47631, "e": 48217, "w": "工程", "sp": "Customer"}, {"p": 137, "c": 0.9, "s": 48217, "e": 48510, "w": "的", "sp": "Customer"}, {"p": 138, "c": 0.9, "s": 48510, "e": 49095, "w": "还是", "sp": "Customer"}, {"p": 139, "c": 0.9, "s": 49096, "e": 49681, "w": "业主", "sp": "Customer"}, {"p": 140, "c": 0.9, "s": 49681, "e": 50267, "w": "那边", "sp": "Customer"}, {"p": 141, "c": 0.9, "s": 50267, "e": 51146, "w": "到时候", "sp": "Customer"}, {"p": 142, "c": 0.9, "s": 51146, "e": 51439, "w": "他", "sp": "Customer"}, {"p": 143, "c": 0.9, "s": 51439, "e": 52024, "w": "前期", "sp": "Customer"}, {"p": 144, "c": 0.9, "s": 52025, "e": 52317, "w": "做", "sp": "Customer"}, {"p": 145, "c": 0.9, "s": 52317, "e": 52903, "w": "那个", "sp": "Customer"}, {"p": 146, "c": 0.9, "s": 52903, "e": 53196, "w": "呃", "sp": "Customer"}, {"p": 147, "c": 0.9, "s": 53196, "e": 53489, "w": "做", "sp": "Customer"}, {"p": 148, "c": 0.9, "s": 53489, "e": 54074, "w": "技术", "sp": "Customer"}, {"p": 149, "c": 0.9, "s": 54075, "e": 54368, "w": "方", "sp": "Customer"}, {"p": 150, "c": 0.9, "s": 54368, "e": 54661, "w": "啊", "sp": "Customer"}, {"p": 151, "c": 0.9, "s": 54661, "e": 55246, "w": "什么", "sp": "Customer"}, {"p": 152, "c": 0.9, "s": 55246, "e": 55538, "w": "的", "sp": "Customer"}, {"p": 153, "c": 0.9, "s": 55539, "e": 56125, "w": "时候", "sp": "Customer"}, {"p": 154, "c": 0.9, "s": 56125, "e": 56711, "w": "需要", "sp": "Customer"}, {"p": 155, "c": 0.9, "s": 56711, "e": 57296, "w": "沟通", "sp": "Customer"}, {"p": 156, "c": 0.9, "s": 57297, "e": 57590, "w": "的", "sp": "Customer"}, {"p": 157, "c": 0.9, "s": 58380, "e": 58956, "w": "嗯", "sp": "Customer"}, {"p": 158, "c": 0.9, "s": 58540, "e": 58850, "w": "嗯", "sp": "Agent"}, {"p": 159, "c": 0.9, "s": 58850, "e": 59161, "w": "嗯", "sp": "Agent"}, {"p": 160, "c": 0.9, "s": 58956, "e": 60110, "w": "开始", "sp": "Customer"}, {"p": 161, "c": 0.9, "s": 59161, "e": 59472, "w": "嗯", "sp": "Agent"}, {"p": 162, "c": 0.9, "s": 59472, "e": 59783, "w": "那", "sp": "Agent"}, {"p": 163, "c": 0.9, "s": 59783, "e": 60404, "w": "现在", "sp": "Agent"}, {"p": 164, "c": 0.9, "s": 60404, "e": 61026, "w": "这个", "sp": "Agent"}, {"p": 165, "c": 0.9, "s": 61026, "e": 61647, "w": "就是", "sp": "Agent"}, {"p": 166, "c": 0.9, "s": 61210, "e": 61468, "w": "嗯", "sp": "Customer"}, {"p": 167, "c": 0.9, "s": 61468, "e": 61983, "w": "现在", "sp": "Customer"}, {"p": 168, "c": 0.9, "s": 61647, "e": 61958, "w": "嗯", "sp": "Agent"}, {"p": 169, "c": 0.9, "s": 61958, "e": 62269, "w": "您", "sp": "Agent"}, {"p": 170, "c": 0.9, "s": 61984, "e": 62500, "w": "这个", "sp": "Customer"}, {"p": 171, "c": 0.9, "s": 62269, "e": 62580, "w": "说", "sp": "Agent"}, {"p": 172, "c": 0.9, "s": 62500, "e": 63016, "w": "项目", "sp": "Customer"}, {"p": 173, "c": 0.9, "s": 63016, "e": 63532, "w": "什么", "sp": "Customer"}, {"p": 174, "c": 0.9, "s": 63533, "e": 64049, "w": "情况", "sp": "Customer"}, {"p": 175, "c": 0.9, "s": 64049, "e": 64307, "w": "我", "sp": "Customer"}, {"p": 176, "c": 0.9, "s": 64307, "e": 64565, "w": "也", "sp": "Customer"}, {"p": 177, "c": 0.9, "s": 64565, "e": 64823, "w": "不", "sp": "Customer"}, {"p": 178, "c": 0.9, "s": 64823, "e": 65339, "w": "知道", "sp": "Customer"}, {"p": 179, "c": 0.9, "s": 66400, "e": 66623, "w": "哦", "sp": "Agent"}, {"p": 180, "c": 0.9, "s": 66623, "e": 67071, "w": "就是", "sp": "Agent"}, {"p": 181, "c": 0.9, "s": 67071, "e": 67519, "w": "了解", "sp": "Agent"}, {"p": 182, "c": 0.9, "s": 67519, "e": 67966, "w": "了解", "sp": "Agent"}, {"p": 183, "c": 0.9, "s": 67967, "e": 68191, "w": "那", "sp": "Agent"}, {"p": 184, "c": 0.9, "s": 68191, "e": 68415, "w": "有", "sp": "Agent"}, {"p": 185, "c": 0.9, "s": 68415, "e": 68863, "w": "那个", "sp": "Agent"}, {"p": 186, "c": 0.9, "s": 68863, "e": 69534, "w": "经销商", "sp": "Agent"}, {"p": 187, "c": 0.9, "s": 69535, "e": 69758, "w": "有", "sp": "Agent"}, {"p": 188, "c": 0.9, "s": 69758, "e": 70206, "w": "邀请", "sp": "Agent"}, {"p": 189, "c": 0.9, "s": 70206, "e": 70430, "w": "您", "sp": "Agent"}, {"p": 190, "c": 0.9, "s": 70430, "e": 70654, "w": "到", "sp": "Agent"}, {"p": 191, "c": 0.9, "s": 70654, "e": 70878, "w": "他", "sp": "Agent"}, {"p": 192, "c": 0.9, "s": 70878, "e": 71102, "w": "店", "sp": "Agent"}, {"p": 193, "c": 0.9, "s": 71102, "e": 71549, "w": "里面", "sp": "Agent"}, {"p": 194, "c": 0.9, "s": 71550, "e": 71774, "w": "去", "sp": "Agent"}, {"p": 195, "c": 0.9, "s": 71774, "e": 71998, "w": "看", "sp": "Agent"}, {"p": 196, "c": 0.9, "s": 71998, "e": 72446, "w": "一下", "sp": "Agent"}, {"p": 197, "c": 0.9, "s": 72400, "e": 72654, "w": "嗯", "sp": "Customer"}, {"p": 198, "c": 0.9, "s": 72446, "e": 72670, "w": "吗", "sp": "Agent"}, {"p": 199, "c": 0.9, "s": 72654, "e": 73163, "w": "这个", "sp": "Customer"}, {"p": 200, "c": 0.9, "s": 73163, "e": 73417, "w": "不", "sp": "Customer"}, {"p": 201, "c": 0.9, "s": 73417, "e": 73926, "w": "需要", "sp": "Customer"}, {"p": 202, "c": 0.9, "s": 73926, "e": 74435, "w": "因为", "sp": "Customer"}, {"p": 203, "c": 0.9, "s": 74435, "e": 74944, "w": "我们", "sp": "Customer"}, {"p": 204, "c": 0.9, "s": 74944, "e": 75199, "w": "也", "sp": "Customer"}, {"p": 205, "c": 0.9, "s": 75199, "e": 75452, "w": "没", "sp": "Customer"}, {"p": 206, "c": 0.9, "s": 75453, "e": 75962, "w": "必要", "sp": "Customer"}, {"p": 207, "c": 0.9, "s": 75962, "e": 76216, "w": "去", "sp": "Customer"}, {"p": 208, "c": 0.9, "s": 76217, "e": 76725, "w": "店里", "sp": "Customer"}, {"p": 209, "c": 0.9, "s": 76725, "e": 76979, "w": "看", "sp": "Customer"}, {"p": 210, "c": 0.9, "s": 76980, "e": 77489, "w": "因为", "sp": "Customer"}, {"p": 211, "c": 0.9, "s": 77489, "e": 77743, "w": "他", "sp": "Customer"}, {"p": 212, "c": 0.9, "s": 77743, "e": 77997, "w": "都", "sp": "Customer"}, {"p": 213, "c": 0.9, "s": 77998, "e": 78252, "w": "是", "sp": "Customer"}, {"p": 214, "c": 0.9, "s": 78252, "e": 78761, "w": "工业", "sp": "Customer"}, {"p": 215, "c": 0.9, "s": 78761, "e": 79016, "w": "上", "sp": "Customer"}, {"p": 216, "c": 0.9, "s": 78790, "e": 80060, "w": "啊", "sp": "Agent"}, {"p": 217, "c": 0.9, "s": 79016, "e": 79525, "w": "工业", "sp": "Customer"}, {"p": 218, "c": 0.9, "s": 79525, "e": 80034, "w": "上面", "sp": "Customer"}, {"p": 219, "c": 0.9, "s": 80034, "e": 80287, "w": "的", "sp": "Customer"}, {"p": 220, "c": 0.9, "s": 80288, "e": 80542, "w": "嘛", "sp": "Customer"}, {"p": 221, "c": 0.9, "s": 80542, "e": 80797, "w": "嗯", "sp": "Customer"}, {"p": 222, "c": 0.9, "s": 80797, "e": 81050, "w": "跟", "sp": "Customer"}, {"p": 223, "c": 0.9, "s": 81051, "e": 81560, "w": "那个", "sp": "Customer"}, {"p": 224, "c": 0.9, "s": 81260, "e": 81533, "w": "好", "sp": "Agent"}, {"p": 225, "c": 0.9, "s": 81533, "e": 81806, "w": "的", "sp": "Agent"}, {"p": 226, "c": 0.9, "s": 81560, "e": 81814, "w": "店", "sp": "Customer"}, {"p": 227, "c": 0.9, "s": 81806, "e": 82353, "w": "了解", "sp": "Agent"}, {"p": 228, "c": 0.9, "s": 81815, "e": 82324, "w": "里边", "sp": "Customer"}, {"p": 229, "c": 0.9, "s": 82324, "e": 82577, "w": "用", "sp": "Customer"}, {"p": 230, "c": 0.9, "s": 82353, "e": 82899, "w": "就是", "sp": "Agent"}, {"p": 231, "c": 0.9, "s": 82578, "e": 82833, "w": "的", "sp": "Customer"}, {"p": 232, "c": 0.9, "s": 82833, "e": 83087, "w": "是", "sp": "Customer"}, {"p": 233, "c": 0.9, "s": 82900, "e": 83446, "w": "现在", "sp": "Agent"}, {"p": 234, "c": 0.9, "s": 83087, "e": 83341, "w": "不", "sp": "Customer"}, {"p": 235, "c": 0.9, "s": 83342, "e": 83851, "w": "一样", "sp": "Customer"}, {"p": 236, "c": 0.9, "s": 83446, "e": 83720, "w": "嗯", "sp": "Agent"}, {"p": 237, "c": 0.9, "s": 83851, "e": 84104, "w": "的", "sp": "Customer"}, {"p": 238, "c": 0.9, "s": 84105, "e": 84360, "w": "嗯", "sp": "Customer"}, {"p": 239, "c": 0.9, "s": 84390, "e": 84575, "w": "嗯", "sp": "Agent"}, {"p": 240, "c": 0.9, "s": 84575, "e": 84947, "w": "了解", "sp": "Agent"}, {"p": 241, "c": 0.9, "s": 84947, "e": 85132, "w": "那", "sp": "Agent"}, {"p": 242, "c": 0.9, "s": 85133, "e": 85505, "w": "现在", "sp": "Agent"}, {"p": 243, "c": 0.9, "s": 85505, "e": 85877, "w": "就是", "sp": "Agent"}, {"p": 244, "c": 0.9, "s": 85877, "e": 86249, "w": "项目", "sp": "Agent"}, {"p": 245, "c": 0.9, "s": 86249, "e": 86435, "w": "还", "sp": "Agent"}, {"p": 246, "c": 0.9, "s": 86435, "e": 86620, "w": "在", "sp": "Agent"}, {"p": 247, "c": 0.9, "s": 86621, "e": 86992, "w": "推进", "sp": "Agent"}, {"p": 248, "c": 0.9, "s": 86992, "e": 87177, "w": "中", "sp": "Agent"}, {"p": 249, "c": 0.9, "s": 87178, "e": 87550, "w": "具体", "sp": "Agent"}, {"p": 250, "c": 0.9, "s": 87550, "e": 87736, "w": "看", "sp": "Agent"}, {"p": 251, "c": 0.9, "s": 87736, "e": 88108, "w": "这个", "sp": "Agent"}, {"p": 252, "c": 0.9, "s": 88108, "e": 88480, "w": "项目", "sp": "Agent"}, {"p": 253, "c": 0.9, "s": 88360, "e": 88920, "w": "对", "sp": "Customer"}, {"p": 254, "c": 0.9, "s": 88480, "e": 88666, "w": "的", "sp": "Agent"}, {"p": 255, "c": 0.9, "s": 88666, "e": 89038, "w": "进度", "sp": "Agent"}, {"p": 256, "c": 0.9, "s": 88920, "e": 89479, "w": "的", "sp": "Customer"}, {"p": 257, "c": 0.9, "s": 89038, "e": 89224, "w": "对", "sp": "Agent"}, {"p": 258, "c": 0.9, "s": 89224, "e": 89409, "w": "吧", "sp": "Agent"}, {"p": 259, "c": 0.9, "s": 90230, "e": 90425, "w": "哎", "sp": "Agent"}, {"p": 260, "c": 0.9, "s": 90425, "e": 90620, "w": "好", "sp": "Agent"}, {"p": 261, "c": 0.9, "s": 90620, "e": 90816, "w": "的", "sp": "Agent"}, {"p": 262, "c": 0.9, "s": 90816, "e": 91011, "w": "好", "sp": "Agent"}, {"p": 263, "c": 0.9, "s": 91011, "e": 91207, "w": "的", "sp": "Agent"}, {"p": 264, "c": 0.9, "s": 91207, "e": 91402, "w": "那", "sp": "Agent"}, {"p": 265, "c": 0.9, "s": 91402, "e": 91793, "w": "后续", "sp": "Agent"}, {"p": 266, "c": 0.9, "s": 91793, "e": 91989, "w": "有", "sp": "Agent"}, {"p": 267, "c": 0.9, "s": 91989, "e": 92380, "w": "什么", "sp": "Agent"}, {"p": 268, "c": 0.9, "s": 92380, "e": 92771, "w": "问题", "sp": "Agent"}, {"p": 269, "c": 0.9, "s": 92771, "e": 92966, "w": "您", "sp": "Agent"}, {"p": 270, "c": 0.9, "s": 92966, "e": 93357, "w": "可以", "sp": "Agent"}, {"p": 271, "c": 0.9, "s": 93357, "e": 93748, "w": "随时", "sp": "Agent"}, {"p": 272, "c": 0.9, "s": 93748, "e": 93944, "w": "跟", "sp": "Agent"}, {"p": 273, "c": 0.9, "s": 93944, "e": 94335, "w": "这个", "sp": "Agent"}, {"p": 274, "c": 0.9, "s": 94335, "e": 94921, "w": "经销商", "sp": "Agent"}, {"p": 275, "c": 0.9, "s": 94921, "e": 95117, "w": "再", "sp": "Agent"}, {"p": 276, "c": 0.9, "s": 95060, "e": 95470, "w": "嗯", "sp": "Customer"}, {"p": 277, "c": 0.9, "s": 95117, "e": 95507, "w": "沟通", "sp": "Agent"}, {"p": 278, "c": 0.9, "s": 95470, "e": 95880, "w": "好", "sp": "Customer"}, {"p": 279, "c": 0.9, "s": 95508, "e": 95703, "w": "再", "sp": "Agent"}, {"p": 280, "c": 0.9, "s": 95703, "e": 96094, "w": "对接", "sp": "Agent"}, {"p": 281, "c": 0.9, "s": 95880, "e": 96700, "w": "谢谢", "sp": "Customer"}, {"p": 282, "c": 0.9, "s": 96094, "e": 96290, "w": "的", "sp": "Agent"}, {"p": 283, "c": 0.9, "s": 96870, "e": 97066, "w": "嗯", "sp": "Agent"}, {"p": 284, "c": 0.9, "s": 97066, "e": 97262, "w": "嗯", "sp": "Agent"}, {"p": 285, "c": 0.9, "s": 97262, "e": 97458, "w": "嗯", "sp": "Agent"}, {"p": 286, "c": 0.9, "s": 97458, "e": 97655, "w": "好", "sp": "Agent"}, {"p": 287, "c": 0.9, "s": 97530, "e": 98000, "w": "嗯", "sp": "Customer"}, {"p": 288, "c": 0.9, "s": 97655, "e": 97851, "w": "的", "sp": "Agent"}, {"p": 289, "c": 0.9, "s": 97851, "e": 98047, "w": "好", "sp": "Agent"}, {"p": 290, "c": 0.9, "s": 98000, "e": 98470, "w": "嗯", "sp": "Customer"}, {"p": 291, "c": 0.9, "s": 98047, "e": 98243, "w": "的", "sp": "Agent"}, {"p": 292, "c": 0.9, "s": 98244, "e": 98440, "w": "嗯", "sp": "Agent"}, {"p": 293, "c": 0.9, "s": 98440, "e": 98636, "w": "那", "sp": "Agent"}, {"p": 294, "c": 0.9, "s": 98636, "e": 99029, "w": "这边", "sp": "Agent"}, {"p": 295, "c": 0.9, "s": 99029, "e": 99422, "w": "不多", "sp": "Agent"}, {"p": 296, "c": 0.9, "s": 99422, "e": 99813, "w": "打扰", "sp": "Agent"}, {"p": 297, "c": 0.9, "s": 99550, "e": 99890, "w": "好", "sp": "Customer"}, {"p": 298, "c": 0.9, "s": 99814, "e": 100011, "w": "您", "sp": "Agent"}, {"p": 299, "c": 0.9, "s": 99890, "e": 100570, "w": "再见", "sp": "Customer"}, {"p": 300, "c": 0.9, "s": 100011, "e": 100207, "w": "您", "sp": "Agent"}, {"p": 301, "c": 0.9, "s": 100207, "e": 100403, "w": "先", "sp": "Agent"}, {"p": 302, "c": 0.9, "s": 100403, "e": 100600, "w": "忙", "sp": "Agent"}, {"p": 303, "c": 0.9, "s": 100570, "e": 100909, "w": "嗯", "sp": "Customer"}, {"p": 304, "c": 0.9, "s": 101470, "e": 101972, "w": "诶", "sp": "Agent"}, {"p": 305, "c": 0.9, "s": 101972, "e": 102475, "w": "好", "sp": "Agent"}, {"p": 306, "c": 0.9, "s": 102475, "e": 103479, "w": "再见", "sp": "Agent"}]}, "plainText": "喂 你好\n哎 您好 这边 是 大金 空调 厂方 的 想 跟 您 做 个 简单 的 回访 您 方便 吗\n那 你 说\n嗯 就是 二月份 的 时候 您 这边 有 稍微 的 项目 有 那个 呃 需要 装 空调 然后 我们 安排 了 那个 工作人员 跟 您 联系 有 联系 您\n有\n吗\n有\n有的是 吧 有 跟 您 说 是 我们 天 猫 这边 安排 的 吗\n嗯 有\n嗯 嗯 嗯 那 就 做 这个 方案 和 报价\n呃\n嘛\n我 没有 让 他 报 因为 嗯 呃 时间 有点 晚 了 所以 就 没有 报\n哦 那 您 这边 空调 是 定\n呃\n好了吗\n不是 我们 是 要 那个 做 预算 用 的\n哦\n对\n哦 哦 那 现在 跟 这个 经销商 还 在 沟通 中 吗\n我们 是 做 工程 的 还是 业主 那边 到时候 他 前期 做 那个 呃 做 技术 方 啊 什么 的 时候 需要 沟通 的 嗯\n嗯 嗯\n开始\n嗯 那 现在 这个 就是\n嗯 现在\n嗯 您\n这个\n说\n项目 什么 情况 我 也 不 知道\n哦 就是 了解 了解 那 有 那个 经销商 有 邀请 您 到 他 店 里面 去 看 一下\n嗯\n吗\n这个 不 需要 因为 我们 也 没 必要 去 店里 看 因为 他 都 是 工业 上\n啊\n工业 上面 的 嘛 嗯 跟 那个\n好 的\n店\n了解\n里边 用\n就是\n的 是\n现在\n不 一样\n嗯\n的 嗯\n嗯 了解 那 现在 就是 项目 还 在 推进 中 具体 看 这个 项目\n对\n的 进度\n的\n对 吧 哎 好 的 好 的 那 后续 有 什么 问题 您 可以 随时 跟 这个 经销商 再\n嗯\n沟通\n好\n再 对接\n谢谢\n的 嗯 嗯 嗯 好\n嗯\n的 好\n嗯\n的 嗯 那 这边 不多 打扰\n好\n您\n再见\n您 先 忙\n嗯\n诶 好 再见", "plainTextTime": {"verbatims": [{"s": 990, "e": 1910, "w": "喂 你好", "sp": "Customer"}, {"s": 1880, "e": 7160, "w": "哎 您好 这边 是 大金 空调 厂方 的 想 跟 您 做 个 简单 的 回访 您 方便 吗", "sp": "Agent"}, {"s": 7300, "e": 8380, "w": "那 你 说", "sp": "Customer"}, {"s": 8260, "e": 17066, "w": "嗯 就是 二月份 的 时候 您 这边 有 稍微 的 项目 有 那个 呃 需要 装 空调 然后 我们 安排 了 那个 工作人员 跟 您 联系 有 联系 您", "sp": "Agent"}, {"s": 16990, "e": 17615, "w": "有", "sp": "Customer"}, {"s": 17066, "e": 17250, "w": "吗", "sp": "Agent"}, {"s": 17615, "e": 18240, "w": "有", "sp": "Customer"}, {"s": 18170, "e": 21830, "w": "有的是 吧 有 跟 您 说 是 我们 天 猫 这边 安排 的 吗", "sp": "Agent"}, {"s": 21790, "e": 22980, "w": "嗯 有", "sp": "Customer"}, {"s": 22800, "e": 27893, "w": "嗯 嗯 嗯 那 就 做 这个 方案 和 报价", "sp": "Agent"}, {"s": 27690, "e": 28059, "w": "呃", "sp": "Customer"}, {"s": 27893, "e": 28130, "w": "嘛", "sp": "Agent"}, {"s": 28059, "e": 34800, "w": "我 没有 让 他 报 因为 嗯 呃 时间 有点 晚 了 所以 就 没有 报", "sp": "Customer"}, {"s": 35850, "e": 37972, "w": "哦 那 您 这边 空调 是 定", "sp": "Agent"}, {"s": 37880, "e": 38152, "w": "呃", "sp": "Customer"}, {"s": 37972, "e": 38680, "w": "好了吗", "sp": "Agent"}, {"s": 38152, "e": 41699, "w": "不是 我们 是 要 那个 做 预算 用 的", "sp": "Customer"}, {"s": 42680, "e": 42900, "w": "哦", "sp": "Agent"}, {"s": 42790, "e": 43740, "w": "对", "sp": "Customer"}, {"s": 42900, "e": 46640, "w": "哦 哦 那 现在 跟 这个 经销商 还 在 沟通 中 吗", "sp": "Agent"}, {"s": 46460, "e": 58956, "w": "我们 是 做 工程 的 还是 业主 那边 到时候 他 前期 做 那个 呃 做 技术 方 啊 什么 的 时候 需要 沟通 的 嗯", "sp": "Customer"}, {"s": 58540, "e": 59161, "w": "嗯 嗯", "sp": "Agent"}, {"s": 58956, "e": 60110, "w": "开始", "sp": "Customer"}, {"s": 59161, "e": 61647, "w": "嗯 那 现在 这个 就是", "sp": "Agent"}, {"s": 61210, "e": 61983, "w": "嗯 现在", "sp": "Customer"}, {"s": 61647, "e": 62269, "w": "嗯 您", "sp": "Agent"}, {"s": 61984, "e": 62500, "w": "这个", "sp": "Customer"}, {"s": 62269, "e": 62580, "w": "说", "sp": "Agent"}, {"s": 62500, "e": 65339, "w": "项目 什么 情况 我 也 不 知道", "sp": "Customer"}, {"s": 66400, "e": 72446, "w": "哦 就是 了解 了解 那 有 那个 经销商 有 邀请 您 到 他 店 里面 去 看 一下", "sp": "Agent"}, {"s": 72400, "e": 72654, "w": "嗯", "sp": "Customer"}, {"s": 72446, "e": 72670, "w": "吗", "sp": "Agent"}, {"s": 72654, "e": 79016, "w": "这个 不 需要 因为 我们 也 没 必要 去 店里 看 因为 他 都 是 工业 上", "sp": "Customer"}, {"s": 78790, "e": 80060, "w": "啊", "sp": "Agent"}, {"s": 79016, "e": 81560, "w": "工业 上面 的 嘛 嗯 跟 那个", "sp": "Customer"}, {"s": 81260, "e": 81806, "w": "好 的", "sp": "Agent"}, {"s": 81560, "e": 81814, "w": "店", "sp": "Customer"}, {"s": 81806, "e": 82353, "w": "了解", "sp": "Agent"}, {"s": 81815, "e": 82577, "w": "里边 用", "sp": "Customer"}, {"s": 82353, "e": 82899, "w": "就是", "sp": "Agent"}, {"s": 82578, "e": 83087, "w": "的 是", "sp": "Customer"}, {"s": 82900, "e": 83446, "w": "现在", "sp": "Agent"}, {"s": 83087, "e": 83851, "w": "不 一样", "sp": "Customer"}, {"s": 83446, "e": 83720, "w": "嗯", "sp": "Agent"}, {"s": 83851, "e": 84360, "w": "的 嗯", "sp": "Customer"}, {"s": 84390, "e": 88480, "w": "嗯 了解 那 现在 就是 项目 还 在 推进 中 具体 看 这个 项目", "sp": "Agent"}, {"s": 88360, "e": 88920, "w": "对", "sp": "Customer"}, {"s": 88480, "e": 89038, "w": "的 进度", "sp": "Agent"}, {"s": 88920, "e": 89479, "w": "的", "sp": "Customer"}, {"s": 89038, "e": 95117, "w": "对 吧 哎 好 的 好 的 那 后续 有 什么 问题 您 可以 随时 跟 这个 经销商 再", "sp": "Agent"}, {"s": 95060, "e": 95470, "w": "嗯", "sp": "Customer"}, {"s": 95117, "e": 95507, "w": "沟通", "sp": "Agent"}, {"s": 95470, "e": 95880, "w": "好", "sp": "Customer"}, {"s": 95508, "e": 96094, "w": "再 对接", "sp": "Agent"}, {"s": 95880, "e": 96700, "w": "谢谢", "sp": "Customer"}, {"s": 96094, "e": 97655, "w": "的 嗯 嗯 嗯 好", "sp": "Agent"}, {"s": 97530, "e": 98000, "w": "嗯", "sp": "Customer"}, {"s": 97655, "e": 98047, "w": "的 好", "sp": "Agent"}, {"s": 98000, "e": 98470, "w": "嗯", "sp": "Customer"}, {"s": 98047, "e": 99813, "w": "的 嗯 那 这边 不多 打扰", "sp": "Agent"}, {"s": 99550, "e": 99890, "w": "好", "sp": "Customer"}, {"s": 99814, "e": 100011, "w": "您", "sp": "Agent"}, {"s": 99890, "e": 100570, "w": "再见", "sp": "Customer"}, {"s": 100011, "e": 100600, "w": "您 先 忙", "sp": "Agent"}, {"s": 100570, "e": 100909, "w": "嗯", "sp": "Customer"}, {"s": 101470, "e": 103479, "w": "诶 好 再见", "sp": "Agent"}]}, "aqm": {"greeting": {"greeting_said": "您好, 大金, 空调", "n_greeting_said": 3, "score": 1}, "closing": {"closing_said": "您, 再见", "n_closing_said": 2, "score": 0}, "speed": {"speed_max": 5.45, "n_words": 48, "words": "嗯 就是 二月份 的 时候 您 这边 有 稍微 的 项目 有 那个 呃 需要 装 空调 然后 我们 安排 了 那个 工作人员 跟 您 联系 有 联系 您", "start": 8260, "end": 17066}}}