{"mediaId": "2022031316131226208747450678303001", "status": "Success", "dateCreated": "2022-03-21T18:45:50Z", "contentType": "audio/x-wav", "channels": "future use", "length": 190, "metadata": {"Sid": 10112, "Site_id": 783, "Audio_ch_num": 87474506, "Audio_module_num": 783002, "Audio_start_time_gmt": "2022-03-13T08:13:12.263+08:00", "Transaction_id": "2022031316131226208747450678303001", "ContactID": "9144801359220000301", "Personal_id": "0", "Direction": 1, "Local_audio_start_time": "2022-03-13T16:13:12.263+08:00", "Local_audio_end_time": "2022-03-13T16:16:22.263+08:00", "Total_hold_time": "0", "Pbx_login_id": "800009", "Ani": "13588984524", "Extension": "600031", "String_extension": "600031", "Switch_call_id": "006f0330e46d504a", "Switch_id": "783000001", "Duration_seconds": 190, "Wrapup_time_in_seconds": "0", "Dnis": "02152690551", "Number_of_conferences": "0", "Number_of_holds": "0", "Number_of_transfers": "0", "Percent_of_agent_call": "102", "Percent_of_other_call": "44", "Percent_of_mutual_silence": "37", "Num_of_agent_cross": "10", "Num_of_other_cross": "2", "IsException": 0, "CD2": "013GVT56OG919AP72LUHVB5AES000CIK"}, "transcript_detailed": {"words": [{"p": 1, "c": 0.9, "s": 580, "e": 1710, "w": "喂", "sp": "Agent"}, {"p": 2, "c": 0.9, "s": 2090, "e": 2504, "w": "啊", "sp": "Customer"}, {"p": 3, "c": 0.9, "s": 2505, "e": 2920, "w": "喂", "sp": "Customer"}, {"p": 4, "c": 0.9, "s": 2920, "e": 3750, "w": "你好", "sp": "Customer"}, {"p": 5, "c": 0.9, "s": 4030, "e": 4486, "w": "哎", "sp": "Agent"}, {"p": 6, "c": 0.9, "s": 4486, "e": 5400, "w": "你好", "sp": "Agent"}, {"p": 7, "c": 0.9, "s": 5300, "e": 5532, "w": "我", "sp": "Customer"}, {"p": 8, "c": 0.9, "s": 5532, "e": 5764, "w": "想", "sp": "Customer"}, {"p": 9, "c": 0.9, "s": 5764, "e": 6229, "w": "知道", "sp": "Customer"}, {"p": 10, "c": 0.9, "s": 6229, "e": 6694, "w": "你们", "sp": "Customer"}, {"p": 11, "c": 0.9, "s": 6694, "e": 6925, "w": "在", "sp": "Customer"}, {"p": 12, "c": 0.9, "s": 6926, "e": 7391, "w": "这个", "sp": "Customer"}, {"p": 13, "c": 0.9, "s": 7391, "e": 8087, "w": "浙江省", "sp": "Customer"}, {"p": 14, "c": 0.9, "s": 8088, "e": 8785, "w": "温州市", "sp": "Customer"}, {"p": 15, "c": 0.9, "s": 8785, "e": 9249, "w": "乐清", "sp": "Customer"}, {"p": 16, "c": 0.9, "s": 9249, "e": 9481, "w": "市", "sp": "Customer"}, {"p": 17, "c": 0.9, "s": 9482, "e": 9946, "w": "这里", "sp": "Customer"}, {"p": 18, "c": 0.9, "s": 9946, "e": 10643, "w": "有没有", "sp": "Customer"}, {"p": 19, "c": 0.9, "s": 10643, "e": 10875, "w": "呃", "sp": "Customer"}, {"p": 20, "c": 0.9, "s": 10876, "e": 11340, "w": "那个", "sp": "Customer"}, {"p": 21, "c": 0.9, "s": 11340, "e": 12037, "w": "直营店", "sp": "Customer"}, {"p": 22, "c": 0.9, "s": 12037, "e": 12269, "w": "的", "sp": "Customer"}, {"p": 23, "c": 0.9, "s": 13290, "e": 13541, "w": "嗯", "sp": "Agent"}, {"p": 24, "c": 0.9, "s": 13541, "e": 14043, "w": "我们", "sp": "Agent"}, {"p": 25, "c": 0.9, "s": 14043, "e": 14546, "w": "这边", "sp": "Agent"}, {"p": 26, "c": 0.9, "s": 14546, "e": 14797, "w": "是", "sp": "Agent"}, {"p": 27, "c": 0.9, "s": 14797, "e": 15299, "w": "那个", "sp": "Agent"}, {"p": 28, "c": 0.9, "s": 15299, "e": 15802, "w": "厂方", "sp": "Agent"}, {"p": 29, "c": 0.9, "s": 15802, "e": 16304, "w": "客服", "sp": "Agent"}, {"p": 30, "c": 0.9, "s": 16304, "e": 16556, "w": "是", "sp": "Agent"}, {"p": 31, "c": 0.9, "s": 16556, "e": 17309, "w": "看不到", "sp": "Agent"}, {"p": 32, "c": 0.9, "s": 17309, "e": 17812, "w": "门店", "sp": "Agent"}, {"p": 33, "c": 0.9, "s": 17812, "e": 18063, "w": "的", "sp": "Agent"}, {"p": 34, "c": 0.9, "s": 18063, "e": 18565, "w": "一个", "sp": "Agent"}, {"p": 35, "c": 0.9, "s": 18565, "e": 19068, "w": "具体", "sp": "Agent"}, {"p": 36, "c": 0.9, "s": 19068, "e": 19570, "w": "地址", "sp": "Agent"}, {"p": 37, "c": 0.9, "s": 19570, "e": 19822, "w": "的", "sp": "Agent"}, {"p": 38, "c": 0.9, "s": 19822, "e": 20324, "w": "但是", "sp": "Agent"}, {"p": 39, "c": 0.9, "s": 20324, "e": 20826, "w": "我们", "sp": "Agent"}, {"p": 40, "c": 0.9, "s": 20826, "e": 21329, "w": "可以", "sp": "Agent"}, {"p": 41, "c": 0.9, "s": 21329, "e": 21580, "w": "帮", "sp": "Agent"}, {"p": 42, "c": 0.9, "s": 21580, "e": 21831, "w": "您", "sp": "Agent"}, {"p": 43, "c": 0.9, "s": 21831, "e": 22334, "w": "安排", "sp": "Agent"}, {"p": 44, "c": 0.9, "s": 22334, "e": 22836, "w": "那个", "sp": "Agent"}, {"p": 45, "c": 0.9, "s": 22836, "e": 23339, "w": "门店", "sp": "Agent"}, {"p": 46, "c": 0.9, "s": 23339, "e": 23841, "w": "对接", "sp": "Agent"}, {"p": 47, "c": 0.9, "s": 23841, "e": 24092, "w": "嗯", "sp": "Agent"}, {"p": 48, "c": 0.9, "s": 24092, "e": 24344, "w": "想", "sp": "Agent"}, {"p": 49, "c": 0.9, "s": 24344, "e": 24595, "w": "问", "sp": "Agent"}, {"p": 50, "c": 0.9, "s": 24595, "e": 25097, "w": "一下", "sp": "Agent"}, {"p": 51, "c": 0.9, "s": 25097, "e": 25349, "w": "您", "sp": "Agent"}, {"p": 52, "c": 0.9, "s": 25349, "e": 25600, "w": "家", "sp": "Agent"}, {"p": 53, "c": 0.9, "s": 25600, "e": 26102, "w": "的话", "sp": "Agent"}, {"p": 54, "c": 0.9, "s": 26102, "e": 26605, "w": "就是", "sp": "Agent"}, {"p": 55, "c": 0.9, "s": 26605, "e": 26855, "w": "嗯", "sp": "Agent"}, {"p": 56, "c": 0.9, "s": 26856, "e": 27358, "w": "户型", "sp": "Agent"}, {"p": 57, "c": 0.9, "s": 27358, "e": 27861, "w": "大概", "sp": "Agent"}, {"p": 58, "c": 0.9, "s": 27861, "e": 28112, "w": "是", "sp": "Agent"}, {"p": 59, "c": 0.9, "s": 28112, "e": 28615, "w": "什么", "sp": "Agent"}, {"p": 60, "c": 0.9, "s": 28615, "e": 29117, "w": "样子", "sp": "Agent"}, {"p": 61, "c": 0.9, "s": 29117, "e": 29368, "w": "的", "sp": "Agent"}, {"p": 62, "c": 0.9, "s": 29368, "e": 29620, "w": "呀", "sp": "Agent"}, {"p": 63, "c": 0.9, "s": 29880, "e": 30123, "w": "嗯", "sp": "Customer"}, {"p": 64, "c": 0.9, "s": 30124, "e": 30368, "w": "你", "sp": "Customer"}, {"p": 65, "c": 0.9, "s": 30368, "e": 30613, "w": "就", "sp": "Customer"}, {"p": 66, "c": 0.9, "s": 30613, "e": 30857, "w": "先", "sp": "Customer"}, {"p": 67, "c": 0.9, "s": 30857, "e": 31101, "w": "帮", "sp": "Customer"}, {"p": 68, "c": 0.9, "s": 31101, "e": 31346, "w": "我", "sp": "Customer"}, {"p": 69, "c": 0.9, "s": 31346, "e": 31835, "w": "安排", "sp": "Customer"}, {"p": 70, "c": 0.9, "s": 31835, "e": 32322, "w": "一下", "sp": "Customer"}, {"p": 71, "c": 0.9, "s": 32323, "e": 32568, "w": "哦", "sp": "Customer"}, {"p": 72, "c": 0.9, "s": 32568, "e": 32812, "w": "我", "sp": "Customer"}, {"p": 73, "c": 0.9, "s": 32812, "e": 33056, "w": "去", "sp": "Customer"}, {"p": 74, "c": 0.9, "s": 33056, "e": 33301, "w": "看", "sp": "Customer"}, {"p": 75, "c": 0.9, "s": 33301, "e": 33789, "w": "一下", "sp": "Customer"}, {"p": 76, "c": 0.9, "s": 35490, "e": 35696, "w": "嗯", "sp": "Agent"}, {"p": 77, "c": 0.9, "s": 35696, "e": 36108, "w": "我们", "sp": "Agent"}, {"p": 78, "c": 0.9, "s": 36109, "e": 36522, "w": "这边", "sp": "Agent"}, {"p": 79, "c": 0.9, "s": 36522, "e": 36934, "w": "的话", "sp": "Agent"}, {"p": 80, "c": 0.9, "s": 36935, "e": 37142, "w": "呢", "sp": "Agent"}, {"p": 81, "c": 0.9, "s": 37142, "e": 37554, "w": "就是", "sp": "Agent"}, {"p": 82, "c": 0.9, "s": 37555, "e": 37968, "w": "可以", "sp": "Agent"}, {"p": 83, "c": 0.9, "s": 37968, "e": 38174, "w": "帮", "sp": "Agent"}, {"p": 84, "c": 0.9, "s": 38174, "e": 38381, "w": "您", "sp": "Agent"}, {"p": 85, "c": 0.9, "s": 38381, "e": 38794, "w": "安排", "sp": "Agent"}, {"p": 86, "c": 0.9, "s": 38794, "e": 39413, "w": "比如说", "sp": "Agent"}, {"p": 87, "c": 0.9, "s": 39414, "e": 39620, "w": "对", "sp": "Agent"}, {"p": 88, "c": 0.9, "s": 39620, "e": 39827, "w": "您", "sp": "Agent"}, {"p": 89, "c": 0.9, "s": 39827, "e": 40239, "w": "这个", "sp": "Agent"}, {"p": 90, "c": 0.9, "s": 40240, "e": 40653, "w": "户型", "sp": "Agent"}, {"p": 91, "c": 0.9, "s": 40653, "e": 41066, "w": "面积", "sp": "Agent"}, {"p": 92, "c": 0.9, "s": 41066, "e": 41479, "w": "或者", "sp": "Agent"}, {"p": 93, "c": 0.9, "s": 41479, "e": 41685, "w": "是", "sp": "Agent"}, {"p": 94, "c": 0.9, "s": 41685, "e": 41892, "w": "说", "sp": "Agent"}, {"p": 95, "c": 0.9, "s": 41892, "e": 42098, "w": "嗯", "sp": "Agent"}, {"p": 96, "c": 0.9, "s": 42098, "e": 42512, "w": "小区", "sp": "Agent"}, {"p": 97, "c": 0.9, "s": 42512, "e": 42925, "w": "比较", "sp": "Agent"}, {"p": 98, "c": 0.9, "s": 42925, "e": 43337, "w": "熟悉", "sp": "Agent"}, {"p": 99, "c": 0.9, "s": 43338, "e": 43544, "w": "的", "sp": "Agent"}, {"p": 100, "c": 0.9, "s": 43544, "e": 43956, "w": "那个", "sp": "Agent"}, {"p": 101, "c": 0.9, "s": 43957, "e": 44577, "w": "设计师", "sp": "Agent"}, {"p": 102, "c": 0.9, "s": 44577, "e": 44783, "w": "跟", "sp": "Agent"}, {"p": 103, "c": 0.9, "s": 44783, "e": 44990, "w": "您", "sp": "Agent"}, {"p": 104, "c": 0.9, "s": 44990, "e": 45403, "w": "对接", "sp": "Agent"}, {"p": 105, "c": 0.9, "s": 45403, "e": 45610, "w": "的", "sp": "Agent"}, {"p": 106, "c": 0.9, "s": 46320, "e": 46617, "w": "呃", "sp": "Customer"}, {"p": 107, "c": 0.9, "s": 46617, "e": 46915, "w": "我", "sp": "Customer"}, {"p": 108, "c": 0.9, "s": 46915, "e": 47510, "w": "需要", "sp": "Customer"}, {"p": 109, "c": 0.9, "s": 47510, "e": 48105, "w": "就是", "sp": "Customer"}, {"p": 110, "c": 0.9, "s": 48105, "e": 48700, "w": "乐清", "sp": "Customer"}, {"p": 111, "c": 0.9, "s": 48700, "e": 49295, "w": "这边", "sp": "Customer"}, {"p": 112, "c": 0.9, "s": 49295, "e": 49592, "w": "区", "sp": "Customer"}, {"p": 113, "c": 0.9, "s": 49592, "e": 49890, "w": "的", "sp": "Customer"}, {"p": 114, "c": 0.9, "s": 49890, "e": 50485, "w": "门店", "sp": "Customer"}, {"p": 115, "c": 0.9, "s": 50485, "e": 50782, "w": "我", "sp": "Customer"}, {"p": 116, "c": 0.9, "s": 50782, "e": 51080, "w": "要", "sp": "Customer"}, {"p": 117, "c": 0.9, "s": 51080, "e": 51377, "w": "去", "sp": "Customer"}, {"p": 118, "c": 0.9, "s": 51377, "e": 51972, "w": "现场", "sp": "Customer"}, {"p": 119, "c": 0.9, "s": 51972, "e": 52270, "w": "看", "sp": "Customer"}, {"p": 120, "c": 0.9, "s": 52500, "e": 52836, "w": "嗯", "sp": "Agent"}, {"p": 121, "c": 0.9, "s": 52836, "e": 53171, "w": "嗯", "sp": "Agent"}, {"p": 122, "c": 0.9, "s": 53172, "e": 53509, "w": "嗯", "sp": "Agent"}, {"p": 123, "c": 0.9, "s": 53509, "e": 53844, "w": "我", "sp": "Agent"}, {"p": 124, "c": 0.9, "s": 53845, "e": 54518, "w": "理解", "sp": "Agent"}, {"p": 125, "c": 0.9, "s": 54518, "e": 54854, "w": "您", "sp": "Agent"}, {"p": 126, "c": 0.9, "s": 54854, "e": 55190, "w": "的", "sp": "Agent"}, {"p": 127, "c": 0.9, "s": 55190, "e": 55863, "w": "意思", "sp": "Agent"}, {"p": 128, "c": 0.9, "s": 55863, "e": 56200, "w": "嗯", "sp": "Agent"}, {"p": 129, "c": 0.9, "s": 57060, "e": 57462, "w": "您", "sp": "Agent"}, {"p": 130, "c": 0.9, "s": 57462, "e": 57865, "w": "是", "sp": "Agent"}, {"p": 131, "c": 0.9, "s": 57520, "e": 58440, "w": "嗯", "sp": "Customer"}, {"p": 132, "c": 0.9, "s": 57865, "e": 58268, "w": "在", "sp": "Agent"}, {"p": 133, "c": 0.9, "s": 58268, "e": 59074, "w": "温州", "sp": "Agent"}, {"p": 134, "c": 0.9, "s": 59074, "e": 59477, "w": "对", "sp": "Agent"}, {"p": 135, "c": 0.9, "s": 59477, "e": 59880, "w": "吗", "sp": "Agent"}, {"p": 136, "c": 0.9, "s": 59790, "e": 60132, "w": "对", "sp": "Customer"}, {"p": 137, "c": 0.9, "s": 60132, "e": 60816, "w": "温州", "sp": "Customer"}, {"p": 138, "c": 0.9, "s": 60816, "e": 61501, "w": "乐清", "sp": "Customer"}, {"p": 139, "c": 0.9, "s": 61501, "e": 62184, "w": "乐清", "sp": "Customer"}, {"p": 140, "c": 0.9, "s": 62185, "e": 62527, "w": "有", "sp": "Customer"}, {"p": 141, "c": 0.9, "s": 62527, "e": 62870, "w": "吗", "sp": "Customer"}, {"p": 142, "c": 0.9, "s": 63680, "e": 64190, "w": "看", "sp": "Agent"}, {"p": 143, "c": 0.9, "s": 64190, "e": 65210, "w": "一下", "sp": "Agent"}, {"p": 144, "c": 0.9, "s": 67960, "e": 68370, "w": "乐清", "sp": "Agent"}, {"p": 145, "c": 0.9, "s": 68370, "e": 68575, "w": "对", "sp": "Agent"}, {"p": 146, "c": 0.9, "s": 68575, "e": 68780, "w": "吧", "sp": "Agent"}, {"p": 147, "c": 0.9, "s": 68780, "e": 69190, "w": "乐清", "sp": "Agent"}, {"p": 148, "c": 0.9, "s": 69190, "e": 69395, "w": "是", "sp": "Agent"}, {"p": 149, "c": 0.9, "s": 69395, "e": 69600, "w": "有", "sp": "Agent"}, {"p": 150, "c": 0.9, "s": 69600, "e": 69805, "w": "的", "sp": "Agent"}, {"p": 151, "c": 0.9, "s": 69805, "e": 70010, "w": "嗯", "sp": "Agent"}, {"p": 152, "c": 0.9, "s": 70010, "e": 70420, "w": "然后", "sp": "Agent"}, {"p": 153, "c": 0.9, "s": 70420, "e": 70830, "w": "的话", "sp": "Agent"}, {"p": 154, "c": 0.9, "s": 70830, "e": 71240, "w": "就是", "sp": "Agent"}, {"p": 155, "c": 0.9, "s": 71240, "e": 71445, "w": "您", "sp": "Agent"}, {"p": 156, "c": 0.9, "s": 71445, "e": 71650, "w": "有", "sp": "Agent"}, {"p": 157, "c": 0.9, "s": 71650, "e": 71855, "w": "在", "sp": "Agent"}, {"p": 158, "c": 0.9, "s": 71855, "e": 72265, "w": "我们", "sp": "Agent"}, {"p": 159, "c": 0.9, "s": 72265, "e": 72470, "w": "线", "sp": "Agent"}, {"p": 160, "c": 0.9, "s": 72470, "e": 72675, "w": "上", "sp": "Agent"}, {"p": 161, "c": 0.9, "s": 72675, "e": 72880, "w": "跟", "sp": "Agent"}, {"p": 162, "c": 0.9, "s": 72880, "e": 73290, "w": "我们", "sp": "Agent"}, {"p": 163, "c": 0.9, "s": 73290, "e": 73700, "w": "客服", "sp": "Agent"}, {"p": 164, "c": 0.9, "s": 73700, "e": 74110, "w": "这边", "sp": "Agent"}, {"p": 165, "c": 0.9, "s": 74110, "e": 74315, "w": "聊", "sp": "Agent"}, {"p": 166, "c": 0.9, "s": 74315, "e": 74520, "w": "过", "sp": "Agent"}, {"p": 167, "c": 0.9, "s": 74520, "e": 74725, "w": "吗", "sp": "Agent"}, {"p": 168, "c": 0.9, "s": 74725, "e": 75135, "w": "就是", "sp": "Agent"}, {"p": 169, "c": 0.9, "s": 75135, "e": 75340, "w": "跟", "sp": "Agent"}, {"p": 170, "c": 0.9, "s": 75340, "e": 75750, "w": "我们", "sp": "Agent"}, {"p": 171, "c": 0.9, "s": 75750, "e": 76160, "w": "淘宝", "sp": "Agent"}, {"p": 172, "c": 0.9, "s": 76160, "e": 76570, "w": "客服", "sp": "Agent"}, {"p": 173, "c": 0.9, "s": 77120, "e": 77337, "w": "嗯", "sp": "Customer"}, {"p": 174, "c": 0.9, "s": 77337, "e": 77771, "w": "没有", "sp": "Customer"}, {"p": 175, "c": 0.9, "s": 77771, "e": 77988, "w": "我", "sp": "Customer"}, {"p": 176, "c": 0.9, "s": 77988, "e": 78422, "w": "就是", "sp": "Customer"}, {"p": 177, "c": 0.9, "s": 78422, "e": 78639, "w": "看", "sp": "Customer"}, {"p": 178, "c": 0.9, "s": 78639, "e": 78856, "w": "了", "sp": "Customer"}, {"p": 179, "c": 0.9, "s": 78856, "e": 79290, "w": "一下", "sp": "Customer"}, {"p": 180, "c": 0.9, "s": 79290, "e": 79724, "w": "大厅", "sp": "Customer"}, {"p": 181, "c": 0.9, "s": 79724, "e": 80158, "w": "空调", "sp": "Customer"}, {"p": 182, "c": 0.9, "s": 80158, "e": 80591, "w": "所以", "sp": "Customer"}, {"p": 183, "c": 0.9, "s": 80592, "e": 80809, "w": "我", "sp": "Customer"}, {"p": 184, "c": 0.9, "s": 80809, "e": 81026, "w": "想", "sp": "Customer"}, {"p": 185, "c": 0.9, "s": 81026, "e": 81243, "w": "在", "sp": "Customer"}, {"p": 186, "c": 0.9, "s": 81243, "e": 81676, "w": "门店", "sp": "Customer"}, {"p": 187, "c": 0.9, "s": 81677, "e": 82111, "w": "了解", "sp": "Customer"}, {"p": 188, "c": 0.9, "s": 82111, "e": 82545, "w": "一下", "sp": "Customer"}, {"p": 189, "c": 0.9, "s": 82545, "e": 82979, "w": "然后", "sp": "Customer"}, {"p": 190, "c": 0.9, "s": 82979, "e": 83412, "w": "乐清", "sp": "Customer"}, {"p": 191, "c": 0.9, "s": 83413, "e": 83630, "w": "我", "sp": "Customer"}, {"p": 192, "c": 0.9, "s": 83630, "e": 84063, "w": "不知", "sp": "Customer"}, {"p": 193, "c": 0.9, "s": 84064, "e": 84281, "w": "道", "sp": "Customer"}, {"p": 194, "c": 0.9, "s": 84281, "e": 84932, "w": "直营店", "sp": "Customer"}, {"p": 195, "c": 0.9, "s": 84932, "e": 85149, "w": "在", "sp": "Customer"}, {"p": 196, "c": 0.9, "s": 85149, "e": 85583, "w": "哪里", "sp": "Customer"}, {"p": 197, "c": 0.9, "s": 85583, "e": 86017, "w": "所以", "sp": "Customer"}, {"p": 198, "c": 0.9, "s": 86017, "e": 86234, "w": "我", "sp": "Customer"}, {"p": 199, "c": 0.9, "s": 86234, "e": 86451, "w": "想", "sp": "Customer"}, {"p": 200, "c": 0.9, "s": 86451, "e": 86884, "w": "了解", "sp": "Customer"}, {"p": 201, "c": 0.9, "s": 86885, "e": 87320, "w": "一下", "sp": "Customer"}, {"p": 202, "c": 0.9, "s": 87240, "e": 87431, "w": "嗯", "sp": "Agent"}, {"p": 203, "c": 0.9, "s": 87431, "e": 87623, "w": "嗯", "sp": "Agent"}, {"p": 204, "c": 0.9, "s": 87623, "e": 87814, "w": "嗯", "sp": "Agent"}, {"p": 205, "c": 0.9, "s": 87814, "e": 88006, "w": "嗯", "sp": "Agent"}, {"p": 206, "c": 0.9, "s": 88006, "e": 88197, "w": "我", "sp": "Agent"}, {"p": 207, "c": 0.9, "s": 88197, "e": 88581, "w": "理解", "sp": "Agent"}, {"p": 208, "c": 0.9, "s": 88581, "e": 88772, "w": "您", "sp": "Agent"}, {"p": 209, "c": 0.9, "s": 88772, "e": 88964, "w": "的", "sp": "Agent"}, {"p": 210, "c": 0.9, "s": 88964, "e": 89347, "w": "意思", "sp": "Agent"}, {"p": 211, "c": 0.9, "s": 89347, "e": 89539, "w": "嗯", "sp": "Agent"}, {"p": 212, "c": 0.9, "s": 89539, "e": 89922, "w": "以后", "sp": "Agent"}, {"p": 213, "c": 0.9, "s": 89922, "e": 90305, "w": "的话", "sp": "Agent"}, {"p": 214, "c": 0.9, "s": 90305, "e": 90497, "w": "呢", "sp": "Agent"}, {"p": 215, "c": 0.9, "s": 90497, "e": 90880, "w": "我们", "sp": "Agent"}, {"p": 216, "c": 0.9, "s": 90880, "e": 91263, "w": "这边", "sp": "Agent"}, {"p": 217, "c": 0.9, "s": 91263, "e": 91455, "w": "是", "sp": "Agent"}, {"p": 218, "c": 0.9, "s": 91455, "e": 91838, "w": "可以", "sp": "Agent"}, {"p": 219, "c": 0.9, "s": 91838, "e": 92029, "w": "帮", "sp": "Agent"}, {"p": 220, "c": 0.9, "s": 92029, "e": 92221, "w": "您", "sp": "Agent"}, {"p": 221, "c": 0.9, "s": 92221, "e": 92604, "w": "安排", "sp": "Agent"}, {"p": 222, "c": 0.9, "s": 92604, "e": 92796, "w": "的", "sp": "Agent"}, {"p": 223, "c": 0.9, "s": 92796, "e": 93179, "w": "但是", "sp": "Agent"}, {"p": 224, "c": 0.9, "s": 93179, "e": 93562, "w": "的话", "sp": "Agent"}, {"p": 225, "c": 0.9, "s": 93562, "e": 93754, "w": "呢", "sp": "Agent"}, {"p": 226, "c": 0.9, "s": 93754, "e": 94137, "w": "我们", "sp": "Agent"}, {"p": 227, "c": 0.9, "s": 94137, "e": 94520, "w": "需要", "sp": "Agent"}, {"p": 228, "c": 0.9, "s": 94520, "e": 94903, "w": "了解", "sp": "Agent"}, {"p": 229, "c": 0.9, "s": 94903, "e": 95286, "w": "一下", "sp": "Agent"}, {"p": 230, "c": 0.9, "s": 95286, "e": 95478, "w": "您", "sp": "Agent"}, {"p": 231, "c": 0.9, "s": 95478, "e": 95670, "w": "的", "sp": "Agent"}, {"p": 232, "c": 0.9, "s": 95670, "e": 96053, "w": "一个", "sp": "Agent"}, {"p": 233, "c": 0.9, "s": 96053, "e": 96436, "w": "基本", "sp": "Agent"}, {"p": 234, "c": 0.9, "s": 96436, "e": 96628, "w": "的", "sp": "Agent"}, {"p": 235, "c": 0.9, "s": 96628, "e": 97011, "w": "户型", "sp": "Agent"}, {"p": 236, "c": 0.9, "s": 97011, "e": 97394, "w": "情况", "sp": "Agent"}, {"p": 237, "c": 0.9, "s": 97394, "e": 97777, "w": "因为", "sp": "Agent"}, {"p": 238, "c": 0.9, "s": 97777, "e": 98160, "w": "我们", "sp": "Agent"}, {"p": 239, "c": 0.9, "s": 98160, "e": 98544, "w": "这边", "sp": "Agent"}, {"p": 240, "c": 0.9, "s": 98544, "e": 98735, "w": "要", "sp": "Agent"}, {"p": 241, "c": 0.9, "s": 98735, "e": 98927, "w": "帮", "sp": "Agent"}, {"p": 242, "c": 0.9, "s": 98927, "e": 99118, "w": "您", "sp": "Agent"}, {"p": 243, "c": 0.9, "s": 99118, "e": 99310, "w": "去", "sp": "Agent"}, {"p": 244, "c": 0.9, "s": 99310, "e": 99693, "w": "生成", "sp": "Agent"}, {"p": 245, "c": 0.9, "s": 99693, "e": 100076, "w": "一个", "sp": "Agent"}, {"p": 246, "c": 0.9, "s": 100076, "e": 100268, "w": "工", "sp": "Agent"}, {"p": 247, "c": 0.9, "s": 100268, "e": 100460, "w": "单", "sp": "Agent"}, {"p": 248, "c": 0.9, "s": 101590, "e": 101800, "w": "嗯", "sp": "Agent"}, {"p": 249, "c": 0.9, "s": 101801, "e": 102012, "w": "您", "sp": "Agent"}, {"p": 250, "c": 0.9, "s": 102012, "e": 102435, "w": "方便", "sp": "Agent"}, {"p": 251, "c": 0.9, "s": 102030, "e": 103030, "w": "是", "sp": "Customer"}, {"p": 252, "c": 0.9, "s": 102435, "e": 102856, "w": "告诉", "sp": "Agent"}, {"p": 253, "c": 0.9, "s": 102857, "e": 103068, "w": "您", "sp": "Agent"}, {"p": 254, "c": 0.9, "s": 103068, "e": 103280, "w": "家", "sp": "Agent"}, {"p": 255, "c": 0.9, "s": 103280, "e": 103701, "w": "大概", "sp": "Agent"}, {"p": 256, "c": 0.9, "s": 103702, "e": 103913, "w": "是", "sp": "Agent"}, {"p": 257, "c": 0.9, "s": 103913, "e": 104125, "w": "几", "sp": "Agent"}, {"p": 258, "c": 0.9, "s": 104125, "e": 104336, "w": "室", "sp": "Agent"}, {"p": 259, "c": 0.9, "s": 104336, "e": 104547, "w": "几", "sp": "Agent"}, {"p": 260, "c": 0.9, "s": 104547, "e": 104757, "w": "厅", "sp": "Agent"}, {"p": 261, "c": 0.9, "s": 104758, "e": 104970, "w": "吗", "sp": "Agent"}, {"p": 262, "c": 0.9, "s": 106060, "e": 106466, "w": "三", "sp": "Customer"}, {"p": 263, "c": 0.9, "s": 106467, "e": 107690, "w": "十一天", "sp": "Customer"}, {"p": 264, "c": 0.9, "s": 107520, "e": 108502, "w": "三室一厅", "sp": "Agent"}, {"p": 265, "c": 0.9, "s": 108502, "e": 108748, "w": "嗯", "sp": "Agent"}, {"p": 266, "c": 0.9, "s": 108748, "e": 109485, "w": "总面积", "sp": "Agent"}, {"p": 267, "c": 0.9, "s": 109485, "e": 109977, "w": "的话", "sp": "Agent"}, {"p": 268, "c": 0.9, "s": 109977, "e": 110222, "w": "是", "sp": "Agent"}, {"p": 269, "c": 0.9, "s": 110222, "e": 110468, "w": "在", "sp": "Agent"}, {"p": 270, "c": 0.9, "s": 110468, "e": 110960, "w": "九十", "sp": "Agent"}, {"p": 271, "c": 0.9, "s": 110960, "e": 111205, "w": "到", "sp": "Agent"}, {"p": 272, "c": 0.9, "s": 111205, "e": 111697, "w": "一百", "sp": "Agent"}, {"p": 273, "c": 0.9, "s": 111697, "e": 111942, "w": "平", "sp": "Agent"}, {"p": 274, "c": 0.9, "s": 111942, "e": 112434, "w": "左右", "sp": "Agent"}, {"p": 275, "c": 0.9, "s": 112434, "e": 112680, "w": "吗", "sp": "Agent"}, {"p": 276, "c": 0.9, "s": 113740, "e": 114035, "w": "哎", "sp": "Customer"}, {"p": 277, "c": 0.9, "s": 114036, "e": 114630, "w": "你好", "sp": "Customer"}, {"p": 278, "c": 0.9, "s": 114800, "e": 115005, "w": "嗯", "sp": "Agent"}, {"p": 279, "c": 0.9, "s": 115005, "e": 115211, "w": "好", "sp": "Agent"}, {"p": 280, "c": 0.9, "s": 115211, "e": 115416, "w": "的", "sp": "Agent"}, {"p": 281, "c": 0.9, "s": 115416, "e": 115622, "w": "好", "sp": "Agent"}, {"p": 282, "c": 0.9, "s": 115622, "e": 115827, "w": "的", "sp": "Agent"}, {"p": 283, "c": 0.9, "s": 115827, "e": 116238, "w": "了解", "sp": "Agent"}, {"p": 284, "c": 0.9, "s": 116238, "e": 116444, "w": "了", "sp": "Agent"}, {"p": 285, "c": 0.9, "s": 116444, "e": 116649, "w": "行", "sp": "Agent"}, {"p": 286, "c": 0.9, "s": 116649, "e": 116855, "w": "嗯", "sp": "Agent"}, {"p": 287, "c": 0.9, "s": 116855, "e": 117266, "w": "因为", "sp": "Agent"}, {"p": 288, "c": 0.9, "s": 117266, "e": 117677, "w": "除了", "sp": "Agent"}, {"p": 289, "c": 0.9, "s": 117677, "e": 118088, "w": "空调", "sp": "Agent"}, {"p": 290, "c": 0.9, "s": 118088, "e": 118499, "w": "的话", "sp": "Agent"}, {"p": 291, "c": 0.9, "s": 118499, "e": 118705, "w": "呢", "sp": "Agent"}, {"p": 292, "c": 0.9, "s": 118705, "e": 119116, "w": "我们", "sp": "Agent"}, {"p": 293, "c": 0.9, "s": 119116, "e": 119527, "w": "门店", "sp": "Agent"}, {"p": 294, "c": 0.9, "s": 119527, "e": 119938, "w": "还有", "sp": "Agent"}, {"p": 295, "c": 0.9, "s": 119938, "e": 120349, "w": "那个", "sp": "Agent"}, {"p": 296, "c": 0.9, "s": 120349, "e": 120554, "w": "新", "sp": "Agent"}, {"p": 297, "c": 0.9, "s": 120554, "e": 120965, "w": "工地", "sp": "Agent"}, {"p": 298, "c": 0.9, "s": 120965, "e": 121171, "w": "啊", "sp": "Agent"}, {"p": 299, "c": 0.9, "s": 121171, "e": 121582, "w": "可以", "sp": "Agent"}, {"p": 300, "c": 0.9, "s": 121582, "e": 121993, "w": "感受", "sp": "Agent"}, {"p": 301, "c": 0.9, "s": 121993, "e": 122199, "w": "到", "sp": "Agent"}, {"p": 302, "c": 0.9, "s": 122199, "e": 122404, "w": "您", "sp": "Agent"}, {"p": 303, "c": 0.9, "s": 122404, "e": 122610, "w": "这", "sp": "Agent"}, {"p": 304, "c": 0.9, "s": 122610, "e": 123021, "w": "方面", "sp": "Agent"}, {"p": 305, "c": 0.9, "s": 123021, "e": 123226, "w": "有", "sp": "Agent"}, {"p": 306, "c": 0.9, "s": 123226, "e": 123432, "w": "有", "sp": "Agent"}, {"p": 307, "c": 0.9, "s": 123432, "e": 123843, "w": "需要", "sp": "Agent"}, {"p": 308, "c": 0.9, "s": 123843, "e": 124254, "w": "了解", "sp": "Agent"}, {"p": 309, "c": 0.9, "s": 124254, "e": 124460, "w": "吗", "sp": "Agent"}, {"p": 310, "c": 0.9, "s": 124950, "e": 125145, "w": "呃", "sp": "Customer"}, {"p": 311, "c": 0.9, "s": 125145, "e": 125340, "w": "我", "sp": "Customer"}, {"p": 312, "c": 0.9, "s": 125340, "e": 125924, "w": "到时候", "sp": "Customer"}, {"p": 313, "c": 0.9, "s": 125925, "e": 126120, "w": "去", "sp": "Customer"}, {"p": 314, "c": 0.9, "s": 126120, "e": 126510, "w": "门店", "sp": "Customer"}, {"p": 315, "c": 0.9, "s": 126510, "e": 126705, "w": "看", "sp": "Customer"}, {"p": 316, "c": 0.9, "s": 126705, "e": 127095, "w": "一下", "sp": "Customer"}, {"p": 317, "c": 0.9, "s": 127095, "e": 127290, "w": "你", "sp": "Customer"}, {"p": 318, "c": 0.9, "s": 127290, "e": 127485, "w": "就", "sp": "Customer"}, {"p": 319, "c": 0.9, "s": 127485, "e": 127875, "w": "告诉", "sp": "Customer"}, {"p": 320, "c": 0.9, "s": 127875, "e": 128070, "w": "我", "sp": "Customer"}, {"p": 321, "c": 0.9, "s": 128070, "e": 128460, "w": "门店", "sp": "Customer"}, {"p": 322, "c": 0.9, "s": 128460, "e": 128655, "w": "在", "sp": "Customer"}, {"p": 323, "c": 0.9, "s": 128655, "e": 129045, "w": "哪里", "sp": "Customer"}, {"p": 324, "c": 0.9, "s": 129045, "e": 129240, "w": "就", "sp": "Customer"}, {"p": 325, "c": 0.9, "s": 129240, "e": 129435, "w": "好", "sp": "Customer"}, {"p": 326, "c": 0.9, "s": 129360, "e": 129515, "w": "嗯", "sp": "Agent"}, {"p": 327, "c": 0.9, "s": 129435, "e": 129630, "w": "了", "sp": "Customer"}, {"p": 328, "c": 0.9, "s": 129515, "e": 129826, "w": "我们", "sp": "Agent"}, {"p": 329, "c": 0.9, "s": 129826, "e": 130137, "w": "这边", "sp": "Agent"}, {"p": 330, "c": 0.9, "s": 130136, "e": 130291, "w": "是", "sp": "Agent"}, {"p": 331, "c": 0.9, "s": 130292, "e": 130759, "w": "看不到", "sp": "Agent"}, {"p": 332, "c": 0.9, "s": 130759, "e": 131070, "w": "门店", "sp": "Agent"}, {"p": 333, "c": 0.9, "s": 131070, "e": 131380, "w": "地址", "sp": "Agent"}, {"p": 334, "c": 0.9, "s": 131380, "e": 131536, "w": "的", "sp": "Agent"}, {"p": 335, "c": 0.9, "s": 131536, "e": 131847, "w": "我们", "sp": "Agent"}, {"p": 336, "c": 0.9, "s": 131847, "e": 132158, "w": "可以", "sp": "Agent"}, {"p": 337, "c": 0.9, "s": 132158, "e": 132469, "w": "安排", "sp": "Agent"}, {"p": 338, "c": 0.9, "s": 132469, "e": 132780, "w": "就是", "sp": "Agent"}, {"p": 339, "c": 0.9, "s": 132780, "e": 132935, "w": "让", "sp": "Agent"}, {"p": 340, "c": 0.9, "s": 132935, "e": 133246, "w": "门店", "sp": "Agent"}, {"p": 341, "c": 0.9, "s": 133246, "e": 133557, "w": "这边", "sp": "Agent"}, {"p": 342, "c": 0.9, "s": 133557, "e": 133868, "w": "尽快", "sp": "Agent"}, {"p": 343, "c": 0.9, "s": 133868, "e": 134023, "w": "打", "sp": "Agent"}, {"p": 344, "c": 0.9, "s": 134023, "e": 134179, "w": "您", "sp": "Agent"}, {"p": 345, "c": 0.9, "s": 134179, "e": 134490, "w": "电话", "sp": "Agent"}, {"p": 346, "c": 0.9, "s": 135050, "e": 135448, "w": "然后", "sp": "Agent"}, {"p": 347, "c": 0.9, "s": 135430, "e": 136480, "w": "哦", "sp": "Customer"}, {"p": 348, "c": 0.9, "s": 135448, "e": 135846, "w": "邀请", "sp": "Agent"}, {"p": 349, "c": 0.9, "s": 135846, "e": 136045, "w": "您", "sp": "Agent"}, {"p": 350, "c": 0.9, "s": 136046, "e": 136245, "w": "到", "sp": "Agent"}, {"p": 351, "c": 0.9, "s": 136245, "e": 136444, "w": "店", "sp": "Agent"}, {"p": 352, "c": 0.9, "s": 136444, "e": 136843, "w": "里面", "sp": "Agent"}, {"p": 353, "c": 0.9, "s": 136843, "e": 137042, "w": "去", "sp": "Agent"}, {"p": 354, "c": 0.9, "s": 137042, "e": 137241, "w": "看", "sp": "Agent"}, {"p": 355, "c": 0.9, "s": 137241, "e": 137640, "w": "一下", "sp": "Agent"}, {"p": 356, "c": 0.9, "s": 137780, "e": 138002, "w": "哦", "sp": "Customer"}, {"p": 357, "c": 0.9, "s": 138002, "e": 138224, "w": "那", "sp": "Customer"}, {"p": 358, "c": 0.9, "s": 138224, "e": 138446, "w": "你", "sp": "Customer"}, {"p": 359, "c": 0.9, "s": 138446, "e": 138668, "w": "帮", "sp": "Customer"}, {"p": 360, "c": 0.9, "s": 138668, "e": 138890, "w": "我", "sp": "Customer"}, {"p": 361, "c": 0.9, "s": 138890, "e": 139334, "w": "安排", "sp": "Customer"}, {"p": 362, "c": 0.9, "s": 139334, "e": 139778, "w": "一下", "sp": "Customer"}, {"p": 363, "c": 0.9, "s": 139510, "e": 139745, "w": "嗯", "sp": "Agent"}, {"p": 364, "c": 0.9, "s": 139746, "e": 139982, "w": "好", "sp": "Agent"}, {"p": 365, "c": 0.9, "s": 139778, "e": 140000, "w": "吧", "sp": "Customer"}, {"p": 366, "c": 0.9, "s": 139982, "e": 140217, "w": "的", "sp": "Agent"}, {"p": 367, "c": 0.9, "s": 140218, "e": 140691, "w": "怎么", "sp": "Agent"}, {"p": 368, "c": 0.9, "s": 140691, "e": 141163, "w": "称呼", "sp": "Agent"}, {"p": 369, "c": 0.9, "s": 141163, "e": 141400, "w": "你", "sp": "Agent"}, {"p": 370, "c": 0.9, "s": 141660, "e": 142730, "w": "啊", "sp": "Customer"}, {"p": 371, "c": 0.9, "s": 142730, "e": 143800, "w": "喂", "sp": "Customer"}, {"p": 372, "c": 0.9, "s": 144010, "e": 144345, "w": "文", "sp": "Agent"}, {"p": 373, "c": 0.9, "s": 144100, "e": 144533, "w": "喂", "sp": "Customer"}, {"p": 374, "c": 0.9, "s": 144345, "e": 144681, "w": "是", "sp": "Agent"}, {"p": 375, "c": 0.9, "s": 144533, "e": 144966, "w": "你", "sp": "Customer"}, {"p": 376, "c": 0.9, "s": 144681, "e": 145352, "w": "文章", "sp": "Agent"}, {"p": 377, "c": 0.9, "s": 144966, "e": 145400, "w": "是", "sp": "Customer"}, {"p": 378, "c": 0.9, "s": 145352, "e": 145688, "w": "的", "sp": "Agent"}, {"p": 379, "c": 0.9, "s": 145688, "e": 146024, "w": "文", "sp": "Agent"}, {"p": 380, "c": 0.9, "s": 146024, "e": 146360, "w": "吗", "sp": "Agent"}, {"p": 381, "c": 0.9, "s": 146430, "e": 146872, "w": "对", "sp": "Customer"}, {"p": 382, "c": 0.9, "s": 146873, "e": 147316, "w": "对", "sp": "Customer"}, {"p": 383, "c": 0.9, "s": 147316, "e": 147760, "w": "对", "sp": "Customer"}, {"p": 384, "c": 0.9, "s": 147450, "e": 147627, "w": "嗯", "sp": "Agent"}, {"p": 385, "c": 0.9, "s": 147628, "e": 147807, "w": "好", "sp": "Agent"}, {"p": 386, "c": 0.9, "s": 147807, "e": 147986, "w": "的", "sp": "Agent"}, {"p": 387, "c": 0.9, "s": 147986, "e": 148165, "w": "好", "sp": "Agent"}, {"p": 388, "c": 0.9, "s": 148165, "e": 148342, "w": "的", "sp": "Agent"}, {"p": 389, "c": 0.9, "s": 148343, "e": 148522, "w": "行", "sp": "Agent"}, {"p": 390, "c": 0.9, "s": 148522, "e": 148701, "w": "杨", "sp": "Agent"}, {"p": 391, "c": 0.9, "s": 148701, "e": 149058, "w": "女士", "sp": "Agent"}, {"p": 392, "c": 0.9, "s": 149058, "e": 149237, "w": "嗯", "sp": "Agent"}, {"p": 393, "c": 0.9, "s": 149237, "e": 149416, "w": "那", "sp": "Agent"}, {"p": 394, "c": 0.9, "s": 149416, "e": 149595, "w": "我", "sp": "Agent"}, {"p": 395, "c": 0.9, "s": 149595, "e": 149952, "w": "这边", "sp": "Agent"}, {"p": 396, "c": 0.9, "s": 149952, "e": 150310, "w": "的话", "sp": "Agent"}, {"p": 397, "c": 0.9, "s": 150310, "e": 150667, "w": "尽快", "sp": "Agent"}, {"p": 398, "c": 0.9, "s": 150667, "e": 150846, "w": "帮", "sp": "Agent"}, {"p": 399, "c": 0.9, "s": 150846, "e": 151025, "w": "您", "sp": "Agent"}, {"p": 400, "c": 0.9, "s": 151025, "e": 151381, "w": "安排", "sp": "Agent"}, {"p": 401, "c": 0.9, "s": 151382, "e": 151740, "w": "然后", "sp": "Agent"}, {"p": 402, "c": 0.9, "s": 151740, "e": 152097, "w": "我们", "sp": "Agent"}, {"p": 403, "c": 0.9, "s": 152097, "e": 152276, "w": "线", "sp": "Agent"}, {"p": 404, "c": 0.9, "s": 152276, "e": 152455, "w": "上", "sp": "Agent"}, {"p": 405, "c": 0.9, "s": 152455, "e": 152812, "w": "的话", "sp": "Agent"}, {"p": 406, "c": 0.9, "s": 152812, "e": 152991, "w": "也", "sp": "Agent"}, {"p": 407, "c": 0.9, "s": 152991, "e": 153170, "w": "有", "sp": "Agent"}, {"p": 408, "c": 0.9, "s": 153170, "e": 153527, "w": "那个", "sp": "Agent"}, {"p": 409, "c": 0.9, "s": 153527, "e": 153885, "w": "九点", "sp": "Agent"}, {"p": 410, "c": 0.9, "s": 153885, "e": 154062, "w": "九", "sp": "Agent"}, {"p": 411, "c": 0.9, "s": 154063, "e": 154242, "w": "元", "sp": "Agent"}, {"p": 412, "c": 0.9, "s": 154242, "e": 154600, "w": "预约", "sp": "Agent"}, {"p": 413, "c": 0.9, "s": 154600, "e": 154778, "w": "的", "sp": "Agent"}, {"p": 414, "c": 0.9, "s": 154778, "e": 155136, "w": "那个", "sp": "Agent"}, {"p": 415, "c": 0.9, "s": 155136, "e": 155493, "w": "活动", "sp": "Agent"}, {"p": 416, "c": 0.9, "s": 155493, "e": 155672, "w": "的", "sp": "Agent"}, {"p": 417, "c": 0.9, "s": 155672, "e": 155851, "w": "您", "sp": "Agent"}, {"p": 418, "c": 0.9, "s": 155851, "e": 156030, "w": "也", "sp": "Agent"}, {"p": 419, "c": 0.9, "s": 156030, "e": 156387, "w": "可以", "sp": "Agent"}, {"p": 420, "c": 0.9, "s": 156387, "e": 156745, "w": "考虑", "sp": "Agent"}, {"p": 421, "c": 0.9, "s": 156745, "e": 157101, "w": "参加", "sp": "Agent"}, {"p": 422, "c": 0.9, "s": 157102, "e": 157460, "w": "一下", "sp": "Agent"}, {"p": 423, "c": 0.9, "s": 157780, "e": 158023, "w": "嗯", "sp": "Customer"}, {"p": 424, "c": 0.9, "s": 158023, "e": 158265, "w": "好", "sp": "Customer"}, {"p": 425, "c": 0.9, "s": 158266, "e": 158509, "w": "的", "sp": "Customer"}, {"p": 426, "c": 0.9, "s": 158509, "e": 158752, "w": "我", "sp": "Customer"}, {"p": 427, "c": 0.9, "s": 158752, "e": 159481, "w": "到时候", "sp": "Customer"}, {"p": 428, "c": 0.9, "s": 159481, "e": 159724, "w": "再", "sp": "Customer"}, {"p": 429, "c": 0.9, "s": 159724, "e": 160211, "w": "看吧", "sp": "Customer"}, {"p": 430, "c": 0.9, "s": 160211, "e": 160454, "w": "你", "sp": "Customer"}, {"p": 431, "c": 0.9, "s": 160454, "e": 160939, "w": "这个", "sp": "Customer"}, {"p": 432, "c": 0.9, "s": 160470, "e": 160925, "w": "嗯", "sp": "Agent"}, {"p": 433, "c": 0.9, "s": 160925, "e": 161380, "w": "行", "sp": "Agent"}, {"p": 434, "c": 0.9, "s": 160940, "e": 161426, "w": "怎么", "sp": "Customer"}, {"p": 435, "c": 0.9, "s": 161426, "e": 161668, "w": "帮", "sp": "Customer"}, {"p": 436, "c": 0.9, "s": 161669, "e": 161912, "w": "我", "sp": "Customer"}, {"p": 437, "c": 0.9, "s": 161912, "e": 162155, "w": "改", "sp": "Customer"}, {"p": 438, "c": 0.9, "s": 162155, "e": 162398, "w": "会", "sp": "Customer"}, {"p": 439, "c": 0.9, "s": 162398, "e": 162885, "w": "我会", "sp": "Customer"}, {"p": 440, "c": 0.9, "s": 162885, "e": 163127, "w": "呃", "sp": "Customer"}, {"p": 441, "c": 0.9, "s": 163128, "e": 163614, "w": "什么", "sp": "Customer"}, {"p": 442, "c": 0.9, "s": 163420, "e": 163860, "w": "呃", "sp": "Agent"}, {"p": 443, "c": 0.9, "s": 163614, "e": 164099, "w": "时候", "sp": "Customer"}, {"p": 444, "c": 0.9, "s": 163860, "e": 164300, "w": "你", "sp": "Agent"}, {"p": 445, "c": 0.9, "s": 164100, "e": 164586, "w": "知道", "sp": "Customer"}, {"p": 446, "c": 0.9, "s": 164300, "e": 164740, "w": "会", "sp": "Agent"}, {"p": 447, "c": 0.9, "s": 164586, "e": 164830, "w": "呢", "sp": "Customer"}, {"p": 448, "c": 0.9, "s": 165020, "e": 165434, "w": "你们", "sp": "Agent"}, {"p": 449, "c": 0.9, "s": 165434, "e": 165642, "w": "会", "sp": "Agent"}, {"p": 450, "c": 0.9, "s": 165642, "e": 166056, "w": "接到", "sp": "Agent"}, {"p": 451, "c": 0.9, "s": 166056, "e": 166471, "w": "那个", "sp": "Agent"}, {"p": 452, "c": 0.9, "s": 166471, "e": 166885, "w": "门店", "sp": "Agent"}, {"p": 453, "c": 0.9, "s": 166886, "e": 167093, "w": "的", "sp": "Agent"}, {"p": 454, "c": 0.9, "s": 167093, "e": 167508, "w": "一个", "sp": "Agent"}, {"p": 455, "c": 0.9, "s": 167508, "e": 167922, "w": "电话", "sp": "Agent"}, {"p": 456, "c": 0.9, "s": 167922, "e": 168129, "w": "的", "sp": "Agent"}, {"p": 457, "c": 0.9, "s": 168130, "e": 168337, "w": "嗯", "sp": "Agent"}, {"p": 458, "c": 0.9, "s": 168337, "e": 168752, "w": "然后", "sp": "Agent"}, {"p": 459, "c": 0.9, "s": 168752, "e": 168959, "w": "您", "sp": "Agent"}, {"p": 460, "c": 0.9, "s": 168959, "e": 169374, "w": "留意", "sp": "Agent"}, {"p": 461, "c": 0.9, "s": 169374, "e": 169788, "w": "一下", "sp": "Agent"}, {"p": 462, "c": 0.9, "s": 169788, "e": 170409, "w": "身份证", "sp": "Agent"}, {"p": 463, "c": 0.9, "s": 170410, "e": 170825, "w": "号码", "sp": "Agent"}, {"p": 464, "c": 0.9, "s": 170825, "e": 171032, "w": "好", "sp": "Agent"}, {"p": 465, "c": 0.9, "s": 171032, "e": 171239, "w": "吧", "sp": "Agent"}, {"p": 466, "c": 0.9, "s": 171340, "e": 171752, "w": "哦", "sp": "Customer"}, {"p": 467, "c": 0.9, "s": 171753, "e": 172166, "w": "好", "sp": "Customer"}, {"p": 468, "c": 0.9, "s": 172166, "e": 172580, "w": "的", "sp": "Customer"}, {"p": 469, "c": 0.9, "s": 172950, "e": 173231, "w": "嗯", "sp": "Agent"}, {"p": 470, "c": 0.9, "s": 173231, "e": 173512, "w": "好", "sp": "Agent"}, {"p": 471, "c": 0.9, "s": 173512, "e": 173793, "w": "的", "sp": "Agent"}, {"p": 472, "c": 0.9, "s": 173793, "e": 174074, "w": "好", "sp": "Agent"}, {"p": 473, "c": 0.9, "s": 174074, "e": 174355, "w": "的", "sp": "Agent"}, {"p": 474, "c": 0.9, "s": 174355, "e": 174636, "w": "嗯", "sp": "Agent"}, {"p": 475, "c": 0.9, "s": 174460, "e": 175360, "w": "啊", "sp": "Customer"}, {"p": 476, "c": 0.9, "s": 174636, "e": 174917, "w": "好", "sp": "Agent"}, {"p": 477, "c": 0.9, "s": 174917, "e": 175480, "w": "再见", "sp": "Agent"}, {"p": 478, "c": 0.9, "s": 175640, "e": 176006, "w": "嗯", "sp": "Customer"}, {"p": 479, "c": 0.9, "s": 176006, "e": 176739, "w": "再见", "sp": "Customer"}]}, "plainText": "喂\n啊 喂 你好\n哎 你好\n我 想 知道 你们 在 这个 浙江省 温州市 乐清 市 这里 有没有 呃 那个 直营店 的\n嗯 我们 这边 是 那个 厂方 客服 是 看不到 门店 的 一个 具体 地址 的 但是 我们 可以 帮 您 安排 那个 门店 对接 嗯 想 问 一下 您 家 的话 就是 嗯 户型 大概 是 什么 样子 的 呀\n嗯 你 就 先 帮 我 安排 一下 哦 我 去 看 一下\n嗯 我们 这边 的话 呢 就是 可以 帮 您 安排 比如说 对 您 这个 户型 面积 或者 是 说 嗯 小区 比较 熟悉 的 那个 设计师 跟 您 对接 的\n呃 我 需要 就是 乐清 这边 区 的 门店 我 要 去 现场 看\n嗯 嗯 嗯 我 理解 您 的 意思 嗯 您 是\n嗯\n在 温州 对 吗\n对 温州 乐清 乐清 有 吗\n看 一下 乐清 对 吧 乐清 是 有 的 嗯 然后 的话 就是 您 有 在 我们 线 上 跟 我们 客服 这边 聊 过 吗 就是 跟 我们 淘宝 客服\n嗯 没有 我 就是 看 了 一下 大厅 空调 所以 我 想 在 门店 了解 一下 然后 乐清 我 不知 道 直营店 在 哪里 所以 我 想 了解 一下\n嗯 嗯 嗯 嗯 我 理解 您 的 意思 嗯 以后 的话 呢 我们 这边 是 可以 帮 您 安排 的 但是 的话 呢 我们 需要 了解 一下 您 的 一个 基本 的 户型 情况 因为 我们 这边 要 帮 您 去 生成 一个 工 单 嗯 您 方便\n是\n告诉 您 家 大概 是 几 室 几 厅 吗\n三 十一天\n三室一厅 嗯 总面积 的话 是 在 九十 到 一百 平 左右 吗\n哎 你好\n嗯 好 的 好 的 了解 了 行 嗯 因为 除了 空调 的话 呢 我们 门店 还有 那个 新 工地 啊 可以 感受 到 您 这 方面 有 有 需要 了解 吗\n呃 我 到时候 去 门店 看 一下 你 就 告诉 我 门店 在 哪里 就 好\n嗯\n了\n我们 这边 是 看不到 门店 地址 的 我们 可以 安排 就是 让 门店 这边 尽快 打 您 电话 然后\n哦\n邀请 您 到 店 里面 去 看 一下\n哦 那 你 帮 我 安排 一下\n嗯 好\n吧\n的 怎么 称呼 你\n啊 喂\n文\n喂\n是\n你\n文章\n是\n的 文 吗\n对 对 对\n嗯 好 的 好 的 行 杨 女士 嗯 那 我 这边 的话 尽快 帮 您 安排 然后 我们 线 上 的话 也 有 那个 九点 九 元 预约 的 那个 活动 的 您 也 可以 考虑 参加 一下\n嗯 好 的 我 到时候 再 看吧 你 这个\n嗯 行\n怎么 帮 我 改 会 我会 呃 什么\n呃\n时候\n你\n知道\n会\n呢\n你们 会 接到 那个 门店 的 一个 电话 的 嗯 然后 您 留意 一下 身份证 号码 好 吧\n哦 好 的\n嗯 好 的 好 的 嗯\n啊\n好 再见\n嗯 再见", "plainTextTime": {"verbatims": [{"s": 580, "e": 1710, "w": "喂", "sp": "Agent"}, {"s": 2090, "e": 3750, "w": "啊 喂 你好", "sp": "Customer"}, {"s": 4030, "e": 5400, "w": "哎 你好", "sp": "Agent"}, {"s": 5300, "e": 12269, "w": "我 想 知道 你们 在 这个 浙江省 温州市 乐清 市 这里 有没有 呃 那个 直营店 的", "sp": "Customer"}, {"s": 13290, "e": 29620, "w": "嗯 我们 这边 是 那个 厂方 客服 是 看不到 门店 的 一个 具体 地址 的 但是 我们 可以 帮 您 安排 那个 门店 对接 嗯 想 问 一下 您 家 的话 就是 嗯 户型 大概 是 什么 样子 的 呀", "sp": "Agent"}, {"s": 29880, "e": 33789, "w": "嗯 你 就 先 帮 我 安排 一下 哦 我 去 看 一下", "sp": "Customer"}, {"s": 35490, "e": 45610, "w": "嗯 我们 这边 的话 呢 就是 可以 帮 您 安排 比如说 对 您 这个 户型 面积 或者 是 说 嗯 小区 比较 熟悉 的 那个 设计师 跟 您 对接 的", "sp": "Agent"}, {"s": 46320, "e": 52270, "w": "呃 我 需要 就是 乐清 这边 区 的 门店 我 要 去 现场 看", "sp": "Customer"}, {"s": 52500, "e": 57865, "w": "嗯 嗯 嗯 我 理解 您 的 意思 嗯 您 是", "sp": "Agent"}, {"s": 57520, "e": 58440, "w": "嗯", "sp": "Customer"}, {"s": 57865, "e": 59880, "w": "在 温州 对 吗", "sp": "Agent"}, {"s": 59790, "e": 62870, "w": "对 温州 乐清 乐清 有 吗", "sp": "Customer"}, {"s": 63680, "e": 76570, "w": "看 一下 乐清 对 吧 乐清 是 有 的 嗯 然后 的话 就是 您 有 在 我们 线 上 跟 我们 客服 这边 聊 过 吗 就是 跟 我们 淘宝 客服", "sp": "Agent"}, {"s": 77120, "e": 87320, "w": "嗯 没有 我 就是 看 了 一下 大厅 空调 所以 我 想 在 门店 了解 一下 然后 乐清 我 不知 道 直营店 在 哪里 所以 我 想 了解 一下", "sp": "Customer"}, {"s": 87240, "e": 102435, "w": "嗯 嗯 嗯 嗯 我 理解 您 的 意思 嗯 以后 的话 呢 我们 这边 是 可以 帮 您 安排 的 但是 的话 呢 我们 需要 了解 一下 您 的 一个 基本 的 户型 情况 因为 我们 这边 要 帮 您 去 生成 一个 工 单 嗯 您 方便", "sp": "Agent"}, {"s": 102030, "e": 103030, "w": "是", "sp": "Customer"}, {"s": 102435, "e": 104970, "w": "告诉 您 家 大概 是 几 室 几 厅 吗", "sp": "Agent"}, {"s": 106060, "e": 107690, "w": "三 十一天", "sp": "Customer"}, {"s": 107520, "e": 112680, "w": "三室一厅 嗯 总面积 的话 是 在 九十 到 一百 平 左右 吗", "sp": "Agent"}, {"s": 113740, "e": 114630, "w": "哎 你好", "sp": "Customer"}, {"s": 114800, "e": 124460, "w": "嗯 好 的 好 的 了解 了 行 嗯 因为 除了 空调 的话 呢 我们 门店 还有 那个 新 工地 啊 可以 感受 到 您 这 方面 有 有 需要 了解 吗", "sp": "Agent"}, {"s": 124950, "e": 129435, "w": "呃 我 到时候 去 门店 看 一下 你 就 告诉 我 门店 在 哪里 就 好", "sp": "Customer"}, {"s": 129360, "e": 129515, "w": "嗯", "sp": "Agent"}, {"s": 129435, "e": 129630, "w": "了", "sp": "Customer"}, {"s": 129515, "e": 135448, "w": "我们 这边 是 看不到 门店 地址 的 我们 可以 安排 就是 让 门店 这边 尽快 打 您 电话 然后", "sp": "Agent"}, {"s": 135430, "e": 136480, "w": "哦", "sp": "Customer"}, {"s": 135448, "e": 137640, "w": "邀请 您 到 店 里面 去 看 一下", "sp": "Agent"}, {"s": 137780, "e": 139778, "w": "哦 那 你 帮 我 安排 一下", "sp": "Customer"}, {"s": 139510, "e": 139982, "w": "嗯 好", "sp": "Agent"}, {"s": 139778, "e": 140000, "w": "吧", "sp": "Customer"}, {"s": 139982, "e": 141400, "w": "的 怎么 称呼 你", "sp": "Agent"}, {"s": 141660, "e": 143800, "w": "啊 喂", "sp": "Customer"}, {"s": 144010, "e": 144345, "w": "文", "sp": "Agent"}, {"s": 144100, "e": 144533, "w": "喂", "sp": "Customer"}, {"s": 144345, "e": 144681, "w": "是", "sp": "Agent"}, {"s": 144533, "e": 144966, "w": "你", "sp": "Customer"}, {"s": 144681, "e": 145352, "w": "文章", "sp": "Agent"}, {"s": 144966, "e": 145400, "w": "是", "sp": "Customer"}, {"s": 145352, "e": 146360, "w": "的 文 吗", "sp": "Agent"}, {"s": 146430, "e": 147760, "w": "对 对 对", "sp": "Customer"}, {"s": 147450, "e": 157460, "w": "嗯 好 的 好 的 行 杨 女士 嗯 那 我 这边 的话 尽快 帮 您 安排 然后 我们 线 上 的话 也 有 那个 九点 九 元 预约 的 那个 活动 的 您 也 可以 考虑 参加 一下", "sp": "Agent"}, {"s": 157780, "e": 160939, "w": "嗯 好 的 我 到时候 再 看吧 你 这个", "sp": "Customer"}, {"s": 160470, "e": 161380, "w": "嗯 行", "sp": "Agent"}, {"s": 160940, "e": 163614, "w": "怎么 帮 我 改 会 我会 呃 什么", "sp": "Customer"}, {"s": 163420, "e": 163860, "w": "呃", "sp": "Agent"}, {"s": 163614, "e": 164099, "w": "时候", "sp": "Customer"}, {"s": 163860, "e": 164300, "w": "你", "sp": "Agent"}, {"s": 164100, "e": 164586, "w": "知道", "sp": "Customer"}, {"s": 164300, "e": 164740, "w": "会", "sp": "Agent"}, {"s": 164586, "e": 164830, "w": "呢", "sp": "Customer"}, {"s": 165020, "e": 171239, "w": "你们 会 接到 那个 门店 的 一个 电话 的 嗯 然后 您 留意 一下 身份证 号码 好 吧", "sp": "Agent"}, {"s": 171340, "e": 172580, "w": "哦 好 的", "sp": "Customer"}, {"s": 172950, "e": 174636, "w": "嗯 好 的 好 的 嗯", "sp": "Agent"}, {"s": 174460, "e": 175360, "w": "啊", "sp": "Customer"}, {"s": 174636, "e": 175480, "w": "好 再见", "sp": "Agent"}, {"s": 175640, "e": 176739, "w": "嗯 再见", "sp": "Customer"}]}, "aqm": {"greeting": {"greeting_said": "客服", "n_greeting_said": 1, "score": 0}, "closing": {"closing_said": "您, 再见", "n_closing_said": 2, "score": 0}, "speed": {"speed_max": 5.73, "n_words": 34, "words": "我们 这边 是 看不到 门店 地址 的 我们 可以 安排 就是 让 门店 这边 尽快 打 您 电话 然后", "start": 129515, "end": 135448}}}