{"mediaId": "2022031317381101608747466278303001", "status": "Success", "dateCreated": "2022-03-21T18:45:50Z", "contentType": "audio/x-wav", "channels": "future use", "length": 366, "metadata": {"Sid": 10188, "Site_id": 783, "Audio_ch_num": 87474662, "Audio_module_num": 783002, "Audio_start_time_gmt": "2022-03-13T09:38:11.017+08:00", "Transaction_id": "2022031317381101608747466278303001", "ContactID": "9144801869100000301", "Personal_id": "0", "Direction": 1, "Local_audio_start_time": "2022-03-13T17:38:11.017+08:00", "Local_audio_end_time": "2022-03-13T17:44:17.017+08:00", "Total_hold_time": "109", "Pbx_login_id": "800025", "Ani": "15995571223", "Extension": "600034", "String_extension": "600034", "Switch_call_id": "006f0330e46d50f7", "Switch_id": "783000001", "Duration_seconds": 366, "Wrapup_time_in_seconds": "0", "Dnis": "02152690312", "Number_of_conferences": "0", "Number_of_holds": "2", "Number_of_transfers": "0", "Percent_of_agent_call": "51", "Percent_of_other_call": "82", "Percent_of_mutual_silence": "190", "Num_of_agent_cross": "17", "Num_of_other_cross": "22", "IsException": 0, "CD2": "013GVT56OG919AP72LUHVB5AES000CO9"}, "transcript_detailed": {"words": [{"p": 1, "c": 0.9, "s": 1220, "e": 1532, "w": "您好", "sp": "Agent"}, {"p": 2, "c": 0.9, "s": 1532, "e": 1844, "w": "欢迎", "sp": "Agent"}, {"p": 3, "c": 0.9, "s": 1845, "e": 2157, "w": "致电", "sp": "Agent"}, {"p": 4, "c": 0.9, "s": 2157, "e": 2314, "w": "乐", "sp": "Agent"}, {"p": 5, "c": 0.9, "s": 2314, "e": 2469, "w": "寿", "sp": "Agent"}, {"p": 6, "c": 0.9, "s": 2470, "e": 2783, "w": "健康", "sp": "Agent"}, {"p": 7, "c": 0.9, "s": 2783, "e": 3095, "w": "请问", "sp": "Agent"}, {"p": 8, "c": 0.9, "s": 3095, "e": 3252, "w": "有", "sp": "Agent"}, {"p": 9, "c": 0.9, "s": 3252, "e": 3564, "w": "什么", "sp": "Agent"}, {"p": 10, "c": 0.9, "s": 3564, "e": 3876, "w": "可以", "sp": "Agent"}, {"p": 11, "c": 0.9, "s": 3877, "e": 4033, "w": "帮", "sp": "Agent"}, {"p": 12, "c": 0.9, "s": 4033, "e": 4190, "w": "您", "sp": "Agent"}, {"p": 13, "c": 0.9, "s": 4250, "e": 4557, "w": "哎", "sp": "Customer"}, {"p": 14, "c": 0.9, "s": 4557, "e": 5173, "w": "你好", "sp": "Customer"}, {"p": 15, "c": 0.9, "s": 5173, "e": 5481, "w": "我", "sp": "Customer"}, {"p": 16, "c": 0.9, "s": 5481, "e": 5788, "w": "想", "sp": "Customer"}, {"p": 17, "c": 0.9, "s": 5788, "e": 6096, "w": "问", "sp": "Customer"}, {"p": 18, "c": 0.9, "s": 6096, "e": 6712, "w": "一下", "sp": "Customer"}, {"p": 19, "c": 0.9, "s": 6712, "e": 7326, "w": "那个", "sp": "Customer"}, {"p": 20, "c": 0.9, "s": 7327, "e": 7635, "w": "我", "sp": "Customer"}, {"p": 21, "c": 0.9, "s": 7635, "e": 8251, "w": "铜管", "sp": "Customer"}, {"p": 22, "c": 0.9, "s": 8251, "e": 8866, "w": "就是", "sp": "Customer"}, {"p": 23, "c": 0.9, "s": 8866, "e": 9482, "w": "那个", "sp": "Customer"}, {"p": 24, "c": 0.9, "s": 9482, "e": 10097, "w": "大兵", "sp": "Customer"}, {"p": 25, "c": 0.9, "s": 10097, "e": 10713, "w": "空调", "sp": "Customer"}, {"p": 26, "c": 0.9, "s": 10713, "e": 11021, "w": "的", "sp": "Customer"}, {"p": 27, "c": 0.9, "s": 11021, "e": 11636, "w": "铜管", "sp": "Customer"}, {"p": 28, "c": 0.9, "s": 11636, "e": 11943, "w": "的", "sp": "Customer"}, {"p": 29, "c": 0.9, "s": 11944, "e": 12560, "w": "型号", "sp": "Customer"}, {"p": 30, "c": 0.9, "s": 12710, "e": 13495, "w": "还款", "sp": "Agent"}, {"p": 31, "c": 0.9, "s": 13495, "e": 14280, "w": "情况", "sp": "Agent"}, {"p": 32, "c": 0.9, "s": 15150, "e": 15629, "w": "对", "sp": "Customer"}, {"p": 33, "c": 0.9, "s": 15630, "e": 16110, "w": "对", "sp": "Customer"}, {"p": 34, "c": 0.9, "s": 15640, "e": 15860, "w": "呃", "sp": "Agent"}, {"p": 35, "c": 0.9, "s": 15860, "e": 16080, "w": "是", "sp": "Agent"}, {"p": 36, "c": 0.9, "s": 16080, "e": 16522, "w": "这样", "sp": "Agent"}, {"p": 37, "c": 0.9, "s": 16110, "e": 16590, "w": "对", "sp": "Customer"}, {"p": 38, "c": 0.9, "s": 16523, "e": 16744, "w": "的", "sp": "Agent"}, {"p": 39, "c": 0.9, "s": 16744, "e": 17185, "w": "先生", "sp": "Agent"}, {"p": 40, "c": 0.9, "s": 17185, "e": 17626, "w": "我们", "sp": "Agent"}, {"p": 41, "c": 0.9, "s": 17627, "e": 18069, "w": "大厅", "sp": "Agent"}, {"p": 42, "c": 0.9, "s": 18069, "e": 18510, "w": "的话", "sp": "Agent"}, {"p": 43, "c": 0.9, "s": 18510, "e": 18731, "w": "跟", "sp": "Agent"}, {"p": 44, "c": 0.9, "s": 18731, "e": 18952, "w": "通", "sp": "Agent"}, {"p": 45, "c": 0.9, "s": 18952, "e": 19173, "w": "管", "sp": "Agent"}, {"p": 46, "c": 0.9, "s": 19173, "e": 19394, "w": "中", "sp": "Agent"}, {"p": 47, "c": 0.9, "s": 19394, "e": 19835, "w": "后台", "sp": "Agent"}, {"p": 48, "c": 0.9, "s": 19835, "e": 20276, "w": "的话", "sp": "Agent"}, {"p": 49, "c": 0.9, "s": 20277, "e": 20498, "w": "是", "sp": "Agent"}, {"p": 50, "c": 0.9, "s": 20498, "e": 20939, "w": "没有", "sp": "Agent"}, {"p": 51, "c": 0.9, "s": 20940, "e": 21160, "w": "呃", "sp": "Agent"}, {"p": 52, "c": 0.9, "s": 21160, "e": 21602, "w": "就是", "sp": "Agent"}, {"p": 53, "c": 0.9, "s": 21602, "e": 22043, "w": "品牌", "sp": "Agent"}, {"p": 54, "c": 0.9, "s": 22044, "e": 22265, "w": "上", "sp": "Agent"}, {"p": 55, "c": 0.9, "s": 22265, "e": 22484, "w": "的", "sp": "Agent"}, {"p": 56, "c": 0.9, "s": 22485, "e": 22927, "w": "一个", "sp": "Agent"}, {"p": 57, "c": 0.9, "s": 22927, "e": 23369, "w": "要求", "sp": "Agent"}, {"p": 58, "c": 0.9, "s": 23369, "e": 23810, "w": "但是", "sp": "Agent"}, {"p": 59, "c": 0.9, "s": 23810, "e": 24031, "w": "对", "sp": "Agent"}, {"p": 60, "c": 0.9, "s": 24031, "e": 24473, "w": "这个", "sp": "Agent"}, {"p": 61, "c": 0.9, "s": 24473, "e": 24914, "w": "规格", "sp": "Agent"}, {"p": 62, "c": 0.9, "s": 24915, "e": 25135, "w": "上", "sp": "Agent"}, {"p": 63, "c": 0.9, "s": 25135, "e": 25356, "w": "是", "sp": "Agent"}, {"p": 64, "c": 0.9, "s": 25356, "e": 25577, "w": "有", "sp": "Agent"}, {"p": 65, "c": 0.9, "s": 25577, "e": 26019, "w": "要求", "sp": "Agent"}, {"p": 66, "c": 0.9, "s": 26019, "e": 26240, "w": "的", "sp": "Agent"}, {"p": 67, "c": 0.9, "s": 26520, "e": 27670, "w": "所以", "sp": "Agent"}, {"p": 68, "c": 0.9, "s": 26990, "e": 27227, "w": "我", "sp": "Customer"}, {"p": 69, "c": 0.9, "s": 27227, "e": 27465, "w": "就", "sp": "Customer"}, {"p": 70, "c": 0.9, "s": 27465, "e": 27703, "w": "想", "sp": "Customer"}, {"p": 71, "c": 0.9, "s": 27703, "e": 27941, "w": "问", "sp": "Customer"}, {"p": 72, "c": 0.9, "s": 27941, "e": 28416, "w": "一下", "sp": "Customer"}, {"p": 73, "c": 0.9, "s": 28416, "e": 28892, "w": "那个", "sp": "Customer"}, {"p": 74, "c": 0.9, "s": 28892, "e": 29367, "w": "规格", "sp": "Customer"}, {"p": 75, "c": 0.9, "s": 29367, "e": 29843, "w": "因为", "sp": "Customer"}, {"p": 76, "c": 0.9, "s": 29843, "e": 30081, "w": "我", "sp": "Customer"}, {"p": 77, "c": 0.9, "s": 30081, "e": 30317, "w": "买", "sp": "Customer"}, {"p": 78, "c": 0.9, "s": 30318, "e": 30556, "w": "了", "sp": "Customer"}, {"p": 79, "c": 0.9, "s": 30556, "e": 30794, "w": "一", "sp": "Customer"}, {"p": 80, "c": 0.9, "s": 30794, "e": 31032, "w": "台", "sp": "Customer"}, {"p": 81, "c": 0.9, "s": 31032, "e": 31507, "w": "你们", "sp": "Customer"}, {"p": 82, "c": 0.9, "s": 31507, "e": 31745, "w": "的", "sp": "Customer"}, {"p": 83, "c": 0.9, "s": 31745, "e": 32221, "w": "那个", "sp": "Customer"}, {"p": 84, "c": 0.9, "s": 32221, "e": 32696, "w": "空调", "sp": "Customer"}, {"p": 85, "c": 0.9, "s": 32696, "e": 33172, "w": "但是", "sp": "Customer"}, {"p": 86, "c": 0.9, "s": 33172, "e": 33647, "w": "那个", "sp": "Customer"}, {"p": 87, "c": 0.9, "s": 33647, "e": 34123, "w": "铜管", "sp": "Customer"}, {"p": 88, "c": 0.9, "s": 34123, "e": 34361, "w": "要", "sp": "Customer"}, {"p": 89, "c": 0.9, "s": 34361, "e": 34836, "w": "加长", "sp": "Customer"}, {"p": 90, "c": 0.9, "s": 34836, "e": 35312, "w": "可能", "sp": "Customer"}, {"p": 91, "c": 0.9, "s": 35312, "e": 35550, "w": "我", "sp": "Customer"}, {"p": 92, "c": 0.9, "s": 35550, "e": 35787, "w": "要", "sp": "Customer"}, {"p": 93, "c": 0.9, "s": 35787, "e": 36024, "w": "换", "sp": "Customer"}, {"p": 94, "c": 0.9, "s": 36025, "e": 36501, "w": "铜管", "sp": "Customer"}, {"p": 95, "c": 0.9, "s": 36501, "e": 36975, "w": "所以", "sp": "Customer"}, {"p": 96, "c": 0.9, "s": 36976, "e": 37214, "w": "问", "sp": "Customer"}, {"p": 97, "c": 0.9, "s": 37130, "e": 37317, "w": "红", "sp": "Agent"}, {"p": 98, "c": 0.9, "s": 37214, "e": 37690, "w": "一下", "sp": "Customer"}, {"p": 99, "c": 0.9, "s": 37317, "e": 37504, "w": "管", "sp": "Agent"}, {"p": 100, "c": 0.9, "s": 37504, "e": 37691, "w": "要", "sp": "Agent"}, {"p": 101, "c": 0.9, "s": 37691, "e": 38065, "w": "加长", "sp": "Agent"}, {"p": 102, "c": 0.9, "s": 38065, "e": 38252, "w": "你", "sp": "Agent"}, {"p": 103, "c": 0.9, "s": 38252, "e": 38440, "w": "买", "sp": "Agent"}, {"p": 104, "c": 0.9, "s": 38440, "e": 38627, "w": "的", "sp": "Agent"}, {"p": 105, "c": 0.9, "s": 38627, "e": 38814, "w": "是", "sp": "Agent"}, {"p": 106, "c": 0.9, "s": 38814, "e": 39188, "w": "什么", "sp": "Agent"}, {"p": 107, "c": 0.9, "s": 39188, "e": 39562, "w": "设备", "sp": "Agent"}, {"p": 108, "c": 0.9, "s": 39562, "e": 39750, "w": "呢", "sp": "Agent"}, {"p": 109, "c": 0.9, "s": 40860, "e": 41221, "w": "哦", "sp": "Customer"}, {"p": 110, "c": 0.9, "s": 41221, "e": 41583, "w": "嗯", "sp": "Customer"}, {"p": 111, "c": 0.9, "s": 41583, "e": 42306, "w": "机子", "sp": "Customer"}, {"p": 112, "c": 0.9, "s": 42306, "e": 42668, "w": "的", "sp": "Customer"}, {"p": 113, "c": 0.9, "s": 42668, "e": 43391, "w": "型号", "sp": "Customer"}, {"p": 114, "c": 0.9, "s": 43391, "e": 43753, "w": "我", "sp": "Customer"}, {"p": 115, "c": 0.9, "s": 43753, "e": 44114, "w": "报", "sp": "Customer"}, {"p": 116, "c": 0.9, "s": 44115, "e": 44476, "w": "给", "sp": "Customer"}, {"p": 117, "c": 0.9, "s": 44476, "e": 44838, "w": "你", "sp": "Customer"}, {"p": 118, "c": 0.9, "s": 44530, "e": 45016, "w": "嗯", "sp": "Agent"}, {"p": 119, "c": 0.9, "s": 44838, "e": 45200, "w": "吧", "sp": "Customer"}, {"p": 120, "c": 0.9, "s": 45016, "e": 45503, "w": "您", "sp": "Agent"}, {"p": 121, "c": 0.9, "s": 45503, "e": 45989, "w": "说", "sp": "Agent"}, {"p": 122, "c": 0.9, "s": 47640, "e": 47905, "w": "嗯", "sp": "Customer"}, {"p": 123, "c": 0.9, "s": 47905, "e": 48170, "w": "我", "sp": "Customer"}, {"p": 124, "c": 0.9, "s": 48170, "e": 48435, "w": "看", "sp": "Customer"}, {"p": 125, "c": 0.9, "s": 48436, "e": 48701, "w": "稍", "sp": "Customer"}, {"p": 126, "c": 0.9, "s": 48701, "e": 48967, "w": "等", "sp": "Customer"}, {"p": 127, "c": 0.9, "s": 48967, "e": 49497, "w": "一下", "sp": "Customer"}, {"p": 128, "c": 0.9, "s": 49498, "e": 49763, "w": "我", "sp": "Customer"}, {"p": 129, "c": 0.9, "s": 49763, "e": 50029, "w": "看", "sp": "Customer"}, {"p": 130, "c": 0.9, "s": 50029, "e": 50559, "w": "一下", "sp": "Customer"}, {"p": 131, "c": 0.9, "s": 51720, "e": 52252, "w": "呃", "sp": "Customer"}, {"p": 132, "c": 0.9, "s": 52252, "e": 52784, "w": "F", "sp": "Customer"}, {"p": 133, "c": 0.9, "s": 52784, "e": 53316, "w": "P", "sp": "Customer"}, {"p": 134, "c": 0.9, "s": 53316, "e": 53848, "w": "X", "sp": "Customer"}, {"p": 135, "c": 0.9, "s": 53848, "e": 54380, "w": "R", "sp": "Customer"}, {"p": 136, "c": 0.9, "s": 55620, "e": 56127, "w": "F", "sp": "Agent"}, {"p": 137, "c": 0.9, "s": 56127, "e": 56635, "w": "T", "sp": "Agent"}, {"p": 138, "c": 0.9, "s": 56635, "e": 57142, "w": "S", "sp": "Agent"}, {"p": 139, "c": 0.9, "s": 57142, "e": 57649, "w": "R", "sp": "Agent"}, {"p": 140, "c": 0.9, "s": 58920, "e": 59579, "w": "二", "sp": "Customer"}, {"p": 141, "c": 0.9, "s": 59580, "e": 60900, "w": "三六", "sp": "Customer"}, {"p": 142, "c": 0.9, "s": 60010, "e": 60856, "w": "还款", "sp": "Agent"}, {"p": 143, "c": 0.9, "s": 60856, "e": 61280, "w": "的", "sp": "Agent"}, {"p": 144, "c": 0.9, "s": 62520, "e": 62981, "w": "杠", "sp": "Customer"}, {"p": 145, "c": 0.9, "s": 62981, "e": 63443, "w": "二", "sp": "Customer"}, {"p": 146, "c": 0.9, "s": 63443, "e": 64365, "w": "二六", "sp": "Customer"}, {"p": 147, "c": 0.9, "s": 64365, "e": 64827, "w": "W", "sp": "Customer"}, {"p": 148, "c": 0.9, "s": 64828, "e": 65290, "w": "C", "sp": "Customer"}, {"p": 149, "c": 0.9, "s": 65030, "e": 65812, "w": "二三", "sp": "Agent"}, {"p": 150, "c": 0.9, "s": 65812, "e": 66203, "w": "六", "sp": "Agent"}, {"p": 151, "c": 0.9, "s": 66204, "e": 66595, "w": "杠", "sp": "Agent"}, {"p": 152, "c": 0.9, "s": 66595, "e": 66987, "w": "二", "sp": "Agent"}, {"p": 153, "c": 0.9, "s": 66987, "e": 67770, "w": "二六", "sp": "Agent"}, {"p": 154, "c": 0.9, "s": 68700, "e": 69065, "w": "搞", "sp": "Agent"}, {"p": 155, "c": 0.9, "s": 69066, "e": 69433, "w": "不", "sp": "Agent"}, {"p": 156, "c": 0.9, "s": 69400, "e": 69732, "w": "啊", "sp": "Customer"}, {"p": 157, "c": 0.9, "s": 69433, "e": 69799, "w": "清", "sp": "Agent"}, {"p": 158, "c": 0.9, "s": 69732, "e": 70396, "w": "那个", "sp": "Customer"}, {"p": 159, "c": 0.9, "s": 70396, "e": 71060, "w": "斜杠", "sp": "Customer"}, {"p": 160, "c": 0.9, "s": 70870, "e": 71023, "w": "呃", "sp": "Agent"}, {"p": 161, "c": 0.9, "s": 71023, "e": 71177, "w": "是", "sp": "Agent"}, {"p": 162, "c": 0.9, "s": 71177, "e": 71484, "w": "这样", "sp": "Agent"}, {"p": 163, "c": 0.9, "s": 71484, "e": 71638, "w": "的", "sp": "Agent"}, {"p": 164, "c": 0.9, "s": 71638, "e": 71945, "w": "先生", "sp": "Agent"}, {"p": 165, "c": 0.9, "s": 71945, "e": 72253, "w": "我们", "sp": "Agent"}, {"p": 166, "c": 0.9, "s": 72253, "e": 72406, "w": "的", "sp": "Agent"}, {"p": 167, "c": 0.9, "s": 72406, "e": 72714, "w": "型号", "sp": "Agent"}, {"p": 168, "c": 0.9, "s": 72714, "e": 72867, "w": "有", "sp": "Agent"}, {"p": 169, "c": 0.9, "s": 72867, "e": 73021, "w": "二", "sp": "Agent"}, {"p": 170, "c": 0.9, "s": 73021, "e": 73175, "w": "三", "sp": "Agent"}, {"p": 171, "c": 0.9, "s": 73175, "e": 73328, "w": "六", "sp": "Agent"}, {"p": 172, "c": 0.9, "s": 73328, "e": 73482, "w": "和", "sp": "Agent"}, {"p": 173, "c": 0.9, "s": 73482, "e": 73789, "w": "二二", "sp": "Agent"}, {"p": 174, "c": 0.9, "s": 73789, "e": 73943, "w": "零", "sp": "Agent"}, {"p": 175, "c": 0.9, "s": 73943, "e": 74097, "w": "的", "sp": "Agent"}, {"p": 176, "c": 0.9, "s": 74097, "e": 74250, "w": "这", "sp": "Agent"}, {"p": 177, "c": 0.9, "s": 74250, "e": 74404, "w": "是", "sp": "Agent"}, {"p": 178, "c": 0.9, "s": 74404, "e": 74711, "w": "两个", "sp": "Agent"}, {"p": 179, "c": 0.9, "s": 74711, "e": 75019, "w": "不同", "sp": "Agent"}, {"p": 180, "c": 0.9, "s": 75019, "e": 75172, "w": "的", "sp": "Agent"}, {"p": 181, "c": 0.9, "s": 75172, "e": 75479, "w": "型号", "sp": "Agent"}, {"p": 182, "c": 0.9, "s": 78000, "e": 78288, "w": "有", "sp": "Customer"}, {"p": 183, "c": 0.9, "s": 78288, "e": 78576, "w": "二", "sp": "Customer"}, {"p": 184, "c": 0.9, "s": 78576, "e": 78864, "w": "三", "sp": "Customer"}, {"p": 185, "c": 0.9, "s": 78864, "e": 79152, "w": "六", "sp": "Customer"}, {"p": 186, "c": 0.9, "s": 79152, "e": 79440, "w": "和", "sp": "Customer"}, {"p": 187, "c": 0.9, "s": 79290, "e": 79840, "w": "对", "sp": "Agent"}, {"p": 188, "c": 0.9, "s": 79440, "e": 79728, "w": "二", "sp": "Customer"}, {"p": 189, "c": 0.9, "s": 79728, "e": 80303, "w": "二六", "sp": "Customer"}, {"p": 190, "c": 0.9, "s": 79840, "e": 80390, "w": "的", "sp": "Agent"}, {"p": 191, "c": 0.9, "s": 80304, "e": 80592, "w": "是", "sp": "Customer"}, {"p": 192, "c": 0.9, "s": 80592, "e": 80880, "w": "吧", "sp": "Customer"}, {"p": 193, "c": 0.9, "s": 81890, "e": 82155, "w": "我", "sp": "Customer"}, {"p": 194, "c": 0.9, "s": 82155, "e": 82687, "w": "那个", "sp": "Customer"}, {"p": 195, "c": 0.9, "s": 82687, "e": 82951, "w": "是", "sp": "Customer"}, {"p": 196, "c": 0.9, "s": 82952, "e": 83484, "w": "一体", "sp": "Customer"}, {"p": 197, "c": 0.9, "s": 83484, "e": 83750, "w": "的", "sp": "Customer"}, {"p": 198, "c": 0.9, "s": 87370, "e": 88400, "w": "嗯", "sp": "Customer"}, {"p": 199, "c": 0.9, "s": 111940, "e": 112184, "w": "呃", "sp": "Agent"}, {"p": 200, "c": 0.9, "s": 112184, "e": 112428, "w": "有", "sp": "Agent"}, {"p": 201, "c": 0.9, "s": 112428, "e": 112916, "w": "看到", "sp": "Agent"}, {"p": 202, "c": 0.9, "s": 112916, "e": 113160, "w": "您", "sp": "Agent"}, {"p": 203, "c": 0.9, "s": 113160, "e": 113648, "w": "这个", "sp": "Agent"}, {"p": 204, "c": 0.9, "s": 113648, "e": 113892, "w": "是", "sp": "Agent"}, {"p": 205, "c": 0.9, "s": 113892, "e": 114381, "w": "一体", "sp": "Agent"}, {"p": 206, "c": 0.9, "s": 114381, "e": 114868, "w": "的话", "sp": "Agent"}, {"p": 207, "c": 0.9, "s": 114869, "e": 115113, "w": "那", "sp": "Agent"}, {"p": 208, "c": 0.9, "s": 115113, "e": 115357, "w": "是", "sp": "Agent"}, {"p": 209, "c": 0.9, "s": 115357, "e": 115601, "w": "二", "sp": "Agent"}, {"p": 210, "c": 0.9, "s": 115601, "e": 116090, "w": "二六", "sp": "Agent"}, {"p": 211, "c": 0.9, "s": 116390, "e": 116976, "w": "二六", "sp": "Agent"}, {"p": 212, "c": 0.9, "s": 116976, "e": 117270, "w": "是", "sp": "Agent"}, {"p": 213, "c": 0.9, "s": 117270, "e": 117855, "w": "一起", "sp": "Agent"}, {"p": 214, "c": 0.9, "s": 117760, "e": 118040, "w": "对", "sp": "Customer"}, {"p": 215, "c": 0.9, "s": 117856, "e": 118150, "w": "的", "sp": "Agent"}, {"p": 216, "c": 0.9, "s": 118040, "e": 118320, "w": "啊", "sp": "Customer"}, {"p": 217, "c": 0.9, "s": 118150, "e": 118443, "w": "二", "sp": "Agent"}, {"p": 218, "c": 0.9, "s": 118320, "e": 118600, "w": "那", "sp": "Customer"}, {"p": 219, "c": 0.9, "s": 118443, "e": 119030, "w": "三六", "sp": "Agent"}, {"p": 220, "c": 0.9, "s": 118600, "e": 119159, "w": "就算", "sp": "Customer"}, {"p": 221, "c": 0.9, "s": 119030, "e": 119323, "w": "是", "sp": "Agent"}, {"p": 222, "c": 0.9, "s": 119160, "e": 119440, "w": "了", "sp": "Customer"}, {"p": 223, "c": 0.9, "s": 119323, "e": 119909, "w": "一点", "sp": "Agent"}, {"p": 224, "c": 0.9, "s": 119440, "e": 119720, "w": "啊", "sp": "Customer"}, {"p": 225, "c": 0.9, "s": 119720, "e": 120000, "w": "有", "sp": "Customer"}, {"p": 226, "c": 0.9, "s": 119910, "e": 120203, "w": "五", "sp": "Agent"}, {"p": 227, "c": 0.9, "s": 120000, "e": 120280, "w": "的", "sp": "Customer"}, {"p": 228, "c": 0.9, "s": 120203, "e": 120496, "w": "几", "sp": "Agent"}, {"p": 229, "c": 0.9, "s": 120280, "e": 120560, "w": "嗯", "sp": "Customer"}, {"p": 230, "c": 0.9, "s": 120496, "e": 120790, "w": "的", "sp": "Agent"}, {"p": 231, "c": 0.9, "s": 120560, "e": 120840, "w": "嗯", "sp": "Customer"}, {"p": 232, "c": 0.9, "s": 122340, "e": 122580, "w": "哦", "sp": "Customer"}, {"p": 233, "c": 0.9, "s": 122581, "e": 122823, "w": "我", "sp": "Customer"}, {"p": 234, "c": 0.9, "s": 122823, "e": 123306, "w": "知道", "sp": "Customer"}, {"p": 235, "c": 0.9, "s": 123306, "e": 123548, "w": "了", "sp": "Customer"}, {"p": 236, "c": 0.9, "s": 123548, "e": 123788, "w": "我", "sp": "Customer"}, {"p": 237, "c": 0.9, "s": 123789, "e": 124031, "w": "买", "sp": "Customer"}, {"p": 238, "c": 0.9, "s": 124031, "e": 124271, "w": "了", "sp": "Customer"}, {"p": 239, "c": 0.9, "s": 124272, "e": 124514, "w": "有", "sp": "Customer"}, {"p": 240, "c": 0.9, "s": 124514, "e": 124997, "w": "一个", "sp": "Customer"}, {"p": 241, "c": 0.9, "s": 124997, "e": 125480, "w": "一点", "sp": "Customer"}, {"p": 242, "c": 0.9, "s": 125480, "e": 125722, "w": "五", "sp": "Customer"}, {"p": 243, "c": 0.9, "s": 125722, "e": 125964, "w": "的", "sp": "Customer"}, {"p": 244, "c": 0.9, "s": 125964, "e": 126447, "w": "一点", "sp": "Customer"}, {"p": 245, "c": 0.9, "s": 126447, "e": 126930, "w": "一一", "sp": "Customer"}, {"p": 246, "c": 0.9, "s": 126930, "e": 127413, "w": "一一", "sp": "Customer"}, {"p": 247, "c": 0.9, "s": 127030, "e": 127244, "w": "嗯", "sp": "Agent"}, {"p": 248, "c": 0.9, "s": 127245, "e": 127677, "w": "所以", "sp": "Agent"}, {"p": 249, "c": 0.9, "s": 127413, "e": 127655, "w": "个", "sp": "Customer"}, {"p": 250, "c": 0.9, "s": 127655, "e": 128138, "w": "一批", "sp": "Customer"}, {"p": 251, "c": 0.9, "s": 127677, "e": 128109, "w": "的话", "sp": "Agent"}, {"p": 252, "c": 0.9, "s": 128108, "e": 128325, "w": "您", "sp": "Agent"}, {"p": 253, "c": 0.9, "s": 128138, "e": 128380, "w": "的", "sp": "Customer"}, {"p": 254, "c": 0.9, "s": 128325, "e": 128757, "w": "现在", "sp": "Agent"}, {"p": 255, "c": 0.9, "s": 128757, "e": 128972, "w": "是", "sp": "Agent"}, {"p": 256, "c": 0.9, "s": 128972, "e": 129188, "w": "想", "sp": "Agent"}, {"p": 257, "c": 0.9, "s": 129188, "e": 129404, "w": "问", "sp": "Agent"}, {"p": 258, "c": 0.9, "s": 129404, "e": 129620, "w": "他", "sp": "Agent"}, {"p": 259, "c": 0.9, "s": 129619, "e": 129836, "w": "的", "sp": "Agent"}, {"p": 260, "c": 0.9, "s": 129836, "e": 130268, "w": "这个", "sp": "Agent"}, {"p": 261, "c": 0.9, "s": 130268, "e": 130700, "w": "城管", "sp": "Agent"}, {"p": 262, "c": 0.9, "s": 133000, "e": 133310, "w": "对", "sp": "Customer"}, {"p": 263, "c": 0.9, "s": 133310, "e": 133620, "w": "对", "sp": "Customer"}, {"p": 264, "c": 0.9, "s": 133620, "e": 133930, "w": "对", "sp": "Customer"}, {"p": 265, "c": 0.9, "s": 133930, "e": 134239, "w": "对", "sp": "Customer"}, {"p": 266, "c": 0.9, "s": 133940, "e": 134268, "w": "童", "sp": "Agent"}, {"p": 267, "c": 0.9, "s": 134240, "e": 134550, "w": "对", "sp": "Customer"}, {"p": 268, "c": 0.9, "s": 134268, "e": 134596, "w": "短", "sp": "Agent"}, {"p": 269, "c": 0.9, "s": 134596, "e": 135252, "w": "家常", "sp": "Agent"}, {"p": 270, "c": 0.9, "s": 135253, "e": 135581, "w": "是", "sp": "Agent"}, {"p": 271, "c": 0.9, "s": 135581, "e": 135909, "w": "吧", "sp": "Agent"}, {"p": 272, "c": 0.9, "s": 137900, "e": 138153, "w": "对", "sp": "Customer"}, {"p": 273, "c": 0.9, "s": 138153, "e": 138407, "w": "对", "sp": "Customer"}, {"p": 274, "c": 0.9, "s": 138407, "e": 138660, "w": "对", "sp": "Customer"}, {"p": 275, "c": 0.9, "s": 138660, "e": 138914, "w": "我", "sp": "Customer"}, {"p": 276, "c": 0.9, "s": 138914, "e": 139168, "w": "想", "sp": "Customer"}, {"p": 277, "c": 0.9, "s": 139168, "e": 139421, "w": "问", "sp": "Customer"}, {"p": 278, "c": 0.9, "s": 139421, "e": 139929, "w": "一下", "sp": "Customer"}, {"p": 279, "c": 0.9, "s": 139929, "e": 140182, "w": "他", "sp": "Customer"}, {"p": 280, "c": 0.9, "s": 140182, "e": 140690, "w": "那个", "sp": "Customer"}, {"p": 281, "c": 0.9, "s": 140690, "e": 140943, "w": "同", "sp": "Customer"}, {"p": 282, "c": 0.9, "s": 140943, "e": 141196, "w": "版", "sp": "Customer"}, {"p": 283, "c": 0.9, "s": 141197, "e": 141450, "w": "的", "sp": "Customer"}, {"p": 284, "c": 0.9, "s": 141450, "e": 141958, "w": "那个", "sp": "Customer"}, {"p": 285, "c": 0.9, "s": 141830, "e": 142384, "w": "我们", "sp": "Agent"}, {"p": 286, "c": 0.9, "s": 141958, "e": 142465, "w": "尺寸", "sp": "Customer"}, {"p": 287, "c": 0.9, "s": 142384, "e": 142938, "w": "尺寸", "sp": "Agent"}, {"p": 288, "c": 0.9, "s": 142465, "e": 142719, "w": "是", "sp": "Customer"}, {"p": 289, "c": 0.9, "s": 142719, "e": 143226, "w": "多少", "sp": "Customer"}, {"p": 290, "c": 0.9, "s": 142938, "e": 143492, "w": "一般", "sp": "Agent"}, {"p": 291, "c": 0.9, "s": 143226, "e": 143480, "w": "的", "sp": "Customer"}, {"p": 292, "c": 0.9, "s": 143492, "e": 143769, "w": "是", "sp": "Agent"}, {"p": 293, "c": 0.9, "s": 143769, "e": 144045, "w": "四", "sp": "Agent"}, {"p": 294, "c": 0.9, "s": 144046, "e": 144323, "w": "米", "sp": "Agent"}, {"p": 295, "c": 0.9, "s": 144323, "e": 144599, "w": "的", "sp": "Agent"}, {"p": 296, "c": 0.9, "s": 147030, "e": 147302, "w": "那", "sp": "Customer"}, {"p": 297, "c": 0.9, "s": 147302, "e": 147847, "w": "长度", "sp": "Customer"}, {"p": 298, "c": 0.9, "s": 147847, "e": 148120, "w": "是", "sp": "Customer"}, {"p": 299, "c": 0.9, "s": 148120, "e": 148392, "w": "四", "sp": "Customer"}, {"p": 300, "c": 0.9, "s": 148370, "e": 149470, "w": "对", "sp": "Agent"}, {"p": 301, "c": 0.9, "s": 148392, "e": 148665, "w": "米", "sp": "Customer"}, {"p": 302, "c": 0.9, "s": 148665, "e": 148937, "w": "是", "sp": "Customer"}, {"p": 303, "c": 0.9, "s": 148937, "e": 149209, "w": "吧", "sp": "Customer"}, {"p": 304, "c": 0.9, "s": 150680, "e": 151463, "w": "那个", "sp": "Customer"}, {"p": 305, "c": 0.9, "s": 151464, "e": 152248, "w": "短信", "sp": "Customer"}, {"p": 306, "c": 0.9, "s": 151750, "e": 152767, "w": "短信", "sp": "Agent"}, {"p": 307, "c": 0.9, "s": 152248, "e": 152640, "w": "呢", "sp": "Customer"}, {"p": 308, "c": 0.9, "s": 152767, "e": 153784, "w": "的话", "sp": "Agent"}, {"p": 309, "c": 0.9, "s": 153784, "e": 154292, "w": "您", "sp": "Agent"}, {"p": 310, "c": 0.9, "s": 154292, "e": 154801, "w": "稍", "sp": "Agent"}, {"p": 311, "c": 0.9, "s": 154801, "e": 155310, "w": "等", "sp": "Agent"}, {"p": 312, "c": 0.9, "s": 181780, "e": 181937, "w": "您", "sp": "Agent"}, {"p": 313, "c": 0.9, "s": 181937, "e": 182252, "w": "这边", "sp": "Agent"}, {"p": 314, "c": 0.9, "s": 182253, "e": 182569, "w": "在线", "sp": "Agent"}, {"p": 315, "c": 0.9, "s": 182569, "e": 182727, "w": "稍", "sp": "Agent"}, {"p": 316, "c": 0.9, "s": 182727, "e": 182885, "w": "等", "sp": "Agent"}, {"p": 317, "c": 0.9, "s": 182885, "e": 183200, "w": "一下", "sp": "Agent"}, {"p": 318, "c": 0.9, "s": 183201, "e": 183517, "w": "现在", "sp": "Agent"}, {"p": 319, "c": 0.9, "s": 183517, "e": 183675, "w": "有", "sp": "Agent"}, {"p": 320, "c": 0.9, "s": 183675, "e": 183990, "w": "什么", "sp": "Agent"}, {"p": 321, "c": 0.9, "s": 183990, "e": 184306, "w": "话题", "sp": "Agent"}, {"p": 322, "c": 0.9, "s": 184306, "e": 184622, "w": "需要", "sp": "Agent"}, {"p": 323, "c": 0.9, "s": 184622, "e": 184780, "w": "帮", "sp": "Agent"}, {"p": 324, "c": 0.9, "s": 184780, "e": 184938, "w": "您", "sp": "Agent"}, {"p": 325, "c": 0.9, "s": 184938, "e": 185254, "w": "咨询", "sp": "Agent"}, {"p": 326, "c": 0.9, "s": 185254, "e": 185569, "w": "一下", "sp": "Agent"}, {"p": 327, "c": 0.9, "s": 186650, "e": 187560, "w": "嗯", "sp": "Customer"}, {"p": 328, "c": 0.9, "s": 278990, "e": 279576, "w": "你们", "sp": "Customer"}, {"p": 329, "c": 0.9, "s": 279576, "e": 279870, "w": "你", "sp": "Customer"}, {"p": 330, "c": 0.9, "s": 280330, "e": 280555, "w": "哎", "sp": "Agent"}, {"p": 331, "c": 0.9, "s": 280555, "e": 281007, "w": "你好", "sp": "Agent"}, {"p": 332, "c": 0.9, "s": 281007, "e": 281457, "w": "先生", "sp": "Agent"}, {"p": 333, "c": 0.9, "s": 281458, "e": 282361, "w": "不好意思", "sp": "Agent"}, {"p": 334, "c": 0.9, "s": 282361, "e": 282811, "w": "久等", "sp": "Agent"}, {"p": 335, "c": 0.9, "s": 282520, "e": 282935, "w": "嗯", "sp": "Customer"}, {"p": 336, "c": 0.9, "s": 282812, "e": 283038, "w": "了", "sp": "Agent"}, {"p": 337, "c": 0.9, "s": 282936, "e": 283770, "w": "没事", "sp": "Customer"}, {"p": 338, "c": 0.9, "s": 283038, "e": 283490, "w": "你好", "sp": "Agent"}, {"p": 339, "c": 0.9, "s": 283810, "e": 283962, "w": "呃", "sp": "Agent"}, {"p": 340, "c": 0.9, "s": 283962, "e": 284115, "w": "是", "sp": "Agent"}, {"p": 341, "c": 0.9, "s": 284115, "e": 284419, "w": "这样", "sp": "Agent"}, {"p": 342, "c": 0.9, "s": 284420, "e": 284572, "w": "我", "sp": "Agent"}, {"p": 343, "c": 0.9, "s": 284572, "e": 284876, "w": "这边", "sp": "Agent"}, {"p": 344, "c": 0.9, "s": 284877, "e": 285182, "w": "暂时", "sp": "Agent"}, {"p": 345, "c": 0.9, "s": 285182, "e": 285640, "w": "看不到", "sp": "Agent"}, {"p": 346, "c": 0.9, "s": 285640, "e": 285945, "w": "资料", "sp": "Agent"}, {"p": 347, "c": 0.9, "s": 285945, "e": 286097, "w": "我", "sp": "Agent"}, {"p": 348, "c": 0.9, "s": 286097, "e": 286401, "w": "这边", "sp": "Agent"}, {"p": 349, "c": 0.9, "s": 286402, "e": 286555, "w": "帮", "sp": "Agent"}, {"p": 350, "c": 0.9, "s": 286555, "e": 286707, "w": "您", "sp": "Agent"}, {"p": 351, "c": 0.9, "s": 286707, "e": 287012, "w": "转接", "sp": "Agent"}, {"p": 352, "c": 0.9, "s": 287012, "e": 287317, "w": "一下", "sp": "Agent"}, {"p": 353, "c": 0.9, "s": 287317, "e": 287621, "w": "我们", "sp": "Agent"}, {"p": 354, "c": 0.9, "s": 287622, "e": 287927, "w": "技术", "sp": "Agent"}, {"p": 355, "c": 0.9, "s": 287927, "e": 288232, "w": "部门", "sp": "Agent"}, {"p": 356, "c": 0.9, "s": 288232, "e": 288385, "w": "您", "sp": "Agent"}, {"p": 357, "c": 0.9, "s": 288385, "e": 288690, "w": "咨询", "sp": "Agent"}, {"p": 358, "c": 0.9, "s": 288690, "e": 288995, "w": "一下", "sp": "Agent"}, {"p": 359, "c": 0.9, "s": 288990, "e": 289261, "w": "好", "sp": "Customer"}, {"p": 360, "c": 0.9, "s": 288995, "e": 289147, "w": "好", "sp": "Agent"}, {"p": 361, "c": 0.9, "s": 289147, "e": 289300, "w": "吧", "sp": "Agent"}, {"p": 362, "c": 0.9, "s": 289261, "e": 289533, "w": "的", "sp": "Customer"}, {"p": 363, "c": 0.9, "s": 289533, "e": 289805, "w": "好", "sp": "Customer"}, {"p": 364, "c": 0.9, "s": 289805, "e": 290076, "w": "的", "sp": "Customer"}, {"p": 365, "c": 0.9, "s": 290076, "e": 290348, "w": "好", "sp": "Customer"}, {"p": 366, "c": 0.9, "s": 290080, "e": 290270, "w": "哎", "sp": "Agent"}, {"p": 367, "c": 0.9, "s": 290270, "e": 290650, "w": "这个", "sp": "Agent"}, {"p": 368, "c": 0.9, "s": 290348, "e": 290620, "w": "的", "sp": "Customer"}, {"p": 369, "c": 0.9, "s": 290650, "e": 290840, "w": "月", "sp": "Agent"}, {"p": 370, "c": 0.9, "s": 290840, "e": 291030, "w": "请", "sp": "Agent"}, {"p": 371, "c": 0.9, "s": 291030, "e": 291220, "w": "别", "sp": "Agent"}, {"p": 372, "c": 0.9, "s": 291220, "e": 291600, "w": "挂机", "sp": "Agent"}, {"p": 373, "c": 0.9, "s": 291600, "e": 291980, "w": "谢谢", "sp": "Agent"}, {"p": 374, "c": 0.9, "s": 298100, "e": 298477, "w": "不", "sp": "Customer"}, {"p": 375, "c": 0.9, "s": 298477, "e": 299232, "w": "提现", "sp": "Customer"}, {"p": 376, "c": 0.9, "s": 299232, "e": 299610, "w": "吗", "sp": "Customer"}, {"p": 377, "c": 0.9, "s": 303470, "e": 304114, "w": "坐席", "sp": "Customer"}, {"p": 378, "c": 0.9, "s": 304114, "e": 304436, "w": "正", "sp": "Customer"}, {"p": 379, "c": 0.9, "s": 304436, "e": 304758, "w": "忙", "sp": "Customer"}, {"p": 380, "c": 0.9, "s": 304758, "e": 305081, "w": "请", "sp": "Customer"}, {"p": 381, "c": 0.9, "s": 305081, "e": 305725, "w": "耐心", "sp": "Customer"}, {"p": 382, "c": 0.9, "s": 305725, "e": 306370, "w": "等待", "sp": "Customer"}, {"p": 383, "c": 0.9, "s": 308520, "e": 309149, "w": "线路", "sp": "Customer"}, {"p": 384, "c": 0.9, "s": 309149, "e": 309778, "w": "依然", "sp": "Customer"}, {"p": 385, "c": 0.9, "s": 309778, "e": 310407, "w": "忙碌", "sp": "Customer"}, {"p": 386, "c": 0.9, "s": 310407, "e": 310721, "w": "请", "sp": "Customer"}, {"p": 387, "c": 0.9, "s": 310721, "e": 311350, "w": "稍后", "sp": "Customer"}, {"p": 388, "c": 0.9, "s": 311350, "e": 311665, "w": "再", "sp": "Customer"}, {"p": 389, "c": 0.9, "s": 311665, "e": 311980, "w": "拨", "sp": "Customer"}, {"p": 390, "c": 0.9, "s": 313940, "e": 314433, "w": "家里", "sp": "Customer"}, {"p": 391, "c": 0.9, "s": 314433, "e": 314926, "w": "房子", "sp": "Customer"}, {"p": 392, "c": 0.9, "s": 314926, "e": 315419, "w": "已经", "sp": "Customer"}, {"p": 393, "c": 0.9, "s": 315050, "e": 315203, "w": "哎", "sp": "Agent"}, {"p": 394, "c": 0.9, "s": 315203, "e": 315509, "w": "您好", "sp": "Agent"}, {"p": 395, "c": 0.9, "s": 315509, "e": 315816, "w": "先生", "sp": "Agent"}, {"p": 396, "c": 0.9, "s": 315816, "e": 315969, "w": "呃", "sp": "Agent"}, {"p": 397, "c": 0.9, "s": 315969, "e": 316122, "w": "是", "sp": "Agent"}, {"p": 398, "c": 0.9, "s": 316122, "e": 316429, "w": "这样", "sp": "Agent"}, {"p": 399, "c": 0.9, "s": 316429, "e": 316736, "w": "我们", "sp": "Agent"}, {"p": 400, "c": 0.9, "s": 316570, "e": 317716, "w": "还要", "sp": "Customer"}, {"p": 401, "c": 0.9, "s": 316736, "e": 317042, "w": "这边", "sp": "Agent"}, {"p": 402, "c": 0.9, "s": 317042, "e": 317349, "w": "进行", "sp": "Agent"}, {"p": 403, "c": 0.9, "s": 317349, "e": 317502, "w": "了", "sp": "Agent"}, {"p": 404, "c": 0.9, "s": 317502, "e": 317808, "w": "正在", "sp": "Agent"}, {"p": 405, "c": 0.9, "s": 317716, "e": 318290, "w": "嗯", "sp": "Customer"}, {"p": 406, "c": 0.9, "s": 317808, "e": 317962, "w": "忙", "sp": "Agent"}, {"p": 407, "c": 0.9, "s": 317962, "e": 318115, "w": "线", "sp": "Agent"}, {"p": 408, "c": 0.9, "s": 318115, "e": 318422, "w": "当中", "sp": "Agent"}, {"p": 409, "c": 0.9, "s": 318422, "e": 318575, "w": "要", "sp": "Agent"}, {"p": 410, "c": 0.9, "s": 318575, "e": 318728, "w": "不", "sp": "Agent"}, {"p": 411, "c": 0.9, "s": 318728, "e": 319035, "w": "这样", "sp": "Agent"}, {"p": 412, "c": 0.9, "s": 319035, "e": 319188, "w": "我", "sp": "Agent"}, {"p": 413, "c": 0.9, "s": 319188, "e": 319495, "w": "这边", "sp": "Agent"}, {"p": 414, "c": 0.9, "s": 319495, "e": 319648, "w": "您", "sp": "Agent"}, {"p": 415, "c": 0.9, "s": 319648, "e": 319954, "w": "这边", "sp": "Agent"}, {"p": 416, "c": 0.9, "s": 319954, "e": 320261, "w": "还有", "sp": "Agent"}, {"p": 417, "c": 0.9, "s": 320261, "e": 320567, "w": "一些", "sp": "Agent"}, {"p": 418, "c": 0.9, "s": 320567, "e": 320874, "w": "其他", "sp": "Agent"}, {"p": 419, "c": 0.9, "s": 320874, "e": 321181, "w": "问题", "sp": "Agent"}, {"p": 420, "c": 0.9, "s": 321181, "e": 321334, "w": "吗", "sp": "Agent"}, {"p": 421, "c": 0.9, "s": 321334, "e": 321487, "w": "我", "sp": "Agent"}, {"p": 422, "c": 0.9, "s": 321487, "e": 321794, "w": "这边", "sp": "Agent"}, {"p": 423, "c": 0.9, "s": 321794, "e": 321947, "w": "帮", "sp": "Agent"}, {"p": 424, "c": 0.9, "s": 321947, "e": 322100, "w": "您", "sp": "Agent"}, {"p": 425, "c": 0.9, "s": 322100, "e": 322407, "w": "了解", "sp": "Agent"}, {"p": 426, "c": 0.9, "s": 322407, "e": 322713, "w": "之后", "sp": "Agent"}, {"p": 427, "c": 0.9, "s": 322713, "e": 322867, "w": "帮", "sp": "Agent"}, {"p": 428, "c": 0.9, "s": 322867, "e": 323020, "w": "您", "sp": "Agent"}, {"p": 429, "c": 0.9, "s": 323020, "e": 323326, "w": "回拨", "sp": "Agent"}, {"p": 430, "c": 0.9, "s": 323326, "e": 323633, "w": "过去", "sp": "Agent"}, {"p": 431, "c": 0.9, "s": 323633, "e": 323786, "w": "好", "sp": "Agent"}, {"p": 432, "c": 0.9, "s": 323650, "e": 323927, "w": "嗯", "sp": "Customer"}, {"p": 433, "c": 0.9, "s": 323786, "e": 323940, "w": "吗", "sp": "Agent"}, {"p": 434, "c": 0.9, "s": 323927, "e": 324482, "w": "没有", "sp": "Customer"}, {"p": 435, "c": 0.9, "s": 324482, "e": 325037, "w": "那个", "sp": "Customer"}, {"p": 436, "c": 0.9, "s": 325037, "e": 325870, "w": "就是说", "sp": "Customer"}, {"p": 437, "c": 0.9, "s": 325320, "e": 325552, "w": "就", "sp": "Agent"}, {"p": 438, "c": 0.9, "s": 325552, "e": 326016, "w": "只有", "sp": "Agent"}, {"p": 439, "c": 0.9, "s": 325870, "e": 326147, "w": "我", "sp": "Customer"}, {"p": 440, "c": 0.9, "s": 326016, "e": 326481, "w": "这个", "sp": "Agent"}, {"p": 441, "c": 0.9, "s": 326147, "e": 326702, "w": "意思", "sp": "Customer"}, {"p": 442, "c": 0.9, "s": 326481, "e": 326712, "w": "呃", "sp": "Agent"}, {"p": 443, "c": 0.9, "s": 326702, "e": 326980, "w": "是", "sp": "Customer"}, {"p": 444, "c": 0.9, "s": 326713, "e": 326946, "w": "管", "sp": "Agent"}, {"p": 445, "c": 0.9, "s": 326946, "e": 327178, "w": "长", "sp": "Agent"}, {"p": 446, "c": 0.9, "s": 327178, "e": 327410, "w": "是", "sp": "Agent"}, {"p": 447, "c": 0.9, "s": 327410, "e": 327875, "w": "多少", "sp": "Agent"}, {"p": 448, "c": 0.9, "s": 327875, "e": 328107, "w": "和", "sp": "Agent"}, {"p": 449, "c": 0.9, "s": 328107, "e": 328572, "w": "管径", "sp": "Agent"}, {"p": 450, "c": 0.9, "s": 328572, "e": 328804, "w": "是", "sp": "Agent"}, {"p": 451, "c": 0.9, "s": 328804, "e": 329268, "w": "多少", "sp": "Agent"}, {"p": 452, "c": 0.9, "s": 329269, "e": 329501, "w": "是", "sp": "Agent"}, {"p": 453, "c": 0.9, "s": 329501, "e": 329733, "w": "吧", "sp": "Agent"}, {"p": 454, "c": 0.9, "s": 329733, "e": 330198, "w": "这个", "sp": "Agent"}, {"p": 455, "c": 0.9, "s": 330198, "e": 330663, "w": "占用", "sp": "Agent"}, {"p": 456, "c": 0.9, "s": 330450, "e": 330758, "w": "哦", "sp": "Customer"}, {"p": 457, "c": 0.9, "s": 330663, "e": 330895, "w": "的", "sp": "Agent"}, {"p": 458, "c": 0.9, "s": 330758, "e": 331375, "w": "管管", "sp": "Customer"}, {"p": 459, "c": 0.9, "s": 330895, "e": 331360, "w": "挂机", "sp": "Agent"}, {"p": 460, "c": 0.9, "s": 331375, "e": 331684, "w": "墙", "sp": "Customer"}, {"p": 461, "c": 0.9, "s": 331684, "e": 332608, "w": "无所谓", "sp": "Customer"}, {"p": 462, "c": 0.9, "s": 332609, "e": 332918, "w": "我", "sp": "Customer"}, {"p": 463, "c": 0.9, "s": 332918, "e": 333226, "w": "就", "sp": "Customer"}, {"p": 464, "c": 0.9, "s": 333226, "e": 333535, "w": "想", "sp": "Customer"}, {"p": 465, "c": 0.9, "s": 333535, "e": 334152, "w": "知道", "sp": "Customer"}, {"p": 466, "c": 0.9, "s": 334152, "e": 334769, "w": "那个", "sp": "Customer"}, {"p": 467, "c": 0.9, "s": 334769, "e": 335386, "w": "管子", "sp": "Customer"}, {"p": 468, "c": 0.9, "s": 335386, "e": 335694, "w": "的", "sp": "Customer"}, {"p": 469, "c": 0.9, "s": 335694, "e": 336311, "w": "规格", "sp": "Customer"}, {"p": 470, "c": 0.9, "s": 336311, "e": 336928, "w": "就是", "sp": "Customer"}, {"p": 471, "c": 0.9, "s": 336928, "e": 337545, "w": "管管", "sp": "Customer"}, {"p": 472, "c": 0.9, "s": 337545, "e": 337854, "w": "径", "sp": "Customer"}, {"p": 473, "c": 0.9, "s": 337560, "e": 337780, "w": "就", "sp": "Agent"}, {"p": 474, "c": 0.9, "s": 337780, "e": 338222, "w": "现在", "sp": "Agent"}, {"p": 475, "c": 0.9, "s": 337854, "e": 338162, "w": "是", "sp": "Customer"}, {"p": 476, "c": 0.9, "s": 338162, "e": 338780, "w": "多少", "sp": "Customer"}, {"p": 477, "c": 0.9, "s": 338222, "e": 338443, "w": "这", "sp": "Agent"}, {"p": 478, "c": 0.9, "s": 338443, "e": 338884, "w": "环境", "sp": "Agent"}, {"p": 479, "c": 0.9, "s": 338885, "e": 339106, "w": "是", "sp": "Agent"}, {"p": 480, "c": 0.9, "s": 339106, "e": 339547, "w": "多少", "sp": "Agent"}, {"p": 481, "c": 0.9, "s": 339548, "e": 339769, "w": "是", "sp": "Agent"}, {"p": 482, "c": 0.9, "s": 339630, "e": 339822, "w": "我", "sp": "Customer"}, {"p": 483, "c": 0.9, "s": 339769, "e": 339990, "w": "吧", "sp": "Agent"}, {"p": 484, "c": 0.9, "s": 339822, "e": 340013, "w": "的", "sp": "Customer"}, {"p": 485, "c": 0.9, "s": 340014, "e": 340206, "w": "花", "sp": "Customer"}, {"p": 486, "c": 0.9, "s": 340206, "e": 340397, "w": "呗", "sp": "Customer"}, {"p": 487, "c": 0.9, "s": 340398, "e": 340590, "w": "借", "sp": "Customer"}, {"p": 488, "c": 0.9, "s": 340590, "e": 340781, "w": "呗", "sp": "Customer"}, {"p": 489, "c": 0.9, "s": 340782, "e": 340974, "w": "借", "sp": "Customer"}, {"p": 490, "c": 0.9, "s": 340974, "e": 341166, "w": "借", "sp": "Customer"}, {"p": 491, "c": 0.9, "s": 341166, "e": 341550, "w": "出来", "sp": "Customer"}, {"p": 492, "c": 0.9, "s": 341180, "e": 341345, "w": "行", "sp": "Agent"}, {"p": 493, "c": 0.9, "s": 341346, "e": 341512, "w": "我", "sp": "Agent"}, {"p": 494, "c": 0.9, "s": 341512, "e": 341844, "w": "这边", "sp": "Agent"}, {"p": 495, "c": 0.9, "s": 341550, "e": 341741, "w": "充", "sp": "Customer"}, {"p": 496, "c": 0.9, "s": 341742, "e": 341934, "w": "不", "sp": "Customer"}, {"p": 497, "c": 0.9, "s": 341844, "e": 342009, "w": "帮", "sp": "Agent"}, {"p": 498, "c": 0.9, "s": 341934, "e": 342318, "w": "进来", "sp": "Customer"}, {"p": 499, "c": 0.9, "s": 342010, "e": 342176, "w": "您", "sp": "Agent"}, {"p": 500, "c": 0.9, "s": 342176, "e": 342508, "w": "进行", "sp": "Agent"}, {"p": 501, "c": 0.9, "s": 342318, "e": 342509, "w": "了", "sp": "Customer"}, {"p": 502, "c": 0.9, "s": 342508, "e": 342841, "w": "后续", "sp": "Agent"}, {"p": 503, "c": 0.9, "s": 342841, "e": 343007, "w": "给", "sp": "Agent"}, {"p": 504, "c": 0.9, "s": 343007, "e": 343172, "w": "您", "sp": "Agent"}, {"p": 505, "c": 0.9, "s": 343173, "e": 343505, "w": "回复", "sp": "Agent"}, {"p": 506, "c": 0.9, "s": 343505, "e": 343837, "w": "过去", "sp": "Agent"}, {"p": 507, "c": 0.9, "s": 343837, "e": 344003, "w": "好", "sp": "Agent"}, {"p": 508, "c": 0.9, "s": 344003, "e": 344169, "w": "吧", "sp": "Agent"}, {"p": 509, "c": 0.9, "s": 344540, "e": 344960, "w": "嗯", "sp": "Customer"}, {"p": 510, "c": 0.9, "s": 344930, "e": 345171, "w": "是", "sp": "Agent"}, {"p": 511, "c": 0.9, "s": 344960, "e": 345380, "w": "好", "sp": "Customer"}, {"p": 512, "c": 0.9, "s": 345171, "e": 345413, "w": "打", "sp": "Agent"}, {"p": 513, "c": 0.9, "s": 345380, "e": 346220, "w": "谢谢", "sp": "Customer"}, {"p": 514, "c": 0.9, "s": 345413, "e": 345655, "w": "打", "sp": "Agent"}, {"p": 515, "c": 0.9, "s": 345655, "e": 345896, "w": "您", "sp": "Agent"}, {"p": 516, "c": 0.9, "s": 345896, "e": 346380, "w": "这个", "sp": "Agent"}, {"p": 517, "c": 0.9, "s": 346380, "e": 346622, "w": "幺", "sp": "Agent"}, {"p": 518, "c": 0.9, "s": 346622, "e": 347105, "w": "五九", "sp": "Agent"}, {"p": 519, "c": 0.9, "s": 347105, "e": 347589, "w": "九五", "sp": "Agent"}, {"p": 520, "c": 0.9, "s": 347589, "e": 348072, "w": "五七", "sp": "Agent"}, {"p": 521, "c": 0.9, "s": 348072, "e": 348314, "w": "幺", "sp": "Agent"}, {"p": 522, "c": 0.9, "s": 348314, "e": 348556, "w": "二", "sp": "Agent"}, {"p": 523, "c": 0.9, "s": 348556, "e": 349039, "w": "二三", "sp": "Agent"}, {"p": 524, "c": 0.9, "s": 349039, "e": 349523, "w": "这个", "sp": "Agent"}, {"p": 525, "c": 0.9, "s": 349523, "e": 350006, "w": "号码", "sp": "Agent"}, {"p": 526, "c": 0.9, "s": 350006, "e": 350248, "w": "对", "sp": "Agent"}, {"p": 527, "c": 0.9, "s": 350248, "e": 350490, "w": "吗", "sp": "Agent"}, {"p": 528, "c": 0.9, "s": 351080, "e": 351597, "w": "对", "sp": "Customer"}, {"p": 529, "c": 0.9, "s": 351520, "e": 351680, "w": "好", "sp": "Agent"}, {"p": 530, "c": 0.9, "s": 351597, "e": 352115, "w": "对", "sp": "Customer"}, {"p": 531, "c": 0.9, "s": 351680, "e": 351841, "w": "的", "sp": "Agent"}, {"p": 532, "c": 0.9, "s": 351841, "e": 352002, "w": "好", "sp": "Agent"}, {"p": 533, "c": 0.9, "s": 352002, "e": 352162, "w": "的", "sp": "Agent"}, {"p": 534, "c": 0.9, "s": 352115, "e": 352632, "w": "对", "sp": "Customer"}, {"p": 535, "c": 0.9, "s": 352162, "e": 352483, "w": "谢谢", "sp": "Agent"}, {"p": 536, "c": 0.9, "s": 352484, "e": 352645, "w": "那", "sp": "Agent"}, {"p": 537, "c": 0.9, "s": 352632, "e": 353150, "w": "对", "sp": "Customer"}, {"p": 538, "c": 0.9, "s": 352645, "e": 352966, "w": "这边", "sp": "Agent"}, {"p": 539, "c": 0.9, "s": 352966, "e": 353127, "w": "先", "sp": "Agent"}, {"p": 540, "c": 0.9, "s": 353127, "e": 353288, "w": "不", "sp": "Agent"}, {"p": 541, "c": 0.9, "s": 353150, "e": 354185, "w": "好好", "sp": "Customer"}, {"p": 542, "c": 0.9, "s": 353288, "e": 353609, "w": "打扰", "sp": "Agent"}, {"p": 543, "c": 0.9, "s": 353609, "e": 353770, "w": "您", "sp": "Agent"}, {"p": 544, "c": 0.9, "s": 353770, "e": 354251, "w": "感谢您", "sp": "Agent"}, {"p": 545, "c": 0.9, "s": 354185, "e": 355220, "w": "谢谢", "sp": "Customer"}, {"p": 546, "c": 0.9, "s": 354252, "e": 354574, "w": "来电", "sp": "Agent"}, {"p": 547, "c": 0.9, "s": 354574, "e": 354895, "w": "祝您", "sp": "Agent"}, {"p": 548, "c": 0.9, "s": 354895, "e": 355216, "w": "生活", "sp": "Agent"}, {"p": 549, "c": 0.9, "s": 355217, "e": 355538, "w": "愉快", "sp": "Agent"}, {"p": 550, "c": 0.9, "s": 355538, "e": 355860, "w": "再见", "sp": "Agent"}, {"p": 551, "c": 0.9, "s": 356090, "e": 356490, "w": "好", "sp": "Customer"}, {"p": 552, "c": 0.9, "s": 356490, "e": 357289, "w": "拜拜", "sp": "Customer"}]}, "plainText": "您好 欢迎 致电 乐 寿 健康 请问 有 什么 可以 帮 您\n哎 你好 我 想 问 一下 那个 我 铜管 就是 那个 大兵 空调 的 铜管 的 型号\n还款 情况\n对 对\n呃 是 这样\n对\n的 先生 我们 大厅 的话 跟 通 管 中 后台 的话 是 没有 呃 就是 品牌 上 的 一个 要求 但是 对 这个 规格 上 是 有 要求 的 所以\n我 就 想 问 一下 那个 规格 因为 我 买 了 一 台 你们 的 那个 空调 但是 那个 铜管 要 加长 可能 我 要 换 铜管 所以 问\n红\n一下\n管 要 加长 你 买 的 是 什么 设备 呢\n哦 嗯 机子 的 型号 我 报 给 你\n嗯\n吧\n您 说\n嗯 我 看 稍 等 一下 我 看 一下 呃 F P X R\nF T S R\n二 三六\n还款 的\n杠 二 二六 W C\n二三 六 杠 二 二六 搞 不\n啊\n清\n那个 斜杠\n呃 是 这样 的 先生 我们 的 型号 有 二 三 六 和 二二 零 的 这 是 两个 不同 的 型号\n有 二 三 六 和\n对\n二 二六\n的\n是 吧 我 那个 是 一体 的 嗯\n呃 有 看到 您 这个 是 一体 的话 那 是 二 二六 二六 是 一起\n对\n的\n啊\n二\n那\n三六\n就算\n是\n了\n一点\n啊 有\n五\n的\n几\n嗯\n的\n嗯 哦 我 知道 了 我 买 了 有 一个 一点 五 的 一点 一一 一一\n嗯 所以\n个 一批\n的话 您\n的\n现在 是 想 问 他 的 这个 城管\n对 对 对 对\n童\n对\n短 家常 是 吧\n对 对 对 我 想 问 一下 他 那个 同 版 的 那个\n我们\n尺寸\n尺寸\n是 多少\n一般\n的\n是 四 米 的\n那 长度 是 四\n对\n米 是 吧 那个 短信\n短信\n呢\n的话 您 稍 等 您 这边 在线 稍 等 一下 现在 有 什么 话题 需要 帮 您 咨询 一下\n嗯 你们 你\n哎 你好 先生 不好意思 久等\n嗯\n了\n没事\n你好 呃 是 这样 我 这边 暂时 看不到 资料 我 这边 帮 您 转接 一下 我们 技术 部门 您 咨询 一下\n好\n好 吧\n的 好 的 好\n哎 这个\n的\n月 请 别 挂机 谢谢\n不 提现 吗 坐席 正 忙 请 耐心 等待 线路 依然 忙碌 请 稍后 再 拨 家里 房子 已经\n哎 您好 先生 呃 是 这样 我们\n还要\n这边 进行 了 正在\n嗯\n忙 线 当中 要 不 这样 我 这边 您 这边 还有 一些 其他 问题 吗 我 这边 帮 您 了解 之后 帮 您 回拨 过去 好\n嗯\n吗\n没有 那个 就是说\n就 只有\n我\n这个\n意思\n呃\n是\n管 长 是 多少 和 管径 是 多少 是 吧 这个 占用\n哦\n的\n管管\n挂机\n墙 无所谓 我 就 想 知道 那个 管子 的 规格 就是 管管 径\n就 现在\n是 多少\n这 环境 是 多少 是\n我\n吧\n的 花 呗 借 呗 借 借 出来\n行 我 这边\n充 不\n帮\n进来\n您 进行\n了\n后续 给 您 回复 过去 好 吧\n嗯\n是\n好\n打\n谢谢\n打 您 这个 幺 五九 九五 五七 幺 二 二三 这个 号码 对 吗\n对\n好\n对\n的 好 的\n对\n谢谢 那\n对\n这边 先 不\n好好\n打扰 您 感谢您\n谢谢\n来电 祝您 生活 愉快 再见\n好 拜拜", "plainTextTime": {"verbatims": [{"s": 1220, "e": 4190, "w": "您好 欢迎 致电 乐 寿 健康 请问 有 什么 可以 帮 您", "sp": "Agent"}, {"s": 4250, "e": 12560, "w": "哎 你好 我 想 问 一下 那个 我 铜管 就是 那个 大兵 空调 的 铜管 的 型号", "sp": "Customer"}, {"s": 12710, "e": 14280, "w": "还款 情况", "sp": "Agent"}, {"s": 15150, "e": 16110, "w": "对 对", "sp": "Customer"}, {"s": 15640, "e": 16522, "w": "呃 是 这样", "sp": "Agent"}, {"s": 16110, "e": 16590, "w": "对", "sp": "Customer"}, {"s": 16523, "e": 27670, "w": "的 先生 我们 大厅 的话 跟 通 管 中 后台 的话 是 没有 呃 就是 品牌 上 的 一个 要求 但是 对 这个 规格 上 是 有 要求 的 所以", "sp": "Agent"}, {"s": 26990, "e": 37214, "w": "我 就 想 问 一下 那个 规格 因为 我 买 了 一 台 你们 的 那个 空调 但是 那个 铜管 要 加长 可能 我 要 换 铜管 所以 问", "sp": "Customer"}, {"s": 37130, "e": 37317, "w": "红", "sp": "Agent"}, {"s": 37214, "e": 37690, "w": "一下", "sp": "Customer"}, {"s": 37317, "e": 39750, "w": "管 要 加长 你 买 的 是 什么 设备 呢", "sp": "Agent"}, {"s": 40860, "e": 44838, "w": "哦 嗯 机子 的 型号 我 报 给 你", "sp": "Customer"}, {"s": 44530, "e": 45016, "w": "嗯", "sp": "Agent"}, {"s": 44838, "e": 45200, "w": "吧", "sp": "Customer"}, {"s": 45016, "e": 45989, "w": "您 说", "sp": "Agent"}, {"s": 47640, "e": 54380, "w": "嗯 我 看 稍 等 一下 我 看 一下 呃 F P X R", "sp": "Customer"}, {"s": 55620, "e": 57649, "w": "F T S R", "sp": "Agent"}, {"s": 58920, "e": 60900, "w": "二 三六", "sp": "Customer"}, {"s": 60010, "e": 61280, "w": "还款 的", "sp": "Agent"}, {"s": 62520, "e": 65290, "w": "杠 二 二六 W C", "sp": "Customer"}, {"s": 65030, "e": 69433, "w": "二三 六 杠 二 二六 搞 不", "sp": "Agent"}, {"s": 69400, "e": 69732, "w": "啊", "sp": "Customer"}, {"s": 69433, "e": 69799, "w": "清", "sp": "Agent"}, {"s": 69732, "e": 71060, "w": "那个 斜杠", "sp": "Customer"}, {"s": 70870, "e": 75479, "w": "呃 是 这样 的 先生 我们 的 型号 有 二 三 六 和 二二 零 的 这 是 两个 不同 的 型号", "sp": "Agent"}, {"s": 78000, "e": 79440, "w": "有 二 三 六 和", "sp": "Customer"}, {"s": 79290, "e": 79840, "w": "对", "sp": "Agent"}, {"s": 79440, "e": 80303, "w": "二 二六", "sp": "Customer"}, {"s": 79840, "e": 80390, "w": "的", "sp": "Agent"}, {"s": 80304, "e": 88400, "w": "是 吧 我 那个 是 一体 的 嗯", "sp": "Customer"}, {"s": 111940, "e": 117855, "w": "呃 有 看到 您 这个 是 一体 的话 那 是 二 二六 二六 是 一起", "sp": "Agent"}, {"s": 117760, "e": 118040, "w": "对", "sp": "Customer"}, {"s": 117856, "e": 118150, "w": "的", "sp": "Agent"}, {"s": 118040, "e": 118320, "w": "啊", "sp": "Customer"}, {"s": 118150, "e": 118443, "w": "二", "sp": "Agent"}, {"s": 118320, "e": 118600, "w": "那", "sp": "Customer"}, {"s": 118443, "e": 119030, "w": "三六", "sp": "Agent"}, {"s": 118600, "e": 119159, "w": "就算", "sp": "Customer"}, {"s": 119030, "e": 119323, "w": "是", "sp": "Agent"}, {"s": 119160, "e": 119440, "w": "了", "sp": "Customer"}, {"s": 119323, "e": 119909, "w": "一点", "sp": "Agent"}, {"s": 119440, "e": 120000, "w": "啊 有", "sp": "Customer"}, {"s": 119910, "e": 120203, "w": "五", "sp": "Agent"}, {"s": 120000, "e": 120280, "w": "的", "sp": "Customer"}, {"s": 120203, "e": 120496, "w": "几", "sp": "Agent"}, {"s": 120280, "e": 120560, "w": "嗯", "sp": "Customer"}, {"s": 120496, "e": 120790, "w": "的", "sp": "Agent"}, {"s": 120560, "e": 127413, "w": "嗯 哦 我 知道 了 我 买 了 有 一个 一点 五 的 一点 一一 一一", "sp": "Customer"}, {"s": 127030, "e": 127677, "w": "嗯 所以", "sp": "Agent"}, {"s": 127413, "e": 128138, "w": "个 一批", "sp": "Customer"}, {"s": 127677, "e": 128325, "w": "的话 您", "sp": "Agent"}, {"s": 128138, "e": 128380, "w": "的", "sp": "Customer"}, {"s": 128325, "e": 130700, "w": "现在 是 想 问 他 的 这个 城管", "sp": "Agent"}, {"s": 133000, "e": 134239, "w": "对 对 对 对", "sp": "Customer"}, {"s": 133940, "e": 134268, "w": "童", "sp": "Agent"}, {"s": 134240, "e": 134550, "w": "对", "sp": "Customer"}, {"s": 134268, "e": 135909, "w": "短 家常 是 吧", "sp": "Agent"}, {"s": 137900, "e": 141958, "w": "对 对 对 我 想 问 一下 他 那个 同 版 的 那个", "sp": "Customer"}, {"s": 141830, "e": 142384, "w": "我们", "sp": "Agent"}, {"s": 141958, "e": 142465, "w": "尺寸", "sp": "Customer"}, {"s": 142384, "e": 142938, "w": "尺寸", "sp": "Agent"}, {"s": 142465, "e": 143226, "w": "是 多少", "sp": "Customer"}, {"s": 142938, "e": 143492, "w": "一般", "sp": "Agent"}, {"s": 143226, "e": 143480, "w": "的", "sp": "Customer"}, {"s": 143492, "e": 144599, "w": "是 四 米 的", "sp": "Agent"}, {"s": 147030, "e": 148392, "w": "那 长度 是 四", "sp": "Customer"}, {"s": 148370, "e": 149470, "w": "对", "sp": "Agent"}, {"s": 148392, "e": 152248, "w": "米 是 吧 那个 短信", "sp": "Customer"}, {"s": 151750, "e": 152767, "w": "短信", "sp": "Agent"}, {"s": 152248, "e": 152640, "w": "呢", "sp": "Customer"}, {"s": 152767, "e": 185569, "w": "的话 您 稍 等 您 这边 在线 稍 等 一下 现在 有 什么 话题 需要 帮 您 咨询 一下", "sp": "Agent"}, {"s": 186650, "e": 279870, "w": "嗯 你们 你", "sp": "Customer"}, {"s": 280330, "e": 282811, "w": "哎 你好 先生 不好意思 久等", "sp": "Agent"}, {"s": 282520, "e": 282935, "w": "嗯", "sp": "Customer"}, {"s": 282812, "e": 283038, "w": "了", "sp": "Agent"}, {"s": 282936, "e": 283770, "w": "没事", "sp": "Customer"}, {"s": 283038, "e": 288995, "w": "你好 呃 是 这样 我 这边 暂时 看不到 资料 我 这边 帮 您 转接 一下 我们 技术 部门 您 咨询 一下", "sp": "Agent"}, {"s": 288990, "e": 289261, "w": "好", "sp": "Customer"}, {"s": 288995, "e": 289300, "w": "好 吧", "sp": "Agent"}, {"s": 289261, "e": 290348, "w": "的 好 的 好", "sp": "Customer"}, {"s": 290080, "e": 290650, "w": "哎 这个", "sp": "Agent"}, {"s": 290348, "e": 290620, "w": "的", "sp": "Customer"}, {"s": 290650, "e": 291980, "w": "月 请 别 挂机 谢谢", "sp": "Agent"}, {"s": 298100, "e": 315419, "w": "不 提现 吗 坐席 正 忙 请 耐心 等待 线路 依然 忙碌 请 稍后 再 拨 家里 房子 已经", "sp": "Customer"}, {"s": 315050, "e": 316736, "w": "哎 您好 先生 呃 是 这样 我们", "sp": "Agent"}, {"s": 316570, "e": 317716, "w": "还要", "sp": "Customer"}, {"s": 316736, "e": 317808, "w": "这边 进行 了 正在", "sp": "Agent"}, {"s": 317716, "e": 318290, "w": "嗯", "sp": "Customer"}, {"s": 317808, "e": 323786, "w": "忙 线 当中 要 不 这样 我 这边 您 这边 还有 一些 其他 问题 吗 我 这边 帮 您 了解 之后 帮 您 回拨 过去 好", "sp": "Agent"}, {"s": 323650, "e": 323927, "w": "嗯", "sp": "Customer"}, {"s": 323786, "e": 323940, "w": "吗", "sp": "Agent"}, {"s": 323927, "e": 325870, "w": "没有 那个 就是说", "sp": "Customer"}, {"s": 325320, "e": 326016, "w": "就 只有", "sp": "Agent"}, {"s": 325870, "e": 326147, "w": "我", "sp": "Customer"}, {"s": 326016, "e": 326481, "w": "这个", "sp": "Agent"}, {"s": 326147, "e": 326702, "w": "意思", "sp": "Customer"}, {"s": 326481, "e": 326712, "w": "呃", "sp": "Agent"}, {"s": 326702, "e": 326980, "w": "是", "sp": "Customer"}, {"s": 326713, "e": 330663, "w": "管 长 是 多少 和 管径 是 多少 是 吧 这个 占用", "sp": "Agent"}, {"s": 330450, "e": 330758, "w": "哦", "sp": "Customer"}, {"s": 330663, "e": 330895, "w": "的", "sp": "Agent"}, {"s": 330758, "e": 331375, "w": "管管", "sp": "Customer"}, {"s": 330895, "e": 331360, "w": "挂机", "sp": "Agent"}, {"s": 331375, "e": 337854, "w": "墙 无所谓 我 就 想 知道 那个 管子 的 规格 就是 管管 径", "sp": "Customer"}, {"s": 337560, "e": 338222, "w": "就 现在", "sp": "Agent"}, {"s": 337854, "e": 338780, "w": "是 多少", "sp": "Customer"}, {"s": 338222, "e": 339769, "w": "这 环境 是 多少 是", "sp": "Agent"}, {"s": 339630, "e": 339822, "w": "我", "sp": "Customer"}, {"s": 339769, "e": 339990, "w": "吧", "sp": "Agent"}, {"s": 339822, "e": 341550, "w": "的 花 呗 借 呗 借 借 出来", "sp": "Customer"}, {"s": 341180, "e": 341844, "w": "行 我 这边", "sp": "Agent"}, {"s": 341550, "e": 341934, "w": "充 不", "sp": "Customer"}, {"s": 341844, "e": 342009, "w": "帮", "sp": "Agent"}, {"s": 341934, "e": 342318, "w": "进来", "sp": "Customer"}, {"s": 342010, "e": 342508, "w": "您 进行", "sp": "Agent"}, {"s": 342318, "e": 342509, "w": "了", "sp": "Customer"}, {"s": 342508, "e": 344169, "w": "后续 给 您 回复 过去 好 吧", "sp": "Agent"}, {"s": 344540, "e": 344960, "w": "嗯", "sp": "Customer"}, {"s": 344930, "e": 345171, "w": "是", "sp": "Agent"}, {"s": 344960, "e": 345380, "w": "好", "sp": "Customer"}, {"s": 345171, "e": 345413, "w": "打", "sp": "Agent"}, {"s": 345380, "e": 346220, "w": "谢谢", "sp": "Customer"}, {"s": 345413, "e": 350490, "w": "打 您 这个 幺 五九 九五 五七 幺 二 二三 这个 号码 对 吗", "sp": "Agent"}, {"s": 351080, "e": 351597, "w": "对", "sp": "Customer"}, {"s": 351520, "e": 351680, "w": "好", "sp": "Agent"}, {"s": 351597, "e": 352115, "w": "对", "sp": "Customer"}, {"s": 351680, "e": 352162, "w": "的 好 的", "sp": "Agent"}, {"s": 352115, "e": 352632, "w": "对", "sp": "Customer"}, {"s": 352162, "e": 352645, "w": "谢谢 那", "sp": "Agent"}, {"s": 352632, "e": 353150, "w": "对", "sp": "Customer"}, {"s": 352645, "e": 353288, "w": "这边 先 不", "sp": "Agent"}, {"s": 353150, "e": 354185, "w": "好好", "sp": "Customer"}, {"s": 353288, "e": 354251, "w": "打扰 您 感谢您", "sp": "Agent"}, {"s": 354185, "e": 355220, "w": "谢谢", "sp": "Customer"}, {"s": 354252, "e": 355860, "w": "来电 祝您 生活 愉快 再见", "sp": "Agent"}, {"s": 356090, "e": 357289, "w": "好 拜拜", "sp": "Customer"}]}, "aqm": {"greeting": {"greeting_said": "您好, 请问, 先生", "n_greeting_said": 3, "score": 1}, "closing": {"closing_said": "您, 祝您, 生活, 愉快, 再见", "n_closing_said": 5, "score": 1}, "speed": {"speed_max": 6.53, "n_words": 7, "words": "这边 进行 了 正在", "start": 316736, "end": 317808}}}