{"mediaId": "2022031314041952408747433278303001", "status": "Success", "dateCreated": "2022-03-21T18:45:50Z", "contentType": "audio/x-wav", "channels": "future use", "length": 14, "metadata": {"Sid": 10005, "Site_id": 783, "Audio_ch_num": 87474332, "Audio_module_num": 783002, "Audio_start_time_gmt": "2022-03-13T06:04:19.523+08:00", "Transaction_id": "2022031314041952408747433278303001", "ContactID": "9144800585950000301", "Personal_id": "0", "Direction": 2, "Local_audio_start_time": "2022-03-13T14:04:19.523+08:00", "Local_audio_end_time": "2022-03-13T14:04:33.523+08:00", "Total_hold_time": "0", "Pbx_login_id": "800047", "Ani": "600056", "Extension": "600056", "String_extension": "600056", "Switch_call_id": "006f0330e46d4f72", "Switch_id": "783000001", "Duration_seconds": 14, "Wrapup_time_in_seconds": "0", "Dnis": "15956130757", "Number_of_conferences": "0", "Number_of_holds": "0", "Number_of_transfers": "0", "Percent_of_agent_call": "5", "Percent_of_other_call": "1", "Percent_of_mutual_silence": "9", "Num_of_agent_cross": "0", "Num_of_other_cross": "0", "IsException": 0, "CD2": "013GVT56OG919AP72LUHVB5AES000CBP"}, "transcript_detailed": {"words": [{"p": 1, "c": 0.9, "s": 1210, "e": 2340, "w": "喂", "sp": "Customer"}, {"p": 2, "c": 0.9, "s": 2170, "e": 2621, "w": "您好", "sp": "Agent"}, {"p": 3, "c": 0.9, "s": 2621, "e": 3072, "w": "这里", "sp": "Agent"}, {"p": 4, "c": 0.9, "s": 3072, "e": 3298, "w": "是", "sp": "Agent"}, {"p": 5, "c": 0.9, "s": 3298, "e": 3749, "w": "大金", "sp": "Agent"}, {"p": 6, "c": 0.9, "s": 3749, "e": 4200, "w": "空调", "sp": "Agent"}, {"p": 7, "c": 0.9, "s": 4200, "e": 4652, "w": "厂房", "sp": "Agent"}, {"p": 8, "c": 0.9, "s": 4652, "e": 5103, "w": "客服", "sp": "Agent"}, {"p": 9, "c": 0.9, "s": 5103, "e": 5554, "w": "中心", "sp": "Agent"}, {"p": 10, "c": 0.9, "s": 5554, "e": 6006, "w": "请问", "sp": "Agent"}, {"p": 11, "c": 0.9, "s": 6006, "e": 6231, "w": "是", "sp": "Agent"}, {"p": 12, "c": 0.9, "s": 6231, "e": 6457, "w": "刘", "sp": "Agent"}, {"p": 13, "c": 0.9, "s": 6457, "e": 6908, "w": "先生", "sp": "Agent"}, {"p": 14, "c": 0.9, "s": 6908, "e": 7134, "w": "是", "sp": "Agent"}, {"p": 15, "c": 0.9, "s": 7134, "e": 7359, "w": "吗", "sp": "Agent"}]}, "plainText": "喂\n您好 这里 是 大金 空调 厂房 客服 中心 请问 是 刘 先生 是 吗", "plainTextTime": {"verbatims": [{"s": 1210, "e": 2340, "w": "喂", "sp": "Customer"}, {"s": 2170, "e": 7359, "w": "您好 这里 是 大金 空调 厂房 客服 中心 请问 是 刘 先生 是 吗", "sp": "Agent"}]}, "aqm": {"greeting": {"greeting_said": "您好, 大金, 空调, 客服, 请问, 先生", "n_greeting_said": 6, "score": 1}, "closing": {"closing_said": "大金", "n_closing_said": 1, "score": 0}, "speed": {"speed_max": 4.43, "n_words": 23, "words": "您好 这里 是 大金 空调 厂房 客服 中心 请问 是 刘 先生 是 吗", "start": 2170, "end": 7359}}}