{"mediaId": "2022031316073408508747449778303001", "status": "Success", "dateCreated": "2022-03-21T18:45:50Z", "contentType": "audio/x-wav", "channels": "future use", "length": 152, "metadata": {"Sid": 10106, "Site_id": 783, "Audio_ch_num": 87474497, "Audio_module_num": 783001, "Audio_start_time_gmt": "2022-03-13T08:07:34.087+08:00", "Transaction_id": "2022031316073408508747449778303001", "ContactID": "9144801325400000301", "Personal_id": "0", "Direction": 1, "Local_audio_start_time": "2022-03-13T16:07:34.087+08:00", "Local_audio_end_time": "2022-03-13T16:10:06.087+08:00", "Total_hold_time": "0", "Pbx_login_id": "800032", "Ani": "15966681825", "Extension": "600041", "String_extension": "600041", "Switch_call_id": "006f0330e46d5041", "Switch_id": "783000001", "Duration_seconds": 152, "Wrapup_time_in_seconds": "0", "Dnis": "02152690312", "Number_of_conferences": "0", "Number_of_holds": "0", "Number_of_transfers": "0", "Percent_of_agent_call": "58", "Percent_of_other_call": "49", "Percent_of_mutual_silence": "13", "Num_of_agent_cross": "15", "Num_of_other_cross": "19", "IsException": 0, "CD2": "013GVT56OG919AP72LUHVB5AES000CIB"}, "transcript_detailed": {"words": [{"p": 1, "c": 0.9, "s": 710, "e": 1003, "w": "您好", "sp": "Agent"}, {"p": 2, "c": 0.9, "s": 1003, "e": 1297, "w": "欢迎", "sp": "Agent"}, {"p": 3, "c": 0.9, "s": 1297, "e": 1591, "w": "致电", "sp": "Agent"}, {"p": 4, "c": 0.9, "s": 1591, "e": 1737, "w": "乐", "sp": "Agent"}, {"p": 5, "c": 0.9, "s": 1737, "e": 1884, "w": "寿", "sp": "Agent"}, {"p": 6, "c": 0.9, "s": 1884, "e": 2178, "w": "健康", "sp": "Agent"}, {"p": 7, "c": 0.9, "s": 2178, "e": 2472, "w": "请问", "sp": "Agent"}, {"p": 8, "c": 0.9, "s": 2472, "e": 2617, "w": "有", "sp": "Agent"}, {"p": 9, "c": 0.9, "s": 2618, "e": 2912, "w": "什么", "sp": "Agent"}, {"p": 10, "c": 0.9, "s": 2912, "e": 3205, "w": "可以", "sp": "Agent"}, {"p": 11, "c": 0.9, "s": 3206, "e": 3353, "w": "帮", "sp": "Agent"}, {"p": 12, "c": 0.9, "s": 3353, "e": 3500, "w": "您", "sp": "Agent"}, {"p": 13, "c": 0.9, "s": 3420, "e": 3664, "w": "哎", "sp": "Customer"}, {"p": 14, "c": 0.9, "s": 3664, "e": 4154, "w": "你好", "sp": "Customer"}, {"p": 15, "c": 0.9, "s": 4154, "e": 4642, "w": "那个", "sp": "Customer"}, {"p": 16, "c": 0.9, "s": 4643, "e": 4888, "w": "您", "sp": "Customer"}, {"p": 17, "c": 0.9, "s": 4888, "e": 5133, "w": "是", "sp": "Customer"}, {"p": 18, "c": 0.9, "s": 5133, "e": 5378, "w": "济", "sp": "Customer"}, {"p": 19, "c": 0.9, "s": 5378, "e": 5621, "w": "呃", "sp": "Customer"}, {"p": 20, "c": 0.9, "s": 5622, "e": 6112, "w": "全国", "sp": "Customer"}, {"p": 21, "c": 0.9, "s": 6112, "e": 6601, "w": "服务", "sp": "Customer"}, {"p": 22, "c": 0.9, "s": 6601, "e": 7090, "w": "还是", "sp": "Customer"}, {"p": 23, "c": 0.9, "s": 7091, "e": 7336, "w": "我", "sp": "Customer"}, {"p": 24, "c": 0.9, "s": 7336, "e": 7580, "w": "想", "sp": "Customer"}, {"p": 25, "c": 0.9, "s": 7580, "e": 7825, "w": "问", "sp": "Customer"}, {"p": 26, "c": 0.9, "s": 7825, "e": 8315, "w": "一下", "sp": "Customer"}, {"p": 27, "c": 0.9, "s": 8315, "e": 8804, "w": "济南", "sp": "Customer"}, {"p": 28, "c": 0.9, "s": 8804, "e": 9049, "w": "的", "sp": "Customer"}, {"p": 29, "c": 0.9, "s": 9049, "e": 9538, "w": "大厅", "sp": "Customer"}, {"p": 30, "c": 0.9, "s": 9538, "e": 9783, "w": "的", "sp": "Customer"}, {"p": 31, "c": 0.9, "s": 9783, "e": 10273, "w": "专卖", "sp": "Customer"}, {"p": 32, "c": 0.9, "s": 10273, "e": 10517, "w": "从", "sp": "Customer"}, {"p": 33, "c": 0.9, "s": 10517, "e": 11007, "w": "最后", "sp": "Customer"}, {"p": 34, "c": 0.9, "s": 11007, "e": 11252, "w": "在", "sp": "Customer"}, {"p": 35, "c": 0.9, "s": 11252, "e": 11496, "w": "哪", "sp": "Customer"}, {"p": 36, "c": 0.9, "s": 11430, "e": 12050, "w": "呃", "sp": "Agent"}, {"p": 37, "c": 0.9, "s": 11496, "e": 11741, "w": "啊", "sp": "Customer"}, {"p": 38, "c": 0.9, "s": 11741, "e": 12231, "w": "济南", "sp": "Customer"}, {"p": 39, "c": 0.9, "s": 12050, "e": 12670, "w": "我", "sp": "Agent"}, {"p": 40, "c": 0.9, "s": 12231, "e": 12720, "w": "山东", "sp": "Customer"}, {"p": 41, "c": 0.9, "s": 12720, "e": 13210, "w": "济南", "sp": "Customer"}, {"p": 42, "c": 0.9, "s": 12950, "e": 13254, "w": "山东", "sp": "Agent"}, {"p": 43, "c": 0.9, "s": 13254, "e": 13559, "w": "济南", "sp": "Agent"}, {"p": 44, "c": 0.9, "s": 13559, "e": 13711, "w": "是", "sp": "Agent"}, {"p": 45, "c": 0.9, "s": 13711, "e": 13863, "w": "吧", "sp": "Agent"}, {"p": 46, "c": 0.9, "s": 13863, "e": 14168, "w": "我们", "sp": "Agent"}, {"p": 47, "c": 0.9, "s": 14168, "e": 14472, "w": "这边", "sp": "Agent"}, {"p": 48, "c": 0.9, "s": 14472, "e": 14625, "w": "是", "sp": "Agent"}, {"p": 49, "c": 0.9, "s": 14625, "e": 14929, "w": "的话", "sp": "Agent"}, {"p": 50, "c": 0.9, "s": 14929, "e": 15081, "w": "是", "sp": "Agent"}, {"p": 51, "c": 0.9, "s": 15081, "e": 15234, "w": "在", "sp": "Agent"}, {"p": 52, "c": 0.9, "s": 15234, "e": 15538, "w": "上海", "sp": "Agent"}, {"p": 53, "c": 0.9, "s": 15538, "e": 15690, "w": "您", "sp": "Agent"}, {"p": 54, "c": 0.9, "s": 15690, "e": 15995, "w": "当地", "sp": "Agent"}, {"p": 55, "c": 0.9, "s": 15995, "e": 16146, "w": "的", "sp": "Agent"}, {"p": 56, "c": 0.9, "s": 16146, "e": 16452, "w": "那个", "sp": "Agent"}, {"p": 57, "c": 0.9, "s": 16452, "e": 16756, "w": "门店", "sp": "Agent"}, {"p": 58, "c": 0.9, "s": 16756, "e": 17061, "w": "地址", "sp": "Agent"}, {"p": 59, "c": 0.9, "s": 17061, "e": 17365, "w": "我们", "sp": "Agent"}, {"p": 60, "c": 0.9, "s": 17365, "e": 17670, "w": "这边", "sp": "Agent"}, {"p": 61, "c": 0.9, "s": 17670, "e": 17975, "w": "没有", "sp": "Agent"}, {"p": 62, "c": 0.9, "s": 17975, "e": 18279, "w": "如果", "sp": "Agent"}, {"p": 63, "c": 0.9, "s": 18279, "e": 18431, "w": "您", "sp": "Agent"}, {"p": 64, "c": 0.9, "s": 18431, "e": 18736, "w": "方便", "sp": "Agent"}, {"p": 65, "c": 0.9, "s": 18736, "e": 19040, "w": "的话", "sp": "Agent"}, {"p": 66, "c": 0.9, "s": 19040, "e": 19345, "w": "我们", "sp": "Agent"}, {"p": 67, "c": 0.9, "s": 19345, "e": 19650, "w": "可以", "sp": "Agent"}, {"p": 68, "c": 0.9, "s": 19650, "e": 19954, "w": "记录", "sp": "Agent"}, {"p": 69, "c": 0.9, "s": 19954, "e": 20259, "w": "一下", "sp": "Agent"}, {"p": 70, "c": 0.9, "s": 20259, "e": 20411, "w": "您", "sp": "Agent"}, {"p": 71, "c": 0.9, "s": 20411, "e": 20563, "w": "的", "sp": "Agent"}, {"p": 72, "c": 0.9, "s": 20563, "e": 20868, "w": "大致", "sp": "Agent"}, {"p": 73, "c": 0.9, "s": 20868, "e": 21172, "w": "信息", "sp": "Agent"}, {"p": 74, "c": 0.9, "s": 21172, "e": 21629, "w": "到时候", "sp": "Agent"}, {"p": 75, "c": 0.9, "s": 21629, "e": 21781, "w": "让", "sp": "Agent"}, {"p": 76, "c": 0.9, "s": 21781, "e": 21934, "w": "他", "sp": "Agent"}, {"p": 77, "c": 0.9, "s": 21934, "e": 22238, "w": "主动", "sp": "Agent"}, {"p": 78, "c": 0.9, "s": 22238, "e": 22543, "w": "联系", "sp": "Agent"}, {"p": 79, "c": 0.9, "s": 22543, "e": 22847, "w": "一下", "sp": "Agent"}, {"p": 80, "c": 0.9, "s": 22847, "e": 23000, "w": "您", "sp": "Agent"}, {"p": 81, "c": 0.9, "s": 23830, "e": 24050, "w": "啊", "sp": "Customer"}, {"p": 82, "c": 0.9, "s": 24050, "e": 24269, "w": "就", "sp": "Customer"}, {"p": 83, "c": 0.9, "s": 24270, "e": 24490, "w": "在", "sp": "Customer"}, {"p": 84, "c": 0.9, "s": 24490, "e": 24930, "w": "济南", "sp": "Customer"}, {"p": 85, "c": 0.9, "s": 24930, "e": 25150, "w": "的", "sp": "Customer"}, {"p": 86, "c": 0.9, "s": 25150, "e": 25590, "w": "门店", "sp": "Customer"}, {"p": 87, "c": 0.9, "s": 25590, "e": 25810, "w": "你", "sp": "Customer"}, {"p": 88, "c": 0.9, "s": 25810, "e": 26029, "w": "你", "sp": "Customer"}, {"p": 89, "c": 0.9, "s": 26030, "e": 26470, "w": "那边", "sp": "Customer"}, {"p": 90, "c": 0.9, "s": 26470, "e": 26689, "w": "我", "sp": "Customer"}, {"p": 91, "c": 0.9, "s": 26690, "e": 26910, "w": "还", "sp": "Customer"}, {"p": 92, "c": 0.9, "s": 26910, "e": 27130, "w": "不", "sp": "Customer"}, {"p": 93, "c": 0.9, "s": 26940, "e": 27073, "w": "对", "sp": "Agent"}, {"p": 94, "c": 0.9, "s": 27073, "e": 27207, "w": "对", "sp": "Agent"}, {"p": 95, "c": 0.9, "s": 27130, "e": 27570, "w": "知道", "sp": "Customer"}, {"p": 96, "c": 0.9, "s": 27207, "e": 27341, "w": "对", "sp": "Agent"}, {"p": 97, "c": 0.9, "s": 27341, "e": 27608, "w": "我们", "sp": "Agent"}, {"p": 98, "c": 0.9, "s": 27570, "e": 27789, "w": "在", "sp": "Customer"}, {"p": 99, "c": 0.9, "s": 27608, "e": 27875, "w": "这边", "sp": "Agent"}, {"p": 100, "c": 0.9, "s": 27790, "e": 28010, "w": "哪", "sp": "Customer"}, {"p": 101, "c": 0.9, "s": 27875, "e": 28009, "w": "是", "sp": "Agent"}, {"p": 102, "c": 0.9, "s": 28009, "e": 28410, "w": "没什么", "sp": "Agent"}, {"p": 103, "c": 0.9, "s": 28010, "e": 28230, "w": "吗", "sp": "Customer"}, {"p": 104, "c": 0.9, "s": 28230, "e": 28449, "w": "啊", "sp": "Customer"}, {"p": 105, "c": 0.9, "s": 28410, "e": 28677, "w": "具体", "sp": "Agent"}, {"p": 106, "c": 0.9, "s": 28677, "e": 28945, "w": "地址", "sp": "Agent"}, {"p": 107, "c": 0.9, "s": 28945, "e": 29212, "w": "如果", "sp": "Agent"}, {"p": 108, "c": 0.9, "s": 29212, "e": 29346, "w": "您", "sp": "Agent"}, {"p": 109, "c": 0.9, "s": 29346, "e": 29613, "w": "需要", "sp": "Agent"}, {"p": 110, "c": 0.9, "s": 29613, "e": 29880, "w": "的话", "sp": "Agent"}, {"p": 111, "c": 0.9, "s": 29880, "e": 30014, "w": "您", "sp": "Agent"}, {"p": 112, "c": 0.9, "s": 30014, "e": 30281, "w": "可以", "sp": "Agent"}, {"p": 113, "c": 0.9, "s": 30281, "e": 30549, "w": "告知", "sp": "Agent"}, {"p": 114, "c": 0.9, "s": 30549, "e": 30816, "w": "一下", "sp": "Agent"}, {"p": 115, "c": 0.9, "s": 30816, "e": 30950, "w": "您", "sp": "Agent"}, {"p": 116, "c": 0.9, "s": 30950, "e": 31083, "w": "是", "sp": "Agent"}, {"p": 117, "c": 0.9, "s": 31083, "e": 31217, "w": "在", "sp": "Agent"}, {"p": 118, "c": 0.9, "s": 31217, "e": 31484, "w": "济南", "sp": "Agent"}, {"p": 119, "c": 0.9, "s": 31484, "e": 31751, "w": "哪个", "sp": "Agent"}, {"p": 120, "c": 0.9, "s": 31752, "e": 32019, "w": "区县", "sp": "Agent"}, {"p": 121, "c": 0.9, "s": 32019, "e": 32286, "w": "我们", "sp": "Agent"}, {"p": 122, "c": 0.9, "s": 32286, "e": 32554, "w": "可以", "sp": "Agent"}, {"p": 123, "c": 0.9, "s": 32554, "e": 32687, "w": "让", "sp": "Agent"}, {"p": 124, "c": 0.9, "s": 32687, "e": 32821, "w": "他", "sp": "Agent"}, {"p": 125, "c": 0.9, "s": 32821, "e": 33087, "w": "主动", "sp": "Agent"}, {"p": 126, "c": 0.9, "s": 33088, "e": 33356, "w": "联系", "sp": "Agent"}, {"p": 127, "c": 0.9, "s": 33356, "e": 33489, "w": "您", "sp": "Agent"}, {"p": 128, "c": 0.9, "s": 33400, "e": 33603, "w": "啊", "sp": "Customer"}, {"p": 129, "c": 0.9, "s": 33603, "e": 33807, "w": "您", "sp": "Customer"}, {"p": 130, "c": 0.9, "s": 33807, "e": 34010, "w": "就", "sp": "Customer"}, {"p": 131, "c": 0.9, "s": 34010, "e": 34418, "w": "联系", "sp": "Customer"}, {"p": 132, "c": 0.9, "s": 34418, "e": 34621, "w": "我", "sp": "Customer"}, {"p": 133, "c": 0.9, "s": 34621, "e": 34824, "w": "吧", "sp": "Customer"}, {"p": 134, "c": 0.9, "s": 34825, "e": 35436, "w": "到时候", "sp": "Customer"}, {"p": 135, "c": 0.9, "s": 35436, "e": 35640, "w": "让", "sp": "Customer"}, {"p": 136, "c": 0.9, "s": 35640, "e": 35843, "w": "他", "sp": "Customer"}, {"p": 137, "c": 0.9, "s": 35843, "e": 36046, "w": "好", "sp": "Customer"}, {"p": 138, "c": 0.9, "s": 35890, "e": 36096, "w": "哦", "sp": "Agent"}, {"p": 139, "c": 0.9, "s": 36047, "e": 36250, "w": "吧", "sp": "Customer"}, {"p": 140, "c": 0.9, "s": 36096, "e": 36509, "w": "可以", "sp": "Agent"}, {"p": 141, "c": 0.9, "s": 36250, "e": 36658, "w": "电话", "sp": "Customer"}, {"p": 142, "c": 0.9, "s": 36509, "e": 36715, "w": "的", "sp": "Agent"}, {"p": 143, "c": 0.9, "s": 36658, "e": 37065, "w": "就是", "sp": "Customer"}, {"p": 144, "c": 0.9, "s": 36715, "e": 36921, "w": "行", "sp": "Agent"}, {"p": 145, "c": 0.9, "s": 36921, "e": 37128, "w": "好", "sp": "Agent"}, {"p": 146, "c": 0.9, "s": 37065, "e": 37472, "w": "这个", "sp": "Customer"}, {"p": 147, "c": 0.9, "s": 37128, "e": 37334, "w": "的", "sp": "Agent"}, {"p": 148, "c": 0.9, "s": 37334, "e": 37540, "w": "行", "sp": "Agent"}, {"p": 149, "c": 0.9, "s": 37472, "e": 37880, "w": "电话", "sp": "Customer"}, {"p": 150, "c": 0.9, "s": 37540, "e": 37747, "w": "那", "sp": "Agent"}, {"p": 151, "c": 0.9, "s": 37747, "e": 37953, "w": "您", "sp": "Agent"}, {"p": 152, "c": 0.9, "s": 37953, "e": 38365, "w": "这边", "sp": "Agent"}, {"p": 153, "c": 0.9, "s": 38366, "e": 38572, "w": "是", "sp": "Agent"}, {"p": 154, "c": 0.9, "s": 38572, "e": 38984, "w": "靠近", "sp": "Agent"}, {"p": 155, "c": 0.9, "s": 38985, "e": 39398, "w": "哪个", "sp": "Agent"}, {"p": 156, "c": 0.9, "s": 39398, "e": 39604, "w": "区", "sp": "Agent"}, {"p": 157, "c": 0.9, "s": 39604, "e": 40017, "w": "比较", "sp": "Agent"}, {"p": 158, "c": 0.9, "s": 40017, "e": 40223, "w": "近", "sp": "Agent"}, {"p": 159, "c": 0.9, "s": 40223, "e": 40430, "w": "呢", "sp": "Agent"}, {"p": 160, "c": 0.9, "s": 40350, "e": 40587, "w": "哪", "sp": "Customer"}, {"p": 161, "c": 0.9, "s": 40588, "e": 40827, "w": "都", "sp": "Customer"}, {"p": 162, "c": 0.9, "s": 40827, "e": 41066, "w": "行", "sp": "Customer"}, {"p": 163, "c": 0.9, "s": 41066, "e": 41305, "w": "你", "sp": "Customer"}, {"p": 164, "c": 0.9, "s": 41305, "e": 41543, "w": "你", "sp": "Customer"}, {"p": 165, "c": 0.9, "s": 41543, "e": 41781, "w": "再", "sp": "Customer"}, {"p": 166, "c": 0.9, "s": 41782, "e": 42021, "w": "给", "sp": "Customer"}, {"p": 167, "c": 0.9, "s": 42021, "e": 42260, "w": "我", "sp": "Customer"}, {"p": 168, "c": 0.9, "s": 42260, "e": 42737, "w": "确认", "sp": "Customer"}, {"p": 169, "c": 0.9, "s": 42737, "e": 43215, "w": "一下", "sp": "Customer"}, {"p": 170, "c": 0.9, "s": 43215, "e": 43453, "w": "这", "sp": "Customer"}, {"p": 171, "c": 0.9, "s": 43453, "e": 43931, "w": "济南", "sp": "Customer"}, {"p": 172, "c": 0.9, "s": 43931, "e": 44647, "w": "有没有", "sp": "Customer"}, {"p": 173, "c": 0.9, "s": 44647, "e": 45125, "w": "具体", "sp": "Customer"}, {"p": 174, "c": 0.9, "s": 45125, "e": 45363, "w": "的", "sp": "Customer"}, {"p": 175, "c": 0.9, "s": 45230, "e": 45531, "w": "我们", "sp": "Agent"}, {"p": 176, "c": 0.9, "s": 45363, "e": 45841, "w": "门店", "sp": "Customer"}, {"p": 177, "c": 0.9, "s": 45532, "e": 45835, "w": "当地", "sp": "Agent"}, {"p": 178, "c": 0.9, "s": 45835, "e": 45986, "w": "都", "sp": "Agent"}, {"p": 179, "c": 0.9, "s": 45841, "e": 46079, "w": "呢", "sp": "Customer"}, {"p": 180, "c": 0.9, "s": 45986, "e": 46137, "w": "是", "sp": "Agent"}, {"p": 181, "c": 0.9, "s": 46137, "e": 46288, "w": "有", "sp": "Agent"}, {"p": 182, "c": 0.9, "s": 46288, "e": 46440, "w": "的", "sp": "Agent"}, {"p": 183, "c": 0.9, "s": 46440, "e": 46591, "w": "您", "sp": "Agent"}, {"p": 184, "c": 0.9, "s": 46591, "e": 46742, "w": "是", "sp": "Agent"}, {"p": 185, "c": 0.9, "s": 46742, "e": 46893, "w": "要", "sp": "Agent"}, {"p": 186, "c": 0.9, "s": 46893, "e": 47196, "w": "购买", "sp": "Agent"}, {"p": 187, "c": 0.9, "s": 47196, "e": 47497, "w": "中央", "sp": "Agent"}, {"p": 188, "c": 0.9, "s": 47498, "e": 47801, "w": "空调", "sp": "Agent"}, {"p": 189, "c": 0.9, "s": 47801, "e": 47952, "w": "呢", "sp": "Agent"}, {"p": 190, "c": 0.9, "s": 47952, "e": 48255, "w": "还是", "sp": "Agent"}, {"p": 191, "c": 0.9, "s": 48255, "e": 48557, "w": "挂机", "sp": "Agent"}, {"p": 192, "c": 0.9, "s": 48557, "e": 48708, "w": "贵", "sp": "Agent"}, {"p": 193, "c": 0.9, "s": 48610, "e": 48842, "w": "嗯", "sp": "Customer"}, {"p": 194, "c": 0.9, "s": 48708, "e": 48860, "w": "机", "sp": "Agent"}, {"p": 195, "c": 0.9, "s": 48842, "e": 49306, "w": "中央", "sp": "Customer"}, {"p": 196, "c": 0.9, "s": 49306, "e": 49770, "w": "空调", "sp": "Customer"}, {"p": 197, "c": 0.9, "s": 49770, "e": 50234, "w": "一个", "sp": "Customer"}, {"p": 198, "c": 0.9, "s": 50234, "e": 50698, "w": "别墅", "sp": "Customer"}, {"p": 199, "c": 0.9, "s": 50698, "e": 50930, "w": "用", "sp": "Customer"}, {"p": 200, "c": 0.9, "s": 50930, "e": 51162, "w": "的", "sp": "Customer"}, {"p": 201, "c": 0.9, "s": 51162, "e": 51626, "w": "中央", "sp": "Customer"}, {"p": 202, "c": 0.9, "s": 51400, "e": 51818, "w": "一个", "sp": "Agent"}, {"p": 203, "c": 0.9, "s": 51626, "e": 52090, "w": "空调", "sp": "Customer"}, {"p": 204, "c": 0.9, "s": 51818, "e": 52236, "w": "别克", "sp": "Agent"}, {"p": 205, "c": 0.9, "s": 52236, "e": 52445, "w": "是", "sp": "Agent"}, {"p": 206, "c": 0.9, "s": 52445, "e": 52654, "w": "吗", "sp": "Agent"}, {"p": 207, "c": 0.9, "s": 52620, "e": 53730, "w": "嗯", "sp": "Customer"}, {"p": 208, "c": 0.9, "s": 52654, "e": 52863, "w": "那", "sp": "Agent"}, {"p": 209, "c": 0.9, "s": 52863, "e": 53281, "w": "就是", "sp": "Agent"}, {"p": 210, "c": 0.9, "s": 53281, "e": 53489, "w": "是", "sp": "Agent"}, {"p": 211, "c": 0.9, "s": 53490, "e": 53699, "w": "是", "sp": "Agent"}, {"p": 212, "c": 0.9, "s": 53699, "e": 53908, "w": "在", "sp": "Agent"}, {"p": 213, "c": 0.9, "s": 53908, "e": 54535, "w": "济南市", "sp": "Agent"}, {"p": 214, "c": 0.9, "s": 54535, "e": 54744, "w": "区", "sp": "Agent"}, {"p": 215, "c": 0.9, "s": 54744, "e": 55162, "w": "这边", "sp": "Agent"}, {"p": 216, "c": 0.9, "s": 55162, "e": 55371, "w": "是", "sp": "Agent"}, {"p": 217, "c": 0.9, "s": 55370, "e": 55656, "w": "啊", "sp": "Customer"}, {"p": 218, "c": 0.9, "s": 55371, "e": 55579, "w": "吗", "sp": "Agent"}, {"p": 219, "c": 0.9, "s": 55656, "e": 56227, "w": "济南", "sp": "Customer"}, {"p": 220, "c": 0.9, "s": 56228, "e": 56800, "w": "市区", "sp": "Customer"}, {"p": 221, "c": 0.9, "s": 56800, "e": 57086, "w": "对", "sp": "Customer"}, {"p": 222, "c": 0.9, "s": 56960, "e": 57141, "w": "啊", "sp": "Agent"}, {"p": 223, "c": 0.9, "s": 57086, "e": 57944, "w": "济南市", "sp": "Customer"}, {"p": 224, "c": 0.9, "s": 57141, "e": 57323, "w": "那", "sp": "Agent"}, {"p": 225, "c": 0.9, "s": 57323, "e": 57505, "w": "我", "sp": "Agent"}, {"p": 226, "c": 0.9, "s": 57505, "e": 57687, "w": "帮", "sp": "Agent"}, {"p": 227, "c": 0.9, "s": 57687, "e": 57869, "w": "您", "sp": "Agent"}, {"p": 228, "c": 0.9, "s": 57869, "e": 58232, "w": "这边", "sp": "Agent"}, {"p": 229, "c": 0.9, "s": 57944, "e": 58230, "w": "区", "sp": "Customer"}, {"p": 230, "c": 0.9, "s": 58232, "e": 58413, "w": "先", "sp": "Agent"}, {"p": 231, "c": 0.9, "s": 58414, "e": 58778, "w": "大致", "sp": "Agent"}, {"p": 232, "c": 0.9, "s": 58778, "e": 59141, "w": "选择", "sp": "Agent"}, {"p": 233, "c": 0.9, "s": 59141, "e": 59323, "w": "市", "sp": "Agent"}, {"p": 234, "c": 0.9, "s": 59323, "e": 59687, "w": "中区", "sp": "Agent"}, {"p": 235, "c": 0.9, "s": 59687, "e": 60050, "w": "这边", "sp": "Agent"}, {"p": 236, "c": 0.9, "s": 60050, "e": 60232, "w": "您", "sp": "Agent"}, {"p": 237, "c": 0.9, "s": 60232, "e": 60413, "w": "看", "sp": "Agent"}, {"p": 238, "c": 0.9, "s": 60414, "e": 60778, "w": "可以", "sp": "Agent"}, {"p": 239, "c": 0.9, "s": 60778, "e": 60960, "w": "吗", "sp": "Agent"}, {"p": 240, "c": 0.9, "s": 60940, "e": 61164, "w": "哦", "sp": "Customer"}, {"p": 241, "c": 0.9, "s": 61165, "e": 61390, "w": "好", "sp": "Customer"}, {"p": 242, "c": 0.9, "s": 61390, "e": 61616, "w": "的", "sp": "Customer"}, {"p": 243, "c": 0.9, "s": 61616, "e": 61841, "w": "市", "sp": "Customer"}, {"p": 244, "c": 0.9, "s": 61841, "e": 62292, "w": "中区", "sp": "Customer"}, {"p": 245, "c": 0.9, "s": 62292, "e": 62517, "w": "是", "sp": "Customer"}, {"p": 246, "c": 0.9, "s": 62517, "e": 62968, "w": "你们", "sp": "Customer"}, {"p": 247, "c": 0.9, "s": 62968, "e": 63192, "w": "有", "sp": "Customer"}, {"p": 248, "c": 0.9, "s": 63193, "e": 63644, "w": "门店", "sp": "Customer"}, {"p": 249, "c": 0.9, "s": 63630, "e": 63965, "w": "我们", "sp": "Agent"}, {"p": 250, "c": 0.9, "s": 63644, "e": 63869, "w": "的", "sp": "Customer"}, {"p": 251, "c": 0.9, "s": 63869, "e": 64094, "w": "对", "sp": "Customer"}, {"p": 252, "c": 0.9, "s": 63965, "e": 64301, "w": "当地", "sp": "Agent"}, {"p": 253, "c": 0.9, "s": 64094, "e": 64320, "w": "吗", "sp": "Customer"}, {"p": 254, "c": 0.9, "s": 64301, "e": 64469, "w": "都", "sp": "Agent"}, {"p": 255, "c": 0.9, "s": 64469, "e": 64637, "w": "是", "sp": "Agent"}, {"p": 256, "c": 0.9, "s": 64637, "e": 64805, "w": "有", "sp": "Agent"}, {"p": 257, "c": 0.9, "s": 64805, "e": 64973, "w": "的", "sp": "Agent"}, {"p": 258, "c": 0.9, "s": 64973, "e": 65308, "w": "但是", "sp": "Agent"}, {"p": 259, "c": 0.9, "s": 65308, "e": 65475, "w": "要", "sp": "Agent"}, {"p": 260, "c": 0.9, "s": 65440, "e": 66650, "w": "哦", "sp": "Customer"}, {"p": 261, "c": 0.9, "s": 65475, "e": 65644, "w": "看", "sp": "Agent"}, {"p": 262, "c": 0.9, "s": 65644, "e": 65812, "w": "您", "sp": "Agent"}, {"p": 263, "c": 0.9, "s": 65812, "e": 65979, "w": "的", "sp": "Agent"}, {"p": 264, "c": 0.9, "s": 65980, "e": 66148, "w": "您", "sp": "Agent"}, {"p": 265, "c": 0.9, "s": 66148, "e": 66316, "w": "是", "sp": "Agent"}, {"p": 266, "c": 0.9, "s": 66316, "e": 66652, "w": "哪里", "sp": "Agent"}, {"p": 267, "c": 0.9, "s": 66652, "e": 66987, "w": "比较", "sp": "Agent"}, {"p": 268, "c": 0.9, "s": 66987, "e": 67155, "w": "近", "sp": "Agent"}, {"p": 269, "c": 0.9, "s": 67155, "e": 67491, "w": "我们", "sp": "Agent"}, {"p": 270, "c": 0.9, "s": 67491, "e": 67826, "w": "可以", "sp": "Agent"}, {"p": 271, "c": 0.9, "s": 67827, "e": 68163, "w": "根据", "sp": "Agent"}, {"p": 272, "c": 0.9, "s": 68163, "e": 68331, "w": "您", "sp": "Agent"}, {"p": 273, "c": 0.9, "s": 68331, "e": 68498, "w": "的", "sp": "Agent"}, {"p": 274, "c": 0.9, "s": 68498, "e": 68834, "w": "地址", "sp": "Agent"}, {"p": 275, "c": 0.9, "s": 68834, "e": 69002, "w": "帮", "sp": "Agent"}, {"p": 276, "c": 0.9, "s": 68990, "e": 69178, "w": "那", "sp": "Customer"}, {"p": 277, "c": 0.9, "s": 69002, "e": 69170, "w": "您", "sp": "Agent"}, {"p": 278, "c": 0.9, "s": 69170, "e": 69506, "w": "就近", "sp": "Agent"}, {"p": 279, "c": 0.9, "s": 69178, "e": 69367, "w": "历", "sp": "Customer"}, {"p": 280, "c": 0.9, "s": 69367, "e": 69744, "w": "城区", "sp": "Customer"}, {"p": 281, "c": 0.9, "s": 69506, "e": 69841, "w": "安排", "sp": "Agent"}, {"p": 282, "c": 0.9, "s": 69745, "e": 70312, "w": "有没有", "sp": "Customer"}, {"p": 283, "c": 0.9, "s": 69842, "e": 70010, "w": "的", "sp": "Agent"}, {"p": 284, "c": 0.9, "s": 70312, "e": 70689, "w": "具体", "sp": "Customer"}, {"p": 285, "c": 0.9, "s": 70690, "e": 71067, "w": "哪个", "sp": "Customer"}, {"p": 286, "c": 0.9, "s": 71067, "e": 71256, "w": "店", "sp": "Customer"}, {"p": 287, "c": 0.9, "s": 71256, "e": 71445, "w": "你", "sp": "Customer"}, {"p": 288, "c": 0.9, "s": 71445, "e": 71634, "w": "要", "sp": "Customer"}, {"p": 289, "c": 0.9, "s": 71634, "e": 71823, "w": "帮", "sp": "Customer"}, {"p": 290, "c": 0.9, "s": 71823, "e": 72012, "w": "我", "sp": "Customer"}, {"p": 291, "c": 0.9, "s": 72012, "e": 72201, "w": "查", "sp": "Customer"}, {"p": 292, "c": 0.9, "s": 72201, "e": 72577, "w": "一下", "sp": "Customer"}, {"p": 293, "c": 0.9, "s": 72578, "e": 72767, "w": "我", "sp": "Customer"}, {"p": 294, "c": 0.9, "s": 72767, "e": 72956, "w": "是", "sp": "Customer"}, {"p": 295, "c": 0.9, "s": 72956, "e": 73334, "w": "直接", "sp": "Customer"}, {"p": 296, "c": 0.9, "s": 73334, "e": 73712, "w": "可以", "sp": "Customer"}, {"p": 297, "c": 0.9, "s": 73712, "e": 74090, "w": "过去", "sp": "Customer"}, {"p": 298, "c": 0.9, "s": 73720, "e": 73852, "w": "呃", "sp": "Agent"}, {"p": 299, "c": 0.9, "s": 73852, "e": 73985, "w": "荔", "sp": "Agent"}, {"p": 300, "c": 0.9, "s": 73985, "e": 74118, "w": "城", "sp": "Agent"}, {"p": 301, "c": 0.9, "s": 74118, "e": 74251, "w": "我", "sp": "Agent"}, {"p": 302, "c": 0.9, "s": 74251, "e": 74517, "w": "这边", "sp": "Agent"}, {"p": 303, "c": 0.9, "s": 74517, "e": 74650, "w": "是", "sp": "Agent"}, {"p": 304, "c": 0.9, "s": 74650, "e": 74783, "w": "没", "sp": "Agent"}, {"p": 305, "c": 0.9, "s": 74783, "e": 75048, "w": "他们", "sp": "Agent"}, {"p": 306, "c": 0.9, "s": 75049, "e": 75315, "w": "地址", "sp": "Agent"}, {"p": 307, "c": 0.9, "s": 75315, "e": 75448, "w": "的", "sp": "Agent"}, {"p": 308, "c": 0.9, "s": 75448, "e": 75581, "w": "我", "sp": "Agent"}, {"p": 309, "c": 0.9, "s": 75581, "e": 75714, "w": "让", "sp": "Agent"}, {"p": 310, "c": 0.9, "s": 75714, "e": 75847, "w": "他", "sp": "Agent"}, {"p": 311, "c": 0.9, "s": 75847, "e": 76246, "w": "到时候", "sp": "Agent"}, {"p": 312, "c": 0.9, "s": 76246, "e": 76512, "w": "联系", "sp": "Agent"}, {"p": 313, "c": 0.9, "s": 76512, "e": 76777, "w": "一下", "sp": "Agent"}, {"p": 314, "c": 0.9, "s": 76777, "e": 76910, "w": "您", "sp": "Agent"}, {"p": 315, "c": 0.9, "s": 76910, "e": 77309, "w": "到时候", "sp": "Agent"}, {"p": 316, "c": 0.9, "s": 77309, "e": 77442, "w": "他", "sp": "Agent"}, {"p": 317, "c": 0.9, "s": 77442, "e": 77575, "w": "把", "sp": "Agent"}, {"p": 318, "c": 0.9, "s": 77575, "e": 77840, "w": "店铺", "sp": "Agent"}, {"p": 319, "c": 0.9, "s": 77841, "e": 78107, "w": "地址", "sp": "Agent"}, {"p": 320, "c": 0.9, "s": 78107, "e": 78373, "w": "发给", "sp": "Agent"}, {"p": 321, "c": 0.9, "s": 78373, "e": 78506, "w": "您", "sp": "Agent"}, {"p": 322, "c": 0.9, "s": 78506, "e": 78771, "w": "直接", "sp": "Agent"}, {"p": 323, "c": 0.9, "s": 78570, "e": 78775, "w": "好", "sp": "Customer"}, {"p": 324, "c": 0.9, "s": 78772, "e": 79038, "w": "过去", "sp": "Agent"}, {"p": 325, "c": 0.9, "s": 78775, "e": 78980, "w": "的", "sp": "Customer"}, {"p": 326, "c": 0.9, "s": 78980, "e": 79185, "w": "好", "sp": "Customer"}, {"p": 327, "c": 0.9, "s": 79038, "e": 79171, "w": "就", "sp": "Agent"}, {"p": 328, "c": 0.9, "s": 79171, "e": 79437, "w": "可以", "sp": "Agent"}, {"p": 329, "c": 0.9, "s": 79185, "e": 79390, "w": "的", "sp": "Customer"}, {"p": 330, "c": 0.9, "s": 79390, "e": 79595, "w": "好", "sp": "Customer"}, {"p": 331, "c": 0.9, "s": 79437, "e": 79570, "w": "了", "sp": "Agent"}, {"p": 332, "c": 0.9, "s": 79595, "e": 79800, "w": "的", "sp": "Customer"}, {"p": 333, "c": 0.9, "s": 79800, "e": 80005, "w": "好", "sp": "Customer"}, {"p": 334, "c": 0.9, "s": 79850, "e": 79996, "w": "好", "sp": "Agent"}, {"p": 335, "c": 0.9, "s": 79996, "e": 80143, "w": "的", "sp": "Agent"}, {"p": 336, "c": 0.9, "s": 80005, "e": 80210, "w": "的", "sp": "Customer"}, {"p": 337, "c": 0.9, "s": 80143, "e": 80289, "w": "那", "sp": "Agent"}, {"p": 338, "c": 0.9, "s": 80210, "e": 80415, "w": "好", "sp": "Customer"}, {"p": 339, "c": 0.9, "s": 80289, "e": 80582, "w": "怎么", "sp": "Agent"}, {"p": 340, "c": 0.9, "s": 80415, "e": 80620, "w": "的", "sp": "Customer"}, {"p": 341, "c": 0.9, "s": 80582, "e": 80875, "w": "称呼", "sp": "Agent"}, {"p": 342, "c": 0.9, "s": 80620, "e": 81030, "w": "谢谢", "sp": "Customer"}, {"p": 343, "c": 0.9, "s": 80875, "e": 81022, "w": "您", "sp": "Agent"}, {"p": 344, "c": 0.9, "s": 81022, "e": 81168, "w": "不", "sp": "Agent"}, {"p": 345, "c": 0.9, "s": 81030, "e": 81440, "w": "谢谢", "sp": "Customer"}, {"p": 346, "c": 0.9, "s": 81168, "e": 81461, "w": "客气", "sp": "Agent"}, {"p": 347, "c": 0.9, "s": 81461, "e": 81754, "w": "怎么", "sp": "Agent"}, {"p": 348, "c": 0.9, "s": 81720, "e": 82069, "w": "嗯", "sp": "Customer"}, {"p": 349, "c": 0.9, "s": 81754, "e": 82047, "w": "称呼", "sp": "Agent"}, {"p": 350, "c": 0.9, "s": 82047, "e": 82194, "w": "您", "sp": "Agent"}, {"p": 351, "c": 0.9, "s": 82069, "e": 82418, "w": "嗯", "sp": "Customer"}, {"p": 352, "c": 0.9, "s": 82194, "e": 82340, "w": "呢", "sp": "Agent"}, {"p": 353, "c": 0.9, "s": 82340, "e": 82487, "w": "您", "sp": "Agent"}, {"p": 354, "c": 0.9, "s": 82418, "e": 82767, "w": "我", "sp": "Customer"}, {"p": 355, "c": 0.9, "s": 82487, "e": 82780, "w": "贵姓", "sp": "Agent"}, {"p": 356, "c": 0.9, "s": 82767, "e": 83116, "w": "姓", "sp": "Customer"}, {"p": 357, "c": 0.9, "s": 83116, "e": 83465, "w": "钊", "sp": "Customer"}, {"p": 358, "c": 0.9, "s": 83465, "e": 84512, "w": "李大钊", "sp": "Customer"}, {"p": 359, "c": 0.9, "s": 84070, "e": 84250, "w": "嗯", "sp": "Agent"}, {"p": 360, "c": 0.9, "s": 84250, "e": 84430, "w": "好", "sp": "Agent"}, {"p": 361, "c": 0.9, "s": 84430, "e": 84610, "w": "的", "sp": "Agent"}, {"p": 362, "c": 0.9, "s": 84513, "e": 84862, "w": "的", "sp": "Customer"}, {"p": 363, "c": 0.9, "s": 84610, "e": 84791, "w": "呃", "sp": "Agent"}, {"p": 364, "c": 0.9, "s": 84791, "e": 85331, "w": "赵先生", "sp": "Agent"}, {"p": 365, "c": 0.9, "s": 84862, "e": 85211, "w": "钊", "sp": "Customer"}, {"p": 366, "c": 0.9, "s": 85211, "e": 85560, "w": "嗯", "sp": "Customer"}, {"p": 367, "c": 0.9, "s": 85331, "e": 85872, "w": "感谢您", "sp": "Agent"}, {"p": 368, "c": 0.9, "s": 85560, "e": 85909, "w": "嗯", "sp": "Customer"}, {"p": 369, "c": 0.9, "s": 85872, "e": 86052, "w": "的", "sp": "Agent"}, {"p": 370, "c": 0.9, "s": 86052, "e": 86413, "w": "来电", "sp": "Agent"}, {"p": 371, "c": 0.9, "s": 86413, "e": 86773, "w": "产品", "sp": "Agent"}, {"p": 372, "c": 0.9, "s": 86773, "e": 86954, "w": "的", "sp": "Agent"}, {"p": 373, "c": 0.9, "s": 86954, "e": 87314, "w": "信息", "sp": "Agent"}, {"p": 374, "c": 0.9, "s": 87314, "e": 87494, "w": "那", "sp": "Agent"}, {"p": 375, "c": 0.9, "s": 87494, "e": 87675, "w": "您", "sp": "Agent"}, {"p": 376, "c": 0.9, "s": 87675, "e": 88035, "w": "这边", "sp": "Agent"}, {"p": 377, "c": 0.9, "s": 88035, "e": 88396, "w": "的话", "sp": "Agent"}, {"p": 378, "c": 0.9, "s": 88396, "e": 88756, "w": "就是", "sp": "Agent"}, {"p": 379, "c": 0.9, "s": 88756, "e": 89117, "w": "联系", "sp": "Agent"}, {"p": 380, "c": 0.9, "s": 89117, "e": 89477, "w": "来电", "sp": "Agent"}, {"p": 381, "c": 0.9, "s": 89477, "e": 89838, "w": "这个", "sp": "Agent"}, {"p": 382, "c": 0.9, "s": 89838, "e": 90018, "w": "幺", "sp": "Agent"}, {"p": 383, "c": 0.9, "s": 90018, "e": 90378, "w": "五九", "sp": "Agent"}, {"p": 384, "c": 0.9, "s": 90378, "e": 90559, "w": "的", "sp": "Agent"}, {"p": 385, "c": 0.9, "s": 90559, "e": 90919, "w": "号码", "sp": "Agent"}, {"p": 386, "c": 0.9, "s": 90770, "e": 91253, "w": "没", "sp": "Customer"}, {"p": 387, "c": 0.9, "s": 90919, "e": 91099, "w": "对", "sp": "Agent"}, {"p": 388, "c": 0.9, "s": 91099, "e": 91280, "w": "吗", "sp": "Agent"}, {"p": 389, "c": 0.9, "s": 91253, "e": 92220, "w": "问题", "sp": "Customer"}, {"p": 390, "c": 0.9, "s": 91910, "e": 92071, "w": "好", "sp": "Agent"}, {"p": 391, "c": 0.9, "s": 92071, "e": 92232, "w": "的", "sp": "Agent"}, {"p": 392, "c": 0.9, "s": 92232, "e": 92393, "w": "那", "sp": "Agent"}, {"p": 393, "c": 0.9, "s": 92393, "e": 92715, "w": "请问", "sp": "Agent"}, {"p": 394, "c": 0.9, "s": 92715, "e": 93036, "w": "一下", "sp": "Agent"}, {"p": 395, "c": 0.9, "s": 93037, "e": 93360, "w": "别墅", "sp": "Agent"}, {"p": 396, "c": 0.9, "s": 93360, "e": 93682, "w": "的话", "sp": "Agent"}, {"p": 397, "c": 0.9, "s": 93682, "e": 94004, "w": "大概", "sp": "Agent"}, {"p": 398, "c": 0.9, "s": 94004, "e": 94326, "w": "多少", "sp": "Agent"}, {"p": 399, "c": 0.9, "s": 94326, "e": 94647, "w": "面积", "sp": "Agent"}, {"p": 400, "c": 0.9, "s": 94610, "e": 95183, "w": "三百", "sp": "Customer"}, {"p": 401, "c": 0.9, "s": 94648, "e": 94810, "w": "呢", "sp": "Agent"}, {"p": 402, "c": 0.9, "s": 95183, "e": 95756, "w": "多个", "sp": "Customer"}, {"p": 403, "c": 0.9, "s": 95640, "e": 95933, "w": "三百", "sp": "Agent"}, {"p": 404, "c": 0.9, "s": 95756, "e": 96329, "w": "平方", "sp": "Customer"}, {"p": 405, "c": 0.9, "s": 95933, "e": 96227, "w": "多个", "sp": "Agent"}, {"p": 406, "c": 0.9, "s": 96227, "e": 96521, "w": "平方", "sp": "Agent"}, {"p": 407, "c": 0.9, "s": 96521, "e": 96668, "w": "是", "sp": "Agent"}, {"p": 408, "c": 0.9, "s": 96668, "e": 96815, "w": "吧", "sp": "Agent"}, {"p": 409, "c": 0.9, "s": 96815, "e": 97108, "w": "除了", "sp": "Agent"}, {"p": 410, "c": 0.9, "s": 97108, "e": 97402, "w": "专户", "sp": "Agent"}, {"p": 411, "c": 0.9, "s": 97402, "e": 97696, "w": "条件", "sp": "Agent"}, {"p": 412, "c": 0.9, "s": 97696, "e": 97990, "w": "我们", "sp": "Agent"}, {"p": 413, "c": 0.9, "s": 97990, "e": 98283, "w": "还有", "sp": "Agent"}, {"p": 414, "c": 0.9, "s": 98283, "e": 98430, "w": "新", "sp": "Agent"}, {"p": 415, "c": 0.9, "s": 98430, "e": 98724, "w": "综合", "sp": "Agent"}, {"p": 416, "c": 0.9, "s": 98724, "e": 99018, "w": "地段", "sp": "Agent"}, {"p": 417, "c": 0.9, "s": 99018, "e": 99311, "w": "需要", "sp": "Agent"}, {"p": 418, "c": 0.9, "s": 99311, "e": 99604, "w": "同时", "sp": "Agent"}, {"p": 419, "c": 0.9, "s": 99605, "e": 99899, "w": "了解", "sp": "Agent"}, {"p": 420, "c": 0.9, "s": 99899, "e": 100193, "w": "一下", "sp": "Agent"}, {"p": 421, "c": 0.9, "s": 99990, "e": 100311, "w": "嗯", "sp": "Customer"}, {"p": 422, "c": 0.9, "s": 100193, "e": 100340, "w": "吗", "sp": "Agent"}, {"p": 423, "c": 0.9, "s": 100311, "e": 100954, "w": "了解", "sp": "Customer"}, {"p": 424, "c": 0.9, "s": 100955, "e": 101598, "w": "一下", "sp": "Customer"}, {"p": 425, "c": 0.9, "s": 101598, "e": 101920, "w": "地", "sp": "Customer"}, {"p": 426, "c": 0.9, "s": 101920, "e": 102242, "w": "暖", "sp": "Customer"}, {"p": 427, "c": 0.9, "s": 102220, "e": 102388, "w": "定", "sp": "Agent"}, {"p": 428, "c": 0.9, "s": 102242, "e": 102884, "w": "可以", "sp": "Customer"}, {"p": 429, "c": 0.9, "s": 102388, "e": 102556, "w": "了", "sp": "Agent"}, {"p": 430, "c": 0.9, "s": 102556, "e": 102892, "w": "新房", "sp": "Agent"}, {"p": 431, "c": 0.9, "s": 102885, "e": 103529, "w": "新风", "sp": "Customer"}, {"p": 432, "c": 0.9, "s": 102892, "e": 103060, "w": "不", "sp": "Agent"}, {"p": 433, "c": 0.9, "s": 103060, "e": 103396, "w": "考虑", "sp": "Agent"}, {"p": 434, "c": 0.9, "s": 103397, "e": 103565, "w": "是", "sp": "Agent"}, {"p": 435, "c": 0.9, "s": 103529, "e": 103851, "w": "不", "sp": "Customer"}, {"p": 436, "c": 0.9, "s": 103565, "e": 103733, "w": "吗", "sp": "Agent"}, {"p": 437, "c": 0.9, "s": 103733, "e": 104237, "w": "二十二", "sp": "Agent"}, {"p": 438, "c": 0.9, "s": 103851, "e": 104493, "w": "考虑", "sp": "Customer"}, {"p": 439, "c": 0.9, "s": 104237, "e": 104405, "w": "期", "sp": "Agent"}, {"p": 440, "c": 0.9, "s": 104405, "e": 104574, "w": "的", "sp": "Agent"}, {"p": 441, "c": 0.9, "s": 104494, "e": 104816, "w": "了", "sp": "Customer"}, {"p": 442, "c": 0.9, "s": 104574, "e": 104742, "w": "那", "sp": "Agent"}, {"p": 443, "c": 0.9, "s": 104742, "e": 104909, "w": "您", "sp": "Agent"}, {"p": 444, "c": 0.9, "s": 104816, "e": 105138, "w": "嗯", "sp": "Customer"}, {"p": 445, "c": 0.9, "s": 104910, "e": 105246, "w": "这边", "sp": "Agent"}, {"p": 446, "c": 0.9, "s": 105138, "e": 105460, "w": "嗯", "sp": "Customer"}, {"p": 447, "c": 0.9, "s": 105246, "e": 105582, "w": "装修", "sp": "Agent"}, {"p": 448, "c": 0.9, "s": 105582, "e": 105919, "w": "公司", "sp": "Agent"}, {"p": 449, "c": 0.9, "s": 105919, "e": 106087, "w": "还", "sp": "Agent"}, {"p": 450, "c": 0.9, "s": 106087, "e": 106255, "w": "没", "sp": "Agent"}, {"p": 451, "c": 0.9, "s": 106255, "e": 106423, "w": "定", "sp": "Agent"}, {"p": 452, "c": 0.9, "s": 106423, "e": 106590, "w": "是", "sp": "Agent"}, {"p": 453, "c": 0.9, "s": 106591, "e": 106760, "w": "吗", "sp": "Agent"}, {"p": 454, "c": 0.9, "s": 107450, "e": 108180, "w": "装修", "sp": "Customer"}, {"p": 455, "c": 0.9, "s": 108180, "e": 108910, "w": "什么", "sp": "Customer"}, {"p": 456, "c": 0.9, "s": 108500, "e": 108914, "w": "就是", "sp": "Agent"}, {"p": 457, "c": 0.9, "s": 108914, "e": 109329, "w": "装修", "sp": "Agent"}, {"p": 458, "c": 0.9, "s": 109329, "e": 109743, "w": "公司", "sp": "Agent"}, {"p": 459, "c": 0.9, "s": 109743, "e": 109950, "w": "有", "sp": "Agent"}, {"p": 460, "c": 0.9, "s": 109950, "e": 110158, "w": "定", "sp": "Agent"}, {"p": 461, "c": 0.9, "s": 110158, "e": 110572, "w": "下来", "sp": "Agent"}, {"p": 462, "c": 0.9, "s": 110572, "e": 110780, "w": "吗", "sp": "Agent"}, {"p": 463, "c": 0.9, "s": 110580, "e": 110778, "w": "嗯", "sp": "Customer"}, {"p": 464, "c": 0.9, "s": 110778, "e": 111174, "w": "这个", "sp": "Customer"}, {"p": 465, "c": 0.9, "s": 111174, "e": 111372, "w": "还", "sp": "Customer"}, {"p": 466, "c": 0.9, "s": 111372, "e": 111768, "w": "没有", "sp": "Customer"}, {"p": 467, "c": 0.9, "s": 111768, "e": 112164, "w": "怎么", "sp": "Customer"}, {"p": 468, "c": 0.9, "s": 112164, "e": 112363, "w": "定", "sp": "Customer"}, {"p": 469, "c": 0.9, "s": 112363, "e": 112561, "w": "我", "sp": "Customer"}, {"p": 470, "c": 0.9, "s": 112561, "e": 112957, "w": "觉得", "sp": "Customer"}, {"p": 471, "c": 0.9, "s": 112957, "e": 113353, "w": "你们", "sp": "Customer"}, {"p": 472, "c": 0.9, "s": 113353, "e": 113749, "w": "这个", "sp": "Customer"}, {"p": 473, "c": 0.9, "s": 113749, "e": 114146, "w": "可以", "sp": "Customer"}, {"p": 474, "c": 0.9, "s": 114146, "e": 114542, "w": "可以", "sp": "Customer"}, {"p": 475, "c": 0.9, "s": 114542, "e": 114938, "w": "犹豫", "sp": "Customer"}, {"p": 476, "c": 0.9, "s": 114938, "e": 115334, "w": "他们", "sp": "Customer"}, {"p": 477, "c": 0.9, "s": 115334, "e": 115730, "w": "之外", "sp": "Customer"}, {"p": 478, "c": 0.9, "s": 115530, "e": 115963, "w": "嗯", "sp": "Agent"}, {"p": 479, "c": 0.9, "s": 115730, "e": 115929, "w": "嘛", "sp": "Customer"}, {"p": 480, "c": 0.9, "s": 115929, "e": 116127, "w": "这", "sp": "Customer"}, {"p": 481, "c": 0.9, "s": 115963, "e": 116396, "w": "嗯", "sp": "Agent"}, {"p": 482, "c": 0.9, "s": 116127, "e": 116325, "w": "不", "sp": "Customer"}, {"p": 483, "c": 0.9, "s": 116325, "e": 116522, "w": "先", "sp": "Customer"}, {"p": 484, "c": 0.9, "s": 116396, "e": 116830, "w": "嗯", "sp": "Agent"}, {"p": 485, "c": 0.9, "s": 116523, "e": 116721, "w": "排", "sp": "Customer"}, {"p": 486, "c": 0.9, "s": 116721, "e": 117117, "w": "管道", "sp": "Customer"}, {"p": 487, "c": 0.9, "s": 117117, "e": 117314, "w": "先", "sp": "Customer"}, {"p": 488, "c": 0.9, "s": 117315, "e": 117513, "w": "按", "sp": "Customer"}, {"p": 489, "c": 0.9, "s": 117513, "e": 117712, "w": "年", "sp": "Customer"}, {"p": 490, "c": 0.9, "s": 117712, "e": 118108, "w": "你们", "sp": "Customer"}, {"p": 491, "c": 0.9, "s": 118108, "e": 118306, "w": "的", "sp": "Customer"}, {"p": 492, "c": 0.9, "s": 118306, "e": 118702, "w": "后期", "sp": "Customer"}, {"p": 493, "c": 0.9, "s": 118510, "e": 118700, "w": "啊", "sp": "Agent"}, {"p": 494, "c": 0.9, "s": 118700, "e": 119082, "w": "理解", "sp": "Agent"}, {"p": 495, "c": 0.9, "s": 118702, "e": 119098, "w": "他们", "sp": "Customer"}, {"p": 496, "c": 0.9, "s": 119082, "e": 119464, "w": "理解", "sp": "Agent"}, {"p": 497, "c": 0.9, "s": 119098, "e": 119296, "w": "再", "sp": "Customer"}, {"p": 498, "c": 0.9, "s": 119296, "e": 119494, "w": "干", "sp": "Customer"}, {"p": 499, "c": 0.9, "s": 119464, "e": 119844, "w": "我们", "sp": "Agent"}, {"p": 500, "c": 0.9, "s": 119495, "e": 119693, "w": "了", "sp": "Customer"}, {"p": 501, "c": 0.9, "s": 119693, "e": 120089, "w": "就是", "sp": "Customer"}, {"p": 502, "c": 0.9, "s": 119845, "e": 120036, "w": "是", "sp": "Agent"}, {"p": 503, "c": 0.9, "s": 120036, "e": 120227, "w": "想", "sp": "Agent"}, {"p": 504, "c": 0.9, "s": 120089, "e": 120286, "w": "了", "sp": "Customer"}, {"p": 505, "c": 0.9, "s": 120227, "e": 120609, "w": "了解", "sp": "Agent"}, {"p": 506, "c": 0.9, "s": 120287, "e": 120485, "w": "嘛", "sp": "Customer"}, {"p": 507, "c": 0.9, "s": 120485, "e": 120683, "w": "对", "sp": "Customer"}, {"p": 508, "c": 0.9, "s": 120609, "e": 120990, "w": "一下", "sp": "Agent"}, {"p": 509, "c": 0.9, "s": 120683, "e": 120881, "w": "吧", "sp": "Customer"}, {"p": 510, "c": 0.9, "s": 120881, "e": 121079, "w": "嗯", "sp": "Customer"}, {"p": 511, "c": 0.9, "s": 120990, "e": 121181, "w": "您", "sp": "Agent"}, {"p": 512, "c": 0.9, "s": 121181, "e": 121563, "w": "大致", "sp": "Agent"}, {"p": 513, "c": 0.9, "s": 121563, "e": 121945, "w": "什么", "sp": "Agent"}, {"p": 514, "c": 0.9, "s": 121945, "e": 122326, "w": "时间", "sp": "Agent"}, {"p": 515, "c": 0.9, "s": 122326, "e": 122517, "w": "想", "sp": "Agent"}, {"p": 516, "c": 0.9, "s": 122517, "e": 122899, "w": "装修", "sp": "Agent"}, {"p": 517, "c": 0.9, "s": 122840, "e": 123810, "w": "嗯", "sp": "Customer"}, {"p": 518, "c": 0.9, "s": 122899, "e": 123090, "w": "嘛", "sp": "Agent"}, {"p": 519, "c": 0.9, "s": 123090, "e": 123661, "w": "到时候", "sp": "Agent"}, {"p": 520, "c": 0.9, "s": 123662, "e": 124044, "w": "根据", "sp": "Agent"}, {"p": 521, "c": 0.9, "s": 123810, "e": 124780, "w": "嗯", "sp": "Customer"}, {"p": 522, "c": 0.9, "s": 124044, "e": 124235, "w": "您", "sp": "Agent"}, {"p": 523, "c": 0.9, "s": 124235, "e": 124425, "w": "的", "sp": "Agent"}, {"p": 524, "c": 0.9, "s": 124425, "e": 124807, "w": "那个", "sp": "Agent"}, {"p": 525, "c": 0.9, "s": 124807, "e": 124998, "w": "呃", "sp": "Agent"}, {"p": 526, "c": 0.9, "s": 124998, "e": 125380, "w": "时间", "sp": "Agent"}, {"p": 527, "c": 0.9, "s": 125380, "e": 125570, "w": "帮", "sp": "Agent"}, {"p": 528, "c": 0.9, "s": 125570, "e": 125761, "w": "您", "sp": "Agent"}, {"p": 529, "c": 0.9, "s": 125761, "e": 125952, "w": "去", "sp": "Agent"}, {"p": 530, "c": 0.9, "s": 125952, "e": 126143, "w": "出", "sp": "Agent"}, {"p": 531, "c": 0.9, "s": 126080, "e": 126308, "w": "好", "sp": "Customer"}, {"p": 532, "c": 0.9, "s": 126143, "e": 126525, "w": "那个", "sp": "Agent"}, {"p": 533, "c": 0.9, "s": 126308, "e": 126536, "w": "的", "sp": "Customer"}, {"p": 534, "c": 0.9, "s": 126525, "e": 126715, "w": "更", "sp": "Agent"}, {"p": 535, "c": 0.9, "s": 126537, "e": 126766, "w": "好", "sp": "Customer"}, {"p": 536, "c": 0.9, "s": 126715, "e": 127097, "w": "详细", "sp": "Agent"}, {"p": 537, "c": 0.9, "s": 126766, "e": 126994, "w": "的", "sp": "Customer"}, {"p": 538, "c": 0.9, "s": 126995, "e": 127224, "w": "行", "sp": "Customer"}, {"p": 539, "c": 0.9, "s": 127097, "e": 127288, "w": "的", "sp": "Agent"}, {"p": 540, "c": 0.9, "s": 127224, "e": 127451, "w": "好", "sp": "Customer"}, {"p": 541, "c": 0.9, "s": 127288, "e": 127670, "w": "方案", "sp": "Agent"}, {"p": 542, "c": 0.9, "s": 127452, "e": 127681, "w": "的", "sp": "Customer"}, {"p": 543, "c": 0.9, "s": 127681, "e": 127909, "w": "好", "sp": "Customer"}, {"p": 544, "c": 0.9, "s": 127910, "e": 128139, "w": "的", "sp": "Customer"}, {"p": 545, "c": 0.9, "s": 128139, "e": 128368, "w": "好", "sp": "Customer"}, {"p": 546, "c": 0.9, "s": 128368, "e": 128595, "w": "的", "sp": "Customer"}, {"p": 547, "c": 0.9, "s": 128390, "e": 128929, "w": "嗯", "sp": "Agent"}, {"p": 548, "c": 0.9, "s": 128595, "e": 128825, "w": "好", "sp": "Customer"}, {"p": 549, "c": 0.9, "s": 128825, "e": 129054, "w": "的", "sp": "Customer"}, {"p": 550, "c": 0.9, "s": 128929, "e": 129469, "w": "行", "sp": "Agent"}, {"p": 551, "c": 0.9, "s": 129054, "e": 129283, "w": "你", "sp": "Customer"}, {"p": 552, "c": 0.9, "s": 129283, "e": 129512, "w": "让", "sp": "Customer"}, {"p": 553, "c": 0.9, "s": 129511, "e": 129739, "w": "他", "sp": "Customer"}, {"p": 554, "c": 0.9, "s": 129740, "e": 130198, "w": "联系", "sp": "Customer"}, {"p": 555, "c": 0.9, "s": 129789, "e": 130150, "w": "可以", "sp": "Agent"}, {"p": 556, "c": 0.9, "s": 130151, "e": 130332, "w": "的", "sp": "Agent"}, {"p": 557, "c": 0.9, "s": 130198, "e": 130427, "w": "吧", "sp": "Customer"}, {"p": 558, "c": 0.9, "s": 130332, "e": 130513, "w": "行", "sp": "Agent"}, {"p": 559, "c": 0.9, "s": 130427, "e": 130884, "w": "谢谢", "sp": "Customer"}, {"p": 560, "c": 0.9, "s": 130513, "e": 130694, "w": "不", "sp": "Agent"}, {"p": 561, "c": 0.9, "s": 130694, "e": 131056, "w": "客气", "sp": "Agent"}, {"p": 562, "c": 0.9, "s": 130884, "e": 131113, "w": "嗯", "sp": "Customer"}, {"p": 563, "c": 0.9, "s": 131056, "e": 131237, "w": "那", "sp": "Agent"}, {"p": 564, "c": 0.9, "s": 131113, "e": 131342, "w": "好", "sp": "Customer"}, {"p": 565, "c": 0.9, "s": 131237, "e": 131418, "w": "您", "sp": "Agent"}, {"p": 566, "c": 0.9, "s": 131342, "e": 131571, "w": "嘞", "sp": "Customer"}, {"p": 567, "c": 0.9, "s": 131418, "e": 131780, "w": "这边", "sp": "Agent"}, {"p": 568, "c": 0.9, "s": 131571, "e": 131800, "w": "好", "sp": "Customer"}, {"p": 569, "c": 0.9, "s": 131780, "e": 132140, "w": "的话", "sp": "Agent"}, {"p": 570, "c": 0.9, "s": 132141, "e": 132503, "w": "手机", "sp": "Agent"}, {"p": 571, "c": 0.9, "s": 132503, "e": 132865, "w": "方便", "sp": "Agent"}, {"p": 572, "c": 0.9, "s": 132865, "e": 133227, "w": "添加", "sp": "Agent"}, {"p": 573, "c": 0.9, "s": 133227, "e": 133408, "w": "微", "sp": "Agent"}, {"p": 574, "c": 0.9, "s": 133408, "e": 133589, "w": "信", "sp": "Agent"}, {"p": 575, "c": 0.9, "s": 133589, "e": 133770, "w": "吗", "sp": "Agent"}, {"p": 576, "c": 0.9, "s": 133890, "e": 134247, "w": "嗯", "sp": "Customer"}, {"p": 577, "c": 0.9, "s": 134247, "e": 134961, "w": "方便", "sp": "Customer"}, {"p": 578, "c": 0.9, "s": 134962, "e": 135320, "w": "您", "sp": "Customer"}, {"p": 579, "c": 0.9, "s": 135320, "e": 135677, "w": "加", "sp": "Customer"}, {"p": 580, "c": 0.9, "s": 135620, "e": 135769, "w": "好", "sp": "Agent"}, {"p": 581, "c": 0.9, "s": 135677, "e": 136035, "w": "吧", "sp": "Customer"}, {"p": 582, "c": 0.9, "s": 135770, "e": 135920, "w": "的", "sp": "Agent"}, {"p": 583, "c": 0.9, "s": 135920, "e": 136069, "w": "行", "sp": "Agent"}, {"p": 584, "c": 0.9, "s": 136035, "e": 136392, "w": "好", "sp": "Customer"}, {"p": 585, "c": 0.9, "s": 136070, "e": 136220, "w": "那", "sp": "Agent"}, {"p": 586, "c": 0.9, "s": 136220, "e": 136520, "w": "麻烦", "sp": "Agent"}, {"p": 587, "c": 0.9, "s": 136392, "e": 136750, "w": "嘞", "sp": "Customer"}, {"p": 588, "c": 0.9, "s": 136520, "e": 136670, "w": "您", "sp": "Agent"}, {"p": 589, "c": 0.9, "s": 136670, "e": 136970, "w": "保持", "sp": "Agent"}, {"p": 590, "c": 0.9, "s": 136750, "e": 137107, "w": "嗯", "sp": "Customer"}, {"p": 591, "c": 0.9, "s": 136970, "e": 137270, "w": "手机", "sp": "Agent"}, {"p": 592, "c": 0.9, "s": 137107, "e": 137821, "w": "好好", "sp": "Customer"}, {"p": 593, "c": 0.9, "s": 137270, "e": 137570, "w": "畅通", "sp": "Agent"}, {"p": 594, "c": 0.9, "s": 137570, "e": 137720, "w": "那", "sp": "Agent"}, {"p": 595, "c": 0.9, "s": 137720, "e": 138170, "w": "到时候", "sp": "Agent"}, {"p": 596, "c": 0.9, "s": 137822, "e": 138180, "w": "好", "sp": "Customer"}, {"p": 597, "c": 0.9, "s": 138170, "e": 138319, "w": "也", "sp": "Agent"}, {"p": 598, "c": 0.9, "s": 138180, "e": 138894, "w": "好好", "sp": "Customer"}, {"p": 599, "c": 0.9, "s": 138320, "e": 138620, "w": "可以", "sp": "Agent"}, {"p": 600, "c": 0.9, "s": 138620, "e": 138920, "w": "了解", "sp": "Agent"}, {"p": 601, "c": 0.9, "s": 138895, "e": 139610, "w": "再见", "sp": "Customer"}, {"p": 602, "c": 0.9, "s": 138920, "e": 139220, "w": "一下", "sp": "Agent"}, {"p": 603, "c": 0.9, "s": 139220, "e": 139520, "w": "我们", "sp": "Agent"}, {"p": 604, "c": 0.9, "s": 139520, "e": 139820, "w": "那个", "sp": "Agent"}, {"p": 605, "c": 0.9, "s": 139820, "e": 140120, "w": "空调", "sp": "Agent"}, {"p": 606, "c": 0.9, "s": 139960, "e": 140880, "w": "嗯", "sp": "Customer"}, {"p": 607, "c": 0.9, "s": 140120, "e": 140569, "w": "到时候", "sp": "Agent"}, {"p": 608, "c": 0.9, "s": 140570, "e": 140720, "w": "他", "sp": "Agent"}, {"p": 609, "c": 0.9, "s": 140720, "e": 140870, "w": "会", "sp": "Agent"}, {"p": 610, "c": 0.9, "s": 140870, "e": 141170, "w": "详细", "sp": "Agent"}, {"p": 611, "c": 0.9, "s": 141170, "e": 141319, "w": "给", "sp": "Agent"}, {"p": 612, "c": 0.9, "s": 141320, "e": 141470, "w": "您", "sp": "Agent"}, {"p": 613, "c": 0.9, "s": 141470, "e": 141770, "w": "介绍", "sp": "Agent"}, {"p": 614, "c": 0.9, "s": 141620, "e": 141900, "w": "好", "sp": "Customer"}, {"p": 615, "c": 0.9, "s": 141770, "e": 141920, "w": "的", "sp": "Agent"}, {"p": 616, "c": 0.9, "s": 141900, "e": 142180, "w": "的", "sp": "Customer"}, {"p": 617, "c": 0.9, "s": 142180, "e": 142739, "w": "谢谢", "sp": "Customer"}, {"p": 618, "c": 0.9, "s": 142720, "e": 142897, "w": "嗯", "sp": "Agent"}, {"p": 619, "c": 0.9, "s": 142740, "e": 143020, "w": "哎", "sp": "Customer"}, {"p": 620, "c": 0.9, "s": 142897, "e": 143074, "w": "好", "sp": "Agent"}, {"p": 621, "c": 0.9, "s": 143020, "e": 143580, "w": "好好", "sp": "Customer"}, {"p": 622, "c": 0.9, "s": 143074, "e": 143251, "w": "不", "sp": "Agent"}, {"p": 623, "c": 0.9, "s": 143251, "e": 143605, "w": "客气", "sp": "Agent"}, {"p": 624, "c": 0.9, "s": 143580, "e": 143860, "w": "好", "sp": "Customer"}, {"p": 625, "c": 0.9, "s": 143605, "e": 143959, "w": "感谢", "sp": "Agent"}, {"p": 626, "c": 0.9, "s": 143860, "e": 144420, "w": "再见", "sp": "Customer"}, {"p": 627, "c": 0.9, "s": 143959, "e": 144313, "w": "来电", "sp": "Agent"}, {"p": 628, "c": 0.9, "s": 144313, "e": 144667, "w": "祝您", "sp": "Agent"}, {"p": 629, "c": 0.9, "s": 144420, "e": 144700, "w": "嗯", "sp": "Customer"}, {"p": 630, "c": 0.9, "s": 144667, "e": 145021, "w": "生活", "sp": "Agent"}, {"p": 631, "c": 0.9, "s": 145021, "e": 145375, "w": "愉快", "sp": "Agent"}, {"p": 632, "c": 0.9, "s": 145375, "e": 145730, "w": "再见", "sp": "Agent"}]}, "plainText": "您好 欢迎 致电 乐 寿 健康 请问 有 什么 可以 帮 您\n哎 你好 那个 您 是 济 呃 全国 服务 还是 我 想 问 一下 济南 的 大厅 的 专卖 从 最后 在 哪\n呃\n啊 济南\n我\n山东 济南\n山东 济南 是 吧 我们 这边 是 的话 是 在 上海 您 当地 的 那个 门店 地址 我们 这边 没有 如果 您 方便 的话 我们 可以 记录 一下 您 的 大致 信息 到时候 让 他 主动 联系 一下 您\n啊 就 在 济南 的 门店 你 你 那边 我 还 不\n对 对\n知道\n对 我们\n在\n这边\n哪\n是 没什么\n吗 啊\n具体 地址 如果 您 需要 的话 您 可以 告知 一下 您 是 在 济南 哪个 区县 我们 可以 让 他 主动 联系 您\n啊 您 就 联系 我 吧 到时候 让 他 好\n哦\n吧\n可以\n电话\n的\n就是\n行 好\n这个\n的 行\n电话\n那 您 这边 是 靠近 哪个 区 比较 近 呢\n哪 都 行 你 你 再 给 我 确认 一下 这 济南 有没有 具体 的\n我们\n门店\n当地 都\n呢\n是 有 的 您 是 要 购买 中央 空调 呢 还是 挂机 贵\n嗯\n机\n中央 空调 一个 别墅 用 的 中央\n一个\n空调\n别克 是 吗\n嗯\n那 就是 是 是 在 济南市 区 这边 是\n啊\n吗\n济南 市区 对\n啊\n济南市\n那 我 帮 您 这边\n区\n先 大致 选择 市 中区 这边 您 看 可以 吗\n哦 好 的 市 中区 是 你们 有 门店\n我们\n的 对\n当地\n吗\n都 是 有 的 但是 要\n哦\n看 您 的 您 是 哪里 比较 近 我们 可以 根据 您 的 地址 帮\n那\n您 就近\n历 城区\n安排\n有没有\n的\n具体 哪个 店 你 要 帮 我 查 一下 我 是 直接 可以 过去\n呃 荔 城 我 这边 是 没 他们 地址 的 我 让 他 到时候 联系 一下 您 到时候 他 把 店铺 地址 发给 您 直接\n好\n过去\n的 好\n就 可以\n的 好\n了\n的 好\n好 的\n的\n那\n好\n怎么\n的\n称呼\n谢谢\n您 不\n谢谢\n客气 怎么\n嗯\n称呼 您\n嗯\n呢 您\n我\n贵姓\n姓 钊 李大钊\n嗯 好 的\n的\n呃 赵先生\n钊 嗯\n感谢您\n嗯\n的 来电 产品 的 信息 那 您 这边 的话 就是 联系 来电 这个 幺 五九 的 号码\n没\n对 吗\n问题\n好 的 那 请问 一下 别墅 的话 大概 多少 面积\n三百\n呢\n多个\n三百\n平方\n多个 平方 是 吧 除了 专户 条件 我们 还有 新 综合 地段 需要 同时 了解 一下\n嗯\n吗\n了解 一下 地 暖\n定\n可以\n了 新房\n新风\n不 考虑 是\n不\n吗 二十二\n考虑\n期 的\n了\n那 您\n嗯\n这边\n嗯\n装修 公司 还 没 定 是 吗\n装修 什么\n就是 装修 公司 有 定 下来 吗\n嗯 这个 还 没有 怎么 定 我 觉得 你们 这个 可以 可以 犹豫 他们 之外\n嗯\n嘛 这\n嗯\n不 先\n嗯\n排 管道 先 按 年 你们 的 后期\n啊 理解\n他们\n理解\n再 干\n我们\n了 就是\n是 想\n了\n了解\n嘛 对\n一下\n吧 嗯\n您 大致 什么 时间 想 装修\n嗯\n嘛 到时候 根据\n嗯\n您 的 那个 呃 时间 帮 您 去 出\n好\n那个\n的\n更\n好\n详细\n的 行\n的\n好\n方案\n的 好 的 好 的\n嗯\n好 的\n行\n你 让 他 联系\n可以 的\n吧\n行\n谢谢\n不 客气\n嗯\n那\n好\n您\n嘞\n这边\n好\n的话 手机 方便 添加 微 信 吗\n嗯 方便 您 加\n好\n吧\n的 行\n好\n那 麻烦\n嘞\n您 保持\n嗯\n手机\n好好\n畅通 那 到时候\n好\n也\n好好\n可以 了解\n再见\n一下 我们 那个 空调\n嗯\n到时候 他 会 详细 给 您 介绍\n好\n的\n的 谢谢\n嗯\n哎\n好\n好好\n不 客气\n好\n感谢\n再见\n来电 祝您\n嗯\n生活 愉快 再见", "plainTextTime": {"verbatims": [{"s": 710, "e": 3500, "w": "您好 欢迎 致电 乐 寿 健康 请问 有 什么 可以 帮 您", "sp": "Agent"}, {"s": 3420, "e": 11496, "w": "哎 你好 那个 您 是 济 呃 全国 服务 还是 我 想 问 一下 济南 的 大厅 的 专卖 从 最后 在 哪", "sp": "Customer"}, {"s": 11430, "e": 12050, "w": "呃", "sp": "Agent"}, {"s": 11496, "e": 12231, "w": "啊 济南", "sp": "Customer"}, {"s": 12050, "e": 12670, "w": "我", "sp": "Agent"}, {"s": 12231, "e": 13210, "w": "山东 济南", "sp": "Customer"}, {"s": 12950, "e": 23000, "w": "山东 济南 是 吧 我们 这边 是 的话 是 在 上海 您 当地 的 那个 门店 地址 我们 这边 没有 如果 您 方便 的话 我们 可以 记录 一下 您 的 大致 信息 到时候 让 他 主动 联系 一下 您", "sp": "Agent"}, {"s": 23830, "e": 27130, "w": "啊 就 在 济南 的 门店 你 你 那边 我 还 不", "sp": "Customer"}, {"s": 26940, "e": 27207, "w": "对 对", "sp": "Agent"}, {"s": 27130, "e": 27570, "w": "知道", "sp": "Customer"}, {"s": 27207, "e": 27608, "w": "对 我们", "sp": "Agent"}, {"s": 27570, "e": 27789, "w": "在", "sp": "Customer"}, {"s": 27608, "e": 27875, "w": "这边", "sp": "Agent"}, {"s": 27790, "e": 28010, "w": "哪", "sp": "Customer"}, {"s": 27875, "e": 28410, "w": "是 没什么", "sp": "Agent"}, {"s": 28010, "e": 28449, "w": "吗 啊", "sp": "Customer"}, {"s": 28410, "e": 33489, "w": "具体 地址 如果 您 需要 的话 您 可以 告知 一下 您 是 在 济南 哪个 区县 我们 可以 让 他 主动 联系 您", "sp": "Agent"}, {"s": 33400, "e": 36046, "w": "啊 您 就 联系 我 吧 到时候 让 他 好", "sp": "Customer"}, {"s": 35890, "e": 36096, "w": "哦", "sp": "Agent"}, {"s": 36047, "e": 36250, "w": "吧", "sp": "Customer"}, {"s": 36096, "e": 36509, "w": "可以", "sp": "Agent"}, {"s": 36250, "e": 36658, "w": "电话", "sp": "Customer"}, {"s": 36509, "e": 36715, "w": "的", "sp": "Agent"}, {"s": 36658, "e": 37065, "w": "就是", "sp": "Customer"}, {"s": 36715, "e": 37128, "w": "行 好", "sp": "Agent"}, {"s": 37065, "e": 37472, "w": "这个", "sp": "Customer"}, {"s": 37128, "e": 37540, "w": "的 行", "sp": "Agent"}, {"s": 37472, "e": 37880, "w": "电话", "sp": "Customer"}, {"s": 37540, "e": 40430, "w": "那 您 这边 是 靠近 哪个 区 比较 近 呢", "sp": "Agent"}, {"s": 40350, "e": 45363, "w": "哪 都 行 你 你 再 给 我 确认 一下 这 济南 有没有 具体 的", "sp": "Customer"}, {"s": 45230, "e": 45531, "w": "我们", "sp": "Agent"}, {"s": 45363, "e": 45841, "w": "门店", "sp": "Customer"}, {"s": 45532, "e": 45986, "w": "当地 都", "sp": "Agent"}, {"s": 45841, "e": 46079, "w": "呢", "sp": "Customer"}, {"s": 45986, "e": 48708, "w": "是 有 的 您 是 要 购买 中央 空调 呢 还是 挂机 贵", "sp": "Agent"}, {"s": 48610, "e": 48842, "w": "嗯", "sp": "Customer"}, {"s": 48708, "e": 48860, "w": "机", "sp": "Agent"}, {"s": 48842, "e": 51626, "w": "中央 空调 一个 别墅 用 的 中央", "sp": "Customer"}, {"s": 51400, "e": 51818, "w": "一个", "sp": "Agent"}, {"s": 51626, "e": 52090, "w": "空调", "sp": "Customer"}, {"s": 51818, "e": 52654, "w": "别克 是 吗", "sp": "Agent"}, {"s": 52620, "e": 53730, "w": "嗯", "sp": "Customer"}, {"s": 52654, "e": 55371, "w": "那 就是 是 是 在 济南市 区 这边 是", "sp": "Agent"}, {"s": 55370, "e": 55656, "w": "啊", "sp": "Customer"}, {"s": 55371, "e": 55579, "w": "吗", "sp": "Agent"}, {"s": 55656, "e": 57086, "w": "济南 市区 对", "sp": "Customer"}, {"s": 56960, "e": 57141, "w": "啊", "sp": "Agent"}, {"s": 57086, "e": 57944, "w": "济南市", "sp": "Customer"}, {"s": 57141, "e": 58232, "w": "那 我 帮 您 这边", "sp": "Agent"}, {"s": 57944, "e": 58230, "w": "区", "sp": "Customer"}, {"s": 58232, "e": 60960, "w": "先 大致 选择 市 中区 这边 您 看 可以 吗", "sp": "Agent"}, {"s": 60940, "e": 63644, "w": "哦 好 的 市 中区 是 你们 有 门店", "sp": "Customer"}, {"s": 63630, "e": 63965, "w": "我们", "sp": "Agent"}, {"s": 63644, "e": 64094, "w": "的 对", "sp": "Customer"}, {"s": 63965, "e": 64301, "w": "当地", "sp": "Agent"}, {"s": 64094, "e": 64320, "w": "吗", "sp": "Customer"}, {"s": 64301, "e": 65475, "w": "都 是 有 的 但是 要", "sp": "Agent"}, {"s": 65440, "e": 66650, "w": "哦", "sp": "Customer"}, {"s": 65475, "e": 69002, "w": "看 您 的 您 是 哪里 比较 近 我们 可以 根据 您 的 地址 帮", "sp": "Agent"}, {"s": 68990, "e": 69178, "w": "那", "sp": "Customer"}, {"s": 69002, "e": 69506, "w": "您 就近", "sp": "Agent"}, {"s": 69178, "e": 69744, "w": "历 城区", "sp": "Customer"}, {"s": 69506, "e": 69841, "w": "安排", "sp": "Agent"}, {"s": 69745, "e": 70312, "w": "有没有", "sp": "Customer"}, {"s": 69842, "e": 70010, "w": "的", "sp": "Agent"}, {"s": 70312, "e": 74090, "w": "具体 哪个 店 你 要 帮 我 查 一下 我 是 直接 可以 过去", "sp": "Customer"}, {"s": 73720, "e": 78771, "w": "呃 荔 城 我 这边 是 没 他们 地址 的 我 让 他 到时候 联系 一下 您 到时候 他 把 店铺 地址 发给 您 直接", "sp": "Agent"}, {"s": 78570, "e": 78775, "w": "好", "sp": "Customer"}, {"s": 78772, "e": 79038, "w": "过去", "sp": "Agent"}, {"s": 78775, "e": 79185, "w": "的 好", "sp": "Customer"}, {"s": 79038, "e": 79437, "w": "就 可以", "sp": "Agent"}, {"s": 79185, "e": 79595, "w": "的 好", "sp": "Customer"}, {"s": 79437, "e": 79570, "w": "了", "sp": "Agent"}, {"s": 79595, "e": 80005, "w": "的 好", "sp": "Customer"}, {"s": 79850, "e": 80143, "w": "好 的", "sp": "Agent"}, {"s": 80005, "e": 80210, "w": "的", "sp": "Customer"}, {"s": 80143, "e": 80289, "w": "那", "sp": "Agent"}, {"s": 80210, "e": 80415, "w": "好", "sp": "Customer"}, {"s": 80289, "e": 80582, "w": "怎么", "sp": "Agent"}, {"s": 80415, "e": 80620, "w": "的", "sp": "Customer"}, {"s": 80582, "e": 80875, "w": "称呼", "sp": "Agent"}, {"s": 80620, "e": 81030, "w": "谢谢", "sp": "Customer"}, {"s": 80875, "e": 81168, "w": "您 不", "sp": "Agent"}, {"s": 81030, "e": 81440, "w": "谢谢", "sp": "Customer"}, {"s": 81168, "e": 81754, "w": "客气 怎么", "sp": "Agent"}, {"s": 81720, "e": 82069, "w": "嗯", "sp": "Customer"}, {"s": 81754, "e": 82194, "w": "称呼 您", "sp": "Agent"}, {"s": 82069, "e": 82418, "w": "嗯", "sp": "Customer"}, {"s": 82194, "e": 82487, "w": "呢 您", "sp": "Agent"}, {"s": 82418, "e": 82767, "w": "我", "sp": "Customer"}, {"s": 82487, "e": 82780, "w": "贵姓", "sp": "Agent"}, {"s": 82767, "e": 84512, "w": "姓 钊 李大钊", "sp": "Customer"}, {"s": 84070, "e": 84610, "w": "嗯 好 的", "sp": "Agent"}, {"s": 84513, "e": 84862, "w": "的", "sp": "Customer"}, {"s": 84610, "e": 85331, "w": "呃 赵先生", "sp": "Agent"}, {"s": 84862, "e": 85560, "w": "钊 嗯", "sp": "Customer"}, {"s": 85331, "e": 85872, "w": "感谢您", "sp": "Agent"}, {"s": 85560, "e": 85909, "w": "嗯", "sp": "Customer"}, {"s": 85872, "e": 90919, "w": "的 来电 产品 的 信息 那 您 这边 的话 就是 联系 来电 这个 幺 五九 的 号码", "sp": "Agent"}, {"s": 90770, "e": 91253, "w": "没", "sp": "Customer"}, {"s": 90919, "e": 91280, "w": "对 吗", "sp": "Agent"}, {"s": 91253, "e": 92220, "w": "问题", "sp": "Customer"}, {"s": 91910, "e": 94647, "w": "好 的 那 请问 一下 别墅 的话 大概 多少 面积", "sp": "Agent"}, {"s": 94610, "e": 95183, "w": "三百", "sp": "Customer"}, {"s": 94648, "e": 94810, "w": "呢", "sp": "Agent"}, {"s": 95183, "e": 95756, "w": "多个", "sp": "Customer"}, {"s": 95640, "e": 95933, "w": "三百", "sp": "Agent"}, {"s": 95756, "e": 96329, "w": "平方", "sp": "Customer"}, {"s": 95933, "e": 100193, "w": "多个 平方 是 吧 除了 专户 条件 我们 还有 新 综合 地段 需要 同时 了解 一下", "sp": "Agent"}, {"s": 99990, "e": 100311, "w": "嗯", "sp": "Customer"}, {"s": 100193, "e": 100340, "w": "吗", "sp": "Agent"}, {"s": 100311, "e": 102242, "w": "了解 一下 地 暖", "sp": "Customer"}, {"s": 102220, "e": 102388, "w": "定", "sp": "Agent"}, {"s": 102242, "e": 102884, "w": "可以", "sp": "Customer"}, {"s": 102388, "e": 102892, "w": "了 新房", "sp": "Agent"}, {"s": 102885, "e": 103529, "w": "新风", "sp": "Customer"}, {"s": 102892, "e": 103565, "w": "不 考虑 是", "sp": "Agent"}, {"s": 103529, "e": 103851, "w": "不", "sp": "Customer"}, {"s": 103565, "e": 104237, "w": "吗 二十二", "sp": "Agent"}, {"s": 103851, "e": 104493, "w": "考虑", "sp": "Customer"}, {"s": 104237, "e": 104574, "w": "期 的", "sp": "Agent"}, {"s": 104494, "e": 104816, "w": "了", "sp": "Customer"}, {"s": 104574, "e": 104909, "w": "那 您", "sp": "Agent"}, {"s": 104816, "e": 105138, "w": "嗯", "sp": "Customer"}, {"s": 104910, "e": 105246, "w": "这边", "sp": "Agent"}, {"s": 105138, "e": 105460, "w": "嗯", "sp": "Customer"}, {"s": 105246, "e": 106760, "w": "装修 公司 还 没 定 是 吗", "sp": "Agent"}, {"s": 107450, "e": 108910, "w": "装修 什么", "sp": "Customer"}, {"s": 108500, "e": 110780, "w": "就是 装修 公司 有 定 下来 吗", "sp": "Agent"}, {"s": 110580, "e": 115730, "w": "嗯 这个 还 没有 怎么 定 我 觉得 你们 这个 可以 可以 犹豫 他们 之外", "sp": "Customer"}, {"s": 115530, "e": 115963, "w": "嗯", "sp": "Agent"}, {"s": 115730, "e": 116127, "w": "嘛 这", "sp": "Customer"}, {"s": 115963, "e": 116396, "w": "嗯", "sp": "Agent"}, {"s": 116127, "e": 116522, "w": "不 先", "sp": "Customer"}, {"s": 116396, "e": 116830, "w": "嗯", "sp": "Agent"}, {"s": 116523, "e": 118702, "w": "排 管道 先 按 年 你们 的 后期", "sp": "Customer"}, {"s": 118510, "e": 119082, "w": "啊 理解", "sp": "Agent"}, {"s": 118702, "e": 119098, "w": "他们", "sp": "Customer"}, {"s": 119082, "e": 119464, "w": "理解", "sp": "Agent"}, {"s": 119098, "e": 119494, "w": "再 干", "sp": "Customer"}, {"s": 119464, "e": 119844, "w": "我们", "sp": "Agent"}, {"s": 119495, "e": 120089, "w": "了 就是", "sp": "Customer"}, {"s": 119845, "e": 120227, "w": "是 想", "sp": "Agent"}, {"s": 120089, "e": 120286, "w": "了", "sp": "Customer"}, {"s": 120227, "e": 120609, "w": "了解", "sp": "Agent"}, {"s": 120287, "e": 120683, "w": "嘛 对", "sp": "Customer"}, {"s": 120609, "e": 120990, "w": "一下", "sp": "Agent"}, {"s": 120683, "e": 121079, "w": "吧 嗯", "sp": "Customer"}, {"s": 120990, "e": 122899, "w": "您 大致 什么 时间 想 装修", "sp": "Agent"}, {"s": 122840, "e": 123810, "w": "嗯", "sp": "Customer"}, {"s": 122899, "e": 124044, "w": "嘛 到时候 根据", "sp": "Agent"}, {"s": 123810, "e": 124780, "w": "嗯", "sp": "Customer"}, {"s": 124044, "e": 126143, "w": "您 的 那个 呃 时间 帮 您 去 出", "sp": "Agent"}, {"s": 126080, "e": 126308, "w": "好", "sp": "Customer"}, {"s": 126143, "e": 126525, "w": "那个", "sp": "Agent"}, {"s": 126308, "e": 126536, "w": "的", "sp": "Customer"}, {"s": 126525, "e": 126715, "w": "更", "sp": "Agent"}, {"s": 126537, "e": 126766, "w": "好", "sp": "Customer"}, {"s": 126715, "e": 127097, "w": "详细", "sp": "Agent"}, {"s": 126766, "e": 127224, "w": "的 行", "sp": "Customer"}, {"s": 127097, "e": 127288, "w": "的", "sp": "Agent"}, {"s": 127224, "e": 127451, "w": "好", "sp": "Customer"}, {"s": 127288, "e": 127670, "w": "方案", "sp": "Agent"}, {"s": 127452, "e": 128595, "w": "的 好 的 好 的", "sp": "Customer"}, {"s": 128390, "e": 128929, "w": "嗯", "sp": "Agent"}, {"s": 128595, "e": 129054, "w": "好 的", "sp": "Customer"}, {"s": 128929, "e": 129469, "w": "行", "sp": "Agent"}, {"s": 129054, "e": 130198, "w": "你 让 他 联系", "sp": "Customer"}, {"s": 129789, "e": 130332, "w": "可以 的", "sp": "Agent"}, {"s": 130198, "e": 130427, "w": "吧", "sp": "Customer"}, {"s": 130332, "e": 130513, "w": "行", "sp": "Agent"}, {"s": 130427, "e": 130884, "w": "谢谢", "sp": "Customer"}, {"s": 130513, "e": 131056, "w": "不 客气", "sp": "Agent"}, {"s": 130884, "e": 131113, "w": "嗯", "sp": "Customer"}, {"s": 131056, "e": 131237, "w": "那", "sp": "Agent"}, {"s": 131113, "e": 131342, "w": "好", "sp": "Customer"}, {"s": 131237, "e": 131418, "w": "您", "sp": "Agent"}, {"s": 131342, "e": 131571, "w": "嘞", "sp": "Customer"}, {"s": 131418, "e": 131780, "w": "这边", "sp": "Agent"}, {"s": 131571, "e": 131800, "w": "好", "sp": "Customer"}, {"s": 131780, "e": 133770, "w": "的话 手机 方便 添加 微 信 吗", "sp": "Agent"}, {"s": 133890, "e": 135677, "w": "嗯 方便 您 加", "sp": "Customer"}, {"s": 135620, "e": 135769, "w": "好", "sp": "Agent"}, {"s": 135677, "e": 136035, "w": "吧", "sp": "Customer"}, {"s": 135770, "e": 136069, "w": "的 行", "sp": "Agent"}, {"s": 136035, "e": 136392, "w": "好", "sp": "Customer"}, {"s": 136070, "e": 136520, "w": "那 麻烦", "sp": "Agent"}, {"s": 136392, "e": 136750, "w": "嘞", "sp": "Customer"}, {"s": 136520, "e": 136970, "w": "您 保持", "sp": "Agent"}, {"s": 136750, "e": 137107, "w": "嗯", "sp": "Customer"}, {"s": 136970, "e": 137270, "w": "手机", "sp": "Agent"}, {"s": 137107, "e": 137821, "w": "好好", "sp": "Customer"}, {"s": 137270, "e": 138170, "w": "畅通 那 到时候", "sp": "Agent"}, {"s": 137822, "e": 138180, "w": "好", "sp": "Customer"}, {"s": 138170, "e": 138319, "w": "也", "sp": "Agent"}, {"s": 138180, "e": 138894, "w": "好好", "sp": "Customer"}, {"s": 138320, "e": 138920, "w": "可以 了解", "sp": "Agent"}, {"s": 138895, "e": 139610, "w": "再见", "sp": "Customer"}, {"s": 138920, "e": 140120, "w": "一下 我们 那个 空调", "sp": "Agent"}, {"s": 139960, "e": 140880, "w": "嗯", "sp": "Customer"}, {"s": 140120, "e": 141770, "w": "到时候 他 会 详细 给 您 介绍", "sp": "Agent"}, {"s": 141620, "e": 141900, "w": "好", "sp": "Customer"}, {"s": 141770, "e": 141920, "w": "的", "sp": "Agent"}, {"s": 141900, "e": 142739, "w": "的 谢谢", "sp": "Customer"}, {"s": 142720, "e": 142897, "w": "嗯", "sp": "Agent"}, {"s": 142740, "e": 143020, "w": "哎", "sp": "Customer"}, {"s": 142897, "e": 143074, "w": "好", "sp": "Agent"}, {"s": 143020, "e": 143580, "w": "好好", "sp": "Customer"}, {"s": 143074, "e": 143605, "w": "不 客气", "sp": "Agent"}, {"s": 143580, "e": 143860, "w": "好", "sp": "Customer"}, {"s": 143605, "e": 143959, "w": "感谢", "sp": "Agent"}, {"s": 143860, "e": 144420, "w": "再见", "sp": "Customer"}, {"s": 143959, "e": 144667, "w": "来电 祝您", "sp": "Agent"}, {"s": 144420, "e": 144700, "w": "嗯", "sp": "Customer"}, {"s": 144667, "e": 145730, "w": "生活 愉快 再见", "sp": "Agent"}]}, "aqm": {"greeting": {"greeting_said": "您好, 请问", "n_greeting_said": 2, "score": 0}, "closing": {"closing_said": "您, 感谢, 祝您, 生活, 愉快, 再见", "n_closing_said": 6, "score": 1}, "speed": {"speed_max": 7.52, "n_words": 38, "words": "呃 荔 城 我 这边 是 没 他们 地址 的 我 让 他 到时候 联系 一下 您 到时候 他 把 店铺 地址 发给 您 直接", "start": 73720, "end": 78771}}}