{"mediaId": "2022031314190949208747436378303001", "status": "Success", "dateCreated": "2022-03-21T18:45:50Z", "contentType": "audio/x-wav", "channels": "future use", "length": 252, "metadata": {"Sid": 10028, "Site_id": 783, "Audio_ch_num": 87474363, "Audio_module_num": 783002, "Audio_start_time_gmt": "2022-03-13T06:19:09.493+08:00", "Transaction_id": "2022031314190949208747436378303001", "ContactID": "9144800674940000301", "Personal_id": "0", "Direction": 1, "Local_audio_start_time": "2022-03-13T14:19:09.493+08:00", "Local_audio_end_time": "2022-03-13T14:23:21.493+08:00", "Total_hold_time": "0", "Pbx_login_id": "800025", "Ani": "02155368216", "Extension": "600034", "String_extension": "600034", "Switch_call_id": "006f0330e46d4f95", "Switch_id": "783000001", "Duration_seconds": 252, "Wrapup_time_in_seconds": "0", "Dnis": "02152690557", "Number_of_conferences": "0", "Number_of_holds": "0", "Number_of_transfers": "0", "Percent_of_agent_call": "82", "Percent_of_other_call": "81", "Percent_of_mutual_silence": "51", "Num_of_agent_cross": "24", "Num_of_other_cross": "24", "IsException": 0, "CD2": "013GVT56OG919AP72LUHVB5AES000CCV"}, "transcript_detailed": {"words": [{"p": 1, "c": 0.9, "s": 2710, "e": 3102, "w": "这边", "sp": "Agent"}, {"p": 2, "c": 0.9, "s": 3102, "e": 3298, "w": "帮", "sp": "Agent"}, {"p": 3, "c": 0.9, "s": 3298, "e": 3494, "w": "您", "sp": "Agent"}, {"p": 4, "c": 0.9, "s": 3494, "e": 3690, "w": "看", "sp": "Agent"}, {"p": 5, "c": 0.9, "s": 3690, "e": 4082, "w": "一下", "sp": "Agent"}, {"p": 6, "c": 0.9, "s": 4081, "e": 4474, "w": "请问", "sp": "Agent"}, {"p": 7, "c": 0.9, "s": 4474, "e": 4670, "w": "是", "sp": "Agent"}, {"p": 8, "c": 0.9, "s": 5320, "e": 5747, "w": "你好", "sp": "Customer"}, {"p": 9, "c": 0.9, "s": 5747, "e": 5961, "w": "我", "sp": "Customer"}, {"p": 10, "c": 0.9, "s": 5961, "e": 6175, "w": "是", "sp": "Customer"}, {"p": 11, "c": 0.9, "s": 6175, "e": 6388, "w": "幺", "sp": "Customer"}, {"p": 12, "c": 0.9, "s": 6388, "e": 6816, "w": "零零", "sp": "Customer"}, {"p": 13, "c": 0.9, "s": 6816, "e": 7243, "w": "二三", "sp": "Customer"}, {"p": 14, "c": 0.9, "s": 7243, "e": 7671, "w": "这边", "sp": "Customer"}, {"p": 15, "c": 0.9, "s": 7671, "e": 7885, "w": "有", "sp": "Customer"}, {"p": 16, "c": 0.9, "s": 7885, "e": 8312, "w": "一个", "sp": "Customer"}, {"p": 17, "c": 0.9, "s": 8312, "e": 8740, "w": "用户", "sp": "Customer"}, {"p": 18, "c": 0.9, "s": 8740, "e": 8953, "w": "他", "sp": "Customer"}, {"p": 19, "c": 0.9, "s": 8953, "e": 9167, "w": "是", "sp": "Customer"}, {"p": 20, "c": 0.9, "s": 9167, "e": 9595, "w": "购买", "sp": "Customer"}, {"p": 21, "c": 0.9, "s": 9595, "e": 10022, "w": "大众", "sp": "Customer"}, {"p": 22, "c": 0.9, "s": 10022, "e": 10450, "w": "空调", "sp": "Customer"}, {"p": 23, "c": 0.9, "s": 10450, "e": 10663, "w": "说", "sp": "Customer"}, {"p": 24, "c": 0.9, "s": 10663, "e": 11091, "w": "之前", "sp": "Customer"}, {"p": 25, "c": 0.9, "s": 11091, "e": 11304, "w": "有", "sp": "Customer"}, {"p": 26, "c": 0.9, "s": 11305, "e": 11732, "w": "这边", "sp": "Customer"}, {"p": 27, "c": 0.9, "s": 11732, "e": 11946, "w": "给", "sp": "Customer"}, {"p": 28, "c": 0.9, "s": 11946, "e": 12160, "w": "他", "sp": "Customer"}, {"p": 29, "c": 0.9, "s": 12160, "e": 12587, "w": "推荐", "sp": "Customer"}, {"p": 30, "c": 0.9, "s": 12587, "e": 12801, "w": "了", "sp": "Customer"}, {"p": 31, "c": 0.9, "s": 12801, "e": 13228, "w": "一个", "sp": "Customer"}, {"p": 32, "c": 0.9, "s": 13228, "e": 13870, "w": "经销商", "sp": "Customer"}, {"p": 33, "c": 0.9, "s": 18680, "e": 18877, "w": "呃", "sp": "Agent"}, {"p": 34, "c": 0.9, "s": 18877, "e": 19272, "w": "推荐", "sp": "Agent"}, {"p": 35, "c": 0.9, "s": 19272, "e": 19667, "w": "介绍", "sp": "Agent"}, {"p": 36, "c": 0.9, "s": 19667, "e": 20062, "w": "之后", "sp": "Agent"}, {"p": 37, "c": 0.9, "s": 20062, "e": 20260, "w": "是", "sp": "Agent"}, {"p": 38, "c": 0.9, "s": 20260, "e": 20655, "w": "什么", "sp": "Agent"}, {"p": 39, "c": 0.9, "s": 20655, "e": 20852, "w": "我", "sp": "Agent"}, {"p": 40, "c": 0.9, "s": 20852, "e": 21247, "w": "没有", "sp": "Agent"}, {"p": 41, "c": 0.9, "s": 21247, "e": 21445, "w": "听", "sp": "Agent"}, {"p": 42, "c": 0.9, "s": 21445, "e": 21840, "w": "清楚", "sp": "Agent"}, {"p": 43, "c": 0.9, "s": 22410, "e": 22609, "w": "那", "sp": "Customer"}, {"p": 44, "c": 0.9, "s": 22609, "e": 23008, "w": "现在", "sp": "Customer"}, {"p": 45, "c": 0.9, "s": 23008, "e": 23605, "w": "就是说", "sp": "Customer"}, {"p": 46, "c": 0.9, "s": 23606, "e": 23805, "w": "是", "sp": "Customer"}, {"p": 47, "c": 0.9, "s": 23805, "e": 24204, "w": "大金", "sp": "Customer"}, {"p": 48, "c": 0.9, "s": 24204, "e": 24404, "w": "和", "sp": "Customer"}, {"p": 49, "c": 0.9, "s": 24404, "e": 24602, "w": "他", "sp": "Customer"}, {"p": 50, "c": 0.9, "s": 24603, "e": 25002, "w": "推荐", "sp": "Customer"}, {"p": 51, "c": 0.9, "s": 25002, "e": 25201, "w": "的", "sp": "Customer"}, {"p": 52, "c": 0.9, "s": 25201, "e": 25600, "w": "当地", "sp": "Customer"}, {"p": 53, "c": 0.9, "s": 25600, "e": 25800, "w": "的", "sp": "Customer"}, {"p": 54, "c": 0.9, "s": 25800, "e": 26397, "w": "经销商", "sp": "Customer"}, {"p": 55, "c": 0.9, "s": 26398, "e": 26797, "w": "购买", "sp": "Customer"}, {"p": 56, "c": 0.9, "s": 26797, "e": 26996, "w": "的", "sp": "Customer"}, {"p": 57, "c": 0.9, "s": 26996, "e": 27395, "w": "空调", "sp": "Customer"}, {"p": 58, "c": 0.9, "s": 27395, "e": 27794, "w": "现在", "sp": "Customer"}, {"p": 59, "c": 0.9, "s": 27794, "e": 27993, "w": "钱", "sp": "Customer"}, {"p": 60, "c": 0.9, "s": 27993, "e": 28392, "w": "已经", "sp": "Customer"}, {"p": 61, "c": 0.9, "s": 28392, "e": 28791, "w": "已经", "sp": "Customer"}, {"p": 62, "c": 0.9, "s": 28791, "e": 29190, "w": "付款", "sp": "Customer"}, {"p": 63, "c": 0.9, "s": 29190, "e": 29389, "w": "了", "sp": "Customer"}, {"p": 64, "c": 0.9, "s": 29389, "e": 29788, "w": "但是", "sp": "Customer"}, {"p": 65, "c": 0.9, "s": 29788, "e": 29988, "w": "他", "sp": "Customer"}, {"p": 66, "c": 0.9, "s": 29988, "e": 30386, "w": "担心", "sp": "Customer"}, {"p": 67, "c": 0.9, "s": 30386, "e": 30985, "w": "经销商", "sp": "Customer"}, {"p": 68, "c": 0.9, "s": 30985, "e": 31184, "w": "跑", "sp": "Customer"}, {"p": 69, "c": 0.9, "s": 31184, "e": 31384, "w": "路", "sp": "Customer"}, {"p": 70, "c": 0.9, "s": 31384, "e": 31583, "w": "问", "sp": "Customer"}, {"p": 71, "c": 0.9, "s": 31583, "e": 31982, "w": "大金", "sp": "Customer"}, {"p": 72, "c": 0.9, "s": 31982, "e": 32381, "w": "能否", "sp": "Customer"}, {"p": 73, "c": 0.9, "s": 32381, "e": 32780, "w": "负责", "sp": "Customer"}, {"p": 74, "c": 0.9, "s": 33440, "e": 34010, "w": "新加坡", "sp": "Agent"}, {"p": 75, "c": 0.9, "s": 34010, "e": 34199, "w": "呃", "sp": "Agent"}, {"p": 76, "c": 0.9, "s": 34200, "e": 34580, "w": "优惠", "sp": "Agent"}, {"p": 77, "c": 0.9, "s": 34580, "e": 35150, "w": "手机号", "sp": "Agent"}, {"p": 78, "c": 0.9, "s": 35150, "e": 35340, "w": "给", "sp": "Agent"}, {"p": 79, "c": 0.9, "s": 35340, "e": 35530, "w": "我", "sp": "Agent"}, {"p": 80, "c": 0.9, "s": 35530, "e": 35910, "w": "一下", "sp": "Agent"}, {"p": 81, "c": 0.9, "s": 36110, "e": 36556, "w": "幺", "sp": "Customer"}, {"p": 82, "c": 0.9, "s": 36556, "e": 37450, "w": "三三", "sp": "Customer"}, {"p": 83, "c": 0.9, "s": 39080, "e": 39472, "w": "四", "sp": "Customer"}, {"p": 84, "c": 0.9, "s": 39160, "e": 39617, "w": "就是", "sp": "Agent"}, {"p": 85, "c": 0.9, "s": 39472, "e": 39865, "w": "幺", "sp": "Customer"}, {"p": 86, "c": 0.9, "s": 39617, "e": 40075, "w": "用户", "sp": "Agent"}, {"p": 87, "c": 0.9, "s": 39865, "e": 40650, "w": "零三", "sp": "Customer"}, {"p": 88, "c": 0.9, "s": 40075, "e": 40532, "w": "用户", "sp": "Agent"}, {"p": 89, "c": 0.9, "s": 40532, "e": 40990, "w": "担心", "sp": "Agent"}, {"p": 90, "c": 0.9, "s": 40990, "e": 41447, "w": "但是", "sp": "Agent"}, {"p": 91, "c": 0.9, "s": 41447, "e": 41905, "w": "实际", "sp": "Agent"}, {"p": 92, "c": 0.9, "s": 41905, "e": 42362, "w": "没有", "sp": "Agent"}, {"p": 93, "c": 0.9, "s": 42362, "e": 42820, "w": "考虑", "sp": "Agent"}, {"p": 94, "c": 0.9, "s": 42820, "e": 43048, "w": "到", "sp": "Agent"}, {"p": 95, "c": 0.9, "s": 43048, "e": 43506, "w": "只是", "sp": "Agent"}, {"p": 96, "c": 0.9, "s": 43506, "e": 43735, "w": "要", "sp": "Agent"}, {"p": 97, "c": 0.9, "s": 43735, "e": 44192, "w": "询问", "sp": "Agent"}, {"p": 98, "c": 0.9, "s": 44192, "e": 44650, "w": "一下", "sp": "Agent"}, {"p": 99, "c": 0.9, "s": 44940, "e": 45147, "w": "对", "sp": "Customer"}, {"p": 100, "c": 0.9, "s": 45147, "e": 45355, "w": "他", "sp": "Customer"}, {"p": 101, "c": 0.9, "s": 45355, "e": 45563, "w": "想", "sp": "Customer"}, {"p": 102, "c": 0.9, "s": 45563, "e": 45771, "w": "问", "sp": "Customer"}, {"p": 103, "c": 0.9, "s": 45771, "e": 46187, "w": "一下", "sp": "Customer"}, {"p": 104, "c": 0.9, "s": 46187, "e": 46395, "w": "他", "sp": "Customer"}, {"p": 105, "c": 0.9, "s": 46395, "e": 46603, "w": "说", "sp": "Customer"}, {"p": 106, "c": 0.9, "s": 46603, "e": 46811, "w": "是", "sp": "Customer"}, {"p": 107, "c": 0.9, "s": 46811, "e": 47227, "w": "大厅", "sp": "Customer"}, {"p": 108, "c": 0.9, "s": 47227, "e": 47435, "w": "和", "sp": "Customer"}, {"p": 109, "c": 0.9, "s": 47435, "e": 47642, "w": "他", "sp": "Customer"}, {"p": 110, "c": 0.9, "s": 47642, "e": 48058, "w": "推荐", "sp": "Customer"}, {"p": 111, "c": 0.9, "s": 48058, "e": 48266, "w": "的", "sp": "Customer"}, {"p": 112, "c": 0.9, "s": 48266, "e": 48890, "w": "经销商", "sp": "Customer"}, {"p": 113, "c": 0.9, "s": 48890, "e": 49306, "w": "是否", "sp": "Customer"}, {"p": 114, "c": 0.9, "s": 49306, "e": 49514, "w": "有", "sp": "Customer"}, {"p": 115, "c": 0.9, "s": 49514, "e": 49930, "w": "问题", "sp": "Customer"}, {"p": 116, "c": 0.9, "s": 51510, "e": 51941, "w": "嗯", "sp": "Agent"}, {"p": 117, "c": 0.9, "s": 51942, "e": 52375, "w": "幺", "sp": "Agent"}, {"p": 118, "c": 0.9, "s": 52375, "e": 53240, "w": "三三", "sp": "Agent"}, {"p": 119, "c": 0.9, "s": 53570, "e": 53967, "w": "四", "sp": "Customer"}, {"p": 120, "c": 0.9, "s": 53967, "e": 54364, "w": "幺", "sp": "Customer"}, {"p": 121, "c": 0.9, "s": 54365, "e": 55160, "w": "零三", "sp": "Customer"}, {"p": 122, "c": 0.9, "s": 56340, "e": 56650, "w": "嗯", "sp": "Agent"}, {"p": 123, "c": 0.9, "s": 56650, "e": 56960, "w": "你", "sp": "Agent"}, {"p": 124, "c": 0.9, "s": 56960, "e": 57270, "w": "说", "sp": "Agent"}, {"p": 125, "c": 0.9, "s": 57540, "e": 58325, "w": "九三", "sp": "Customer"}, {"p": 126, "c": 0.9, "s": 58325, "e": 59110, "w": "七五", "sp": "Customer"}, {"p": 127, "c": 0.9, "s": 62300, "e": 62529, "w": "幺", "sp": "Agent"}, {"p": 128, "c": 0.9, "s": 62529, "e": 62758, "w": "三", "sp": "Agent"}, {"p": 129, "c": 0.9, "s": 62758, "e": 63216, "w": "三四", "sp": "Agent"}, {"p": 130, "c": 0.9, "s": 63216, "e": 63445, "w": "幺", "sp": "Agent"}, {"p": 131, "c": 0.9, "s": 63445, "e": 63674, "w": "零", "sp": "Agent"}, {"p": 132, "c": 0.9, "s": 63674, "e": 64131, "w": "三九", "sp": "Agent"}, {"p": 133, "c": 0.9, "s": 64132, "e": 64590, "w": "三七", "sp": "Agent"}, {"p": 134, "c": 0.9, "s": 65940, "e": 66400, "w": "好", "sp": "Customer"}, {"p": 135, "c": 0.9, "s": 66400, "e": 66860, "w": "的", "sp": "Customer"}, {"p": 136, "c": 0.9, "s": 68860, "e": 69199, "w": "您好", "sp": "Agent"}, {"p": 137, "c": 0.9, "s": 69199, "e": 69537, "w": "电话", "sp": "Agent"}, {"p": 138, "c": 0.9, "s": 69538, "e": 69877, "w": "已经", "sp": "Agent"}, {"p": 139, "c": 0.9, "s": 69877, "e": 70215, "w": "转接", "sp": "Agent"}, {"p": 140, "c": 0.9, "s": 70216, "e": 70555, "w": "成功", "sp": "Agent"}, {"p": 141, "c": 0.9, "s": 70555, "e": 70894, "w": "请问", "sp": "Agent"}, {"p": 142, "c": 0.9, "s": 70894, "e": 71062, "w": "有", "sp": "Agent"}, {"p": 143, "c": 0.9, "s": 71063, "e": 71402, "w": "什么", "sp": "Agent"}, {"p": 144, "c": 0.9, "s": 71402, "e": 71741, "w": "可以", "sp": "Agent"}, {"p": 145, "c": 0.9, "s": 71741, "e": 71910, "w": "帮", "sp": "Agent"}, {"p": 146, "c": 0.9, "s": 71911, "e": 72080, "w": "到", "sp": "Agent"}, {"p": 147, "c": 0.9, "s": 72080, "e": 72250, "w": "您", "sp": "Agent"}, {"p": 148, "c": 0.9, "s": 72820, "e": 73477, "w": "你好", "sp": "Customer"}, {"p": 149, "c": 0.9, "s": 73477, "e": 73806, "w": "呃", "sp": "Customer"}, {"p": 150, "c": 0.9, "s": 73806, "e": 74135, "w": "是", "sp": "Customer"}, {"p": 151, "c": 0.9, "s": 74135, "e": 74793, "w": "这么", "sp": "Customer"}, {"p": 152, "c": 0.9, "s": 74200, "e": 74590, "w": "嗯", "sp": "Agent"}, {"p": 153, "c": 0.9, "s": 74590, "e": 75369, "w": "你好", "sp": "Agent"}, {"p": 154, "c": 0.9, "s": 74793, "e": 75451, "w": "回事", "sp": "Customer"}, {"p": 155, "c": 0.9, "s": 75451, "e": 75780, "w": "啊", "sp": "Customer"}, {"p": 156, "c": 0.9, "s": 76140, "e": 76685, "w": "因为", "sp": "Customer"}, {"p": 157, "c": 0.9, "s": 76350, "e": 76955, "w": "你好", "sp": "Agent"}, {"p": 158, "c": 0.9, "s": 76685, "e": 76957, "w": "我", "sp": "Customer"}, {"p": 159, "c": 0.9, "s": 76955, "e": 77257, "w": "你", "sp": "Agent"}, {"p": 160, "c": 0.9, "s": 76957, "e": 77230, "w": "在", "sp": "Customer"}, {"p": 161, "c": 0.9, "s": 77230, "e": 77775, "w": "你们", "sp": "Customer"}, {"p": 162, "c": 0.9, "s": 77257, "e": 77560, "w": "说", "sp": "Agent"}, {"p": 163, "c": 0.9, "s": 77775, "e": 78320, "w": "那个", "sp": "Customer"}, {"p": 164, "c": 0.9, "s": 78320, "e": 78865, "w": "你们", "sp": "Customer"}, {"p": 165, "c": 0.9, "s": 78865, "e": 79137, "w": "的", "sp": "Customer"}, {"p": 166, "c": 0.9, "s": 79137, "e": 79682, "w": "推荐", "sp": "Customer"}, {"p": 167, "c": 0.9, "s": 79682, "e": 79955, "w": "下", "sp": "Customer"}, {"p": 168, "c": 0.9, "s": 79955, "e": 80500, "w": "不是", "sp": "Customer"}, {"p": 169, "c": 0.9, "s": 80500, "e": 80772, "w": "买", "sp": "Customer"}, {"p": 170, "c": 0.9, "s": 80772, "e": 81317, "w": "一个", "sp": "Customer"}, {"p": 171, "c": 0.9, "s": 81317, "e": 81862, "w": "空调", "sp": "Customer"}, {"p": 172, "c": 0.9, "s": 81862, "e": 82135, "w": "嘛", "sp": "Customer"}, {"p": 173, "c": 0.9, "s": 82135, "e": 82407, "w": "对", "sp": "Customer"}, {"p": 174, "c": 0.9, "s": 82407, "e": 82680, "w": "吧", "sp": "Customer"}, {"p": 175, "c": 0.9, "s": 83950, "e": 84144, "w": "我", "sp": "Customer"}, {"p": 176, "c": 0.9, "s": 84144, "e": 84338, "w": "把", "sp": "Customer"}, {"p": 177, "c": 0.9, "s": 84338, "e": 84532, "w": "钱", "sp": "Customer"}, {"p": 178, "c": 0.9, "s": 84532, "e": 84727, "w": "给", "sp": "Customer"}, {"p": 179, "c": 0.9, "s": 84727, "e": 84921, "w": "他", "sp": "Customer"}, {"p": 180, "c": 0.9, "s": 84921, "e": 85115, "w": "了", "sp": "Customer"}, {"p": 181, "c": 0.9, "s": 85115, "e": 85310, "w": "我", "sp": "Customer"}, {"p": 182, "c": 0.9, "s": 85310, "e": 85504, "w": "都", "sp": "Customer"}, {"p": 183, "c": 0.9, "s": 85504, "e": 85892, "w": "不会", "sp": "Customer"}, {"p": 184, "c": 0.9, "s": 85892, "e": 86281, "w": "有些", "sp": "Customer"}, {"p": 185, "c": 0.9, "s": 86281, "e": 86475, "w": "我", "sp": "Customer"}, {"p": 186, "c": 0.9, "s": 86475, "e": 86670, "w": "看", "sp": "Customer"}, {"p": 187, "c": 0.9, "s": 86670, "e": 87058, "w": "网上", "sp": "Customer"}, {"p": 188, "c": 0.9, "s": 87058, "e": 87447, "w": "评价", "sp": "Customer"}, {"p": 189, "c": 0.9, "s": 87447, "e": 87641, "w": "有", "sp": "Customer"}, {"p": 190, "c": 0.9, "s": 87641, "e": 87835, "w": "的", "sp": "Customer"}, {"p": 191, "c": 0.9, "s": 87835, "e": 88030, "w": "给", "sp": "Customer"}, {"p": 192, "c": 0.9, "s": 88030, "e": 88224, "w": "了", "sp": "Customer"}, {"p": 193, "c": 0.9, "s": 88224, "e": 88418, "w": "钱", "sp": "Customer"}, {"p": 194, "c": 0.9, "s": 88418, "e": 88612, "w": "人", "sp": "Customer"}, {"p": 195, "c": 0.9, "s": 88612, "e": 88807, "w": "跑", "sp": "Customer"}, {"p": 196, "c": 0.9, "s": 88807, "e": 89001, "w": "了", "sp": "Customer"}, {"p": 197, "c": 0.9, "s": 89001, "e": 89195, "w": "我", "sp": "Customer"}, {"p": 198, "c": 0.9, "s": 89195, "e": 89390, "w": "都", "sp": "Customer"}, {"p": 199, "c": 0.9, "s": 89390, "e": 89778, "w": "不会", "sp": "Customer"}, {"p": 200, "c": 0.9, "s": 89778, "e": 89972, "w": "有", "sp": "Customer"}, {"p": 201, "c": 0.9, "s": 89972, "e": 90361, "w": "这种", "sp": "Customer"}, {"p": 202, "c": 0.9, "s": 90361, "e": 90750, "w": "情况", "sp": "Customer"}, {"p": 203, "c": 0.9, "s": 90960, "e": 91170, "w": "呃", "sp": "Agent"}, {"p": 204, "c": 0.9, "s": 91170, "e": 91380, "w": "是", "sp": "Agent"}, {"p": 205, "c": 0.9, "s": 91380, "e": 91799, "w": "这样", "sp": "Agent"}, {"p": 206, "c": 0.9, "s": 91800, "e": 92010, "w": "的", "sp": "Agent"}, {"p": 207, "c": 0.9, "s": 92010, "e": 92430, "w": "就是", "sp": "Agent"}, {"p": 208, "c": 0.9, "s": 92430, "e": 92640, "w": "您", "sp": "Agent"}, {"p": 209, "c": 0.9, "s": 92640, "e": 92850, "w": "是", "sp": "Agent"}, {"p": 210, "c": 0.9, "s": 92850, "e": 93060, "w": "在", "sp": "Agent"}, {"p": 211, "c": 0.9, "s": 93060, "e": 93479, "w": "我们", "sp": "Agent"}, {"p": 212, "c": 0.9, "s": 93480, "e": 93900, "w": "授权", "sp": "Agent"}, {"p": 213, "c": 0.9, "s": 93900, "e": 94530, "w": "经销商", "sp": "Agent"}, {"p": 214, "c": 0.9, "s": 94530, "e": 94950, "w": "那边", "sp": "Agent"}, {"p": 215, "c": 0.9, "s": 94950, "e": 95369, "w": "购买", "sp": "Agent"}, {"p": 216, "c": 0.9, "s": 95370, "e": 95580, "w": "的", "sp": "Agent"}, {"p": 217, "c": 0.9, "s": 95580, "e": 96000, "w": "设备", "sp": "Agent"}, {"p": 218, "c": 0.9, "s": 96000, "e": 96210, "w": "对", "sp": "Agent"}, {"p": 219, "c": 0.9, "s": 96210, "e": 96420, "w": "吧", "sp": "Agent"}, {"p": 220, "c": 0.9, "s": 96420, "e": 96630, "w": "他", "sp": "Agent"}, {"p": 221, "c": 0.9, "s": 96630, "e": 96840, "w": "的", "sp": "Agent"}, {"p": 222, "c": 0.9, "s": 96840, "e": 97259, "w": "公司", "sp": "Agent"}, {"p": 223, "c": 0.9, "s": 96970, "e": 97178, "w": "对", "sp": "Customer"}, {"p": 224, "c": 0.9, "s": 97178, "e": 97387, "w": "是", "sp": "Customer"}, {"p": 225, "c": 0.9, "s": 97260, "e": 97680, "w": "名称", "sp": "Agent"}, {"p": 226, "c": 0.9, "s": 97387, "e": 97596, "w": "我", "sp": "Customer"}, {"p": 227, "c": 0.9, "s": 97596, "e": 98013, "w": "当时", "sp": "Customer"}, {"p": 228, "c": 0.9, "s": 97680, "e": 97890, "w": "你", "sp": "Agent"}, {"p": 229, "c": 0.9, "s": 97890, "e": 98310, "w": "知道", "sp": "Agent"}, {"p": 230, "c": 0.9, "s": 98013, "e": 98222, "w": "打", "sp": "Customer"}, {"p": 231, "c": 0.9, "s": 98222, "e": 98430, "w": "你", "sp": "Customer"}, {"p": 232, "c": 0.9, "s": 98310, "e": 98520, "w": "吗", "sp": "Agent"}, {"p": 233, "c": 0.9, "s": 98430, "e": 98639, "w": "的", "sp": "Customer"}, {"p": 234, "c": 0.9, "s": 98639, "e": 99056, "w": "客服", "sp": "Customer"}, {"p": 235, "c": 0.9, "s": 99056, "e": 99474, "w": "电话", "sp": "Customer"}, {"p": 236, "c": 0.9, "s": 99474, "e": 99891, "w": "你们", "sp": "Customer"}, {"p": 237, "c": 0.9, "s": 99891, "e": 100100, "w": "给", "sp": "Customer"}, {"p": 238, "c": 0.9, "s": 100100, "e": 100309, "w": "我", "sp": "Customer"}, {"p": 239, "c": 0.9, "s": 100309, "e": 100726, "w": "推荐", "sp": "Customer"}, {"p": 240, "c": 0.9, "s": 100726, "e": 100935, "w": "的", "sp": "Customer"}, {"p": 241, "c": 0.9, "s": 100935, "e": 101143, "w": "是", "sp": "Customer"}, {"p": 242, "c": 0.9, "s": 101143, "e": 101352, "w": "这", "sp": "Customer"}, {"p": 243, "c": 0.9, "s": 101352, "e": 101770, "w": "意思", "sp": "Customer"}, {"p": 244, "c": 0.9, "s": 102430, "e": 102589, "w": "那", "sp": "Agent"}, {"p": 245, "c": 0.9, "s": 102589, "e": 102907, "w": "如果", "sp": "Agent"}, {"p": 246, "c": 0.9, "s": 102907, "e": 103065, "w": "是", "sp": "Agent"}, {"p": 247, "c": 0.9, "s": 103066, "e": 103384, "w": "我们", "sp": "Agent"}, {"p": 248, "c": 0.9, "s": 103384, "e": 103702, "w": "授权", "sp": "Agent"}, {"p": 249, "c": 0.9, "s": 103702, "e": 103861, "w": "的", "sp": "Agent"}, {"p": 250, "c": 0.9, "s": 103861, "e": 104179, "w": "招商", "sp": "Agent"}, {"p": 251, "c": 0.9, "s": 104179, "e": 104338, "w": "您", "sp": "Agent"}, {"p": 252, "c": 0.9, "s": 104338, "e": 104656, "w": "这边", "sp": "Agent"}, {"p": 253, "c": 0.9, "s": 104656, "e": 104814, "w": "是", "sp": "Agent"}, {"p": 254, "c": 0.9, "s": 104815, "e": 105133, "w": "可以", "sp": "Agent"}, {"p": 255, "c": 0.9, "s": 105133, "e": 105451, "w": "放心", "sp": "Agent"}, {"p": 256, "c": 0.9, "s": 105451, "e": 105609, "w": "的", "sp": "Agent"}, {"p": 257, "c": 0.9, "s": 106360, "e": 106548, "w": "嗯", "sp": "Customer"}, {"p": 258, "c": 0.9, "s": 106548, "e": 106737, "w": "是", "sp": "Customer"}, {"p": 259, "c": 0.9, "s": 106737, "e": 107115, "w": "因为", "sp": "Customer"}, {"p": 260, "c": 0.9, "s": 107115, "e": 107492, "w": "你们", "sp": "Customer"}, {"p": 261, "c": 0.9, "s": 107492, "e": 107681, "w": "给", "sp": "Customer"}, {"p": 262, "c": 0.9, "s": 107681, "e": 107870, "w": "我", "sp": "Customer"}, {"p": 263, "c": 0.9, "s": 107870, "e": 108248, "w": "推荐", "sp": "Customer"}, {"p": 264, "c": 0.9, "s": 108248, "e": 108436, "w": "的", "sp": "Customer"}, {"p": 265, "c": 0.9, "s": 108436, "e": 108625, "w": "那", "sp": "Customer"}, {"p": 266, "c": 0.9, "s": 108625, "e": 108814, "w": "不", "sp": "Customer"}, {"p": 267, "c": 0.9, "s": 108814, "e": 109192, "w": "就是", "sp": "Customer"}, {"p": 268, "c": 0.9, "s": 109192, "e": 109569, "w": "你们", "sp": "Customer"}, {"p": 269, "c": 0.9, "s": 109569, "e": 109758, "w": "售", "sp": "Customer"}, {"p": 270, "c": 0.9, "s": 109758, "e": 109947, "w": "前", "sp": "Customer"}, {"p": 271, "c": 0.9, "s": 109947, "e": 110136, "w": "的", "sp": "Customer"}, {"p": 272, "c": 0.9, "s": 110136, "e": 110324, "w": "吗", "sp": "Customer"}, {"p": 273, "c": 0.9, "s": 110324, "e": 110701, "w": "售后", "sp": "Customer"}, {"p": 274, "c": 0.9, "s": 110702, "e": 110891, "w": "对", "sp": "Customer"}, {"p": 275, "c": 0.9, "s": 110810, "e": 110965, "w": "嗯", "sp": "Agent"}, {"p": 276, "c": 0.9, "s": 110891, "e": 111080, "w": "吧", "sp": "Customer"}, {"p": 277, "c": 0.9, "s": 110965, "e": 111119, "w": "就", "sp": "Agent"}, {"p": 278, "c": 0.9, "s": 111120, "e": 111431, "w": "保险", "sp": "Agent"}, {"p": 279, "c": 0.9, "s": 111431, "e": 111741, "w": "因为", "sp": "Agent"}, {"p": 280, "c": 0.9, "s": 111741, "e": 111896, "w": "我", "sp": "Agent"}, {"p": 281, "c": 0.9, "s": 111896, "e": 112052, "w": "也", "sp": "Agent"}, {"p": 282, "c": 0.9, "s": 112052, "e": 112207, "w": "不", "sp": "Agent"}, {"p": 283, "c": 0.9, "s": 112207, "e": 112518, "w": "知道", "sp": "Agent"}, {"p": 284, "c": 0.9, "s": 112518, "e": 112827, "w": "我们", "sp": "Agent"}, {"p": 285, "c": 0.9, "s": 112828, "e": 112983, "w": "给", "sp": "Agent"}, {"p": 286, "c": 0.9, "s": 112983, "e": 113139, "w": "您", "sp": "Agent"}, {"p": 287, "c": 0.9, "s": 113139, "e": 113449, "w": "推荐", "sp": "Agent"}, {"p": 288, "c": 0.9, "s": 113449, "e": 113604, "w": "的", "sp": "Agent"}, {"p": 289, "c": 0.9, "s": 113605, "e": 114070, "w": "是不是", "sp": "Agent"}, {"p": 290, "c": 0.9, "s": 114070, "e": 114381, "w": "联系", "sp": "Agent"}, {"p": 291, "c": 0.9, "s": 114381, "e": 114535, "w": "您", "sp": "Agent"}, {"p": 292, "c": 0.9, "s": 114536, "e": 114692, "w": "对", "sp": "Agent"}, {"p": 293, "c": 0.9, "s": 114692, "e": 114847, "w": "吗", "sp": "Agent"}, {"p": 294, "c": 0.9, "s": 114847, "e": 115157, "w": "所以", "sp": "Agent"}, {"p": 295, "c": 0.9, "s": 115157, "e": 115467, "w": "的话", "sp": "Agent"}, {"p": 296, "c": 0.9, "s": 115468, "e": 115623, "w": "跟", "sp": "Agent"}, {"p": 297, "c": 0.9, "s": 115623, "e": 115779, "w": "您", "sp": "Agent"}, {"p": 298, "c": 0.9, "s": 115779, "e": 115934, "w": "看", "sp": "Agent"}, {"p": 299, "c": 0.9, "s": 115934, "e": 116243, "w": "一下", "sp": "Agent"}, {"p": 300, "c": 0.9, "s": 116244, "e": 116555, "w": "这边", "sp": "Agent"}, {"p": 301, "c": 0.9, "s": 116555, "e": 116866, "w": "一个", "sp": "Agent"}, {"p": 302, "c": 0.9, "s": 116866, "e": 117021, "w": "他", "sp": "Agent"}, {"p": 303, "c": 0.9, "s": 117021, "e": 117176, "w": "的", "sp": "Agent"}, {"p": 304, "c": 0.9, "s": 117176, "e": 117487, "w": "公司", "sp": "Agent"}, {"p": 305, "c": 0.9, "s": 117487, "e": 117797, "w": "名称", "sp": "Agent"}, {"p": 306, "c": 0.9, "s": 117580, "e": 118040, "w": "是", "sp": "Customer"}, {"p": 307, "c": 0.9, "s": 117797, "e": 117952, "w": "是", "sp": "Agent"}, {"p": 308, "c": 0.9, "s": 117953, "e": 118263, "w": "比较", "sp": "Agent"}, {"p": 309, "c": 0.9, "s": 118040, "e": 118500, "w": "是", "sp": "Customer"}, {"p": 310, "c": 0.9, "s": 118263, "e": 118574, "w": "保险", "sp": "Agent"}, {"p": 311, "c": 0.9, "s": 118500, "e": 118960, "w": "是", "sp": "Customer"}, {"p": 312, "c": 0.9, "s": 118574, "e": 118729, "w": "的", "sp": "Agent"}, {"p": 313, "c": 0.9, "s": 118729, "e": 119039, "w": "因为", "sp": "Agent"}, {"p": 314, "c": 0.9, "s": 119470, "e": 119672, "w": "是", "sp": "Customer"}, {"p": 315, "c": 0.9, "s": 119672, "e": 120076, "w": "你们", "sp": "Customer"}, {"p": 316, "c": 0.9, "s": 120076, "e": 120279, "w": "联", "sp": "Customer"}, {"p": 317, "c": 0.9, "s": 120279, "e": 120481, "w": "是", "sp": "Customer"}, {"p": 318, "c": 0.9, "s": 120481, "e": 120886, "w": "你们", "sp": "Customer"}, {"p": 319, "c": 0.9, "s": 120886, "e": 121290, "w": "推荐", "sp": "Customer"}, {"p": 320, "c": 0.9, "s": 121290, "e": 121493, "w": "的", "sp": "Customer"}, {"p": 321, "c": 0.9, "s": 121493, "e": 121896, "w": "推荐", "sp": "Customer"}, {"p": 322, "c": 0.9, "s": 121897, "e": 122100, "w": "完", "sp": "Customer"}, {"p": 323, "c": 0.9, "s": 122100, "e": 122504, "w": "之后", "sp": "Customer"}, {"p": 324, "c": 0.9, "s": 122504, "e": 122909, "w": "然后", "sp": "Customer"}, {"p": 325, "c": 0.9, "s": 122909, "e": 123111, "w": "他", "sp": "Customer"}, {"p": 326, "c": 0.9, "s": 123111, "e": 123313, "w": "给", "sp": "Customer"}, {"p": 327, "c": 0.9, "s": 123313, "e": 123516, "w": "我", "sp": "Customer"}, {"p": 328, "c": 0.9, "s": 123516, "e": 123920, "w": "联系", "sp": "Customer"}, {"p": 329, "c": 0.9, "s": 123920, "e": 124123, "w": "了", "sp": "Customer"}, {"p": 330, "c": 0.9, "s": 124123, "e": 124325, "w": "这", "sp": "Customer"}, {"p": 331, "c": 0.9, "s": 124325, "e": 124729, "w": "没错", "sp": "Customer"}, {"p": 332, "c": 0.9, "s": 124830, "e": 125000, "w": "那", "sp": "Agent"}, {"p": 333, "c": 0.9, "s": 125000, "e": 125340, "w": "如果", "sp": "Agent"}, {"p": 334, "c": 0.9, "s": 125340, "e": 125509, "w": "那", "sp": "Agent"}, {"p": 335, "c": 0.9, "s": 125510, "e": 125850, "w": "如果", "sp": "Agent"}, {"p": 336, "c": 0.9, "s": 125850, "e": 126020, "w": "是", "sp": "Agent"}, {"p": 337, "c": 0.9, "s": 126020, "e": 126359, "w": "我们", "sp": "Agent"}, {"p": 338, "c": 0.9, "s": 126360, "e": 126700, "w": "通过", "sp": "Agent"}, {"p": 339, "c": 0.9, "s": 126700, "e": 127039, "w": "授权", "sp": "Agent"}, {"p": 340, "c": 0.9, "s": 127040, "e": 127380, "w": "的话", "sp": "Agent"}, {"p": 341, "c": 0.9, "s": 127380, "e": 127719, "w": "这个", "sp": "Agent"}, {"p": 342, "c": 0.9, "s": 127720, "e": 128060, "w": "肯定", "sp": "Agent"}, {"p": 343, "c": 0.9, "s": 128060, "e": 128399, "w": "没有", "sp": "Agent"}, {"p": 344, "c": 0.9, "s": 128399, "e": 128739, "w": "问题", "sp": "Agent"}, {"p": 345, "c": 0.9, "s": 130460, "e": 130694, "w": "行", "sp": "Customer"}, {"p": 346, "c": 0.9, "s": 130694, "e": 130927, "w": "没", "sp": "Customer"}, {"p": 347, "c": 0.9, "s": 130927, "e": 131396, "w": "问题", "sp": "Customer"}, {"p": 348, "c": 0.9, "s": 131396, "e": 131631, "w": "就", "sp": "Customer"}, {"p": 349, "c": 0.9, "s": 131631, "e": 131864, "w": "行", "sp": "Customer"}, {"p": 350, "c": 0.9, "s": 131865, "e": 132099, "w": "了", "sp": "Customer"}, {"p": 351, "c": 0.9, "s": 132099, "e": 132568, "w": "因为", "sp": "Customer"}, {"p": 352, "c": 0.9, "s": 132568, "e": 133036, "w": "什么", "sp": "Customer"}, {"p": 353, "c": 0.9, "s": 133036, "e": 133269, "w": "人", "sp": "Customer"}, {"p": 354, "c": 0.9, "s": 133270, "e": 133505, "w": "都", "sp": "Customer"}, {"p": 355, "c": 0.9, "s": 133505, "e": 133739, "w": "有", "sp": "Customer"}, {"p": 356, "c": 0.9, "s": 133520, "e": 134450, "w": "嗯", "sp": "Agent"}, {"p": 357, "c": 0.9, "s": 133739, "e": 133972, "w": "是", "sp": "Customer"}, {"p": 358, "c": 0.9, "s": 133973, "e": 134207, "w": "吧", "sp": "Customer"}, {"p": 359, "c": 0.9, "s": 134207, "e": 134910, "w": "问一问", "sp": "Customer"}, {"p": 360, "c": 0.9, "s": 134910, "e": 135144, "w": "你", "sp": "Customer"}, {"p": 361, "c": 0.9, "s": 135144, "e": 135612, "w": "可以", "sp": "Customer"}, {"p": 362, "c": 0.9, "s": 135613, "e": 135847, "w": "查", "sp": "Customer"}, {"p": 363, "c": 0.9, "s": 135847, "e": 136081, "w": "呀", "sp": "Customer"}, {"p": 364, "c": 0.9, "s": 136081, "e": 136316, "w": "我", "sp": "Customer"}, {"p": 365, "c": 0.9, "s": 136316, "e": 136549, "w": "我", "sp": "Customer"}, {"p": 366, "c": 0.9, "s": 136550, "e": 136784, "w": "说", "sp": "Customer"}, {"p": 367, "c": 0.9, "s": 136784, "e": 137017, "w": "你", "sp": "Customer"}, {"p": 368, "c": 0.9, "s": 137018, "e": 137253, "w": "查", "sp": "Customer"}, {"p": 369, "c": 0.9, "s": 137253, "e": 137487, "w": "你", "sp": "Customer"}, {"p": 370, "c": 0.9, "s": 137487, "e": 137721, "w": "能", "sp": "Customer"}, {"p": 371, "c": 0.9, "s": 137721, "e": 137954, "w": "查", "sp": "Customer"}, {"p": 372, "c": 0.9, "s": 137955, "e": 138190, "w": "吧", "sp": "Customer"}, {"p": 373, "c": 0.9, "s": 138190, "e": 138362, "w": "我", "sp": "Agent"}, {"p": 374, "c": 0.9, "s": 138362, "e": 138708, "w": "这边", "sp": "Agent"}, {"p": 375, "c": 0.9, "s": 138708, "e": 138879, "w": "能", "sp": "Agent"}, {"p": 376, "c": 0.9, "s": 138880, "e": 139226, "w": "看到", "sp": "Agent"}, {"p": 377, "c": 0.9, "s": 139226, "e": 139399, "w": "帮", "sp": "Agent"}, {"p": 378, "c": 0.9, "s": 139399, "e": 139571, "w": "您", "sp": "Agent"}, {"p": 379, "c": 0.9, "s": 139571, "e": 139917, "w": "安排", "sp": "Agent"}, {"p": 380, "c": 0.9, "s": 139917, "e": 140090, "w": "的", "sp": "Agent"}, {"p": 381, "c": 0.9, "s": 140090, "e": 140262, "w": "是", "sp": "Agent"}, {"p": 382, "c": 0.9, "s": 140262, "e": 140607, "w": "哪家", "sp": "Agent"}, {"p": 383, "c": 0.9, "s": 140608, "e": 140780, "w": "店", "sp": "Agent"}, {"p": 384, "c": 0.9, "s": 140780, "e": 141125, "w": "但是", "sp": "Agent"}, {"p": 385, "c": 0.9, "s": 141126, "e": 141471, "w": "的话", "sp": "Agent"}, {"p": 386, "c": 0.9, "s": 141471, "e": 141644, "w": "我", "sp": "Agent"}, {"p": 387, "c": 0.9, "s": 141644, "e": 141817, "w": "不", "sp": "Agent"}, {"p": 388, "c": 0.9, "s": 141817, "e": 142162, "w": "清楚", "sp": "Agent"}, {"p": 389, "c": 0.9, "s": 142162, "e": 142335, "w": "您", "sp": "Agent"}, {"p": 390, "c": 0.9, "s": 142335, "e": 143026, "w": "知不知道", "sp": "Agent"}, {"p": 391, "c": 0.9, "s": 143026, "e": 143544, "w": "是不是", "sp": "Agent"}, {"p": 392, "c": 0.9, "s": 143544, "e": 143890, "w": "这家", "sp": "Agent"}, {"p": 393, "c": 0.9, "s": 145140, "e": 145299, "w": "我", "sp": "Customer"}, {"p": 394, "c": 0.9, "s": 145299, "e": 145458, "w": "我", "sp": "Customer"}, {"p": 395, "c": 0.9, "s": 145458, "e": 145618, "w": "给", "sp": "Customer"}, {"p": 396, "c": 0.9, "s": 145618, "e": 145777, "w": "你", "sp": "Customer"}, {"p": 397, "c": 0.9, "s": 145777, "e": 145937, "w": "说", "sp": "Customer"}, {"p": 398, "c": 0.9, "s": 145937, "e": 146096, "w": "这", "sp": "Customer"}, {"p": 399, "c": 0.9, "s": 146096, "e": 146415, "w": "个人", "sp": "Customer"}, {"p": 400, "c": 0.9, "s": 146415, "e": 146734, "w": "不行", "sp": "Customer"}, {"p": 401, "c": 0.9, "s": 146734, "e": 146894, "w": "了", "sp": "Customer"}, {"p": 402, "c": 0.9, "s": 146894, "e": 147053, "w": "吗", "sp": "Customer"}, {"p": 403, "c": 0.9, "s": 147053, "e": 147213, "w": "你", "sp": "Customer"}, {"p": 404, "c": 0.9, "s": 147213, "e": 147532, "w": "估计", "sp": "Customer"}, {"p": 405, "c": 0.9, "s": 147532, "e": 147691, "w": "能", "sp": "Customer"}, {"p": 406, "c": 0.9, "s": 147691, "e": 147851, "w": "查", "sp": "Customer"}, {"p": 407, "c": 0.9, "s": 147810, "e": 148038, "w": "呃", "sp": "Agent"}, {"p": 408, "c": 0.9, "s": 147851, "e": 148010, "w": "到", "sp": "Customer"}, {"p": 409, "c": 0.9, "s": 148010, "e": 148170, "w": "吗", "sp": "Customer"}, {"p": 410, "c": 0.9, "s": 148038, "e": 148493, "w": "这个", "sp": "Agent"}, {"p": 411, "c": 0.9, "s": 148494, "e": 148722, "w": "我", "sp": "Agent"}, {"p": 412, "c": 0.9, "s": 148722, "e": 149406, "w": "看不到", "sp": "Agent"}, {"p": 413, "c": 0.9, "s": 149406, "e": 149862, "w": "我们", "sp": "Agent"}, {"p": 414, "c": 0.9, "s": 149862, "e": 150319, "w": "这边", "sp": "Agent"}, {"p": 415, "c": 0.9, "s": 150319, "e": 150547, "w": "都", "sp": "Agent"}, {"p": 416, "c": 0.9, "s": 150547, "e": 150775, "w": "是", "sp": "Agent"}, {"p": 417, "c": 0.9, "s": 150775, "e": 151230, "w": "根据", "sp": "Agent"}, {"p": 418, "c": 0.9, "s": 151231, "e": 151459, "w": "您", "sp": "Agent"}, {"p": 419, "c": 0.9, "s": 151459, "e": 151687, "w": "的", "sp": "Agent"}, {"p": 420, "c": 0.9, "s": 151687, "e": 152142, "w": "公司", "sp": "Agent"}, {"p": 421, "c": 0.9, "s": 152143, "e": 152600, "w": "名称", "sp": "Agent"}, {"p": 422, "c": 0.9, "s": 153420, "e": 154405, "w": "压缩", "sp": "Agent"}, {"p": 423, "c": 0.9, "s": 154406, "e": 154900, "w": "的", "sp": "Agent"}, {"p": 424, "c": 0.9, "s": 155860, "e": 156365, "w": "因为", "sp": "Customer"}, {"p": 425, "c": 0.9, "s": 156365, "e": 156618, "w": "我", "sp": "Customer"}, {"p": 426, "c": 0.9, "s": 156618, "e": 157123, "w": "注册", "sp": "Customer"}, {"p": 427, "c": 0.9, "s": 157123, "e": 157376, "w": "的", "sp": "Customer"}, {"p": 428, "c": 0.9, "s": 157376, "e": 157629, "w": "他", "sp": "Customer"}, {"p": 429, "c": 0.9, "s": 157629, "e": 157881, "w": "应", "sp": "Customer"}, {"p": 430, "c": 0.9, "s": 157881, "e": 158387, "w": "该是", "sp": "Customer"}, {"p": 431, "c": 0.9, "s": 158387, "e": 158640, "w": "我", "sp": "Customer"}, {"p": 432, "c": 0.9, "s": 158640, "e": 159145, "w": "应该", "sp": "Customer"}, {"p": 433, "c": 0.9, "s": 159145, "e": 159398, "w": "我", "sp": "Customer"}, {"p": 434, "c": 0.9, "s": 159398, "e": 159903, "w": "昨天", "sp": "Customer"}, {"p": 435, "c": 0.9, "s": 159903, "e": 160156, "w": "哎", "sp": "Customer"}, {"p": 436, "c": 0.9, "s": 160156, "e": 160661, "w": "昨天", "sp": "Customer"}, {"p": 437, "c": 0.9, "s": 160661, "e": 160914, "w": "交", "sp": "Customer"}, {"p": 438, "c": 0.9, "s": 160914, "e": 161167, "w": "的", "sp": "Customer"}, {"p": 439, "c": 0.9, "s": 161167, "e": 161420, "w": "钱", "sp": "Customer"}, {"p": 440, "c": 0.9, "s": 163010, "e": 163177, "w": "那", "sp": "Agent"}, {"p": 441, "c": 0.9, "s": 163177, "e": 163513, "w": "如果", "sp": "Agent"}, {"p": 442, "c": 0.9, "s": 163513, "e": 163681, "w": "您", "sp": "Agent"}, {"p": 443, "c": 0.9, "s": 163681, "e": 164016, "w": "实在", "sp": "Agent"}, {"p": 444, "c": 0.9, "s": 164016, "e": 164184, "w": "不", "sp": "Agent"}, {"p": 445, "c": 0.9, "s": 164184, "e": 164519, "w": "放心", "sp": "Agent"}, {"p": 446, "c": 0.9, "s": 164519, "e": 164855, "w": "的话", "sp": "Agent"}, {"p": 447, "c": 0.9, "s": 164855, "e": 165023, "w": "您", "sp": "Agent"}, {"p": 448, "c": 0.9, "s": 165023, "e": 165358, "w": "可以", "sp": "Agent"}, {"p": 449, "c": 0.9, "s": 165358, "e": 165526, "w": "把", "sp": "Agent"}, {"p": 450, "c": 0.9, "s": 165526, "e": 165694, "w": "他", "sp": "Agent"}, {"p": 451, "c": 0.9, "s": 165694, "e": 166029, "w": "公司", "sp": "Agent"}, {"p": 452, "c": 0.9, "s": 166029, "e": 166365, "w": "名称", "sp": "Agent"}, {"p": 453, "c": 0.9, "s": 166365, "e": 166533, "w": "您", "sp": "Agent"}, {"p": 454, "c": 0.9, "s": 166533, "e": 167036, "w": "到时候", "sp": "Agent"}, {"p": 455, "c": 0.9, "s": 167036, "e": 167371, "w": "核实", "sp": "Agent"}, {"p": 456, "c": 0.9, "s": 167371, "e": 167707, "w": "一下", "sp": "Agent"}, {"p": 457, "c": 0.9, "s": 167707, "e": 168042, "w": "然后", "sp": "Agent"}, {"p": 458, "c": 0.9, "s": 168042, "e": 168210, "w": "来", "sp": "Agent"}, {"p": 459, "c": 0.9, "s": 168210, "e": 168378, "w": "就", "sp": "Agent"}, {"p": 460, "c": 0.9, "s": 168378, "e": 168546, "w": "向", "sp": "Agent"}, {"p": 461, "c": 0.9, "s": 168546, "e": 168881, "w": "我们", "sp": "Agent"}, {"p": 462, "c": 0.9, "s": 168881, "e": 169217, "w": "这边", "sp": "Agent"}, {"p": 463, "c": 0.9, "s": 169217, "e": 169552, "w": "询问", "sp": "Agent"}, {"p": 464, "c": 0.9, "s": 169552, "e": 169888, "w": "一下", "sp": "Agent"}, {"p": 465, "c": 0.9, "s": 169888, "e": 170223, "w": "我们", "sp": "Agent"}, {"p": 466, "c": 0.9, "s": 170223, "e": 170559, "w": "这边", "sp": "Agent"}, {"p": 467, "c": 0.9, "s": 170559, "e": 170894, "w": "可以", "sp": "Agent"}, {"p": 468, "c": 0.9, "s": 170894, "e": 171230, "w": "告知", "sp": "Agent"}, {"p": 469, "c": 0.9, "s": 171230, "e": 171565, "w": "一下", "sp": "Agent"}, {"p": 470, "c": 0.9, "s": 171565, "e": 171901, "w": "我们", "sp": "Agent"}, {"p": 471, "c": 0.9, "s": 171901, "e": 172236, "w": "这边", "sp": "Agent"}, {"p": 472, "c": 0.9, "s": 172236, "e": 172739, "w": "是不是", "sp": "Agent"}, {"p": 473, "c": 0.9, "s": 172740, "e": 173075, "w": "我们", "sp": "Agent"}, {"p": 474, "c": 0.9, "s": 173075, "e": 173411, "w": "授权", "sp": "Agent"}, {"p": 475, "c": 0.9, "s": 173411, "e": 173579, "w": "的", "sp": "Agent"}, {"p": 476, "c": 0.9, "s": 173579, "e": 173746, "w": "是", "sp": "Agent"}, {"p": 477, "c": 0.9, "s": 173746, "e": 173914, "w": "只", "sp": "Agent"}, {"p": 478, "c": 0.9, "s": 173780, "e": 173958, "w": "那", "sp": "Customer"}, {"p": 479, "c": 0.9, "s": 173914, "e": 174250, "w": "要是", "sp": "Agent"}, {"p": 480, "c": 0.9, "s": 173958, "e": 174137, "w": "我", "sp": "Customer"}, {"p": 481, "c": 0.9, "s": 174137, "e": 174495, "w": "现在", "sp": "Customer"}, {"p": 482, "c": 0.9, "s": 174250, "e": 174417, "w": "是", "sp": "Agent"}, {"p": 483, "c": 0.9, "s": 174417, "e": 174753, "w": "我们", "sp": "Agent"}, {"p": 484, "c": 0.9, "s": 174495, "e": 174672, "w": "给", "sp": "Customer"}, {"p": 485, "c": 0.9, "s": 174673, "e": 174852, "w": "你", "sp": "Customer"}, {"p": 486, "c": 0.9, "s": 174753, "e": 175088, "w": "授权", "sp": "Agent"}, {"p": 487, "c": 0.9, "s": 174852, "e": 175031, "w": "我", "sp": "Customer"}, {"p": 488, "c": 0.9, "s": 175031, "e": 175388, "w": "现在", "sp": "Customer"}, {"p": 489, "c": 0.9, "s": 175088, "e": 175592, "w": "经销商", "sp": "Agent"}, {"p": 490, "c": 0.9, "s": 175388, "e": 175567, "w": "给", "sp": "Customer"}, {"p": 491, "c": 0.9, "s": 175567, "e": 175746, "w": "你", "sp": "Customer"}, {"p": 492, "c": 0.9, "s": 175592, "e": 175760, "w": "就", "sp": "Agent"}, {"p": 493, "c": 0.9, "s": 175746, "e": 175925, "w": "说", "sp": "Customer"}, {"p": 494, "c": 0.9, "s": 175925, "e": 176282, "w": "出来", "sp": "Customer"}, {"p": 495, "c": 0.9, "s": 176100, "e": 176303, "w": "那", "sp": "Agent"}, {"p": 496, "c": 0.9, "s": 176282, "e": 176461, "w": "了", "sp": "Customer"}, {"p": 497, "c": 0.9, "s": 176303, "e": 176506, "w": "您", "sp": "Agent"}, {"p": 498, "c": 0.9, "s": 176461, "e": 176640, "w": "吗", "sp": "Customer"}, {"p": 499, "c": 0.9, "s": 176506, "e": 176709, "w": "说", "sp": "Agent"}, {"p": 500, "c": 0.9, "s": 176710, "e": 176913, "w": "吧", "sp": "Agent"}, {"p": 501, "c": 0.9, "s": 176913, "e": 177116, "w": "我", "sp": "Agent"}, {"p": 502, "c": 0.9, "s": 177116, "e": 177523, "w": "这边", "sp": "Agent"}, {"p": 503, "c": 0.9, "s": 177523, "e": 177726, "w": "帮", "sp": "Agent"}, {"p": 504, "c": 0.9, "s": 177726, "e": 177930, "w": "您", "sp": "Agent"}, {"p": 505, "c": 0.9, "s": 177930, "e": 178133, "w": "看", "sp": "Agent"}, {"p": 506, "c": 0.9, "s": 178133, "e": 178540, "w": "一下", "sp": "Agent"}, {"p": 507, "c": 0.9, "s": 179290, "e": 179575, "w": "对", "sp": "Customer"}, {"p": 508, "c": 0.9, "s": 179576, "e": 179863, "w": "看", "sp": "Customer"}, {"p": 509, "c": 0.9, "s": 179863, "e": 180436, "w": "一下", "sp": "Customer"}, {"p": 510, "c": 0.9, "s": 180436, "e": 180723, "w": "咱", "sp": "Customer"}, {"p": 511, "c": 0.9, "s": 180723, "e": 181010, "w": "就", "sp": "Customer"}, {"p": 512, "c": 0.9, "s": 181010, "e": 181583, "w": "知道", "sp": "Customer"}, {"p": 513, "c": 0.9, "s": 181583, "e": 182155, "w": "多个", "sp": "Customer"}, {"p": 514, "c": 0.9, "s": 181970, "e": 182432, "w": "对", "sp": "Agent"}, {"p": 515, "c": 0.9, "s": 182156, "e": 182730, "w": "新人", "sp": "Customer"}, {"p": 516, "c": 0.9, "s": 182432, "e": 182895, "w": "的", "sp": "Agent"}, {"p": 517, "c": 0.9, "s": 182730, "e": 183015, "w": "对", "sp": "Customer"}, {"p": 518, "c": 0.9, "s": 182895, "e": 183357, "w": "对", "sp": "Agent"}, {"p": 519, "c": 0.9, "s": 183016, "e": 183303, "w": "吧", "sp": "Customer"}, {"p": 520, "c": 0.9, "s": 183303, "e": 183590, "w": "你", "sp": "Customer"}, {"p": 521, "c": 0.9, "s": 183357, "e": 183819, "w": "的", "sp": "Agent"}, {"p": 522, "c": 0.9, "s": 183960, "e": 184204, "w": "对", "sp": "Customer"}, {"p": 523, "c": 0.9, "s": 184204, "e": 184448, "w": "我", "sp": "Customer"}, {"p": 524, "c": 0.9, "s": 184448, "e": 184692, "w": "跟", "sp": "Customer"}, {"p": 525, "c": 0.9, "s": 184692, "e": 184936, "w": "你", "sp": "Customer"}, {"p": 526, "c": 0.9, "s": 184936, "e": 185424, "w": "确认", "sp": "Customer"}, {"p": 527, "c": 0.9, "s": 185424, "e": 185668, "w": "对", "sp": "Customer"}, {"p": 528, "c": 0.9, "s": 185668, "e": 185912, "w": "我", "sp": "Customer"}, {"p": 529, "c": 0.9, "s": 185912, "e": 186156, "w": "也", "sp": "Customer"}, {"p": 530, "c": 0.9, "s": 186156, "e": 186400, "w": "是", "sp": "Customer"}, {"p": 531, "c": 0.9, "s": 187730, "e": 187994, "w": "我", "sp": "Customer"}, {"p": 532, "c": 0.9, "s": 187994, "e": 188523, "w": "看看", "sp": "Customer"}, {"p": 533, "c": 0.9, "s": 188523, "e": 188788, "w": "啊", "sp": "Customer"}, {"p": 534, "c": 0.9, "s": 188788, "e": 189317, "w": "这个", "sp": "Customer"}, {"p": 535, "c": 0.9, "s": 189317, "e": 189846, "w": "单位", "sp": "Customer"}, {"p": 536, "c": 0.9, "s": 189846, "e": 190375, "w": "名字", "sp": "Customer"}, {"p": 537, "c": 0.9, "s": 190375, "e": 190640, "w": "叫", "sp": "Customer"}, {"p": 538, "c": 0.9, "s": 193600, "e": 193970, "w": "定", "sp": "Customer"}, {"p": 539, "c": 0.9, "s": 193970, "e": 194341, "w": "超", "sp": "Customer"}, {"p": 540, "c": 0.9, "s": 194341, "e": 194712, "w": "县", "sp": "Customer"}, {"p": 541, "c": 0.9, "s": 194712, "e": 195454, "w": "中央", "sp": "Customer"}, {"p": 542, "c": 0.9, "s": 195454, "e": 196194, "w": "新城", "sp": "Customer"}, {"p": 543, "c": 0.9, "s": 196195, "e": 196937, "w": "北区", "sp": "Customer"}, {"p": 544, "c": 0.9, "s": 196937, "e": 197679, "w": "地址", "sp": "Customer"}, {"p": 545, "c": 0.9, "s": 197679, "e": 198050, "w": "是", "sp": "Customer"}, {"p": 546, "c": 0.9, "s": 202520, "e": 203154, "w": "公司", "sp": "Customer"}, {"p": 547, "c": 0.9, "s": 203154, "e": 203789, "w": "名字", "sp": "Customer"}, {"p": 548, "c": 0.9, "s": 203789, "e": 204106, "w": "是", "sp": "Customer"}, {"p": 549, "c": 0.9, "s": 204106, "e": 204740, "w": "菏泽", "sp": "Customer"}, {"p": 550, "c": 0.9, "s": 204740, "e": 205058, "w": "市", "sp": "Customer"}, {"p": 551, "c": 0.9, "s": 205058, "e": 205692, "w": "定陶", "sp": "Customer"}, {"p": 552, "c": 0.9, "s": 205692, "e": 206010, "w": "区", "sp": "Customer"}, {"p": 553, "c": 0.9, "s": 212750, "e": 212950, "w": "呃", "sp": "Agent"}, {"p": 554, "c": 0.9, "s": 212950, "e": 213349, "w": "可能", "sp": "Agent"}, {"p": 555, "c": 0.9, "s": 213350, "e": 213550, "w": "想", "sp": "Agent"}, {"p": 556, "c": 0.9, "s": 213550, "e": 213750, "w": "跟", "sp": "Agent"}, {"p": 557, "c": 0.9, "s": 213750, "e": 214150, "w": "你们", "sp": "Agent"}, {"p": 558, "c": 0.9, "s": 214150, "e": 214349, "w": "小", "sp": "Agent"}, {"p": 559, "c": 0.9, "s": 214350, "e": 214750, "w": "程序", "sp": "Agent"}, {"p": 560, "c": 0.9, "s": 214750, "e": 215150, "w": "加盟", "sp": "Agent"}, {"p": 561, "c": 0.9, "s": 215150, "e": 215349, "w": "对", "sp": "Agent"}, {"p": 562, "c": 0.9, "s": 215350, "e": 215550, "w": "吧", "sp": "Agent"}, {"p": 563, "c": 0.9, "s": 218300, "e": 218652, "w": "你", "sp": "Customer"}, {"p": 564, "c": 0.9, "s": 218652, "e": 219004, "w": "说", "sp": "Customer"}, {"p": 565, "c": 0.9, "s": 219005, "e": 219710, "w": "什么", "sp": "Customer"}, {"p": 566, "c": 0.9, "s": 220260, "e": 220614, "w": "好", "sp": "Agent"}, {"p": 567, "c": 0.9, "s": 220615, "e": 220970, "w": "的", "sp": "Agent"}, {"p": 568, "c": 0.9, "s": 220970, "e": 221325, "w": "好", "sp": "Agent"}, {"p": 569, "c": 0.9, "s": 221325, "e": 221680, "w": "的", "sp": "Agent"}, {"p": 570, "c": 0.9, "s": 225060, "e": 225254, "w": "我", "sp": "Customer"}, {"p": 571, "c": 0.9, "s": 225254, "e": 225448, "w": "你", "sp": "Customer"}, {"p": 572, "c": 0.9, "s": 225448, "e": 225642, "w": "这", "sp": "Customer"}, {"p": 573, "c": 0.9, "s": 225642, "e": 226030, "w": "喇叭", "sp": "Customer"}, {"p": 574, "c": 0.9, "s": 226030, "e": 226418, "w": "有点", "sp": "Customer"}, {"p": 575, "c": 0.9, "s": 226418, "e": 226612, "w": "嘶", "sp": "Customer"}, {"p": 576, "c": 0.9, "s": 226612, "e": 226807, "w": "拉", "sp": "Customer"}, {"p": 577, "c": 0.9, "s": 226807, "e": 227001, "w": "嘶", "sp": "Customer"}, {"p": 578, "c": 0.9, "s": 227001, "e": 227389, "w": "那些", "sp": "Customer"}, {"p": 579, "c": 0.9, "s": 227389, "e": 227583, "w": "我", "sp": "Customer"}, {"p": 580, "c": 0.9, "s": 227583, "e": 227777, "w": "听", "sp": "Customer"}, {"p": 581, "c": 0.9, "s": 227777, "e": 227971, "w": "不", "sp": "Customer"}, {"p": 582, "c": 0.9, "s": 227940, "e": 228136, "w": "啊", "sp": "Agent"}, {"p": 583, "c": 0.9, "s": 227971, "e": 228360, "w": "清楚", "sp": "Customer"}, {"p": 584, "c": 0.9, "s": 228136, "e": 228530, "w": "好好", "sp": "Agent"}, {"p": 585, "c": 0.9, "s": 228530, "e": 228726, "w": "不", "sp": "Agent"}, {"p": 586, "c": 0.9, "s": 228726, "e": 229120, "w": "需要", "sp": "Agent"}, {"p": 587, "c": 0.9, "s": 229120, "e": 229316, "w": "不", "sp": "Agent"}, {"p": 588, "c": 0.9, "s": 229316, "e": 229709, "w": "需要", "sp": "Agent"}, {"p": 589, "c": 0.9, "s": 231840, "e": 232920, "w": "喂", "sp": "Customer"}, {"p": 590, "c": 0.9, "s": 234690, "e": 234843, "w": "你", "sp": "Customer"}, {"p": 591, "c": 0.9, "s": 234843, "e": 234996, "w": "能", "sp": "Customer"}, {"p": 592, "c": 0.9, "s": 234996, "e": 235303, "w": "不能", "sp": "Customer"}, {"p": 593, "c": 0.9, "s": 235303, "e": 235456, "w": "给", "sp": "Customer"}, {"p": 594, "c": 0.9, "s": 235456, "e": 235610, "w": "我", "sp": "Customer"}, {"p": 595, "c": 0.9, "s": 235610, "e": 235763, "w": "打", "sp": "Customer"}, {"p": 596, "c": 0.9, "s": 235763, "e": 236070, "w": "过来", "sp": "Customer"}, {"p": 597, "c": 0.9, "s": 236070, "e": 236223, "w": "行", "sp": "Customer"}, {"p": 598, "c": 0.9, "s": 236223, "e": 236376, "w": "吗", "sp": "Customer"}, {"p": 599, "c": 0.9, "s": 236376, "e": 236683, "w": "或者", "sp": "Customer"}, {"p": 600, "c": 0.9, "s": 236683, "e": 236836, "w": "我", "sp": "Customer"}, {"p": 601, "c": 0.9, "s": 236836, "e": 236990, "w": "给", "sp": "Customer"}, {"p": 602, "c": 0.9, "s": 236990, "e": 237143, "w": "你", "sp": "Customer"}, {"p": 603, "c": 0.9, "s": 237143, "e": 237296, "w": "打", "sp": "Customer"}, {"p": 604, "c": 0.9, "s": 237296, "e": 237603, "w": "过去", "sp": "Customer"}, {"p": 605, "c": 0.9, "s": 237430, "e": 237579, "w": "你", "sp": "Agent"}, {"p": 606, "c": 0.9, "s": 237580, "e": 237730, "w": "把", "sp": "Agent"}, {"p": 607, "c": 0.9, "s": 237603, "e": 237756, "w": "也", "sp": "Customer"}, {"p": 608, "c": 0.9, "s": 237730, "e": 238030, "w": "那个", "sp": "Agent"}, {"p": 609, "c": 0.9, "s": 237756, "e": 237910, "w": "行", "sp": "Customer"}, {"p": 610, "c": 0.9, "s": 238030, "e": 238480, "w": "百分之", "sp": "Agent"}, {"p": 611, "c": 0.9, "s": 238480, "e": 238780, "w": "十八", "sp": "Agent"}, {"p": 612, "c": 0.9, "s": 238780, "e": 238930, "w": "弄", "sp": "Agent"}, {"p": 613, "c": 0.9, "s": 238930, "e": 239230, "w": "出来", "sp": "Agent"}, {"p": 614, "c": 0.9, "s": 239700, "e": 239892, "w": "三", "sp": "Agent"}, {"p": 615, "c": 0.9, "s": 239893, "e": 240087, "w": "幺", "sp": "Agent"}, {"p": 616, "c": 0.9, "s": 240087, "e": 240475, "w": "二三", "sp": "Agent"}, {"p": 617, "c": 0.9, "s": 240475, "e": 240862, "w": "零三", "sp": "Agent"}, {"p": 618, "c": 0.9, "s": 240862, "e": 241250, "w": "零三", "sp": "Agent"}, {"p": 619, "c": 0.9, "s": 242680, "e": 242840, "w": "对", "sp": "Customer"}, {"p": 620, "c": 0.9, "s": 242841, "e": 243002, "w": "对", "sp": "Customer"}, {"p": 621, "c": 0.9, "s": 243002, "e": 243163, "w": "对", "sp": "Customer"}, {"p": 622, "c": 0.9, "s": 243163, "e": 243323, "w": "就", "sp": "Customer"}, {"p": 623, "c": 0.9, "s": 243324, "e": 243485, "w": "我", "sp": "Customer"}, {"p": 624, "c": 0.9, "s": 243485, "e": 243647, "w": "本", "sp": "Customer"}, {"p": 625, "c": 0.9, "s": 243647, "e": 243808, "w": "机", "sp": "Customer"}, {"p": 626, "c": 0.9, "s": 243808, "e": 244130, "w": "号码", "sp": "Customer"}, {"p": 627, "c": 0.9, "s": 243950, "e": 244110, "w": "好", "sp": "Agent"}, {"p": 628, "c": 0.9, "s": 244110, "e": 244270, "w": "的", "sp": "Agent"}, {"p": 629, "c": 0.9, "s": 244130, "e": 244291, "w": "你", "sp": "Customer"}, {"p": 630, "c": 0.9, "s": 244270, "e": 244430, "w": "好", "sp": "Agent"}, {"p": 631, "c": 0.9, "s": 244291, "e": 244452, "w": "给", "sp": "Customer"}, {"p": 632, "c": 0.9, "s": 244430, "e": 244590, "w": "的", "sp": "Agent"}, {"p": 633, "c": 0.9, "s": 244452, "e": 244614, "w": "我", "sp": "Customer"}, {"p": 634, "c": 0.9, "s": 244590, "e": 244750, "w": "好", "sp": "Agent"}, {"p": 635, "c": 0.9, "s": 244614, "e": 244775, "w": "打", "sp": "Customer"}, {"p": 636, "c": 0.9, "s": 244750, "e": 244910, "w": "的", "sp": "Agent"}, {"p": 637, "c": 0.9, "s": 244775, "e": 245097, "w": "过来", "sp": "Customer"}, {"p": 638, "c": 0.9, "s": 244910, "e": 245070, "w": "好", "sp": "Agent"}, {"p": 639, "c": 0.9, "s": 245070, "e": 245230, "w": "的", "sp": "Agent"}, {"p": 640, "c": 0.9, "s": 245097, "e": 245258, "w": "行", "sp": "Customer"}, {"p": 641, "c": 0.9, "s": 245230, "e": 245390, "w": "我", "sp": "Agent"}, {"p": 642, "c": 0.9, "s": 245258, "e": 245420, "w": "了", "sp": "Customer"}, {"p": 643, "c": 0.9, "s": 245390, "e": 245710, "w": "知道", "sp": "Agent"}, {"p": 644, "c": 0.9, "s": 245710, "e": 245870, "w": "了", "sp": "Agent"}, {"p": 645, "c": 0.9, "s": 245930, "e": 246372, "w": "嗯", "sp": "Customer"}, {"p": 646, "c": 0.9, "s": 246373, "e": 246816, "w": "嗯", "sp": "Customer"}, {"p": 647, "c": 0.9, "s": 246816, "e": 247260, "w": "嗯", "sp": "Customer"}]}, "plainText": "这边 帮 您 看 一下 请问 是\n你好 我 是 幺 零零 二三 这边 有 一个 用户 他 是 购买 大众 空调 说 之前 有 这边 给 他 推荐 了 一个 经销商\n呃 推荐 介绍 之后 是 什么 我 没有 听 清楚\n那 现在 就是说 是 大金 和 他 推荐 的 当地 的 经销商 购买 的 空调 现在 钱 已经 已经 付款 了 但是 他 担心 经销商 跑 路 问 大金 能否 负责\n新加坡 呃 优惠 手机号 给 我 一下\n幺 三三 四\n就是\n幺\n用户\n零三\n用户 担心 但是 实际 没有 考虑 到 只是 要 询问 一下\n对 他 想 问 一下 他 说 是 大厅 和 他 推荐 的 经销商 是否 有 问题\n嗯 幺 三三\n四 幺 零三\n嗯 你 说\n九三 七五\n幺 三 三四 幺 零 三九 三七\n好 的\n您好 电话 已经 转接 成功 请问 有 什么 可以 帮 到 您\n你好 呃 是 这么\n嗯 你好\n回事 啊 因为\n你好\n我\n你\n在 你们\n说\n那个 你们 的 推荐 下 不是 买 一个 空调 嘛 对 吧 我 把 钱 给 他 了 我 都 不会 有些 我 看 网上 评价 有 的 给 了 钱 人 跑 了 我 都 不会 有 这种 情况\n呃 是 这样 的 就是 您 是 在 我们 授权 经销商 那边 购买 的 设备 对 吧 他 的 公司\n对 是\n名称\n我 当时\n你 知道\n打 你\n吗\n的 客服 电话 你们 给 我 推荐 的 是 这 意思\n那 如果 是 我们 授权 的 招商 您 这边 是 可以 放心 的\n嗯 是 因为 你们 给 我 推荐 的 那 不 就是 你们 售 前 的 吗 售后 对\n嗯\n吧\n就 保险 因为 我 也 不 知道 我们 给 您 推荐 的 是不是 联系 您 对 吗 所以 的话 跟 您 看 一下 这边 一个 他 的 公司 名称\n是\n是 比较\n是\n保险\n是\n的 因为\n是 你们 联 是 你们 推荐 的 推荐 完 之后 然后 他 给 我 联系 了 这 没错\n那 如果 那 如果 是 我们 通过 授权 的话 这个 肯定 没有 问题\n行 没 问题 就 行 了 因为 什么 人 都 有\n嗯\n是 吧 问一问 你 可以 查 呀 我 我 说 你 查 你 能 查 吧\n我 这边 能 看到 帮 您 安排 的 是 哪家 店 但是 的话 我 不 清楚 您 知不知道 是不是 这家\n我 我 给 你 说 这 个人 不行 了 吗 你 估计 能 查\n呃\n到 吗\n这个 我 看不到 我们 这边 都 是 根据 您 的 公司 名称 压缩 的\n因为 我 注册 的 他 应 该是 我 应该 我 昨天 哎 昨天 交 的 钱\n那 如果 您 实在 不 放心 的话 您 可以 把 他 公司 名称 您 到时候 核实 一下 然后 来 就 向 我们 这边 询问 一下 我们 这边 可以 告知 一下 我们 这边 是不是 我们 授权 的 是 只\n那\n要是\n我 现在\n是 我们\n给 你\n授权\n我 现在\n经销商\n给 你\n就\n说 出来\n那\n了\n您\n吗\n说 吧 我 这边 帮 您 看 一下\n对 看 一下 咱 就 知道 多个\n对\n新人\n的\n对\n对\n吧 你\n的\n对 我 跟 你 确认 对 我 也 是 我 看看 啊 这个 单位 名字 叫 定 超 县 中央 新城 北区 地址 是 公司 名字 是 菏泽 市 定陶 区\n呃 可能 想 跟 你们 小 程序 加盟 对 吧\n你 说 什么\n好 的 好 的\n我 你 这 喇叭 有点 嘶 拉 嘶 那些 我 听 不\n啊\n清楚\n好好 不 需要 不 需要\n喂 你 能 不能 给 我 打 过来 行 吗 或者 我 给 你 打 过去\n你 把\n也\n那个\n行\n百分之 十八 弄 出来 三 幺 二三 零三 零三\n对 对 对 就 我 本 机 号码\n好 的\n你\n好\n给\n的\n我\n好\n打\n的\n过来\n好 的\n行\n我\n了\n知道 了\n嗯 嗯 嗯", "plainTextTime": {"verbatims": [{"s": 2710, "e": 4670, "w": "这边 帮 您 看 一下 请问 是", "sp": "Agent"}, {"s": 5320, "e": 13870, "w": "你好 我 是 幺 零零 二三 这边 有 一个 用户 他 是 购买 大众 空调 说 之前 有 这边 给 他 推荐 了 一个 经销商", "sp": "Customer"}, {"s": 18680, "e": 21840, "w": "呃 推荐 介绍 之后 是 什么 我 没有 听 清楚", "sp": "Agent"}, {"s": 22410, "e": 32780, "w": "那 现在 就是说 是 大金 和 他 推荐 的 当地 的 经销商 购买 的 空调 现在 钱 已经 已经 付款 了 但是 他 担心 经销商 跑 路 问 大金 能否 负责", "sp": "Customer"}, {"s": 33440, "e": 35910, "w": "新加坡 呃 优惠 手机号 给 我 一下", "sp": "Agent"}, {"s": 36110, "e": 39472, "w": "幺 三三 四", "sp": "Customer"}, {"s": 39160, "e": 39617, "w": "就是", "sp": "Agent"}, {"s": 39472, "e": 39865, "w": "幺", "sp": "Customer"}, {"s": 39617, "e": 40075, "w": "用户", "sp": "Agent"}, {"s": 39865, "e": 40650, "w": "零三", "sp": "Customer"}, {"s": 40075, "e": 44650, "w": "用户 担心 但是 实际 没有 考虑 到 只是 要 询问 一下", "sp": "Agent"}, {"s": 44940, "e": 49930, "w": "对 他 想 问 一下 他 说 是 大厅 和 他 推荐 的 经销商 是否 有 问题", "sp": "Customer"}, {"s": 51510, "e": 53240, "w": "嗯 幺 三三", "sp": "Agent"}, {"s": 53570, "e": 55160, "w": "四 幺 零三", "sp": "Customer"}, {"s": 56340, "e": 57270, "w": "嗯 你 说", "sp": "Agent"}, {"s": 57540, "e": 59110, "w": "九三 七五", "sp": "Customer"}, {"s": 62300, "e": 64590, "w": "幺 三 三四 幺 零 三九 三七", "sp": "Agent"}, {"s": 65940, "e": 66860, "w": "好 的", "sp": "Customer"}, {"s": 68860, "e": 72250, "w": "您好 电话 已经 转接 成功 请问 有 什么 可以 帮 到 您", "sp": "Agent"}, {"s": 72820, "e": 74793, "w": "你好 呃 是 这么", "sp": "Customer"}, {"s": 74200, "e": 75369, "w": "嗯 你好", "sp": "Agent"}, {"s": 74793, "e": 76685, "w": "回事 啊 因为", "sp": "Customer"}, {"s": 76350, "e": 76955, "w": "你好", "sp": "Agent"}, {"s": 76685, "e": 76957, "w": "我", "sp": "Customer"}, {"s": 76955, "e": 77257, "w": "你", "sp": "Agent"}, {"s": 76957, "e": 77775, "w": "在 你们", "sp": "Customer"}, {"s": 77257, "e": 77560, "w": "说", "sp": "Agent"}, {"s": 77775, "e": 90750, "w": "那个 你们 的 推荐 下 不是 买 一个 空调 嘛 对 吧 我 把 钱 给 他 了 我 都 不会 有些 我 看 网上 评价 有 的 给 了 钱 人 跑 了 我 都 不会 有 这种 情况", "sp": "Customer"}, {"s": 90960, "e": 97259, "w": "呃 是 这样 的 就是 您 是 在 我们 授权 经销商 那边 购买 的 设备 对 吧 他 的 公司", "sp": "Agent"}, {"s": 96970, "e": 97387, "w": "对 是", "sp": "Customer"}, {"s": 97260, "e": 97680, "w": "名称", "sp": "Agent"}, {"s": 97387, "e": 98013, "w": "我 当时", "sp": "Customer"}, {"s": 97680, "e": 98310, "w": "你 知道", "sp": "Agent"}, {"s": 98013, "e": 98430, "w": "打 你", "sp": "Customer"}, {"s": 98310, "e": 98520, "w": "吗", "sp": "Agent"}, {"s": 98430, "e": 101770, "w": "的 客服 电话 你们 给 我 推荐 的 是 这 意思", "sp": "Customer"}, {"s": 102430, "e": 105609, "w": "那 如果 是 我们 授权 的 招商 您 这边 是 可以 放心 的", "sp": "Agent"}, {"s": 106360, "e": 110891, "w": "嗯 是 因为 你们 给 我 推荐 的 那 不 就是 你们 售 前 的 吗 售后 对", "sp": "Customer"}, {"s": 110810, "e": 110965, "w": "嗯", "sp": "Agent"}, {"s": 110891, "e": 111080, "w": "吧", "sp": "Customer"}, {"s": 110965, "e": 117797, "w": "就 保险 因为 我 也 不 知道 我们 给 您 推荐 的 是不是 联系 您 对 吗 所以 的话 跟 您 看 一下 这边 一个 他 的 公司 名称", "sp": "Agent"}, {"s": 117580, "e": 118040, "w": "是", "sp": "Customer"}, {"s": 117797, "e": 118263, "w": "是 比较", "sp": "Agent"}, {"s": 118040, "e": 118500, "w": "是", "sp": "Customer"}, {"s": 118263, "e": 118574, "w": "保险", "sp": "Agent"}, {"s": 118500, "e": 118960, "w": "是", "sp": "Customer"}, {"s": 118574, "e": 119039, "w": "的 因为", "sp": "Agent"}, {"s": 119470, "e": 124729, "w": "是 你们 联 是 你们 推荐 的 推荐 完 之后 然后 他 给 我 联系 了 这 没错", "sp": "Customer"}, {"s": 124830, "e": 128739, "w": "那 如果 那 如果 是 我们 通过 授权 的话 这个 肯定 没有 问题", "sp": "Agent"}, {"s": 130460, "e": 133739, "w": "行 没 问题 就 行 了 因为 什么 人 都 有", "sp": "Customer"}, {"s": 133520, "e": 134450, "w": "嗯", "sp": "Agent"}, {"s": 133739, "e": 138190, "w": "是 吧 问一问 你 可以 查 呀 我 我 说 你 查 你 能 查 吧", "sp": "Customer"}, {"s": 138190, "e": 143890, "w": "我 这边 能 看到 帮 您 安排 的 是 哪家 店 但是 的话 我 不 清楚 您 知不知道 是不是 这家", "sp": "Agent"}, {"s": 145140, "e": 147851, "w": "我 我 给 你 说 这 个人 不行 了 吗 你 估计 能 查", "sp": "Customer"}, {"s": 147810, "e": 148038, "w": "呃", "sp": "Agent"}, {"s": 147851, "e": 148170, "w": "到 吗", "sp": "Customer"}, {"s": 148038, "e": 154900, "w": "这个 我 看不到 我们 这边 都 是 根据 您 的 公司 名称 压缩 的", "sp": "Agent"}, {"s": 155860, "e": 161420, "w": "因为 我 注册 的 他 应 该是 我 应该 我 昨天 哎 昨天 交 的 钱", "sp": "Customer"}, {"s": 163010, "e": 173914, "w": "那 如果 您 实在 不 放心 的话 您 可以 把 他 公司 名称 您 到时候 核实 一下 然后 来 就 向 我们 这边 询问 一下 我们 这边 可以 告知 一下 我们 这边 是不是 我们 授权 的 是 只", "sp": "Agent"}, {"s": 173780, "e": 173958, "w": "那", "sp": "Customer"}, {"s": 173914, "e": 174250, "w": "要是", "sp": "Agent"}, {"s": 173958, "e": 174495, "w": "我 现在", "sp": "Customer"}, {"s": 174250, "e": 174753, "w": "是 我们", "sp": "Agent"}, {"s": 174495, "e": 174852, "w": "给 你", "sp": "Customer"}, {"s": 174753, "e": 175088, "w": "授权", "sp": "Agent"}, {"s": 174852, "e": 175388, "w": "我 现在", "sp": "Customer"}, {"s": 175088, "e": 175592, "w": "经销商", "sp": "Agent"}, {"s": 175388, "e": 175746, "w": "给 你", "sp": "Customer"}, {"s": 175592, "e": 175760, "w": "就", "sp": "Agent"}, {"s": 175746, "e": 176282, "w": "说 出来", "sp": "Customer"}, {"s": 176100, "e": 176303, "w": "那", "sp": "Agent"}, {"s": 176282, "e": 176461, "w": "了", "sp": "Customer"}, {"s": 176303, "e": 176506, "w": "您", "sp": "Agent"}, {"s": 176461, "e": 176640, "w": "吗", "sp": "Customer"}, {"s": 176506, "e": 178540, "w": "说 吧 我 这边 帮 您 看 一下", "sp": "Agent"}, {"s": 179290, "e": 182155, "w": "对 看 一下 咱 就 知道 多个", "sp": "Customer"}, {"s": 181970, "e": 182432, "w": "对", "sp": "Agent"}, {"s": 182156, "e": 182730, "w": "新人", "sp": "Customer"}, {"s": 182432, "e": 182895, "w": "的", "sp": "Agent"}, {"s": 182730, "e": 183015, "w": "对", "sp": "Customer"}, {"s": 182895, "e": 183357, "w": "对", "sp": "Agent"}, {"s": 183016, "e": 183590, "w": "吧 你", "sp": "Customer"}, {"s": 183357, "e": 183819, "w": "的", "sp": "Agent"}, {"s": 183960, "e": 206010, "w": "对 我 跟 你 确认 对 我 也 是 我 看看 啊 这个 单位 名字 叫 定 超 县 中央 新城 北区 地址 是 公司 名字 是 菏泽 市 定陶 区", "sp": "Customer"}, {"s": 212750, "e": 215550, "w": "呃 可能 想 跟 你们 小 程序 加盟 对 吧", "sp": "Agent"}, {"s": 218300, "e": 219710, "w": "你 说 什么", "sp": "Customer"}, {"s": 220260, "e": 221680, "w": "好 的 好 的", "sp": "Agent"}, {"s": 225060, "e": 227971, "w": "我 你 这 喇叭 有点 嘶 拉 嘶 那些 我 听 不", "sp": "Customer"}, {"s": 227940, "e": 228136, "w": "啊", "sp": "Agent"}, {"s": 227971, "e": 228360, "w": "清楚", "sp": "Customer"}, {"s": 228136, "e": 229709, "w": "好好 不 需要 不 需要", "sp": "Agent"}, {"s": 231840, "e": 237603, "w": "喂 你 能 不能 给 我 打 过来 行 吗 或者 我 给 你 打 过去", "sp": "Customer"}, {"s": 237430, "e": 237730, "w": "你 把", "sp": "Agent"}, {"s": 237603, "e": 237756, "w": "也", "sp": "Customer"}, {"s": 237730, "e": 238030, "w": "那个", "sp": "Agent"}, {"s": 237756, "e": 237910, "w": "行", "sp": "Customer"}, {"s": 238030, "e": 241250, "w": "百分之 十八 弄 出来 三 幺 二三 零三 零三", "sp": "Agent"}, {"s": 242680, "e": 244130, "w": "对 对 对 就 我 本 机 号码", "sp": "Customer"}, {"s": 243950, "e": 244270, "w": "好 的", "sp": "Agent"}, {"s": 244130, "e": 244291, "w": "你", "sp": "Customer"}, {"s": 244270, "e": 244430, "w": "好", "sp": "Agent"}, {"s": 244291, "e": 244452, "w": "给", "sp": "Customer"}, {"s": 244430, "e": 244590, "w": "的", "sp": "Agent"}, {"s": 244452, "e": 244614, "w": "我", "sp": "Customer"}, {"s": 244590, "e": 244750, "w": "好", "sp": "Agent"}, {"s": 244614, "e": 244775, "w": "打", "sp": "Customer"}, {"s": 244750, "e": 244910, "w": "的", "sp": "Agent"}, {"s": 244775, "e": 245097, "w": "过来", "sp": "Customer"}, {"s": 244910, "e": 245230, "w": "好 的", "sp": "Agent"}, {"s": 245097, "e": 245258, "w": "行", "sp": "Customer"}, {"s": 245230, "e": 245390, "w": "我", "sp": "Agent"}, {"s": 245258, "e": 245420, "w": "了", "sp": "Customer"}, {"s": 245390, "e": 245870, "w": "知道 了", "sp": "Agent"}, {"s": 245930, "e": 247260, "w": "嗯 嗯 嗯", "sp": "Customer"}]}, "aqm": {"greeting": {"greeting_said": "请问", "n_greeting_said": 1, "score": 0}, "closing": {"closing_said": "", "n_closing_said": 0, "score": 0}, "speed": {"speed_max": 6.44, "n_words": 44, "words": "就 保险 因为 我 也 不 知道 我们 给 您 推荐 的 是不是 联系 您 对 吗 所以 的话 跟 您 看 一下 这边 一个 他 的 公司 名称", "start": 110965, "end": 117797}}}