{"mediaId": "2022031314122636308747435178303001", "status": "Success", "dateCreated": "2022-03-21T18:45:50Z", "contentType": "audio/x-wav", "channels": "future use", "length": 21, "metadata": {"Sid": 10019, "Site_id": 783, "Audio_ch_num": 87474351, "Audio_module_num": 783001, "Audio_start_time_gmt": "2022-03-13T06:12:26.363+08:00", "Transaction_id": "2022031314122636308747435178303001", "ContactID": "9144800634630000301", "Personal_id": "0", "Direction": 2, "Local_audio_start_time": "2022-03-13T14:12:26.363+08:00", "Local_audio_end_time": "2022-03-13T14:12:47.363+08:00", "Total_hold_time": "0", "Pbx_login_id": "800051", "Ani": "600060", "Extension": "600060", "String_extension": "600060", "Switch_call_id": "006f0330e46d4f87", "Switch_id": "783000001", "Duration_seconds": 21, "Wrapup_time_in_seconds": "0", "Dnis": "18038928848", "Number_of_conferences": "0", "Number_of_holds": "0", "Number_of_transfers": "0", "Percent_of_agent_call": "0", "Percent_of_other_call": "2", "Percent_of_mutual_silence": "15", "Num_of_agent_cross": "0", "Num_of_other_cross": "1", "IsException": 0, "CD2": "013GVT56OG919AP72LUHVB5AES000CCF"}, "transcript_detailed": {"words": [{"p": 1, "c": 0.9, "s": 0, "e": 383, "w": "拨打", "sp": "Customer"}, {"p": 2, "c": 0.9, "s": 383, "e": 575, "w": "的", "sp": "Customer"}, {"p": 3, "c": 0.9, "s": 575, "e": 957, "w": "电话", "sp": "Customer"}, {"p": 4, "c": 0.9, "s": 958, "e": 1150, "w": "已", "sp": "Customer"}, {"p": 5, "c": 0.9, "s": 1150, "e": 1533, "w": "启用", "sp": "Customer"}, {"p": 6, "c": 0.9, "s": 1533, "e": 1725, "w": "天", "sp": "Customer"}, {"p": 7, "c": 0.9, "s": 1725, "e": 1917, "w": "翼", "sp": "Customer"}, {"p": 8, "c": 0.9, "s": 1917, "e": 2300, "w": "通讯", "sp": "Customer"}, {"p": 9, "c": 0.9, "s": 2300, "e": 2684, "w": "助理", "sp": "Customer"}, {"p": 10, "c": 0.9, "s": 2684, "e": 3067, "w": "我们", "sp": "Customer"}, {"p": 11, "c": 0.9, "s": 2830, "e": 3989, "w": "啊", "sp": "Agent"}, {"p": 12, "c": 0.9, "s": 3067, "e": 3258, "w": "将", "sp": "Customer"}, {"p": 13, "c": 0.9, "s": 3259, "e": 3642, "w": "尽快", "sp": "Customer"}, {"p": 14, "c": 0.9, "s": 3642, "e": 4026, "w": "通知", "sp": "Customer"}, {"p": 15, "c": 0.9, "s": 4026, "e": 4409, "w": "机主", "sp": "Customer"}, {"p": 16, "c": 0.9, "s": 4409, "e": 4983, "w": "感谢您", "sp": "Customer"}, {"p": 17, "c": 0.9, "s": 4984, "e": 5176, "w": "的", "sp": "Customer"}, {"p": 18, "c": 0.9, "s": 5176, "e": 5560, "w": "来电", "sp": "Customer"}]}, "plainText": "拨打 的 电话 已 启用 天 翼 通讯 助理 我们\n啊\n将 尽快 通知 机主 感谢您 的 来电", "plainTextTime": {"verbatims": [{"s": 0, "e": 3067, "w": "拨打 的 电话 已 启用 天 翼 通讯 助理 我们", "sp": "Customer"}, {"s": 2830, "e": 3989, "w": "啊", "sp": "Agent"}, {"s": 3067, "e": 5560, "w": "将 尽快 通知 机主 感谢您 的 来电", "sp": "Customer"}]}, "aqm": {"greeting": {"greeting_said": "", "n_greeting_said": 0, "score": 0}, "closing": {"closing_said": "", "n_closing_said": 0, "score": 0}, "speed": {"speed_max": 0, "n_words": 0, "words": "", "start": 0, "end": 0}}}