{"mediaId": "2022031316204770508747452278303001", "status": "Success", "dateCreated": "2022-03-21T18:45:50Z", "contentType": "audio/x-wav", "channels": "future use", "length": 28, "metadata": {"Sid": 10117, "Site_id": 783, "Audio_ch_num": 87474522, "Audio_module_num": 783002, "Audio_start_time_gmt": "2022-03-13T08:20:47.707+08:00", "Transaction_id": "2022031316204770508747452278303001", "ContactID": "9144801404770000301", "Personal_id": "0", "Direction": 2, "Local_audio_start_time": "2022-03-13T16:20:47.707+08:00", "Local_audio_end_time": "2022-03-13T16:21:15.707+08:00", "Total_hold_time": "0", "Pbx_login_id": "800057", "Ani": "600066", "Extension": "600066", "String_extension": "600066", "Switch_call_id": "006f0330e46d505e", "Switch_id": "783000001", "Duration_seconds": 28, "Wrapup_time_in_seconds": "0", "Dnis": "15541082222", "Number_of_conferences": "0", "Number_of_holds": "0", "Number_of_transfers": "0", "Percent_of_agent_call": "0", "Percent_of_other_call": "4", "Percent_of_mutual_silence": "24", "Num_of_agent_cross": "0", "Num_of_other_cross": "0", "IsException": 0, "CD2": "013GVT56OG919AP72LUHVB5AES000CJ8"}, "transcript_detailed": {"words": [{"p": 1, "c": 0.9, "s": 510, "e": 1620, "w": "可以", "sp": "Customer"}, {"p": 2, "c": 0.9, "s": 5730, "e": 6890, "w": "对", "sp": "Customer"}, {"p": 3, "c": 0.9, "s": 15140, "e": 16240, "w": "对", "sp": "Customer"}]}, "plainText": "可以 对 对", "plainTextTime": {"verbatims": [{"s": 510, "e": 16240, "w": "可以 对 对", "sp": "Customer"}]}, "aqm": {"greeting": {"greeting_said": "", "n_greeting_said": 0, "score": 0}, "closing": {"closing_said": "", "n_closing_said": 0, "score": 0}, "speed": {"speed_max": 0, "n_words": 0, "words": "", "start": 0, "end": 0}}}