{"mediaId": "2022031317335905908747465578303001", "status": "Success", "dateCreated": "2022-03-21T18:45:50Z", "contentType": "audio/x-wav", "channels": "future use", "length": 38, "metadata": {"Sid": 10179, "Site_id": 783, "Audio_ch_num": 87474655, "Audio_module_num": 783002, "Audio_start_time_gmt": "2022-03-13T09:33:59.06+08:00", "Transaction_id": "2022031317335905908747465578303001", "ContactID": "9144801843900000301", "Personal_id": "0", "Direction": 2, "Local_audio_start_time": "2022-03-13T17:33:59.06+08:00", "Local_audio_end_time": "2022-03-13T17:34:37.06+08:00", "Total_hold_time": "0", "Pbx_login_id": "800042", "Ani": "600051", "Extension": "600051", "String_extension": "600051", "Switch_call_id": "006f0330e46d50f1", "Switch_id": "783000001", "Duration_seconds": 38, "Wrapup_time_in_seconds": "0", "Dnis": "13956948246", "Number_of_conferences": "0", "Number_of_holds": "0", "Number_of_transfers": "0", "Percent_of_agent_call": "19", "Percent_of_other_call": "2", "Percent_of_mutual_silence": "16", "Num_of_agent_cross": "1", "Num_of_other_cross": "3", "IsException": 0, "CD2": "013GVT56OG919AP72LUHVB5AES000CO3"}, "transcript_detailed": {"words": [{"p": 1, "c": 0.9, "s": 1550, "e": 1971, "w": "你好", "sp": "Agent"}, {"p": 2, "c": 0.9, "s": 1971, "e": 2392, "w": "你好", "sp": "Agent"}, {"p": 3, "c": 0.9, "s": 2392, "e": 2603, "w": "这", "sp": "Agent"}, {"p": 4, "c": 0.9, "s": 2603, "e": 3024, "w": "这边", "sp": "Agent"}, {"p": 5, "c": 0.9, "s": 2710, "e": 3750, "w": "嗯", "sp": "Customer"}, {"p": 6, "c": 0.9, "s": 3024, "e": 3234, "w": "是", "sp": "Agent"}, {"p": 7, "c": 0.9, "s": 3234, "e": 3656, "w": "大金", "sp": "Agent"}, {"p": 8, "c": 0.9, "s": 3656, "e": 4076, "w": "空调", "sp": "Agent"}, {"p": 9, "c": 0.9, "s": 4077, "e": 4498, "w": "厂商", "sp": "Agent"}, {"p": 10, "c": 0.9, "s": 4498, "e": 4919, "w": "客服", "sp": "Agent"}, {"p": 11, "c": 0.9, "s": 4919, "e": 5340, "w": "中心", "sp": "Agent"}, {"p": 12, "c": 0.9, "s": 5340, "e": 5551, "w": "的", "sp": "Agent"}, {"p": 13, "c": 0.9, "s": 5551, "e": 6393, "w": "不好意思", "sp": "Agent"}, {"p": 14, "c": 0.9, "s": 6393, "e": 6815, "w": "打扰", "sp": "Agent"}, {"p": 15, "c": 0.9, "s": 6815, "e": 7025, "w": "您", "sp": "Agent"}, {"p": 16, "c": 0.9, "s": 7025, "e": 7236, "w": "了", "sp": "Agent"}, {"p": 17, "c": 0.9, "s": 7236, "e": 7446, "w": "是", "sp": "Agent"}, {"p": 18, "c": 0.9, "s": 7446, "e": 7657, "w": "看", "sp": "Agent"}, {"p": 19, "c": 0.9, "s": 7657, "e": 7868, "w": "您", "sp": "Agent"}, {"p": 20, "c": 0.9, "s": 7868, "e": 8078, "w": "在", "sp": "Agent"}, {"p": 21, "c": 0.9, "s": 8078, "e": 8499, "w": "本人", "sp": "Agent"}, {"p": 22, "c": 0.9, "s": 8499, "e": 8710, "w": "啊", "sp": "Agent"}, {"p": 23, "c": 0.9, "s": 8710, "e": 8921, "w": "有", "sp": "Agent"}, {"p": 24, "c": 0.9, "s": 8921, "e": 9341, "w": "留下", "sp": "Agent"}, {"p": 25, "c": 0.9, "s": 9342, "e": 9763, "w": "信息", "sp": "Agent"}, {"p": 26, "c": 0.9, "s": 9763, "e": 9974, "w": "您", "sp": "Agent"}, {"p": 27, "c": 0.9, "s": 9974, "e": 10184, "w": "是", "sp": "Agent"}, {"p": 28, "c": 0.9, "s": 10184, "e": 10395, "w": "想", "sp": "Agent"}, {"p": 29, "c": 0.9, "s": 10395, "e": 10816, "w": "了解", "sp": "Agent"}, {"p": 30, "c": 0.9, "s": 10816, "e": 11237, "w": "家装", "sp": "Agent"}, {"p": 31, "c": 0.9, "s": 11237, "e": 11658, "w": "空调", "sp": "Agent"}, {"p": 32, "c": 0.9, "s": 11658, "e": 11869, "w": "是", "sp": "Agent"}, {"p": 33, "c": 0.9, "s": 11869, "e": 12080, "w": "吗", "sp": "Agent"}, {"p": 34, "c": 0.9, "s": 12220, "e": 13030, "w": "啊", "sp": "Customer"}, {"p": 35, "c": 0.9, "s": 12580, "e": 12796, "w": "啊", "sp": "Agent"}, {"p": 36, "c": 0.9, "s": 12796, "e": 13011, "w": "对", "sp": "Agent"}, {"p": 37, "c": 0.9, "s": 13012, "e": 13229, "w": "嗯", "sp": "Agent"}, {"p": 38, "c": 0.9, "s": 13030, "e": 13840, "w": "对", "sp": "Customer"}, {"p": 39, "c": 0.9, "s": 13229, "e": 13445, "w": "好", "sp": "Agent"}, {"p": 40, "c": 0.9, "s": 13445, "e": 13662, "w": "的", "sp": "Agent"}, {"p": 41, "c": 0.9, "s": 13662, "e": 13877, "w": "那", "sp": "Agent"}, {"p": 42, "c": 0.9, "s": 13878, "e": 14095, "w": "我", "sp": "Agent"}, {"p": 43, "c": 0.9, "s": 14095, "e": 14528, "w": "这边", "sp": "Agent"}, {"p": 44, "c": 0.9, "s": 14528, "e": 14960, "w": "简单", "sp": "Agent"}, {"p": 45, "c": 0.9, "s": 14961, "e": 15394, "w": "了解", "sp": "Agent"}, {"p": 46, "c": 0.9, "s": 15394, "e": 15610, "w": "您", "sp": "Agent"}, {"p": 47, "c": 0.9, "s": 15610, "e": 16042, "w": "户籍", "sp": "Agent"}, {"p": 48, "c": 0.9, "s": 16042, "e": 16476, "w": "情况", "sp": "Agent"}, {"p": 49, "c": 0.9, "s": 16476, "e": 16909, "w": "后期", "sp": "Agent"}, {"p": 50, "c": 0.9, "s": 16909, "e": 17126, "w": "啊", "sp": "Agent"}, {"p": 51, "c": 0.9, "s": 17126, "e": 17342, "w": "给", "sp": "Agent"}, {"p": 52, "c": 0.9, "s": 17342, "e": 17558, "w": "您", "sp": "Agent"}, {"p": 53, "c": 0.9, "s": 17559, "e": 17992, "w": "安排", "sp": "Agent"}, {"p": 54, "c": 0.9, "s": 17992, "e": 18425, "w": "当地", "sp": "Agent"}, {"p": 55, "c": 0.9, "s": 18425, "e": 18856, "w": "人员", "sp": "Agent"}, {"p": 56, "c": 0.9, "s": 18857, "e": 19290, "w": "制定", "sp": "Agent"}, {"p": 57, "c": 0.9, "s": 19290, "e": 19723, "w": "一方", "sp": "Agent"}, {"p": 58, "c": 0.9, "s": 19723, "e": 19939, "w": "和", "sp": "Agent"}, {"p": 59, "c": 0.9, "s": 19940, "e": 20373, "w": "报价", "sp": "Agent"}, {"p": 60, "c": 0.9, "s": 20373, "e": 20588, "w": "哈", "sp": "Agent"}, {"p": 61, "c": 0.9, "s": 20589, "e": 20806, "w": "您", "sp": "Agent"}, {"p": 62, "c": 0.9, "s": 20806, "e": 21022, "w": "的", "sp": "Agent"}, {"p": 63, "c": 0.9, "s": 21022, "e": 21455, "w": "房子", "sp": "Agent"}, {"p": 64, "c": 0.9, "s": 21455, "e": 21671, "w": "在", "sp": "Agent"}, {"p": 65, "c": 0.9, "s": 21672, "e": 22321, "w": "安徽省", "sp": "Agent"}, {"p": 66, "c": 0.9, "s": 22321, "e": 22970, "w": "合肥市", "sp": "Agent"}, {"p": 67, "c": 0.9, "s": 22971, "e": 23187, "w": "的", "sp": "Agent"}, {"p": 68, "c": 0.9, "s": 23187, "e": 23620, "w": "哪个", "sp": "Agent"}, {"p": 69, "c": 0.9, "s": 23620, "e": 24053, "w": "区县", "sp": "Agent"}, {"p": 70, "c": 0.9, "s": 24053, "e": 24269, "w": "呢", "sp": "Agent"}]}, "plainText": "你好 你好 这 这边\n嗯\n是 大金 空调 厂商 客服 中心 的 不好意思 打扰 您 了 是 看 您 在 本人 啊 有 留下 信息 您 是 想 了解 家装 空调 是 吗\n啊\n啊 对 嗯\n对\n好 的 那 我 这边 简单 了解 您 户籍 情况 后期 啊 给 您 安排 当地 人员 制定 一方 和 报价 哈 您 的 房子 在 安徽省 合肥市 的 哪个 区县 呢", "plainTextTime": {"verbatims": [{"s": 1550, "e": 3024, "w": "你好 你好 这 这边", "sp": "Agent"}, {"s": 2710, "e": 3750, "w": "嗯", "sp": "Customer"}, {"s": 3024, "e": 12080, "w": "是 大金 空调 厂商 客服 中心 的 不好意思 打扰 您 了 是 看 您 在 本人 啊 有 留下 信息 您 是 想 了解 家装 空调 是 吗", "sp": "Agent"}, {"s": 12220, "e": 13030, "w": "啊", "sp": "Customer"}, {"s": 12580, "e": 13229, "w": "啊 对 嗯", "sp": "Agent"}, {"s": 13030, "e": 13840, "w": "对", "sp": "Customer"}, {"s": 13229, "e": 24269, "w": "好 的 那 我 这边 简单 了解 您 户籍 情况 后期 啊 给 您 安排 当地 人员 制定 一方 和 报价 哈 您 的 房子 在 安徽省 合肥市 的 哪个 区县 呢", "sp": "Agent"}]}, "aqm": {"greeting": {"greeting_said": "大金, 空调, 客服", "n_greeting_said": 3, "score": 1}, "closing": {"closing_said": "您", "n_closing_said": 1, "score": 0}, "speed": {"speed_max": 4.75, "n_words": 7, "words": "你好 你好 这 这边", "start": 1550, "end": 3024}}}