{"mediaId": "2022031314305004908747439278303001", "status": "Success", "dateCreated": "2022-03-21T18:45:50Z", "contentType": "audio/x-wav", "channels": "future use", "length": 211, "metadata": {"Sid": 10039, "Site_id": 783, "Audio_ch_num": 87474392, "Audio_module_num": 783002, "Audio_start_time_gmt": "2022-03-13T06:30:50.05+08:00", "Transaction_id": "2022031314305004908747439278303001", "ContactID": "9144800745000000301", "Personal_id": "0", "Direction": 2, "Local_audio_start_time": "2022-03-13T14:30:50.05+08:00", "Local_audio_end_time": "2022-03-13T14:34:21.05+08:00", "Total_hold_time": "0", "Pbx_login_id": "800052", "Ani": "600061", "Extension": "600061", "String_extension": "600061", "Switch_call_id": "006f0330e46d4fb9", "Switch_id": "783000001", "Duration_seconds": 211, "Wrapup_time_in_seconds": "0", "Dnis": "13866676628", "Number_of_conferences": "0", "Number_of_holds": "0", "Number_of_transfers": "0", "Percent_of_agent_call": "124", "Percent_of_other_call": "42", "Percent_of_mutual_silence": "31", "Num_of_agent_cross": "13", "Num_of_other_cross": "9", "IsException": 0, "CD2": "013GVT56OG919AP72LUHVB5AES000CE3"}, "transcript_detailed": {"words": [{"p": 1, "c": 0.9, "s": 820, "e": 1198, "w": "您好", "sp": "Agent"}, {"p": 2, "c": 0.9, "s": 1198, "e": 1388, "w": "张", "sp": "Agent"}, {"p": 3, "c": 0.9, "s": 1388, "e": 1767, "w": "先生", "sp": "Agent"}, {"p": 4, "c": 0.9, "s": 1767, "e": 2146, "w": "这边", "sp": "Agent"}, {"p": 5, "c": 0.9, "s": 2146, "e": 2334, "w": "是", "sp": "Agent"}, {"p": 6, "c": 0.9, "s": 2335, "e": 2714, "w": "大金", "sp": "Agent"}, {"p": 7, "c": 0.9, "s": 2714, "e": 3093, "w": "空调", "sp": "Agent"}, {"p": 8, "c": 0.9, "s": 3093, "e": 3472, "w": "厂房", "sp": "Agent"}, {"p": 9, "c": 0.9, "s": 3472, "e": 3850, "w": "客服", "sp": "Agent"}, {"p": 10, "c": 0.9, "s": 3850, "e": 4229, "w": "中心", "sp": "Agent"}, {"p": 11, "c": 0.9, "s": 4229, "e": 4419, "w": "的", "sp": "Agent"}, {"p": 12, "c": 0.9, "s": 4419, "e": 4798, "w": "之前", "sp": "Agent"}, {"p": 13, "c": 0.9, "s": 4798, "e": 4987, "w": "有", "sp": "Agent"}, {"p": 14, "c": 0.9, "s": 4987, "e": 5176, "w": "跟", "sp": "Agent"}, {"p": 15, "c": 0.9, "s": 5176, "e": 5366, "w": "您", "sp": "Agent"}, {"p": 16, "c": 0.9, "s": 5366, "e": 5745, "w": "来电", "sp": "Agent"}, {"p": 17, "c": 0.9, "s": 5745, "e": 5934, "w": "您", "sp": "Agent"}, {"p": 18, "c": 0.9, "s": 5934, "e": 6124, "w": "这", "sp": "Agent"}, {"p": 19, "c": 0.9, "s": 6124, "e": 6502, "w": "这边", "sp": "Agent"}, {"p": 20, "c": 0.9, "s": 6502, "e": 6881, "w": "方便", "sp": "Agent"}, {"p": 21, "c": 0.9, "s": 6881, "e": 7260, "w": "通话", "sp": "Agent"}, {"p": 22, "c": 0.9, "s": 7150, "e": 7630, "w": "对", "sp": "Customer"}, {"p": 23, "c": 0.9, "s": 7260, "e": 7450, "w": "吗", "sp": "Agent"}, {"p": 24, "c": 0.9, "s": 7630, "e": 8109, "w": "你", "sp": "Customer"}, {"p": 25, "c": 0.9, "s": 8109, "e": 8589, "w": "说", "sp": "Customer"}, {"p": 26, "c": 0.9, "s": 8310, "e": 8505, "w": "嗯", "sp": "Agent"}, {"p": 27, "c": 0.9, "s": 8505, "e": 8700, "w": "那", "sp": "Agent"}, {"p": 28, "c": 0.9, "s": 8700, "e": 9090, "w": "这边", "sp": "Agent"}, {"p": 29, "c": 0.9, "s": 9090, "e": 9285, "w": "也", "sp": "Agent"}, {"p": 30, "c": 0.9, "s": 9285, "e": 9481, "w": "是", "sp": "Agent"}, {"p": 31, "c": 0.9, "s": 9481, "e": 9676, "w": "跟", "sp": "Agent"}, {"p": 32, "c": 0.9, "s": 9676, "e": 9870, "w": "您", "sp": "Agent"}, {"p": 33, "c": 0.9, "s": 9871, "e": 10261, "w": "确认", "sp": "Agent"}, {"p": 34, "c": 0.9, "s": 10261, "e": 10651, "w": "一下", "sp": "Agent"}, {"p": 35, "c": 0.9, "s": 10652, "e": 10847, "w": "您", "sp": "Agent"}, {"p": 36, "c": 0.9, "s": 10847, "e": 11237, "w": "近期", "sp": "Agent"}, {"p": 37, "c": 0.9, "s": 11237, "e": 11627, "w": "是否", "sp": "Agent"}, {"p": 38, "c": 0.9, "s": 11627, "e": 11823, "w": "想", "sp": "Agent"}, {"p": 39, "c": 0.9, "s": 11823, "e": 12213, "w": "了解", "sp": "Agent"}, {"p": 40, "c": 0.9, "s": 12213, "e": 12603, "w": "咨询", "sp": "Agent"}, {"p": 41, "c": 0.9, "s": 12603, "e": 12993, "w": "中央", "sp": "Agent"}, {"p": 42, "c": 0.9, "s": 12994, "e": 13384, "w": "空调", "sp": "Agent"}, {"p": 43, "c": 0.9, "s": 13384, "e": 13579, "w": "是", "sp": "Agent"}, {"p": 44, "c": 0.9, "s": 13430, "e": 14460, "w": "对", "sp": "Customer"}, {"p": 45, "c": 0.9, "s": 13579, "e": 13774, "w": "的", "sp": "Agent"}, {"p": 46, "c": 0.9, "s": 13774, "e": 13970, "w": "吗", "sp": "Agent"}, {"p": 47, "c": 0.9, "s": 14250, "e": 14426, "w": "嗯", "sp": "Agent"}, {"p": 48, "c": 0.9, "s": 14426, "e": 14778, "w": "因为", "sp": "Agent"}, {"p": 49, "c": 0.9, "s": 14778, "e": 15131, "w": "我们", "sp": "Agent"}, {"p": 50, "c": 0.9, "s": 15131, "e": 15483, "w": "这边", "sp": "Agent"}, {"p": 51, "c": 0.9, "s": 15484, "e": 15836, "w": "的话", "sp": "Agent"}, {"p": 52, "c": 0.9, "s": 15836, "e": 16012, "w": "会", "sp": "Agent"}, {"p": 53, "c": 0.9, "s": 16011, "e": 16365, "w": "安排", "sp": "Agent"}, {"p": 54, "c": 0.9, "s": 16365, "e": 16718, "w": "当地", "sp": "Agent"}, {"p": 55, "c": 0.9, "s": 16718, "e": 16894, "w": "的", "sp": "Agent"}, {"p": 56, "c": 0.9, "s": 16894, "e": 17247, "w": "门店", "sp": "Agent"}, {"p": 57, "c": 0.9, "s": 17247, "e": 17599, "w": "稍后", "sp": "Agent"}, {"p": 58, "c": 0.9, "s": 17599, "e": 17952, "w": "的话", "sp": "Agent"}, {"p": 59, "c": 0.9, "s": 17952, "e": 18303, "w": "根据", "sp": "Agent"}, {"p": 60, "c": 0.9, "s": 18304, "e": 18481, "w": "您", "sp": "Agent"}, {"p": 61, "c": 0.9, "s": 18481, "e": 18833, "w": "这边", "sp": "Agent"}, {"p": 62, "c": 0.9, "s": 18833, "e": 19010, "w": "的", "sp": "Agent"}, {"p": 63, "c": 0.9, "s": 19010, "e": 19362, "w": "房屋", "sp": "Agent"}, {"p": 64, "c": 0.9, "s": 19362, "e": 19715, "w": "基本", "sp": "Agent"}, {"p": 65, "c": 0.9, "s": 19715, "e": 20067, "w": "情况", "sp": "Agent"}, {"p": 66, "c": 0.9, "s": 20067, "e": 20244, "w": "会", "sp": "Agent"}, {"p": 67, "c": 0.9, "s": 20244, "e": 20420, "w": "为", "sp": "Agent"}, {"p": 68, "c": 0.9, "s": 20420, "e": 20596, "w": "您", "sp": "Agent"}, {"p": 69, "c": 0.9, "s": 20596, "e": 20949, "w": "设计", "sp": "Agent"}, {"p": 70, "c": 0.9, "s": 20949, "e": 21300, "w": "一个", "sp": "Agent"}, {"p": 71, "c": 0.9, "s": 21301, "e": 21654, "w": "方案", "sp": "Agent"}, {"p": 72, "c": 0.9, "s": 21654, "e": 21830, "w": "和", "sp": "Agent"}, {"p": 73, "c": 0.9, "s": 21830, "e": 22183, "w": "报价", "sp": "Agent"}, {"p": 74, "c": 0.9, "s": 22183, "e": 22359, "w": "供", "sp": "Agent"}, {"p": 75, "c": 0.9, "s": 22359, "e": 22535, "w": "您", "sp": "Agent"}, {"p": 76, "c": 0.9, "s": 22535, "e": 22888, "w": "参考", "sp": "Agent"}, {"p": 77, "c": 0.9, "s": 22888, "e": 23241, "w": "一下", "sp": "Agent"}, {"p": 78, "c": 0.9, "s": 23241, "e": 23417, "w": "的", "sp": "Agent"}, {"p": 79, "c": 0.9, "s": 23417, "e": 23593, "w": "好", "sp": "Agent"}, {"p": 80, "c": 0.9, "s": 23490, "e": 23970, "w": "好", "sp": "Customer"}, {"p": 81, "c": 0.9, "s": 23593, "e": 23770, "w": "吗", "sp": "Agent"}, {"p": 82, "c": 0.9, "s": 23970, "e": 24449, "w": "的", "sp": "Customer"}, {"p": 83, "c": 0.9, "s": 24120, "e": 24350, "w": "嗯", "sp": "Agent"}, {"p": 84, "c": 0.9, "s": 24350, "e": 24581, "w": "那", "sp": "Agent"}, {"p": 85, "c": 0.9, "s": 24581, "e": 24812, "w": "您", "sp": "Agent"}, {"p": 86, "c": 0.9, "s": 24812, "e": 25273, "w": "房屋", "sp": "Agent"}, {"p": 87, "c": 0.9, "s": 25273, "e": 25965, "w": "所在地", "sp": "Agent"}, {"p": 88, "c": 0.9, "s": 25965, "e": 26196, "w": "是", "sp": "Agent"}, {"p": 89, "c": 0.9, "s": 26196, "e": 26425, "w": "在", "sp": "Agent"}, {"p": 90, "c": 0.9, "s": 26426, "e": 27118, "w": "南京市", "sp": "Agent"}, {"p": 91, "c": 0.9, "s": 27090, "e": 27572, "w": "不在", "sp": "Customer"}, {"p": 92, "c": 0.9, "s": 27118, "e": 27349, "w": "对", "sp": "Agent"}, {"p": 93, "c": 0.9, "s": 27349, "e": 27580, "w": "吗", "sp": "Agent"}, {"p": 94, "c": 0.9, "s": 27572, "e": 28055, "w": "那里", "sp": "Customer"}, {"p": 95, "c": 0.9, "s": 28055, "e": 28297, "w": "在", "sp": "Customer"}, {"p": 96, "c": 0.9, "s": 28297, "e": 28538, "w": "忙", "sp": "Customer"}, {"p": 97, "c": 0.9, "s": 28538, "e": 28780, "w": "着", "sp": "Customer"}, {"p": 98, "c": 0.9, "s": 28610, "e": 28942, "w": "呃", "sp": "Agent"}, {"p": 99, "c": 0.9, "s": 28942, "e": 29275, "w": "在", "sp": "Agent"}, {"p": 100, "c": 0.9, "s": 29275, "e": 29940, "w": "安徽", "sp": "Agent"}, {"p": 101, "c": 0.9, "s": 29940, "e": 30605, "w": "马山", "sp": "Agent"}, {"p": 102, "c": 0.9, "s": 30605, "e": 30937, "w": "对", "sp": "Agent"}, {"p": 103, "c": 0.9, "s": 30780, "e": 31840, "w": "对", "sp": "Customer"}, {"p": 104, "c": 0.9, "s": 30937, "e": 31270, "w": "吗", "sp": "Agent"}, {"p": 105, "c": 0.9, "s": 31710, "e": 32062, "w": "啊", "sp": "Agent"}, {"p": 106, "c": 0.9, "s": 32062, "e": 32414, "w": "稍", "sp": "Agent"}, {"p": 107, "c": 0.9, "s": 32414, "e": 32766, "w": "等", "sp": "Agent"}, {"p": 108, "c": 0.9, "s": 32765, "e": 33469, "w": "一下", "sp": "Agent"}, {"p": 109, "c": 0.9, "s": 36820, "e": 37583, "w": "马鞍山", "sp": "Agent"}, {"p": 110, "c": 0.9, "s": 37583, "e": 37837, "w": "市", "sp": "Agent"}, {"p": 111, "c": 0.9, "s": 37837, "e": 38346, "w": "哪个", "sp": "Agent"}, {"p": 112, "c": 0.9, "s": 38346, "e": 38855, "w": "区县", "sp": "Agent"}, {"p": 113, "c": 0.9, "s": 38855, "e": 39110, "w": "呢", "sp": "Agent"}, {"p": 114, "c": 0.9, "s": 38970, "e": 39400, "w": "万", "sp": "Customer"}, {"p": 115, "c": 0.9, "s": 39400, "e": 40260, "w": "山区", "sp": "Customer"}, {"p": 116, "c": 0.9, "s": 39910, "e": 40710, "w": "花山", "sp": "Agent"}, {"p": 117, "c": 0.9, "s": 40710, "e": 41110, "w": "区", "sp": "Agent"}, {"p": 118, "c": 0.9, "s": 41110, "e": 41510, "w": "对", "sp": "Agent"}, {"p": 119, "c": 0.9, "s": 41460, "e": 42500, "w": "对", "sp": "Customer"}, {"p": 120, "c": 0.9, "s": 41510, "e": 41910, "w": "吗", "sp": "Agent"}, {"p": 121, "c": 0.9, "s": 42260, "e": 42459, "w": "嗯", "sp": "Agent"}, {"p": 122, "c": 0.9, "s": 42459, "e": 42659, "w": "那", "sp": "Agent"}, {"p": 123, "c": 0.9, "s": 42659, "e": 42858, "w": "您", "sp": "Agent"}, {"p": 124, "c": 0.9, "s": 42858, "e": 43257, "w": "这边", "sp": "Agent"}, {"p": 125, "c": 0.9, "s": 43257, "e": 43656, "w": "房屋", "sp": "Agent"}, {"p": 126, "c": 0.9, "s": 43656, "e": 44054, "w": "面积", "sp": "Agent"}, {"p": 127, "c": 0.9, "s": 44055, "e": 44454, "w": "大概", "sp": "Agent"}, {"p": 128, "c": 0.9, "s": 44454, "e": 44654, "w": "是", "sp": "Agent"}, {"p": 129, "c": 0.9, "s": 44654, "e": 45052, "w": "多少", "sp": "Agent"}, {"p": 130, "c": 0.9, "s": 45053, "e": 45252, "w": "平", "sp": "Agent"}, {"p": 131, "c": 0.9, "s": 45252, "e": 45452, "w": "几", "sp": "Agent"}, {"p": 132, "c": 0.9, "s": 45452, "e": 45651, "w": "室", "sp": "Agent"}, {"p": 133, "c": 0.9, "s": 45651, "e": 45851, "w": "几", "sp": "Agent"}, {"p": 134, "c": 0.9, "s": 45851, "e": 46050, "w": "厅", "sp": "Agent"}, {"p": 135, "c": 0.9, "s": 46000, "e": 46906, "w": "一百", "sp": "Customer"}, {"p": 136, "c": 0.9, "s": 46050, "e": 46250, "w": "呢", "sp": "Agent"}, {"p": 137, "c": 0.9, "s": 46906, "e": 47359, "w": "三", "sp": "Customer"}, {"p": 138, "c": 0.9, "s": 47290, "e": 47711, "w": "一百", "sp": "Agent"}, {"p": 139, "c": 0.9, "s": 47711, "e": 48342, "w": "二十二", "sp": "Agent"}, {"p": 140, "c": 0.9, "s": 48342, "e": 48552, "w": "是", "sp": "Agent"}, {"p": 141, "c": 0.9, "s": 48553, "e": 48763, "w": "个", "sp": "Agent"}, {"p": 142, "c": 0.9, "s": 48763, "e": 48974, "w": "四", "sp": "Agent"}, {"p": 143, "c": 0.9, "s": 48974, "e": 49184, "w": "房", "sp": "Agent"}, {"p": 144, "c": 0.9, "s": 49185, "e": 49395, "w": "两", "sp": "Agent"}, {"p": 145, "c": 0.9, "s": 49395, "e": 49606, "w": "厅", "sp": "Agent"}, {"p": 146, "c": 0.9, "s": 49606, "e": 49816, "w": "的", "sp": "Agent"}, {"p": 147, "c": 0.9, "s": 49816, "e": 50237, "w": "毛坯", "sp": "Agent"}, {"p": 148, "c": 0.9, "s": 50237, "e": 50658, "w": "新房", "sp": "Agent"}, {"p": 149, "c": 0.9, "s": 50658, "e": 50869, "w": "对", "sp": "Agent"}, {"p": 150, "c": 0.9, "s": 50869, "e": 51079, "w": "吗", "sp": "Agent"}, {"p": 151, "c": 0.9, "s": 52010, "e": 52953, "w": "上次", "sp": "Customer"}, {"p": 152, "c": 0.9, "s": 52953, "e": 53896, "w": "良性", "sp": "Customer"}, {"p": 153, "c": 0.9, "s": 53896, "e": 54368, "w": "两", "sp": "Customer"}, {"p": 154, "c": 0.9, "s": 54368, "e": 54840, "w": "位", "sp": "Customer"}, {"p": 155, "c": 0.9, "s": 54520, "e": 54802, "w": "哦", "sp": "Agent"}, {"p": 156, "c": 0.9, "s": 54802, "e": 55367, "w": "三室", "sp": "Agent"}, {"p": 157, "c": 0.9, "s": 55368, "e": 55651, "w": "两", "sp": "Agent"}, {"p": 158, "c": 0.9, "s": 55651, "e": 55934, "w": "厅", "sp": "Agent"}, {"p": 159, "c": 0.9, "s": 55934, "e": 56217, "w": "两", "sp": "Agent"}, {"p": 160, "c": 0.9, "s": 56217, "e": 56500, "w": "卫", "sp": "Agent"}, {"p": 161, "c": 0.9, "s": 56500, "e": 56782, "w": "是", "sp": "Agent"}, {"p": 162, "c": 0.9, "s": 56782, "e": 57348, "w": "毛坯", "sp": "Agent"}, {"p": 163, "c": 0.9, "s": 57348, "e": 57914, "w": "新房", "sp": "Agent"}, {"p": 164, "c": 0.9, "s": 57914, "e": 58197, "w": "对", "sp": "Agent"}, {"p": 165, "c": 0.9, "s": 57970, "e": 59000, "w": "对", "sp": "Customer"}, {"p": 166, "c": 0.9, "s": 58197, "e": 58480, "w": "吗", "sp": "Agent"}, {"p": 167, "c": 0.9, "s": 58770, "e": 58951, "w": "嗯", "sp": "Agent"}, {"p": 168, "c": 0.9, "s": 58951, "e": 59133, "w": "那", "sp": "Agent"}, {"p": 169, "c": 0.9, "s": 59133, "e": 59315, "w": "您", "sp": "Agent"}, {"p": 170, "c": 0.9, "s": 59315, "e": 59678, "w": "这边", "sp": "Agent"}, {"p": 171, "c": 0.9, "s": 59679, "e": 60043, "w": "的话", "sp": "Agent"}, {"p": 172, "c": 0.9, "s": 60043, "e": 60225, "w": "是", "sp": "Agent"}, {"p": 173, "c": 0.9, "s": 60225, "e": 60587, "w": "打算", "sp": "Agent"}, {"p": 174, "c": 0.9, "s": 60588, "e": 60952, "w": "什么", "sp": "Agent"}, {"p": 175, "c": 0.9, "s": 60952, "e": 61316, "w": "时候", "sp": "Agent"}, {"p": 176, "c": 0.9, "s": 61316, "e": 61680, "w": "开始", "sp": "Agent"}, {"p": 177, "c": 0.9, "s": 61680, "e": 62043, "w": "动工", "sp": "Agent"}, {"p": 178, "c": 0.9, "s": 62043, "e": 62406, "w": "装修", "sp": "Agent"}, {"p": 179, "c": 0.9, "s": 62407, "e": 62589, "w": "呢", "sp": "Agent"}, {"p": 180, "c": 0.9, "s": 62589, "e": 63135, "w": "有没有", "sp": "Agent"}, {"p": 181, "c": 0.9, "s": 63135, "e": 63497, "w": "没有", "sp": "Agent"}, {"p": 182, "c": 0.9, "s": 63498, "e": 63680, "w": "进", "sp": "Agent"}, {"p": 183, "c": 0.9, "s": 63680, "e": 64044, "w": "中航", "sp": "Agent"}, {"p": 184, "c": 0.9, "s": 64044, "e": 64407, "w": "公司", "sp": "Agent"}, {"p": 185, "c": 0.9, "s": 64407, "e": 64589, "w": "呢", "sp": "Agent"}, {"p": 186, "c": 0.9, "s": 65519, "e": 65715, "w": "还", "sp": "Customer"}, {"p": 187, "c": 0.9, "s": 65716, "e": 66108, "w": "没有", "sp": "Customer"}, {"p": 188, "c": 0.9, "s": 66108, "e": 66304, "w": "我", "sp": "Customer"}, {"p": 189, "c": 0.9, "s": 66304, "e": 66696, "w": "正在", "sp": "Customer"}, {"p": 190, "c": 0.9, "s": 66696, "e": 67088, "w": "考虑", "sp": "Customer"}, {"p": 191, "c": 0.9, "s": 67088, "e": 67479, "w": "当中", "sp": "Customer"}, {"p": 192, "c": 0.9, "s": 67260, "e": 67439, "w": "啊", "sp": "Agent"}, {"p": 193, "c": 0.9, "s": 67439, "e": 67619, "w": "还", "sp": "Agent"}, {"p": 194, "c": 0.9, "s": 67619, "e": 67798, "w": "在", "sp": "Agent"}, {"p": 195, "c": 0.9, "s": 67798, "e": 68158, "w": "考虑", "sp": "Agent"}, {"p": 196, "c": 0.9, "s": 68158, "e": 68337, "w": "做", "sp": "Agent"}, {"p": 197, "c": 0.9, "s": 68337, "e": 68517, "w": "个", "sp": "Agent"}, {"p": 198, "c": 0.9, "s": 68517, "e": 68876, "w": "提前", "sp": "Agent"}, {"p": 199, "c": 0.9, "s": 68876, "e": 69056, "w": "的", "sp": "Agent"}, {"p": 200, "c": 0.9, "s": 69056, "e": 69415, "w": "了解", "sp": "Agent"}, {"p": 201, "c": 0.9, "s": 69415, "e": 69774, "w": "大概", "sp": "Agent"}, {"p": 202, "c": 0.9, "s": 69774, "e": 70134, "w": "四五", "sp": "Agent"}, {"p": 203, "c": 0.9, "s": 70134, "e": 70493, "w": "月份", "sp": "Agent"}, {"p": 204, "c": 0.9, "s": 70493, "e": 70672, "w": "的", "sp": "Agent"}, {"p": 205, "c": 0.9, "s": 70672, "e": 71032, "w": "样子", "sp": "Agent"}, {"p": 206, "c": 0.9, "s": 71032, "e": 71391, "w": "开始", "sp": "Agent"}, {"p": 207, "c": 0.9, "s": 71391, "e": 71750, "w": "动工", "sp": "Agent"}, {"p": 208, "c": 0.9, "s": 71510, "e": 72620, "w": "对", "sp": "Customer"}, {"p": 209, "c": 0.9, "s": 71750, "e": 71930, "w": "对", "sp": "Agent"}, {"p": 210, "c": 0.9, "s": 71930, "e": 72110, "w": "吗", "sp": "Agent"}, {"p": 211, "c": 0.9, "s": 72390, "e": 72569, "w": "嗯", "sp": "Agent"}, {"p": 212, "c": 0.9, "s": 72569, "e": 72927, "w": "了解", "sp": "Agent"}, {"p": 213, "c": 0.9, "s": 72927, "e": 73106, "w": "到", "sp": "Agent"}, {"p": 214, "c": 0.9, "s": 73106, "e": 73285, "w": "了", "sp": "Agent"}, {"p": 215, "c": 0.9, "s": 73285, "e": 73465, "w": "那", "sp": "Agent"}, {"p": 216, "c": 0.9, "s": 73465, "e": 73644, "w": "您", "sp": "Agent"}, {"p": 217, "c": 0.9, "s": 73644, "e": 74002, "w": "这边", "sp": "Agent"}, {"p": 218, "c": 0.9, "s": 74002, "e": 74181, "w": "有", "sp": "Agent"}, {"p": 219, "c": 0.9, "s": 74181, "e": 74360, "w": "去", "sp": "Agent"}, {"p": 220, "c": 0.9, "s": 74360, "e": 74540, "w": "过", "sp": "Agent"}, {"p": 221, "c": 0.9, "s": 74540, "e": 74898, "w": "门店", "sp": "Agent"}, {"p": 222, "c": 0.9, "s": 74898, "e": 75077, "w": "去", "sp": "Agent"}, {"p": 223, "c": 0.9, "s": 75077, "e": 75435, "w": "了解", "sp": "Agent"}, {"p": 224, "c": 0.9, "s": 75435, "e": 75615, "w": "过", "sp": "Agent"}, {"p": 225, "c": 0.9, "s": 75615, "e": 75973, "w": "我们", "sp": "Agent"}, {"p": 226, "c": 0.9, "s": 75973, "e": 76152, "w": "的", "sp": "Agent"}, {"p": 227, "c": 0.9, "s": 76152, "e": 76510, "w": "产品", "sp": "Agent"}, {"p": 228, "c": 0.9, "s": 76510, "e": 76690, "w": "吗", "sp": "Agent"}, {"p": 229, "c": 0.9, "s": 76780, "e": 77173, "w": "我", "sp": "Customer"}, {"p": 230, "c": 0.9, "s": 77174, "e": 77568, "w": "去", "sp": "Customer"}, {"p": 231, "c": 0.9, "s": 77568, "e": 77962, "w": "了", "sp": "Customer"}, {"p": 232, "c": 0.9, "s": 77962, "e": 78751, "w": "怎么", "sp": "Customer"}, {"p": 233, "c": 0.9, "s": 78751, "e": 79145, "w": "给", "sp": "Customer"}, {"p": 234, "c": 0.9, "s": 79145, "e": 79539, "w": "力", "sp": "Customer"}, {"p": 235, "c": 0.9, "s": 80030, "e": 80287, "w": "啊", "sp": "Agent"}, {"p": 236, "c": 0.9, "s": 80287, "e": 80544, "w": "有", "sp": "Agent"}, {"p": 237, "c": 0.9, "s": 80544, "e": 81059, "w": "了解", "sp": "Agent"}, {"p": 238, "c": 0.9, "s": 81059, "e": 81316, "w": "过", "sp": "Agent"}, {"p": 239, "c": 0.9, "s": 81316, "e": 81830, "w": "其他", "sp": "Agent"}, {"p": 240, "c": 0.9, "s": 81830, "e": 82345, "w": "品牌", "sp": "Agent"}, {"p": 241, "c": 0.9, "s": 82345, "e": 82602, "w": "对", "sp": "Agent"}, {"p": 242, "c": 0.9, "s": 82602, "e": 82860, "w": "吗", "sp": "Agent"}, {"p": 243, "c": 0.9, "s": 82690, "e": 83690, "w": "对", "sp": "Customer"}, {"p": 244, "c": 0.9, "s": 83490, "e": 83720, "w": "啊", "sp": "Agent"}, {"p": 245, "c": 0.9, "s": 83720, "e": 83951, "w": "那", "sp": "Agent"}, {"p": 246, "c": 0.9, "s": 83951, "e": 84411, "w": "这边", "sp": "Agent"}, {"p": 247, "c": 0.9, "s": 84412, "e": 84642, "w": "跟", "sp": "Agent"}, {"p": 248, "c": 0.9, "s": 84642, "e": 84873, "w": "您", "sp": "Agent"}, {"p": 249, "c": 0.9, "s": 84873, "e": 85103, "w": "做", "sp": "Agent"}, {"p": 250, "c": 0.9, "s": 85103, "e": 85334, "w": "个", "sp": "Agent"}, {"p": 251, "c": 0.9, "s": 85334, "e": 85795, "w": "简单", "sp": "Agent"}, {"p": 252, "c": 0.9, "s": 85795, "e": 86026, "w": "的", "sp": "Agent"}, {"p": 253, "c": 0.9, "s": 86026, "e": 86487, "w": "介绍", "sp": "Agent"}, {"p": 254, "c": 0.9, "s": 86487, "e": 86717, "w": "您", "sp": "Agent"}, {"p": 255, "c": 0.9, "s": 86717, "e": 86948, "w": "看", "sp": "Agent"}, {"p": 256, "c": 0.9, "s": 86948, "e": 87409, "w": "可以", "sp": "Agent"}, {"p": 257, "c": 0.9, "s": 87230, "e": 87397, "w": "不", "sp": "Customer"}, {"p": 258, "c": 0.9, "s": 87397, "e": 87731, "w": "需要", "sp": "Customer"}, {"p": 259, "c": 0.9, "s": 87409, "e": 87640, "w": "吗", "sp": "Agent"}, {"p": 260, "c": 0.9, "s": 87731, "e": 88065, "w": "介绍", "sp": "Customer"}, {"p": 261, "c": 0.9, "s": 88065, "e": 88232, "w": "你", "sp": "Customer"}, {"p": 262, "c": 0.9, "s": 88232, "e": 88399, "w": "要", "sp": "Customer"}, {"p": 263, "c": 0.9, "s": 88399, "e": 88566, "w": "跟", "sp": "Customer"}, {"p": 264, "c": 0.9, "s": 88566, "e": 88733, "w": "我", "sp": "Customer"}, {"p": 265, "c": 0.9, "s": 88733, "e": 89067, "w": "联系", "sp": "Customer"}, {"p": 266, "c": 0.9, "s": 89067, "e": 89401, "w": "一下", "sp": "Customer"}, {"p": 267, "c": 0.9, "s": 89401, "e": 89568, "w": "就", "sp": "Customer"}, {"p": 268, "c": 0.9, "s": 89568, "e": 89735, "w": "行", "sp": "Customer"}, {"p": 269, "c": 0.9, "s": 89735, "e": 89902, "w": "好", "sp": "Customer"}, {"p": 270, "c": 0.9, "s": 89770, "e": 89944, "w": "啊", "sp": "Agent"}, {"p": 271, "c": 0.9, "s": 89902, "e": 90070, "w": "吧", "sp": "Customer"}, {"p": 272, "c": 0.9, "s": 89944, "e": 90118, "w": "好", "sp": "Agent"}, {"p": 273, "c": 0.9, "s": 90118, "e": 90293, "w": "的", "sp": "Agent"}, {"p": 274, "c": 0.9, "s": 90293, "e": 90467, "w": "那", "sp": "Agent"}, {"p": 275, "c": 0.9, "s": 90467, "e": 90816, "w": "这边", "sp": "Agent"}, {"p": 276, "c": 0.9, "s": 90816, "e": 90990, "w": "再", "sp": "Agent"}, {"p": 277, "c": 0.9, "s": 90990, "e": 91339, "w": "冒昧", "sp": "Agent"}, {"p": 278, "c": 0.9, "s": 91339, "e": 91513, "w": "的", "sp": "Agent"}, {"p": 279, "c": 0.9, "s": 91513, "e": 91687, "w": "问", "sp": "Agent"}, {"p": 280, "c": 0.9, "s": 91687, "e": 92035, "w": "一下", "sp": "Agent"}, {"p": 281, "c": 0.9, "s": 92036, "e": 92211, "w": "您", "sp": "Agent"}, {"p": 282, "c": 0.9, "s": 92211, "e": 92559, "w": "这边", "sp": "Agent"}, {"p": 283, "c": 0.9, "s": 92559, "e": 92908, "w": "的话", "sp": "Agent"}, {"p": 284, "c": 0.9, "s": 92908, "e": 93257, "w": "除了", "sp": "Agent"}, {"p": 285, "c": 0.9, "s": 93257, "e": 93605, "w": "中央", "sp": "Agent"}, {"p": 286, "c": 0.9, "s": 93605, "e": 93954, "w": "空调", "sp": "Agent"}, {"p": 287, "c": 0.9, "s": 93954, "e": 94303, "w": "以外", "sp": "Agent"}, {"p": 288, "c": 0.9, "s": 94303, "e": 94652, "w": "信封", "sp": "Agent"}, {"p": 289, "c": 0.9, "s": 94652, "e": 94826, "w": "和", "sp": "Agent"}, {"p": 290, "c": 0.9, "s": 94826, "e": 95174, "w": "电脑", "sp": "Agent"}, {"p": 291, "c": 0.9, "s": 95175, "e": 95349, "w": "有", "sp": "Agent"}, {"p": 292, "c": 0.9, "s": 95349, "e": 95698, "w": "考虑", "sp": "Agent"}, {"p": 293, "c": 0.9, "s": 95698, "e": 96046, "w": "一同", "sp": "Agent"}, {"p": 294, "c": 0.9, "s": 96046, "e": 96395, "w": "安装", "sp": "Agent"}, {"p": 295, "c": 0.9, "s": 96395, "e": 96570, "w": "吗", "sp": "Agent"}, {"p": 296, "c": 0.9, "s": 96660, "e": 97053, "w": "肯定", "sp": "Customer"}, {"p": 297, "c": 0.9, "s": 97053, "e": 97250, "w": "要", "sp": "Customer"}, {"p": 298, "c": 0.9, "s": 97250, "e": 97644, "w": "考虑", "sp": "Customer"}, {"p": 299, "c": 0.9, "s": 97644, "e": 97840, "w": "啊", "sp": "Customer"}, {"p": 300, "c": 0.9, "s": 97841, "e": 98038, "w": "你", "sp": "Customer"}, {"p": 301, "c": 0.9, "s": 98038, "e": 98432, "w": "这个", "sp": "Customer"}, {"p": 302, "c": 0.9, "s": 98320, "e": 99270, "w": "嗯", "sp": "Agent"}, {"p": 303, "c": 0.9, "s": 98432, "e": 98826, "w": "空调", "sp": "Customer"}, {"p": 304, "c": 0.9, "s": 98826, "e": 99219, "w": "的话", "sp": "Customer"}, {"p": 305, "c": 0.9, "s": 99220, "e": 99417, "w": "你", "sp": "Customer"}, {"p": 306, "c": 0.9, "s": 99417, "e": 99811, "w": "冬天", "sp": "Customer"}, {"p": 307, "c": 0.9, "s": 99811, "e": 100204, "w": "肯定", "sp": "Customer"}, {"p": 308, "c": 0.9, "s": 100205, "e": 100599, "w": "不行", "sp": "Customer"}, {"p": 309, "c": 0.9, "s": 100599, "e": 100993, "w": "夏天", "sp": "Customer"}, {"p": 310, "c": 0.9, "s": 100993, "e": 101189, "w": "的", "sp": "Customer"}, {"p": 311, "c": 0.9, "s": 101190, "e": 101583, "w": "一个", "sp": "Customer"}, {"p": 312, "c": 0.9, "s": 101540, "e": 102440, "w": "嗯", "sp": "Agent"}, {"p": 313, "c": 0.9, "s": 101583, "e": 101977, "w": "空调", "sp": "Customer"}, {"p": 314, "c": 0.9, "s": 101977, "e": 102173, "w": "是", "sp": "Customer"}, {"p": 315, "c": 0.9, "s": 102174, "e": 102568, "w": "可以", "sp": "Customer"}, {"p": 316, "c": 0.9, "s": 102568, "e": 102962, "w": "冬天", "sp": "Customer"}, {"p": 317, "c": 0.9, "s": 102962, "e": 103355, "w": "的话", "sp": "Customer"}, {"p": 318, "c": 0.9, "s": 103356, "e": 103553, "w": "去", "sp": "Customer"}, {"p": 319, "c": 0.9, "s": 103553, "e": 103750, "w": "哪", "sp": "Customer"}, {"p": 320, "c": 0.9, "s": 103750, "e": 104144, "w": "估计", "sp": "Customer"}, {"p": 321, "c": 0.9, "s": 103940, "e": 104850, "w": "嗯", "sp": "Agent"}, {"p": 322, "c": 0.9, "s": 104144, "e": 104537, "w": "空调", "sp": "Customer"}, {"p": 323, "c": 0.9, "s": 104538, "e": 104932, "w": "效果", "sp": "Customer"}, {"p": 324, "c": 0.9, "s": 104932, "e": 105326, "w": "比较", "sp": "Customer"}, {"p": 325, "c": 0.9, "s": 105326, "e": 105522, "w": "差", "sp": "Customer"}, {"p": 326, "c": 0.9, "s": 105523, "e": 105720, "w": "吧", "sp": "Customer"}, {"p": 327, "c": 0.9, "s": 105690, "e": 105852, "w": "嗯", "sp": "Agent"}, {"p": 328, "c": 0.9, "s": 105852, "e": 106015, "w": "嗯", "sp": "Agent"}, {"p": 329, "c": 0.9, "s": 106015, "e": 106340, "w": "不是", "sp": "Agent"}, {"p": 330, "c": 0.9, "s": 106340, "e": 106664, "w": "这边", "sp": "Agent"}, {"p": 331, "c": 0.9, "s": 106665, "e": 106827, "w": "是", "sp": "Agent"}, {"p": 332, "c": 0.9, "s": 106827, "e": 107152, "w": "根据", "sp": "Agent"}, {"p": 333, "c": 0.9, "s": 107152, "e": 107315, "w": "您", "sp": "Agent"}, {"p": 334, "c": 0.9, "s": 107315, "e": 107640, "w": "这边", "sp": "Agent"}, {"p": 335, "c": 0.9, "s": 107640, "e": 107802, "w": "的", "sp": "Agent"}, {"p": 336, "c": 0.9, "s": 107802, "e": 108127, "w": "一个", "sp": "Agent"}, {"p": 337, "c": 0.9, "s": 108127, "e": 108451, "w": "需求", "sp": "Agent"}, {"p": 338, "c": 0.9, "s": 108452, "e": 108615, "w": "的", "sp": "Agent"}, {"p": 339, "c": 0.9, "s": 108615, "e": 108777, "w": "有", "sp": "Agent"}, {"p": 340, "c": 0.9, "s": 108777, "e": 108940, "w": "的", "sp": "Agent"}, {"p": 341, "c": 0.9, "s": 108940, "e": 109102, "w": "他", "sp": "Agent"}, {"p": 342, "c": 0.9, "s": 109102, "e": 109426, "w": "生活", "sp": "Agent"}, {"p": 343, "c": 0.9, "s": 109427, "e": 109753, "w": "要求", "sp": "Agent"}, {"p": 344, "c": 0.9, "s": 109753, "e": 110077, "w": "的话", "sp": "Agent"}, {"p": 345, "c": 0.9, "s": 110078, "e": 110240, "w": "就", "sp": "Agent"}, {"p": 346, "c": 0.9, "s": 110240, "e": 110564, "w": "可能", "sp": "Agent"}, {"p": 347, "c": 0.9, "s": 110565, "e": 110890, "w": "智能", "sp": "Agent"}, {"p": 348, "c": 0.9, "s": 110890, "e": 111215, "w": "效果", "sp": "Agent"}, {"p": 349, "c": 0.9, "s": 111215, "e": 111539, "w": "比较", "sp": "Agent"}, {"p": 350, "c": 0.9, "s": 111540, "e": 111703, "w": "高", "sp": "Agent"}, {"p": 351, "c": 0.9, "s": 111703, "e": 112028, "w": "的话", "sp": "Agent"}, {"p": 352, "c": 0.9, "s": 112028, "e": 112190, "w": "他", "sp": "Agent"}, {"p": 353, "c": 0.9, "s": 112190, "e": 112353, "w": "就", "sp": "Agent"}, {"p": 354, "c": 0.9, "s": 112353, "e": 112677, "w": "考虑", "sp": "Agent"}, {"p": 355, "c": 0.9, "s": 112678, "e": 112840, "w": "地", "sp": "Agent"}, {"p": 356, "c": 0.9, "s": 112840, "e": 113003, "w": "暖", "sp": "Agent"}, {"p": 357, "c": 0.9, "s": 113003, "e": 113165, "w": "的", "sp": "Agent"}, {"p": 358, "c": 0.9, "s": 113165, "e": 113490, "w": "因为", "sp": "Agent"}, {"p": 359, "c": 0.9, "s": 113490, "e": 113815, "w": "我们", "sp": "Agent"}, {"p": 360, "c": 0.9, "s": 113816, "e": 114141, "w": "现在", "sp": "Agent"}, {"p": 361, "c": 0.9, "s": 114141, "e": 114303, "w": "地", "sp": "Agent"}, {"p": 362, "c": 0.9, "s": 114303, "e": 114466, "w": "暖", "sp": "Agent"}, {"p": 363, "c": 0.9, "s": 114466, "e": 114791, "w": "的话", "sp": "Agent"}, {"p": 364, "c": 0.9, "s": 114791, "e": 114953, "w": "它", "sp": "Agent"}, {"p": 365, "c": 0.9, "s": 114953, "e": 115116, "w": "是", "sp": "Agent"}, {"p": 366, "c": 0.9, "s": 115116, "e": 115278, "w": "跟", "sp": "Agent"}, {"p": 367, "c": 0.9, "s": 115278, "e": 115603, "w": "我们", "sp": "Agent"}, {"p": 368, "c": 0.9, "s": 115603, "e": 115927, "w": "中央", "sp": "Agent"}, {"p": 369, "c": 0.9, "s": 115928, "e": 116253, "w": "空调", "sp": "Agent"}, {"p": 370, "c": 0.9, "s": 116253, "e": 116416, "w": "它", "sp": "Agent"}, {"p": 371, "c": 0.9, "s": 116416, "e": 116578, "w": "是", "sp": "Agent"}, {"p": 372, "c": 0.9, "s": 116578, "e": 116903, "w": "连接", "sp": "Agent"}, {"p": 373, "c": 0.9, "s": 116903, "e": 117228, "w": "一个", "sp": "Agent"}, {"p": 374, "c": 0.9, "s": 117228, "e": 117391, "w": "外", "sp": "Agent"}, {"p": 375, "c": 0.9, "s": 117391, "e": 117553, "w": "接", "sp": "Agent"}, {"p": 376, "c": 0.9, "s": 117553, "e": 117716, "w": "的", "sp": "Agent"}, {"p": 377, "c": 0.9, "s": 117716, "e": 118041, "w": "一个", "sp": "Agent"}, {"p": 378, "c": 0.9, "s": 118041, "e": 118366, "w": "两年", "sp": "Agent"}, {"p": 379, "c": 0.9, "s": 118366, "e": 118529, "w": "供", "sp": "Agent"}, {"p": 380, "c": 0.9, "s": 118529, "e": 118854, "w": "产品", "sp": "Agent"}, {"p": 381, "c": 0.9, "s": 118854, "e": 119178, "w": "西风", "sp": "Agent"}, {"p": 382, "c": 0.9, "s": 119179, "e": 119504, "w": "的话", "sp": "Agent"}, {"p": 383, "c": 0.9, "s": 119504, "e": 119666, "w": "它", "sp": "Agent"}, {"p": 384, "c": 0.9, "s": 119666, "e": 119829, "w": "是", "sp": "Agent"}, {"p": 385, "c": 0.9, "s": 119829, "e": 119991, "w": "跟", "sp": "Agent"}, {"p": 386, "c": 0.9, "s": 119991, "e": 120315, "w": "我们", "sp": "Agent"}, {"p": 387, "c": 0.9, "s": 120316, "e": 120641, "w": "这样", "sp": "Agent"}, {"p": 388, "c": 0.9, "s": 120641, "e": 120965, "w": "空调", "sp": "Agent"}, {"p": 389, "c": 0.9, "s": 120966, "e": 121129, "w": "它", "sp": "Agent"}, {"p": 390, "c": 0.9, "s": 121129, "e": 121291, "w": "也", "sp": "Agent"}, {"p": 391, "c": 0.9, "s": 121291, "e": 121454, "w": "是", "sp": "Agent"}, {"p": 392, "c": 0.9, "s": 121454, "e": 121616, "w": "走", "sp": "Agent"}, {"p": 393, "c": 0.9, "s": 121616, "e": 121941, "w": "吊顶", "sp": "Agent"}, {"p": 394, "c": 0.9, "s": 121942, "e": 122104, "w": "的", "sp": "Agent"}, {"p": 395, "c": 0.9, "s": 122104, "e": 122267, "w": "是", "sp": "Agent"}, {"p": 396, "c": 0.9, "s": 122267, "e": 122591, "w": "一个", "sp": "Agent"}, {"p": 397, "c": 0.9, "s": 122592, "e": 122917, "w": "单独", "sp": "Agent"}, {"p": 398, "c": 0.9, "s": 122917, "e": 123079, "w": "的", "sp": "Agent"}, {"p": 399, "c": 0.9, "s": 123079, "e": 123404, "w": "管道", "sp": "Agent"}, {"p": 400, "c": 0.9, "s": 123404, "e": 123567, "w": "也", "sp": "Agent"}, {"p": 401, "c": 0.9, "s": 123567, "e": 123729, "w": "是", "sp": "Agent"}, {"p": 402, "c": 0.9, "s": 123729, "e": 124053, "w": "可以", "sp": "Agent"}, {"p": 403, "c": 0.9, "s": 124054, "e": 124217, "w": "跟", "sp": "Agent"}, {"p": 404, "c": 0.9, "s": 124217, "e": 124542, "w": "我们", "sp": "Agent"}, {"p": 405, "c": 0.9, "s": 124542, "e": 124867, "w": "这样", "sp": "Agent"}, {"p": 406, "c": 0.9, "s": 124867, "e": 125191, "w": "空调", "sp": "Agent"}, {"p": 407, "c": 0.9, "s": 124920, "e": 125126, "w": "你", "sp": "Customer"}, {"p": 408, "c": 0.9, "s": 125126, "e": 125333, "w": "是", "sp": "Customer"}, {"p": 409, "c": 0.9, "s": 125192, "e": 125517, "w": "联动", "sp": "Agent"}, {"p": 410, "c": 0.9, "s": 125333, "e": 125540, "w": "要", "sp": "Customer"}, {"p": 411, "c": 0.9, "s": 125517, "e": 125680, "w": "的", "sp": "Agent"}, {"p": 412, "c": 0.9, "s": 125540, "e": 125953, "w": "人工", "sp": "Customer"}, {"p": 413, "c": 0.9, "s": 125953, "e": 126366, "w": "系统", "sp": "Customer"}, {"p": 414, "c": 0.9, "s": 126366, "e": 126573, "w": "对", "sp": "Customer"}, {"p": 415, "c": 0.9, "s": 126573, "e": 126780, "w": "吧", "sp": "Customer"}, {"p": 416, "c": 0.9, "s": 126660, "e": 127030, "w": "嗯", "sp": "Agent"}, {"p": 417, "c": 0.9, "s": 127030, "e": 127770, "w": "怎么", "sp": "Agent"}, {"p": 418, "c": 0.9, "s": 127770, "e": 128140, "w": "说", "sp": "Agent"}, {"p": 419, "c": 0.9, "s": 128350, "e": 128848, "w": "就是", "sp": "Customer"}, {"p": 420, "c": 0.9, "s": 128848, "e": 129346, "w": "恒温", "sp": "Customer"}, {"p": 421, "c": 0.9, "s": 129345, "e": 129595, "w": "系", "sp": "Customer"}, {"p": 422, "c": 0.9, "s": 129595, "e": 129844, "w": "三", "sp": "Customer"}, {"p": 423, "c": 0.9, "s": 129845, "e": 130343, "w": "恒温", "sp": "Customer"}, {"p": 424, "c": 0.9, "s": 130343, "e": 130841, "w": "系统", "sp": "Customer"}, {"p": 425, "c": 0.9, "s": 130841, "e": 131090, "w": "啊", "sp": "Customer"}, {"p": 426, "c": 0.9, "s": 130880, "e": 131172, "w": "啊", "sp": "Agent"}, {"p": 427, "c": 0.9, "s": 131091, "e": 131340, "w": "是", "sp": "Customer"}, {"p": 428, "c": 0.9, "s": 131172, "e": 131464, "w": "您", "sp": "Agent"}, {"p": 429, "c": 0.9, "s": 131340, "e": 131590, "w": "吧", "sp": "Customer"}, {"p": 430, "c": 0.9, "s": 131464, "e": 131756, "w": "说", "sp": "Agent"}, {"p": 431, "c": 0.9, "s": 131756, "e": 132049, "w": "的", "sp": "Agent"}, {"p": 432, "c": 0.9, "s": 132049, "e": 132341, "w": "是", "sp": "Agent"}, {"p": 433, "c": 0.9, "s": 132341, "e": 132633, "w": "三", "sp": "Agent"}, {"p": 434, "c": 0.9, "s": 132633, "e": 132926, "w": "横", "sp": "Agent"}, {"p": 435, "c": 0.9, "s": 132926, "e": 133218, "w": "三", "sp": "Agent"}, {"p": 436, "c": 0.9, "s": 133218, "e": 133510, "w": "横", "sp": "Agent"}, {"p": 437, "c": 0.9, "s": 133510, "e": 134095, "w": "系统", "sp": "Agent"}, {"p": 438, "c": 0.9, "s": 134095, "e": 134387, "w": "对", "sp": "Agent"}, {"p": 439, "c": 0.9, "s": 134140, "e": 134342, "w": "对", "sp": "Customer"}, {"p": 440, "c": 0.9, "s": 134342, "e": 134543, "w": "对", "sp": "Customer"}, {"p": 441, "c": 0.9, "s": 134387, "e": 134680, "w": "吗", "sp": "Agent"}, {"p": 442, "c": 0.9, "s": 134544, "e": 134746, "w": "对", "sp": "Customer"}, {"p": 443, "c": 0.9, "s": 134746, "e": 135150, "w": "不是", "sp": "Customer"}, {"p": 444, "c": 0.9, "s": 135150, "e": 135351, "w": "你", "sp": "Customer"}, {"p": 445, "c": 0.9, "s": 135352, "e": 135555, "w": "的", "sp": "Customer"}, {"p": 446, "c": 0.9, "s": 135555, "e": 135756, "w": "是", "sp": "Customer"}, {"p": 447, "c": 0.9, "s": 135757, "e": 136161, "w": "这种", "sp": "Customer"}, {"p": 448, "c": 0.9, "s": 136161, "e": 136362, "w": "啊", "sp": "Customer"}, {"p": 449, "c": 0.9, "s": 136363, "e": 136767, "w": "怎么", "sp": "Customer"}, {"p": 450, "c": 0.9, "s": 136570, "e": 136735, "w": "啊", "sp": "Agent"}, {"p": 451, "c": 0.9, "s": 136735, "e": 136900, "w": "那", "sp": "Agent"}, {"p": 452, "c": 0.9, "s": 136767, "e": 136970, "w": "讲", "sp": "Customer"}, {"p": 453, "c": 0.9, "s": 136900, "e": 137066, "w": "是", "sp": "Agent"}, {"p": 454, "c": 0.9, "s": 137066, "e": 137396, "w": "这样", "sp": "Agent"}, {"p": 455, "c": 0.9, "s": 137396, "e": 137562, "w": "的", "sp": "Agent"}, {"p": 456, "c": 0.9, "s": 137562, "e": 137892, "w": "先生", "sp": "Agent"}, {"p": 457, "c": 0.9, "s": 137892, "e": 138222, "w": "这边", "sp": "Agent"}, {"p": 458, "c": 0.9, "s": 138223, "e": 138388, "w": "跟", "sp": "Agent"}, {"p": 459, "c": 0.9, "s": 138388, "e": 138554, "w": "您", "sp": "Agent"}, {"p": 460, "c": 0.9, "s": 138554, "e": 138885, "w": "解释", "sp": "Agent"}, {"p": 461, "c": 0.9, "s": 138885, "e": 139215, "w": "一下", "sp": "Agent"}, {"p": 462, "c": 0.9, "s": 139215, "e": 139545, "w": "我们", "sp": "Agent"}, {"p": 463, "c": 0.9, "s": 139546, "e": 139877, "w": "这边", "sp": "Agent"}, {"p": 464, "c": 0.9, "s": 139877, "e": 140207, "w": "的话", "sp": "Agent"}, {"p": 465, "c": 0.9, "s": 140207, "e": 140704, "w": "是不是", "sp": "Agent"}, {"p": 466, "c": 0.9, "s": 140704, "e": 140868, "w": "三", "sp": "Agent"}, {"p": 467, "c": 0.9, "s": 140869, "e": 141034, "w": "核", "sp": "Agent"}, {"p": 468, "c": 0.9, "s": 141034, "e": 141364, "w": "系统", "sp": "Agent"}, {"p": 469, "c": 0.9, "s": 141365, "e": 141696, "w": "但是", "sp": "Agent"}, {"p": 470, "c": 0.9, "s": 141696, "e": 142026, "w": "我们", "sp": "Agent"}, {"p": 471, "c": 0.9, "s": 142026, "e": 142192, "w": "的", "sp": "Agent"}, {"p": 472, "c": 0.9, "s": 142192, "e": 142523, "w": "中央", "sp": "Agent"}, {"p": 473, "c": 0.9, "s": 142523, "e": 142853, "w": "空调", "sp": "Agent"}, {"p": 474, "c": 0.9, "s": 142853, "e": 143019, "w": "跟", "sp": "Agent"}, {"p": 475, "c": 0.9, "s": 143019, "e": 143349, "w": "新风", "sp": "Agent"}, {"p": 476, "c": 0.9, "s": 143349, "e": 143680, "w": "进展", "sp": "Agent"}, {"p": 477, "c": 0.9, "s": 143680, "e": 144010, "w": "的话", "sp": "Agent"}, {"p": 478, "c": 0.9, "s": 144011, "e": 144176, "w": "都", "sp": "Agent"}, {"p": 479, "c": 0.9, "s": 144176, "e": 144342, "w": "是", "sp": "Agent"}, {"p": 480, "c": 0.9, "s": 144342, "e": 144672, "w": "可以", "sp": "Agent"}, {"p": 481, "c": 0.9, "s": 144672, "e": 145002, "w": "联动", "sp": "Agent"}, {"p": 482, "c": 0.9, "s": 145003, "e": 145168, "w": "的", "sp": "Agent"}, {"p": 483, "c": 0.9, "s": 145168, "e": 145499, "w": "包括", "sp": "Agent"}, {"p": 484, "c": 0.9, "s": 145499, "e": 145829, "w": "我们", "sp": "Agent"}, {"p": 485, "c": 0.9, "s": 145830, "e": 146161, "w": "功能", "sp": "Agent"}, {"p": 486, "c": 0.9, "s": 146161, "e": 146491, "w": "形式", "sp": "Agent"}, {"p": 487, "c": 0.9, "s": 146491, "e": 146657, "w": "内", "sp": "Agent"}, {"p": 488, "c": 0.9, "s": 146657, "e": 146821, "w": "机", "sp": "Agent"}, {"p": 489, "c": 0.9, "s": 146822, "e": 146987, "w": "也", "sp": "Agent"}, {"p": 490, "c": 0.9, "s": 146987, "e": 147153, "w": "会", "sp": "Agent"}, {"p": 491, "c": 0.9, "s": 147153, "e": 147318, "w": "有", "sp": "Agent"}, {"p": 492, "c": 0.9, "s": 147318, "e": 147814, "w": "多样化", "sp": "Agent"}, {"p": 493, "c": 0.9, "s": 147814, "e": 147980, "w": "的", "sp": "Agent"}, {"p": 494, "c": 0.9, "s": 147910, "e": 148251, "w": "那行", "sp": "Customer"}, {"p": 495, "c": 0.9, "s": 148251, "e": 148422, "w": "啊", "sp": "Customer"}, {"p": 496, "c": 0.9, "s": 148422, "e": 148764, "w": "我们", "sp": "Customer"}, {"p": 497, "c": 0.9, "s": 148764, "e": 149276, "w": "到时候", "sp": "Customer"}, {"p": 498, "c": 0.9, "s": 149276, "e": 149618, "w": "资料", "sp": "Customer"}, {"p": 499, "c": 0.9, "s": 149618, "e": 149788, "w": "给", "sp": "Customer"}, {"p": 500, "c": 0.9, "s": 149788, "e": 149959, "w": "我", "sp": "Customer"}, {"p": 501, "c": 0.9, "s": 149959, "e": 150130, "w": "你", "sp": "Customer"}, {"p": 502, "c": 0.9, "s": 150130, "e": 150301, "w": "叫", "sp": "Customer"}, {"p": 503, "c": 0.9, "s": 150301, "e": 150642, "w": "门店", "sp": "Customer"}, {"p": 504, "c": 0.9, "s": 150642, "e": 150813, "w": "来", "sp": "Customer"}, {"p": 505, "c": 0.9, "s": 150813, "e": 150984, "w": "给", "sp": "Customer"}, {"p": 506, "c": 0.9, "s": 150984, "e": 151155, "w": "我", "sp": "Customer"}, {"p": 507, "c": 0.9, "s": 151155, "e": 151496, "w": "了解", "sp": "Customer"}, {"p": 508, "c": 0.9, "s": 151496, "e": 151838, "w": "一下", "sp": "Customer"}, {"p": 509, "c": 0.9, "s": 151838, "e": 152009, "w": "了", "sp": "Customer"}, {"p": 510, "c": 0.9, "s": 152009, "e": 152180, "w": "我", "sp": "Customer"}, {"p": 511, "c": 0.9, "s": 152180, "e": 152349, "w": "我", "sp": "Customer"}, {"p": 512, "c": 0.9, "s": 152350, "e": 152692, "w": "只要", "sp": "Customer"}, {"p": 513, "c": 0.9, "s": 152692, "e": 153034, "w": "开具", "sp": "Customer"}, {"p": 514, "c": 0.9, "s": 153034, "e": 153204, "w": "个", "sp": "Customer"}, {"p": 515, "c": 0.9, "s": 153204, "e": 153545, "w": "方案", "sp": "Customer"}, {"p": 516, "c": 0.9, "s": 153546, "e": 153888, "w": "公章", "sp": "Customer"}, {"p": 517, "c": 0.9, "s": 153888, "e": 154058, "w": "都", "sp": "Customer"}, {"p": 518, "c": 0.9, "s": 154058, "e": 154400, "w": "不准", "sp": "Customer"}, {"p": 519, "c": 0.9, "s": 154400, "e": 154741, "w": "不准", "sp": "Customer"}, {"p": 520, "c": 0.9, "s": 154742, "e": 154912, "w": "备", "sp": "Customer"}, {"p": 521, "c": 0.9, "s": 154912, "e": 155083, "w": "好", "sp": "Customer"}, {"p": 522, "c": 0.9, "s": 155083, "e": 155254, "w": "我", "sp": "Customer"}, {"p": 523, "c": 0.9, "s": 155254, "e": 155425, "w": "都", "sp": "Customer"}, {"p": 524, "c": 0.9, "s": 155425, "e": 155596, "w": "到", "sp": "Customer"}, {"p": 525, "c": 0.9, "s": 155596, "e": 155937, "w": "外面", "sp": "Customer"}, {"p": 526, "c": 0.9, "s": 155937, "e": 156108, "w": "去", "sp": "Customer"}, {"p": 527, "c": 0.9, "s": 156108, "e": 156279, "w": "领", "sp": "Customer"}, {"p": 528, "c": 0.9, "s": 156279, "e": 156450, "w": "啊", "sp": "Customer"}, {"p": 529, "c": 0.9, "s": 156360, "e": 156538, "w": "嗯", "sp": "Agent"}, {"p": 530, "c": 0.9, "s": 156538, "e": 156715, "w": "好", "sp": "Agent"}, {"p": 531, "c": 0.9, "s": 156716, "e": 156894, "w": "的", "sp": "Agent"}, {"p": 532, "c": 0.9, "s": 156894, "e": 157071, "w": "好", "sp": "Agent"}, {"p": 533, "c": 0.9, "s": 157072, "e": 157251, "w": "的", "sp": "Agent"}, {"p": 534, "c": 0.9, "s": 157251, "e": 157607, "w": "了解", "sp": "Agent"}, {"p": 535, "c": 0.9, "s": 157607, "e": 157784, "w": "到", "sp": "Agent"}, {"p": 536, "c": 0.9, "s": 157785, "e": 157963, "w": "了", "sp": "Agent"}, {"p": 537, "c": 0.9, "s": 157963, "e": 158142, "w": "嗯", "sp": "Agent"}, {"p": 538, "c": 0.9, "s": 158142, "e": 158319, "w": "那", "sp": "Agent"}, {"p": 539, "c": 0.9, "s": 158320, "e": 158676, "w": "方便", "sp": "Agent"}, {"p": 540, "c": 0.9, "s": 158676, "e": 159032, "w": "告知", "sp": "Agent"}, {"p": 541, "c": 0.9, "s": 159033, "e": 159389, "w": "一下", "sp": "Agent"}, {"p": 542, "c": 0.9, "s": 159389, "e": 159567, "w": "您", "sp": "Agent"}, {"p": 543, "c": 0.9, "s": 159567, "e": 159745, "w": "的", "sp": "Agent"}, {"p": 544, "c": 0.9, "s": 159745, "e": 160101, "w": "小区", "sp": "Agent"}, {"p": 545, "c": 0.9, "s": 160102, "e": 160458, "w": "楼盘", "sp": "Agent"}, {"p": 546, "c": 0.9, "s": 160458, "e": 160814, "w": "名称", "sp": "Agent"}, {"p": 547, "c": 0.9, "s": 160815, "e": 161171, "w": "或者", "sp": "Agent"}, {"p": 548, "c": 0.9, "s": 161171, "e": 161349, "w": "是", "sp": "Agent"}, {"p": 549, "c": 0.9, "s": 161349, "e": 161527, "w": "在", "sp": "Agent"}, {"p": 550, "c": 0.9, "s": 161527, "e": 161706, "w": "哪", "sp": "Agent"}, {"p": 551, "c": 0.9, "s": 161706, "e": 161883, "w": "条", "sp": "Agent"}, {"p": 552, "c": 0.9, "s": 161884, "e": 162240, "w": "路段", "sp": "Agent"}, {"p": 553, "c": 0.9, "s": 162240, "e": 162418, "w": "上", "sp": "Agent"}, {"p": 554, "c": 0.9, "s": 162418, "e": 162775, "w": "方便", "sp": "Agent"}, {"p": 555, "c": 0.9, "s": 162550, "e": 163090, "w": "福州", "sp": "Customer"}, {"p": 556, "c": 0.9, "s": 162775, "e": 163131, "w": "告知", "sp": "Agent"}, {"p": 557, "c": 0.9, "s": 163090, "e": 163360, "w": "路", "sp": "Customer"}, {"p": 558, "c": 0.9, "s": 163131, "e": 163310, "w": "吗", "sp": "Agent"}, {"p": 559, "c": 0.9, "s": 163360, "e": 163900, "w": "福州", "sp": "Customer"}, {"p": 560, "c": 0.9, "s": 163900, "e": 164170, "w": "路", "sp": "Customer"}, {"p": 561, "c": 0.9, "s": 164020, "e": 164784, "w": "湖东", "sp": "Agent"}, {"p": 562, "c": 0.9, "s": 164784, "e": 165166, "w": "路", "sp": "Agent"}, {"p": 563, "c": 0.9, "s": 165166, "e": 165548, "w": "对", "sp": "Agent"}, {"p": 564, "c": 0.9, "s": 165420, "e": 166430, "w": "对", "sp": "Customer"}, {"p": 565, "c": 0.9, "s": 165548, "e": 165930, "w": "吗", "sp": "Agent"}, {"p": 566, "c": 0.9, "s": 166350, "e": 166512, "w": "嗯", "sp": "Agent"}, {"p": 567, "c": 0.9, "s": 166512, "e": 166674, "w": "好", "sp": "Agent"}, {"p": 568, "c": 0.9, "s": 166675, "e": 166837, "w": "的", "sp": "Agent"}, {"p": 569, "c": 0.9, "s": 166837, "e": 167162, "w": "了解", "sp": "Agent"}, {"p": 570, "c": 0.9, "s": 167162, "e": 167325, "w": "到", "sp": "Agent"}, {"p": 571, "c": 0.9, "s": 167325, "e": 167487, "w": "了", "sp": "Agent"}, {"p": 572, "c": 0.9, "s": 167487, "e": 167650, "w": "不", "sp": "Agent"}, {"p": 573, "c": 0.9, "s": 167650, "e": 167974, "w": "知道", "sp": "Agent"}, {"p": 574, "c": 0.9, "s": 167975, "e": 168138, "w": "你", "sp": "Agent"}, {"p": 575, "c": 0.9, "s": 168138, "e": 168463, "w": "手上", "sp": "Agent"}, {"p": 576, "c": 0.9, "s": 168463, "e": 168950, "w": "有没有", "sp": "Agent"}, {"p": 577, "c": 0.9, "s": 168950, "e": 169438, "w": "户型图", "sp": "Agent"}, {"p": 578, "c": 0.9, "s": 169438, "e": 169601, "w": "呢", "sp": "Agent"}, {"p": 579, "c": 0.9, "s": 169601, "e": 169926, "w": "如果", "sp": "Agent"}, {"p": 580, "c": 0.9, "s": 169926, "e": 170088, "w": "有", "sp": "Agent"}, {"p": 581, "c": 0.9, "s": 170088, "e": 170413, "w": "的话", "sp": "Agent"}, {"p": 582, "c": 0.9, "s": 170413, "e": 170739, "w": "这边", "sp": "Agent"}, {"p": 583, "c": 0.9, "s": 170739, "e": 170901, "w": "也", "sp": "Agent"}, {"p": 584, "c": 0.9, "s": 170901, "e": 171226, "w": "可以", "sp": "Agent"}, {"p": 585, "c": 0.9, "s": 171226, "e": 171551, "w": "初步", "sp": "Agent"}, {"p": 586, "c": 0.9, "s": 171551, "e": 171713, "w": "为", "sp": "Agent"}, {"p": 587, "c": 0.9, "s": 171714, "e": 171876, "w": "您", "sp": "Agent"}, {"p": 588, "c": 0.9, "s": 171876, "e": 172039, "w": "做", "sp": "Agent"}, {"p": 589, "c": 0.9, "s": 172039, "e": 172202, "w": "个", "sp": "Agent"}, {"p": 590, "c": 0.9, "s": 172202, "e": 172527, "w": "空调", "sp": "Agent"}, {"p": 591, "c": 0.9, "s": 172527, "e": 173176, "w": "设计方案", "sp": "Agent"}, {"p": 592, "c": 0.9, "s": 173177, "e": 173340, "w": "的", "sp": "Agent"}, {"p": 593, "c": 0.9, "s": 174160, "e": 174369, "w": "我", "sp": "Customer"}, {"p": 594, "c": 0.9, "s": 174369, "e": 174787, "w": "现在", "sp": "Customer"}, {"p": 595, "c": 0.9, "s": 174787, "e": 174996, "w": "我", "sp": "Customer"}, {"p": 596, "c": 0.9, "s": 174996, "e": 175415, "w": "手上", "sp": "Customer"}, {"p": 597, "c": 0.9, "s": 175415, "e": 175833, "w": "手机", "sp": "Customer"}, {"p": 598, "c": 0.9, "s": 175833, "e": 176042, "w": "上", "sp": "Customer"}, {"p": 599, "c": 0.9, "s": 176042, "e": 176460, "w": "没有", "sp": "Customer"}, {"p": 600, "c": 0.9, "s": 176250, "e": 176614, "w": "没有", "sp": "Agent"}, {"p": 601, "c": 0.9, "s": 176460, "e": 176670, "w": "哎", "sp": "Customer"}, {"p": 602, "c": 0.9, "s": 176614, "e": 176796, "w": "对", "sp": "Agent"}, {"p": 603, "c": 0.9, "s": 176796, "e": 176978, "w": "吗", "sp": "Agent"}, {"p": 604, "c": 0.9, "s": 176978, "e": 177160, "w": "那", "sp": "Agent"}, {"p": 605, "c": 0.9, "s": 177160, "e": 177524, "w": "稍后", "sp": "Agent"}, {"p": 606, "c": 0.9, "s": 177524, "e": 177888, "w": "的话", "sp": "Agent"}, {"p": 607, "c": 0.9, "s": 177888, "e": 178252, "w": "我会", "sp": "Agent"}, {"p": 608, "c": 0.9, "s": 178252, "e": 178434, "w": "让", "sp": "Agent"}, {"p": 609, "c": 0.9, "s": 178434, "e": 178616, "w": "先", "sp": "Agent"}, {"p": 610, "c": 0.9, "s": 178616, "e": 178798, "w": "先", "sp": "Agent"}, {"p": 611, "c": 0.9, "s": 178798, "e": 178981, "w": "让", "sp": "Agent"}, {"p": 612, "c": 0.9, "s": 178981, "e": 179345, "w": "当地", "sp": "Agent"}, {"p": 613, "c": 0.9, "s": 179345, "e": 179527, "w": "的", "sp": "Agent"}, {"p": 614, "c": 0.9, "s": 179527, "e": 179890, "w": "门店", "sp": "Agent"}, {"p": 615, "c": 0.9, "s": 179891, "e": 180255, "w": "联系", "sp": "Agent"}, {"p": 616, "c": 0.9, "s": 180255, "e": 180437, "w": "到", "sp": "Agent"}, {"p": 617, "c": 0.9, "s": 180437, "e": 180619, "w": "您", "sp": "Agent"}, {"p": 618, "c": 0.9, "s": 180619, "e": 180801, "w": "您", "sp": "Agent"}, {"p": 619, "c": 0.9, "s": 180801, "e": 180983, "w": "看", "sp": "Agent"}, {"p": 620, "c": 0.9, "s": 180983, "e": 181347, "w": "可以", "sp": "Agent"}, {"p": 621, "c": 0.9, "s": 181120, "e": 182099, "w": "可以", "sp": "Customer"}, {"p": 622, "c": 0.9, "s": 181347, "e": 181530, "w": "吗", "sp": "Agent"}, {"p": 623, "c": 0.9, "s": 181810, "e": 181979, "w": "嗯", "sp": "Agent"}, {"p": 624, "c": 0.9, "s": 181979, "e": 182488, "w": "手机号", "sp": "Agent"}, {"p": 625, "c": 0.9, "s": 182488, "e": 182658, "w": "是", "sp": "Agent"}, {"p": 626, "c": 0.9, "s": 182658, "e": 182828, "w": "您", "sp": "Agent"}, {"p": 627, "c": 0.9, "s": 182828, "e": 182998, "w": "的", "sp": "Agent"}, {"p": 628, "c": 0.9, "s": 182998, "e": 183167, "w": "微", "sp": "Agent"}, {"p": 629, "c": 0.9, "s": 183167, "e": 183507, "w": "信号", "sp": "Agent"}, {"p": 630, "c": 0.9, "s": 183507, "e": 183676, "w": "吗", "sp": "Agent"}, {"p": 631, "c": 0.9, "s": 183676, "e": 184185, "w": "就是说", "sp": "Agent"}, {"p": 632, "c": 0.9, "s": 184186, "e": 184525, "w": "如果", "sp": "Agent"}, {"p": 633, "c": 0.9, "s": 184525, "e": 184864, "w": "当地", "sp": "Agent"}, {"p": 634, "c": 0.9, "s": 184865, "e": 185204, "w": "电话", "sp": "Agent"}, {"p": 635, "c": 0.9, "s": 185204, "e": 185543, "w": "没有", "sp": "Agent"}, {"p": 636, "c": 0.9, "s": 185543, "e": 185883, "w": "打通", "sp": "Agent"}, {"p": 637, "c": 0.9, "s": 185883, "e": 186222, "w": "可以", "sp": "Agent"}, {"p": 638, "c": 0.9, "s": 186222, "e": 186392, "w": "加", "sp": "Agent"}, {"p": 639, "c": 0.9, "s": 186392, "e": 186731, "w": "一下", "sp": "Agent"}, {"p": 640, "c": 0.9, "s": 186731, "e": 186901, "w": "您", "sp": "Agent"}, {"p": 641, "c": 0.9, "s": 186901, "e": 187071, "w": "的", "sp": "Agent"}, {"p": 642, "c": 0.9, "s": 187071, "e": 187241, "w": "微", "sp": "Agent"}, {"p": 643, "c": 0.9, "s": 187241, "e": 187410, "w": "信", "sp": "Agent"}, {"p": 644, "c": 0.9, "s": 187410, "e": 187750, "w": "联系", "sp": "Agent"}, {"p": 645, "c": 0.9, "s": 187650, "e": 187857, "w": "对", "sp": "Customer"}, {"p": 646, "c": 0.9, "s": 187750, "e": 187920, "w": "吗", "sp": "Agent"}, {"p": 647, "c": 0.9, "s": 187858, "e": 188274, "w": "不要", "sp": "Customer"}, {"p": 648, "c": 0.9, "s": 188274, "e": 188898, "w": "打电话", "sp": "Customer"}, {"p": 649, "c": 0.9, "s": 188898, "e": 189105, "w": "给", "sp": "Customer"}, {"p": 650, "c": 0.9, "s": 189106, "e": 189314, "w": "我", "sp": "Customer"}, {"p": 651, "c": 0.9, "s": 189314, "e": 189521, "w": "好", "sp": "Customer"}, {"p": 652, "c": 0.9, "s": 189350, "e": 189516, "w": "好", "sp": "Agent"}, {"p": 653, "c": 0.9, "s": 189516, "e": 189682, "w": "的", "sp": "Agent"}, {"p": 654, "c": 0.9, "s": 189522, "e": 189730, "w": "吧", "sp": "Customer"}, {"p": 655, "c": 0.9, "s": 189682, "e": 189848, "w": "好", "sp": "Agent"}, {"p": 656, "c": 0.9, "s": 189848, "e": 190014, "w": "的", "sp": "Agent"}, {"p": 657, "c": 0.9, "s": 190014, "e": 190180, "w": "好", "sp": "Agent"}, {"p": 658, "c": 0.9, "s": 190180, "e": 190346, "w": "的", "sp": "Agent"}, {"p": 659, "c": 0.9, "s": 190346, "e": 190678, "w": "了解", "sp": "Agent"}, {"p": 660, "c": 0.9, "s": 190679, "e": 190845, "w": "到", "sp": "Agent"}, {"p": 661, "c": 0.9, "s": 190845, "e": 191011, "w": "了", "sp": "Agent"}, {"p": 662, "c": 0.9, "s": 191011, "e": 191177, "w": "那", "sp": "Agent"}, {"p": 663, "c": 0.9, "s": 191177, "e": 191510, "w": "稍后", "sp": "Agent"}, {"p": 664, "c": 0.9, "s": 191510, "e": 191842, "w": "的话", "sp": "Agent"}, {"p": 665, "c": 0.9, "s": 191842, "e": 192008, "w": "您", "sp": "Agent"}, {"p": 666, "c": 0.9, "s": 192008, "e": 192340, "w": "这边", "sp": "Agent"}, {"p": 667, "c": 0.9, "s": 192340, "e": 192672, "w": "注意", "sp": "Agent"}, {"p": 668, "c": 0.9, "s": 192673, "e": 193005, "w": "接听", "sp": "Agent"}, {"p": 669, "c": 0.9, "s": 193005, "e": 193337, "w": "电话", "sp": "Agent"}, {"p": 670, "c": 0.9, "s": 193337, "e": 193503, "w": "好", "sp": "Agent"}, {"p": 671, "c": 0.9, "s": 193503, "e": 193670, "w": "吗", "sp": "Agent"}, {"p": 672, "c": 0.9, "s": 193950, "e": 194131, "w": "嗯", "sp": "Agent"}, {"p": 673, "c": 0.9, "s": 194131, "e": 194312, "w": "那", "sp": "Agent"}, {"p": 674, "c": 0.9, "s": 194312, "e": 194675, "w": "这边", "sp": "Agent"}, {"p": 675, "c": 0.9, "s": 194675, "e": 194856, "w": "就", "sp": "Agent"}, {"p": 676, "c": 0.9, "s": 194856, "e": 195037, "w": "不", "sp": "Agent"}, {"p": 677, "c": 0.9, "s": 195037, "e": 195400, "w": "打扰", "sp": "Agent"}, {"p": 678, "c": 0.9, "s": 195400, "e": 195581, "w": "您", "sp": "Agent"}, {"p": 679, "c": 0.9, "s": 195581, "e": 195762, "w": "了", "sp": "Agent"}, {"p": 680, "c": 0.9, "s": 195762, "e": 196306, "w": "感谢您", "sp": "Agent"}, {"p": 681, "c": 0.9, "s": 196306, "e": 196487, "w": "的", "sp": "Agent"}, {"p": 682, "c": 0.9, "s": 196487, "e": 196850, "w": "聆听", "sp": "Agent"}, {"p": 683, "c": 0.9, "s": 196850, "e": 197212, "w": "祝您", "sp": "Agent"}, {"p": 684, "c": 0.9, "s": 197212, "e": 197575, "w": "生活", "sp": "Agent"}, {"p": 685, "c": 0.9, "s": 197575, "e": 197937, "w": "愉快", "sp": "Agent"}, {"p": 686, "c": 0.9, "s": 197937, "e": 198300, "w": "再见", "sp": "Agent"}]}, "plainText": "您好 张 先生 这边 是 大金 空调 厂房 客服 中心 的 之前 有 跟 您 来电 您 这 这边 方便 通话\n对\n吗\n你 说\n嗯 那 这边 也 是 跟 您 确认 一下 您 近期 是否 想 了解 咨询 中央 空调 是\n对\n的 吗 嗯 因为 我们 这边 的话 会 安排 当地 的 门店 稍后 的话 根据 您 这边 的 房屋 基本 情况 会 为 您 设计 一个 方案 和 报价 供 您 参考 一下 的 好\n好\n吗\n的\n嗯 那 您 房屋 所在地 是 在 南京市\n不在\n对 吗\n那里 在 忙 着\n呃 在 安徽 马山 对\n对\n吗 啊 稍 等 一下 马鞍山 市 哪个 区县 呢\n万 山区\n花山 区 对\n对\n吗 嗯 那 您 这边 房屋 面积 大概 是 多少 平 几 室 几 厅\n一百\n呢\n三\n一百 二十二 是 个 四 房 两 厅 的 毛坯 新房 对 吗\n上次 良性 两 位\n哦 三室 两 厅 两 卫 是 毛坯 新房 对\n对\n吗 嗯 那 您 这边 的话 是 打算 什么 时候 开始 动工 装修 呢 有没有 没有 进 中航 公司 呢\n还 没有 我 正在 考虑 当中\n啊 还 在 考虑 做 个 提前 的 了解 大概 四五 月份 的 样子 开始 动工\n对\n对 吗 嗯 了解 到 了 那 您 这边 有 去 过 门店 去 了解 过 我们 的 产品 吗\n我 去 了 怎么 给 力\n啊 有 了解 过 其他 品牌 对 吗\n对\n啊 那 这边 跟 您 做 个 简单 的 介绍 您 看 可以\n不 需要\n吗\n介绍 你 要 跟 我 联系 一下 就 行 好\n啊\n吧\n好 的 那 这边 再 冒昧 的 问 一下 您 这边 的话 除了 中央 空调 以外 信封 和 电脑 有 考虑 一同 安装 吗\n肯定 要 考虑 啊 你 这个\n嗯\n空调 的话 你 冬天 肯定 不行 夏天 的 一个\n嗯\n空调 是 可以 冬天 的话 去 哪 估计\n嗯\n空调 效果 比较 差 吧\n嗯 嗯 不是 这边 是 根据 您 这边 的 一个 需求 的 有 的 他 生活 要求 的话 就 可能 智能 效果 比较 高 的话 他 就 考虑 地 暖 的 因为 我们 现在 地 暖 的话 它 是 跟 我们 中央 空调 它 是 连接 一个 外 接 的 一个 两年 供 产品 西风 的话 它 是 跟 我们 这样 空调 它 也 是 走 吊顶 的 是 一个 单独 的 管道 也 是 可以 跟 我们 这样 空调\n你 是\n联动\n要\n的\n人工 系统 对 吧\n嗯 怎么 说\n就是 恒温 系 三 恒温 系统 啊\n啊\n是\n您\n吧\n说 的 是 三 横 三 横 系统 对\n对 对\n吗\n对 不是 你 的 是 这种 啊 怎么\n啊 那\n讲\n是 这样 的 先生 这边 跟 您 解释 一下 我们 这边 的话 是不是 三 核 系统 但是 我们 的 中央 空调 跟 新风 进展 的话 都 是 可以 联动 的 包括 我们 功能 形式 内 机 也 会 有 多样化 的\n那行 啊 我们 到时候 资料 给 我 你 叫 门店 来 给 我 了解 一下 了 我 我 只要 开具 个 方案 公章 都 不准 不准 备 好 我 都 到 外面 去 领 啊\n嗯 好 的 好 的 了解 到 了 嗯 那 方便 告知 一下 您 的 小区 楼盘 名称 或者 是 在 哪 条 路段 上 方便\n福州\n告知\n路\n吗\n福州 路\n湖东 路 对\n对\n吗 嗯 好 的 了解 到 了 不 知道 你 手上 有没有 户型图 呢 如果 有 的话 这边 也 可以 初步 为 您 做 个 空调 设计方案 的\n我 现在 我 手上 手机 上 没有\n没有\n哎\n对 吗 那 稍后 的话 我会 让 先 先 让 当地 的 门店 联系 到 您 您 看 可以\n可以\n吗 嗯 手机号 是 您 的 微 信号 吗 就是说 如果 当地 电话 没有 打通 可以 加 一下 您 的 微 信 联系\n对\n吗\n不要 打电话 给 我 好\n好 的\n吧\n好 的 好 的 了解 到 了 那 稍后 的话 您 这边 注意 接听 电话 好 吗 嗯 那 这边 就 不 打扰 您 了 感谢您 的 聆听 祝您 生活 愉快 再见", "plainTextTime": {"verbatims": [{"s": 820, "e": 7260, "w": "您好 张 先生 这边 是 大金 空调 厂房 客服 中心 的 之前 有 跟 您 来电 您 这 这边 方便 通话", "sp": "Agent"}, {"s": 7150, "e": 7630, "w": "对", "sp": "Customer"}, {"s": 7260, "e": 7450, "w": "吗", "sp": "Agent"}, {"s": 7630, "e": 8589, "w": "你 说", "sp": "Customer"}, {"s": 8310, "e": 13579, "w": "嗯 那 这边 也 是 跟 您 确认 一下 您 近期 是否 想 了解 咨询 中央 空调 是", "sp": "Agent"}, {"s": 13430, "e": 14460, "w": "对", "sp": "Customer"}, {"s": 13579, "e": 23593, "w": "的 吗 嗯 因为 我们 这边 的话 会 安排 当地 的 门店 稍后 的话 根据 您 这边 的 房屋 基本 情况 会 为 您 设计 一个 方案 和 报价 供 您 参考 一下 的 好", "sp": "Agent"}, {"s": 23490, "e": 23970, "w": "好", "sp": "Customer"}, {"s": 23593, "e": 23770, "w": "吗", "sp": "Agent"}, {"s": 23970, "e": 24449, "w": "的", "sp": "Customer"}, {"s": 24120, "e": 27118, "w": "嗯 那 您 房屋 所在地 是 在 南京市", "sp": "Agent"}, {"s": 27090, "e": 27572, "w": "不在", "sp": "Customer"}, {"s": 27118, "e": 27580, "w": "对 吗", "sp": "Agent"}, {"s": 27572, "e": 28780, "w": "那里 在 忙 着", "sp": "Customer"}, {"s": 28610, "e": 30937, "w": "呃 在 安徽 马山 对", "sp": "Agent"}, {"s": 30780, "e": 31840, "w": "对", "sp": "Customer"}, {"s": 30937, "e": 39110, "w": "吗 啊 稍 等 一下 马鞍山 市 哪个 区县 呢", "sp": "Agent"}, {"s": 38970, "e": 40260, "w": "万 山区", "sp": "Customer"}, {"s": 39910, "e": 41510, "w": "花山 区 对", "sp": "Agent"}, {"s": 41460, "e": 42500, "w": "对", "sp": "Customer"}, {"s": 41510, "e": 46050, "w": "吗 嗯 那 您 这边 房屋 面积 大概 是 多少 平 几 室 几 厅", "sp": "Agent"}, {"s": 46000, "e": 46906, "w": "一百", "sp": "Customer"}, {"s": 46050, "e": 46250, "w": "呢", "sp": "Agent"}, {"s": 46906, "e": 47359, "w": "三", "sp": "Customer"}, {"s": 47290, "e": 51079, "w": "一百 二十二 是 个 四 房 两 厅 的 毛坯 新房 对 吗", "sp": "Agent"}, {"s": 52010, "e": 54840, "w": "上次 良性 两 位", "sp": "Customer"}, {"s": 54520, "e": 58197, "w": "哦 三室 两 厅 两 卫 是 毛坯 新房 对", "sp": "Agent"}, {"s": 57970, "e": 59000, "w": "对", "sp": "Customer"}, {"s": 58197, "e": 64589, "w": "吗 嗯 那 您 这边 的话 是 打算 什么 时候 开始 动工 装修 呢 有没有 没有 进 中航 公司 呢", "sp": "Agent"}, {"s": 65519, "e": 67479, "w": "还 没有 我 正在 考虑 当中", "sp": "Customer"}, {"s": 67260, "e": 71750, "w": "啊 还 在 考虑 做 个 提前 的 了解 大概 四五 月份 的 样子 开始 动工", "sp": "Agent"}, {"s": 71510, "e": 72620, "w": "对", "sp": "Customer"}, {"s": 71750, "e": 76690, "w": "对 吗 嗯 了解 到 了 那 您 这边 有 去 过 门店 去 了解 过 我们 的 产品 吗", "sp": "Agent"}, {"s": 76780, "e": 79539, "w": "我 去 了 怎么 给 力", "sp": "Customer"}, {"s": 80030, "e": 82860, "w": "啊 有 了解 过 其他 品牌 对 吗", "sp": "Agent"}, {"s": 82690, "e": 83690, "w": "对", "sp": "Customer"}, {"s": 83490, "e": 87409, "w": "啊 那 这边 跟 您 做 个 简单 的 介绍 您 看 可以", "sp": "Agent"}, {"s": 87230, "e": 87731, "w": "不 需要", "sp": "Customer"}, {"s": 87409, "e": 87640, "w": "吗", "sp": "Agent"}, {"s": 87731, "e": 89902, "w": "介绍 你 要 跟 我 联系 一下 就 行 好", "sp": "Customer"}, {"s": 89770, "e": 89944, "w": "啊", "sp": "Agent"}, {"s": 89902, "e": 90070, "w": "吧", "sp": "Customer"}, {"s": 89944, "e": 96570, "w": "好 的 那 这边 再 冒昧 的 问 一下 您 这边 的话 除了 中央 空调 以外 信封 和 电脑 有 考虑 一同 安装 吗", "sp": "Agent"}, {"s": 96660, "e": 98432, "w": "肯定 要 考虑 啊 你 这个", "sp": "Customer"}, {"s": 98320, "e": 99270, "w": "嗯", "sp": "Agent"}, {"s": 98432, "e": 101583, "w": "空调 的话 你 冬天 肯定 不行 夏天 的 一个", "sp": "Customer"}, {"s": 101540, "e": 102440, "w": "嗯", "sp": "Agent"}, {"s": 101583, "e": 104144, "w": "空调 是 可以 冬天 的话 去 哪 估计", "sp": "Customer"}, {"s": 103940, "e": 104850, "w": "嗯", "sp": "Agent"}, {"s": 104144, "e": 105720, "w": "空调 效果 比较 差 吧", "sp": "Customer"}, {"s": 105690, "e": 125191, "w": "嗯 嗯 不是 这边 是 根据 您 这边 的 一个 需求 的 有 的 他 生活 要求 的话 就 可能 智能 效果 比较 高 的话 他 就 考虑 地 暖 的 因为 我们 现在 地 暖 的话 它 是 跟 我们 中央 空调 它 是 连接 一个 外 接 的 一个 两年 供 产品 西风 的话 它 是 跟 我们 这样 空调 它 也 是 走 吊顶 的 是 一个 单独 的 管道 也 是 可以 跟 我们 这样 空调", "sp": "Agent"}, {"s": 124920, "e": 125333, "w": "你 是", "sp": "Customer"}, {"s": 125192, "e": 125517, "w": "联动", "sp": "Agent"}, {"s": 125333, "e": 125540, "w": "要", "sp": "Customer"}, {"s": 125517, "e": 125680, "w": "的", "sp": "Agent"}, {"s": 125540, "e": 126780, "w": "人工 系统 对 吧", "sp": "Customer"}, {"s": 126660, "e": 128140, "w": "嗯 怎么 说", "sp": "Agent"}, {"s": 128350, "e": 131090, "w": "就是 恒温 系 三 恒温 系统 啊", "sp": "Customer"}, {"s": 130880, "e": 131172, "w": "啊", "sp": "Agent"}, {"s": 131091, "e": 131340, "w": "是", "sp": "Customer"}, {"s": 131172, "e": 131464, "w": "您", "sp": "Agent"}, {"s": 131340, "e": 131590, "w": "吧", "sp": "Customer"}, {"s": 131464, "e": 134387, "w": "说 的 是 三 横 三 横 系统 对", "sp": "Agent"}, {"s": 134140, "e": 134543, "w": "对 对", "sp": "Customer"}, {"s": 134387, "e": 134680, "w": "吗", "sp": "Agent"}, {"s": 134544, "e": 136767, "w": "对 不是 你 的 是 这种 啊 怎么", "sp": "Customer"}, {"s": 136570, "e": 136900, "w": "啊 那", "sp": "Agent"}, {"s": 136767, "e": 136970, "w": "讲", "sp": "Customer"}, {"s": 136900, "e": 147980, "w": "是 这样 的 先生 这边 跟 您 解释 一下 我们 这边 的话 是不是 三 核 系统 但是 我们 的 中央 空调 跟 新风 进展 的话 都 是 可以 联动 的 包括 我们 功能 形式 内 机 也 会 有 多样化 的", "sp": "Agent"}, {"s": 147910, "e": 156450, "w": "那行 啊 我们 到时候 资料 给 我 你 叫 门店 来 给 我 了解 一下 了 我 我 只要 开具 个 方案 公章 都 不准 不准 备 好 我 都 到 外面 去 领 啊", "sp": "Customer"}, {"s": 156360, "e": 162775, "w": "嗯 好 的 好 的 了解 到 了 嗯 那 方便 告知 一下 您 的 小区 楼盘 名称 或者 是 在 哪 条 路段 上 方便", "sp": "Agent"}, {"s": 162550, "e": 163090, "w": "福州", "sp": "Customer"}, {"s": 162775, "e": 163131, "w": "告知", "sp": "Agent"}, {"s": 163090, "e": 163360, "w": "路", "sp": "Customer"}, {"s": 163131, "e": 163310, "w": "吗", "sp": "Agent"}, {"s": 163360, "e": 164170, "w": "福州 路", "sp": "Customer"}, {"s": 164020, "e": 165548, "w": "湖东 路 对", "sp": "Agent"}, {"s": 165420, "e": 166430, "w": "对", "sp": "Customer"}, {"s": 165548, "e": 173340, "w": "吗 嗯 好 的 了解 到 了 不 知道 你 手上 有没有 户型图 呢 如果 有 的话 这边 也 可以 初步 为 您 做 个 空调 设计方案 的", "sp": "Agent"}, {"s": 174160, "e": 176460, "w": "我 现在 我 手上 手机 上 没有", "sp": "Customer"}, {"s": 176250, "e": 176614, "w": "没有", "sp": "Agent"}, {"s": 176460, "e": 176670, "w": "哎", "sp": "Customer"}, {"s": 176614, "e": 181347, "w": "对 吗 那 稍后 的话 我会 让 先 先 让 当地 的 门店 联系 到 您 您 看 可以", "sp": "Agent"}, {"s": 181120, "e": 182099, "w": "可以", "sp": "Customer"}, {"s": 181347, "e": 187750, "w": "吗 嗯 手机号 是 您 的 微 信号 吗 就是说 如果 当地 电话 没有 打通 可以 加 一下 您 的 微 信 联系", "sp": "Agent"}, {"s": 187650, "e": 187857, "w": "对", "sp": "Customer"}, {"s": 187750, "e": 187920, "w": "吗", "sp": "Agent"}, {"s": 187858, "e": 189521, "w": "不要 打电话 给 我 好", "sp": "Customer"}, {"s": 189350, "e": 189682, "w": "好 的", "sp": "Agent"}, {"s": 189522, "e": 189730, "w": "吧", "sp": "Customer"}, {"s": 189682, "e": 198300, "w": "好 的 好 的 了解 到 了 那 稍后 的话 您 这边 注意 接听 电话 好 吗 嗯 那 这边 就 不 打扰 您 了 感谢您 的 聆听 祝您 生活 愉快 再见", "sp": "Agent"}]}, "aqm": {"greeting": {"greeting_said": "您好, 先生, 大金, 空调, 客服", "n_greeting_said": 5, "score": 1}, "closing": {"closing_said": "您, 祝您, 生活, 愉快, 再见", "n_closing_said": 5, "score": 1}, "speed": {"speed_max": 6.15, "n_words": 120, "words": "嗯 嗯 不是 这边 是 根据 您 这边 的 一个 需求 的 有 的 他 生活 要求 的话 就 可能 智能 效果 比较 高 的话 他 就 考虑 地 暖 的 因为 我们 现在 地 暖 的话 它 是 跟 我们 中央 空调 它 是 连接 一个 外 接 的 一个 两年 供 产品 西风 的话 它 是 跟 我们 这样 空调 它 也 是 走 吊顶 的 是 一个 单独 的 管道 也 是 可以 跟 我们 这样 空调", "start": 105690, "end": 125191}}}