{"mediaId": "2022031314124930808747435278303001", "status": "Success", "dateCreated": "2022-03-21T18:45:50Z", "contentType": "audio/x-wav", "channels": "future use", "length": 39, "metadata": {"Sid": 10021, "Site_id": 783, "Audio_ch_num": 87474352, "Audio_module_num": 783001, "Audio_start_time_gmt": "2022-03-13T06:12:49.307+08:00", "Transaction_id": "2022031314124930808747435278303001", "ContactID": "9144800636930000301", "Personal_id": "0", "Direction": 2, "Local_audio_start_time": "2022-03-13T14:12:49.307+08:00", "Local_audio_end_time": "2022-03-13T14:13:28.307+08:00", "Total_hold_time": "0", "Pbx_login_id": "800052", "Ani": "600061", "Extension": "600061", "String_extension": "600061", "Switch_call_id": "006f0330e46d4f88", "Switch_id": "783000001", "Duration_seconds": 39, "Wrapup_time_in_seconds": "0", "Dnis": "18941958999", "Number_of_conferences": "0", "Number_of_holds": "0", "Number_of_transfers": "0", "Percent_of_agent_call": "13", "Percent_of_other_call": "4", "Percent_of_mutual_silence": "19", "Num_of_agent_cross": "3", "Num_of_other_cross": "0", "IsException": 0, "CD2": "013GVT56OG919AP72LUHVB5AES000CCG"}, "transcript_detailed": {"words": [{"p": 1, "c": 0.9, "s": 640, "e": 1079, "w": "您好", "sp": "Agent"}, {"p": 2, "c": 0.9, "s": 1080, "e": 1520, "w": "这边", "sp": "Agent"}, {"p": 3, "c": 0.9, "s": 1520, "e": 1740, "w": "是", "sp": "Agent"}, {"p": 4, "c": 0.9, "s": 1740, "e": 2180, "w": "大金", "sp": "Agent"}, {"p": 5, "c": 0.9, "s": 2180, "e": 2620, "w": "空调", "sp": "Agent"}, {"p": 6, "c": 0.9, "s": 2620, "e": 3060, "w": "厂房", "sp": "Agent"}, {"p": 7, "c": 0.9, "s": 3060, "e": 3500, "w": "客服", "sp": "Agent"}, {"p": 8, "c": 0.9, "s": 3500, "e": 3940, "w": "中心", "sp": "Agent"}, {"p": 9, "c": 0.9, "s": 4220, "e": 5479, "w": "你好", "sp": "Agent"}, {"p": 10, "c": 0.9, "s": 6580, "e": 7175, "w": "什么", "sp": "Customer"}, {"p": 11, "c": 0.9, "s": 7175, "e": 7770, "w": "情况", "sp": "Customer"}, {"p": 12, "c": 0.9, "s": 7510, "e": 7685, "w": "嗯", "sp": "Agent"}, {"p": 13, "c": 0.9, "s": 7685, "e": 8035, "w": "我们", "sp": "Agent"}, {"p": 14, "c": 0.9, "s": 8035, "e": 8385, "w": "这边", "sp": "Agent"}, {"p": 15, "c": 0.9, "s": 8385, "e": 8560, "w": "是", "sp": "Agent"}, {"p": 16, "c": 0.9, "s": 8560, "e": 8910, "w": "大金", "sp": "Agent"}, {"p": 17, "c": 0.9, "s": 8910, "e": 9260, "w": "空调", "sp": "Agent"}, {"p": 18, "c": 0.9, "s": 9260, "e": 9610, "w": "厂房", "sp": "Agent"}, {"p": 19, "c": 0.9, "s": 9610, "e": 9960, "w": "客服", "sp": "Agent"}, {"p": 20, "c": 0.9, "s": 9960, "e": 10310, "w": "中心", "sp": "Agent"}, {"p": 21, "c": 0.9, "s": 10310, "e": 10485, "w": "给", "sp": "Agent"}, {"p": 22, "c": 0.9, "s": 10485, "e": 10660, "w": "您", "sp": "Agent"}, {"p": 23, "c": 0.9, "s": 10660, "e": 11010, "w": "来电", "sp": "Agent"}, {"p": 24, "c": 0.9, "s": 11010, "e": 11185, "w": "也", "sp": "Agent"}, {"p": 25, "c": 0.9, "s": 11185, "e": 11360, "w": "是", "sp": "Agent"}, {"p": 26, "c": 0.9, "s": 11360, "e": 11710, "w": "看到", "sp": "Agent"}, {"p": 27, "c": 0.9, "s": 11710, "e": 11885, "w": "您", "sp": "Agent"}, {"p": 28, "c": 0.9, "s": 11885, "e": 12235, "w": "之前", "sp": "Agent"}, {"p": 29, "c": 0.9, "s": 12235, "e": 12410, "w": "在", "sp": "Agent"}, {"p": 30, "c": 0.9, "s": 12410, "e": 12760, "w": "我们", "sp": "Agent"}, {"p": 31, "c": 0.9, "s": 12760, "e": 13110, "w": "平台", "sp": "Agent"}, {"p": 32, "c": 0.9, "s": 13110, "e": 13285, "w": "上", "sp": "Agent"}, {"p": 33, "c": 0.9, "s": 13285, "e": 13460, "w": "有", "sp": "Agent"}, {"p": 34, "c": 0.9, "s": 13460, "e": 13635, "w": "留", "sp": "Agent"}, {"p": 35, "c": 0.9, "s": 13635, "e": 13810, "w": "资", "sp": "Agent"}, {"p": 36, "c": 0.9, "s": 13810, "e": 14160, "w": "这边", "sp": "Agent"}, {"p": 37, "c": 0.9, "s": 14160, "e": 14335, "w": "想", "sp": "Agent"}, {"p": 38, "c": 0.9, "s": 14335, "e": 14510, "w": "跟", "sp": "Agent"}, {"p": 39, "c": 0.9, "s": 14510, "e": 14685, "w": "您", "sp": "Agent"}, {"p": 40, "c": 0.9, "s": 14685, "e": 15035, "w": "确认", "sp": "Agent"}, {"p": 41, "c": 0.9, "s": 15035, "e": 15385, "w": "一下", "sp": "Agent"}, {"p": 42, "c": 0.9, "s": 15385, "e": 15560, "w": "的", "sp": "Agent"}, {"p": 43, "c": 0.9, "s": 15560, "e": 15735, "w": "您", "sp": "Agent"}, {"p": 44, "c": 0.9, "s": 15735, "e": 16084, "w": "近期", "sp": "Agent"}, {"p": 45, "c": 0.9, "s": 16084, "e": 16435, "w": "是否", "sp": "Agent"}, {"p": 46, "c": 0.9, "s": 16435, "e": 16609, "w": "想", "sp": "Agent"}, {"p": 47, "c": 0.9, "s": 16610, "e": 16960, "w": "了解", "sp": "Agent"}, {"p": 48, "c": 0.9, "s": 16960, "e": 17310, "w": "咨询", "sp": "Agent"}, {"p": 49, "c": 0.9, "s": 17310, "e": 17660, "w": "中央", "sp": "Agent"}, {"p": 50, "c": 0.9, "s": 17660, "e": 18010, "w": "空调", "sp": "Agent"}, {"p": 51, "c": 0.9, "s": 18010, "e": 18185, "w": "是", "sp": "Agent"}, {"p": 52, "c": 0.9, "s": 18185, "e": 18359, "w": "吗", "sp": "Agent"}, {"p": 53, "c": 0.9, "s": 21010, "e": 21280, "w": "哎", "sp": "Agent"}, {"p": 54, "c": 0.9, "s": 21280, "e": 21820, "w": "你好", "sp": "Agent"}]}, "plainText": "您好 这边 是 大金 空调 厂房 客服 中心 你好\n什么 情况\n嗯 我们 这边 是 大金 空调 厂房 客服 中心 给 您 来电 也 是 看到 您 之前 在 我们 平台 上 有 留 资 这边 想 跟 您 确认 一下 的 您 近期 是否 想 了解 咨询 中央 空调 是 吗 哎 你好", "plainTextTime": {"verbatims": [{"s": 640, "e": 5479, "w": "您好 这边 是 大金 空调 厂房 客服 中心 你好", "sp": "Agent"}, {"s": 6580, "e": 7770, "w": "什么 情况", "sp": "Customer"}, {"s": 7510, "e": 21820, "w": "嗯 我们 这边 是 大金 空调 厂房 客服 中心 给 您 来电 也 是 看到 您 之前 在 我们 平台 上 有 留 资 这边 想 跟 您 确认 一下 的 您 近期 是否 想 了解 咨询 中央 空调 是 吗 哎 你好", "sp": "Agent"}]}, "aqm": {"greeting": {"greeting_said": "您好, 大金, 空调, 客服", "n_greeting_said": 4, "score": 1}, "closing": {"closing_said": "您", "n_closing_said": 1, "score": 0}, "speed": {"speed_max": 4.54, "n_words": 65, "words": "嗯 我们 这边 是 大金 空调 厂房 客服 中心 给 您 来电 也 是 看到 您 之前 在 我们 平台 上 有 留 资 这边 想 跟 您 确认 一下 的 您 近期 是否 想 了解 咨询 中央 空调 是 吗 哎 你好", "start": 7510, "end": 21820}}}