{"mediaId": "2022031316213834108747452678303001", "status": "Success", "dateCreated": "2022-03-21T18:45:50Z", "contentType": "audio/x-wav", "channels": "future use", "length": 82, "metadata": {"Sid": 10123, "Site_id": 783, "Audio_ch_num": 87474526, "Audio_module_num": 783002, "Audio_start_time_gmt": "2022-03-13T08:21:38.34+08:00", "Transaction_id": "2022031316213834108747452678303001", "ContactID": "9144801409830000301", "Personal_id": "0", "Direction": 2, "Local_audio_start_time": "2022-03-13T16:21:38.34+08:00", "Local_audio_end_time": "2022-03-13T16:23:00.34+08:00", "Total_hold_time": "0", "Pbx_login_id": "800021", "Ani": "600018", "Extension": "600018", "String_extension": "600018", "Switch_call_id": "006f0330e46d5062", "Switch_id": "783000001", "Duration_seconds": 82, "Wrapup_time_in_seconds": "0", "Dnis": "13057053293", "Number_of_conferences": "0", "Number_of_holds": "0", "Number_of_transfers": "0", "Percent_of_agent_call": "23", "Percent_of_other_call": "11", "Percent_of_mutual_silence": "23", "Num_of_agent_cross": "15", "Num_of_other_cross": "6", "IsException": 0, "CD2": "013GVT56OG919AP72LUHVB5AES000CJC"}, "transcript_detailed": {"words": [{"p": 1, "c": 0.9, "s": 1280, "e": 1736, "w": "喂", "sp": "Customer"}, {"p": 2, "c": 0.9, "s": 1530, "e": 1967, "w": "喂", "sp": "Agent"}, {"p": 3, "c": 0.9, "s": 1736, "e": 2649, "w": "你好", "sp": "Customer"}, {"p": 4, "c": 0.9, "s": 1967, "e": 2405, "w": "哎", "sp": "Agent"}, {"p": 5, "c": 0.9, "s": 2405, "e": 3280, "w": "你好", "sp": "Agent"}, {"p": 6, "c": 0.9, "s": 3910, "e": 4490, "w": "这件", "sp": "Agent"}, {"p": 7, "c": 0.9, "s": 4140, "e": 5319, "w": "对", "sp": "Customer"}, {"p": 8, "c": 0.9, "s": 4490, "e": 4779, "w": "事", "sp": "Agent"}, {"p": 9, "c": 0.9, "s": 5290, "e": 5700, "w": "空调", "sp": "Agent"}, {"p": 10, "c": 0.9, "s": 5700, "e": 6109, "w": "厂房", "sp": "Agent"}, {"p": 11, "c": 0.9, "s": 6110, "e": 6316, "w": "的", "sp": "Agent"}, {"p": 12, "c": 0.9, "s": 6316, "e": 6521, "w": "呃", "sp": "Agent"}, {"p": 13, "c": 0.9, "s": 6521, "e": 6726, "w": "想", "sp": "Agent"}, {"p": 14, "c": 0.9, "s": 6726, "e": 6931, "w": "跟", "sp": "Agent"}, {"p": 15, "c": 0.9, "s": 6931, "e": 7137, "w": "您", "sp": "Agent"}, {"p": 16, "c": 0.9, "s": 7137, "e": 7342, "w": "做", "sp": "Agent"}, {"p": 17, "c": 0.9, "s": 7342, "e": 7752, "w": "一个", "sp": "Agent"}, {"p": 18, "c": 0.9, "s": 7752, "e": 8163, "w": "简单", "sp": "Agent"}, {"p": 19, "c": 0.9, "s": 8163, "e": 8368, "w": "的", "sp": "Agent"}, {"p": 20, "c": 0.9, "s": 8368, "e": 8779, "w": "回访", "sp": "Agent"}, {"p": 21, "c": 0.9, "s": 8420, "e": 8890, "w": "嗯", "sp": "Customer"}, {"p": 22, "c": 0.9, "s": 8779, "e": 8984, "w": "您", "sp": "Agent"}, {"p": 23, "c": 0.9, "s": 8890, "e": 9360, "w": "你", "sp": "Customer"}, {"p": 24, "c": 0.9, "s": 8984, "e": 9394, "w": "方便", "sp": "Agent"}, {"p": 25, "c": 0.9, "s": 9360, "e": 9830, "w": "说", "sp": "Customer"}, {"p": 26, "c": 0.9, "s": 9394, "e": 9600, "w": "吗", "sp": "Agent"}, {"p": 27, "c": 0.9, "s": 10570, "e": 10766, "w": "嗯", "sp": "Agent"}, {"p": 28, "c": 0.9, "s": 10766, "e": 11158, "w": "就是", "sp": "Agent"}, {"p": 29, "c": 0.9, "s": 11158, "e": 11747, "w": "二月份", "sp": "Agent"}, {"p": 30, "c": 0.9, "s": 11747, "e": 11943, "w": "的", "sp": "Agent"}, {"p": 31, "c": 0.9, "s": 11943, "e": 12335, "w": "时候", "sp": "Agent"}, {"p": 32, "c": 0.9, "s": 12335, "e": 12531, "w": "您", "sp": "Agent"}, {"p": 33, "c": 0.9, "s": 12531, "e": 12924, "w": "这边", "sp": "Agent"}, {"p": 34, "c": 0.9, "s": 12924, "e": 13120, "w": "有", "sp": "Agent"}, {"p": 35, "c": 0.9, "s": 13120, "e": 13316, "w": "个", "sp": "Agent"}, {"p": 36, "c": 0.9, "s": 13316, "e": 13708, "w": "项目", "sp": "Agent"}, {"p": 37, "c": 0.9, "s": 13708, "e": 13905, "w": "要", "sp": "Agent"}, {"p": 38, "c": 0.9, "s": 13905, "e": 14101, "w": "装", "sp": "Agent"}, {"p": 39, "c": 0.9, "s": 14101, "e": 14493, "w": "中央", "sp": "Agent"}, {"p": 40, "c": 0.9, "s": 14493, "e": 14885, "w": "空调", "sp": "Agent"}, {"p": 41, "c": 0.9, "s": 14885, "e": 15278, "w": "我们", "sp": "Agent"}, {"p": 42, "c": 0.9, "s": 15278, "e": 16062, "w": "工作人员", "sp": "Agent"}, {"p": 43, "c": 0.9, "s": 15970, "e": 16312, "w": "嗯", "sp": "Customer"}, {"p": 44, "c": 0.9, "s": 16062, "e": 16259, "w": "有", "sp": "Agent"}, {"p": 45, "c": 0.9, "s": 16259, "e": 16651, "w": "联系", "sp": "Agent"}, {"p": 46, "c": 0.9, "s": 16312, "e": 16654, "w": "有", "sp": "Customer"}, {"p": 47, "c": 0.9, "s": 16651, "e": 16846, "w": "上", "sp": "Agent"}, {"p": 48, "c": 0.9, "s": 16654, "e": 17338, "w": "联系", "sp": "Customer"}, {"p": 49, "c": 0.9, "s": 16847, "e": 17043, "w": "您", "sp": "Agent"}, {"p": 50, "c": 0.9, "s": 17043, "e": 17240, "w": "吗", "sp": "Agent"}, {"p": 51, "c": 0.9, "s": 17338, "e": 17680, "w": "过", "sp": "Customer"}, {"p": 52, "c": 0.9, "s": 18630, "e": 18852, "w": "嗯", "sp": "Agent"}, {"p": 53, "c": 0.9, "s": 18853, "e": 19076, "w": "有", "sp": "Agent"}, {"p": 54, "c": 0.9, "s": 19076, "e": 19299, "w": "跟", "sp": "Agent"}, {"p": 55, "c": 0.9, "s": 19299, "e": 19522, "w": "您", "sp": "Agent"}, {"p": 56, "c": 0.9, "s": 19522, "e": 19744, "w": "说", "sp": "Agent"}, {"p": 57, "c": 0.9, "s": 19745, "e": 19968, "w": "是", "sp": "Agent"}, {"p": 58, "c": 0.9, "s": 19968, "e": 20415, "w": "我们", "sp": "Agent"}, {"p": 59, "c": 0.9, "s": 20415, "e": 20638, "w": "天", "sp": "Agent"}, {"p": 60, "c": 0.9, "s": 20638, "e": 20861, "w": "猫", "sp": "Agent"}, {"p": 61, "c": 0.9, "s": 20861, "e": 21307, "w": "这边", "sp": "Agent"}, {"p": 62, "c": 0.9, "s": 21307, "e": 21752, "w": "安排", "sp": "Agent"}, {"p": 63, "c": 0.9, "s": 21350, "e": 21682, "w": "嗯", "sp": "Customer"}, {"p": 64, "c": 0.9, "s": 21682, "e": 22345, "w": "这个", "sp": "Customer"}, {"p": 65, "c": 0.9, "s": 21753, "e": 21976, "w": "的", "sp": "Agent"}, {"p": 66, "c": 0.9, "s": 21976, "e": 22200, "w": "吗", "sp": "Agent"}, {"p": 67, "c": 0.9, "s": 22346, "e": 23010, "w": "没有", "sp": "Customer"}, {"p": 68, "c": 0.9, "s": 23890, "e": 24613, "w": "没有", "sp": "Agent"}, {"p": 69, "c": 0.9, "s": 24220, "e": 24920, "w": "嗯", "sp": "Customer"}, {"p": 70, "c": 0.9, "s": 24614, "e": 24976, "w": "说", "sp": "Agent"}, {"p": 71, "c": 0.9, "s": 24920, "e": 25620, "w": "对", "sp": "Customer"}, {"p": 72, "c": 0.9, "s": 24976, "e": 25338, "w": "是", "sp": "Agent"}, {"p": 73, "c": 0.9, "s": 25338, "e": 25699, "w": "吧", "sp": "Agent"}, {"p": 74, "c": 0.9, "s": 25980, "e": 26175, "w": "嗯", "sp": "Agent"}, {"p": 75, "c": 0.9, "s": 26176, "e": 26373, "w": "嗯", "sp": "Agent"}, {"p": 76, "c": 0.9, "s": 26373, "e": 26570, "w": "嗯", "sp": "Agent"}, {"p": 77, "c": 0.9, "s": 26570, "e": 26767, "w": "那", "sp": "Agent"}, {"p": 78, "c": 0.9, "s": 26767, "e": 26964, "w": "他", "sp": "Agent"}, {"p": 79, "c": 0.9, "s": 26964, "e": 27358, "w": "这边", "sp": "Agent"}, {"p": 80, "c": 0.9, "s": 27358, "e": 27555, "w": "有", "sp": "Agent"}, {"p": 81, "c": 0.9, "s": 27555, "e": 27949, "w": "邀请", "sp": "Agent"}, {"p": 82, "c": 0.9, "s": 27949, "e": 28146, "w": "您", "sp": "Agent"}, {"p": 83, "c": 0.9, "s": 28146, "e": 28343, "w": "到", "sp": "Agent"}, {"p": 84, "c": 0.9, "s": 28343, "e": 28540, "w": "店", "sp": "Agent"}, {"p": 85, "c": 0.9, "s": 28540, "e": 28933, "w": "里面", "sp": "Agent"}, {"p": 86, "c": 0.9, "s": 28933, "e": 29130, "w": "去", "sp": "Agent"}, {"p": 87, "c": 0.9, "s": 29130, "e": 29327, "w": "吗", "sp": "Agent"}, {"p": 88, "c": 0.9, "s": 29327, "e": 29720, "w": "还是", "sp": "Agent"}, {"p": 89, "c": 0.9, "s": 29721, "e": 29918, "w": "说", "sp": "Agent"}, {"p": 90, "c": 0.9, "s": 29918, "e": 30311, "w": "直接", "sp": "Agent"}, {"p": 91, "c": 0.9, "s": 30070, "e": 30374, "w": "嗯", "sp": "Customer"}, {"p": 92, "c": 0.9, "s": 30312, "e": 30706, "w": "上门", "sp": "Agent"}, {"p": 93, "c": 0.9, "s": 30374, "e": 30678, "w": "他", "sp": "Customer"}, {"p": 94, "c": 0.9, "s": 30678, "e": 31286, "w": "我们", "sp": "Customer"}, {"p": 95, "c": 0.9, "s": 30706, "e": 30903, "w": "了", "sp": "Agent"}, {"p": 96, "c": 0.9, "s": 30903, "e": 31100, "w": "呢", "sp": "Agent"}, {"p": 97, "c": 0.9, "s": 31286, "e": 31590, "w": "是", "sp": "Customer"}, {"p": 98, "c": 0.9, "s": 31590, "e": 32199, "w": "预约", "sp": "Customer"}, {"p": 99, "c": 0.9, "s": 32199, "e": 32807, "w": "上门", "sp": "Customer"}, {"p": 100, "c": 0.9, "s": 32807, "e": 33415, "w": "时间", "sp": "Customer"}, {"p": 101, "c": 0.9, "s": 33415, "e": 33720, "w": "的", "sp": "Customer"}, {"p": 102, "c": 0.9, "s": 34770, "e": 35011, "w": "哦", "sp": "Agent"}, {"p": 103, "c": 0.9, "s": 35011, "e": 35493, "w": "就是", "sp": "Agent"}, {"p": 104, "c": 0.9, "s": 35493, "e": 35975, "w": "直接", "sp": "Agent"}, {"p": 105, "c": 0.9, "s": 35690, "e": 36315, "w": "嗯", "sp": "Customer"}, {"p": 106, "c": 0.9, "s": 35975, "e": 36456, "w": "上门", "sp": "Agent"}, {"p": 107, "c": 0.9, "s": 36315, "e": 36940, "w": "对", "sp": "Customer"}, {"p": 108, "c": 0.9, "s": 36457, "e": 36698, "w": "的", "sp": "Agent"}, {"p": 109, "c": 0.9, "s": 36698, "e": 36939, "w": "是", "sp": "Agent"}, {"p": 110, "c": 0.9, "s": 36939, "e": 37180, "w": "吧", "sp": "Agent"}, {"p": 111, "c": 0.9, "s": 37750, "e": 38007, "w": "嗯", "sp": "Agent"}, {"p": 112, "c": 0.9, "s": 38007, "e": 38265, "w": "好", "sp": "Agent"}, {"p": 113, "c": 0.9, "s": 38265, "e": 38523, "w": "的", "sp": "Agent"}, {"p": 114, "c": 0.9, "s": 38523, "e": 39038, "w": "了解", "sp": "Agent"}, {"p": 115, "c": 0.9, "s": 39038, "e": 39295, "w": "嗯", "sp": "Agent"}, {"p": 116, "c": 0.9, "s": 39296, "e": 39554, "w": "那", "sp": "Agent"}, {"p": 117, "c": 0.9, "s": 39554, "e": 40070, "w": "现在", "sp": "Agent"}, {"p": 118, "c": 0.9, "s": 40070, "e": 40585, "w": "这个", "sp": "Agent"}, {"p": 119, "c": 0.9, "s": 40585, "e": 41100, "w": "方案", "sp": "Agent"}, {"p": 120, "c": 0.9, "s": 41101, "e": 41358, "w": "有", "sp": "Agent"}, {"p": 121, "c": 0.9, "s": 41150, "e": 41399, "w": "嗯", "sp": "Customer"}, {"p": 122, "c": 0.9, "s": 41358, "e": 41616, "w": "给", "sp": "Agent"}, {"p": 123, "c": 0.9, "s": 41399, "e": 41898, "w": "因为", "sp": "Customer"}, {"p": 124, "c": 0.9, "s": 41616, "e": 41874, "w": "您", "sp": "Agent"}, {"p": 125, "c": 0.9, "s": 41874, "e": 42132, "w": "做", "sp": "Agent"}, {"p": 126, "c": 0.9, "s": 41898, "e": 42147, "w": "还", "sp": "Customer"}, {"p": 127, "c": 0.9, "s": 42132, "e": 42390, "w": "吗", "sp": "Agent"}, {"p": 128, "c": 0.9, "s": 42147, "e": 42646, "w": "没有", "sp": "Customer"}, {"p": 129, "c": 0.9, "s": 42646, "e": 42895, "w": "我", "sp": "Customer"}, {"p": 130, "c": 0.9, "s": 42895, "e": 43394, "w": "最近", "sp": "Customer"}, {"p": 131, "c": 0.9, "s": 43394, "e": 43893, "w": "的话", "sp": "Customer"}, {"p": 132, "c": 0.9, "s": 43893, "e": 44142, "w": "还", "sp": "Customer"}, {"p": 133, "c": 0.9, "s": 44142, "e": 44391, "w": "在", "sp": "Customer"}, {"p": 134, "c": 0.9, "s": 44391, "e": 44890, "w": "筹备", "sp": "Customer"}, {"p": 135, "c": 0.9, "s": 44890, "e": 45140, "w": "呢", "sp": "Customer"}, {"p": 136, "c": 0.9, "s": 46260, "e": 46468, "w": "哦", "sp": "Agent"}, {"p": 137, "c": 0.9, "s": 46469, "e": 46888, "w": "就是", "sp": "Agent"}, {"p": 138, "c": 0.9, "s": 46888, "e": 47097, "w": "还", "sp": "Agent"}, {"p": 139, "c": 0.9, "s": 47097, "e": 47307, "w": "在", "sp": "Agent"}, {"p": 140, "c": 0.9, "s": 47307, "e": 47516, "w": "还", "sp": "Agent"}, {"p": 141, "c": 0.9, "s": 47310, "e": 48340, "w": "嗯", "sp": "Customer"}, {"p": 142, "c": 0.9, "s": 47516, "e": 47725, "w": "在", "sp": "Agent"}, {"p": 143, "c": 0.9, "s": 47726, "e": 48145, "w": "跟进", "sp": "Agent"}, {"p": 144, "c": 0.9, "s": 48145, "e": 48354, "w": "中", "sp": "Agent"}, {"p": 145, "c": 0.9, "s": 48354, "e": 48563, "w": "要", "sp": "Agent"}, {"p": 146, "c": 0.9, "s": 48563, "e": 48773, "w": "看", "sp": "Agent"}, {"p": 147, "c": 0.9, "s": 48620, "e": 48936, "w": "啊", "sp": "Customer"}, {"p": 148, "c": 0.9, "s": 48773, "e": 49191, "w": "这个", "sp": "Agent"}, {"p": 149, "c": 0.9, "s": 48936, "e": 49252, "w": "对", "sp": "Customer"}, {"p": 150, "c": 0.9, "s": 49192, "e": 49611, "w": "进度", "sp": "Agent"}, {"p": 151, "c": 0.9, "s": 49252, "e": 49568, "w": "对", "sp": "Customer"}, {"p": 152, "c": 0.9, "s": 49568, "e": 49884, "w": "对", "sp": "Customer"}, {"p": 153, "c": 0.9, "s": 49611, "e": 49820, "w": "是", "sp": "Agent"}, {"p": 154, "c": 0.9, "s": 49820, "e": 50030, "w": "吧", "sp": "Agent"}, {"p": 155, "c": 0.9, "s": 49884, "e": 50200, "w": "对", "sp": "Customer"}, {"p": 156, "c": 0.9, "s": 51340, "e": 51517, "w": "好", "sp": "Agent"}, {"p": 157, "c": 0.9, "s": 51517, "e": 51695, "w": "的", "sp": "Agent"}, {"p": 158, "c": 0.9, "s": 51695, "e": 52050, "w": "了解", "sp": "Agent"}, {"p": 159, "c": 0.9, "s": 52050, "e": 52226, "w": "嗯", "sp": "Agent"}, {"p": 160, "c": 0.9, "s": 52227, "e": 52405, "w": "那", "sp": "Agent"}, {"p": 161, "c": 0.9, "s": 52405, "e": 52760, "w": "后续", "sp": "Agent"}, {"p": 162, "c": 0.9, "s": 52760, "e": 53292, "w": "如果说", "sp": "Agent"}, {"p": 163, "c": 0.9, "s": 53292, "e": 53470, "w": "有", "sp": "Agent"}, {"p": 164, "c": 0.9, "s": 53470, "e": 53825, "w": "什么", "sp": "Agent"}, {"p": 165, "c": 0.9, "s": 53825, "e": 54180, "w": "其他", "sp": "Agent"}, {"p": 166, "c": 0.9, "s": 54180, "e": 54535, "w": "问题", "sp": "Agent"}, {"p": 167, "c": 0.9, "s": 54535, "e": 54711, "w": "您", "sp": "Agent"}, {"p": 168, "c": 0.9, "s": 54712, "e": 55067, "w": "可以", "sp": "Agent"}, {"p": 169, "c": 0.9, "s": 55020, "e": 55526, "w": "嗯", "sp": "Customer"}, {"p": 170, "c": 0.9, "s": 55067, "e": 55422, "w": "随时", "sp": "Agent"}, {"p": 171, "c": 0.9, "s": 55422, "e": 55777, "w": "联系", "sp": "Agent"}, {"p": 172, "c": 0.9, "s": 55526, "e": 56033, "w": "嗯", "sp": "Customer"}, {"p": 173, "c": 0.9, "s": 55777, "e": 56132, "w": "我们", "sp": "Agent"}, {"p": 174, "c": 0.9, "s": 56033, "e": 56540, "w": "好", "sp": "Customer"}, {"p": 175, "c": 0.9, "s": 56132, "e": 56310, "w": "的", "sp": "Agent"}, {"p": 176, "c": 0.9, "s": 57440, "e": 57626, "w": "好", "sp": "Agent"}, {"p": 177, "c": 0.9, "s": 57550, "e": 58600, "w": "嗯", "sp": "Customer"}, {"p": 178, "c": 0.9, "s": 57626, "e": 57812, "w": "的", "sp": "Agent"}, {"p": 179, "c": 0.9, "s": 57812, "e": 57998, "w": "好", "sp": "Agent"}, {"p": 180, "c": 0.9, "s": 57998, "e": 58184, "w": "的", "sp": "Agent"}, {"p": 181, "c": 0.9, "s": 58184, "e": 58370, "w": "嗯", "sp": "Agent"}, {"p": 182, "c": 0.9, "s": 58370, "e": 58556, "w": "那", "sp": "Agent"}, {"p": 183, "c": 0.9, "s": 58556, "e": 58928, "w": "这边", "sp": "Agent"}, {"p": 184, "c": 0.9, "s": 58928, "e": 59114, "w": "您", "sp": "Agent"}, {"p": 185, "c": 0.9, "s": 59114, "e": 59300, "w": "对", "sp": "Agent"}, {"p": 186, "c": 0.9, "s": 59300, "e": 59857, "w": "经销商", "sp": "Agent"}, {"p": 187, "c": 0.9, "s": 59780, "e": 60199, "w": "嗯", "sp": "Customer"}, {"p": 188, "c": 0.9, "s": 59858, "e": 60044, "w": "的", "sp": "Agent"}, {"p": 189, "c": 0.9, "s": 60044, "e": 60416, "w": "服务", "sp": "Agent"}, {"p": 190, "c": 0.9, "s": 60200, "e": 61040, "w": "满意", "sp": "Customer"}, {"p": 191, "c": 0.9, "s": 60416, "e": 60602, "w": "还", "sp": "Agent"}, {"p": 192, "c": 0.9, "s": 60602, "e": 60974, "w": "满意", "sp": "Agent"}, {"p": 193, "c": 0.9, "s": 60974, "e": 61160, "w": "吗", "sp": "Agent"}, {"p": 194, "c": 0.9, "s": 62080, "e": 62330, "w": "哎", "sp": "Agent"}, {"p": 195, "c": 0.9, "s": 62330, "e": 62580, "w": "好", "sp": "Agent"}, {"p": 196, "c": 0.9, "s": 62580, "e": 62830, "w": "的", "sp": "Agent"}, {"p": 197, "c": 0.9, "s": 62830, "e": 63080, "w": "好", "sp": "Agent"}, {"p": 198, "c": 0.9, "s": 63080, "e": 63330, "w": "的", "sp": "Agent"}, {"p": 199, "c": 0.9, "s": 63330, "e": 63580, "w": "那", "sp": "Agent"}, {"p": 200, "c": 0.9, "s": 63580, "e": 64080, "w": "这边", "sp": "Agent"}, {"p": 201, "c": 0.9, "s": 64080, "e": 64580, "w": "你们", "sp": "Agent"}, {"p": 202, "c": 0.9, "s": 64280, "e": 64736, "w": "嗯", "sp": "Customer"}, {"p": 203, "c": 0.9, "s": 64580, "e": 64830, "w": "您", "sp": "Agent"}, {"p": 204, "c": 0.9, "s": 64736, "e": 65193, "w": "嗯", "sp": "Customer"}, {"p": 205, "c": 0.9, "s": 64830, "e": 65080, "w": "先", "sp": "Agent"}, {"p": 206, "c": 0.9, "s": 65080, "e": 65330, "w": "忙", "sp": "Agent"}, {"p": 207, "c": 0.9, "s": 65193, "e": 65650, "w": "好", "sp": "Customer"}, {"p": 208, "c": 0.9, "s": 66340, "e": 66566, "w": "哎", "sp": "Agent"}, {"p": 209, "c": 0.9, "s": 66560, "e": 66962, "w": "嗯", "sp": "Customer"}, {"p": 210, "c": 0.9, "s": 66567, "e": 67023, "w": "好好", "sp": "Agent"}, {"p": 211, "c": 0.9, "s": 66962, "e": 67365, "w": "嗯", "sp": "Customer"}, {"p": 212, "c": 0.9, "s": 67023, "e": 67250, "w": "好", "sp": "Agent"}, {"p": 213, "c": 0.9, "s": 67250, "e": 67478, "w": "嗯", "sp": "Agent"}, {"p": 214, "c": 0.9, "s": 67365, "e": 67768, "w": "嗯", "sp": "Customer"}, {"p": 215, "c": 0.9, "s": 67478, "e": 67933, "w": "祝您", "sp": "Agent"}, {"p": 216, "c": 0.9, "s": 67768, "e": 68171, "w": "嗯", "sp": "Customer"}, {"p": 217, "c": 0.9, "s": 67933, "e": 68389, "w": "生活", "sp": "Agent"}, {"p": 218, "c": 0.9, "s": 68171, "e": 68574, "w": "嗯", "sp": "Customer"}, {"p": 219, "c": 0.9, "s": 68389, "e": 68844, "w": "愉快", "sp": "Agent"}, {"p": 220, "c": 0.9, "s": 68574, "e": 69380, "w": "再见", "sp": "Customer"}, {"p": 221, "c": 0.9, "s": 68844, "e": 69300, "w": "再见", "sp": "Agent"}]}, "plainText": "喂\n喂\n你好\n哎 你好 这件\n对\n事 空调 厂房 的 呃 想 跟 您 做 一个 简单 的 回访\n嗯\n您\n你\n方便\n说\n吗 嗯 就是 二月份 的 时候 您 这边 有 个 项目 要 装 中央 空调 我们 工作人员\n嗯\n有 联系\n有\n上\n联系\n您 吗\n过\n嗯 有 跟 您 说 是 我们 天 猫 这边 安排\n嗯 这个\n的 吗\n没有\n没有\n嗯\n说\n对\n是 吧 嗯 嗯 嗯 那 他 这边 有 邀请 您 到 店 里面 去 吗 还是 说 直接\n嗯\n上门\n他 我们\n了 呢\n是 预约 上门 时间 的\n哦 就是 直接\n嗯\n上门\n对\n的 是 吧 嗯 好 的 了解 嗯 那 现在 这个 方案 有\n嗯\n给\n因为\n您 做\n还\n吗\n没有 我 最近 的话 还 在 筹备 呢\n哦 就是 还 在 还\n嗯\n在 跟进 中 要 看\n啊\n这个\n对\n进度\n对 对\n是 吧\n对\n好 的 了解 嗯 那 后续 如果说 有 什么 其他 问题 您 可以\n嗯\n随时 联系\n嗯\n我们\n好\n的 好\n嗯\n的 好 的 嗯 那 这边 您 对 经销商\n嗯\n的 服务\n满意\n还 满意 吗 哎 好 的 好 的 那 这边 你们\n嗯\n您\n嗯\n先 忙\n好\n哎\n嗯\n好好\n嗯\n好 嗯\n嗯\n祝您\n嗯\n生活\n嗯\n愉快\n再见\n再见", "plainTextTime": {"verbatims": [{"s": 1280, "e": 1736, "w": "喂", "sp": "Customer"}, {"s": 1530, "e": 1967, "w": "喂", "sp": "Agent"}, {"s": 1736, "e": 2649, "w": "你好", "sp": "Customer"}, {"s": 1967, "e": 4490, "w": "哎 你好 这件", "sp": "Agent"}, {"s": 4140, "e": 5319, "w": "对", "sp": "Customer"}, {"s": 4490, "e": 8779, "w": "事 空调 厂房 的 呃 想 跟 您 做 一个 简单 的 回访", "sp": "Agent"}, {"s": 8420, "e": 8890, "w": "嗯", "sp": "Customer"}, {"s": 8779, "e": 8984, "w": "您", "sp": "Agent"}, {"s": 8890, "e": 9360, "w": "你", "sp": "Customer"}, {"s": 8984, "e": 9394, "w": "方便", "sp": "Agent"}, {"s": 9360, "e": 9830, "w": "说", "sp": "Customer"}, {"s": 9394, "e": 16062, "w": "吗 嗯 就是 二月份 的 时候 您 这边 有 个 项目 要 装 中央 空调 我们 工作人员", "sp": "Agent"}, {"s": 15970, "e": 16312, "w": "嗯", "sp": "Customer"}, {"s": 16062, "e": 16651, "w": "有 联系", "sp": "Agent"}, {"s": 16312, "e": 16654, "w": "有", "sp": "Customer"}, {"s": 16651, "e": 16846, "w": "上", "sp": "Agent"}, {"s": 16654, "e": 17338, "w": "联系", "sp": "Customer"}, {"s": 16847, "e": 17240, "w": "您 吗", "sp": "Agent"}, {"s": 17338, "e": 17680, "w": "过", "sp": "Customer"}, {"s": 18630, "e": 21752, "w": "嗯 有 跟 您 说 是 我们 天 猫 这边 安排", "sp": "Agent"}, {"s": 21350, "e": 22345, "w": "嗯 这个", "sp": "Customer"}, {"s": 21753, "e": 22200, "w": "的 吗", "sp": "Agent"}, {"s": 22346, "e": 23010, "w": "没有", "sp": "Customer"}, {"s": 23890, "e": 24613, "w": "没有", "sp": "Agent"}, {"s": 24220, "e": 24920, "w": "嗯", "sp": "Customer"}, {"s": 24614, "e": 24976, "w": "说", "sp": "Agent"}, {"s": 24920, "e": 25620, "w": "对", "sp": "Customer"}, {"s": 24976, "e": 30311, "w": "是 吧 嗯 嗯 嗯 那 他 这边 有 邀请 您 到 店 里面 去 吗 还是 说 直接", "sp": "Agent"}, {"s": 30070, "e": 30374, "w": "嗯", "sp": "Customer"}, {"s": 30312, "e": 30706, "w": "上门", "sp": "Agent"}, {"s": 30374, "e": 31286, "w": "他 我们", "sp": "Customer"}, {"s": 30706, "e": 31100, "w": "了 呢", "sp": "Agent"}, {"s": 31286, "e": 33720, "w": "是 预约 上门 时间 的", "sp": "Customer"}, {"s": 34770, "e": 35975, "w": "哦 就是 直接", "sp": "Agent"}, {"s": 35690, "e": 36315, "w": "嗯", "sp": "Customer"}, {"s": 35975, "e": 36456, "w": "上门", "sp": "Agent"}, {"s": 36315, "e": 36940, "w": "对", "sp": "Customer"}, {"s": 36457, "e": 41358, "w": "的 是 吧 嗯 好 的 了解 嗯 那 现在 这个 方案 有", "sp": "Agent"}, {"s": 41150, "e": 41399, "w": "嗯", "sp": "Customer"}, {"s": 41358, "e": 41616, "w": "给", "sp": "Agent"}, {"s": 41399, "e": 41898, "w": "因为", "sp": "Customer"}, {"s": 41616, "e": 42132, "w": "您 做", "sp": "Agent"}, {"s": 41898, "e": 42147, "w": "还", "sp": "Customer"}, {"s": 42132, "e": 42390, "w": "吗", "sp": "Agent"}, {"s": 42147, "e": 45140, "w": "没有 我 最近 的话 还 在 筹备 呢", "sp": "Customer"}, {"s": 46260, "e": 47516, "w": "哦 就是 还 在 还", "sp": "Agent"}, {"s": 47310, "e": 48340, "w": "嗯", "sp": "Customer"}, {"s": 47516, "e": 48773, "w": "在 跟进 中 要 看", "sp": "Agent"}, {"s": 48620, "e": 48936, "w": "啊", "sp": "Customer"}, {"s": 48773, "e": 49191, "w": "这个", "sp": "Agent"}, {"s": 48936, "e": 49252, "w": "对", "sp": "Customer"}, {"s": 49192, "e": 49611, "w": "进度", "sp": "Agent"}, {"s": 49252, "e": 49884, "w": "对 对", "sp": "Customer"}, {"s": 49611, "e": 50030, "w": "是 吧", "sp": "Agent"}, {"s": 49884, "e": 50200, "w": "对", "sp": "Customer"}, {"s": 51340, "e": 55067, "w": "好 的 了解 嗯 那 后续 如果说 有 什么 其他 问题 您 可以", "sp": "Agent"}, {"s": 55020, "e": 55526, "w": "嗯", "sp": "Customer"}, {"s": 55067, "e": 55777, "w": "随时 联系", "sp": "Agent"}, {"s": 55526, "e": 56033, "w": "嗯", "sp": "Customer"}, {"s": 55777, "e": 56132, "w": "我们", "sp": "Agent"}, {"s": 56033, "e": 56540, "w": "好", "sp": "Customer"}, {"s": 56132, "e": 57626, "w": "的 好", "sp": "Agent"}, {"s": 57550, "e": 58600, "w": "嗯", "sp": "Customer"}, {"s": 57626, "e": 59857, "w": "的 好 的 嗯 那 这边 您 对 经销商", "sp": "Agent"}, {"s": 59780, "e": 60199, "w": "嗯", "sp": "Customer"}, {"s": 59858, "e": 60416, "w": "的 服务", "sp": "Agent"}, {"s": 60200, "e": 61040, "w": "满意", "sp": "Customer"}, {"s": 60416, "e": 64580, "w": "还 满意 吗 哎 好 的 好 的 那 这边 你们", "sp": "Agent"}, {"s": 64280, "e": 64736, "w": "嗯", "sp": "Customer"}, {"s": 64580, "e": 64830, "w": "您", "sp": "Agent"}, {"s": 64736, "e": 65193, "w": "嗯", "sp": "Customer"}, {"s": 64830, "e": 65330, "w": "先 忙", "sp": "Agent"}, {"s": 65193, "e": 65650, "w": "好", "sp": "Customer"}, {"s": 66340, "e": 66566, "w": "哎", "sp": "Agent"}, {"s": 66560, "e": 66962, "w": "嗯", "sp": "Customer"}, {"s": 66567, "e": 67023, "w": "好好", "sp": "Agent"}, {"s": 66962, "e": 67365, "w": "嗯", "sp": "Customer"}, {"s": 67023, "e": 67478, "w": "好 嗯", "sp": "Agent"}, {"s": 67365, "e": 67768, "w": "嗯", "sp": "Customer"}, {"s": 67478, "e": 67933, "w": "祝您", "sp": "Agent"}, {"s": 67768, "e": 68171, "w": "嗯", "sp": "Customer"}, {"s": 67933, "e": 68389, "w": "生活", "sp": "Agent"}, {"s": 68171, "e": 68574, "w": "嗯", "sp": "Customer"}, {"s": 68389, "e": 68844, "w": "愉快", "sp": "Agent"}, {"s": 68574, "e": 69380, "w": "再见", "sp": "Customer"}, {"s": 68844, "e": 69300, "w": "再见", "sp": "Agent"}]}, "aqm": {"greeting": {"greeting_said": "空调", "n_greeting_said": 1, "score": 0}, "closing": {"closing_said": "您, 祝您, 生活, 愉快, 再见", "n_closing_said": 5, "score": 1}, "speed": {"speed_max": 5.63, "n_words": 21, "words": "好 的 了解 嗯 那 后续 如果说 有 什么 其他 问题 您 可以", "start": 51340, "end": 55067}}}