{"mediaId": "2022031319182533008747469178303001", "status": "Success", "dateCreated": "2022-03-21T18:45:50Z", "contentType": "audio/x-wav", "channels": "future use", "length": 239, "metadata": {"Sid": 10204, "Site_id": 783, "Audio_ch_num": 87474691, "Audio_module_num": 783001, "Audio_start_time_gmt": "2022-03-13T11:18:25.33+08:00", "Transaction_id": "2022031319182533008747469178303001", "ContactID": "9144802470530000301", "Personal_id": "0", "Direction": 1, "Local_audio_start_time": "2022-03-13T19:18:25.33+08:00", "Local_audio_end_time": "2022-03-13T19:22:24.33+08:00", "Total_hold_time": "0", "Pbx_login_id": "800002", "Ani": "15839444999", "Extension": "600027", "String_extension": "600027", "Switch_call_id": "006f0330e46d5128", "Switch_id": "783000001", "Duration_seconds": 239, "Wrapup_time_in_seconds": "0", "Dnis": "02152690551", "Number_of_conferences": "0", "Number_of_holds": "0", "Number_of_transfers": "0", "Percent_of_agent_call": "103", "Percent_of_other_call": "58", "Percent_of_mutual_silence": "53", "Num_of_agent_cross": "19", "Num_of_other_cross": "18", "IsException": 0, "CD2": "013GVT56OG919AP72LUHVB5AES000CPQ"}, "transcript_detailed": {"words": [{"p": 1, "c": 0.9, "s": 0, "e": 420, "w": "喂", "sp": "Agent"}, {"p": 2, "c": 0.9, "s": 420, "e": 1260, "w": "你好", "sp": "Agent"}, {"p": 3, "c": 0.9, "s": 1490, "e": 1718, "w": "喂", "sp": "Customer"}, {"p": 4, "c": 0.9, "s": 1718, "e": 2175, "w": "你好", "sp": "Customer"}, {"p": 5, "c": 0.9, "s": 2175, "e": 2404, "w": "我", "sp": "Customer"}, {"p": 6, "c": 0.9, "s": 2404, "e": 2633, "w": "是", "sp": "Customer"}, {"p": 7, "c": 0.9, "s": 2470, "e": 2705, "w": "喂", "sp": "Agent"}, {"p": 8, "c": 0.9, "s": 2633, "e": 3090, "w": "刚才", "sp": "Customer"}, {"p": 9, "c": 0.9, "s": 2705, "e": 3177, "w": "你好", "sp": "Agent"}, {"p": 10, "c": 0.9, "s": 3090, "e": 3776, "w": "打电话", "sp": "Customer"}, {"p": 11, "c": 0.9, "s": 3177, "e": 3648, "w": "刚才", "sp": "Agent"}, {"p": 12, "c": 0.9, "s": 3648, "e": 3884, "w": "打", "sp": "Agent"}, {"p": 13, "c": 0.9, "s": 3776, "e": 4004, "w": "说", "sp": "Customer"}, {"p": 14, "c": 0.9, "s": 3884, "e": 4120, "w": "电", "sp": "Agent"}, {"p": 15, "c": 0.9, "s": 4004, "e": 4461, "w": "那个", "sp": "Customer"}, {"p": 16, "c": 0.9, "s": 4461, "e": 4919, "w": "大金", "sp": "Customer"}, {"p": 17, "c": 0.9, "s": 4650, "e": 5192, "w": "哎", "sp": "Agent"}, {"p": 18, "c": 0.9, "s": 4919, "e": 5376, "w": "空调", "sp": "Customer"}, {"p": 19, "c": 0.9, "s": 5192, "e": 6276, "w": "你好", "sp": "Agent"}, {"p": 20, "c": 0.9, "s": 5376, "e": 5604, "w": "那", "sp": "Customer"}, {"p": 21, "c": 0.9, "s": 5604, "e": 6062, "w": "一个", "sp": "Customer"}, {"p": 22, "c": 0.9, "s": 6062, "e": 6290, "w": "我", "sp": "Customer"}, {"p": 23, "c": 0.9, "s": 6276, "e": 7360, "w": "你好", "sp": "Agent"}, {"p": 24, "c": 0.9, "s": 6290, "e": 6519, "w": "在", "sp": "Customer"}, {"p": 25, "c": 0.9, "s": 6519, "e": 6976, "w": "这边", "sp": "Customer"}, {"p": 26, "c": 0.9, "s": 6976, "e": 7205, "w": "我", "sp": "Customer"}, {"p": 27, "c": 0.9, "s": 7205, "e": 7661, "w": "怎么", "sp": "Customer"}, {"p": 28, "c": 0.9, "s": 7662, "e": 8348, "w": "看不到", "sp": "Customer"}, {"p": 29, "c": 0.9, "s": 8348, "e": 8575, "w": "啊", "sp": "Customer"}, {"p": 30, "c": 0.9, "s": 8576, "e": 9033, "w": "怎么", "sp": "Customer"}, {"p": 31, "c": 0.9, "s": 9033, "e": 9491, "w": "怎么", "sp": "Customer"}, {"p": 32, "c": 0.9, "s": 9491, "e": 9948, "w": "预约", "sp": "Customer"}, {"p": 33, "c": 0.9, "s": 9948, "e": 10176, "w": "我", "sp": "Customer"}, {"p": 34, "c": 0.9, "s": 10176, "e": 10634, "w": "怎么", "sp": "Customer"}, {"p": 35, "c": 0.9, "s": 10634, "e": 11091, "w": "不会", "sp": "Customer"}, {"p": 36, "c": 0.9, "s": 11080, "e": 11328, "w": "呃", "sp": "Agent"}, {"p": 37, "c": 0.9, "s": 11091, "e": 11320, "w": "啊", "sp": "Customer"}, {"p": 38, "c": 0.9, "s": 11328, "e": 11825, "w": "就是", "sp": "Agent"}, {"p": 39, "c": 0.9, "s": 11825, "e": 12073, "w": "您", "sp": "Agent"}, {"p": 40, "c": 0.9, "s": 12073, "e": 12570, "w": "打开", "sp": "Agent"}, {"p": 41, "c": 0.9, "s": 12570, "e": 13066, "w": "淘宝", "sp": "Agent"}, {"p": 42, "c": 0.9, "s": 13066, "e": 13315, "w": "了", "sp": "Agent"}, {"p": 43, "c": 0.9, "s": 13315, "e": 13563, "w": "吗", "sp": "Agent"}, {"p": 44, "c": 0.9, "s": 13563, "e": 14059, "w": "现在", "sp": "Agent"}, {"p": 45, "c": 0.9, "s": 15770, "e": 16028, "w": "你", "sp": "Customer"}, {"p": 46, "c": 0.9, "s": 16028, "e": 16546, "w": "这样", "sp": "Customer"}, {"p": 47, "c": 0.9, "s": 16546, "e": 17063, "w": "我们", "sp": "Customer"}, {"p": 48, "c": 0.9, "s": 17063, "e": 17322, "w": "能", "sp": "Customer"}, {"p": 49, "c": 0.9, "s": 17322, "e": 17840, "w": "不能", "sp": "Customer"}, {"p": 50, "c": 0.9, "s": 17840, "e": 18098, "w": "说", "sp": "Customer"}, {"p": 51, "c": 0.9, "s": 18098, "e": 18616, "w": "的话", "sp": "Customer"}, {"p": 52, "c": 0.9, "s": 18616, "e": 18875, "w": "我", "sp": "Customer"}, {"p": 53, "c": 0.9, "s": 18875, "e": 19133, "w": "我", "sp": "Customer"}, {"p": 54, "c": 0.9, "s": 19133, "e": 19392, "w": "看", "sp": "Customer"}, {"p": 55, "c": 0.9, "s": 19392, "e": 19910, "w": "一下", "sp": "Customer"}, {"p": 56, "c": 0.9, "s": 20040, "e": 20233, "w": "嗯", "sp": "Agent"}, {"p": 57, "c": 0.9, "s": 20233, "e": 20427, "w": "对", "sp": "Agent"}, {"p": 58, "c": 0.9, "s": 20427, "e": 20815, "w": "就是", "sp": "Agent"}, {"p": 59, "c": 0.9, "s": 20815, "e": 21009, "w": "您", "sp": "Agent"}, {"p": 60, "c": 0.9, "s": 21009, "e": 21397, "w": "打开", "sp": "Agent"}, {"p": 61, "c": 0.9, "s": 21397, "e": 21785, "w": "淘宝", "sp": "Agent"}, {"p": 62, "c": 0.9, "s": 21785, "e": 22173, "w": "然后", "sp": "Agent"}, {"p": 63, "c": 0.9, "s": 22173, "e": 22561, "w": "不是", "sp": "Agent"}, {"p": 64, "c": 0.9, "s": 22561, "e": 22755, "w": "有", "sp": "Agent"}, {"p": 65, "c": 0.9, "s": 22755, "e": 22949, "w": "您", "sp": "Agent"}, {"p": 66, "c": 0.9, "s": 22949, "e": 23142, "w": "对", "sp": "Agent"}, {"p": 67, "c": 0.9, "s": 23050, "e": 23896, "w": "打开", "sp": "Customer"}, {"p": 68, "c": 0.9, "s": 23142, "e": 23336, "w": "您", "sp": "Agent"}, {"p": 69, "c": 0.9, "s": 23336, "e": 23724, "w": "刚才", "sp": "Agent"}, {"p": 70, "c": 0.9, "s": 23724, "e": 23918, "w": "有", "sp": "Agent"}, {"p": 71, "c": 0.9, "s": 23896, "e": 24320, "w": "了", "sp": "Customer"}, {"p": 72, "c": 0.9, "s": 23918, "e": 24112, "w": "和", "sp": "Agent"}, {"p": 73, "c": 0.9, "s": 24112, "e": 24500, "w": "咱们", "sp": "Agent"}, {"p": 74, "c": 0.9, "s": 24500, "e": 24694, "w": "线", "sp": "Agent"}, {"p": 75, "c": 0.9, "s": 24694, "e": 24888, "w": "线", "sp": "Agent"}, {"p": 76, "c": 0.9, "s": 24888, "e": 25082, "w": "上", "sp": "Agent"}, {"p": 77, "c": 0.9, "s": 25082, "e": 25470, "w": "客服", "sp": "Agent"}, {"p": 78, "c": 0.9, "s": 25470, "e": 25664, "w": "有", "sp": "Agent"}, {"p": 79, "c": 0.9, "s": 25664, "e": 25858, "w": "在", "sp": "Agent"}, {"p": 80, "c": 0.9, "s": 25858, "e": 26244, "w": "沟通", "sp": "Agent"}, {"p": 81, "c": 0.9, "s": 26245, "e": 26439, "w": "嘛", "sp": "Agent"}, {"p": 82, "c": 0.9, "s": 26439, "e": 26633, "w": "对", "sp": "Agent"}, {"p": 83, "c": 0.9, "s": 26633, "e": 26827, "w": "吧", "sp": "Agent"}, {"p": 84, "c": 0.9, "s": 26827, "e": 27021, "w": "呃", "sp": "Agent"}, {"p": 85, "c": 0.9, "s": 27021, "e": 27215, "w": "您", "sp": "Agent"}, {"p": 86, "c": 0.9, "s": 27215, "e": 27603, "w": "这边", "sp": "Agent"}, {"p": 87, "c": 0.9, "s": 27603, "e": 27797, "w": "是", "sp": "Agent"}, {"p": 88, "c": 0.9, "s": 27797, "e": 27991, "w": "只", "sp": "Agent"}, {"p": 89, "c": 0.9, "s": 27991, "e": 28379, "w": "需要", "sp": "Agent"}, {"p": 90, "c": 0.9, "s": 28379, "e": 28767, "w": "安装", "sp": "Agent"}, {"p": 91, "c": 0.9, "s": 28767, "e": 29154, "w": "中原", "sp": "Agent"}, {"p": 92, "c": 0.9, "s": 29154, "e": 29542, "w": "空调", "sp": "Agent"}, {"p": 93, "c": 0.9, "s": 29542, "e": 29930, "w": "还是", "sp": "Agent"}, {"p": 94, "c": 0.9, "s": 29930, "e": 30124, "w": "说", "sp": "Agent"}, {"p": 95, "c": 0.9, "s": 30124, "e": 30512, "w": "电缆", "sp": "Agent"}, {"p": 96, "c": 0.9, "s": 30512, "e": 30900, "w": "信封", "sp": "Agent"}, {"p": 97, "c": 0.9, "s": 30900, "e": 31288, "w": "需要", "sp": "Agent"}, {"p": 98, "c": 0.9, "s": 31288, "e": 31676, "w": "安装", "sp": "Agent"}, {"p": 99, "c": 0.9, "s": 31676, "e": 31870, "w": "呢", "sp": "Agent"}, {"p": 100, "c": 0.9, "s": 31780, "e": 32260, "w": "都", "sp": "Customer"}, {"p": 101, "c": 0.9, "s": 32259, "e": 33219, "w": "需要", "sp": "Customer"}, {"p": 102, "c": 0.9, "s": 32599, "e": 32819, "w": "都", "sp": "Agent"}, {"p": 103, "c": 0.9, "s": 32819, "e": 33039, "w": "需", "sp": "Agent"}, {"p": 104, "c": 0.9, "s": 33039, "e": 33478, "w": "要是", "sp": "Agent"}, {"p": 105, "c": 0.9, "s": 33478, "e": 33697, "w": "吧", "sp": "Agent"}, {"p": 106, "c": 0.9, "s": 33697, "e": 33917, "w": "那", "sp": "Agent"}, {"p": 107, "c": 0.9, "s": 33917, "e": 34356, "w": "这边", "sp": "Agent"}, {"p": 108, "c": 0.9, "s": 34356, "e": 34575, "w": "给", "sp": "Agent"}, {"p": 109, "c": 0.9, "s": 34575, "e": 34795, "w": "您", "sp": "Agent"}, {"p": 110, "c": 0.9, "s": 34795, "e": 35233, "w": "发送", "sp": "Agent"}, {"p": 111, "c": 0.9, "s": 35234, "e": 35673, "w": "一个", "sp": "Agent"}, {"p": 112, "c": 0.9, "s": 35673, "e": 36112, "w": "链接", "sp": "Agent"}, {"p": 113, "c": 0.9, "s": 36112, "e": 36331, "w": "你", "sp": "Agent"}, {"p": 114, "c": 0.9, "s": 36331, "e": 36770, "w": "收到", "sp": "Agent"}, {"p": 115, "c": 0.9, "s": 36770, "e": 37210, "w": "没有", "sp": "Agent"}, {"p": 116, "c": 0.9, "s": 37330, "e": 37585, "w": "嗯", "sp": "Customer"}, {"p": 117, "c": 0.9, "s": 37585, "e": 38096, "w": "收到", "sp": "Customer"}, {"p": 118, "c": 0.9, "s": 38096, "e": 38352, "w": "了", "sp": "Customer"}, {"p": 119, "c": 0.9, "s": 38352, "e": 38607, "w": "六", "sp": "Customer"}, {"p": 120, "c": 0.9, "s": 38607, "e": 39118, "w": "六万", "sp": "Customer"}, {"p": 121, "c": 0.9, "s": 39118, "e": 39374, "w": "六", "sp": "Customer"}, {"p": 122, "c": 0.9, "s": 39200, "e": 39420, "w": "嗯", "sp": "Agent"}, {"p": 123, "c": 0.9, "s": 39374, "e": 39630, "w": "的", "sp": "Customer"}, {"p": 124, "c": 0.9, "s": 39420, "e": 39640, "w": "对", "sp": "Agent"}, {"p": 125, "c": 0.9, "s": 39640, "e": 39860, "w": "的", "sp": "Agent"}, {"p": 126, "c": 0.9, "s": 39860, "e": 40080, "w": "六", "sp": "Agent"}, {"p": 127, "c": 0.9, "s": 40080, "e": 40520, "w": "二六", "sp": "Agent"}, {"p": 128, "c": 0.9, "s": 40520, "e": 40740, "w": "你", "sp": "Agent"}, {"p": 129, "c": 0.9, "s": 40740, "e": 40960, "w": "把", "sp": "Agent"}, {"p": 130, "c": 0.9, "s": 40960, "e": 41399, "w": "这个", "sp": "Agent"}, {"p": 131, "c": 0.9, "s": 41400, "e": 41840, "w": "链接", "sp": "Agent"}, {"p": 132, "c": 0.9, "s": 41840, "e": 42280, "w": "打开", "sp": "Agent"}, {"p": 133, "c": 0.9, "s": 42280, "e": 42719, "w": "选择", "sp": "Agent"}, {"p": 134, "c": 0.9, "s": 42720, "e": 43160, "w": "预约", "sp": "Agent"}, {"p": 135, "c": 0.9, "s": 43160, "e": 43380, "w": "到", "sp": "Agent"}, {"p": 136, "c": 0.9, "s": 43380, "e": 43600, "w": "店", "sp": "Agent"}, {"p": 137, "c": 0.9, "s": 43600, "e": 44039, "w": "体验", "sp": "Agent"}, {"p": 138, "c": 0.9, "s": 46300, "e": 46777, "w": "嗯", "sp": "Customer"}, {"p": 139, "c": 0.9, "s": 46777, "e": 47731, "w": "预约", "sp": "Customer"}, {"p": 140, "c": 0.9, "s": 47731, "e": 48208, "w": "到", "sp": "Customer"}, {"p": 141, "c": 0.9, "s": 48208, "e": 48685, "w": "店", "sp": "Customer"}, {"p": 142, "c": 0.9, "s": 48240, "e": 48524, "w": "嗯", "sp": "Agent"}, {"p": 143, "c": 0.9, "s": 48524, "e": 48809, "w": "对", "sp": "Agent"}, {"p": 144, "c": 0.9, "s": 48685, "e": 49640, "w": "体验", "sp": "Customer"}, {"p": 145, "c": 0.9, "s": 48809, "e": 49378, "w": "然后", "sp": "Agent"}, {"p": 146, "c": 0.9, "s": 49379, "e": 49948, "w": "选择", "sp": "Agent"}, {"p": 147, "c": 0.9, "s": 49948, "e": 50518, "w": "门店", "sp": "Agent"}, {"p": 148, "c": 0.9, "s": 50518, "e": 51088, "w": "选择", "sp": "Agent"}, {"p": 149, "c": 0.9, "s": 51088, "e": 51657, "w": "那个", "sp": "Agent"}, {"p": 150, "c": 0.9, "s": 51657, "e": 52227, "w": "咱们", "sp": "Agent"}, {"p": 151, "c": 0.9, "s": 52227, "e": 52512, "w": "的", "sp": "Agent"}, {"p": 152, "c": 0.9, "s": 52512, "e": 53081, "w": "一个", "sp": "Agent"}, {"p": 153, "c": 0.9, "s": 53081, "e": 53651, "w": "郑州", "sp": "Agent"}, {"p": 154, "c": 0.9, "s": 53651, "e": 53936, "w": "的", "sp": "Agent"}, {"p": 155, "c": 0.9, "s": 53936, "e": 54505, "w": "门店", "sp": "Agent"}, {"p": 156, "c": 0.9, "s": 54505, "e": 54790, "w": "就", "sp": "Agent"}, {"p": 157, "c": 0.9, "s": 54790, "e": 55075, "w": "好", "sp": "Agent"}, {"p": 158, "c": 0.9, "s": 55075, "e": 55360, "w": "了", "sp": "Agent"}, {"p": 159, "c": 0.9, "s": 56200, "e": 56445, "w": "您", "sp": "Customer"}, {"p": 160, "c": 0.9, "s": 56445, "e": 56690, "w": "先", "sp": "Customer"}, {"p": 161, "c": 0.9, "s": 56690, "e": 56934, "w": "稍", "sp": "Customer"}, {"p": 162, "c": 0.9, "s": 56935, "e": 57180, "w": "等", "sp": "Customer"}, {"p": 163, "c": 0.9, "s": 57180, "e": 57670, "w": "一下", "sp": "Customer"}, {"p": 164, "c": 0.9, "s": 57670, "e": 57914, "w": "我", "sp": "Customer"}, {"p": 165, "c": 0.9, "s": 57915, "e": 58160, "w": "我", "sp": "Customer"}, {"p": 166, "c": 0.9, "s": 58160, "e": 58405, "w": "我", "sp": "Customer"}, {"p": 167, "c": 0.9, "s": 58405, "e": 58649, "w": "没", "sp": "Customer"}, {"p": 168, "c": 0.9, "s": 58650, "e": 59140, "w": "看到", "sp": "Customer"}, {"p": 169, "c": 0.9, "s": 59140, "e": 59385, "w": "了", "sp": "Customer"}, {"p": 170, "c": 0.9, "s": 59160, "e": 59612, "w": "嗯", "sp": "Agent"}, {"p": 171, "c": 0.9, "s": 59385, "e": 59629, "w": "哈", "sp": "Customer"}, {"p": 172, "c": 0.9, "s": 59612, "e": 60970, "w": "没关系", "sp": "Agent"}, {"p": 173, "c": 0.9, "s": 61760, "e": 62275, "w": "嗯", "sp": "Customer"}, {"p": 174, "c": 0.9, "s": 62276, "e": 63310, "w": "没有", "sp": "Customer"}, {"p": 175, "c": 0.9, "s": 65570, "e": 65753, "w": "在", "sp": "Customer"}, {"p": 176, "c": 0.9, "s": 65753, "e": 66120, "w": "哪个", "sp": "Customer"}, {"p": 177, "c": 0.9, "s": 66121, "e": 66489, "w": "地方", "sp": "Customer"}, {"p": 178, "c": 0.9, "s": 66489, "e": 66855, "w": "上面", "sp": "Customer"}, {"p": 179, "c": 0.9, "s": 66856, "e": 67040, "w": "有", "sp": "Customer"}, {"p": 180, "c": 0.9, "s": 67040, "e": 67224, "w": "个", "sp": "Customer"}, {"p": 181, "c": 0.9, "s": 67224, "e": 67775, "w": "九十九", "sp": "Customer"}, {"p": 182, "c": 0.9, "s": 67775, "e": 67959, "w": "元", "sp": "Customer"}, {"p": 183, "c": 0.9, "s": 67959, "e": 68326, "w": "预约", "sp": "Customer"}, {"p": 184, "c": 0.9, "s": 68327, "e": 68694, "w": "这个", "sp": "Customer"}, {"p": 185, "c": 0.9, "s": 68694, "e": 68878, "w": "是", "sp": "Customer"}, {"p": 186, "c": 0.9, "s": 68878, "e": 69245, "w": "那个", "sp": "Customer"}, {"p": 187, "c": 0.9, "s": 68890, "e": 69117, "w": "啊", "sp": "Agent"}, {"p": 188, "c": 0.9, "s": 69117, "e": 69343, "w": "对", "sp": "Agent"}, {"p": 189, "c": 0.9, "s": 69246, "e": 69430, "w": "吗", "sp": "Customer"}, {"p": 190, "c": 0.9, "s": 69344, "e": 69571, "w": "对", "sp": "Agent"}, {"p": 191, "c": 0.9, "s": 69571, "e": 69798, "w": "对", "sp": "Agent"}, {"p": 192, "c": 0.9, "s": 69799, "e": 70253, "w": "预约", "sp": "Agent"}, {"p": 193, "c": 0.9, "s": 70253, "e": 70708, "w": "支付", "sp": "Agent"}, {"p": 194, "c": 0.9, "s": 70708, "e": 71390, "w": "九十九", "sp": "Agent"}, {"p": 195, "c": 0.9, "s": 71550, "e": 72016, "w": "嗯", "sp": "Customer"}, {"p": 196, "c": 0.9, "s": 72016, "e": 72948, "w": "预约", "sp": "Customer"}, {"p": 197, "c": 0.9, "s": 72300, "e": 72540, "w": "对", "sp": "Agent"}, {"p": 198, "c": 0.9, "s": 72540, "e": 73021, "w": "就是", "sp": "Agent"}, {"p": 199, "c": 0.9, "s": 72948, "e": 73880, "w": "支付", "sp": "Customer"}, {"p": 200, "c": 0.9, "s": 73021, "e": 73262, "w": "呃", "sp": "Agent"}, {"p": 201, "c": 0.9, "s": 73262, "e": 73503, "w": "对", "sp": "Agent"}, {"p": 202, "c": 0.9, "s": 73503, "e": 73984, "w": "然后", "sp": "Agent"}, {"p": 203, "c": 0.9, "s": 73984, "e": 74225, "w": "您", "sp": "Agent"}, {"p": 204, "c": 0.9, "s": 74225, "e": 74706, "w": "选择", "sp": "Agent"}, {"p": 205, "c": 0.9, "s": 74706, "e": 75187, "w": "咱们", "sp": "Agent"}, {"p": 206, "c": 0.9, "s": 75187, "e": 75669, "w": "河南", "sp": "Agent"}, {"p": 207, "c": 0.9, "s": 75669, "e": 76150, "w": "郑州", "sp": "Agent"}, {"p": 208, "c": 0.9, "s": 76150, "e": 76391, "w": "金", "sp": "Agent"}, {"p": 209, "c": 0.9, "s": 76391, "e": 76872, "w": "水区", "sp": "Agent"}, {"p": 210, "c": 0.9, "s": 76872, "e": 77353, "w": "就是", "sp": "Agent"}, {"p": 211, "c": 0.9, "s": 77353, "e": 77593, "w": "您", "sp": "Agent"}, {"p": 212, "c": 0.9, "s": 77594, "e": 78075, "w": "选择", "sp": "Agent"}, {"p": 213, "c": 0.9, "s": 78075, "e": 78556, "w": "全部", "sp": "Agent"}, {"p": 214, "c": 0.9, "s": 78556, "e": 78797, "w": "区", "sp": "Agent"}, {"p": 215, "c": 0.9, "s": 78797, "e": 79037, "w": "啊", "sp": "Agent"}, {"p": 216, "c": 0.9, "s": 79038, "e": 79519, "w": "就是", "sp": "Agent"}, {"p": 217, "c": 0.9, "s": 79519, "e": 80241, "w": "基本上", "sp": "Agent"}, {"p": 218, "c": 0.9, "s": 80241, "e": 80722, "w": "就是", "sp": "Agent"}, {"p": 219, "c": 0.9, "s": 80722, "e": 80963, "w": "金", "sp": "Agent"}, {"p": 220, "c": 0.9, "s": 80963, "e": 81444, "w": "水区", "sp": "Agent"}, {"p": 221, "c": 0.9, "s": 81444, "e": 81926, "w": "这个", "sp": "Agent"}, {"p": 222, "c": 0.9, "s": 81520, "e": 81775, "w": "两", "sp": "Customer"}, {"p": 223, "c": 0.9, "s": 81776, "e": 82290, "w": "十万", "sp": "Customer"}, {"p": 224, "c": 0.9, "s": 81926, "e": 82407, "w": "门店", "sp": "Agent"}, {"p": 225, "c": 0.9, "s": 82290, "e": 82547, "w": "打", "sp": "Customer"}, {"p": 226, "c": 0.9, "s": 82407, "e": 82647, "w": "您", "sp": "Agent"}, {"p": 227, "c": 0.9, "s": 82547, "e": 82804, "w": "个", "sp": "Customer"}, {"p": 228, "c": 0.9, "s": 82648, "e": 82888, "w": "先", "sp": "Agent"}, {"p": 229, "c": 0.9, "s": 82804, "e": 83318, "w": "电话", "sp": "Customer"}, {"p": 230, "c": 0.9, "s": 82888, "e": 83370, "w": "预约", "sp": "Agent"}, {"p": 231, "c": 0.9, "s": 83318, "e": 83575, "w": "你", "sp": "Customer"}, {"p": 232, "c": 0.9, "s": 83575, "e": 83830, "w": "再", "sp": "Customer"}, {"p": 233, "c": 0.9, "s": 83831, "e": 84088, "w": "稍", "sp": "Customer"}, {"p": 234, "c": 0.9, "s": 83870, "e": 84157, "w": "呃", "sp": "Agent"}, {"p": 235, "c": 0.9, "s": 84088, "e": 84345, "w": "等", "sp": "Customer"}, {"p": 236, "c": 0.9, "s": 84157, "e": 84731, "w": "郑州", "sp": "Agent"}, {"p": 237, "c": 0.9, "s": 84345, "e": 84859, "w": "一下", "sp": "Customer"}, {"p": 238, "c": 0.9, "s": 84732, "e": 85595, "w": "河南省", "sp": "Agent"}, {"p": 239, "c": 0.9, "s": 84859, "e": 85116, "w": "呃", "sp": "Customer"}, {"p": 240, "c": 0.9, "s": 85116, "e": 85630, "w": "不是", "sp": "Customer"}, {"p": 241, "c": 0.9, "s": 85595, "e": 86457, "w": "郑州市", "sp": "Agent"}, {"p": 242, "c": 0.9, "s": 86457, "e": 86745, "w": "金", "sp": "Agent"}, {"p": 243, "c": 0.9, "s": 86745, "e": 87320, "w": "水区", "sp": "Agent"}, {"p": 244, "c": 0.9, "s": 87980, "e": 88595, "w": "河南", "sp": "Customer"}, {"p": 245, "c": 0.9, "s": 88595, "e": 88903, "w": "的", "sp": "Customer"}, {"p": 246, "c": 0.9, "s": 88903, "e": 89826, "w": "郑州市", "sp": "Customer"}, {"p": 247, "c": 0.9, "s": 89826, "e": 90133, "w": "金", "sp": "Customer"}, {"p": 248, "c": 0.9, "s": 90134, "e": 90750, "w": "水区", "sp": "Customer"}, {"p": 249, "c": 0.9, "s": 90150, "e": 90329, "w": "嗯", "sp": "Agent"}, {"p": 250, "c": 0.9, "s": 90329, "e": 90509, "w": "对", "sp": "Agent"}, {"p": 251, "c": 0.9, "s": 90509, "e": 90688, "w": "您", "sp": "Agent"}, {"p": 252, "c": 0.9, "s": 90688, "e": 90868, "w": "的", "sp": "Agent"}, {"p": 253, "c": 0.9, "s": 90868, "e": 91227, "w": "安装", "sp": "Agent"}, {"p": 254, "c": 0.9, "s": 91227, "e": 91586, "w": "地址", "sp": "Agent"}, {"p": 255, "c": 0.9, "s": 91586, "e": 91766, "w": "是", "sp": "Agent"}, {"p": 256, "c": 0.9, "s": 91766, "e": 91946, "w": "在", "sp": "Agent"}, {"p": 257, "c": 0.9, "s": 91946, "e": 92125, "w": "和", "sp": "Agent"}, {"p": 258, "c": 0.9, "s": 92125, "e": 92305, "w": "呃", "sp": "Agent"}, {"p": 259, "c": 0.9, "s": 92305, "e": 92664, "w": "郑州", "sp": "Agent"}, {"p": 260, "c": 0.9, "s": 92664, "e": 92844, "w": "嘛", "sp": "Agent"}, {"p": 261, "c": 0.9, "s": 92844, "e": 93023, "w": "对", "sp": "Agent"}, {"p": 262, "c": 0.9, "s": 93023, "e": 93203, "w": "吧", "sp": "Agent"}, {"p": 263, "c": 0.9, "s": 93203, "e": 93562, "w": "因为", "sp": "Agent"}, {"p": 264, "c": 0.9, "s": 93562, "e": 93922, "w": "郑州", "sp": "Agent"}, {"p": 265, "c": 0.9, "s": 93740, "e": 94700, "w": "对", "sp": "Customer"}, {"p": 266, "c": 0.9, "s": 93922, "e": 94281, "w": "的话", "sp": "Agent"}, {"p": 267, "c": 0.9, "s": 94281, "e": 94460, "w": "目", "sp": "Agent"}, {"p": 268, "c": 0.9, "s": 94460, "e": 94820, "w": "前线", "sp": "Agent"}, {"p": 269, "c": 0.9, "s": 94820, "e": 94999, "w": "上", "sp": "Agent"}, {"p": 270, "c": 0.9, "s": 94999, "e": 95179, "w": "是", "sp": "Agent"}, {"p": 271, "c": 0.9, "s": 95179, "e": 95359, "w": "呃", "sp": "Agent"}, {"p": 272, "c": 0.9, "s": 95359, "e": 95718, "w": "这个", "sp": "Agent"}, {"p": 273, "c": 0.9, "s": 95718, "e": 95897, "w": "是", "sp": "Agent"}, {"p": 274, "c": 0.9, "s": 95897, "e": 96257, "w": "预约", "sp": "Agent"}, {"p": 275, "c": 0.9, "s": 96257, "e": 96616, "w": "地址", "sp": "Agent"}, {"p": 276, "c": 0.9, "s": 96616, "e": 96975, "w": "然后", "sp": "Agent"}, {"p": 277, "c": 0.9, "s": 96975, "e": 97155, "w": "会", "sp": "Agent"}, {"p": 278, "c": 0.9, "s": 97155, "e": 97514, "w": "根据", "sp": "Agent"}, {"p": 279, "c": 0.9, "s": 97514, "e": 97694, "w": "您", "sp": "Agent"}, {"p": 280, "c": 0.9, "s": 97694, "e": 97873, "w": "的", "sp": "Agent"}, {"p": 281, "c": 0.9, "s": 97873, "e": 98233, "w": "实际", "sp": "Agent"}, {"p": 282, "c": 0.9, "s": 98233, "e": 98592, "w": "安装", "sp": "Agent"}, {"p": 283, "c": 0.9, "s": 98592, "e": 98951, "w": "地址", "sp": "Agent"}, {"p": 284, "c": 0.9, "s": 98951, "e": 99310, "w": "就近", "sp": "Agent"}, {"p": 285, "c": 0.9, "s": 99170, "e": 99471, "w": "没", "sp": "Customer"}, {"p": 286, "c": 0.9, "s": 99310, "e": 99670, "w": "安排", "sp": "Agent"}, {"p": 287, "c": 0.9, "s": 99471, "e": 100075, "w": "更改", "sp": "Customer"}, {"p": 288, "c": 0.9, "s": 100075, "e": 100376, "w": "的", "sp": "Customer"}, {"p": 289, "c": 0.9, "s": 100376, "e": 100678, "w": "是", "sp": "Customer"}, {"p": 290, "c": 0.9, "s": 100490, "e": 100670, "w": "嗯", "sp": "Agent"}, {"p": 291, "c": 0.9, "s": 100670, "e": 100851, "w": "对", "sp": "Agent"}, {"p": 292, "c": 0.9, "s": 100678, "e": 100980, "w": "吧", "sp": "Customer"}, {"p": 293, "c": 0.9, "s": 100851, "e": 101032, "w": "对", "sp": "Agent"}, {"p": 294, "c": 0.9, "s": 101032, "e": 101213, "w": "对", "sp": "Agent"}, {"p": 295, "c": 0.9, "s": 101213, "e": 101574, "w": "就是", "sp": "Agent"}, {"p": 296, "c": 0.9, "s": 101574, "e": 101755, "w": "会", "sp": "Agent"}, {"p": 297, "c": 0.9, "s": 101755, "e": 102117, "w": "根据", "sp": "Agent"}, {"p": 298, "c": 0.9, "s": 102117, "e": 102298, "w": "您", "sp": "Agent"}, {"p": 299, "c": 0.9, "s": 102298, "e": 102478, "w": "的", "sp": "Agent"}, {"p": 300, "c": 0.9, "s": 102478, "e": 102840, "w": "安装", "sp": "Agent"}, {"p": 301, "c": 0.9, "s": 102840, "e": 103201, "w": "地址", "sp": "Agent"}, {"p": 302, "c": 0.9, "s": 103202, "e": 103563, "w": "安排", "sp": "Agent"}, {"p": 303, "c": 0.9, "s": 103563, "e": 103925, "w": "咱们", "sp": "Agent"}, {"p": 304, "c": 0.9, "s": 103925, "e": 104467, "w": "设计师", "sp": "Agent"}, {"p": 305, "c": 0.9, "s": 104467, "e": 104829, "w": "联系", "sp": "Agent"}, {"p": 306, "c": 0.9, "s": 104829, "e": 105010, "w": "您", "sp": "Agent"}, {"p": 307, "c": 0.9, "s": 105350, "e": 105850, "w": "就是", "sp": "Customer"}, {"p": 308, "c": 0.9, "s": 105850, "e": 106350, "w": "门店", "sp": "Customer"}, {"p": 309, "c": 0.9, "s": 106350, "e": 106850, "w": "这个", "sp": "Customer"}, {"p": 310, "c": 0.9, "s": 106850, "e": 107350, "w": "预约", "sp": "Customer"}, {"p": 311, "c": 0.9, "s": 107350, "e": 108100, "w": "九十九", "sp": "Customer"}, {"p": 312, "c": 0.9, "s": 108100, "e": 108600, "w": "这个", "sp": "Customer"}, {"p": 313, "c": 0.9, "s": 108440, "e": 108665, "w": "嗯", "sp": "Agent"}, {"p": 314, "c": 0.9, "s": 108600, "e": 108850, "w": "到", "sp": "Customer"}, {"p": 315, "c": 0.9, "s": 108665, "e": 108890, "w": "对", "sp": "Agent"}, {"p": 316, "c": 0.9, "s": 108850, "e": 109100, "w": "店", "sp": "Customer"}, {"p": 317, "c": 0.9, "s": 108890, "e": 109115, "w": "对", "sp": "Agent"}, {"p": 318, "c": 0.9, "s": 109100, "e": 109350, "w": "到", "sp": "Customer"}, {"p": 319, "c": 0.9, "s": 109115, "e": 109340, "w": "对", "sp": "Agent"}, {"p": 320, "c": 0.9, "s": 109340, "e": 109790, "w": "这个", "sp": "Agent"}, {"p": 321, "c": 0.9, "s": 109350, "e": 109600, "w": "店", "sp": "Customer"}, {"p": 322, "c": 0.9, "s": 109791, "e": 110241, "w": "只是", "sp": "Agent"}, {"p": 323, "c": 0.9, "s": 110241, "e": 110465, "w": "说", "sp": "Agent"}, {"p": 324, "c": 0.9, "s": 110466, "e": 110916, "w": "预约", "sp": "Agent"}, {"p": 325, "c": 0.9, "s": 110916, "e": 111367, "w": "享受", "sp": "Agent"}, {"p": 326, "c": 0.9, "s": 111367, "e": 111816, "w": "预约", "sp": "Agent"}, {"p": 327, "c": 0.9, "s": 111817, "e": 112267, "w": "活动", "sp": "Agent"}, {"p": 328, "c": 0.9, "s": 112267, "e": 112717, "w": "优惠", "sp": "Agent"}, {"p": 329, "c": 0.9, "s": 112718, "e": 113168, "w": "而已", "sp": "Agent"}, {"p": 330, "c": 0.9, "s": 113168, "e": 113393, "w": "也", "sp": "Agent"}, {"p": 331, "c": 0.9, "s": 113280, "e": 113875, "w": "照片", "sp": "Customer"}, {"p": 332, "c": 0.9, "s": 113393, "e": 113843, "w": "也好", "sp": "Agent"}, {"p": 333, "c": 0.9, "s": 113844, "e": 114069, "w": "帮", "sp": "Agent"}, {"p": 334, "c": 0.9, "s": 113875, "e": 114173, "w": "嗯", "sp": "Customer"}, {"p": 335, "c": 0.9, "s": 114069, "e": 114294, "w": "您", "sp": "Agent"}, {"p": 336, "c": 0.9, "s": 114173, "e": 114768, "w": "照片", "sp": "Customer"}, {"p": 337, "c": 0.9, "s": 114294, "e": 114743, "w": "安排", "sp": "Agent"}, {"p": 338, "c": 0.9, "s": 114744, "e": 114970, "w": "吗", "sp": "Agent"}, {"p": 339, "c": 0.9, "s": 114768, "e": 115065, "w": "有", "sp": "Customer"}, {"p": 340, "c": 0.9, "s": 115066, "e": 115364, "w": "的", "sp": "Customer"}, {"p": 341, "c": 0.9, "s": 115364, "e": 115661, "w": "有", "sp": "Customer"}, {"p": 342, "c": 0.9, "s": 115662, "e": 115960, "w": "的", "sp": "Customer"}, {"p": 343, "c": 0.9, "s": 115960, "e": 116555, "w": "但是", "sp": "Customer"}, {"p": 344, "c": 0.9, "s": 116555, "e": 117151, "w": "这个", "sp": "Customer"}, {"p": 345, "c": 0.9, "s": 117151, "e": 117746, "w": "地址", "sp": "Customer"}, {"p": 346, "c": 0.9, "s": 117746, "e": 118342, "w": "什么", "sp": "Customer"}, {"p": 347, "c": 0.9, "s": 118342, "e": 118640, "w": "中", "sp": "Customer"}, {"p": 348, "c": 0.9, "s": 118640, "e": 118937, "w": "中", "sp": "Customer"}, {"p": 349, "c": 0.9, "s": 118937, "e": 119234, "w": "开", "sp": "Customer"}, {"p": 350, "c": 0.9, "s": 119235, "e": 119533, "w": "区", "sp": "Customer"}, {"p": 351, "c": 0.9, "s": 119533, "e": 119830, "w": "啊", "sp": "Customer"}, {"p": 352, "c": 0.9, "s": 119800, "e": 120526, "w": "哪里", "sp": "Agent"}, {"p": 353, "c": 0.9, "s": 119831, "e": 120426, "w": "这个", "sp": "Customer"}, {"p": 354, "c": 0.9, "s": 120426, "e": 121022, "w": "不对", "sp": "Customer"}, {"p": 355, "c": 0.9, "s": 120526, "e": 120890, "w": "啊", "sp": "Agent"}, {"p": 356, "c": 0.9, "s": 121022, "e": 121320, "w": "的", "sp": "Customer"}, {"p": 357, "c": 0.9, "s": 122230, "e": 122730, "w": "这个", "sp": "Customer"}, {"p": 358, "c": 0.9, "s": 122730, "e": 123230, "w": "仲裁", "sp": "Customer"}, {"p": 359, "c": 0.9, "s": 123230, "e": 123480, "w": "区", "sp": "Customer"}, {"p": 360, "c": 0.9, "s": 123480, "e": 123730, "w": "是", "sp": "Customer"}, {"p": 361, "c": 0.9, "s": 123730, "e": 124230, "w": "什么", "sp": "Customer"}, {"p": 362, "c": 0.9, "s": 124040, "e": 124303, "w": "啊", "sp": "Agent"}, {"p": 363, "c": 0.9, "s": 124303, "e": 124566, "w": "您", "sp": "Agent"}, {"p": 364, "c": 0.9, "s": 124566, "e": 124829, "w": "是", "sp": "Agent"}, {"p": 365, "c": 0.9, "s": 124829, "e": 125355, "w": "选择", "sp": "Agent"}, {"p": 366, "c": 0.9, "s": 125355, "e": 125618, "w": "的", "sp": "Agent"}, {"p": 367, "c": 0.9, "s": 125618, "e": 126407, "w": "郑州市", "sp": "Agent"}, {"p": 368, "c": 0.9, "s": 126407, "e": 126670, "w": "吗", "sp": "Agent"}, {"p": 369, "c": 0.9, "s": 127170, "e": 127417, "w": "你", "sp": "Customer"}, {"p": 370, "c": 0.9, "s": 127417, "e": 127664, "w": "先", "sp": "Customer"}, {"p": 371, "c": 0.9, "s": 127664, "e": 127912, "w": "稍", "sp": "Customer"}, {"p": 372, "c": 0.9, "s": 127912, "e": 128159, "w": "等", "sp": "Customer"}, {"p": 373, "c": 0.9, "s": 128159, "e": 128653, "w": "一下", "sp": "Customer"}, {"p": 374, "c": 0.9, "s": 128539, "e": 129019, "w": "啊", "sp": "Agent"}, {"p": 375, "c": 0.9, "s": 128654, "e": 128901, "w": "呃", "sp": "Customer"}, {"p": 376, "c": 0.9, "s": 128901, "e": 129147, "w": "我", "sp": "Customer"}, {"p": 377, "c": 0.9, "s": 129020, "e": 129500, "w": "对", "sp": "Agent"}, {"p": 378, "c": 0.9, "s": 129147, "e": 129396, "w": "在", "sp": "Customer"}, {"p": 379, "c": 0.9, "s": 129396, "e": 129890, "w": "发货", "sp": "Customer"}, {"p": 380, "c": 0.9, "s": 129500, "e": 129979, "w": "的", "sp": "Agent"}, {"p": 381, "c": 0.9, "s": 129890, "e": 130384, "w": "地址", "sp": "Customer"}, {"p": 382, "c": 0.9, "s": 130384, "e": 130631, "w": "是", "sp": "Customer"}, {"p": 383, "c": 0.9, "s": 130632, "e": 130880, "w": "吧", "sp": "Customer"}, {"p": 384, "c": 0.9, "s": 130729, "e": 130944, "w": "啊", "sp": "Agent"}, {"p": 385, "c": 0.9, "s": 130944, "e": 131373, "w": "不是", "sp": "Agent"}, {"p": 386, "c": 0.9, "s": 131373, "e": 131802, "w": "就是", "sp": "Agent"}, {"p": 387, "c": 0.9, "s": 131802, "e": 132017, "w": "您", "sp": "Agent"}, {"p": 388, "c": 0.9, "s": 132017, "e": 132231, "w": "的", "sp": "Agent"}, {"p": 389, "c": 0.9, "s": 132231, "e": 132660, "w": "就是", "sp": "Agent"}, {"p": 390, "c": 0.9, "s": 132660, "e": 132875, "w": "您", "sp": "Agent"}, {"p": 391, "c": 0.9, "s": 132875, "e": 133089, "w": "的", "sp": "Agent"}, {"p": 392, "c": 0.9, "s": 133089, "e": 133518, "w": "安装", "sp": "Agent"}, {"p": 393, "c": 0.9, "s": 133518, "e": 133947, "w": "地址", "sp": "Agent"}, {"p": 394, "c": 0.9, "s": 133947, "e": 134162, "w": "是", "sp": "Agent"}, {"p": 395, "c": 0.9, "s": 134162, "e": 134376, "w": "在", "sp": "Agent"}, {"p": 396, "c": 0.9, "s": 134376, "e": 134805, "w": "咱们", "sp": "Agent"}, {"p": 397, "c": 0.9, "s": 134805, "e": 135448, "w": "河南省", "sp": "Agent"}, {"p": 398, "c": 0.9, "s": 135449, "e": 136092, "w": "郑州市", "sp": "Agent"}, {"p": 399, "c": 0.9, "s": 136092, "e": 136306, "w": "郑", "sp": "Agent"}, {"p": 400, "c": 0.9, "s": 136307, "e": 136521, "w": "东", "sp": "Agent"}, {"p": 401, "c": 0.9, "s": 136521, "e": 136950, "w": "新区", "sp": "Agent"}, {"p": 402, "c": 0.9, "s": 136950, "e": 137165, "w": "对", "sp": "Agent"}, {"p": 403, "c": 0.9, "s": 137165, "e": 137379, "w": "吧", "sp": "Agent"}, {"p": 404, "c": 0.9, "s": 137540, "e": 137769, "w": "对", "sp": "Customer"}, {"p": 405, "c": 0.9, "s": 137770, "e": 138000, "w": "呀", "sp": "Customer"}, {"p": 406, "c": 0.9, "s": 138000, "e": 138460, "w": "现在", "sp": "Customer"}, {"p": 407, "c": 0.9, "s": 138460, "e": 138920, "w": "上面", "sp": "Customer"}, {"p": 408, "c": 0.9, "s": 138920, "e": 139380, "w": "显示", "sp": "Customer"}, {"p": 409, "c": 0.9, "s": 139380, "e": 139610, "w": "的", "sp": "Customer"}, {"p": 410, "c": 0.9, "s": 139610, "e": 139840, "w": "有", "sp": "Customer"}, {"p": 411, "c": 0.9, "s": 139840, "e": 140069, "w": "个", "sp": "Customer"}, {"p": 412, "c": 0.9, "s": 140070, "e": 140530, "w": "门店", "sp": "Customer"}, {"p": 413, "c": 0.9, "s": 140530, "e": 140990, "w": "就是", "sp": "Customer"}, {"p": 414, "c": 0.9, "s": 140990, "e": 141450, "w": "大金", "sp": "Customer"}, {"p": 415, "c": 0.9, "s": 141450, "e": 142140, "w": "旗舰店", "sp": "Customer"}, {"p": 416, "c": 0.9, "s": 142140, "e": 142600, "w": "就是", "sp": "Customer"}, {"p": 417, "c": 0.9, "s": 142600, "e": 142830, "w": "金", "sp": "Customer"}, {"p": 418, "c": 0.9, "s": 142830, "e": 143290, "w": "水区", "sp": "Customer"}, {"p": 419, "c": 0.9, "s": 143290, "e": 143980, "w": "文化路", "sp": "Customer"}, {"p": 420, "c": 0.9, "s": 143980, "e": 144209, "w": "我", "sp": "Customer"}, {"p": 421, "c": 0.9, "s": 144210, "e": 144900, "w": "是不是", "sp": "Customer"}, {"p": 422, "c": 0.9, "s": 144900, "e": 145360, "w": "要约", "sp": "Customer"}, {"p": 423, "c": 0.9, "s": 145300, "e": 145500, "w": "对", "sp": "Agent"}, {"p": 424, "c": 0.9, "s": 145360, "e": 145820, "w": "这个", "sp": "Customer"}, {"p": 425, "c": 0.9, "s": 145500, "e": 145700, "w": "对", "sp": "Agent"}, {"p": 426, "c": 0.9, "s": 145700, "e": 145900, "w": "对", "sp": "Agent"}, {"p": 427, "c": 0.9, "s": 145900, "e": 146099, "w": "您", "sp": "Agent"}, {"p": 428, "c": 0.9, "s": 146100, "e": 146500, "w": "预约", "sp": "Agent"}, {"p": 429, "c": 0.9, "s": 146500, "e": 146900, "w": "这个", "sp": "Agent"}, {"p": 430, "c": 0.9, "s": 146900, "e": 147299, "w": "门店", "sp": "Agent"}, {"p": 431, "c": 0.9, "s": 147300, "e": 147500, "w": "就", "sp": "Agent"}, {"p": 432, "c": 0.9, "s": 147500, "e": 147700, "w": "好", "sp": "Agent"}, {"p": 433, "c": 0.9, "s": 147700, "e": 147900, "w": "了", "sp": "Agent"}, {"p": 434, "c": 0.9, "s": 147970, "e": 148231, "w": "嗯", "sp": "Customer"}, {"p": 435, "c": 0.9, "s": 148231, "e": 148754, "w": "预约", "sp": "Customer"}, {"p": 436, "c": 0.9, "s": 148754, "e": 149277, "w": "门店", "sp": "Customer"}, {"p": 437, "c": 0.9, "s": 149277, "e": 149538, "w": "到", "sp": "Customer"}, {"p": 438, "c": 0.9, "s": 149538, "e": 149799, "w": "店", "sp": "Customer"}, {"p": 439, "c": 0.9, "s": 149800, "e": 150061, "w": "了", "sp": "Customer"}, {"p": 440, "c": 0.9, "s": 150061, "e": 150584, "w": "下边", "sp": "Customer"}, {"p": 441, "c": 0.9, "s": 150584, "e": 150846, "w": "有", "sp": "Customer"}, {"p": 442, "c": 0.9, "s": 150846, "e": 151107, "w": "个", "sp": "Customer"}, {"p": 443, "c": 0.9, "s": 151107, "e": 151368, "w": "线", "sp": "Customer"}, {"p": 444, "c": 0.9, "s": 151369, "e": 151630, "w": "下", "sp": "Customer"}, {"p": 445, "c": 0.9, "s": 151630, "e": 152153, "w": "指定", "sp": "Customer"}, {"p": 446, "c": 0.9, "s": 152153, "e": 152676, "w": "门店", "sp": "Customer"}, {"p": 447, "c": 0.9, "s": 152676, "e": 153198, "w": "抵扣", "sp": "Customer"}, {"p": 448, "c": 0.9, "s": 153199, "e": 153722, "w": "使用", "sp": "Customer"}, {"p": 449, "c": 0.9, "s": 153310, "e": 153724, "w": "啊", "sp": "Agent"}, {"p": 450, "c": 0.9, "s": 153722, "e": 153984, "w": "的", "sp": "Customer"}, {"p": 451, "c": 0.9, "s": 153725, "e": 154140, "w": "对", "sp": "Agent"}, {"p": 452, "c": 0.9, "s": 153984, "e": 154506, "w": "这个", "sp": "Customer"}, {"p": 453, "c": 0.9, "s": 154140, "e": 154555, "w": "对", "sp": "Agent"}, {"p": 454, "c": 0.9, "s": 154507, "e": 155030, "w": "要是", "sp": "Customer"}, {"p": 455, "c": 0.9, "s": 154555, "e": 154969, "w": "对", "sp": "Agent"}, {"p": 456, "c": 0.9, "s": 155690, "e": 155882, "w": "对", "sp": "Agent"}, {"p": 457, "c": 0.9, "s": 155882, "e": 156266, "w": "就是", "sp": "Agent"}, {"p": 458, "c": 0.9, "s": 156266, "e": 156458, "w": "您", "sp": "Agent"}, {"p": 459, "c": 0.9, "s": 156458, "e": 156842, "w": "预约", "sp": "Agent"}, {"p": 460, "c": 0.9, "s": 156842, "e": 157226, "w": "支付", "sp": "Agent"}, {"p": 461, "c": 0.9, "s": 157226, "e": 157610, "w": "一下", "sp": "Agent"}, {"p": 462, "c": 0.9, "s": 157610, "e": 158186, "w": "九十九", "sp": "Agent"}, {"p": 463, "c": 0.9, "s": 158186, "e": 158570, "w": "这个", "sp": "Agent"}, {"p": 464, "c": 0.9, "s": 158570, "e": 158762, "w": "是", "sp": "Agent"}, {"p": 465, "c": 0.9, "s": 158762, "e": 159146, "w": "预约", "sp": "Agent"}, {"p": 466, "c": 0.9, "s": 159146, "e": 159530, "w": "方便", "sp": "Agent"}, {"p": 467, "c": 0.9, "s": 159530, "e": 159914, "w": "安排", "sp": "Agent"}, {"p": 468, "c": 0.9, "s": 159914, "e": 160490, "w": "设计师", "sp": "Agent"}, {"p": 469, "c": 0.9, "s": 160490, "e": 160874, "w": "联系", "sp": "Agent"}, {"p": 470, "c": 0.9, "s": 160874, "e": 161066, "w": "您", "sp": "Agent"}, {"p": 471, "c": 0.9, "s": 161066, "e": 161450, "w": "其二", "sp": "Agent"}, {"p": 472, "c": 0.9, "s": 161450, "e": 161834, "w": "的话", "sp": "Agent"}, {"p": 473, "c": 0.9, "s": 161834, "e": 162410, "w": "就是说", "sp": "Agent"}, {"p": 474, "c": 0.9, "s": 162410, "e": 162986, "w": "如果说", "sp": "Agent"}, {"p": 475, "c": 0.9, "s": 162590, "e": 162979, "w": "但是", "sp": "Customer"}, {"p": 476, "c": 0.9, "s": 162979, "e": 163368, "w": "现在", "sp": "Customer"}, {"p": 477, "c": 0.9, "s": 162986, "e": 163370, "w": "后期", "sp": "Agent"}, {"p": 478, "c": 0.9, "s": 163368, "e": 163562, "w": "是", "sp": "Customer"}, {"p": 479, "c": 0.9, "s": 163562, "e": 163951, "w": "这样", "sp": "Customer"}, {"p": 480, "c": 0.9, "s": 163820, "e": 164900, "w": "嗯", "sp": "Agent"}, {"p": 481, "c": 0.9, "s": 163951, "e": 164146, "w": "的", "sp": "Customer"}, {"p": 482, "c": 0.9, "s": 164146, "e": 164340, "w": "他", "sp": "Customer"}, {"p": 483, "c": 0.9, "s": 164340, "e": 164729, "w": "卖家", "sp": "Customer"}, {"p": 484, "c": 0.9, "s": 164729, "e": 164924, "w": "的", "sp": "Customer"}, {"p": 485, "c": 0.9, "s": 164924, "e": 165313, "w": "这个", "sp": "Customer"}, {"p": 486, "c": 0.9, "s": 165313, "e": 165702, "w": "地址", "sp": "Customer"}, {"p": 487, "c": 0.9, "s": 165702, "e": 165896, "w": "是", "sp": "Customer"}, {"p": 488, "c": 0.9, "s": 165896, "e": 166285, "w": "不对", "sp": "Customer"}, {"p": 489, "c": 0.9, "s": 166285, "e": 166480, "w": "的", "sp": "Customer"}, {"p": 490, "c": 0.9, "s": 166680, "e": 167243, "w": "哪个", "sp": "Agent"}, {"p": 491, "c": 0.9, "s": 167243, "e": 167806, "w": "地址", "sp": "Agent"}, {"p": 492, "c": 0.9, "s": 167806, "e": 168370, "w": "不对", "sp": "Agent"}, {"p": 493, "c": 0.9, "s": 168280, "e": 168518, "w": "那", "sp": "Customer"}, {"p": 494, "c": 0.9, "s": 168518, "e": 168996, "w": "选择", "sp": "Customer"}, {"p": 495, "c": 0.9, "s": 168996, "e": 169474, "w": "门店", "sp": "Customer"}, {"p": 496, "c": 0.9, "s": 169474, "e": 170191, "w": "是不是", "sp": "Customer"}, {"p": 497, "c": 0.9, "s": 170191, "e": 170430, "w": "啊", "sp": "Customer"}, {"p": 498, "c": 0.9, "s": 170250, "e": 170540, "w": "啊", "sp": "Agent"}, {"p": 499, "c": 0.9, "s": 170540, "e": 170829, "w": "您", "sp": "Agent"}, {"p": 500, "c": 0.9, "s": 170830, "e": 171120, "w": "是", "sp": "Agent"}, {"p": 501, "c": 0.9, "s": 171120, "e": 171700, "w": "不能", "sp": "Agent"}, {"p": 502, "c": 0.9, "s": 171700, "e": 172280, "w": "选择", "sp": "Agent"}, {"p": 503, "c": 0.9, "s": 172280, "e": 172860, "w": "咱们", "sp": "Agent"}, {"p": 504, "c": 0.9, "s": 172860, "e": 173440, "w": "这个", "sp": "Agent"}, {"p": 505, "c": 0.9, "s": 173440, "e": 173730, "w": "呃", "sp": "Agent"}, {"p": 506, "c": 0.9, "s": 173730, "e": 174310, "w": "金水", "sp": "Agent"}, {"p": 507, "c": 0.9, "s": 174310, "e": 174599, "w": "区", "sp": "Agent"}, {"p": 508, "c": 0.9, "s": 174600, "e": 174890, "w": "的", "sp": "Agent"}, {"p": 509, "c": 0.9, "s": 174890, "e": 175470, "w": "门店", "sp": "Agent"}, {"p": 510, "c": 0.9, "s": 175470, "e": 175760, "w": "吗", "sp": "Agent"}, {"p": 511, "c": 0.9, "s": 175920, "e": 176580, "w": "不能", "sp": "Customer"}, {"p": 512, "c": 0.9, "s": 176580, "e": 177240, "w": "选择", "sp": "Customer"}, {"p": 513, "c": 0.9, "s": 177240, "e": 177570, "w": "了", "sp": "Customer"}, {"p": 514, "c": 0.9, "s": 177250, "e": 177492, "w": "啊", "sp": "Agent"}, {"p": 515, "c": 0.9, "s": 177492, "e": 177735, "w": "您", "sp": "Agent"}, {"p": 516, "c": 0.9, "s": 177735, "e": 178221, "w": "选择", "sp": "Agent"}, {"p": 517, "c": 0.9, "s": 178221, "e": 178463, "w": "那", "sp": "Agent"}, {"p": 518, "c": 0.9, "s": 178464, "e": 178707, "w": "就", "sp": "Agent"}, {"p": 519, "c": 0.9, "s": 178707, "e": 179192, "w": "选择", "sp": "Agent"}, {"p": 520, "c": 0.9, "s": 179192, "e": 179435, "w": "杭", "sp": "Agent"}, {"p": 521, "c": 0.9, "s": 179435, "e": 179920, "w": "那个", "sp": "Agent"}, {"p": 522, "c": 0.9, "s": 179921, "e": 180650, "w": "郑州市", "sp": "Agent"}, {"p": 523, "c": 0.9, "s": 180650, "e": 181135, "w": "全部", "sp": "Agent"}, {"p": 524, "c": 0.9, "s": 181135, "e": 181377, "w": "区", "sp": "Agent"}, {"p": 525, "c": 0.9, "s": 181378, "e": 181621, "w": "您", "sp": "Agent"}, {"p": 526, "c": 0.9, "s": 181621, "e": 181864, "w": "先", "sp": "Agent"}, {"p": 527, "c": 0.9, "s": 181864, "e": 182349, "w": "选择", "sp": "Agent"}, {"p": 528, "c": 0.9, "s": 182610, "e": 182844, "w": "我", "sp": "Customer"}, {"p": 529, "c": 0.9, "s": 182844, "e": 183314, "w": "来看", "sp": "Customer"}, {"p": 530, "c": 0.9, "s": 183314, "e": 183784, "w": "一下", "sp": "Customer"}, {"p": 531, "c": 0.9, "s": 183784, "e": 184487, "w": "是不是", "sp": "Customer"}, {"p": 532, "c": 0.9, "s": 183830, "e": 184870, "w": "啊", "sp": "Agent"}, {"p": 533, "c": 0.9, "s": 184488, "e": 184723, "w": "和", "sp": "Customer"}, {"p": 534, "c": 0.9, "s": 184723, "e": 184958, "w": "我", "sp": "Customer"}, {"p": 535, "c": 0.9, "s": 184958, "e": 185193, "w": "的", "sp": "Customer"}, {"p": 536, "c": 0.9, "s": 185193, "e": 185661, "w": "手机", "sp": "Customer"}, {"p": 537, "c": 0.9, "s": 185662, "e": 186132, "w": "里面", "sp": "Customer"}, {"p": 538, "c": 0.9, "s": 186132, "e": 186602, "w": "设定", "sp": "Customer"}, {"p": 539, "c": 0.9, "s": 186602, "e": 186837, "w": "了", "sp": "Customer"}, {"p": 540, "c": 0.9, "s": 186837, "e": 187306, "w": "一个", "sp": "Customer"}, {"p": 541, "c": 0.9, "s": 187306, "e": 187776, "w": "未能", "sp": "Customer"}, {"p": 542, "c": 0.9, "s": 187776, "e": 188011, "w": "活", "sp": "Customer"}, {"p": 543, "c": 0.9, "s": 188011, "e": 188246, "w": "的", "sp": "Customer"}, {"p": 544, "c": 0.9, "s": 188246, "e": 188715, "w": "默认", "sp": "Customer"}, {"p": 545, "c": 0.9, "s": 188715, "e": 188950, "w": "的", "sp": "Customer"}, {"p": 546, "c": 0.9, "s": 188950, "e": 189420, "w": "收货", "sp": "Customer"}, {"p": 547, "c": 0.9, "s": 189420, "e": 189890, "w": "地址", "sp": "Customer"}, {"p": 548, "c": 0.9, "s": 189450, "e": 189660, "w": "哦", "sp": "Agent"}, {"p": 549, "c": 0.9, "s": 189660, "e": 190081, "w": "等于", "sp": "Agent"}, {"p": 550, "c": 0.9, "s": 190081, "e": 190292, "w": "说", "sp": "Agent"}, {"p": 551, "c": 0.9, "s": 190292, "e": 190713, "w": "默认", "sp": "Agent"}, {"p": 552, "c": 0.9, "s": 190713, "e": 191135, "w": "地址", "sp": "Agent"}, {"p": 553, "c": 0.9, "s": 191135, "e": 191556, "w": "没有", "sp": "Agent"}, {"p": 554, "c": 0.9, "s": 191556, "e": 191766, "w": "去", "sp": "Agent"}, {"p": 555, "c": 0.9, "s": 191766, "e": 192188, "w": "设置", "sp": "Agent"}, {"p": 556, "c": 0.9, "s": 192188, "e": 192398, "w": "好", "sp": "Agent"}, {"p": 557, "c": 0.9, "s": 192398, "e": 192609, "w": "是", "sp": "Agent"}, {"p": 558, "c": 0.9, "s": 192609, "e": 192819, "w": "吧", "sp": "Agent"}, {"p": 559, "c": 0.9, "s": 193020, "e": 194190, "w": "对", "sp": "Customer"}, {"p": 560, "c": 0.9, "s": 193510, "e": 193715, "w": "哎", "sp": "Agent"}, {"p": 561, "c": 0.9, "s": 193716, "e": 193922, "w": "稍", "sp": "Agent"}, {"p": 562, "c": 0.9, "s": 193922, "e": 194127, "w": "等", "sp": "Agent"}, {"p": 563, "c": 0.9, "s": 194128, "e": 194334, "w": "啊", "sp": "Agent"}, {"p": 564, "c": 0.9, "s": 194334, "e": 194746, "w": "这边", "sp": "Agent"}, {"p": 565, "c": 0.9, "s": 194746, "e": 194952, "w": "把", "sp": "Agent"}, {"p": 566, "c": 0.9, "s": 194952, "e": 195364, "w": "一个", "sp": "Agent"}, {"p": 567, "c": 0.9, "s": 195364, "e": 195776, "w": "默认", "sp": "Agent"}, {"p": 568, "c": 0.9, "s": 195776, "e": 196188, "w": "地址", "sp": "Agent"}, {"p": 569, "c": 0.9, "s": 196188, "e": 196394, "w": "的", "sp": "Agent"}, {"p": 570, "c": 0.9, "s": 196394, "e": 196806, "w": "一个", "sp": "Agent"}, {"p": 571, "c": 0.9, "s": 196806, "e": 197218, "w": "流程", "sp": "Agent"}, {"p": 572, "c": 0.9, "s": 197218, "e": 197630, "w": "发给", "sp": "Agent"}, {"p": 573, "c": 0.9, "s": 197630, "e": 197836, "w": "您", "sp": "Agent"}, {"p": 574, "c": 0.9, "s": 197836, "e": 198042, "w": "看", "sp": "Agent"}, {"p": 575, "c": 0.9, "s": 198042, "e": 198454, "w": "一下", "sp": "Agent"}, {"p": 576, "c": 0.9, "s": 198454, "e": 198659, "w": "您", "sp": "Agent"}, {"p": 577, "c": 0.9, "s": 198660, "e": 199072, "w": "可以", "sp": "Agent"}, {"p": 578, "c": 0.9, "s": 199050, "e": 200050, "w": "嗯", "sp": "Customer"}, {"p": 579, "c": 0.9, "s": 199072, "e": 199278, "w": "去", "sp": "Agent"}, {"p": 580, "c": 0.9, "s": 199278, "e": 199484, "w": "改", "sp": "Agent"}, {"p": 581, "c": 0.9, "s": 199484, "e": 199896, "w": "一下", "sp": "Agent"}, {"p": 582, "c": 0.9, "s": 199896, "e": 200308, "w": "默认", "sp": "Agent"}, {"p": 583, "c": 0.9, "s": 200308, "e": 200720, "w": "地址", "sp": "Agent"}, {"p": 584, "c": 0.9, "s": 200720, "e": 201338, "w": "就是说", "sp": "Agent"}, {"p": 585, "c": 0.9, "s": 201338, "e": 201543, "w": "您", "sp": "Agent"}, {"p": 586, "c": 0.9, "s": 201544, "e": 201956, "w": "打开", "sp": "Agent"}, {"p": 587, "c": 0.9, "s": 201956, "e": 202368, "w": "淘宝", "sp": "Agent"}, {"p": 588, "c": 0.9, "s": 202368, "e": 202780, "w": "然后", "sp": "Agent"}, {"p": 589, "c": 0.9, "s": 202780, "e": 203192, "w": "设置", "sp": "Agent"}, {"p": 590, "c": 0.9, "s": 203192, "e": 203398, "w": "呃", "sp": "Agent"}, {"p": 591, "c": 0.9, "s": 203398, "e": 203810, "w": "收货", "sp": "Agent"}, {"p": 592, "c": 0.9, "s": 203810, "e": 204222, "w": "地址", "sp": "Agent"}, {"p": 593, "c": 0.9, "s": 204222, "e": 204634, "w": "的话", "sp": "Agent"}, {"p": 594, "c": 0.9, "s": 204634, "e": 204840, "w": "就", "sp": "Agent"}, {"p": 595, "c": 0.9, "s": 205120, "e": 205498, "w": "设置", "sp": "Agent"}, {"p": 596, "c": 0.9, "s": 205498, "e": 205687, "w": "就", "sp": "Agent"}, {"p": 597, "c": 0.9, "s": 205687, "e": 206065, "w": "默认", "sp": "Agent"}, {"p": 598, "c": 0.9, "s": 205830, "e": 206203, "w": "喂", "sp": "Customer"}, {"p": 599, "c": 0.9, "s": 206065, "e": 206254, "w": "的", "sp": "Agent"}, {"p": 600, "c": 0.9, "s": 206203, "e": 206950, "w": "你好", "sp": "Customer"}, {"p": 601, "c": 0.9, "s": 206254, "e": 206443, "w": "您", "sp": "Agent"}, {"p": 602, "c": 0.9, "s": 206443, "e": 206631, "w": "的", "sp": "Agent"}, {"p": 603, "c": 0.9, "s": 206632, "e": 207010, "w": "一个", "sp": "Agent"}, {"p": 604, "c": 0.9, "s": 207010, "e": 207577, "w": "郑州市", "sp": "Agent"}, {"p": 605, "c": 0.9, "s": 207577, "e": 207765, "w": "的", "sp": "Agent"}, {"p": 606, "c": 0.9, "s": 207766, "e": 208144, "w": "默认", "sp": "Agent"}, {"p": 607, "c": 0.9, "s": 208144, "e": 208522, "w": "地址", "sp": "Agent"}, {"p": 608, "c": 0.9, "s": 208522, "e": 208711, "w": "就", "sp": "Agent"}, {"p": 609, "c": 0.9, "s": 208711, "e": 208900, "w": "好", "sp": "Agent"}, {"p": 610, "c": 0.9, "s": 208900, "e": 209090, "w": "了", "sp": "Agent"}, {"p": 611, "c": 0.9, "s": 209030, "e": 209362, "w": "好", "sp": "Customer"}, {"p": 612, "c": 0.9, "s": 209363, "e": 209697, "w": "嘞", "sp": "Customer"}, {"p": 613, "c": 0.9, "s": 209697, "e": 210031, "w": "我", "sp": "Customer"}, {"p": 614, "c": 0.9, "s": 210031, "e": 210698, "w": "现在", "sp": "Customer"}, {"p": 615, "c": 0.9, "s": 210540, "e": 210922, "w": "嗯", "sp": "Agent"}, {"p": 616, "c": 0.9, "s": 210698, "e": 211366, "w": "开车", "sp": "Customer"}, {"p": 617, "c": 0.9, "s": 210922, "e": 211305, "w": "嗯", "sp": "Agent"}, {"p": 618, "c": 0.9, "s": 211305, "e": 211687, "w": "嗯", "sp": "Agent"}, {"p": 619, "c": 0.9, "s": 211366, "e": 211700, "w": "好", "sp": "Customer"}, {"p": 620, "c": 0.9, "s": 211687, "e": 212069, "w": "嗯", "sp": "Agent"}, {"p": 621, "c": 0.9, "s": 231600, "e": 232780, "w": "余", "sp": "Agent"}]}, "plainText": "喂 你好\n喂 你好 我 是\n喂\n刚才\n你好\n打电话\n刚才 打\n说\n电\n那个 大金\n哎\n空调\n你好\n那 一个 我\n你好\n在 这边 我 怎么 看不到 啊 怎么 怎么 预约 我 怎么 不会\n呃\n啊\n就是 您 打开 淘宝 了 吗 现在\n你 这样 我们 能 不能 说 的话 我 我 看 一下\n嗯 对 就是 您 打开 淘宝 然后 不是 有 您 对\n打开\n您 刚才 有\n了\n和 咱们 线 线 上 客服 有 在 沟通 嘛 对 吧 呃 您 这边 是 只 需要 安装 中原 空调 还是 说 电缆 信封 需要 安装 呢\n都 需要\n都 需 要是 吧 那 这边 给 您 发送 一个 链接 你 收到 没有\n嗯 收到 了 六 六万 六\n嗯\n的\n对 的 六 二六 你 把 这个 链接 打开 选择 预约 到 店 体验\n嗯 预约 到 店\n嗯 对\n体验\n然后 选择 门店 选择 那个 咱们 的 一个 郑州 的 门店 就 好 了\n您 先 稍 等 一下 我 我 我 没 看到 了\n嗯\n哈\n没关系\n嗯 没有 在 哪个 地方 上面 有 个 九十九 元 预约 这个 是 那个\n啊 对\n吗\n对 对 预约 支付 九十九\n嗯 预约\n对 就是\n支付\n呃 对 然后 您 选择 咱们 河南 郑州 金 水区 就是 您 选择 全部 区 啊 就是 基本上 就是 金 水区 这个\n两 十万\n门店\n打\n您\n个\n先\n电话\n预约\n你 再 稍\n呃\n等\n郑州\n一下\n河南省\n呃 不是\n郑州市 金 水区\n河南 的 郑州市 金 水区\n嗯 对 您 的 安装 地址 是 在 和 呃 郑州 嘛 对 吧 因为 郑州\n对\n的话 目 前线 上 是 呃 这个 是 预约 地址 然后 会 根据 您 的 实际 安装 地址 就近\n没\n安排\n更改 的 是\n嗯 对\n吧\n对 对 就是 会 根据 您 的 安装 地址 安排 咱们 设计师 联系 您\n就是 门店 这个 预约 九十九 这个\n嗯\n到\n对\n店\n对\n到\n对 这个\n店\n只是 说 预约 享受 预约 活动 优惠 而已 也\n照片\n也好 帮\n嗯\n您\n照片\n安排 吗\n有 的 有 的 但是 这个 地址 什么 中 中 开 区 啊\n哪里\n这个 不对\n啊\n的 这个 仲裁 区 是 什么\n啊 您 是 选择 的 郑州市 吗\n你 先 稍 等 一下\n啊\n呃 我\n对\n在 发货\n的\n地址 是 吧\n啊 不是 就是 您 的 就是 您 的 安装 地址 是 在 咱们 河南省 郑州市 郑 东 新区 对 吧\n对 呀 现在 上面 显示 的 有 个 门店 就是 大金 旗舰店 就是 金 水区 文化路 我 是不是 要约\n对\n这个\n对 对 您 预约 这个 门店 就 好 了\n嗯 预约 门店 到 店 了 下边 有 个 线 下 指定 门店 抵扣 使用\n啊\n的\n对\n这个\n对\n要是\n对 对 就是 您 预约 支付 一下 九十九 这个 是 预约 方便 安排 设计师 联系 您 其二 的话 就是说 如果说\n但是 现在\n后期\n是 这样\n嗯\n的 他 卖家 的 这个 地址 是 不对 的\n哪个 地址 不对\n那 选择 门店 是不是 啊\n啊 您 是 不能 选择 咱们 这个 呃 金水 区 的 门店 吗\n不能 选择 了\n啊 您 选择 那 就 选择 杭 那个 郑州市 全部 区 您 先 选择\n我 来看 一下 是不是\n啊\n和 我 的 手机 里面 设定 了 一个 未能 活 的 默认 的 收货 地址\n哦 等于 说 默认 地址 没有 去 设置 好 是 吧\n对\n哎 稍 等 啊 这边 把 一个 默认 地址 的 一个 流程 发给 您 看 一下 您 可以\n嗯\n去 改 一下 默认 地址 就是说 您 打开 淘宝 然后 设置 呃 收货 地址 的话 就 设置 就 默认\n喂\n的\n你好\n您 的 一个 郑州市 的 默认 地址 就 好 了\n好 嘞 我 现在\n嗯\n开车\n嗯 嗯\n好\n嗯 余", "plainTextTime": {"verbatims": [{"s": 0, "e": 1260, "w": "喂 你好", "sp": "Agent"}, {"s": 1490, "e": 2633, "w": "喂 你好 我 是", "sp": "Customer"}, {"s": 2470, "e": 2705, "w": "喂", "sp": "Agent"}, {"s": 2633, "e": 3090, "w": "刚才", "sp": "Customer"}, {"s": 2705, "e": 3177, "w": "你好", "sp": "Agent"}, {"s": 3090, "e": 3776, "w": "打电话", "sp": "Customer"}, {"s": 3177, "e": 3884, "w": "刚才 打", "sp": "Agent"}, {"s": 3776, "e": 4004, "w": "说", "sp": "Customer"}, {"s": 3884, "e": 4120, "w": "电", "sp": "Agent"}, {"s": 4004, "e": 4919, "w": "那个 大金", "sp": "Customer"}, {"s": 4650, "e": 5192, "w": "哎", "sp": "Agent"}, {"s": 4919, "e": 5376, "w": "空调", "sp": "Customer"}, {"s": 5192, "e": 6276, "w": "你好", "sp": "Agent"}, {"s": 5376, "e": 6290, "w": "那 一个 我", "sp": "Customer"}, {"s": 6276, "e": 7360, "w": "你好", "sp": "Agent"}, {"s": 6290, "e": 11091, "w": "在 这边 我 怎么 看不到 啊 怎么 怎么 预约 我 怎么 不会", "sp": "Customer"}, {"s": 11080, "e": 11328, "w": "呃", "sp": "Agent"}, {"s": 11091, "e": 11320, "w": "啊", "sp": "Customer"}, {"s": 11328, "e": 14059, "w": "就是 您 打开 淘宝 了 吗 现在", "sp": "Agent"}, {"s": 15770, "e": 19910, "w": "你 这样 我们 能 不能 说 的话 我 我 看 一下", "sp": "Customer"}, {"s": 20040, "e": 23142, "w": "嗯 对 就是 您 打开 淘宝 然后 不是 有 您 对", "sp": "Agent"}, {"s": 23050, "e": 23896, "w": "打开", "sp": "Customer"}, {"s": 23142, "e": 23918, "w": "您 刚才 有", "sp": "Agent"}, {"s": 23896, "e": 24320, "w": "了", "sp": "Customer"}, {"s": 23918, "e": 31870, "w": "和 咱们 线 线 上 客服 有 在 沟通 嘛 对 吧 呃 您 这边 是 只 需要 安装 中原 空调 还是 说 电缆 信封 需要 安装 呢", "sp": "Agent"}, {"s": 31780, "e": 33219, "w": "都 需要", "sp": "Customer"}, {"s": 32599, "e": 37210, "w": "都 需 要是 吧 那 这边 给 您 发送 一个 链接 你 收到 没有", "sp": "Agent"}, {"s": 37330, "e": 39374, "w": "嗯 收到 了 六 六万 六", "sp": "Customer"}, {"s": 39200, "e": 39420, "w": "嗯", "sp": "Agent"}, {"s": 39374, "e": 39630, "w": "的", "sp": "Customer"}, {"s": 39420, "e": 44039, "w": "对 的 六 二六 你 把 这个 链接 打开 选择 预约 到 店 体验", "sp": "Agent"}, {"s": 46300, "e": 48685, "w": "嗯 预约 到 店", "sp": "Customer"}, {"s": 48240, "e": 48809, "w": "嗯 对", "sp": "Agent"}, {"s": 48685, "e": 49640, "w": "体验", "sp": "Customer"}, {"s": 48809, "e": 55360, "w": "然后 选择 门店 选择 那个 咱们 的 一个 郑州 的 门店 就 好 了", "sp": "Agent"}, {"s": 56200, "e": 59385, "w": "您 先 稍 等 一下 我 我 我 没 看到 了", "sp": "Customer"}, {"s": 59160, "e": 59612, "w": "嗯", "sp": "Agent"}, {"s": 59385, "e": 59629, "w": "哈", "sp": "Customer"}, {"s": 59612, "e": 60970, "w": "没关系", "sp": "Agent"}, {"s": 61760, "e": 69245, "w": "嗯 没有 在 哪个 地方 上面 有 个 九十九 元 预约 这个 是 那个", "sp": "Customer"}, {"s": 68890, "e": 69343, "w": "啊 对", "sp": "Agent"}, {"s": 69246, "e": 69430, "w": "吗", "sp": "Customer"}, {"s": 69344, "e": 71390, "w": "对 对 预约 支付 九十九", "sp": "Agent"}, {"s": 71550, "e": 72948, "w": "嗯 预约", "sp": "Customer"}, {"s": 72300, "e": 73021, "w": "对 就是", "sp": "Agent"}, {"s": 72948, "e": 73880, "w": "支付", "sp": "Customer"}, {"s": 73021, "e": 81926, "w": "呃 对 然后 您 选择 咱们 河南 郑州 金 水区 就是 您 选择 全部 区 啊 就是 基本上 就是 金 水区 这个", "sp": "Agent"}, {"s": 81520, "e": 82290, "w": "两 十万", "sp": "Customer"}, {"s": 81926, "e": 82407, "w": "门店", "sp": "Agent"}, {"s": 82290, "e": 82547, "w": "打", "sp": "Customer"}, {"s": 82407, "e": 82647, "w": "您", "sp": "Agent"}, {"s": 82547, "e": 82804, "w": "个", "sp": "Customer"}, {"s": 82648, "e": 82888, "w": "先", "sp": "Agent"}, {"s": 82804, "e": 83318, "w": "电话", "sp": "Customer"}, {"s": 82888, "e": 83370, "w": "预约", "sp": "Agent"}, {"s": 83318, "e": 84088, "w": "你 再 稍", "sp": "Customer"}, {"s": 83870, "e": 84157, "w": "呃", "sp": "Agent"}, {"s": 84088, "e": 84345, "w": "等", "sp": "Customer"}, {"s": 84157, "e": 84731, "w": "郑州", "sp": "Agent"}, {"s": 84345, "e": 84859, "w": "一下", "sp": "Customer"}, {"s": 84732, "e": 85595, "w": "河南省", "sp": "Agent"}, {"s": 84859, "e": 85630, "w": "呃 不是", "sp": "Customer"}, {"s": 85595, "e": 87320, "w": "郑州市 金 水区", "sp": "Agent"}, {"s": 87980, "e": 90750, "w": "河南 的 郑州市 金 水区", "sp": "Customer"}, {"s": 90150, "e": 93922, "w": "嗯 对 您 的 安装 地址 是 在 和 呃 郑州 嘛 对 吧 因为 郑州", "sp": "Agent"}, {"s": 93740, "e": 94700, "w": "对", "sp": "Customer"}, {"s": 93922, "e": 99310, "w": "的话 目 前线 上 是 呃 这个 是 预约 地址 然后 会 根据 您 的 实际 安装 地址 就近", "sp": "Agent"}, {"s": 99170, "e": 99471, "w": "没", "sp": "Customer"}, {"s": 99310, "e": 99670, "w": "安排", "sp": "Agent"}, {"s": 99471, "e": 100678, "w": "更改 的 是", "sp": "Customer"}, {"s": 100490, "e": 100851, "w": "嗯 对", "sp": "Agent"}, {"s": 100678, "e": 100980, "w": "吧", "sp": "Customer"}, {"s": 100851, "e": 105010, "w": "对 对 就是 会 根据 您 的 安装 地址 安排 咱们 设计师 联系 您", "sp": "Agent"}, {"s": 105350, "e": 108600, "w": "就是 门店 这个 预约 九十九 这个", "sp": "Customer"}, {"s": 108440, "e": 108665, "w": "嗯", "sp": "Agent"}, {"s": 108600, "e": 108850, "w": "到", "sp": "Customer"}, {"s": 108665, "e": 108890, "w": "对", "sp": "Agent"}, {"s": 108850, "e": 109100, "w": "店", "sp": "Customer"}, {"s": 108890, "e": 109115, "w": "对", "sp": "Agent"}, {"s": 109100, "e": 109350, "w": "到", "sp": "Customer"}, {"s": 109115, "e": 109790, "w": "对 这个", "sp": "Agent"}, {"s": 109350, "e": 109600, "w": "店", "sp": "Customer"}, {"s": 109791, "e": 113393, "w": "只是 说 预约 享受 预约 活动 优惠 而已 也", "sp": "Agent"}, {"s": 113280, "e": 113875, "w": "照片", "sp": "Customer"}, {"s": 113393, "e": 114069, "w": "也好 帮", "sp": "Agent"}, {"s": 113875, "e": 114173, "w": "嗯", "sp": "Customer"}, {"s": 114069, "e": 114294, "w": "您", "sp": "Agent"}, {"s": 114173, "e": 114768, "w": "照片", "sp": "Customer"}, {"s": 114294, "e": 114970, "w": "安排 吗", "sp": "Agent"}, {"s": 114768, "e": 119830, "w": "有 的 有 的 但是 这个 地址 什么 中 中 开 区 啊", "sp": "Customer"}, {"s": 119800, "e": 120526, "w": "哪里", "sp": "Agent"}, {"s": 119831, "e": 121022, "w": "这个 不对", "sp": "Customer"}, {"s": 120526, "e": 120890, "w": "啊", "sp": "Agent"}, {"s": 121022, "e": 124230, "w": "的 这个 仲裁 区 是 什么", "sp": "Customer"}, {"s": 124040, "e": 126670, "w": "啊 您 是 选择 的 郑州市 吗", "sp": "Agent"}, {"s": 127170, "e": 128653, "w": "你 先 稍 等 一下", "sp": "Customer"}, {"s": 128539, "e": 129019, "w": "啊", "sp": "Agent"}, {"s": 128654, "e": 129147, "w": "呃 我", "sp": "Customer"}, {"s": 129020, "e": 129500, "w": "对", "sp": "Agent"}, {"s": 129147, "e": 129890, "w": "在 发货", "sp": "Customer"}, {"s": 129500, "e": 129979, "w": "的", "sp": "Agent"}, {"s": 129890, "e": 130880, "w": "地址 是 吧", "sp": "Customer"}, {"s": 130729, "e": 137379, "w": "啊 不是 就是 您 的 就是 您 的 安装 地址 是 在 咱们 河南省 郑州市 郑 东 新区 对 吧", "sp": "Agent"}, {"s": 137540, "e": 145360, "w": "对 呀 现在 上面 显示 的 有 个 门店 就是 大金 旗舰店 就是 金 水区 文化路 我 是不是 要约", "sp": "Customer"}, {"s": 145300, "e": 145500, "w": "对", "sp": "Agent"}, {"s": 145360, "e": 145820, "w": "这个", "sp": "Customer"}, {"s": 145500, "e": 147900, "w": "对 对 您 预约 这个 门店 就 好 了", "sp": "Agent"}, {"s": 147970, "e": 153722, "w": "嗯 预约 门店 到 店 了 下边 有 个 线 下 指定 门店 抵扣 使用", "sp": "Customer"}, {"s": 153310, "e": 153724, "w": "啊", "sp": "Agent"}, {"s": 153722, "e": 153984, "w": "的", "sp": "Customer"}, {"s": 153725, "e": 154140, "w": "对", "sp": "Agent"}, {"s": 153984, "e": 154506, "w": "这个", "sp": "Customer"}, {"s": 154140, "e": 154555, "w": "对", "sp": "Agent"}, {"s": 154507, "e": 155030, "w": "要是", "sp": "Customer"}, {"s": 154555, "e": 162986, "w": "对 对 就是 您 预约 支付 一下 九十九 这个 是 预约 方便 安排 设计师 联系 您 其二 的话 就是说 如果说", "sp": "Agent"}, {"s": 162590, "e": 163368, "w": "但是 现在", "sp": "Customer"}, {"s": 162986, "e": 163370, "w": "后期", "sp": "Agent"}, {"s": 163368, "e": 163951, "w": "是 这样", "sp": "Customer"}, {"s": 163820, "e": 164900, "w": "嗯", "sp": "Agent"}, {"s": 163951, "e": 166480, "w": "的 他 卖家 的 这个 地址 是 不对 的", "sp": "Customer"}, {"s": 166680, "e": 168370, "w": "哪个 地址 不对", "sp": "Agent"}, {"s": 168280, "e": 170430, "w": "那 选择 门店 是不是 啊", "sp": "Customer"}, {"s": 170250, "e": 175760, "w": "啊 您 是 不能 选择 咱们 这个 呃 金水 区 的 门店 吗", "sp": "Agent"}, {"s": 175920, "e": 177570, "w": "不能 选择 了", "sp": "Customer"}, {"s": 177250, "e": 182349, "w": "啊 您 选择 那 就 选择 杭 那个 郑州市 全部 区 您 先 选择", "sp": "Agent"}, {"s": 182610, "e": 184487, "w": "我 来看 一下 是不是", "sp": "Customer"}, {"s": 183830, "e": 184870, "w": "啊", "sp": "Agent"}, {"s": 184488, "e": 189890, "w": "和 我 的 手机 里面 设定 了 一个 未能 活 的 默认 的 收货 地址", "sp": "Customer"}, {"s": 189450, "e": 192819, "w": "哦 等于 说 默认 地址 没有 去 设置 好 是 吧", "sp": "Agent"}, {"s": 193020, "e": 194190, "w": "对", "sp": "Customer"}, {"s": 193510, "e": 199072, "w": "哎 稍 等 啊 这边 把 一个 默认 地址 的 一个 流程 发给 您 看 一下 您 可以", "sp": "Agent"}, {"s": 199050, "e": 200050, "w": "嗯", "sp": "Customer"}, {"s": 199072, "e": 206065, "w": "去 改 一下 默认 地址 就是说 您 打开 淘宝 然后 设置 呃 收货 地址 的话 就 设置 就 默认", "sp": "Agent"}, {"s": 205830, "e": 206203, "w": "喂", "sp": "Customer"}, {"s": 206065, "e": 206254, "w": "的", "sp": "Agent"}, {"s": 206203, "e": 206950, "w": "你好", "sp": "Customer"}, {"s": 206254, "e": 209090, "w": "您 的 一个 郑州市 的 默认 地址 就 好 了", "sp": "Agent"}, {"s": 209030, "e": 210698, "w": "好 嘞 我 现在", "sp": "Customer"}, {"s": 210540, "e": 210922, "w": "嗯", "sp": "Agent"}, {"s": 210698, "e": 211366, "w": "开车", "sp": "Customer"}, {"s": 210922, "e": 211687, "w": "嗯 嗯", "sp": "Agent"}, {"s": 211366, "e": 211700, "w": "好", "sp": "Customer"}, {"s": 211687, "e": 232780, "w": "嗯 余", "sp": "Agent"}]}, "aqm": {"greeting": {"greeting_said": "", "n_greeting_said": 0, "score": 0}, "closing": {"closing_said": "您", "n_closing_said": 1, "score": 0}, "speed": {"speed_max": 5.57, "n_words": 21, "words": "嗯 对 您 的 安装 地址 是 在 和 呃 郑州 嘛 对 吧 因为 郑州", "start": 90150, "end": 93922}}}