{"mediaId": "2022031316100255708747450278303001", "status": "Success", "dateCreated": "2022-03-21T18:45:50Z", "contentType": "audio/x-wav", "channels": "future use", "length": 30, "metadata": {"Sid": 10108, "Site_id": 783, "Audio_ch_num": 87474502, "Audio_module_num": 783002, "Audio_start_time_gmt": "2022-03-13T08:10:02.557+08:00", "Transaction_id": "2022031316100255708747450278303001", "ContactID": "9144801340250000301", "Personal_id": "0", "Direction": 2, "Local_audio_start_time": "2022-03-13T16:10:02.557+08:00", "Local_audio_end_time": "2022-03-13T16:10:32.557+08:00", "Total_hold_time": "0", "Pbx_login_id": "800050", "Ani": "600059", "Extension": "600059", "String_extension": "600059", "Switch_call_id": "006f0330e46d5046", "Switch_id": "783000001", "Duration_seconds": 30, "Wrapup_time_in_seconds": "0", "Dnis": "13358053194", "Number_of_conferences": "0", "Number_of_holds": "0", "Number_of_transfers": "0", "Percent_of_agent_call": "16", "Percent_of_other_call": "3", "Percent_of_mutual_silence": "10", "Num_of_agent_cross": "1", "Num_of_other_cross": "0", "IsException": 0, "CD2": "013GVT56OG919AP72LUHVB5AES000CIG"}, "transcript_detailed": {"words": [{"p": 1, "c": 0.9, "s": 380, "e": 735, "w": "您好", "sp": "Agent"}, {"p": 2, "c": 0.9, "s": 735, "e": 1091, "w": "这边", "sp": "Agent"}, {"p": 3, "c": 0.9, "s": 1091, "e": 1268, "w": "是", "sp": "Agent"}, {"p": 4, "c": 0.9, "s": 1269, "e": 1625, "w": "大金", "sp": "Agent"}, {"p": 5, "c": 0.9, "s": 1625, "e": 1981, "w": "空调", "sp": "Agent"}, {"p": 6, "c": 0.9, "s": 1981, "e": 2336, "w": "厂房", "sp": "Agent"}, {"p": 7, "c": 0.9, "s": 2336, "e": 2692, "w": "客服", "sp": "Agent"}, {"p": 8, "c": 0.9, "s": 2692, "e": 3047, "w": "中心", "sp": "Agent"}, {"p": 9, "c": 0.9, "s": 3048, "e": 3404, "w": "这边", "sp": "Agent"}, {"p": 10, "c": 0.9, "s": 3404, "e": 3582, "w": "给", "sp": "Agent"}, {"p": 11, "c": 0.9, "s": 3582, "e": 3760, "w": "您", "sp": "Agent"}, {"p": 12, "c": 0.9, "s": 3760, "e": 4115, "w": "来电", "sp": "Agent"}, {"p": 13, "c": 0.9, "s": 4115, "e": 4292, "w": "呢", "sp": "Agent"}, {"p": 14, "c": 0.9, "s": 4293, "e": 4471, "w": "是", "sp": "Agent"}, {"p": 15, "c": 0.9, "s": 4471, "e": 4827, "w": "看到", "sp": "Agent"}, {"p": 16, "c": 0.9, "s": 4827, "e": 5005, "w": "您", "sp": "Agent"}, {"p": 17, "c": 0.9, "s": 5005, "e": 5183, "w": "在", "sp": "Agent"}, {"p": 18, "c": 0.9, "s": 5183, "e": 5539, "w": "我们", "sp": "Agent"}, {"p": 19, "c": 0.9, "s": 5539, "e": 5717, "w": "的", "sp": "Agent"}, {"p": 20, "c": 0.9, "s": 5717, "e": 6072, "w": "这边", "sp": "Agent"}, {"p": 21, "c": 0.9, "s": 6072, "e": 6250, "w": "是", "sp": "Agent"}, {"p": 22, "c": 0.9, "s": 6250, "e": 6428, "w": "有", "sp": "Agent"}, {"p": 23, "c": 0.9, "s": 6428, "e": 6606, "w": "留", "sp": "Agent"}, {"p": 24, "c": 0.9, "s": 6606, "e": 6784, "w": "资", "sp": "Agent"}, {"p": 25, "c": 0.9, "s": 6784, "e": 6962, "w": "的", "sp": "Agent"}, {"p": 26, "c": 0.9, "s": 6962, "e": 7318, "w": "这边", "sp": "Agent"}, {"p": 27, "c": 0.9, "s": 7318, "e": 7496, "w": "想", "sp": "Agent"}, {"p": 28, "c": 0.9, "s": 7496, "e": 7674, "w": "跟", "sp": "Agent"}, {"p": 29, "c": 0.9, "s": 7674, "e": 7851, "w": "您", "sp": "Agent"}, {"p": 30, "c": 0.9, "s": 7851, "e": 8207, "w": "确认", "sp": "Agent"}, {"p": 31, "c": 0.9, "s": 8207, "e": 8563, "w": "一下", "sp": "Agent"}, {"p": 32, "c": 0.9, "s": 8563, "e": 8741, "w": "您", "sp": "Agent"}, {"p": 33, "c": 0.9, "s": 8741, "e": 9097, "w": "近期", "sp": "Agent"}, {"p": 34, "c": 0.9, "s": 9097, "e": 9275, "w": "是", "sp": "Agent"}, {"p": 35, "c": 0.9, "s": 9275, "e": 9453, "w": "想", "sp": "Agent"}, {"p": 36, "c": 0.9, "s": 9453, "e": 9808, "w": "了解", "sp": "Agent"}, {"p": 37, "c": 0.9, "s": 9808, "e": 10164, "w": "一下", "sp": "Agent"}, {"p": 38, "c": 0.9, "s": 10164, "e": 10698, "w": "加油站", "sp": "Agent"}, {"p": 39, "c": 0.9, "s": 10698, "e": 11054, "w": "空调", "sp": "Agent"}, {"p": 40, "c": 0.9, "s": 11054, "e": 11232, "w": "是", "sp": "Agent"}, {"p": 41, "c": 0.9, "s": 11232, "e": 11410, "w": "吗", "sp": "Agent"}, {"p": 42, "c": 0.9, "s": 12300, "e": 12510, "w": "嗯", "sp": "Customer"}, {"p": 43, "c": 0.9, "s": 12510, "e": 12721, "w": "对", "sp": "Customer"}, {"p": 44, "c": 0.9, "s": 12721, "e": 12932, "w": "你", "sp": "Customer"}, {"p": 45, "c": 0.9, "s": 12932, "e": 13142, "w": "微", "sp": "Customer"}, {"p": 46, "c": 0.9, "s": 13142, "e": 13353, "w": "信", "sp": "Customer"}, {"p": 47, "c": 0.9, "s": 13353, "e": 13564, "w": "上", "sp": "Customer"}, {"p": 48, "c": 0.9, "s": 13564, "e": 13775, "w": "说", "sp": "Customer"}, {"p": 49, "c": 0.9, "s": 13775, "e": 13985, "w": "吧", "sp": "Customer"}, {"p": 50, "c": 0.9, "s": 13985, "e": 14196, "w": "我", "sp": "Customer"}, {"p": 51, "c": 0.9, "s": 14196, "e": 14407, "w": "在", "sp": "Customer"}, {"p": 52, "c": 0.9, "s": 14407, "e": 14827, "w": "开车", "sp": "Customer"}, {"p": 53, "c": 0.9, "s": 14828, "e": 15039, "w": "好", "sp": "Customer"}, {"p": 54, "c": 0.9, "s": 15039, "e": 15250, "w": "吧", "sp": "Customer"}, {"p": 55, "c": 0.9, "s": 15170, "e": 15396, "w": "啊", "sp": "Agent"}, {"p": 56, "c": 0.9, "s": 15396, "e": 15623, "w": "您", "sp": "Agent"}, {"p": 57, "c": 0.9, "s": 15623, "e": 16077, "w": "现在", "sp": "Agent"}, {"p": 58, "c": 0.9, "s": 16077, "e": 16303, "w": "在", "sp": "Agent"}, {"p": 59, "c": 0.9, "s": 16304, "e": 16758, "w": "开车", "sp": "Agent"}, {"p": 60, "c": 0.9, "s": 16758, "e": 16984, "w": "是", "sp": "Agent"}, {"p": 61, "c": 0.9, "s": 16984, "e": 17210, "w": "吗", "sp": "Agent"}, {"p": 62, "c": 0.9, "s": 17211, "e": 17438, "w": "那", "sp": "Agent"}, {"p": 63, "c": 0.9, "s": 17438, "e": 17892, "w": "我们", "sp": "Agent"}, {"p": 64, "c": 0.9, "s": 17892, "e": 18119, "w": "嗯", "sp": "Agent"}, {"p": 65, "c": 0.9, "s": 18119, "e": 18571, "w": "五点", "sp": "Agent"}, {"p": 66, "c": 0.9, "s": 18550, "e": 18733, "w": "啊", "sp": "Customer"}, {"p": 67, "c": 0.9, "s": 18572, "e": 18799, "w": "给", "sp": "Agent"}, {"p": 68, "c": 0.9, "s": 18733, "e": 18916, "w": "我", "sp": "Customer"}, {"p": 69, "c": 0.9, "s": 18799, "e": 19026, "w": "您", "sp": "Agent"}, {"p": 70, "c": 0.9, "s": 18916, "e": 19283, "w": "有事", "sp": "Customer"}, {"p": 71, "c": 0.9, "s": 19026, "e": 19252, "w": "啊", "sp": "Agent"}, {"p": 72, "c": 0.9, "s": 19253, "e": 19707, "w": "五点", "sp": "Agent"}, {"p": 73, "c": 0.9, "s": 19283, "e": 19466, "w": "我", "sp": "Customer"}, {"p": 74, "c": 0.9, "s": 19466, "e": 19833, "w": "有事", "sp": "Customer"}, {"p": 75, "c": 0.9, "s": 19707, "e": 19934, "w": "再", "sp": "Agent"}, {"p": 76, "c": 0.9, "s": 19833, "e": 20016, "w": "啊", "sp": "Customer"}, {"p": 77, "c": 0.9, "s": 19934, "e": 20160, "w": "给", "sp": "Agent"}, {"p": 78, "c": 0.9, "s": 20016, "e": 20200, "w": "嗯", "sp": "Customer"}, {"p": 79, "c": 0.9, "s": 20160, "e": 20387, "w": "您", "sp": "Agent"}, {"p": 80, "c": 0.9, "s": 20387, "e": 20841, "w": "来电", "sp": "Agent"}, {"p": 81, "c": 0.9, "s": 20841, "e": 21067, "w": "啊", "sp": "Agent"}, {"p": 82, "c": 0.9, "s": 21068, "e": 21295, "w": "嗯", "sp": "Agent"}, {"p": 83, "c": 0.9, "s": 21295, "e": 21748, "w": "这边", "sp": "Agent"}, {"p": 84, "c": 0.9, "s": 21748, "e": 21974, "w": "先", "sp": "Agent"}, {"p": 85, "c": 0.9, "s": 21975, "e": 22202, "w": "不", "sp": "Agent"}, {"p": 86, "c": 0.9, "s": 22202, "e": 22656, "w": "打扰", "sp": "Agent"}, {"p": 87, "c": 0.9, "s": 22656, "e": 22883, "w": "您", "sp": "Agent"}, {"p": 88, "c": 0.9, "s": 22883, "e": 23109, "w": "了", "sp": "Agent"}]}, "plainText": "您好 这边 是 大金 空调 厂房 客服 中心 这边 给 您 来电 呢 是 看到 您 在 我们 的 这边 是 有 留 资 的 这边 想 跟 您 确认 一下 您 近期 是 想 了解 一下 加油站 空调 是 吗\n嗯 对 你 微 信 上 说 吧 我 在 开车 好 吧\n啊 您 现在 在 开车 是 吗 那 我们 嗯 五点\n啊\n给\n我\n您\n有事\n啊 五点\n我 有事\n再\n啊\n给\n嗯\n您 来电 啊 嗯 这边 先 不 打扰 您 了", "plainTextTime": {"verbatims": [{"s": 380, "e": 11410, "w": "您好 这边 是 大金 空调 厂房 客服 中心 这边 给 您 来电 呢 是 看到 您 在 我们 的 这边 是 有 留 资 的 这边 想 跟 您 确认 一下 您 近期 是 想 了解 一下 加油站 空调 是 吗", "sp": "Agent"}, {"s": 12300, "e": 15250, "w": "嗯 对 你 微 信 上 说 吧 我 在 开车 好 吧", "sp": "Customer"}, {"s": 15170, "e": 18571, "w": "啊 您 现在 在 开车 是 吗 那 我们 嗯 五点", "sp": "Agent"}, {"s": 18550, "e": 18733, "w": "啊", "sp": "Customer"}, {"s": 18572, "e": 18799, "w": "给", "sp": "Agent"}, {"s": 18733, "e": 18916, "w": "我", "sp": "Customer"}, {"s": 18799, "e": 19026, "w": "您", "sp": "Agent"}, {"s": 18916, "e": 19283, "w": "有事", "sp": "Customer"}, {"s": 19026, "e": 19707, "w": "啊 五点", "sp": "Agent"}, {"s": 19283, "e": 19833, "w": "我 有事", "sp": "Customer"}, {"s": 19707, "e": 19934, "w": "再", "sp": "Agent"}, {"s": 19833, "e": 20016, "w": "啊", "sp": "Customer"}, {"s": 19934, "e": 20160, "w": "给", "sp": "Agent"}, {"s": 20016, "e": 20200, "w": "嗯", "sp": "Customer"}, {"s": 20160, "e": 23109, "w": "您 来电 啊 嗯 这边 先 不 打扰 您 了", "sp": "Agent"}]}, "aqm": {"greeting": {"greeting_said": "您好, 大金, 空调, 客服", "n_greeting_said": 4, "score": 1}, "closing": {"closing_said": "您", "n_closing_said": 1, "score": 0}, "speed": {"speed_max": 5.62, "n_words": 62, "words": "您好 这边 是 大金 空调 厂房 客服 中心 这边 给 您 来电 呢 是 看到 您 在 我们 的 这边 是 有 留 资 的 这边 想 跟 您 确认 一下 您 近期 是 想 了解 一下 加油站 空调 是 吗", "start": 380, "end": 11410}}}