{"mediaId": "2022031318583398608747468878303001", "status": "Success", "dateCreated": "2022-03-21T18:45:50Z", "contentType": "audio/x-wav", "channels": "future use", "length": 292, "metadata": {"Sid": 10201, "Site_id": 783, "Audio_ch_num": 87474688, "Audio_module_num": 783001, "Audio_start_time_gmt": "2022-03-13T10:58:33.987+08:00", "Transaction_id": "2022031318583398608747468878303001", "ContactID": "9144802351390000301", "Personal_id": "0", "Direction": 1, "Local_audio_start_time": "2022-03-13T18:58:33.987+08:00", "Local_audio_end_time": "2022-03-13T19:03:25.987+08:00", "Total_hold_time": "0", "Pbx_login_id": "800002", "Ani": "15839444999", "Extension": "600027", "String_extension": "600027", "Switch_call_id": "006f0330e46d5122", "Switch_id": "783000001", "Duration_seconds": 292, "Wrapup_time_in_seconds": "0", "Dnis": "02152690551", "Number_of_conferences": "0", "Number_of_holds": "0", "Number_of_transfers": "0", "Percent_of_agent_call": "136", "Percent_of_other_call": "47", "Percent_of_mutual_silence": "52", "Num_of_agent_cross": "21", "Num_of_other_cross": "38", "IsException": 0, "CD2": "013GVT56OG919AP72LUHVB5AES000CPK"}, "transcript_detailed": {"words": [{"p": 1, "c": 0.9, "s": 380, "e": 796, "w": "喂", "sp": "Agent"}, {"p": 2, "c": 0.9, "s": 796, "e": 1630, "w": "你好", "sp": "Agent"}, {"p": 3, "c": 0.9, "s": 1720, "e": 2046, "w": "喂", "sp": "Customer"}, {"p": 4, "c": 0.9, "s": 2046, "e": 2698, "w": "你好", "sp": "Customer"}, {"p": 5, "c": 0.9, "s": 2610, "e": 2810, "w": "哎", "sp": "Agent"}, {"p": 6, "c": 0.9, "s": 2698, "e": 3024, "w": "我", "sp": "Customer"}, {"p": 7, "c": 0.9, "s": 2810, "e": 3210, "w": "你好", "sp": "Agent"}, {"p": 8, "c": 0.9, "s": 3024, "e": 3350, "w": "想", "sp": "Customer"}, {"p": 9, "c": 0.9, "s": 3210, "e": 3610, "w": "这边", "sp": "Agent"}, {"p": 10, "c": 0.9, "s": 3350, "e": 3676, "w": "问", "sp": "Customer"}, {"p": 11, "c": 0.9, "s": 3610, "e": 4009, "w": "办理", "sp": "Agent"}, {"p": 12, "c": 0.9, "s": 3676, "e": 4328, "w": "一下", "sp": "Customer"}, {"p": 13, "c": 0.9, "s": 4010, "e": 4210, "w": "天", "sp": "Agent"}, {"p": 14, "c": 0.9, "s": 4210, "e": 4410, "w": "猫", "sp": "Agent"}, {"p": 15, "c": 0.9, "s": 4328, "e": 4980, "w": "这个", "sp": "Customer"}, {"p": 16, "c": 0.9, "s": 4410, "e": 4810, "w": "淘宝", "sp": "Agent"}, {"p": 17, "c": 0.9, "s": 4810, "e": 5210, "w": "客服", "sp": "Agent"}, {"p": 18, "c": 0.9, "s": 5610, "e": 5826, "w": "咱", "sp": "Customer"}, {"p": 19, "c": 0.9, "s": 5826, "e": 6043, "w": "是", "sp": "Customer"}, {"p": 20, "c": 0.9, "s": 6043, "e": 6260, "w": "做", "sp": "Customer"}, {"p": 21, "c": 0.9, "s": 6260, "e": 6693, "w": "这个", "sp": "Customer"}, {"p": 22, "c": 0.9, "s": 6693, "e": 7126, "w": "大型", "sp": "Customer"}, {"p": 23, "c": 0.9, "s": 7126, "e": 7560, "w": "股票", "sp": "Customer"}, {"p": 24, "c": 0.9, "s": 7220, "e": 7580, "w": "第二", "sp": "Agent"}, {"p": 25, "c": 0.9, "s": 7560, "e": 7776, "w": "的", "sp": "Customer"}, {"p": 26, "c": 0.9, "s": 7580, "e": 7759, "w": "个", "sp": "Agent"}, {"p": 27, "c": 0.9, "s": 7760, "e": 7940, "w": "是", "sp": "Agent"}, {"p": 28, "c": 0.9, "s": 7776, "e": 7993, "w": "是", "sp": "Customer"}, {"p": 29, "c": 0.9, "s": 7940, "e": 8120, "w": "吧", "sp": "Agent"}, {"p": 30, "c": 0.9, "s": 7993, "e": 8210, "w": "吧", "sp": "Customer"}, {"p": 31, "c": 0.9, "s": 8630, "e": 8843, "w": "呃", "sp": "Agent"}, {"p": 32, "c": 0.9, "s": 8843, "e": 9057, "w": "您", "sp": "Agent"}, {"p": 33, "c": 0.9, "s": 9057, "e": 9485, "w": "这边", "sp": "Agent"}, {"p": 34, "c": 0.9, "s": 9485, "e": 9698, "w": "是", "sp": "Agent"}, {"p": 35, "c": 0.9, "s": 9699, "e": 10127, "w": "新房", "sp": "Agent"}, {"p": 36, "c": 0.9, "s": 10127, "e": 10555, "w": "准备", "sp": "Agent"}, {"p": 37, "c": 0.9, "s": 10555, "e": 10982, "w": "安装", "sp": "Agent"}, {"p": 38, "c": 0.9, "s": 10982, "e": 11410, "w": "大金", "sp": "Agent"}, {"p": 39, "c": 0.9, "s": 11410, "e": 11838, "w": "中央", "sp": "Agent"}, {"p": 40, "c": 0.9, "s": 11838, "e": 12266, "w": "空调", "sp": "Agent"}, {"p": 41, "c": 0.9, "s": 12266, "e": 12480, "w": "吗", "sp": "Agent"}, {"p": 42, "c": 0.9, "s": 12530, "e": 13530, "w": "对", "sp": "Customer"}, {"p": 43, "c": 0.9, "s": 13430, "e": 13617, "w": "啊", "sp": "Agent"}, {"p": 44, "c": 0.9, "s": 13617, "e": 13804, "w": "您", "sp": "Agent"}, {"p": 45, "c": 0.9, "s": 13805, "e": 13992, "w": "家", "sp": "Agent"}, {"p": 46, "c": 0.9, "s": 13992, "e": 14367, "w": "房子", "sp": "Agent"}, {"p": 47, "c": 0.9, "s": 14367, "e": 14554, "w": "是", "sp": "Agent"}, {"p": 48, "c": 0.9, "s": 14555, "e": 14930, "w": "一个", "sp": "Agent"}, {"p": 49, "c": 0.9, "s": 14930, "e": 15117, "w": "几", "sp": "Agent"}, {"p": 50, "c": 0.9, "s": 15117, "e": 15304, "w": "室", "sp": "Agent"}, {"p": 51, "c": 0.9, "s": 15305, "e": 15492, "w": "几", "sp": "Agent"}, {"p": 52, "c": 0.9, "s": 15492, "e": 15679, "w": "厅", "sp": "Agent"}, {"p": 53, "c": 0.9, "s": 15680, "e": 15867, "w": "的", "sp": "Agent"}, {"p": 54, "c": 0.9, "s": 15867, "e": 16242, "w": "户型", "sp": "Agent"}, {"p": 55, "c": 0.9, "s": 16242, "e": 16430, "w": "啊", "sp": "Agent"}, {"p": 56, "c": 0.9, "s": 16700, "e": 17008, "w": "呃", "sp": "Customer"}, {"p": 57, "c": 0.9, "s": 17008, "e": 17625, "w": "两百", "sp": "Customer"}, {"p": 58, "c": 0.9, "s": 17625, "e": 17934, "w": "多", "sp": "Customer"}, {"p": 59, "c": 0.9, "s": 17934, "e": 18551, "w": "块钱", "sp": "Customer"}, {"p": 60, "c": 0.9, "s": 18551, "e": 18860, "w": "吧", "sp": "Customer"}, {"p": 61, "c": 0.9, "s": 19020, "e": 19540, "w": "两百", "sp": "Agent"}, {"p": 62, "c": 0.9, "s": 19540, "e": 20060, "w": "多个", "sp": "Agent"}, {"p": 63, "c": 0.9, "s": 20060, "e": 20580, "w": "平方", "sp": "Agent"}, {"p": 64, "c": 0.9, "s": 20580, "e": 20840, "w": "是", "sp": "Agent"}, {"p": 65, "c": 0.9, "s": 20840, "e": 21100, "w": "吧", "sp": "Agent"}, {"p": 66, "c": 0.9, "s": 21080, "e": 22130, "w": "对", "sp": "Customer"}, {"p": 67, "c": 0.9, "s": 22150, "e": 22369, "w": "呃", "sp": "Agent"}, {"p": 68, "c": 0.9, "s": 22370, "e": 22810, "w": "大概", "sp": "Agent"}, {"p": 69, "c": 0.9, "s": 22810, "e": 23029, "w": "是", "sp": "Agent"}, {"p": 70, "c": 0.9, "s": 23030, "e": 23470, "w": "两百", "sp": "Agent"}, {"p": 71, "c": 0.9, "s": 23470, "e": 23689, "w": "多", "sp": "Agent"}, {"p": 72, "c": 0.9, "s": 23690, "e": 24130, "w": "多少", "sp": "Agent"}, {"p": 73, "c": 0.9, "s": 24130, "e": 24349, "w": "啊", "sp": "Agent"}, {"p": 74, "c": 0.9, "s": 24350, "e": 25010, "w": "就是说", "sp": "Agent"}, {"p": 75, "c": 0.9, "s": 25010, "e": 25450, "w": "一个", "sp": "Agent"}, {"p": 76, "c": 0.9, "s": 25450, "e": 25670, "w": "几", "sp": "Agent"}, {"p": 77, "c": 0.9, "s": 25670, "e": 26110, "w": "十几", "sp": "Agent"}, {"p": 78, "c": 0.9, "s": 26110, "e": 26330, "w": "厘", "sp": "Agent"}, {"p": 79, "c": 0.9, "s": 26330, "e": 26550, "w": "的", "sp": "Agent"}, {"p": 80, "c": 0.9, "s": 26550, "e": 26990, "w": "户型", "sp": "Agent"}, {"p": 81, "c": 0.9, "s": 26990, "e": 27210, "w": "啊", "sp": "Agent"}, {"p": 82, "c": 0.9, "s": 28090, "e": 28980, "w": "嗯", "sp": "Customer"}, {"p": 83, "c": 0.9, "s": 30070, "e": 31690, "w": "四十四", "sp": "Customer"}, {"p": 84, "c": 0.9, "s": 31690, "e": 32230, "w": "两", "sp": "Customer"}, {"p": 85, "c": 0.9, "s": 32230, "e": 32770, "w": "瓶", "sp": "Customer"}, {"p": 86, "c": 0.9, "s": 33220, "e": 34042, "w": "删除", "sp": "Customer"}, {"p": 87, "c": 0.9, "s": 34042, "e": 34453, "w": "呃", "sp": "Customer"}, {"p": 88, "c": 0.9, "s": 34453, "e": 35274, "w": "那个", "sp": "Customer"}, {"p": 89, "c": 0.9, "s": 34660, "e": 35750, "w": "这个", "sp": "Agent"}, {"p": 90, "c": 0.9, "s": 35275, "e": 35686, "w": "已", "sp": "Customer"}, {"p": 91, "c": 0.9, "s": 35686, "e": 36097, "w": "已", "sp": "Customer"}, {"p": 92, "c": 0.9, "s": 36097, "e": 36508, "w": "出", "sp": "Customer"}, {"p": 93, "c": 0.9, "s": 36508, "e": 36919, "w": "三", "sp": "Customer"}, {"p": 94, "c": 0.9, "s": 36919, "e": 37329, "w": "位", "sp": "Customer"}, {"p": 95, "c": 0.9, "s": 37440, "e": 37621, "w": "啊", "sp": "Agent"}, {"p": 96, "c": 0.9, "s": 37621, "e": 37802, "w": "行", "sp": "Agent"}, {"p": 97, "c": 0.9, "s": 37802, "e": 37982, "w": "好", "sp": "Agent"}, {"p": 98, "c": 0.9, "s": 37983, "e": 38165, "w": "的", "sp": "Agent"}, {"p": 99, "c": 0.9, "s": 38165, "e": 38346, "w": "好", "sp": "Agent"}, {"p": 100, "c": 0.9, "s": 38346, "e": 38527, "w": "的", "sp": "Agent"}, {"p": 101, "c": 0.9, "s": 38527, "e": 38709, "w": "呃", "sp": "Agent"}, {"p": 102, "c": 0.9, "s": 38709, "e": 38890, "w": "那", "sp": "Agent"}, {"p": 103, "c": 0.9, "s": 38890, "e": 39253, "w": "这样", "sp": "Agent"}, {"p": 104, "c": 0.9, "s": 39253, "e": 39434, "w": "的", "sp": "Agent"}, {"p": 105, "c": 0.9, "s": 39434, "e": 39796, "w": "就是", "sp": "Agent"}, {"p": 106, "c": 0.9, "s": 39797, "e": 39978, "w": "您", "sp": "Agent"}, {"p": 107, "c": 0.9, "s": 39978, "e": 40341, "w": "这边", "sp": "Agent"}, {"p": 108, "c": 0.9, "s": 40341, "e": 40703, "w": "的话", "sp": "Agent"}, {"p": 109, "c": 0.9, "s": 40703, "e": 40885, "w": "是", "sp": "Agent"}, {"p": 110, "c": 0.9, "s": 40885, "e": 41246, "w": "一个", "sp": "Agent"}, {"p": 111, "c": 0.9, "s": 41247, "e": 41610, "w": "四十", "sp": "Agent"}, {"p": 112, "c": 0.9, "s": 41610, "e": 41791, "w": "的", "sp": "Agent"}, {"p": 113, "c": 0.9, "s": 41791, "e": 42154, "w": "一个", "sp": "Agent"}, {"p": 114, "c": 0.9, "s": 42154, "e": 42517, "w": "户型", "sp": "Agent"}, {"p": 115, "c": 0.9, "s": 42517, "e": 42878, "w": "一般", "sp": "Agent"}, {"p": 116, "c": 0.9, "s": 42879, "e": 43061, "w": "会", "sp": "Agent"}, {"p": 117, "c": 0.9, "s": 43061, "e": 43423, "w": "选择", "sp": "Agent"}, {"p": 118, "c": 0.9, "s": 43423, "e": 43786, "w": "咱们", "sp": "Agent"}, {"p": 119, "c": 0.9, "s": 43786, "e": 44148, "w": "经济", "sp": "Agent"}, {"p": 120, "c": 0.9, "s": 44148, "e": 44510, "w": "权限", "sp": "Agent"}, {"p": 121, "c": 0.9, "s": 44511, "e": 44874, "w": "系列", "sp": "Agent"}, {"p": 122, "c": 0.9, "s": 44874, "e": 45055, "w": "要", "sp": "Agent"}, {"p": 123, "c": 0.9, "s": 45055, "e": 45236, "w": "多", "sp": "Agent"}, {"p": 124, "c": 0.9, "s": 45236, "e": 45418, "w": "我", "sp": "Agent"}, {"p": 125, "c": 0.9, "s": 45418, "e": 45599, "w": "不", "sp": "Agent"}, {"p": 126, "c": 0.9, "s": 45599, "e": 45961, "w": "知道", "sp": "Agent"}, {"p": 127, "c": 0.9, "s": 45962, "e": 46143, "w": "您", "sp": "Agent"}, {"p": 128, "c": 0.9, "s": 46143, "e": 46506, "w": "之前", "sp": "Agent"}, {"p": 129, "c": 0.9, "s": 46506, "e": 46868, "w": "对于", "sp": "Agent"}, {"p": 130, "c": 0.9, "s": 46868, "e": 47231, "w": "咱们", "sp": "Agent"}, {"p": 131, "c": 0.9, "s": 47231, "e": 47593, "w": "大金", "sp": "Agent"}, {"p": 132, "c": 0.9, "s": 47594, "e": 47775, "w": "的", "sp": "Agent"}, {"p": 133, "c": 0.9, "s": 47775, "e": 48138, "w": "中央", "sp": "Agent"}, {"p": 134, "c": 0.9, "s": 48138, "e": 48500, "w": "空调", "sp": "Agent"}, {"p": 135, "c": 0.9, "s": 48500, "e": 49044, "w": "有没有", "sp": "Agent"}, {"p": 136, "c": 0.9, "s": 49044, "e": 49406, "w": "了解", "sp": "Agent"}, {"p": 137, "c": 0.9, "s": 49407, "e": 49588, "w": "过", "sp": "Agent"}, {"p": 138, "c": 0.9, "s": 49588, "e": 49770, "w": "呀", "sp": "Agent"}, {"p": 139, "c": 0.9, "s": 50430, "e": 50835, "w": "就是", "sp": "Customer"}, {"p": 140, "c": 0.9, "s": 50650, "e": 51028, "w": "就是", "sp": "Agent"}, {"p": 141, "c": 0.9, "s": 50835, "e": 51240, "w": "看到", "sp": "Customer"}, {"p": 142, "c": 0.9, "s": 51028, "e": 51407, "w": "看到", "sp": "Agent"}, {"p": 143, "c": 0.9, "s": 51241, "e": 51647, "w": "了解", "sp": "Customer"}, {"p": 144, "c": 0.9, "s": 51407, "e": 51785, "w": "了解", "sp": "Agent"}, {"p": 145, "c": 0.9, "s": 51647, "e": 51850, "w": "了", "sp": "Customer"}, {"p": 146, "c": 0.9, "s": 51785, "e": 51975, "w": "了", "sp": "Agent"}, {"p": 147, "c": 0.9, "s": 51850, "e": 52052, "w": "才", "sp": "Customer"}, {"p": 148, "c": 0.9, "s": 51975, "e": 52163, "w": "才", "sp": "Agent"}, {"p": 149, "c": 0.9, "s": 52052, "e": 52254, "w": "给", "sp": "Customer"}, {"p": 150, "c": 0.9, "s": 52164, "e": 52353, "w": "给", "sp": "Agent"}, {"p": 151, "c": 0.9, "s": 52255, "e": 52458, "w": "你", "sp": "Customer"}, {"p": 152, "c": 0.9, "s": 52353, "e": 52542, "w": "你", "sp": "Agent"}, {"p": 153, "c": 0.9, "s": 52458, "e": 53067, "w": "打电话", "sp": "Customer"}, {"p": 154, "c": 0.9, "s": 52542, "e": 53110, "w": "打电话", "sp": "Agent"}, {"p": 155, "c": 0.9, "s": 53067, "e": 53270, "w": "嘞", "sp": "Customer"}, {"p": 156, "c": 0.9, "s": 53110, "e": 53300, "w": "的", "sp": "Agent"}, {"p": 157, "c": 0.9, "s": 53580, "e": 53948, "w": "您", "sp": "Agent"}, {"p": 158, "c": 0.9, "s": 53640, "e": 54107, "w": "你", "sp": "Customer"}, {"p": 159, "c": 0.9, "s": 53948, "e": 54686, "w": "之前", "sp": "Agent"}, {"p": 160, "c": 0.9, "s": 54107, "e": 55043, "w": "这样", "sp": "Customer"}, {"p": 161, "c": 0.9, "s": 54686, "e": 55424, "w": "现在", "sp": "Agent"}, {"p": 162, "c": 0.9, "s": 55043, "e": 55510, "w": "你", "sp": "Customer"}, {"p": 163, "c": 0.9, "s": 55424, "e": 55793, "w": "哎", "sp": "Agent"}, {"p": 164, "c": 0.9, "s": 55511, "e": 55978, "w": "你", "sp": "Customer"}, {"p": 165, "c": 0.9, "s": 55793, "e": 56162, "w": "哎", "sp": "Agent"}, {"p": 166, "c": 0.9, "s": 55978, "e": 56446, "w": "你", "sp": "Customer"}, {"p": 167, "c": 0.9, "s": 56162, "e": 56531, "w": "您", "sp": "Agent"}, {"p": 168, "c": 0.9, "s": 56446, "e": 57382, "w": "这样", "sp": "Customer"}, {"p": 169, "c": 0.9, "s": 56531, "e": 56899, "w": "说", "sp": "Agent"}, {"p": 170, "c": 0.9, "s": 57382, "e": 57850, "w": "我", "sp": "Customer"}, {"p": 171, "c": 0.9, "s": 58130, "e": 58333, "w": "打", "sp": "Customer"}, {"p": 172, "c": 0.9, "s": 58333, "e": 58739, "w": "这个", "sp": "Customer"}, {"p": 173, "c": 0.9, "s": 58670, "e": 58989, "w": "这个", "sp": "Agent"}, {"p": 174, "c": 0.9, "s": 58739, "e": 59144, "w": "电话", "sp": "Customer"}, {"p": 175, "c": 0.9, "s": 58990, "e": 59310, "w": "电话", "sp": "Agent"}, {"p": 176, "c": 0.9, "s": 59145, "e": 59551, "w": "应该", "sp": "Customer"}, {"p": 177, "c": 0.9, "s": 59310, "e": 59470, "w": "应", "sp": "Agent"}, {"p": 178, "c": 0.9, "s": 59470, "e": 59790, "w": "该是", "sp": "Agent"}, {"p": 179, "c": 0.9, "s": 59551, "e": 59753, "w": "是", "sp": "Customer"}, {"p": 180, "c": 0.9, "s": 59754, "e": 60160, "w": "虚拟", "sp": "Customer"}, {"p": 181, "c": 0.9, "s": 59790, "e": 59950, "w": "七", "sp": "Agent"}, {"p": 182, "c": 0.9, "s": 60160, "e": 60363, "w": "的", "sp": "Customer"}, {"p": 183, "c": 0.9, "s": 60363, "e": 60566, "w": "是", "sp": "Customer"}, {"p": 184, "c": 0.9, "s": 60566, "e": 60770, "w": "吧", "sp": "Customer"}, {"p": 185, "c": 0.9, "s": 61460, "e": 61719, "w": "呃", "sp": "Agent"}, {"p": 186, "c": 0.9, "s": 61720, "e": 61981, "w": "对", "sp": "Agent"}, {"p": 187, "c": 0.9, "s": 61981, "e": 62503, "w": "这边", "sp": "Agent"}, {"p": 188, "c": 0.9, "s": 62503, "e": 62764, "w": "是", "sp": "Agent"}, {"p": 189, "c": 0.9, "s": 62764, "e": 63285, "w": "一个", "sp": "Agent"}, {"p": 190, "c": 0.9, "s": 63285, "e": 63807, "w": "官方", "sp": "Agent"}, {"p": 191, "c": 0.9, "s": 63807, "e": 64068, "w": "的", "sp": "Agent"}, {"p": 192, "c": 0.9, "s": 64068, "e": 64589, "w": "一个", "sp": "Agent"}, {"p": 193, "c": 0.9, "s": 64588, "e": 64850, "w": "天", "sp": "Agent"}, {"p": 194, "c": 0.9, "s": 64850, "e": 65111, "w": "猫", "sp": "Agent"}, {"p": 195, "c": 0.9, "s": 65111, "e": 65372, "w": "四", "sp": "Agent"}, {"p": 196, "c": 0.9, "s": 65372, "e": 65893, "w": "零零", "sp": "Agent"}, {"p": 197, "c": 0.9, "s": 65893, "e": 66154, "w": "接", "sp": "Agent"}, {"p": 198, "c": 0.9, "s": 66154, "e": 66415, "w": "呃", "sp": "Agent"}, {"p": 199, "c": 0.9, "s": 66415, "e": 66936, "w": "在线", "sp": "Agent"}, {"p": 200, "c": 0.9, "s": 66936, "e": 67458, "w": "热线", "sp": "Agent"}, {"p": 201, "c": 0.9, "s": 67458, "e": 67980, "w": "客服", "sp": "Agent"}, {"p": 202, "c": 0.9, "s": 68290, "e": 68645, "w": "对", "sp": "Customer"}, {"p": 203, "c": 0.9, "s": 68645, "e": 69000, "w": "你", "sp": "Customer"}, {"p": 204, "c": 0.9, "s": 69000, "e": 69710, "w": "电话", "sp": "Customer"}, {"p": 205, "c": 0.9, "s": 69710, "e": 70420, "w": "多少", "sp": "Customer"}, {"p": 206, "c": 0.9, "s": 70710, "e": 70932, "w": "您", "sp": "Agent"}, {"p": 207, "c": 0.9, "s": 70932, "e": 71378, "w": "这边", "sp": "Agent"}, {"p": 208, "c": 0.9, "s": 71378, "e": 71823, "w": "就是", "sp": "Agent"}, {"p": 209, "c": 0.9, "s": 71823, "e": 72046, "w": "在", "sp": "Agent"}, {"p": 210, "c": 0.9, "s": 72046, "e": 72269, "w": "跟", "sp": "Agent"}, {"p": 211, "c": 0.9, "s": 72269, "e": 72491, "w": "您", "sp": "Agent"}, {"p": 212, "c": 0.9, "s": 72491, "e": 72937, "w": "联系", "sp": "Agent"}, {"p": 213, "c": 0.9, "s": 72937, "e": 73159, "w": "啊", "sp": "Agent"}, {"p": 214, "c": 0.9, "s": 74160, "e": 74390, "w": "我", "sp": "Customer"}, {"p": 215, "c": 0.9, "s": 74390, "e": 74620, "w": "是", "sp": "Customer"}, {"p": 216, "c": 0.9, "s": 74620, "e": 74850, "w": "说", "sp": "Customer"}, {"p": 217, "c": 0.9, "s": 74850, "e": 75080, "w": "这", "sp": "Customer"}, {"p": 218, "c": 0.9, "s": 75080, "e": 75770, "w": "是不是", "sp": "Customer"}, {"p": 219, "c": 0.9, "s": 75770, "e": 76000, "w": "打", "sp": "Customer"}, {"p": 220, "c": 0.9, "s": 76000, "e": 76230, "w": "每", "sp": "Customer"}, {"p": 221, "c": 0.9, "s": 76230, "e": 76690, "w": "一次", "sp": "Customer"}, {"p": 222, "c": 0.9, "s": 76690, "e": 77150, "w": "电话", "sp": "Customer"}, {"p": 223, "c": 0.9, "s": 76730, "e": 76915, "w": "每", "sp": "Agent"}, {"p": 224, "c": 0.9, "s": 76915, "e": 77286, "w": "一次", "sp": "Agent"}, {"p": 225, "c": 0.9, "s": 77150, "e": 77380, "w": "都", "sp": "Customer"}, {"p": 226, "c": 0.9, "s": 77286, "e": 77657, "w": "电话", "sp": "Agent"}, {"p": 227, "c": 0.9, "s": 77380, "e": 77610, "w": "会", "sp": "Customer"}, {"p": 228, "c": 0.9, "s": 77610, "e": 77840, "w": "变", "sp": "Customer"}, {"p": 229, "c": 0.9, "s": 77657, "e": 77842, "w": "都", "sp": "Agent"}, {"p": 230, "c": 0.9, "s": 77840, "e": 78070, "w": "的", "sp": "Customer"}, {"p": 231, "c": 0.9, "s": 77843, "e": 78028, "w": "会", "sp": "Agent"}, {"p": 232, "c": 0.9, "s": 78028, "e": 78214, "w": "变", "sp": "Agent"}, {"p": 233, "c": 0.9, "s": 78070, "e": 78530, "w": "一直", "sp": "Customer"}, {"p": 234, "c": 0.9, "s": 78214, "e": 78399, "w": "的", "sp": "Agent"}, {"p": 235, "c": 0.9, "s": 78530, "e": 78760, "w": "都", "sp": "Customer"}, {"p": 236, "c": 0.9, "s": 78740, "e": 79144, "w": "就是", "sp": "Agent"}, {"p": 237, "c": 0.9, "s": 78760, "e": 79220, "w": "这个", "sp": "Customer"}, {"p": 238, "c": 0.9, "s": 79144, "e": 79548, "w": "这个", "sp": "Agent"}, {"p": 239, "c": 0.9, "s": 79220, "e": 79680, "w": "电话", "sp": "Customer"}, {"p": 240, "c": 0.9, "s": 79549, "e": 79953, "w": "电话", "sp": "Agent"}, {"p": 241, "c": 0.9, "s": 79680, "e": 79910, "w": "吗", "sp": "Customer"}, {"p": 242, "c": 0.9, "s": 79953, "e": 80156, "w": "吗", "sp": "Agent"}, {"p": 243, "c": 0.9, "s": 80156, "e": 80358, "w": "呃", "sp": "Agent"}, {"p": 244, "c": 0.9, "s": 80358, "e": 80560, "w": "就", "sp": "Agent"}, {"p": 245, "c": 0.9, "s": 80560, "e": 80762, "w": "您", "sp": "Agent"}, {"p": 246, "c": 0.9, "s": 80762, "e": 81167, "w": "只要", "sp": "Agent"}, {"p": 247, "c": 0.9, "s": 81167, "e": 81572, "w": "联系", "sp": "Agent"}, {"p": 248, "c": 0.9, "s": 81572, "e": 81976, "w": "这个", "sp": "Agent"}, {"p": 249, "c": 0.9, "s": 81976, "e": 82381, "w": "电话", "sp": "Agent"}, {"p": 250, "c": 0.9, "s": 82381, "e": 82583, "w": "就", "sp": "Agent"}, {"p": 251, "c": 0.9, "s": 82583, "e": 82988, "w": "能够", "sp": "Agent"}, {"p": 252, "c": 0.9, "s": 82988, "e": 83190, "w": "呃", "sp": "Agent"}, {"p": 253, "c": 0.9, "s": 83190, "e": 83392, "w": "有", "sp": "Agent"}, {"p": 254, "c": 0.9, "s": 83392, "e": 83797, "w": "咱们", "sp": "Agent"}, {"p": 255, "c": 0.9, "s": 83797, "e": 83999, "w": "四", "sp": "Agent"}, {"p": 256, "c": 0.9, "s": 83999, "e": 84404, "w": "零零", "sp": "Agent"}, {"p": 257, "c": 0.9, "s": 84404, "e": 85213, "w": "工作人员", "sp": "Agent"}, {"p": 258, "c": 0.9, "s": 85213, "e": 85617, "w": "接听", "sp": "Agent"}, {"p": 259, "c": 0.9, "s": 85617, "e": 85820, "w": "了", "sp": "Agent"}, {"p": 260, "c": 0.9, "s": 86360, "e": 87900, "w": "哦", "sp": "Customer"}, {"p": 261, "c": 0.9, "s": 87320, "e": 87538, "w": "对", "sp": "Agent"}, {"p": 262, "c": 0.9, "s": 87538, "e": 87756, "w": "对", "sp": "Agent"}, {"p": 263, "c": 0.9, "s": 87756, "e": 87974, "w": "对", "sp": "Agent"}, {"p": 264, "c": 0.9, "s": 87974, "e": 88192, "w": "您", "sp": "Agent"}, {"p": 265, "c": 0.9, "s": 88192, "e": 88629, "w": "这边", "sp": "Agent"}, {"p": 266, "c": 0.9, "s": 88629, "e": 89064, "w": "之前", "sp": "Agent"}, {"p": 267, "c": 0.9, "s": 89065, "e": 89283, "w": "说", "sp": "Agent"}, {"p": 268, "c": 0.9, "s": 89283, "e": 89501, "w": "是", "sp": "Agent"}, {"p": 269, "c": 0.9, "s": 89501, "e": 89937, "w": "了解", "sp": "Agent"}, {"p": 270, "c": 0.9, "s": 89938, "e": 90156, "w": "过", "sp": "Agent"}, {"p": 271, "c": 0.9, "s": 90156, "e": 90374, "w": "是", "sp": "Agent"}, {"p": 272, "c": 0.9, "s": 90374, "e": 90592, "w": "有", "sp": "Agent"}, {"p": 273, "c": 0.9, "s": 90592, "e": 90810, "w": "在", "sp": "Agent"}, {"p": 274, "c": 0.9, "s": 90810, "e": 91246, "w": "门店", "sp": "Agent"}, {"p": 275, "c": 0.9, "s": 91247, "e": 91683, "w": "了解", "sp": "Agent"}, {"p": 276, "c": 0.9, "s": 91683, "e": 91901, "w": "了", "sp": "Agent"}, {"p": 277, "c": 0.9, "s": 91901, "e": 92120, "w": "吗", "sp": "Agent"}, {"p": 278, "c": 0.9, "s": 91990, "e": 92259, "w": "嗯", "sp": "Customer"}, {"p": 279, "c": 0.9, "s": 92260, "e": 92800, "w": "通过", "sp": "Customer"}, {"p": 280, "c": 0.9, "s": 92800, "e": 93340, "w": "朋友", "sp": "Customer"}, {"p": 281, "c": 0.9, "s": 93340, "e": 93611, "w": "问", "sp": "Customer"}, {"p": 282, "c": 0.9, "s": 93611, "e": 93881, "w": "了", "sp": "Customer"}, {"p": 283, "c": 0.9, "s": 93881, "e": 94150, "w": "问", "sp": "Customer"}, {"p": 284, "c": 0.9, "s": 94151, "e": 94421, "w": "了", "sp": "Customer"}, {"p": 285, "c": 0.9, "s": 94421, "e": 94962, "w": "感觉", "sp": "Customer"}, {"p": 286, "c": 0.9, "s": 94962, "e": 95231, "w": "我", "sp": "Customer"}, {"p": 287, "c": 0.9, "s": 95200, "e": 95461, "w": "干", "sp": "Agent"}, {"p": 288, "c": 0.9, "s": 95232, "e": 95502, "w": "想", "sp": "Customer"}, {"p": 289, "c": 0.9, "s": 95461, "e": 95723, "w": "的", "sp": "Agent"}, {"p": 290, "c": 0.9, "s": 95502, "e": 95771, "w": "用", "sp": "Customer"}, {"p": 291, "c": 0.9, "s": 95723, "e": 96247, "w": "时候", "sp": "Agent"}, {"p": 292, "c": 0.9, "s": 95772, "e": 96312, "w": "这个", "sp": "Customer"}, {"p": 293, "c": 0.9, "s": 96247, "e": 96509, "w": "先", "sp": "Agent"}, {"p": 294, "c": 0.9, "s": 96312, "e": 96853, "w": "品牌", "sp": "Customer"}, {"p": 295, "c": 0.9, "s": 96509, "e": 96770, "w": "用", "sp": "Agent"}, {"p": 296, "c": 0.9, "s": 96770, "e": 97294, "w": "这个", "sp": "Agent"}, {"p": 297, "c": 0.9, "s": 96853, "e": 97122, "w": "的", "sp": "Customer"}, {"p": 298, "c": 0.9, "s": 97123, "e": 97393, "w": "想", "sp": "Customer"}, {"p": 299, "c": 0.9, "s": 97294, "e": 97818, "w": "品牌", "sp": "Agent"}, {"p": 300, "c": 0.9, "s": 97393, "e": 97662, "w": "用", "sp": "Customer"}, {"p": 301, "c": 0.9, "s": 97663, "e": 98204, "w": "这个", "sp": "Customer"}, {"p": 302, "c": 0.9, "s": 97818, "e": 98080, "w": "的", "sp": "Agent"}, {"p": 303, "c": 0.9, "s": 98204, "e": 98744, "w": "品牌", "sp": "Customer"}, {"p": 304, "c": 0.9, "s": 98744, "e": 99014, "w": "的", "sp": "Customer"}, {"p": 305, "c": 0.9, "s": 98910, "e": 99230, "w": "怎么", "sp": "Agent"}, {"p": 306, "c": 0.9, "s": 99014, "e": 99284, "w": "嗯", "sp": "Customer"}, {"p": 307, "c": 0.9, "s": 99230, "e": 99550, "w": "了解", "sp": "Agent"}, {"p": 308, "c": 0.9, "s": 99284, "e": 99555, "w": "给", "sp": "Customer"}, {"p": 309, "c": 0.9, "s": 99550, "e": 99870, "w": "一下", "sp": "Agent"}, {"p": 310, "c": 0.9, "s": 99555, "e": 99825, "w": "我", "sp": "Customer"}, {"p": 311, "c": 0.9, "s": 99825, "e": 100365, "w": "了解", "sp": "Customer"}, {"p": 312, "c": 0.9, "s": 99870, "e": 100190, "w": "情况", "sp": "Agent"}, {"p": 313, "c": 0.9, "s": 100365, "e": 100906, "w": "一下", "sp": "Customer"}, {"p": 314, "c": 0.9, "s": 100906, "e": 101175, "w": "这", "sp": "Customer"}, {"p": 315, "c": 0.9, "s": 101176, "e": 101716, "w": "情况", "sp": "Customer"}, {"p": 316, "c": 0.9, "s": 101716, "e": 101986, "w": "他", "sp": "Customer"}, {"p": 317, "c": 0.9, "s": 101986, "e": 102256, "w": "的", "sp": "Customer"}, {"p": 318, "c": 0.9, "s": 102256, "e": 102797, "w": "房子", "sp": "Customer"}, {"p": 319, "c": 0.9, "s": 102797, "e": 103066, "w": "是", "sp": "Customer"}, {"p": 320, "c": 0.9, "s": 103067, "e": 103607, "w": "二百", "sp": "Customer"}, {"p": 321, "c": 0.9, "s": 103607, "e": 104148, "w": "二百", "sp": "Customer"}, {"p": 322, "c": 0.9, "s": 104148, "e": 104688, "w": "二二", "sp": "Customer"}, {"p": 323, "c": 0.9, "s": 104688, "e": 105228, "w": "二百", "sp": "Customer"}, {"p": 324, "c": 0.9, "s": 105228, "e": 105499, "w": "多", "sp": "Customer"}, {"p": 325, "c": 0.9, "s": 105499, "e": 106039, "w": "块钱", "sp": "Customer"}, {"p": 326, "c": 0.9, "s": 106039, "e": 106309, "w": "吧", "sp": "Customer"}, {"p": 327, "c": 0.9, "s": 106309, "e": 106850, "w": "二百", "sp": "Customer"}, {"p": 328, "c": 0.9, "s": 107970, "e": 108614, "w": "二百", "sp": "Customer"}, {"p": 329, "c": 0.9, "s": 108614, "e": 108936, "w": "也", "sp": "Customer"}, {"p": 330, "c": 0.9, "s": 108936, "e": 109579, "w": "不忙", "sp": "Customer"}, {"p": 331, "c": 0.9, "s": 109800, "e": 110595, "w": "哦", "sp": "Agent"}, {"p": 332, "c": 0.9, "s": 110595, "e": 111390, "w": "行", "sp": "Agent"}, {"p": 333, "c": 0.9, "s": 111670, "e": 111861, "w": "您", "sp": "Agent"}, {"p": 334, "c": 0.9, "s": 111861, "e": 112245, "w": "这边", "sp": "Agent"}, {"p": 335, "c": 0.9, "s": 112245, "e": 112437, "w": "是", "sp": "Agent"}, {"p": 336, "c": 0.9, "s": 112437, "e": 112821, "w": "这么", "sp": "Agent"}, {"p": 337, "c": 0.9, "s": 112821, "e": 113204, "w": "一个", "sp": "Agent"}, {"p": 338, "c": 0.9, "s": 113204, "e": 113588, "w": "情况", "sp": "Agent"}, {"p": 339, "c": 0.9, "s": 113588, "e": 114163, "w": "就是说", "sp": "Agent"}, {"p": 340, "c": 0.9, "s": 114164, "e": 114356, "w": "您", "sp": "Agent"}, {"p": 341, "c": 0.9, "s": 114356, "e": 114739, "w": "可以", "sp": "Agent"}, {"p": 342, "c": 0.9, "s": 114739, "e": 115123, "w": "就是", "sp": "Agent"}, {"p": 343, "c": 0.9, "s": 115123, "e": 115507, "w": "之前", "sp": "Agent"}, {"p": 344, "c": 0.9, "s": 115507, "e": 115699, "w": "是", "sp": "Agent"}, {"p": 345, "c": 0.9, "s": 115699, "e": 116082, "w": "朋友", "sp": "Agent"}, {"p": 346, "c": 0.9, "s": 116082, "e": 116274, "w": "帮", "sp": "Agent"}, {"p": 347, "c": 0.9, "s": 116274, "e": 116466, "w": "您", "sp": "Agent"}, {"p": 348, "c": 0.9, "s": 116466, "e": 116658, "w": "问", "sp": "Agent"}, {"p": 349, "c": 0.9, "s": 116658, "e": 116850, "w": "了", "sp": "Agent"}, {"p": 350, "c": 0.9, "s": 116850, "e": 117233, "w": "咱们", "sp": "Agent"}, {"p": 351, "c": 0.9, "s": 117233, "e": 117617, "w": "大金", "sp": "Agent"}, {"p": 352, "c": 0.9, "s": 117617, "e": 117809, "w": "的", "sp": "Agent"}, {"p": 353, "c": 0.9, "s": 117809, "e": 118193, "w": "一个", "sp": "Agent"}, {"p": 354, "c": 0.9, "s": 118193, "e": 118768, "w": "经销商", "sp": "Agent"}, {"p": 355, "c": 0.9, "s": 118768, "e": 119152, "w": "还是", "sp": "Agent"}, {"p": 356, "c": 0.9, "s": 119152, "e": 119728, "w": "怎么样", "sp": "Agent"}, {"p": 357, "c": 0.9, "s": 119728, "e": 119920, "w": "啊", "sp": "Agent"}, {"p": 358, "c": 0.9, "s": 120090, "e": 121890, "w": "呃", "sp": "Customer"}, {"p": 359, "c": 0.9, "s": 122170, "e": 122559, "w": "不是", "sp": "Customer"}, {"p": 360, "c": 0.9, "s": 122559, "e": 123143, "w": "经销商", "sp": "Customer"}, {"p": 361, "c": 0.9, "s": 123143, "e": 123532, "w": "不是", "sp": "Customer"}, {"p": 362, "c": 0.9, "s": 123532, "e": 123922, "w": "朋友", "sp": "Customer"}, {"p": 363, "c": 0.9, "s": 123922, "e": 124116, "w": "给", "sp": "Customer"}, {"p": 364, "c": 0.9, "s": 124116, "e": 124311, "w": "我", "sp": "Customer"}, {"p": 365, "c": 0.9, "s": 124311, "e": 124700, "w": "推荐", "sp": "Customer"}, {"p": 366, "c": 0.9, "s": 124700, "e": 124895, "w": "的", "sp": "Customer"}, {"p": 367, "c": 0.9, "s": 124895, "e": 125090, "w": "吗", "sp": "Customer"}, {"p": 368, "c": 0.9, "s": 124970, "e": 125214, "w": "哦", "sp": "Agent"}, {"p": 369, "c": 0.9, "s": 125214, "e": 125459, "w": "您", "sp": "Agent"}, {"p": 370, "c": 0.9, "s": 125459, "e": 125704, "w": "您", "sp": "Agent"}, {"p": 371, "c": 0.9, "s": 125704, "e": 126193, "w": "朋友", "sp": "Agent"}, {"p": 372, "c": 0.9, "s": 126193, "e": 126438, "w": "是", "sp": "Agent"}, {"p": 373, "c": 0.9, "s": 126420, "e": 126903, "w": "咱", "sp": "Customer"}, {"p": 374, "c": 0.9, "s": 126438, "e": 126682, "w": "也", "sp": "Agent"}, {"p": 375, "c": 0.9, "s": 126682, "e": 126927, "w": "是", "sp": "Agent"}, {"p": 376, "c": 0.9, "s": 126903, "e": 127386, "w": "这", "sp": "Customer"}, {"p": 377, "c": 0.9, "s": 126927, "e": 127172, "w": "做", "sp": "Agent"}, {"p": 378, "c": 0.9, "s": 127172, "e": 127660, "w": "咱们", "sp": "Agent"}, {"p": 379, "c": 0.9, "s": 127386, "e": 127870, "w": "是", "sp": "Customer"}, {"p": 380, "c": 0.9, "s": 127661, "e": 128150, "w": "大厅", "sp": "Agent"}, {"p": 381, "c": 0.9, "s": 128149, "e": 128394, "w": "的", "sp": "Agent"}, {"p": 382, "c": 0.9, "s": 128395, "e": 128640, "w": "吗", "sp": "Agent"}, {"p": 383, "c": 0.9, "s": 128619, "e": 128834, "w": "嗯", "sp": "Customer"}, {"p": 384, "c": 0.9, "s": 128835, "e": 129266, "w": "不是", "sp": "Customer"}, {"p": 385, "c": 0.9, "s": 129266, "e": 129481, "w": "他", "sp": "Customer"}, {"p": 386, "c": 0.9, "s": 129481, "e": 129697, "w": "给", "sp": "Customer"}, {"p": 387, "c": 0.9, "s": 129697, "e": 129912, "w": "我", "sp": "Customer"}, {"p": 388, "c": 0.9, "s": 129912, "e": 130343, "w": "推荐", "sp": "Customer"}, {"p": 389, "c": 0.9, "s": 130170, "e": 130298, "w": "是", "sp": "Agent"}, {"p": 390, "c": 0.9, "s": 130298, "e": 130427, "w": "他", "sp": "Agent"}, {"p": 391, "c": 0.9, "s": 130343, "e": 130559, "w": "他", "sp": "Customer"}, {"p": 392, "c": 0.9, "s": 130427, "e": 130555, "w": "给", "sp": "Agent"}, {"p": 393, "c": 0.9, "s": 130554, "e": 130683, "w": "我", "sp": "Agent"}, {"p": 394, "c": 0.9, "s": 130559, "e": 130774, "w": "说", "sp": "Customer"}, {"p": 395, "c": 0.9, "s": 130684, "e": 130941, "w": "推荐", "sp": "Agent"}, {"p": 396, "c": 0.9, "s": 130774, "e": 131205, "w": "这个", "sp": "Customer"}, {"p": 397, "c": 0.9, "s": 130940, "e": 131069, "w": "他", "sp": "Agent"}, {"p": 398, "c": 0.9, "s": 131205, "e": 131636, "w": "品牌", "sp": "Customer"}, {"p": 399, "c": 0.9, "s": 131636, "e": 132067, "w": "可以", "sp": "Customer"}, {"p": 400, "c": 0.9, "s": 132067, "e": 132498, "w": "所以", "sp": "Customer"}, {"p": 401, "c": 0.9, "s": 132070, "e": 133440, "w": "哦", "sp": "Agent"}, {"p": 402, "c": 0.9, "s": 132498, "e": 132714, "w": "说", "sp": "Customer"}, {"p": 403, "c": 0.9, "s": 132714, "e": 132929, "w": "我", "sp": "Customer"}, {"p": 404, "c": 0.9, "s": 132929, "e": 133145, "w": "才", "sp": "Customer"}, {"p": 405, "c": 0.9, "s": 133145, "e": 133360, "w": "跟", "sp": "Customer"}, {"p": 406, "c": 0.9, "s": 133360, "e": 133791, "w": "你们", "sp": "Customer"}, {"p": 407, "c": 0.9, "s": 133791, "e": 134222, "w": "联系", "sp": "Customer"}, {"p": 408, "c": 0.9, "s": 133880, "e": 135080, "w": "哎", "sp": "Agent"}, {"p": 409, "c": 0.9, "s": 134222, "e": 134437, "w": "的", "sp": "Customer"}, {"p": 410, "c": 0.9, "s": 134437, "e": 134868, "w": "另外", "sp": "Customer"}, {"p": 411, "c": 0.9, "s": 134868, "e": 135299, "w": "这个", "sp": "Customer"}, {"p": 412, "c": 0.9, "s": 135299, "e": 135730, "w": "大米", "sp": "Customer"}, {"p": 413, "c": 0.9, "s": 135730, "e": 136161, "w": "那个", "sp": "Customer"}, {"p": 414, "c": 0.9, "s": 136161, "e": 136592, "w": "空调", "sp": "Customer"}, {"p": 415, "c": 0.9, "s": 136592, "e": 136808, "w": "我", "sp": "Customer"}, {"p": 416, "c": 0.9, "s": 136808, "e": 137023, "w": "就", "sp": "Customer"}, {"p": 417, "c": 0.9, "s": 137023, "e": 137239, "w": "问", "sp": "Customer"}, {"p": 418, "c": 0.9, "s": 137239, "e": 137670, "w": "一下", "sp": "Customer"}, {"p": 419, "c": 0.9, "s": 137950, "e": 138420, "w": "呃", "sp": "Customer"}, {"p": 420, "c": 0.9, "s": 138420, "e": 138890, "w": "在", "sp": "Customer"}, {"p": 421, "c": 0.9, "s": 138890, "e": 139830, "w": "那个", "sp": "Customer"}, {"p": 422, "c": 0.9, "s": 140110, "e": 140466, "w": "呃", "sp": "Customer"}, {"p": 423, "c": 0.9, "s": 140466, "e": 141178, "w": "氮气", "sp": "Customer"}, {"p": 424, "c": 0.9, "s": 141050, "e": 141344, "w": "嗯", "sp": "Agent"}, {"p": 425, "c": 0.9, "s": 141178, "e": 141534, "w": "能", "sp": "Customer"}, {"p": 426, "c": 0.9, "s": 141344, "e": 141638, "w": "在", "sp": "Agent"}, {"p": 427, "c": 0.9, "s": 141535, "e": 141891, "w": "寄", "sp": "Customer"}, {"p": 428, "c": 0.9, "s": 141638, "e": 142227, "w": "信封", "sp": "Agent"}, {"p": 429, "c": 0.9, "s": 141891, "e": 142247, "w": "走", "sp": "Customer"}, {"p": 430, "c": 0.9, "s": 142227, "e": 142816, "w": "系统", "sp": "Agent"}, {"p": 431, "c": 0.9, "s": 142247, "e": 142603, "w": "对", "sp": "Customer"}, {"p": 432, "c": 0.9, "s": 142603, "e": 142959, "w": "吧", "sp": "Customer"}, {"p": 433, "c": 0.9, "s": 142816, "e": 143111, "w": "对", "sp": "Agent"}, {"p": 434, "c": 0.9, "s": 143111, "e": 143405, "w": "吧", "sp": "Agent"}, {"p": 435, "c": 0.9, "s": 143405, "e": 143700, "w": "嗯", "sp": "Agent"}, {"p": 436, "c": 0.9, "s": 144320, "e": 145133, "w": "还有", "sp": "Customer"}, {"p": 437, "c": 0.9, "s": 145133, "e": 145540, "w": "啥", "sp": "Customer"}, {"p": 438, "c": 0.9, "s": 145650, "e": 145888, "w": "呃", "sp": "Agent"}, {"p": 439, "c": 0.9, "s": 145888, "e": 146365, "w": "咱们", "sp": "Agent"}, {"p": 440, "c": 0.9, "s": 146365, "e": 146843, "w": "大厅", "sp": "Agent"}, {"p": 441, "c": 0.9, "s": 146843, "e": 147081, "w": "是", "sp": "Agent"}, {"p": 442, "c": 0.9, "s": 147081, "e": 147558, "w": "可以", "sp": "Agent"}, {"p": 443, "c": 0.9, "s": 147559, "e": 148036, "w": "中央", "sp": "Agent"}, {"p": 444, "c": 0.9, "s": 148036, "e": 148513, "w": "空调", "sp": "Agent"}, {"p": 445, "c": 0.9, "s": 148513, "e": 148752, "w": "加", "sp": "Agent"}, {"p": 446, "c": 0.9, "s": 148752, "e": 149229, "w": "新风", "sp": "Agent"}, {"p": 447, "c": 0.9, "s": 149229, "e": 149468, "w": "加", "sp": "Agent"}, {"p": 448, "c": 0.9, "s": 149468, "e": 149706, "w": "地", "sp": "Agent"}, {"p": 449, "c": 0.9, "s": 149706, "e": 149944, "w": "暖", "sp": "Agent"}, {"p": 450, "c": 0.9, "s": 149945, "e": 150422, "w": "一起", "sp": "Agent"}, {"p": 451, "c": 0.9, "s": 150422, "e": 150900, "w": "安装", "sp": "Agent"}, {"p": 452, "c": 0.9, "s": 151420, "e": 151672, "w": "哦", "sp": "Customer"}, {"p": 453, "c": 0.9, "s": 151672, "e": 151924, "w": "你", "sp": "Customer"}, {"p": 454, "c": 0.9, "s": 151924, "e": 152176, "w": "呃", "sp": "Customer"}, {"p": 455, "c": 0.9, "s": 152176, "e": 152428, "w": "咱", "sp": "Customer"}, {"p": 456, "c": 0.9, "s": 152428, "e": 152931, "w": "那个", "sp": "Customer"}, {"p": 457, "c": 0.9, "s": 152932, "e": 153184, "w": "店", "sp": "Customer"}, {"p": 458, "c": 0.9, "s": 153184, "e": 153688, "w": "这个", "sp": "Customer"}, {"p": 459, "c": 0.9, "s": 153688, "e": 153940, "w": "我", "sp": "Customer"}, {"p": 460, "c": 0.9, "s": 153940, "e": 154444, "w": "郑州", "sp": "Customer"}, {"p": 461, "c": 0.9, "s": 154444, "e": 154948, "w": "那边", "sp": "Customer"}, {"p": 462, "c": 0.9, "s": 154948, "e": 155201, "w": "的", "sp": "Customer"}, {"p": 463, "c": 0.9, "s": 155201, "e": 155453, "w": "店", "sp": "Customer"}, {"p": 464, "c": 0.9, "s": 155453, "e": 156209, "w": "是不是", "sp": "Customer"}, {"p": 465, "c": 0.9, "s": 156030, "e": 156680, "w": "是不是", "sp": "Agent"}, {"p": 466, "c": 0.9, "s": 156209, "e": 156461, "w": "在", "sp": "Customer"}, {"p": 467, "c": 0.9, "s": 156461, "e": 156965, "w": "那个", "sp": "Customer"}, {"p": 468, "c": 0.9, "s": 156680, "e": 156896, "w": "在", "sp": "Agent"}, {"p": 469, "c": 0.9, "s": 156896, "e": 157330, "w": "那个", "sp": "Agent"}, {"p": 470, "c": 0.9, "s": 156965, "e": 157469, "w": "哪个", "sp": "Customer"}, {"p": 471, "c": 0.9, "s": 157469, "e": 157721, "w": "路", "sp": "Customer"}, {"p": 472, "c": 0.9, "s": 157680, "e": 157851, "w": "不", "sp": "Agent"}, {"p": 473, "c": 0.9, "s": 157721, "e": 157972, "w": "啊", "sp": "Customer"}, {"p": 474, "c": 0.9, "s": 157852, "e": 158024, "w": "玩", "sp": "Agent"}, {"p": 475, "c": 0.9, "s": 157973, "e": 158477, "w": "那个", "sp": "Customer"}, {"p": 476, "c": 0.9, "s": 158024, "e": 158368, "w": "这个", "sp": "Agent"}, {"p": 477, "c": 0.9, "s": 158368, "e": 158540, "w": "事", "sp": "Agent"}, {"p": 478, "c": 0.9, "s": 158477, "e": 158730, "w": "还", "sp": "Customer"}, {"p": 479, "c": 0.9, "s": 159350, "e": 159533, "w": "呃", "sp": "Agent"}, {"p": 480, "c": 0.9, "s": 159533, "e": 159717, "w": "您", "sp": "Agent"}, {"p": 481, "c": 0.9, "s": 159717, "e": 160084, "w": "这边", "sp": "Agent"}, {"p": 482, "c": 0.9, "s": 160085, "e": 160453, "w": "安装", "sp": "Agent"}, {"p": 483, "c": 0.9, "s": 160453, "e": 160820, "w": "地址", "sp": "Agent"}, {"p": 484, "c": 0.9, "s": 160820, "e": 161004, "w": "是", "sp": "Agent"}, {"p": 485, "c": 0.9, "s": 161004, "e": 161188, "w": "在", "sp": "Agent"}, {"p": 486, "c": 0.9, "s": 161188, "e": 161556, "w": "哪里", "sp": "Agent"}, {"p": 487, "c": 0.9, "s": 161556, "e": 161740, "w": "啊", "sp": "Agent"}, {"p": 488, "c": 0.9, "s": 162380, "e": 162860, "w": "在", "sp": "Customer"}, {"p": 489, "c": 0.9, "s": 162560, "e": 162928, "w": "在", "sp": "Agent"}, {"p": 490, "c": 0.9, "s": 162860, "e": 163820, "w": "郑州", "sp": "Customer"}, {"p": 491, "c": 0.9, "s": 162928, "e": 163665, "w": "郑州", "sp": "Agent"}, {"p": 492, "c": 0.9, "s": 163665, "e": 164402, "w": "郑州", "sp": "Agent"}, {"p": 493, "c": 0.9, "s": 164402, "e": 164771, "w": "是", "sp": "Agent"}, {"p": 494, "c": 0.9, "s": 164771, "e": 165140, "w": "吧", "sp": "Agent"}, {"p": 495, "c": 0.9, "s": 165050, "e": 166230, "w": "对", "sp": "Customer"}, {"p": 496, "c": 0.9, "s": 165700, "e": 165958, "w": "呃", "sp": "Agent"}, {"p": 497, "c": 0.9, "s": 165958, "e": 166734, "w": "郑州市", "sp": "Agent"}, {"p": 498, "c": 0.9, "s": 166735, "e": 167253, "w": "哪个", "sp": "Agent"}, {"p": 499, "c": 0.9, "s": 167253, "e": 167771, "w": "区域", "sp": "Agent"}, {"p": 500, "c": 0.9, "s": 167771, "e": 168030, "w": "呢", "sp": "Agent"}, {"p": 501, "c": 0.9, "s": 168650, "e": 169930, "w": "郑州", "sp": "Customer"}, {"p": 502, "c": 0.9, "s": 168880, "e": 169910, "w": "郑州", "sp": "Agent"}, {"p": 503, "c": 0.9, "s": 169930, "e": 171209, "w": "东区", "sp": "Customer"}, {"p": 504, "c": 0.9, "s": 170190, "e": 170608, "w": "东区", "sp": "Agent"}, {"p": 505, "c": 0.9, "s": 170608, "e": 171026, "w": "郑州", "sp": "Agent"}, {"p": 506, "c": 0.9, "s": 171026, "e": 171445, "w": "东区", "sp": "Agent"}, {"p": 507, "c": 0.9, "s": 171445, "e": 171654, "w": "是", "sp": "Agent"}, {"p": 508, "c": 0.9, "s": 171654, "e": 171863, "w": "吧", "sp": "Agent"}, {"p": 509, "c": 0.9, "s": 171863, "e": 172281, "w": "郑州", "sp": "Agent"}, {"p": 510, "c": 0.9, "s": 172281, "e": 172491, "w": "嘛", "sp": "Agent"}, {"p": 511, "c": 0.9, "s": 172491, "e": 172700, "w": "嗯", "sp": "Agent"}, {"p": 512, "c": 0.9, "s": 172700, "e": 172909, "w": "像", "sp": "Agent"}, {"p": 513, "c": 0.9, "s": 172909, "e": 173327, "w": "咱们", "sp": "Agent"}, {"p": 514, "c": 0.9, "s": 173327, "e": 173746, "w": "现在", "sp": "Agent"}, {"p": 515, "c": 0.9, "s": 173520, "e": 174650, "w": "对", "sp": "Customer"}, {"p": 516, "c": 0.9, "s": 173746, "e": 174164, "w": "现在", "sp": "Agent"}, {"p": 517, "c": 0.9, "s": 174164, "e": 174373, "w": "是", "sp": "Agent"}, {"p": 518, "c": 0.9, "s": 174373, "e": 174792, "w": "这么", "sp": "Agent"}, {"p": 519, "c": 0.9, "s": 174792, "e": 175210, "w": "一个", "sp": "Agent"}, {"p": 520, "c": 0.9, "s": 175210, "e": 175419, "w": "像", "sp": "Agent"}, {"p": 521, "c": 0.9, "s": 175419, "e": 175628, "w": "线", "sp": "Agent"}, {"p": 522, "c": 0.9, "s": 175628, "e": 175838, "w": "上", "sp": "Agent"}, {"p": 523, "c": 0.9, "s": 175838, "e": 176047, "w": "呢", "sp": "Agent"}, {"p": 524, "c": 0.9, "s": 176047, "e": 176256, "w": "它", "sp": "Agent"}, {"p": 525, "c": 0.9, "s": 176256, "e": 176674, "w": "只是", "sp": "Agent"}, {"p": 526, "c": 0.9, "s": 176674, "e": 177093, "w": "一个", "sp": "Agent"}, {"p": 527, "c": 0.9, "s": 177093, "e": 177302, "w": "呃", "sp": "Agent"}, {"p": 528, "c": 0.9, "s": 177302, "e": 177720, "w": "预约", "sp": "Agent"}, {"p": 529, "c": 0.9, "s": 177720, "e": 177929, "w": "的", "sp": "Agent"}, {"p": 530, "c": 0.9, "s": 177929, "e": 178348, "w": "地址", "sp": "Agent"}, {"p": 531, "c": 0.9, "s": 178348, "e": 178766, "w": "但是", "sp": "Agent"}, {"p": 532, "c": 0.9, "s": 178766, "e": 179394, "w": "就是说", "sp": "Agent"}, {"p": 533, "c": 0.9, "s": 179394, "e": 179812, "w": "不是", "sp": "Agent"}, {"p": 534, "c": 0.9, "s": 179812, "e": 180230, "w": "门店", "sp": "Agent"}, {"p": 535, "c": 0.9, "s": 180230, "e": 180649, "w": "实际", "sp": "Agent"}, {"p": 536, "c": 0.9, "s": 180649, "e": 181067, "w": "实际", "sp": "Agent"}, {"p": 537, "c": 0.9, "s": 181067, "e": 181486, "w": "门店", "sp": "Agent"}, {"p": 538, "c": 0.9, "s": 181486, "e": 181903, "w": "地址", "sp": "Agent"}, {"p": 539, "c": 0.9, "s": 181904, "e": 182322, "w": "实际", "sp": "Agent"}, {"p": 540, "c": 0.9, "s": 182322, "e": 182531, "w": "的", "sp": "Agent"}, {"p": 541, "c": 0.9, "s": 182531, "e": 182950, "w": "门店", "sp": "Agent"}, {"p": 542, "c": 0.9, "s": 182950, "e": 183368, "w": "地址", "sp": "Agent"}, {"p": 543, "c": 0.9, "s": 183368, "e": 183787, "w": "需要", "sp": "Agent"}, {"p": 544, "c": 0.9, "s": 183787, "e": 184205, "w": "咱们", "sp": "Agent"}, {"p": 545, "c": 0.9, "s": 183860, "e": 185010, "w": "嗯", "sp": "Customer"}, {"p": 546, "c": 0.9, "s": 184205, "e": 184414, "w": "的", "sp": "Agent"}, {"p": 547, "c": 0.9, "s": 184414, "e": 184833, "w": "一个", "sp": "Agent"}, {"p": 548, "c": 0.9, "s": 184833, "e": 185668, "w": "工作人员", "sp": "Agent"}, {"p": 549, "c": 0.9, "s": 185669, "e": 186088, "w": "联系", "sp": "Agent"}, {"p": 550, "c": 0.9, "s": 186088, "e": 186297, "w": "您", "sp": "Agent"}, {"p": 551, "c": 0.9, "s": 186297, "e": 186715, "w": "过后", "sp": "Agent"}, {"p": 552, "c": 0.9, "s": 186715, "e": 186924, "w": "才", "sp": "Agent"}, {"p": 553, "c": 0.9, "s": 186924, "e": 187343, "w": "能够", "sp": "Agent"}, {"p": 554, "c": 0.9, "s": 187343, "e": 187552, "w": "给", "sp": "Agent"}, {"p": 555, "c": 0.9, "s": 187552, "e": 187761, "w": "到", "sp": "Agent"}, {"p": 556, "c": 0.9, "s": 187761, "e": 187970, "w": "您", "sp": "Agent"}, {"p": 557, "c": 0.9, "s": 187970, "e": 188180, "w": "的", "sp": "Agent"}, {"p": 558, "c": 0.9, "s": 188170, "e": 189023, "w": "可以", "sp": "Customer"}, {"p": 559, "c": 0.9, "s": 188930, "e": 189135, "w": "嗯", "sp": "Agent"}, {"p": 560, "c": 0.9, "s": 189023, "e": 189450, "w": "啊", "sp": "Customer"}, {"p": 561, "c": 0.9, "s": 189136, "e": 189343, "w": "对", "sp": "Agent"}, {"p": 562, "c": 0.9, "s": 189343, "e": 189550, "w": "对", "sp": "Agent"}, {"p": 563, "c": 0.9, "s": 189550, "e": 189757, "w": "对", "sp": "Agent"}, {"p": 564, "c": 0.9, "s": 189757, "e": 189964, "w": "您", "sp": "Agent"}, {"p": 565, "c": 0.9, "s": 189964, "e": 190378, "w": "这边", "sp": "Agent"}, {"p": 566, "c": 0.9, "s": 190378, "e": 190791, "w": "大概", "sp": "Agent"}, {"p": 567, "c": 0.9, "s": 190791, "e": 191205, "w": "什么", "sp": "Agent"}, {"p": 568, "c": 0.9, "s": 191205, "e": 191619, "w": "时候", "sp": "Agent"}, {"p": 569, "c": 0.9, "s": 191619, "e": 192033, "w": "装修", "sp": "Agent"}, {"p": 570, "c": 0.9, "s": 192033, "e": 192240, "w": "啊", "sp": "Agent"}, {"p": 571, "c": 0.9, "s": 192330, "e": 192555, "w": "嗯", "sp": "Customer"}, {"p": 572, "c": 0.9, "s": 192555, "e": 192780, "w": "就", "sp": "Customer"}, {"p": 573, "c": 0.9, "s": 192780, "e": 193005, "w": "这", "sp": "Customer"}, {"p": 574, "c": 0.9, "s": 193005, "e": 193456, "w": "两天", "sp": "Customer"}, {"p": 575, "c": 0.9, "s": 193456, "e": 193905, "w": "正在", "sp": "Customer"}, {"p": 576, "c": 0.9, "s": 193906, "e": 194357, "w": "开始", "sp": "Customer"}, {"p": 577, "c": 0.9, "s": 194357, "e": 194806, "w": "正正", "sp": "Customer"}, {"p": 578, "c": 0.9, "s": 194440, "e": 194669, "w": "都", "sp": "Agent"}, {"p": 579, "c": 0.9, "s": 194669, "e": 194899, "w": "都", "sp": "Agent"}, {"p": 580, "c": 0.9, "s": 194807, "e": 195032, "w": "正", "sp": "Customer"}, {"p": 581, "c": 0.9, "s": 194899, "e": 195358, "w": "设计", "sp": "Agent"}, {"p": 582, "c": 0.9, "s": 195032, "e": 195483, "w": "设计", "sp": "Customer"}, {"p": 583, "c": 0.9, "s": 195358, "e": 195587, "w": "出", "sp": "Agent"}, {"p": 584, "c": 0.9, "s": 195483, "e": 195708, "w": "出", "sp": "Customer"}, {"p": 585, "c": 0.9, "s": 195587, "e": 196046, "w": "那个", "sp": "Agent"}, {"p": 586, "c": 0.9, "s": 195708, "e": 196159, "w": "那个", "sp": "Customer"}, {"p": 587, "c": 0.9, "s": 196046, "e": 196505, "w": "效果", "sp": "Agent"}, {"p": 588, "c": 0.9, "s": 196159, "e": 196609, "w": "效果", "sp": "Customer"}, {"p": 589, "c": 0.9, "s": 196505, "e": 196965, "w": "出来", "sp": "Agent"}, {"p": 590, "c": 0.9, "s": 196609, "e": 197060, "w": "出来", "sp": "Customer"}, {"p": 591, "c": 0.9, "s": 196965, "e": 197194, "w": "啊", "sp": "Agent"}, {"p": 592, "c": 0.9, "s": 197194, "e": 197424, "w": "这", "sp": "Agent"}, {"p": 593, "c": 0.9, "s": 197424, "e": 197883, "w": "两天", "sp": "Agent"}, {"p": 594, "c": 0.9, "s": 197883, "e": 198342, "w": "就要", "sp": "Agent"}, {"p": 595, "c": 0.9, "s": 198342, "e": 198801, "w": "装修", "sp": "Agent"}, {"p": 596, "c": 0.9, "s": 198801, "e": 199030, "w": "了", "sp": "Agent"}, {"p": 597, "c": 0.9, "s": 199030, "e": 199260, "w": "是", "sp": "Agent"}, {"p": 598, "c": 0.9, "s": 199260, "e": 199489, "w": "吧", "sp": "Agent"}, {"p": 599, "c": 0.9, "s": 199290, "e": 200430, "w": "对", "sp": "Customer"}, {"p": 600, "c": 0.9, "s": 200280, "e": 200478, "w": "那", "sp": "Agent"}, {"p": 601, "c": 0.9, "s": 200478, "e": 200875, "w": "这边", "sp": "Agent"}, {"p": 602, "c": 0.9, "s": 200875, "e": 201074, "w": "呢", "sp": "Agent"}, {"p": 603, "c": 0.9, "s": 201074, "e": 201273, "w": "就", "sp": "Agent"}, {"p": 604, "c": 0.9, "s": 201273, "e": 201670, "w": "安排", "sp": "Agent"}, {"p": 605, "c": 0.9, "s": 201670, "e": 202067, "w": "咱们", "sp": "Agent"}, {"p": 606, "c": 0.9, "s": 202067, "e": 202266, "w": "的", "sp": "Agent"}, {"p": 607, "c": 0.9, "s": 202266, "e": 202663, "w": "一个", "sp": "Agent"}, {"p": 608, "c": 0.9, "s": 202663, "e": 203060, "w": "门店", "sp": "Agent"}, {"p": 609, "c": 0.9, "s": 203060, "e": 203655, "w": "设计师", "sp": "Agent"}, {"p": 610, "c": 0.9, "s": 203656, "e": 204053, "w": "然后", "sp": "Agent"}, {"p": 611, "c": 0.9, "s": 204053, "e": 204450, "w": "联系", "sp": "Agent"}, {"p": 612, "c": 0.9, "s": 204450, "e": 204649, "w": "您", "sp": "Agent"}, {"p": 613, "c": 0.9, "s": 204649, "e": 204847, "w": "您", "sp": "Agent"}, {"p": 614, "c": 0.9, "s": 204847, "e": 205245, "w": "这边", "sp": "Agent"}, {"p": 615, "c": 0.9, "s": 205245, "e": 205642, "w": "尽快", "sp": "Agent"}, {"p": 616, "c": 0.9, "s": 205642, "e": 205840, "w": "呃", "sp": "Agent"}, {"p": 617, "c": 0.9, "s": 205840, "e": 206435, "w": "就是说", "sp": "Agent"}, {"p": 618, "c": 0.9, "s": 206436, "e": 206635, "w": "会", "sp": "Agent"}, {"p": 619, "c": 0.9, "s": 206635, "e": 207032, "w": "尽快", "sp": "Agent"}, {"p": 620, "c": 0.9, "s": 207032, "e": 207429, "w": "联系", "sp": "Agent"}, {"p": 621, "c": 0.9, "s": 207429, "e": 207628, "w": "您", "sp": "Agent"}, {"p": 622, "c": 0.9, "s": 207628, "e": 208025, "w": "然后", "sp": "Agent"}, {"p": 623, "c": 0.9, "s": 208025, "e": 208224, "w": "给", "sp": "Agent"}, {"p": 624, "c": 0.9, "s": 208224, "e": 208422, "w": "您", "sp": "Agent"}, {"p": 625, "c": 0.9, "s": 208422, "e": 208819, "w": "配置", "sp": "Agent"}, {"p": 626, "c": 0.9, "s": 208819, "e": 209217, "w": "方案", "sp": "Agent"}, {"p": 627, "c": 0.9, "s": 209217, "e": 209614, "w": "报价", "sp": "Agent"}, {"p": 628, "c": 0.9, "s": 209614, "e": 210011, "w": "可以", "sp": "Agent"}, {"p": 629, "c": 0.9, "s": 210011, "e": 210210, "w": "吧", "sp": "Agent"}, {"p": 630, "c": 0.9, "s": 210220, "e": 211430, "w": "可以", "sp": "Customer"}, {"p": 631, "c": 0.9, "s": 211500, "e": 211715, "w": "啊", "sp": "Agent"}, {"p": 632, "c": 0.9, "s": 211715, "e": 211930, "w": "对", "sp": "Agent"}, {"p": 633, "c": 0.9, "s": 211930, "e": 212146, "w": "您", "sp": "Agent"}, {"p": 634, "c": 0.9, "s": 212146, "e": 212575, "w": "这边", "sp": "Agent"}, {"p": 635, "c": 0.9, "s": 212576, "e": 213007, "w": "其实", "sp": "Agent"}, {"p": 636, "c": 0.9, "s": 213007, "e": 213222, "w": "像", "sp": "Agent"}, {"p": 637, "c": 0.9, "s": 213222, "e": 213653, "w": "咱们", "sp": "Agent"}, {"p": 638, "c": 0.9, "s": 213653, "e": 214084, "w": "郑州", "sp": "Agent"}, {"p": 639, "c": 0.9, "s": 214084, "e": 214514, "w": "的话", "sp": "Agent"}, {"p": 640, "c": 0.9, "s": 214514, "e": 214945, "w": "现在", "sp": "Agent"}, {"p": 641, "c": 0.9, "s": 214945, "e": 215376, "w": "可以", "sp": "Agent"}, {"p": 642, "c": 0.9, "s": 215376, "e": 215591, "w": "嗯", "sp": "Agent"}, {"p": 643, "c": 0.9, "s": 215591, "e": 215806, "w": "进", "sp": "Agent"}, {"p": 644, "c": 0.9, "s": 215806, "e": 216237, "w": "咱们", "sp": "Agent"}, {"p": 645, "c": 0.9, "s": 216237, "e": 216452, "w": "线", "sp": "Agent"}, {"p": 646, "c": 0.9, "s": 216452, "e": 216883, "w": "上去", "sp": "Agent"}, {"p": 647, "c": 0.9, "s": 216883, "e": 217314, "w": "预约", "sp": "Agent"}, {"p": 648, "c": 0.9, "s": 217314, "e": 217745, "w": "一下", "sp": "Agent"}, {"p": 649, "c": 0.9, "s": 217745, "e": 218174, "w": "这样", "sp": "Agent"}, {"p": 650, "c": 0.9, "s": 218175, "e": 218391, "w": "会", "sp": "Agent"}, {"p": 651, "c": 0.9, "s": 218391, "e": 218821, "w": "联系", "sp": "Agent"}, {"p": 652, "c": 0.9, "s": 218821, "e": 219037, "w": "您", "sp": "Agent"}, {"p": 653, "c": 0.9, "s": 219037, "e": 219252, "w": "会", "sp": "Agent"}, {"p": 654, "c": 0.9, "s": 219252, "e": 219467, "w": "快", "sp": "Agent"}, {"p": 655, "c": 0.9, "s": 219467, "e": 219898, "w": "一点", "sp": "Agent"}, {"p": 656, "c": 0.9, "s": 219898, "e": 220112, "w": "不", "sp": "Agent"}, {"p": 657, "c": 0.9, "s": 220113, "e": 220544, "w": "知道", "sp": "Agent"}, {"p": 658, "c": 0.9, "s": 220544, "e": 220759, "w": "呃", "sp": "Agent"}, {"p": 659, "c": 0.9, "s": 220759, "e": 220975, "w": "您", "sp": "Agent"}, {"p": 660, "c": 0.9, "s": 220975, "e": 221190, "w": "有", "sp": "Agent"}, {"p": 661, "c": 0.9, "s": 221190, "e": 221405, "w": "方", "sp": "Agent"}, {"p": 662, "c": 0.9, "s": 221405, "e": 221621, "w": "不", "sp": "Agent"}, {"p": 663, "c": 0.9, "s": 221621, "e": 222051, "w": "方便", "sp": "Agent"}, {"p": 664, "c": 0.9, "s": 222051, "e": 222267, "w": "进", "sp": "Agent"}, {"p": 665, "c": 0.9, "s": 222267, "e": 222696, "w": "咱们", "sp": "Agent"}, {"p": 666, "c": 0.9, "s": 222697, "e": 222913, "w": "天", "sp": "Agent"}, {"p": 667, "c": 0.9, "s": 222913, "e": 223127, "w": "猫", "sp": "Agent"}, {"p": 668, "c": 0.9, "s": 223128, "e": 223343, "w": "去", "sp": "Agent"}, {"p": 669, "c": 0.9, "s": 223343, "e": 223774, "w": "咨询", "sp": "Agent"}, {"p": 670, "c": 0.9, "s": 223774, "e": 223990, "w": "呢", "sp": "Agent"}, {"p": 671, "c": 0.9, "s": 224290, "e": 224799, "w": "嗯", "sp": "Customer"}, {"p": 672, "c": 0.9, "s": 224800, "e": 225820, "w": "方便", "sp": "Customer"}, {"p": 673, "c": 0.9, "s": 225630, "e": 225836, "w": "啊", "sp": "Agent"}, {"p": 674, "c": 0.9, "s": 225836, "e": 226043, "w": "对", "sp": "Agent"}, {"p": 675, "c": 0.9, "s": 226043, "e": 226250, "w": "您", "sp": "Agent"}, {"p": 676, "c": 0.9, "s": 226250, "e": 226664, "w": "可以", "sp": "Agent"}, {"p": 677, "c": 0.9, "s": 226664, "e": 226871, "w": "呃", "sp": "Agent"}, {"p": 678, "c": 0.9, "s": 226871, "e": 227078, "w": "天", "sp": "Agent"}, {"p": 679, "c": 0.9, "s": 227078, "e": 227285, "w": "猫", "sp": "Agent"}, {"p": 680, "c": 0.9, "s": 227285, "e": 227492, "w": "进", "sp": "Agent"}, {"p": 681, "c": 0.9, "s": 227492, "e": 227699, "w": "线", "sp": "Agent"}, {"p": 682, "c": 0.9, "s": 227699, "e": 228113, "w": "然后", "sp": "Agent"}, {"p": 683, "c": 0.9, "s": 228113, "e": 228320, "w": "呢", "sp": "Agent"}, {"p": 684, "c": 0.9, "s": 228320, "e": 228941, "w": "就是说", "sp": "Agent"}, {"p": 685, "c": 0.9, "s": 228941, "e": 229355, "w": "联系", "sp": "Agent"}, {"p": 686, "c": 0.9, "s": 229355, "e": 229767, "w": "客服", "sp": "Agent"}, {"p": 687, "c": 0.9, "s": 229768, "e": 230182, "w": "然后", "sp": "Agent"}, {"p": 688, "c": 0.9, "s": 230182, "e": 230389, "w": "就", "sp": "Agent"}, {"p": 689, "c": 0.9, "s": 230389, "e": 230596, "w": "说", "sp": "Agent"}, {"p": 690, "c": 0.9, "s": 230596, "e": 230803, "w": "我", "sp": "Agent"}, {"p": 691, "c": 0.9, "s": 230803, "e": 231217, "w": "需要", "sp": "Agent"}, {"p": 692, "c": 0.9, "s": 231217, "e": 231631, "w": "预约", "sp": "Agent"}, {"p": 693, "c": 0.9, "s": 231631, "e": 232252, "w": "设计师", "sp": "Agent"}, {"p": 694, "c": 0.9, "s": 232252, "e": 232666, "w": "联系", "sp": "Agent"}, {"p": 695, "c": 0.9, "s": 232666, "e": 233080, "w": "报价", "sp": "Agent"}, {"p": 696, "c": 0.9, "s": 234080, "e": 234420, "w": "嗯", "sp": "Customer"}, {"p": 697, "c": 0.9, "s": 234420, "e": 235099, "w": "可以", "sp": "Customer"}, {"p": 698, "c": 0.9, "s": 234870, "e": 235069, "w": "对", "sp": "Agent"}, {"p": 699, "c": 0.9, "s": 235070, "e": 235271, "w": "对", "sp": "Agent"}, {"p": 700, "c": 0.9, "s": 235271, "e": 235471, "w": "对", "sp": "Agent"}, {"p": 701, "c": 0.9, "s": 235471, "e": 235672, "w": "您", "sp": "Agent"}, {"p": 702, "c": 0.9, "s": 235672, "e": 236073, "w": "今天", "sp": "Agent"}, {"p": 703, "c": 0.9, "s": 236073, "e": 236474, "w": "过后", "sp": "Agent"}, {"p": 704, "c": 0.9, "s": 236474, "e": 236875, "w": "可以", "sp": "Agent"}, {"p": 705, "c": 0.9, "s": 236875, "e": 237076, "w": "说", "sp": "Agent"}, {"p": 706, "c": 0.9, "s": 237076, "e": 237277, "w": "是", "sp": "Agent"}, {"p": 707, "c": 0.9, "s": 237277, "e": 237476, "w": "找", "sp": "Agent"}, {"p": 708, "c": 0.9, "s": 237477, "e": 237678, "w": "小", "sp": "Agent"}, {"p": 709, "c": 0.9, "s": 237678, "e": 237877, "w": "南", "sp": "Agent"}, {"p": 710, "c": 0.9, "s": 237878, "e": 238079, "w": "好", "sp": "Agent"}, {"p": 711, "c": 0.9, "s": 238079, "e": 238280, "w": "吧", "sp": "Agent"}, {"p": 712, "c": 0.9, "s": 238820, "e": 239565, "w": "小", "sp": "Customer"}, {"p": 713, "c": 0.9, "s": 239565, "e": 240310, "w": "娜", "sp": "Customer"}, {"p": 714, "c": 0.9, "s": 239790, "e": 239976, "w": "啊", "sp": "Agent"}, {"p": 715, "c": 0.9, "s": 239976, "e": 240162, "w": "对", "sp": "Agent"}, {"p": 716, "c": 0.9, "s": 240162, "e": 240349, "w": "对", "sp": "Agent"}, {"p": 717, "c": 0.9, "s": 240349, "e": 240535, "w": "对", "sp": "Agent"}, {"p": 718, "c": 0.9, "s": 240535, "e": 240908, "w": "咱们", "sp": "Agent"}, {"p": 719, "c": 0.9, "s": 240908, "e": 241281, "w": "这边", "sp": "Agent"}, {"p": 720, "c": 0.9, "s": 241281, "e": 241467, "w": "就", "sp": "Agent"}, {"p": 721, "c": 0.9, "s": 241467, "e": 241653, "w": "您", "sp": "Agent"}, {"p": 722, "c": 0.9, "s": 241653, "e": 242026, "w": "可以", "sp": "Agent"}, {"p": 723, "c": 0.9, "s": 242026, "e": 242399, "w": "直接", "sp": "Agent"}, {"p": 724, "c": 0.9, "s": 242399, "e": 242772, "w": "联系", "sp": "Agent"}, {"p": 725, "c": 0.9, "s": 242772, "e": 242958, "w": "到", "sp": "Agent"}, {"p": 726, "c": 0.9, "s": 242958, "e": 243331, "w": "这边", "sp": "Agent"}, {"p": 727, "c": 0.9, "s": 243331, "e": 243517, "w": "的", "sp": "Agent"}, {"p": 728, "c": 0.9, "s": 243517, "e": 243890, "w": "客服", "sp": "Agent"}, {"p": 729, "c": 0.9, "s": 243890, "e": 244076, "w": "呃", "sp": "Agent"}, {"p": 730, "c": 0.9, "s": 244076, "e": 244263, "w": "我", "sp": "Agent"}, {"p": 731, "c": 0.9, "s": 244263, "e": 244635, "w": "这边", "sp": "Agent"}, {"p": 732, "c": 0.9, "s": 244635, "e": 244821, "w": "的", "sp": "Agent"}, {"p": 733, "c": 0.9, "s": 244822, "e": 245195, "w": "客服", "sp": "Agent"}, {"p": 734, "c": 0.9, "s": 245195, "e": 245381, "w": "号", "sp": "Agent"}, {"p": 735, "c": 0.9, "s": 245381, "e": 245567, "w": "上", "sp": "Agent"}, {"p": 736, "c": 0.9, "s": 245567, "e": 245940, "w": "然后", "sp": "Agent"}, {"p": 737, "c": 0.9, "s": 245940, "e": 246127, "w": "就", "sp": "Agent"}, {"p": 738, "c": 0.9, "s": 246127, "e": 246313, "w": "给", "sp": "Agent"}, {"p": 739, "c": 0.9, "s": 246313, "e": 246499, "w": "您", "sp": "Agent"}, {"p": 740, "c": 0.9, "s": 246499, "e": 246872, "w": "发送", "sp": "Agent"}, {"p": 741, "c": 0.9, "s": 246872, "e": 247245, "w": "预约", "sp": "Agent"}, {"p": 742, "c": 0.9, "s": 247245, "e": 247431, "w": "的", "sp": "Agent"}, {"p": 743, "c": 0.9, "s": 247431, "e": 247804, "w": "一个", "sp": "Agent"}, {"p": 744, "c": 0.9, "s": 247804, "e": 248177, "w": "链接", "sp": "Agent"}, {"p": 745, "c": 0.9, "s": 248177, "e": 248363, "w": "好", "sp": "Agent"}, {"p": 746, "c": 0.9, "s": 248363, "e": 248550, "w": "吧", "sp": "Agent"}, {"p": 747, "c": 0.9, "s": 248880, "e": 250050, "w": "好", "sp": "Customer"}, {"p": 748, "c": 0.9, "s": 249640, "e": 249852, "w": "哎", "sp": "Agent"}, {"p": 749, "c": 0.9, "s": 249852, "e": 250064, "w": "行", "sp": "Agent"}, {"p": 750, "c": 0.9, "s": 250064, "e": 250276, "w": "好", "sp": "Agent"}, {"p": 751, "c": 0.9, "s": 250276, "e": 250489, "w": "的", "sp": "Agent"}, {"p": 752, "c": 0.9, "s": 250489, "e": 250701, "w": "好", "sp": "Agent"}, {"p": 753, "c": 0.9, "s": 250701, "e": 250913, "w": "的", "sp": "Agent"}, {"p": 754, "c": 0.9, "s": 250913, "e": 251338, "w": "请问", "sp": "Agent"}, {"p": 755, "c": 0.9, "s": 251310, "e": 252270, "w": "嗯", "sp": "Customer"}, {"p": 756, "c": 0.9, "s": 251338, "e": 251763, "w": "怎么", "sp": "Agent"}, {"p": 757, "c": 0.9, "s": 251763, "e": 252187, "w": "称呼", "sp": "Agent"}, {"p": 758, "c": 0.9, "s": 252187, "e": 252400, "w": "啊", "sp": "Agent"}, {"p": 759, "c": 0.9, "s": 252570, "e": 253110, "w": "我", "sp": "Customer"}, {"p": 760, "c": 0.9, "s": 253110, "e": 253650, "w": "姓", "sp": "Customer"}, {"p": 761, "c": 0.9, "s": 253650, "e": 254189, "w": "朱", "sp": "Customer"}, {"p": 762, "c": 0.9, "s": 253730, "e": 253903, "w": "朱", "sp": "Agent"}, {"p": 763, "c": 0.9, "s": 253904, "e": 254079, "w": "是", "sp": "Agent"}, {"p": 764, "c": 0.9, "s": 254079, "e": 254252, "w": "吧", "sp": "Agent"}, {"p": 765, "c": 0.9, "s": 254253, "e": 254777, "w": "朱元璋", "sp": "Agent"}, {"p": 766, "c": 0.9, "s": 254777, "e": 254952, "w": "的", "sp": "Agent"}, {"p": 767, "c": 0.9, "s": 254952, "e": 255125, "w": "朱", "sp": "Agent"}, {"p": 768, "c": 0.9, "s": 255000, "e": 255293, "w": "啊", "sp": "Customer"}, {"p": 769, "c": 0.9, "s": 255126, "e": 255301, "w": "是", "sp": "Agent"}, {"p": 770, "c": 0.9, "s": 255293, "e": 255879, "w": "苏州", "sp": "Customer"}, {"p": 771, "c": 0.9, "s": 255301, "e": 255476, "w": "吧", "sp": "Agent"}, {"p": 772, "c": 0.9, "s": 255476, "e": 255650, "w": "哎", "sp": "Agent"}, {"p": 773, "c": 0.9, "s": 255650, "e": 255825, "w": "好", "sp": "Agent"}, {"p": 774, "c": 0.9, "s": 255825, "e": 256000, "w": "的", "sp": "Agent"}, {"p": 775, "c": 0.9, "s": 255879, "e": 256172, "w": "的", "sp": "Customer"}, {"p": 776, "c": 0.9, "s": 256000, "e": 256174, "w": "好", "sp": "Agent"}, {"p": 777, "c": 0.9, "s": 256172, "e": 256465, "w": "苏", "sp": "Customer"}, {"p": 778, "c": 0.9, "s": 256174, "e": 256349, "w": "的", "sp": "Agent"}, {"p": 779, "c": 0.9, "s": 256349, "e": 256523, "w": "好", "sp": "Agent"}, {"p": 780, "c": 0.9, "s": 256465, "e": 256758, "w": "啊", "sp": "Customer"}, {"p": 781, "c": 0.9, "s": 256523, "e": 256698, "w": "的", "sp": "Agent"}, {"p": 782, "c": 0.9, "s": 256698, "e": 256872, "w": "好", "sp": "Agent"}, {"p": 783, "c": 0.9, "s": 256758, "e": 257051, "w": "对", "sp": "Customer"}, {"p": 784, "c": 0.9, "s": 256872, "e": 257047, "w": "的", "sp": "Agent"}, {"p": 785, "c": 0.9, "s": 257047, "e": 257221, "w": "那", "sp": "Agent"}, {"p": 786, "c": 0.9, "s": 257051, "e": 257344, "w": "对", "sp": "Customer"}, {"p": 787, "c": 0.9, "s": 257221, "e": 257396, "w": "朱", "sp": "Agent"}, {"p": 788, "c": 0.9, "s": 257344, "e": 257637, "w": "对", "sp": "Customer"}, {"p": 789, "c": 0.9, "s": 257396, "e": 257746, "w": "先生", "sp": "Agent"}, {"p": 790, "c": 0.9, "s": 257637, "e": 257930, "w": "对", "sp": "Customer"}, {"p": 791, "c": 0.9, "s": 257746, "e": 257920, "w": "那", "sp": "Agent"}, {"p": 792, "c": 0.9, "s": 257920, "e": 258270, "w": "这边", "sp": "Agent"}, {"p": 793, "c": 0.9, "s": 258269, "e": 258618, "w": "的话", "sp": "Agent"}, {"p": 794, "c": 0.9, "s": 258570, "e": 259450, "w": "喂", "sp": "Customer"}, {"p": 795, "c": 0.9, "s": 258618, "e": 258793, "w": "您", "sp": "Agent"}, {"p": 796, "c": 0.9, "s": 258793, "e": 259143, "w": "可以", "sp": "Agent"}, {"p": 797, "c": 0.9, "s": 259143, "e": 259492, "w": "先前", "sp": "Agent"}, {"p": 798, "c": 0.9, "s": 259492, "e": 259841, "w": "预约", "sp": "Agent"}, {"p": 799, "c": 0.9, "s": 259841, "e": 260190, "w": "一下", "sp": "Agent"}, {"p": 800, "c": 0.9, "s": 260190, "e": 260540, "w": "然后", "sp": "Agent"}, {"p": 801, "c": 0.9, "s": 260540, "e": 260889, "w": "这边", "sp": "Agent"}, {"p": 802, "c": 0.9, "s": 260889, "e": 261238, "w": "尽快", "sp": "Agent"}, {"p": 803, "c": 0.9, "s": 261238, "e": 261413, "w": "帮", "sp": "Agent"}, {"p": 804, "c": 0.9, "s": 261413, "e": 261587, "w": "您", "sp": "Agent"}, {"p": 805, "c": 0.9, "s": 261587, "e": 261936, "w": "安排", "sp": "Agent"}, {"p": 806, "c": 0.9, "s": 261936, "e": 262286, "w": "司机", "sp": "Agent"}, {"p": 807, "c": 0.9, "s": 262286, "e": 262460, "w": "去", "sp": "Agent"}, {"p": 808, "c": 0.9, "s": 262320, "e": 262548, "w": "我", "sp": "Customer"}, {"p": 809, "c": 0.9, "s": 262460, "e": 262810, "w": "联系", "sp": "Agent"}, {"p": 810, "c": 0.9, "s": 262548, "e": 262776, "w": "是", "sp": "Customer"}, {"p": 811, "c": 0.9, "s": 262776, "e": 263005, "w": "在", "sp": "Customer"}, {"p": 812, "c": 0.9, "s": 263005, "e": 263462, "w": "那个", "sp": "Customer"}, {"p": 813, "c": 0.9, "s": 263280, "e": 263468, "w": "在", "sp": "Agent"}, {"p": 814, "c": 0.9, "s": 263462, "e": 263690, "w": "天", "sp": "Customer"}, {"p": 815, "c": 0.9, "s": 263468, "e": 263844, "w": "那个", "sp": "Agent"}, {"p": 816, "c": 0.9, "s": 263690, "e": 263919, "w": "猫", "sp": "Customer"}, {"p": 817, "c": 0.9, "s": 263844, "e": 264031, "w": "天", "sp": "Agent"}, {"p": 818, "c": 0.9, "s": 263919, "e": 264376, "w": "上面", "sp": "Customer"}, {"p": 819, "c": 0.9, "s": 264032, "e": 264220, "w": "猫", "sp": "Agent"}, {"p": 820, "c": 0.9, "s": 264220, "e": 264597, "w": "上面", "sp": "Agent"}, {"p": 821, "c": 0.9, "s": 264376, "e": 264833, "w": "预约", "sp": "Customer"}, {"p": 822, "c": 0.9, "s": 264597, "e": 264973, "w": "预约", "sp": "Agent"}, {"p": 823, "c": 0.9, "s": 264833, "e": 265061, "w": "是", "sp": "Customer"}, {"p": 824, "c": 0.9, "s": 264973, "e": 265160, "w": "是", "sp": "Agent"}, {"p": 825, "c": 0.9, "s": 265061, "e": 265290, "w": "吧", "sp": "Customer"}, {"p": 826, "c": 0.9, "s": 265161, "e": 265350, "w": "吧", "sp": "Agent"}, {"p": 827, "c": 0.9, "s": 265350, "e": 265538, "w": "啊", "sp": "Agent"}, {"p": 828, "c": 0.9, "s": 265538, "e": 265725, "w": "对", "sp": "Agent"}, {"p": 829, "c": 0.9, "s": 265726, "e": 265914, "w": "对", "sp": "Agent"}, {"p": 830, "c": 0.9, "s": 265914, "e": 266102, "w": "对", "sp": "Agent"}, {"p": 831, "c": 0.9, "s": 266102, "e": 266289, "w": "您", "sp": "Agent"}, {"p": 832, "c": 0.9, "s": 266290, "e": 266479, "w": "就", "sp": "Agent"}, {"p": 833, "c": 0.9, "s": 266479, "e": 266667, "w": "天", "sp": "Agent"}, {"p": 834, "c": 0.9, "s": 266667, "e": 266854, "w": "猫", "sp": "Agent"}, {"p": 835, "c": 0.9, "s": 266855, "e": 267043, "w": "进", "sp": "Agent"}, {"p": 836, "c": 0.9, "s": 267043, "e": 267231, "w": "线", "sp": "Agent"}, {"p": 837, "c": 0.9, "s": 267231, "e": 267608, "w": "预约", "sp": "Agent"}, {"p": 838, "c": 0.9, "s": 267608, "e": 267796, "w": "您", "sp": "Agent"}, {"p": 839, "c": 0.9, "s": 267796, "e": 267983, "w": "说", "sp": "Agent"}, {"p": 840, "c": 0.9, "s": 267984, "e": 268172, "w": "呃", "sp": "Agent"}, {"p": 841, "c": 0.9, "s": 268172, "e": 268549, "w": "预约", "sp": "Agent"}, {"p": 842, "c": 0.9, "s": 268549, "e": 268925, "w": "活动", "sp": "Agent"}, {"p": 843, "c": 0.9, "s": 268925, "e": 269301, "w": "预约", "sp": "Agent"}, {"p": 844, "c": 0.9, "s": 269301, "e": 269866, "w": "设计师", "sp": "Agent"}, {"p": 845, "c": 0.9, "s": 269866, "e": 270242, "w": "然后", "sp": "Agent"}, {"p": 846, "c": 0.9, "s": 270242, "e": 270619, "w": "这边", "sp": "Agent"}, {"p": 847, "c": 0.9, "s": 270619, "e": 270995, "w": "的话", "sp": "Agent"}, {"p": 848, "c": 0.9, "s": 270995, "e": 271182, "w": "呃", "sp": "Agent"}, {"p": 849, "c": 0.9, "s": 271183, "e": 271371, "w": "会", "sp": "Agent"}, {"p": 850, "c": 0.9, "s": 271371, "e": 271560, "w": "有", "sp": "Agent"}, {"p": 851, "c": 0.9, "s": 271560, "e": 271936, "w": "客服", "sp": "Agent"}, {"p": 852, "c": 0.9, "s": 271936, "e": 272312, "w": "然后", "sp": "Agent"}, {"p": 853, "c": 0.9, "s": 272312, "e": 272689, "w": "联系", "sp": "Agent"}, {"p": 854, "c": 0.9, "s": 272689, "e": 272876, "w": "的", "sp": "Agent"}, {"p": 855, "c": 0.9, "s": 272877, "e": 273253, "w": "接待", "sp": "Agent"}, {"p": 856, "c": 0.9, "s": 273253, "e": 273440, "w": "您", "sp": "Agent"}, {"p": 857, "c": 0.9, "s": 273441, "e": 273630, "w": "的", "sp": "Agent"}, {"p": 858, "c": 0.9, "s": 273640, "e": 274530, "w": "好好", "sp": "Customer"}, {"p": 859, "c": 0.9, "s": 274530, "e": 275420, "w": "好好", "sp": "Customer"}, {"p": 860, "c": 0.9, "s": 274590, "e": 274828, "w": "嗯", "sp": "Agent"}, {"p": 861, "c": 0.9, "s": 274828, "e": 275066, "w": "嗯", "sp": "Agent"}, {"p": 862, "c": 0.9, "s": 275066, "e": 275304, "w": "嗯", "sp": "Agent"}, {"p": 863, "c": 0.9, "s": 275304, "e": 275780, "w": "好好", "sp": "Agent"}, {"p": 864, "c": 0.9, "s": 275780, "e": 276019, "w": "嗯", "sp": "Agent"}, {"p": 865, "c": 0.9, "s": 276019, "e": 276257, "w": "好", "sp": "Agent"}, {"p": 866, "c": 0.9, "s": 276257, "e": 276495, "w": "嗯", "sp": "Agent"}, {"p": 867, "c": 0.9, "s": 276495, "e": 276733, "w": "好", "sp": "Agent"}, {"p": 868, "c": 0.9, "s": 276733, "e": 277210, "w": "再见", "sp": "Agent"}]}, "plainText": "喂 你好\n喂 你好\n哎\n我\n你好\n想\n这边\n问\n办理\n一下\n天 猫\n这个\n淘宝 客服\n咱 是 做 这个 大型 股票\n第二\n的\n个 是\n是\n吧\n吧\n呃 您 这边 是 新房 准备 安装 大金 中央 空调 吗\n对\n啊 您 家 房子 是 一个 几 室 几 厅 的 户型 啊\n呃 两百 多 块钱 吧\n两百 多个 平方 是 吧\n对\n呃 大概 是 两百 多 多少 啊 就是说 一个 几 十几 厘 的 户型 啊\n嗯 四十四 两 瓶 删除 呃 那个\n这个\n已 已 出 三 位\n啊 行 好 的 好 的 呃 那 这样 的 就是 您 这边 的话 是 一个 四十 的 一个 户型 一般 会 选择 咱们 经济 权限 系列 要 多 我 不 知道 您 之前 对于 咱们 大金 的 中央 空调 有没有 了解 过 呀\n就是\n就是\n看到\n看到\n了解\n了解\n了\n了\n才\n才\n给\n给\n你\n你\n打电话\n打电话\n嘞\n的 您\n你\n之前\n这样\n现在\n你\n哎\n你\n哎\n你\n您\n这样\n说\n我 打 这个\n这个\n电话\n电话\n应该\n应 该是\n是 虚拟\n七\n的 是 吧\n呃 对 这边 是 一个 官方 的 一个 天 猫 四 零零 接 呃 在线 热线 客服\n对 你 电话 多少\n您 这边 就是 在 跟 您 联系 啊\n我 是 说 这 是不是 打 每 一次 电话\n每 一次\n都\n电话\n会 变\n都\n的\n会 变\n一直\n的\n都\n就是\n这个\n这个\n电话\n电话\n吗\n吗 呃 就 您 只要 联系 这个 电话 就 能够 呃 有 咱们 四 零零 工作人员 接听 了\n哦\n对 对 对 您 这边 之前 说 是 了解 过 是 有 在 门店 了解 了 吗\n嗯 通过 朋友 问 了 问 了 感觉 我\n干\n想\n的\n用\n时候\n这个\n先\n品牌\n用 这个\n的 想\n品牌\n用 这个\n的\n品牌 的\n怎么\n嗯\n了解\n给\n一下\n我 了解\n情况\n一下 这 情况 他 的 房子 是 二百 二百 二二 二百 多 块钱 吧 二百 二百 也 不忙\n哦 行 您 这边 是 这么 一个 情况 就是说 您 可以 就是 之前 是 朋友 帮 您 问 了 咱们 大金 的 一个 经销商 还是 怎么样 啊\n呃 不是 经销商 不是 朋友 给 我 推荐 的 吗\n哦 您 您 朋友 是\n咱\n也 是\n这\n做 咱们\n是\n大厅 的 吗\n嗯 不是 他 给 我 推荐\n是 他\n他\n给 我\n说\n推荐\n这个\n他\n品牌 可以 所以\n哦\n说 我 才 跟 你们 联系\n哎\n的 另外 这个 大米 那个 空调 我 就 问 一下 呃 在 那个 呃 氮气\n嗯\n能\n在\n寄\n信封\n走\n系统\n对 吧\n对 吧 嗯\n还有 啥\n呃 咱们 大厅 是 可以 中央 空调 加 新风 加 地 暖 一起 安装\n哦 你 呃 咱 那个 店 这个 我 郑州 那边 的 店 是不是\n是不是\n在 那个\n在 那个\n哪个 路\n不\n啊\n玩\n那个\n这个 事\n还\n呃 您 这边 安装 地址 是 在 哪里 啊\n在\n在\n郑州\n郑州 郑州 是 吧\n对\n呃 郑州市 哪个 区域 呢\n郑州\n郑州\n东区\n东区 郑州 东区 是 吧 郑州 嘛 嗯 像 咱们 现在\n对\n现在 是 这么 一个 像 线 上 呢 它 只是 一个 呃 预约 的 地址 但是 就是说 不是 门店 实际 实际 门店 地址 实际 的 门店 地址 需要 咱们\n嗯\n的 一个 工作人员 联系 您 过后 才 能够 给 到 您 的\n可以\n嗯\n啊\n对 对 对 您 这边 大概 什么 时候 装修 啊\n嗯 就 这 两天 正在 开始 正正\n都 都\n正\n设计\n设计\n出\n出\n那个\n那个\n效果\n效果\n出来\n出来\n啊 这 两天 就要 装修 了 是 吧\n对\n那 这边 呢 就 安排 咱们 的 一个 门店 设计师 然后 联系 您 您 这边 尽快 呃 就是说 会 尽快 联系 您 然后 给 您 配置 方案 报价 可以 吧\n可以\n啊 对 您 这边 其实 像 咱们 郑州 的话 现在 可以 嗯 进 咱们 线 上去 预约 一下 这样 会 联系 您 会 快 一点 不 知道 呃 您 有 方 不 方便 进 咱们 天 猫 去 咨询 呢\n嗯 方便\n啊 对 您 可以 呃 天 猫 进 线 然后 呢 就是说 联系 客服 然后 就 说 我 需要 预约 设计师 联系 报价\n嗯 可以\n对 对 对 您 今天 过后 可以 说 是 找 小 南 好 吧\n小 娜\n啊 对 对 对 咱们 这边 就 您 可以 直接 联系 到 这边 的 客服 呃 我 这边 的 客服 号 上 然后 就 给 您 发送 预约 的 一个 链接 好 吧\n好\n哎 行 好 的 好 的 请问\n嗯\n怎么 称呼 啊\n我 姓 朱\n朱 是 吧 朱元璋 的 朱\n啊\n是\n苏州\n吧 哎 好 的\n的\n好\n苏\n的 好\n啊\n的 好\n对\n的 那\n对\n朱\n对\n先生\n对\n那 这边 的话\n喂\n您 可以 先前 预约 一下 然后 这边 尽快 帮 您 安排 司机 去\n我\n联系\n是 在 那个\n在\n天\n那个\n猫\n天\n上面\n猫 上面\n预约\n预约\n是\n是\n吧\n吧 啊 对 对 对 您 就 天 猫 进 线 预约 您 说 呃 预约 活动 预约 设计师 然后 这边 的话 呃 会 有 客服 然后 联系 的 接待 您 的\n好好 好好\n嗯 嗯 嗯 好好 嗯 好 嗯 好 再见", "plainTextTime": {"verbatims": [{"s": 380, "e": 1630, "w": "喂 你好", "sp": "Agent"}, {"s": 1720, "e": 2698, "w": "喂 你好", "sp": "Customer"}, {"s": 2610, "e": 2810, "w": "哎", "sp": "Agent"}, {"s": 2698, "e": 3024, "w": "我", "sp": "Customer"}, {"s": 2810, "e": 3210, "w": "你好", "sp": "Agent"}, {"s": 3024, "e": 3350, "w": "想", "sp": "Customer"}, {"s": 3210, "e": 3610, "w": "这边", "sp": "Agent"}, {"s": 3350, "e": 3676, "w": "问", "sp": "Customer"}, {"s": 3610, "e": 4009, "w": "办理", "sp": "Agent"}, {"s": 3676, "e": 4328, "w": "一下", "sp": "Customer"}, {"s": 4010, "e": 4410, "w": "天 猫", "sp": "Agent"}, {"s": 4328, "e": 4980, "w": "这个", "sp": "Customer"}, {"s": 4410, "e": 5210, "w": "淘宝 客服", "sp": "Agent"}, {"s": 5610, "e": 7560, "w": "咱 是 做 这个 大型 股票", "sp": "Customer"}, {"s": 7220, "e": 7580, "w": "第二", "sp": "Agent"}, {"s": 7560, "e": 7776, "w": "的", "sp": "Customer"}, {"s": 7580, "e": 7940, "w": "个 是", "sp": "Agent"}, {"s": 7776, "e": 7993, "w": "是", "sp": "Customer"}, {"s": 7940, "e": 8120, "w": "吧", "sp": "Agent"}, {"s": 7993, "e": 8210, "w": "吧", "sp": "Customer"}, {"s": 8630, "e": 12480, "w": "呃 您 这边 是 新房 准备 安装 大金 中央 空调 吗", "sp": "Agent"}, {"s": 12530, "e": 13530, "w": "对", "sp": "Customer"}, {"s": 13430, "e": 16430, "w": "啊 您 家 房子 是 一个 几 室 几 厅 的 户型 啊", "sp": "Agent"}, {"s": 16700, "e": 18860, "w": "呃 两百 多 块钱 吧", "sp": "Customer"}, {"s": 19020, "e": 21100, "w": "两百 多个 平方 是 吧", "sp": "Agent"}, {"s": 21080, "e": 22130, "w": "对", "sp": "Customer"}, {"s": 22150, "e": 27210, "w": "呃 大概 是 两百 多 多少 啊 就是说 一个 几 十几 厘 的 户型 啊", "sp": "Agent"}, {"s": 28090, "e": 35274, "w": "嗯 四十四 两 瓶 删除 呃 那个", "sp": "Customer"}, {"s": 34660, "e": 35750, "w": "这个", "sp": "Agent"}, {"s": 35275, "e": 37329, "w": "已 已 出 三 位", "sp": "Customer"}, {"s": 37440, "e": 49770, "w": "啊 行 好 的 好 的 呃 那 这样 的 就是 您 这边 的话 是 一个 四十 的 一个 户型 一般 会 选择 咱们 经济 权限 系列 要 多 我 不 知道 您 之前 对于 咱们 大金 的 中央 空调 有没有 了解 过 呀", "sp": "Agent"}, {"s": 50430, "e": 50835, "w": "就是", "sp": "Customer"}, {"s": 50650, "e": 51028, "w": "就是", "sp": "Agent"}, {"s": 50835, "e": 51240, "w": "看到", "sp": "Customer"}, {"s": 51028, "e": 51407, "w": "看到", "sp": "Agent"}, {"s": 51241, "e": 51647, "w": "了解", "sp": "Customer"}, {"s": 51407, "e": 51785, "w": "了解", "sp": "Agent"}, {"s": 51647, "e": 51850, "w": "了", "sp": "Customer"}, {"s": 51785, "e": 51975, "w": "了", "sp": "Agent"}, {"s": 51850, "e": 52052, "w": "才", "sp": "Customer"}, {"s": 51975, "e": 52163, "w": "才", "sp": "Agent"}, {"s": 52052, "e": 52254, "w": "给", "sp": "Customer"}, {"s": 52164, "e": 52353, "w": "给", "sp": "Agent"}, {"s": 52255, "e": 52458, "w": "你", "sp": "Customer"}, {"s": 52353, "e": 52542, "w": "你", "sp": "Agent"}, {"s": 52458, "e": 53067, "w": "打电话", "sp": "Customer"}, {"s": 52542, "e": 53110, "w": "打电话", "sp": "Agent"}, {"s": 53067, "e": 53270, "w": "嘞", "sp": "Customer"}, {"s": 53110, "e": 53948, "w": "的 您", "sp": "Agent"}, {"s": 53640, "e": 54107, "w": "你", "sp": "Customer"}, {"s": 53948, "e": 54686, "w": "之前", "sp": "Agent"}, {"s": 54107, "e": 55043, "w": "这样", "sp": "Customer"}, {"s": 54686, "e": 55424, "w": "现在", "sp": "Agent"}, {"s": 55043, "e": 55510, "w": "你", "sp": "Customer"}, {"s": 55424, "e": 55793, "w": "哎", "sp": "Agent"}, {"s": 55511, "e": 55978, "w": "你", "sp": "Customer"}, {"s": 55793, "e": 56162, "w": "哎", "sp": "Agent"}, {"s": 55978, "e": 56446, "w": "你", "sp": "Customer"}, {"s": 56162, "e": 56531, "w": "您", "sp": "Agent"}, {"s": 56446, "e": 57382, "w": "这样", "sp": "Customer"}, {"s": 56531, "e": 56899, "w": "说", "sp": "Agent"}, {"s": 57382, "e": 58739, "w": "我 打 这个", "sp": "Customer"}, {"s": 58670, "e": 58989, "w": "这个", "sp": "Agent"}, {"s": 58739, "e": 59144, "w": "电话", "sp": "Customer"}, {"s": 58990, "e": 59310, "w": "电话", "sp": "Agent"}, {"s": 59145, "e": 59551, "w": "应该", "sp": "Customer"}, {"s": 59310, "e": 59790, "w": "应 该是", "sp": "Agent"}, {"s": 59551, "e": 60160, "w": "是 虚拟", "sp": "Customer"}, {"s": 59790, "e": 59950, "w": "七", "sp": "Agent"}, {"s": 60160, "e": 60770, "w": "的 是 吧", "sp": "Customer"}, {"s": 61460, "e": 67980, "w": "呃 对 这边 是 一个 官方 的 一个 天 猫 四 零零 接 呃 在线 热线 客服", "sp": "Agent"}, {"s": 68290, "e": 70420, "w": "对 你 电话 多少", "sp": "Customer"}, {"s": 70710, "e": 73159, "w": "您 这边 就是 在 跟 您 联系 啊", "sp": "Agent"}, {"s": 74160, "e": 77150, "w": "我 是 说 这 是不是 打 每 一次 电话", "sp": "Customer"}, {"s": 76730, "e": 77286, "w": "每 一次", "sp": "Agent"}, {"s": 77150, "e": 77380, "w": "都", "sp": "Customer"}, {"s": 77286, "e": 77657, "w": "电话", "sp": "Agent"}, {"s": 77380, "e": 77840, "w": "会 变", "sp": "Customer"}, {"s": 77657, "e": 77842, "w": "都", "sp": "Agent"}, {"s": 77840, "e": 78070, "w": "的", "sp": "Customer"}, {"s": 77843, "e": 78214, "w": "会 变", "sp": "Agent"}, {"s": 78070, "e": 78530, "w": "一直", "sp": "Customer"}, {"s": 78214, "e": 78399, "w": "的", "sp": "Agent"}, {"s": 78530, "e": 78760, "w": "都", "sp": "Customer"}, {"s": 78740, "e": 79144, "w": "就是", "sp": "Agent"}, {"s": 78760, "e": 79220, "w": "这个", "sp": "Customer"}, {"s": 79144, "e": 79548, "w": "这个", "sp": "Agent"}, {"s": 79220, "e": 79680, "w": "电话", "sp": "Customer"}, {"s": 79549, "e": 79953, "w": "电话", "sp": "Agent"}, {"s": 79680, "e": 79910, "w": "吗", "sp": "Customer"}, {"s": 79953, "e": 85820, "w": "吗 呃 就 您 只要 联系 这个 电话 就 能够 呃 有 咱们 四 零零 工作人员 接听 了", "sp": "Agent"}, {"s": 86360, "e": 87900, "w": "哦", "sp": "Customer"}, {"s": 87320, "e": 92120, "w": "对 对 对 您 这边 之前 说 是 了解 过 是 有 在 门店 了解 了 吗", "sp": "Agent"}, {"s": 91990, "e": 95231, "w": "嗯 通过 朋友 问 了 问 了 感觉 我", "sp": "Customer"}, {"s": 95200, "e": 95461, "w": "干", "sp": "Agent"}, {"s": 95232, "e": 95502, "w": "想", "sp": "Customer"}, {"s": 95461, "e": 95723, "w": "的", "sp": "Agent"}, {"s": 95502, "e": 95771, "w": "用", "sp": "Customer"}, {"s": 95723, "e": 96247, "w": "时候", "sp": "Agent"}, {"s": 95772, "e": 96312, "w": "这个", "sp": "Customer"}, {"s": 96247, "e": 96509, "w": "先", "sp": "Agent"}, {"s": 96312, "e": 96853, "w": "品牌", "sp": "Customer"}, {"s": 96509, "e": 97294, "w": "用 这个", "sp": "Agent"}, {"s": 96853, "e": 97393, "w": "的 想", "sp": "Customer"}, {"s": 97294, "e": 97818, "w": "品牌", "sp": "Agent"}, {"s": 97393, "e": 98204, "w": "用 这个", "sp": "Customer"}, {"s": 97818, "e": 98080, "w": "的", "sp": "Agent"}, {"s": 98204, "e": 99014, "w": "品牌 的", "sp": "Customer"}, {"s": 98910, "e": 99230, "w": "怎么", "sp": "Agent"}, {"s": 99014, "e": 99284, "w": "嗯", "sp": "Customer"}, {"s": 99230, "e": 99550, "w": "了解", "sp": "Agent"}, {"s": 99284, "e": 99555, "w": "给", "sp": "Customer"}, {"s": 99550, "e": 99870, "w": "一下", "sp": "Agent"}, {"s": 99555, "e": 100365, "w": "我 了解", "sp": "Customer"}, {"s": 99870, "e": 100190, "w": "情况", "sp": "Agent"}, {"s": 100365, "e": 109579, "w": "一下 这 情况 他 的 房子 是 二百 二百 二二 二百 多 块钱 吧 二百 二百 也 不忙", "sp": "Customer"}, {"s": 109800, "e": 119920, "w": "哦 行 您 这边 是 这么 一个 情况 就是说 您 可以 就是 之前 是 朋友 帮 您 问 了 咱们 大金 的 一个 经销商 还是 怎么样 啊", "sp": "Agent"}, {"s": 120090, "e": 125090, "w": "呃 不是 经销商 不是 朋友 给 我 推荐 的 吗", "sp": "Customer"}, {"s": 124970, "e": 126438, "w": "哦 您 您 朋友 是", "sp": "Agent"}, {"s": 126420, "e": 126903, "w": "咱", "sp": "Customer"}, {"s": 126438, "e": 126927, "w": "也 是", "sp": "Agent"}, {"s": 126903, "e": 127386, "w": "这", "sp": "Customer"}, {"s": 126927, "e": 127660, "w": "做 咱们", "sp": "Agent"}, {"s": 127386, "e": 127870, "w": "是", "sp": "Customer"}, {"s": 127661, "e": 128640, "w": "大厅 的 吗", "sp": "Agent"}, {"s": 128619, "e": 130343, "w": "嗯 不是 他 给 我 推荐", "sp": "Customer"}, {"s": 130170, "e": 130427, "w": "是 他", "sp": "Agent"}, {"s": 130343, "e": 130559, "w": "他", "sp": "Customer"}, {"s": 130427, "e": 130683, "w": "给 我", "sp": "Agent"}, {"s": 130559, "e": 130774, "w": "说", "sp": "Customer"}, {"s": 130684, "e": 130941, "w": "推荐", "sp": "Agent"}, {"s": 130774, "e": 131205, "w": "这个", "sp": "Customer"}, {"s": 130940, "e": 131069, "w": "他", "sp": "Agent"}, {"s": 131205, "e": 132498, "w": "品牌 可以 所以", "sp": "Customer"}, {"s": 132070, "e": 133440, "w": "哦", "sp": "Agent"}, {"s": 132498, "e": 134222, "w": "说 我 才 跟 你们 联系", "sp": "Customer"}, {"s": 133880, "e": 135080, "w": "哎", "sp": "Agent"}, {"s": 134222, "e": 141178, "w": "的 另外 这个 大米 那个 空调 我 就 问 一下 呃 在 那个 呃 氮气", "sp": "Customer"}, {"s": 141050, "e": 141344, "w": "嗯", "sp": "Agent"}, {"s": 141178, "e": 141534, "w": "能", "sp": "Customer"}, {"s": 141344, "e": 141638, "w": "在", "sp": "Agent"}, {"s": 141535, "e": 141891, "w": "寄", "sp": "Customer"}, {"s": 141638, "e": 142227, "w": "信封", "sp": "Agent"}, {"s": 141891, "e": 142247, "w": "走", "sp": "Customer"}, {"s": 142227, "e": 142816, "w": "系统", "sp": "Agent"}, {"s": 142247, "e": 142959, "w": "对 吧", "sp": "Customer"}, {"s": 142816, "e": 143700, "w": "对 吧 嗯", "sp": "Agent"}, {"s": 144320, "e": 145540, "w": "还有 啥", "sp": "Customer"}, {"s": 145650, "e": 150900, "w": "呃 咱们 大厅 是 可以 中央 空调 加 新风 加 地 暖 一起 安装", "sp": "Agent"}, {"s": 151420, "e": 156209, "w": "哦 你 呃 咱 那个 店 这个 我 郑州 那边 的 店 是不是", "sp": "Customer"}, {"s": 156030, "e": 156680, "w": "是不是", "sp": "Agent"}, {"s": 156209, "e": 156965, "w": "在 那个", "sp": "Customer"}, {"s": 156680, "e": 157330, "w": "在 那个", "sp": "Agent"}, {"s": 156965, "e": 157721, "w": "哪个 路", "sp": "Customer"}, {"s": 157680, "e": 157851, "w": "不", "sp": "Agent"}, {"s": 157721, "e": 157972, "w": "啊", "sp": "Customer"}, {"s": 157852, "e": 158024, "w": "玩", "sp": "Agent"}, {"s": 157973, "e": 158477, "w": "那个", "sp": "Customer"}, {"s": 158024, "e": 158540, "w": "这个 事", "sp": "Agent"}, {"s": 158477, "e": 158730, "w": "还", "sp": "Customer"}, {"s": 159350, "e": 161740, "w": "呃 您 这边 安装 地址 是 在 哪里 啊", "sp": "Agent"}, {"s": 162380, "e": 162860, "w": "在", "sp": "Customer"}, {"s": 162560, "e": 162928, "w": "在", "sp": "Agent"}, {"s": 162860, "e": 163820, "w": "郑州", "sp": "Customer"}, {"s": 162928, "e": 165140, "w": "郑州 郑州 是 吧", "sp": "Agent"}, {"s": 165050, "e": 166230, "w": "对", "sp": "Customer"}, {"s": 165700, "e": 168030, "w": "呃 郑州市 哪个 区域 呢", "sp": "Agent"}, {"s": 168650, "e": 169930, "w": "郑州", "sp": "Customer"}, {"s": 168880, "e": 169910, "w": "郑州", "sp": "Agent"}, {"s": 169930, "e": 171209, "w": "东区", "sp": "Customer"}, {"s": 170190, "e": 173746, "w": "东区 郑州 东区 是 吧 郑州 嘛 嗯 像 咱们 现在", "sp": "Agent"}, {"s": 173520, "e": 174650, "w": "对", "sp": "Customer"}, {"s": 173746, "e": 184205, "w": "现在 是 这么 一个 像 线 上 呢 它 只是 一个 呃 预约 的 地址 但是 就是说 不是 门店 实际 实际 门店 地址 实际 的 门店 地址 需要 咱们", "sp": "Agent"}, {"s": 183860, "e": 185010, "w": "嗯", "sp": "Customer"}, {"s": 184205, "e": 188180, "w": "的 一个 工作人员 联系 您 过后 才 能够 给 到 您 的", "sp": "Agent"}, {"s": 188170, "e": 189023, "w": "可以", "sp": "Customer"}, {"s": 188930, "e": 189135, "w": "嗯", "sp": "Agent"}, {"s": 189023, "e": 189450, "w": "啊", "sp": "Customer"}, {"s": 189136, "e": 192240, "w": "对 对 对 您 这边 大概 什么 时候 装修 啊", "sp": "Agent"}, {"s": 192330, "e": 194806, "w": "嗯 就 这 两天 正在 开始 正正", "sp": "Customer"}, {"s": 194440, "e": 194899, "w": "都 都", "sp": "Agent"}, {"s": 194807, "e": 195032, "w": "正", "sp": "Customer"}, {"s": 194899, "e": 195358, "w": "设计", "sp": "Agent"}, {"s": 195032, "e": 195483, "w": "设计", "sp": "Customer"}, {"s": 195358, "e": 195587, "w": "出", "sp": "Agent"}, {"s": 195483, "e": 195708, "w": "出", "sp": "Customer"}, {"s": 195587, "e": 196046, "w": "那个", "sp": "Agent"}, {"s": 195708, "e": 196159, "w": "那个", "sp": "Customer"}, {"s": 196046, "e": 196505, "w": "效果", "sp": "Agent"}, {"s": 196159, "e": 196609, "w": "效果", "sp": "Customer"}, {"s": 196505, "e": 196965, "w": "出来", "sp": "Agent"}, {"s": 196609, "e": 197060, "w": "出来", "sp": "Customer"}, {"s": 196965, "e": 199489, "w": "啊 这 两天 就要 装修 了 是 吧", "sp": "Agent"}, {"s": 199290, "e": 200430, "w": "对", "sp": "Customer"}, {"s": 200280, "e": 210210, "w": "那 这边 呢 就 安排 咱们 的 一个 门店 设计师 然后 联系 您 您 这边 尽快 呃 就是说 会 尽快 联系 您 然后 给 您 配置 方案 报价 可以 吧", "sp": "Agent"}, {"s": 210220, "e": 211430, "w": "可以", "sp": "Customer"}, {"s": 211500, "e": 223990, "w": "啊 对 您 这边 其实 像 咱们 郑州 的话 现在 可以 嗯 进 咱们 线 上去 预约 一下 这样 会 联系 您 会 快 一点 不 知道 呃 您 有 方 不 方便 进 咱们 天 猫 去 咨询 呢", "sp": "Agent"}, {"s": 224290, "e": 225820, "w": "嗯 方便", "sp": "Customer"}, {"s": 225630, "e": 233080, "w": "啊 对 您 可以 呃 天 猫 进 线 然后 呢 就是说 联系 客服 然后 就 说 我 需要 预约 设计师 联系 报价", "sp": "Agent"}, {"s": 234080, "e": 235099, "w": "嗯 可以", "sp": "Customer"}, {"s": 234870, "e": 238280, "w": "对 对 对 您 今天 过后 可以 说 是 找 小 南 好 吧", "sp": "Agent"}, {"s": 238820, "e": 240310, "w": "小 娜", "sp": "Customer"}, {"s": 239790, "e": 248550, "w": "啊 对 对 对 咱们 这边 就 您 可以 直接 联系 到 这边 的 客服 呃 我 这边 的 客服 号 上 然后 就 给 您 发送 预约 的 一个 链接 好 吧", "sp": "Agent"}, {"s": 248880, "e": 250050, "w": "好", "sp": "Customer"}, {"s": 249640, "e": 251338, "w": "哎 行 好 的 好 的 请问", "sp": "Agent"}, {"s": 251310, "e": 252270, "w": "嗯", "sp": "Customer"}, {"s": 251338, "e": 252400, "w": "怎么 称呼 啊", "sp": "Agent"}, {"s": 252570, "e": 254189, "w": "我 姓 朱", "sp": "Customer"}, {"s": 253730, "e": 255125, "w": "朱 是 吧 朱元璋 的 朱", "sp": "Agent"}, {"s": 255000, "e": 255293, "w": "啊", "sp": "Customer"}, {"s": 255126, "e": 255301, "w": "是", "sp": "Agent"}, {"s": 255293, "e": 255879, "w": "苏州", "sp": "Customer"}, {"s": 255301, "e": 256000, "w": "吧 哎 好 的", "sp": "Agent"}, {"s": 255879, "e": 256172, "w": "的", "sp": "Customer"}, {"s": 256000, "e": 256174, "w": "好", "sp": "Agent"}, {"s": 256172, "e": 256465, "w": "苏", "sp": "Customer"}, {"s": 256174, "e": 256523, "w": "的 好", "sp": "Agent"}, {"s": 256465, "e": 256758, "w": "啊", "sp": "Customer"}, {"s": 256523, "e": 256872, "w": "的 好", "sp": "Agent"}, {"s": 256758, "e": 257051, "w": "对", "sp": "Customer"}, {"s": 256872, "e": 257221, "w": "的 那", "sp": "Agent"}, {"s": 257051, "e": 257344, "w": "对", "sp": "Customer"}, {"s": 257221, "e": 257396, "w": "朱", "sp": "Agent"}, {"s": 257344, "e": 257637, "w": "对", "sp": "Customer"}, {"s": 257396, "e": 257746, "w": "先生", "sp": "Agent"}, {"s": 257637, "e": 257930, "w": "对", "sp": "Customer"}, {"s": 257746, "e": 258618, "w": "那 这边 的话", "sp": "Agent"}, {"s": 258570, "e": 259450, "w": "喂", "sp": "Customer"}, {"s": 258618, "e": 262460, "w": "您 可以 先前 预约 一下 然后 这边 尽快 帮 您 安排 司机 去", "sp": "Agent"}, {"s": 262320, "e": 262548, "w": "我", "sp": "Customer"}, {"s": 262460, "e": 262810, "w": "联系", "sp": "Agent"}, {"s": 262548, "e": 263462, "w": "是 在 那个", "sp": "Customer"}, {"s": 263280, "e": 263468, "w": "在", "sp": "Agent"}, {"s": 263462, "e": 263690, "w": "天", "sp": "Customer"}, {"s": 263468, "e": 263844, "w": "那个", "sp": "Agent"}, {"s": 263690, "e": 263919, "w": "猫", "sp": "Customer"}, {"s": 263844, "e": 264031, "w": "天", "sp": "Agent"}, {"s": 263919, "e": 264376, "w": "上面", "sp": "Customer"}, {"s": 264032, "e": 264597, "w": "猫 上面", "sp": "Agent"}, {"s": 264376, "e": 264833, "w": "预约", "sp": "Customer"}, {"s": 264597, "e": 264973, "w": "预约", "sp": "Agent"}, {"s": 264833, "e": 265061, "w": "是", "sp": "Customer"}, {"s": 264973, "e": 265160, "w": "是", "sp": "Agent"}, {"s": 265061, "e": 265290, "w": "吧", "sp": "Customer"}, {"s": 265161, "e": 273630, "w": "吧 啊 对 对 对 您 就 天 猫 进 线 预约 您 说 呃 预约 活动 预约 设计师 然后 这边 的话 呃 会 有 客服 然后 联系 的 接待 您 的", "sp": "Agent"}, {"s": 273640, "e": 275420, "w": "好好 好好", "sp": "Customer"}, {"s": 274590, "e": 277210, "w": "嗯 嗯 嗯 好好 嗯 好 嗯 好 再见", "sp": "Agent"}]}, "aqm": {"greeting": {"greeting_said": "客服", "n_greeting_said": 1, "score": 0}, "closing": {"closing_said": "您, 再见", "n_closing_said": 2, "score": 0}, "speed": {"speed_max": 5.73, "n_words": 8, "words": "朱 是 吧 朱元璋 的 朱", "start": 253730, "end": 255125}}}