{"mediaId": "2022031314010770708747432878303001", "status": "Success", "dateCreated": "2022-03-21T18:45:50Z", "contentType": "audio/x-wav", "channels": "future use", "length": 47, "metadata": {"Sid": 10001, "Site_id": 783, "Audio_ch_num": 87474328, "Audio_module_num": 783002, "Audio_start_time_gmt": "2022-03-13T06:01:07.707+08:00", "Transaction_id": "2022031314010770708747432878303001", "ContactID": "9144800566770000301", "Personal_id": "0", "Direction": 2, "Local_audio_start_time": "2022-03-13T14:01:07.707+08:00", "Local_audio_end_time": "2022-03-13T14:01:54.707+08:00", "Total_hold_time": "0", "Pbx_login_id": "800050", "Ani": "600059", "Extension": "600059", "String_extension": "600059", "Switch_call_id": "006f0330e46d4f6c", "Switch_id": "783000001", "Duration_seconds": 47, "Wrapup_time_in_seconds": "0", "Dnis": "13970320038", "Number_of_conferences": "0", "Number_of_holds": "0", "Number_of_transfers": "0", "Percent_of_agent_call": "24", "Percent_of_other_call": "7", "Percent_of_mutual_silence": "11", "Num_of_agent_cross": "5", "Num_of_other_cross": "2", "IsException": 0, "CD2": "013GVT56OG919AP72LUHVB5AES000CBI"}, "transcript_detailed": {"words": [{"p": 1, "c": 0.9, "s": 0, "e": 610, "w": "喂", "sp": "Customer"}, {"p": 2, "c": 0.9, "s": 360, "e": 562, "w": "嗯", "sp": "Agent"}, {"p": 3, "c": 0.9, "s": 562, "e": 967, "w": "您好", "sp": "Agent"}, {"p": 4, "c": 0.9, "s": 968, "e": 1170, "w": "陈", "sp": "Agent"}, {"p": 5, "c": 0.9, "s": 1170, "e": 1576, "w": "先生", "sp": "Agent"}, {"p": 6, "c": 0.9, "s": 1576, "e": 1778, "w": "嗯", "sp": "Agent"}, {"p": 7, "c": 0.9, "s": 1778, "e": 2184, "w": "这边", "sp": "Agent"}, {"p": 8, "c": 0.9, "s": 2120, "e": 3159, "w": "对", "sp": "Customer"}, {"p": 9, "c": 0.9, "s": 2184, "e": 2386, "w": "是", "sp": "Agent"}, {"p": 10, "c": 0.9, "s": 2386, "e": 2791, "w": "大厅", "sp": "Agent"}, {"p": 11, "c": 0.9, "s": 2792, "e": 3197, "w": "空调", "sp": "Agent"}, {"p": 12, "c": 0.9, "s": 3197, "e": 3602, "w": "厂房", "sp": "Agent"}, {"p": 13, "c": 0.9, "s": 3602, "e": 4008, "w": "客服", "sp": "Agent"}, {"p": 14, "c": 0.9, "s": 4008, "e": 4413, "w": "中心", "sp": "Agent"}, {"p": 15, "c": 0.9, "s": 4413, "e": 4616, "w": "嗯", "sp": "Agent"}, {"p": 16, "c": 0.9, "s": 4616, "e": 4818, "w": "陈", "sp": "Agent"}, {"p": 17, "c": 0.9, "s": 4818, "e": 5224, "w": "先生", "sp": "Agent"}, {"p": 18, "c": 0.9, "s": 5224, "e": 5426, "w": "您", "sp": "Agent"}, {"p": 19, "c": 0.9, "s": 5426, "e": 5832, "w": "现在", "sp": "Agent"}, {"p": 20, "c": 0.9, "s": 5832, "e": 6237, "w": "有空", "sp": "Agent"}, {"p": 21, "c": 0.9, "s": 6237, "e": 6440, "w": "吗", "sp": "Agent"}, {"p": 22, "c": 0.9, "s": 6520, "e": 7020, "w": "嗯", "sp": "Customer"}, {"p": 23, "c": 0.9, "s": 7020, "e": 8020, "w": "干嘛", "sp": "Customer"}, {"p": 24, "c": 0.9, "s": 7620, "e": 7802, "w": "嗯", "sp": "Agent"}, {"p": 25, "c": 0.9, "s": 7802, "e": 7985, "w": "好", "sp": "Agent"}, {"p": 26, "c": 0.9, "s": 7985, "e": 8168, "w": "的", "sp": "Agent"}, {"p": 27, "c": 0.9, "s": 8168, "e": 8533, "w": "这边", "sp": "Agent"}, {"p": 28, "c": 0.9, "s": 8533, "e": 8716, "w": "是", "sp": "Agent"}, {"p": 29, "c": 0.9, "s": 8716, "e": 8898, "w": "想", "sp": "Agent"}, {"p": 30, "c": 0.9, "s": 8899, "e": 9082, "w": "跟", "sp": "Agent"}, {"p": 31, "c": 0.9, "s": 9082, "e": 9264, "w": "您", "sp": "Agent"}, {"p": 32, "c": 0.9, "s": 9264, "e": 9630, "w": "确认", "sp": "Agent"}, {"p": 33, "c": 0.9, "s": 9630, "e": 9995, "w": "一下", "sp": "Agent"}, {"p": 34, "c": 0.9, "s": 9995, "e": 10177, "w": "您", "sp": "Agent"}, {"p": 35, "c": 0.9, "s": 10178, "e": 10544, "w": "近期", "sp": "Agent"}, {"p": 36, "c": 0.9, "s": 10544, "e": 10726, "w": "是", "sp": "Agent"}, {"p": 37, "c": 0.9, "s": 10726, "e": 10908, "w": "想", "sp": "Agent"}, {"p": 38, "c": 0.9, "s": 10909, "e": 11275, "w": "了解", "sp": "Agent"}, {"p": 39, "c": 0.9, "s": 11275, "e": 11639, "w": "一下", "sp": "Agent"}, {"p": 40, "c": 0.9, "s": 11640, "e": 12006, "w": "家用", "sp": "Agent"}, {"p": 41, "c": 0.9, "s": 12006, "e": 12188, "w": "装", "sp": "Agent"}, {"p": 42, "c": 0.9, "s": 12188, "e": 12554, "w": "空调", "sp": "Agent"}, {"p": 43, "c": 0.9, "s": 12554, "e": 12737, "w": "是", "sp": "Agent"}, {"p": 44, "c": 0.9, "s": 12737, "e": 12920, "w": "吗", "sp": "Agent"}, {"p": 45, "c": 0.9, "s": 13140, "e": 13362, "w": "等", "sp": "Customer"}, {"p": 46, "c": 0.9, "s": 13362, "e": 13806, "w": "空调", "sp": "Customer"}, {"p": 47, "c": 0.9, "s": 13806, "e": 14028, "w": "我", "sp": "Customer"}, {"p": 48, "c": 0.9, "s": 14028, "e": 14250, "w": "是", "sp": "Customer"}, {"p": 49, "c": 0.9, "s": 14250, "e": 14694, "w": "现在", "sp": "Customer"}, {"p": 50, "c": 0.9, "s": 14694, "e": 14916, "w": "还", "sp": "Customer"}, {"p": 51, "c": 0.9, "s": 14916, "e": 15138, "w": "没", "sp": "Customer"}, {"p": 52, "c": 0.9, "s": 15138, "e": 15360, "w": "还", "sp": "Customer"}, {"p": 53, "c": 0.9, "s": 15360, "e": 15582, "w": "没", "sp": "Customer"}, {"p": 54, "c": 0.9, "s": 15582, "e": 16025, "w": "开始", "sp": "Customer"}, {"p": 55, "c": 0.9, "s": 16025, "e": 16247, "w": "啊", "sp": "Customer"}, {"p": 56, "c": 0.9, "s": 16120, "e": 16308, "w": "嗯", "sp": "Agent"}, {"p": 57, "c": 0.9, "s": 16247, "e": 16470, "w": "对", "sp": "Customer"}, {"p": 58, "c": 0.9, "s": 16308, "e": 16496, "w": "好", "sp": "Agent"}, {"p": 59, "c": 0.9, "s": 16496, "e": 16684, "w": "的", "sp": "Agent"}, {"p": 60, "c": 0.9, "s": 16684, "e": 16872, "w": "那", "sp": "Agent"}, {"p": 61, "c": 0.9, "s": 16872, "e": 17060, "w": "您", "sp": "Agent"}, {"p": 62, "c": 0.9, "s": 17060, "e": 17435, "w": "这边", "sp": "Agent"}, {"p": 63, "c": 0.9, "s": 17436, "e": 17624, "w": "是", "sp": "Agent"}, {"p": 64, "c": 0.9, "s": 17624, "e": 17813, "w": "还", "sp": "Agent"}, {"p": 65, "c": 0.9, "s": 17813, "e": 18189, "w": "没有", "sp": "Agent"}, {"p": 66, "c": 0.9, "s": 18189, "e": 18564, "w": "暂时", "sp": "Agent"}, {"p": 67, "c": 0.9, "s": 18565, "e": 18941, "w": "开启", "sp": "Agent"}, {"p": 68, "c": 0.9, "s": 18941, "e": 19129, "w": "是", "sp": "Agent"}, {"p": 69, "c": 0.9, "s": 19129, "e": 19317, "w": "吗", "sp": "Agent"}, {"p": 70, "c": 0.9, "s": 19317, "e": 19505, "w": "您", "sp": "Agent"}, {"p": 71, "c": 0.9, "s": 19506, "e": 19882, "w": "这边", "sp": "Agent"}, {"p": 72, "c": 0.9, "s": 19882, "e": 20258, "w": "可以", "sp": "Agent"}, {"p": 73, "c": 0.9, "s": 20258, "e": 20633, "w": "了解", "sp": "Agent"}, {"p": 74, "c": 0.9, "s": 20634, "e": 21010, "w": "一下", "sp": "Agent"}, {"p": 75, "c": 0.9, "s": 21010, "e": 21199, "w": "的", "sp": "Agent"}, {"p": 76, "c": 0.9, "s": 21199, "e": 21574, "w": "这边", "sp": "Agent"}, {"p": 77, "c": 0.9, "s": 21575, "e": 21951, "w": "方便", "sp": "Agent"}, {"p": 78, "c": 0.9, "s": 21951, "e": 22327, "w": "告知", "sp": "Agent"}, {"p": 79, "c": 0.9, "s": 22327, "e": 22703, "w": "一下", "sp": "Agent"}, {"p": 80, "c": 0.9, "s": 22703, "e": 22891, "w": "您", "sp": "Agent"}, {"p": 81, "c": 0.9, "s": 22892, "e": 23268, "w": "这边", "sp": "Agent"}, {"p": 82, "c": 0.9, "s": 23268, "e": 23456, "w": "是", "sp": "Agent"}, {"p": 83, "c": 0.9, "s": 23456, "e": 24019, "w": "江苏省", "sp": "Agent"}, {"p": 84, "c": 0.9, "s": 23560, "e": 24233, "w": "确定", "sp": "Customer"}, {"p": 85, "c": 0.9, "s": 24020, "e": 24585, "w": "江西省", "sp": "Agent"}, {"p": 86, "c": 0.9, "s": 24233, "e": 24570, "w": "是", "sp": "Customer"}, {"p": 87, "c": 0.9, "s": 24585, "e": 25148, "w": "南昌市", "sp": "Agent"}, {"p": 88, "c": 0.9, "s": 25149, "e": 25525, "w": "哪个", "sp": "Agent"}, {"p": 89, "c": 0.9, "s": 25525, "e": 25901, "w": "区县", "sp": "Agent"}, {"p": 90, "c": 0.9, "s": 25901, "e": 26089, "w": "呢", "sp": "Agent"}, {"p": 91, "c": 0.9, "s": 27010, "e": 28060, "w": "嗯", "sp": "Customer"}, {"p": 92, "c": 0.9, "s": 28710, "e": 28924, "w": "喂", "sp": "Customer"}, {"p": 93, "c": 0.9, "s": 28924, "e": 29139, "w": "你", "sp": "Customer"}, {"p": 94, "c": 0.9, "s": 29139, "e": 29568, "w": "现在", "sp": "Customer"}, {"p": 95, "c": 0.9, "s": 29568, "e": 29783, "w": "没", "sp": "Customer"}, {"p": 96, "c": 0.9, "s": 29783, "e": 30212, "w": "时间", "sp": "Customer"}, {"p": 97, "c": 0.9, "s": 30212, "e": 30427, "w": "对", "sp": "Customer"}, {"p": 98, "c": 0.9, "s": 30427, "e": 30857, "w": "不对", "sp": "Customer"}, {"p": 99, "c": 0.9, "s": 30857, "e": 31501, "w": "是不是", "sp": "Customer"}, {"p": 100, "c": 0.9, "s": 30950, "e": 31830, "w": "嗯", "sp": "Agent"}, {"p": 101, "c": 0.9, "s": 31501, "e": 31715, "w": "哎", "sp": "Customer"}, {"p": 102, "c": 0.9, "s": 31715, "e": 32145, "w": "这个", "sp": "Customer"}, {"p": 103, "c": 0.9, "s": 32145, "e": 32360, "w": "是", "sp": "Customer"}, {"p": 104, "c": 0.9, "s": 32150, "e": 32371, "w": "嗯", "sp": "Agent"}, {"p": 105, "c": 0.9, "s": 32370, "e": 32592, "w": "您", "sp": "Agent"}, {"p": 106, "c": 0.9, "s": 32592, "e": 32815, "w": "说", "sp": "Agent"}, {"p": 107, "c": 0.9, "s": 32815, "e": 33259, "w": "什么", "sp": "Agent"}, {"p": 108, "c": 0.9, "s": 33259, "e": 33702, "w": "这边", "sp": "Agent"}, {"p": 109, "c": 0.9, "s": 33702, "e": 33924, "w": "听", "sp": "Agent"}, {"p": 110, "c": 0.9, "s": 33924, "e": 34146, "w": "不", "sp": "Agent"}, {"p": 111, "c": 0.9, "s": 34020, "e": 34253, "w": "呃", "sp": "Customer"}, {"p": 112, "c": 0.9, "s": 34146, "e": 34368, "w": "太", "sp": "Agent"}, {"p": 113, "c": 0.9, "s": 34253, "e": 34487, "w": "我", "sp": "Customer"}, {"p": 114, "c": 0.9, "s": 34368, "e": 34590, "w": "清", "sp": "Agent"}, {"p": 115, "c": 0.9, "s": 34487, "e": 34721, "w": "在", "sp": "Customer"}, {"p": 116, "c": 0.9, "s": 34721, "e": 35188, "w": "这边", "sp": "Customer"}, {"p": 117, "c": 0.9, "s": 35188, "e": 35656, "w": "有事", "sp": "Customer"}, {"p": 118, "c": 0.9, "s": 35550, "e": 35719, "w": "嗯", "sp": "Agent"}, {"p": 119, "c": 0.9, "s": 35656, "e": 35890, "w": "啊", "sp": "Customer"}, {"p": 120, "c": 0.9, "s": 35720, "e": 35891, "w": "好", "sp": "Agent"}, {"p": 121, "c": 0.9, "s": 35891, "e": 36062, "w": "的", "sp": "Agent"}, {"p": 122, "c": 0.9, "s": 36062, "e": 36233, "w": "那", "sp": "Agent"}, {"p": 123, "c": 0.9, "s": 36233, "e": 36404, "w": "那", "sp": "Agent"}, {"p": 124, "c": 0.9, "s": 36404, "e": 36746, "w": "先生", "sp": "Agent"}, {"p": 125, "c": 0.9, "s": 36746, "e": 37259, "w": "要不然", "sp": "Agent"}, {"p": 126, "c": 0.9, "s": 37259, "e": 37600, "w": "这样", "sp": "Agent"}, {"p": 127, "c": 0.9, "s": 37601, "e": 37772, "w": "吧", "sp": "Agent"}, {"p": 128, "c": 0.9, "s": 37772, "e": 38114, "w": "因为", "sp": "Agent"}, {"p": 129, "c": 0.9, "s": 38114, "e": 38454, "w": "这边", "sp": "Agent"}, {"p": 130, "c": 0.9, "s": 38455, "e": 38626, "w": "您", "sp": "Agent"}, {"p": 131, "c": 0.9, "s": 38626, "e": 38968, "w": "提供", "sp": "Agent"}, {"p": 132, "c": 0.9, "s": 38968, "e": 39309, "w": "一下", "sp": "Agent"}, {"p": 133, "c": 0.9, "s": 39310, "e": 39652, "w": "我们", "sp": "Agent"}, {"p": 134, "c": 0.9, "s": 39652, "e": 39994, "w": "这边", "sp": "Agent"}, {"p": 135, "c": 0.9, "s": 39994, "e": 40165, "w": "您", "sp": "Agent"}, {"p": 136, "c": 0.9, "s": 40165, "e": 40336, "w": "是", "sp": "Agent"}, {"p": 137, "c": 0.9, "s": 40336, "e": 40677, "w": "哪个", "sp": "Agent"}, {"p": 138, "c": 0.9, "s": 40678, "e": 40849, "w": "区", "sp": "Agent"}, {"p": 139, "c": 0.9, "s": 40849, "e": 41020, "w": "的", "sp": "Agent"}]}, "plainText": "喂\n嗯 您好 陈 先生 嗯 这边\n对\n是 大厅 空调 厂房 客服 中心 嗯 陈 先生 您 现在 有空 吗\n嗯 干嘛\n嗯 好 的 这边 是 想 跟 您 确认 一下 您 近期 是 想 了解 一下 家用 装 空调 是 吗\n等 空调 我 是 现在 还 没 还 没 开始 啊\n嗯\n对\n好 的 那 您 这边 是 还 没有 暂时 开启 是 吗 您 这边 可以 了解 一下 的 这边 方便 告知 一下 您 这边 是 江苏省\n确定\n江西省\n是\n南昌市 哪个 区县 呢\n嗯 喂 你 现在 没 时间 对 不对 是不是\n嗯\n哎 这个 是\n嗯 您 说 什么 这边 听 不\n呃\n太\n我\n清\n在 这边 有事\n嗯\n啊\n好 的 那 那 先生 要不然 这样 吧 因为 这边 您 提供 一下 我们 这边 您 是 哪个 区 的", "plainTextTime": {"verbatims": [{"s": 0, "e": 610, "w": "喂", "sp": "Customer"}, {"s": 360, "e": 2184, "w": "嗯 您好 陈 先生 嗯 这边", "sp": "Agent"}, {"s": 2120, "e": 3159, "w": "对", "sp": "Customer"}, {"s": 2184, "e": 6440, "w": "是 大厅 空调 厂房 客服 中心 嗯 陈 先生 您 现在 有空 吗", "sp": "Agent"}, {"s": 6520, "e": 8020, "w": "嗯 干嘛", "sp": "Customer"}, {"s": 7620, "e": 12920, "w": "嗯 好 的 这边 是 想 跟 您 确认 一下 您 近期 是 想 了解 一下 家用 装 空调 是 吗", "sp": "Agent"}, {"s": 13140, "e": 16247, "w": "等 空调 我 是 现在 还 没 还 没 开始 啊", "sp": "Customer"}, {"s": 16120, "e": 16308, "w": "嗯", "sp": "Agent"}, {"s": 16247, "e": 16470, "w": "对", "sp": "Customer"}, {"s": 16308, "e": 24019, "w": "好 的 那 您 这边 是 还 没有 暂时 开启 是 吗 您 这边 可以 了解 一下 的 这边 方便 告知 一下 您 这边 是 江苏省", "sp": "Agent"}, {"s": 23560, "e": 24233, "w": "确定", "sp": "Customer"}, {"s": 24020, "e": 24585, "w": "江西省", "sp": "Agent"}, {"s": 24233, "e": 24570, "w": "是", "sp": "Customer"}, {"s": 24585, "e": 26089, "w": "南昌市 哪个 区县 呢", "sp": "Agent"}, {"s": 27010, "e": 31501, "w": "嗯 喂 你 现在 没 时间 对 不对 是不是", "sp": "Customer"}, {"s": 30950, "e": 31830, "w": "嗯", "sp": "Agent"}, {"s": 31501, "e": 32360, "w": "哎 这个 是", "sp": "Customer"}, {"s": 32150, "e": 34146, "w": "嗯 您 说 什么 这边 听 不", "sp": "Agent"}, {"s": 34020, "e": 34253, "w": "呃", "sp": "Customer"}, {"s": 34146, "e": 34368, "w": "太", "sp": "Agent"}, {"s": 34253, "e": 34487, "w": "我", "sp": "Customer"}, {"s": 34368, "e": 34590, "w": "清", "sp": "Agent"}, {"s": 34487, "e": 35656, "w": "在 这边 有事", "sp": "Customer"}, {"s": 35550, "e": 35719, "w": "嗯", "sp": "Agent"}, {"s": 35656, "e": 35890, "w": "啊", "sp": "Customer"}, {"s": 35720, "e": 41020, "w": "好 的 那 那 先生 要不然 这样 吧 因为 这边 您 提供 一下 我们 这边 您 是 哪个 区 的", "sp": "Agent"}]}, "aqm": {"greeting": {"greeting_said": "您好, 先生, 空调, 客服", "n_greeting_said": 4, "score": 1}, "closing": {"closing_said": "您", "n_closing_said": 1, "score": 0}, "speed": {"speed_max": 5.85, "n_words": 31, "words": "好 的 那 那 先生 要不然 这样 吧 因为 这边 您 提供 一下 我们 这边 您 是 哪个 区 的", "start": 35720, "end": 41020}}}