{"mediaId": "2022031317363920808747465978303001", "status": "Success", "dateCreated": "2022-03-21T18:45:50Z", "contentType": "audio/x-wav", "channels": "future use", "length": 25, "metadata": {"Sid": 10182, "Site_id": 783, "Audio_ch_num": 87474659, "Audio_module_num": 783001, "Audio_start_time_gmt": "2022-03-13T09:36:39.207+08:00", "Transaction_id": "2022031317363920808747465978303001", "ContactID": "9144801859920000301", "Personal_id": "0", "Direction": 2, "Local_audio_start_time": "2022-03-13T17:36:39.207+08:00", "Local_audio_end_time": "2022-03-13T17:37:04.207+08:00", "Total_hold_time": "0", "Pbx_login_id": "800053", "Ani": "600062", "Extension": "600062", "String_extension": "600062", "Switch_call_id": "006f0330e46d50f5", "Switch_id": "783000001", "Duration_seconds": 25, "Wrapup_time_in_seconds": "0", "Dnis": "13479486811", "Number_of_conferences": "0", "Number_of_holds": "0", "Number_of_transfers": "0", "Percent_of_agent_call": "9", "Percent_of_other_call": "1", "Percent_of_mutual_silence": "12", "Num_of_agent_cross": "4", "Num_of_other_cross": "2", "IsException": 0, "CD2": "013GVT56OG919AP72LUHVB5AES000CO7"}, "transcript_detailed": {"words": [{"p": 1, "c": 0.9, "s": 0, "e": 640, "w": "你好", "sp": "Customer"}, {"p": 2, "c": 0.9, "s": 190, "e": 389, "w": "哎", "sp": "Agent"}, {"p": 3, "c": 0.9, "s": 389, "e": 787, "w": "您好", "sp": "Agent"}, {"p": 4, "c": 0.9, "s": 787, "e": 1185, "w": "这边", "sp": "Agent"}, {"p": 5, "c": 0.9, "s": 1185, "e": 1384, "w": "是", "sp": "Agent"}, {"p": 6, "c": 0.9, "s": 1384, "e": 1782, "w": "大平", "sp": "Agent"}, {"p": 7, "c": 0.9, "s": 1782, "e": 2179, "w": "空调", "sp": "Agent"}, {"p": 8, "c": 0.9, "s": 2180, "e": 2578, "w": "客服", "sp": "Agent"}, {"p": 9, "c": 0.9, "s": 2578, "e": 2976, "w": "中心", "sp": "Agent"}, {"p": 10, "c": 0.9, "s": 2976, "e": 3374, "w": "请问", "sp": "Agent"}, {"p": 11, "c": 0.9, "s": 3374, "e": 3573, "w": "是", "sp": "Agent"}, {"p": 12, "c": 0.9, "s": 3573, "e": 3771, "w": "张", "sp": "Agent"}, {"p": 13, "c": 0.9, "s": 3772, "e": 4170, "w": "先生", "sp": "Agent"}, {"p": 14, "c": 0.9, "s": 4050, "e": 4320, "w": "哦", "sp": "Customer"}, {"p": 15, "c": 0.9, "s": 4170, "e": 4370, "w": "吗", "sp": "Agent"}, {"p": 16, "c": 0.9, "s": 4320, "e": 4590, "w": "我", "sp": "Customer"}, {"p": 17, "c": 0.9, "s": 4590, "e": 4860, "w": "在", "sp": "Customer"}, {"p": 18, "c": 0.9, "s": 4860, "e": 5400, "w": "开车", "sp": "Customer"}, {"p": 19, "c": 0.9, "s": 5220, "e": 5424, "w": "啊", "sp": "Agent"}, {"p": 20, "c": 0.9, "s": 5400, "e": 5670, "w": "嘞", "sp": "Customer"}, {"p": 21, "c": 0.9, "s": 5425, "e": 5631, "w": "您", "sp": "Agent"}, {"p": 22, "c": 0.9, "s": 5631, "e": 5836, "w": "看", "sp": "Agent"}, {"p": 23, "c": 0.9, "s": 5670, "e": 5940, "w": "哈", "sp": "Customer"}, {"p": 24, "c": 0.9, "s": 5836, "e": 6248, "w": "什么", "sp": "Agent"}, {"p": 25, "c": 0.9, "s": 6248, "e": 6659, "w": "时候", "sp": "Agent"}, {"p": 26, "c": 0.9, "s": 6659, "e": 7069, "w": "方便", "sp": "Agent"}, {"p": 27, "c": 0.9, "s": 7070, "e": 7481, "w": "可能", "sp": "Agent"}, {"p": 28, "c": 0.9, "s": 7481, "e": 7687, "w": "跟", "sp": "Agent"}, {"p": 29, "c": 0.9, "s": 7687, "e": 7892, "w": "您", "sp": "Agent"}, {"p": 30, "c": 0.9, "s": 7893, "e": 8304, "w": "联系", "sp": "Agent"}, {"p": 31, "c": 0.9, "s": 8304, "e": 8510, "w": "呢", "sp": "Agent"}, {"p": 32, "c": 0.9, "s": 8610, "e": 9070, "w": "好好", "sp": "Customer"}, {"p": 33, "c": 0.9, "s": 9070, "e": 9299, "w": "我", "sp": "Customer"}, {"p": 34, "c": 0.9, "s": 9300, "e": 9530, "w": "在", "sp": "Customer"}, {"p": 35, "c": 0.9, "s": 9530, "e": 9990, "w": "开车", "sp": "Customer"}, {"p": 36, "c": 0.9, "s": 9990, "e": 10219, "w": "呢", "sp": "Customer"}, {"p": 37, "c": 0.9, "s": 10000, "e": 10200, "w": "哦", "sp": "Agent"}, {"p": 38, "c": 0.9, "s": 10200, "e": 10400, "w": "好", "sp": "Agent"}, {"p": 39, "c": 0.9, "s": 10220, "e": 10450, "w": "行", "sp": "Customer"}, {"p": 40, "c": 0.9, "s": 10400, "e": 10599, "w": "的", "sp": "Agent"}, {"p": 41, "c": 0.9, "s": 10450, "e": 10679, "w": "吧", "sp": "Customer"}, {"p": 42, "c": 0.9, "s": 10600, "e": 10800, "w": "那", "sp": "Agent"}, {"p": 43, "c": 0.9, "s": 10800, "e": 11200, "w": "晚点", "sp": "Agent"}, {"p": 44, "c": 0.9, "s": 11200, "e": 11400, "w": "跟", "sp": "Agent"}, {"p": 45, "c": 0.9, "s": 11400, "e": 11599, "w": "您", "sp": "Agent"}, {"p": 46, "c": 0.9, "s": 11600, "e": 12000, "w": "联系", "sp": "Agent"}, {"p": 47, "c": 0.9, "s": 12000, "e": 12200, "w": "嗯", "sp": "Agent"}, {"p": 48, "c": 0.9, "s": 12200, "e": 12400, "w": "好", "sp": "Agent"}]}, "plainText": "你好\n哎 您好 这边 是 大平 空调 客服 中心 请问 是 张 先生\n哦\n吗\n我 在 开车\n啊\n嘞\n您 看\n哈\n什么 时候 方便 可能 跟 您 联系 呢\n好好 我 在 开车 呢\n哦 好\n行\n的\n吧\n那 晚点 跟 您 联系 嗯 好", "plainTextTime": {"verbatims": [{"s": 0, "e": 640, "w": "你好", "sp": "Customer"}, {"s": 190, "e": 4170, "w": "哎 您好 这边 是 大平 空调 客服 中心 请问 是 张 先生", "sp": "Agent"}, {"s": 4050, "e": 4320, "w": "哦", "sp": "Customer"}, {"s": 4170, "e": 4370, "w": "吗", "sp": "Agent"}, {"s": 4320, "e": 5400, "w": "我 在 开车", "sp": "Customer"}, {"s": 5220, "e": 5424, "w": "啊", "sp": "Agent"}, {"s": 5400, "e": 5670, "w": "嘞", "sp": "Customer"}, {"s": 5425, "e": 5836, "w": "您 看", "sp": "Agent"}, {"s": 5670, "e": 5940, "w": "哈", "sp": "Customer"}, {"s": 5836, "e": 8510, "w": "什么 时候 方便 可能 跟 您 联系 呢", "sp": "Agent"}, {"s": 8610, "e": 10219, "w": "好好 我 在 开车 呢", "sp": "Customer"}, {"s": 10000, "e": 10400, "w": "哦 好", "sp": "Agent"}, {"s": 10220, "e": 10450, "w": "行", "sp": "Customer"}, {"s": 10400, "e": 10599, "w": "的", "sp": "Agent"}, {"s": 10450, "e": 10679, "w": "吧", "sp": "Customer"}, {"s": 10600, "e": 12400, "w": "那 晚点 跟 您 联系 嗯 好", "sp": "Agent"}]}, "aqm": {"greeting": {"greeting_said": "您好, 空调, 客服, 请问, 先生", "n_greeting_said": 5, "score": 1}, "closing": {"closing_said": "您", "n_closing_said": 1, "score": 0}, "speed": {"speed_max": 5.03, "n_words": 20, "words": "哎 您好 这边 是 大平 空调 客服 中心 请问 是 张 先生", "start": 190, "end": 4170}}}