{"mediaId": "2022031314283446608747439078303001", "status": "Success", "dateCreated": "2022-03-21T18:45:50Z", "contentType": "audio/x-wav", "channels": "future use", "length": 56, "metadata": {"Sid": 10034, "Site_id": 783, "Audio_ch_num": 87474390, "Audio_module_num": 783001, "Audio_start_time_gmt": "2022-03-13T06:28:34.467+08:00", "Transaction_id": "2022031314283446608747439078303001", "ContactID": "9144800731440000301", "Personal_id": "0", "Direction": 2, "Local_audio_start_time": "2022-03-13T14:28:34.467+08:00", "Local_audio_end_time": "2022-03-13T14:29:30.467+08:00", "Total_hold_time": "0", "Pbx_login_id": "800051", "Ani": "600060", "Extension": "600060", "String_extension": "600060", "Switch_call_id": "006f0330e46d4fb7", "Switch_id": "783000001", "Duration_seconds": 56, "Wrapup_time_in_seconds": "0", "Dnis": "13820661555", "Number_of_conferences": "0", "Number_of_holds": "0", "Number_of_transfers": "0", "Percent_of_agent_call": "20", "Percent_of_other_call": "1", "Percent_of_mutual_silence": "32", "Num_of_agent_cross": "2", "Num_of_other_cross": "0", "IsException": 0, "CD2": "013GVT56OG919AP72LUHVB5AES000CE1"}, "transcript_detailed": {"words": [{"p": 1, "c": 0.9, "s": 3000, "e": 3424, "w": "您好", "sp": "Agent"}, {"p": 2, "c": 0.9, "s": 3424, "e": 3849, "w": "这边", "sp": "Agent"}, {"p": 3, "c": 0.9, "s": 3849, "e": 4061, "w": "是", "sp": "Agent"}, {"p": 4, "c": 0.9, "s": 4061, "e": 4487, "w": "大金", "sp": "Agent"}, {"p": 5, "c": 0.9, "s": 4487, "e": 4911, "w": "空调", "sp": "Agent"}, {"p": 6, "c": 0.9, "s": 4911, "e": 5336, "w": "城邦", "sp": "Agent"}, {"p": 7, "c": 0.9, "s": 5336, "e": 5761, "w": "客服", "sp": "Agent"}, {"p": 8, "c": 0.9, "s": 5761, "e": 6186, "w": "中心", "sp": "Agent"}, {"p": 9, "c": 0.9, "s": 5930, "e": 6470, "w": "喂", "sp": "Customer"}, {"p": 10, "c": 0.9, "s": 6186, "e": 6611, "w": "请问", "sp": "Agent"}, {"p": 11, "c": 0.9, "s": 6470, "e": 7549, "w": "你好", "sp": "Customer"}, {"p": 12, "c": 0.9, "s": 6611, "e": 6823, "w": "您", "sp": "Agent"}, {"p": 13, "c": 0.9, "s": 6823, "e": 7036, "w": "是", "sp": "Agent"}, {"p": 14, "c": 0.9, "s": 7036, "e": 7673, "w": "王先生", "sp": "Agent"}, {"p": 15, "c": 0.9, "s": 7673, "e": 7884, "w": "吗", "sp": "Agent"}, {"p": 16, "c": 0.9, "s": 7830, "e": 9070, "w": "对", "sp": "Customer"}, {"p": 17, "c": 0.9, "s": 7885, "e": 8098, "w": "啊", "sp": "Agent"}, {"p": 18, "c": 0.9, "s": 8097, "e": 8523, "w": "先生", "sp": "Agent"}, {"p": 19, "c": 0.9, "s": 8523, "e": 8948, "w": "您好", "sp": "Agent"}, {"p": 20, "c": 0.9, "s": 8948, "e": 9160, "w": "给", "sp": "Agent"}, {"p": 21, "c": 0.9, "s": 9160, "e": 9372, "w": "您", "sp": "Agent"}, {"p": 22, "c": 0.9, "s": 9372, "e": 9797, "w": "来电", "sp": "Agent"}, {"p": 23, "c": 0.9, "s": 9797, "e": 10010, "w": "是", "sp": "Agent"}, {"p": 24, "c": 0.9, "s": 10010, "e": 10435, "w": "看到", "sp": "Agent"}, {"p": 25, "c": 0.9, "s": 10435, "e": 10647, "w": "您", "sp": "Agent"}, {"p": 26, "c": 0.9, "s": 10647, "e": 11072, "w": "之前", "sp": "Agent"}, {"p": 27, "c": 0.9, "s": 11072, "e": 11283, "w": "在", "sp": "Agent"}, {"p": 28, "c": 0.9, "s": 11284, "e": 11709, "w": "我们", "sp": "Agent"}, {"p": 29, "c": 0.9, "s": 11709, "e": 11922, "w": "的", "sp": "Agent"}, {"p": 30, "c": 0.9, "s": 11922, "e": 12346, "w": "头条", "sp": "Agent"}, {"p": 31, "c": 0.9, "s": 12346, "e": 12559, "w": "抖", "sp": "Agent"}, {"p": 32, "c": 0.9, "s": 12559, "e": 12771, "w": "音", "sp": "Agent"}, {"p": 33, "c": 0.9, "s": 12771, "e": 12984, "w": "上", "sp": "Agent"}, {"p": 34, "c": 0.9, "s": 12984, "e": 13196, "w": "有", "sp": "Agent"}, {"p": 35, "c": 0.9, "s": 13196, "e": 13621, "w": "留下", "sp": "Agent"}, {"p": 36, "c": 0.9, "s": 13621, "e": 14046, "w": "信息", "sp": "Agent"}, {"p": 37, "c": 0.9, "s": 14046, "e": 14257, "w": "想", "sp": "Agent"}, {"p": 38, "c": 0.9, "s": 14258, "e": 14683, "w": "请问", "sp": "Agent"}, {"p": 39, "c": 0.9, "s": 14683, "e": 14896, "w": "您", "sp": "Agent"}, {"p": 40, "c": 0.9, "s": 14896, "e": 15320, "w": "近期", "sp": "Agent"}, {"p": 41, "c": 0.9, "s": 15320, "e": 15533, "w": "是", "sp": "Agent"}, {"p": 42, "c": 0.9, "s": 15533, "e": 15958, "w": "想要", "sp": "Agent"}, {"p": 43, "c": 0.9, "s": 15958, "e": 16382, "w": "了解", "sp": "Agent"}, {"p": 44, "c": 0.9, "s": 16382, "e": 16807, "w": "家用", "sp": "Agent"}, {"p": 45, "c": 0.9, "s": 16807, "e": 17231, "w": "中央", "sp": "Agent"}, {"p": 46, "c": 0.9, "s": 17232, "e": 17657, "w": "空调", "sp": "Agent"}, {"p": 47, "c": 0.9, "s": 17657, "e": 17869, "w": "吗", "sp": "Agent"}, {"p": 48, "c": 0.9, "s": 18640, "e": 20010, "w": "对", "sp": "Customer"}, {"p": 49, "c": 0.9, "s": 19420, "e": 19650, "w": "嗯", "sp": "Agent"}, {"p": 50, "c": 0.9, "s": 19650, "e": 19880, "w": "好", "sp": "Agent"}, {"p": 51, "c": 0.9, "s": 19880, "e": 20109, "w": "嘞", "sp": "Agent"}, {"p": 52, "c": 0.9, "s": 20110, "e": 20340, "w": "嗯", "sp": "Agent"}, {"p": 53, "c": 0.9, "s": 20340, "e": 20800, "w": "这边", "sp": "Agent"}, {"p": 54, "c": 0.9, "s": 20800, "e": 21029, "w": "是", "sp": "Agent"}, {"p": 55, "c": 0.9, "s": 21030, "e": 21260, "w": "想", "sp": "Agent"}, {"p": 56, "c": 0.9, "s": 21260, "e": 21720, "w": "简单", "sp": "Agent"}, {"p": 57, "c": 0.9, "s": 21720, "e": 22179, "w": "了解", "sp": "Agent"}, {"p": 58, "c": 0.9, "s": 22180, "e": 22640, "w": "一下", "sp": "Agent"}, {"p": 59, "c": 0.9, "s": 22480, "e": 22743, "w": "你", "sp": "Customer"}, {"p": 60, "c": 0.9, "s": 22640, "e": 22869, "w": "您", "sp": "Agent"}, {"p": 61, "c": 0.9, "s": 22743, "e": 23006, "w": "那", "sp": "Customer"}, {"p": 62, "c": 0.9, "s": 22870, "e": 23330, "w": "房屋", "sp": "Agent"}, {"p": 63, "c": 0.9, "s": 23006, "e": 23533, "w": "中央", "sp": "Customer"}, {"p": 64, "c": 0.9, "s": 23330, "e": 23560, "w": "的", "sp": "Agent"}, {"p": 65, "c": 0.9, "s": 23533, "e": 24060, "w": "空调", "sp": "Customer"}, {"p": 66, "c": 0.9, "s": 23840, "e": 24730, "w": "嗯", "sp": "Agent"}, {"p": 67, "c": 0.9, "s": 25320, "e": 26300, "w": "什么", "sp": "Customer"}, {"p": 68, "c": 0.9, "s": 26340, "e": 26607, "w": "嗯", "sp": "Agent"}, {"p": 69, "c": 0.9, "s": 26607, "e": 26875, "w": "您", "sp": "Agent"}, {"p": 70, "c": 0.9, "s": 26875, "e": 27143, "w": "是", "sp": "Agent"}, {"p": 71, "c": 0.9, "s": 27143, "e": 27411, "w": "说", "sp": "Agent"}, {"p": 72, "c": 0.9, "s": 27411, "e": 27946, "w": "这边", "sp": "Agent"}, {"p": 73, "c": 0.9, "s": 27947, "e": 28482, "w": "可能", "sp": "Agent"}, {"p": 74, "c": 0.9, "s": 28482, "e": 28750, "w": "是", "sp": "Agent"}, {"p": 75, "c": 0.9, "s": 28750, "e": 29286, "w": "信号", "sp": "Agent"}, {"p": 76, "c": 0.9, "s": 29286, "e": 29821, "w": "有些", "sp": "Agent"}, {"p": 77, "c": 0.9, "s": 29822, "e": 30090, "w": "卡", "sp": "Agent"}]}, "plainText": "您好 这边 是 大金 空调 城邦 客服 中心\n喂\n请问\n你好\n您 是 王先生 吗\n对\n啊 先生 您好 给 您 来电 是 看到 您 之前 在 我们 的 头条 抖 音 上 有 留下 信息 想 请问 您 近期 是 想要 了解 家用 中央 空调 吗\n对\n嗯 好 嘞 嗯 这边 是 想 简单 了解 一下\n你\n您\n那\n房屋\n中央\n的\n空调\n嗯\n什么\n嗯 您 是 说 这边 可能 是 信号 有些 卡", "plainTextTime": {"verbatims": [{"s": 3000, "e": 6186, "w": "您好 这边 是 大金 空调 城邦 客服 中心", "sp": "Agent"}, {"s": 5930, "e": 6470, "w": "喂", "sp": "Customer"}, {"s": 6186, "e": 6611, "w": "请问", "sp": "Agent"}, {"s": 6470, "e": 7549, "w": "你好", "sp": "Customer"}, {"s": 6611, "e": 7884, "w": "您 是 王先生 吗", "sp": "Agent"}, {"s": 7830, "e": 9070, "w": "对", "sp": "Customer"}, {"s": 7885, "e": 17869, "w": "啊 先生 您好 给 您 来电 是 看到 您 之前 在 我们 的 头条 抖 音 上 有 留下 信息 想 请问 您 近期 是 想要 了解 家用 中央 空调 吗", "sp": "Agent"}, {"s": 18640, "e": 20010, "w": "对", "sp": "Customer"}, {"s": 19420, "e": 22640, "w": "嗯 好 嘞 嗯 这边 是 想 简单 了解 一下", "sp": "Agent"}, {"s": 22480, "e": 22743, "w": "你", "sp": "Customer"}, {"s": 22640, "e": 22869, "w": "您", "sp": "Agent"}, {"s": 22743, "e": 23006, "w": "那", "sp": "Customer"}, {"s": 22870, "e": 23330, "w": "房屋", "sp": "Agent"}, {"s": 23006, "e": 23533, "w": "中央", "sp": "Customer"}, {"s": 23330, "e": 23560, "w": "的", "sp": "Agent"}, {"s": 23533, "e": 24060, "w": "空调", "sp": "Customer"}, {"s": 23840, "e": 24730, "w": "嗯", "sp": "Agent"}, {"s": 25320, "e": 26300, "w": "什么", "sp": "Customer"}, {"s": 26340, "e": 30090, "w": "嗯 您 是 说 这边 可能 是 信号 有些 卡", "sp": "Agent"}]}, "aqm": {"greeting": {"greeting_said": "您好, 大金, 空调, 客服, 请问, 先生", "n_greeting_said": 6, "score": 1}, "closing": {"closing_said": "您", "n_closing_said": 1, "score": 0}, "speed": {"speed_max": 4.71, "n_words": 15, "words": "您好 这边 是 大金 空调 城邦 客服 中心", "start": 3000, "end": 6186}}}