{"mediaId": "2022031316050657108747449578303001", "status": "Success", "dateCreated": "2022-03-21T18:45:50Z", "contentType": "audio/x-wav", "channels": "future use", "length": 43, "metadata": {"Sid": 10104, "Site_id": 783, "Audio_ch_num": 87474495, "Audio_module_num": 783001, "Audio_start_time_gmt": "2022-03-13T08:05:06.57+08:00", "Transaction_id": "2022031316050657108747449578303001", "ContactID": "9144801310650000301", "Personal_id": "0", "Direction": 2, "Local_audio_start_time": "2022-03-13T16:05:06.57+08:00", "Local_audio_end_time": "2022-03-13T16:05:49.57+08:00", "Total_hold_time": "0", "Pbx_login_id": "800021", "Ani": "600018", "Extension": "600018", "String_extension": "600018", "Switch_call_id": "006f0330e46d503f", "Switch_id": "783000001", "Duration_seconds": 43, "Wrapup_time_in_seconds": "0", "Dnis": "13901442025", "Number_of_conferences": "0", "Number_of_holds": "0", "Number_of_transfers": "0", "Percent_of_agent_call": "18", "Percent_of_other_call": "6", "Percent_of_mutual_silence": "16", "Num_of_agent_cross": "4", "Num_of_other_cross": "2", "IsException": 0, "CD2": "013GVT56OG919AP72LUHVB5AES000CI9"}, "transcript_detailed": {"words": [{"p": 1, "c": 0.9, "s": 0, "e": 1010, "w": "喂", "sp": "Customer"}, {"p": 2, "c": 0.9, "s": 1130, "e": 1380, "w": "哎", "sp": "Agent"}, {"p": 3, "c": 0.9, "s": 1380, "e": 1880, "w": "您好", "sp": "Agent"}, {"p": 4, "c": 0.9, "s": 1880, "e": 2380, "w": "这边", "sp": "Agent"}, {"p": 5, "c": 0.9, "s": 2380, "e": 2630, "w": "是", "sp": "Agent"}, {"p": 6, "c": 0.9, "s": 2630, "e": 3130, "w": "大兴", "sp": "Agent"}, {"p": 7, "c": 0.9, "s": 3130, "e": 3630, "w": "空调", "sp": "Agent"}, {"p": 8, "c": 0.9, "s": 4670, "e": 5395, "w": "大金", "sp": "Customer"}, {"p": 9, "c": 0.9, "s": 5395, "e": 6120, "w": "空调", "sp": "Customer"}, {"p": 10, "c": 0.9, "s": 5790, "e": 6066, "w": "嗯", "sp": "Agent"}, {"p": 11, "c": 0.9, "s": 6066, "e": 6620, "w": "就是", "sp": "Agent"}, {"p": 12, "c": 0.9, "s": 6620, "e": 6896, "w": "想", "sp": "Agent"}, {"p": 13, "c": 0.9, "s": 6896, "e": 7173, "w": "跟", "sp": "Agent"}, {"p": 14, "c": 0.9, "s": 7173, "e": 7450, "w": "你", "sp": "Agent"}, {"p": 15, "c": 0.9, "s": 7840, "e": 8083, "w": "做", "sp": "Agent"}, {"p": 16, "c": 0.9, "s": 8083, "e": 8326, "w": "个", "sp": "Agent"}, {"p": 17, "c": 0.9, "s": 8326, "e": 8812, "w": "回访", "sp": "Agent"}, {"p": 18, "c": 0.9, "s": 8812, "e": 9055, "w": "前", "sp": "Agent"}, {"p": 19, "c": 0.9, "s": 9055, "e": 9298, "w": "有", "sp": "Agent"}, {"p": 20, "c": 0.9, "s": 9298, "e": 9784, "w": "安排", "sp": "Agent"}, {"p": 21, "c": 0.9, "s": 9784, "e": 10513, "w": "经销商", "sp": "Agent"}, {"p": 22, "c": 0.9, "s": 10513, "e": 11000, "w": "这里", "sp": "Agent"}, {"p": 23, "c": 0.9, "s": 11290, "e": 11526, "w": "你", "sp": "Agent"}, {"p": 24, "c": 0.9, "s": 11526, "e": 11998, "w": "现在", "sp": "Agent"}, {"p": 25, "c": 0.9, "s": 11998, "e": 12471, "w": "空调", "sp": "Agent"}, {"p": 26, "c": 0.9, "s": 12470, "e": 12703, "w": "哦", "sp": "Customer"}, {"p": 27, "c": 0.9, "s": 12471, "e": 12707, "w": "定", "sp": "Agent"}, {"p": 28, "c": 0.9, "s": 12703, "e": 12937, "w": "装", "sp": "Customer"}, {"p": 29, "c": 0.9, "s": 12707, "e": 12943, "w": "了", "sp": "Agent"}, {"p": 30, "c": 0.9, "s": 12937, "e": 13171, "w": "好", "sp": "Customer"}, {"p": 31, "c": 0.9, "s": 12943, "e": 13180, "w": "吗", "sp": "Agent"}, {"p": 32, "c": 0.9, "s": 13171, "e": 13405, "w": "了", "sp": "Customer"}, {"p": 33, "c": 0.9, "s": 13405, "e": 13638, "w": "装", "sp": "Customer"}, {"p": 34, "c": 0.9, "s": 13638, "e": 13872, "w": "好", "sp": "Customer"}, {"p": 35, "c": 0.9, "s": 13872, "e": 14106, "w": "了", "sp": "Customer"}, {"p": 36, "c": 0.9, "s": 14106, "e": 14340, "w": "嗯", "sp": "Customer"}, {"p": 37, "c": 0.9, "s": 15110, "e": 15375, "w": "嗯", "sp": "Agent"}, {"p": 38, "c": 0.9, "s": 15375, "e": 15641, "w": "装", "sp": "Agent"}, {"p": 39, "c": 0.9, "s": 15641, "e": 15906, "w": "的", "sp": "Agent"}, {"p": 40, "c": 0.9, "s": 15906, "e": 16172, "w": "是", "sp": "Agent"}, {"p": 41, "c": 0.9, "s": 16172, "e": 16703, "w": "大灯", "sp": "Agent"}, {"p": 42, "c": 0.9, "s": 16340, "e": 16586, "w": "哦", "sp": "Customer"}, {"p": 43, "c": 0.9, "s": 16586, "e": 17080, "w": "不是", "sp": "Customer"}, {"p": 44, "c": 0.9, "s": 16703, "e": 16967, "w": "的", "sp": "Agent"}, {"p": 45, "c": 0.9, "s": 16968, "e": 17234, "w": "是", "sp": "Agent"}, {"p": 46, "c": 0.9, "s": 17080, "e": 17573, "w": "不是", "sp": "Customer"}, {"p": 47, "c": 0.9, "s": 17234, "e": 17500, "w": "吧", "sp": "Agent"}, {"p": 48, "c": 0.9, "s": 17573, "e": 18066, "w": "不是", "sp": "Customer"}, {"p": 49, "c": 0.9, "s": 18066, "e": 18560, "w": "不是", "sp": "Customer"}, {"p": 50, "c": 0.9, "s": 20250, "e": 20427, "w": "好", "sp": "Agent"}, {"p": 51, "c": 0.9, "s": 20427, "e": 20604, "w": "的", "sp": "Agent"}, {"p": 52, "c": 0.9, "s": 20604, "e": 20959, "w": "冒昧", "sp": "Agent"}, {"p": 53, "c": 0.9, "s": 20959, "e": 21136, "w": "问", "sp": "Agent"}, {"p": 54, "c": 0.9, "s": 21136, "e": 21491, "w": "一下", "sp": "Agent"}, {"p": 55, "c": 0.9, "s": 21491, "e": 21668, "w": "装", "sp": "Agent"}, {"p": 56, "c": 0.9, "s": 21668, "e": 21845, "w": "的", "sp": "Agent"}, {"p": 57, "c": 0.9, "s": 21846, "e": 22023, "w": "是", "sp": "Agent"}, {"p": 58, "c": 0.9, "s": 22023, "e": 22378, "w": "哪个", "sp": "Agent"}, {"p": 59, "c": 0.9, "s": 22360, "e": 22622, "w": "呃", "sp": "Customer"}, {"p": 60, "c": 0.9, "s": 22378, "e": 22732, "w": "品牌", "sp": "Agent"}, {"p": 61, "c": 0.9, "s": 22622, "e": 22883, "w": "我", "sp": "Customer"}, {"p": 62, "c": 0.9, "s": 22732, "e": 22910, "w": "呀", "sp": "Agent"}, {"p": 63, "c": 0.9, "s": 22884, "e": 23146, "w": "我", "sp": "Customer"}, {"p": 64, "c": 0.9, "s": 23146, "e": 23409, "w": "我", "sp": "Customer"}, {"p": 65, "c": 0.9, "s": 23409, "e": 23671, "w": "也", "sp": "Customer"}, {"p": 66, "c": 0.9, "s": 23671, "e": 23932, "w": "不", "sp": "Customer"}, {"p": 67, "c": 0.9, "s": 23933, "e": 24458, "w": "清楚", "sp": "Customer"}, {"p": 68, "c": 0.9, "s": 24458, "e": 25245, "w": "家里人", "sp": "Customer"}, {"p": 69, "c": 0.9, "s": 25245, "e": 25770, "w": "进来", "sp": "Customer"}, {"p": 70, "c": 0.9, "s": 26840, "e": 27041, "w": "哦", "sp": "Agent"}, {"p": 71, "c": 0.9, "s": 27041, "e": 27242, "w": "哦", "sp": "Agent"}, {"p": 72, "c": 0.9, "s": 27242, "e": 27443, "w": "哦", "sp": "Agent"}, {"p": 73, "c": 0.9, "s": 27443, "e": 27644, "w": "好", "sp": "Agent"}, {"p": 74, "c": 0.9, "s": 27644, "e": 27845, "w": "的", "sp": "Agent"}, {"p": 75, "c": 0.9, "s": 27845, "e": 28247, "w": "了解", "sp": "Agent"}, {"p": 76, "c": 0.9, "s": 28247, "e": 28650, "w": "了解", "sp": "Agent"}, {"p": 77, "c": 0.9, "s": 28650, "e": 28851, "w": "嗯", "sp": "Agent"}, {"p": 78, "c": 0.9, "s": 28851, "e": 29052, "w": "那", "sp": "Agent"}, {"p": 79, "c": 0.9, "s": 29052, "e": 29454, "w": "这边", "sp": "Agent"}, {"p": 80, "c": 0.9, "s": 29300, "e": 29894, "w": "嗯", "sp": "Customer"}, {"p": 81, "c": 0.9, "s": 29454, "e": 29655, "w": "不", "sp": "Agent"}, {"p": 82, "c": 0.9, "s": 29655, "e": 30057, "w": "打扰", "sp": "Agent"}, {"p": 83, "c": 0.9, "s": 29895, "e": 30490, "w": "好", "sp": "Customer"}, {"p": 84, "c": 0.9, "s": 30057, "e": 30258, "w": "您", "sp": "Agent"}, {"p": 85, "c": 0.9, "s": 30258, "e": 30460, "w": "了", "sp": "Agent"}, {"p": 86, "c": 0.9, "s": 31210, "e": 31592, "w": "嗯", "sp": "Agent"}, {"p": 87, "c": 0.9, "s": 31592, "e": 31974, "w": "嗯", "sp": "Agent"}, {"p": 88, "c": 0.9, "s": 31974, "e": 32356, "w": "好", "sp": "Agent"}, {"p": 89, "c": 0.9, "s": 32355, "e": 33120, "w": "再见", "sp": "Agent"}]}, "plainText": "喂\n哎 您好 这边 是 大兴 空调\n大金 空调\n嗯 就是 想 跟 你 做 个 回访 前 有 安排 经销商 这里 你 现在 空调\n哦\n定\n装\n了\n好\n吗\n了 装 好 了 嗯\n嗯 装 的 是 大灯\n哦 不是\n的 是\n不是\n吧\n不是 不是\n好 的 冒昧 问 一下 装 的 是 哪个\n呃\n品牌\n我\n呀\n我 我 也 不 清楚 家里人 进来\n哦 哦 哦 好 的 了解 了解 嗯 那 这边\n嗯\n不 打扰\n好\n您 了 嗯 嗯 好 再见", "plainTextTime": {"verbatims": [{"s": 0, "e": 1010, "w": "喂", "sp": "Customer"}, {"s": 1130, "e": 3630, "w": "哎 您好 这边 是 大兴 空调", "sp": "Agent"}, {"s": 4670, "e": 6120, "w": "大金 空调", "sp": "Customer"}, {"s": 5790, "e": 12471, "w": "嗯 就是 想 跟 你 做 个 回访 前 有 安排 经销商 这里 你 现在 空调", "sp": "Agent"}, {"s": 12470, "e": 12703, "w": "哦", "sp": "Customer"}, {"s": 12471, "e": 12707, "w": "定", "sp": "Agent"}, {"s": 12703, "e": 12937, "w": "装", "sp": "Customer"}, {"s": 12707, "e": 12943, "w": "了", "sp": "Agent"}, {"s": 12937, "e": 13171, "w": "好", "sp": "Customer"}, {"s": 12943, "e": 13180, "w": "吗", "sp": "Agent"}, {"s": 13171, "e": 14340, "w": "了 装 好 了 嗯", "sp": "Customer"}, {"s": 15110, "e": 16703, "w": "嗯 装 的 是 大灯", "sp": "Agent"}, {"s": 16340, "e": 17080, "w": "哦 不是", "sp": "Customer"}, {"s": 16703, "e": 17234, "w": "的 是", "sp": "Agent"}, {"s": 17080, "e": 17573, "w": "不是", "sp": "Customer"}, {"s": 17234, "e": 17500, "w": "吧", "sp": "Agent"}, {"s": 17573, "e": 18560, "w": "不是 不是", "sp": "Customer"}, {"s": 20250, "e": 22378, "w": "好 的 冒昧 问 一下 装 的 是 哪个", "sp": "Agent"}, {"s": 22360, "e": 22622, "w": "呃", "sp": "Customer"}, {"s": 22378, "e": 22732, "w": "品牌", "sp": "Agent"}, {"s": 22622, "e": 22883, "w": "我", "sp": "Customer"}, {"s": 22732, "e": 22910, "w": "呀", "sp": "Agent"}, {"s": 22884, "e": 25770, "w": "我 我 也 不 清楚 家里人 进来", "sp": "Customer"}, {"s": 26840, "e": 29454, "w": "哦 哦 哦 好 的 了解 了解 嗯 那 这边", "sp": "Agent"}, {"s": 29300, "e": 29894, "w": "嗯", "sp": "Customer"}, {"s": 29454, "e": 30057, "w": "不 打扰", "sp": "Agent"}, {"s": 29895, "e": 30490, "w": "好", "sp": "Customer"}, {"s": 30057, "e": 33120, "w": "您 了 嗯 嗯 好 再见", "sp": "Agent"}]}, "aqm": {"greeting": {"greeting_said": "您好, 空调", "n_greeting_said": 2, "score": 0}, "closing": {"closing_said": "您, 再见", "n_closing_said": 2, "score": 0}, "speed": {"speed_max": 5.64, "n_words": 12, "words": "好 的 冒昧 问 一下 装 的 是 哪个", "start": 20250, "end": 22378}}}