{"mediaId": "2022031316095137408747450178303001", "status": "Success", "dateCreated": "2022-03-21T18:45:50Z", "contentType": "audio/x-wav", "channels": "future use", "length": 53, "metadata": {"Sid": 10109, "Site_id": 783, "Audio_ch_num": 87474501, "Audio_module_num": 783002, "Audio_start_time_gmt": "2022-03-13T08:09:51.373+08:00", "Transaction_id": "2022031316095137408747450178303001", "ContactID": "9144801339130000301", "Personal_id": "0", "Direction": 2, "Local_audio_start_time": "2022-03-13T16:09:51.373+08:00", "Local_audio_end_time": "2022-03-13T16:10:44.373+08:00", "Total_hold_time": "0", "Pbx_login_id": "800051", "Ani": "600060", "Extension": "600060", "String_extension": "600060", "Switch_call_id": "006f0330e46d5045", "Switch_id": "783000001", "Duration_seconds": 53, "Wrapup_time_in_seconds": "0", "Dnis": "13206310096", "Number_of_conferences": "0", "Number_of_holds": "0", "Number_of_transfers": "0", "Percent_of_agent_call": "25", "Percent_of_other_call": "10", "Percent_of_mutual_silence": "11", "Num_of_agent_cross": "5", "Num_of_other_cross": "4", "IsException": 0, "CD2": "013GVT56OG919AP72LUHVB5AES000CIF"}, "transcript_detailed": {"words": [{"p": 1, "c": 0.9, "s": 0, "e": 220, "w": "喂", "sp": "Customer"}, {"p": 2, "c": 0.9, "s": 220, "e": 659, "w": "你好", "sp": "Customer"}, {"p": 3, "c": 0.9, "s": 520, "e": 736, "w": "嗯", "sp": "Agent"}, {"p": 4, "c": 0.9, "s": 736, "e": 1170, "w": "你好", "sp": "Agent"}, {"p": 5, "c": 0.9, "s": 1170, "e": 1385, "w": "我", "sp": "Agent"}, {"p": 6, "c": 0.9, "s": 1386, "e": 1820, "w": "这边", "sp": "Agent"}, {"p": 7, "c": 0.9, "s": 1820, "e": 2036, "w": "是", "sp": "Agent"}, {"p": 8, "c": 0.9, "s": 2036, "e": 2470, "w": "大兴", "sp": "Agent"}, {"p": 9, "c": 0.9, "s": 2470, "e": 2903, "w": "空调", "sp": "Agent"}, {"p": 10, "c": 0.9, "s": 2903, "e": 3337, "w": "厂房", "sp": "Agent"}, {"p": 11, "c": 0.9, "s": 3280, "e": 4210, "w": "哦", "sp": "Customer"}, {"p": 12, "c": 0.9, "s": 3337, "e": 3770, "w": "客服", "sp": "Agent"}, {"p": 13, "c": 0.9, "s": 3770, "e": 4204, "w": "中心", "sp": "Agent"}, {"p": 14, "c": 0.9, "s": 4204, "e": 4420, "w": "嗯", "sp": "Agent"}, {"p": 15, "c": 0.9, "s": 4420, "e": 4637, "w": "给", "sp": "Agent"}, {"p": 16, "c": 0.9, "s": 4637, "e": 4854, "w": "您", "sp": "Agent"}, {"p": 17, "c": 0.9, "s": 4854, "e": 5287, "w": "来电", "sp": "Agent"}, {"p": 18, "c": 0.9, "s": 5120, "e": 5506, "w": "啊", "sp": "Customer"}, {"p": 19, "c": 0.9, "s": 5287, "e": 5504, "w": "是", "sp": "Agent"}, {"p": 20, "c": 0.9, "s": 5504, "e": 5937, "w": "看到", "sp": "Agent"}, {"p": 21, "c": 0.9, "s": 5506, "e": 6280, "w": "你好", "sp": "Customer"}, {"p": 22, "c": 0.9, "s": 5937, "e": 6154, "w": "嗯", "sp": "Agent"}, {"p": 23, "c": 0.9, "s": 6154, "e": 6371, "w": "给", "sp": "Agent"}, {"p": 24, "c": 0.9, "s": 6371, "e": 6587, "w": "您", "sp": "Agent"}, {"p": 25, "c": 0.9, "s": 6587, "e": 7021, "w": "来电", "sp": "Agent"}, {"p": 26, "c": 0.9, "s": 7021, "e": 7238, "w": "是", "sp": "Agent"}, {"p": 27, "c": 0.9, "s": 7238, "e": 7671, "w": "看到", "sp": "Agent"}, {"p": 28, "c": 0.9, "s": 7671, "e": 7888, "w": "您", "sp": "Agent"}, {"p": 29, "c": 0.9, "s": 7888, "e": 8104, "w": "在", "sp": "Agent"}, {"p": 30, "c": 0.9, "s": 8104, "e": 8538, "w": "我们", "sp": "Agent"}, {"p": 31, "c": 0.9, "s": 8538, "e": 8755, "w": "嗯", "sp": "Agent"}, {"p": 32, "c": 0.9, "s": 8755, "e": 9188, "w": "头条", "sp": "Agent"}, {"p": 33, "c": 0.9, "s": 9188, "e": 9405, "w": "上", "sp": "Agent"}, {"p": 34, "c": 0.9, "s": 9405, "e": 9620, "w": "是", "sp": "Agent"}, {"p": 35, "c": 0.9, "s": 9621, "e": 9838, "w": "有", "sp": "Agent"}, {"p": 36, "c": 0.9, "s": 9838, "e": 10055, "w": "留", "sp": "Agent"}, {"p": 37, "c": 0.9, "s": 10055, "e": 10272, "w": "资", "sp": "Agent"}, {"p": 38, "c": 0.9, "s": 10272, "e": 10488, "w": "的", "sp": "Agent"}, {"p": 39, "c": 0.9, "s": 10488, "e": 10922, "w": "然后", "sp": "Agent"}, {"p": 40, "c": 0.9, "s": 10922, "e": 11355, "w": "这边", "sp": "Agent"}, {"p": 41, "c": 0.9, "s": 11355, "e": 11572, "w": "想", "sp": "Agent"}, {"p": 42, "c": 0.9, "s": 11572, "e": 11789, "w": "跟", "sp": "Agent"}, {"p": 43, "c": 0.9, "s": 11789, "e": 12004, "w": "您", "sp": "Agent"}, {"p": 44, "c": 0.9, "s": 12005, "e": 12439, "w": "确认", "sp": "Agent"}, {"p": 45, "c": 0.9, "s": 12439, "e": 12872, "w": "一下", "sp": "Agent"}, {"p": 46, "c": 0.9, "s": 12872, "e": 13089, "w": "您", "sp": "Agent"}, {"p": 47, "c": 0.9, "s": 13089, "e": 13521, "w": "近期", "sp": "Agent"}, {"p": 48, "c": 0.9, "s": 13522, "e": 13739, "w": "是", "sp": "Agent"}, {"p": 49, "c": 0.9, "s": 13739, "e": 13956, "w": "想", "sp": "Agent"}, {"p": 50, "c": 0.9, "s": 13956, "e": 14389, "w": "了解", "sp": "Agent"}, {"p": 51, "c": 0.9, "s": 14389, "e": 14823, "w": "一下", "sp": "Agent"}, {"p": 52, "c": 0.9, "s": 14823, "e": 15256, "w": "家用", "sp": "Agent"}, {"p": 53, "c": 0.9, "s": 14940, "e": 15183, "w": "嗯", "sp": "Customer"}, {"p": 54, "c": 0.9, "s": 15183, "e": 15427, "w": "我", "sp": "Customer"}, {"p": 55, "c": 0.9, "s": 15256, "e": 15688, "w": "中央", "sp": "Agent"}, {"p": 56, "c": 0.9, "s": 15427, "e": 15671, "w": "就", "sp": "Customer"}, {"p": 57, "c": 0.9, "s": 15671, "e": 15915, "w": "对", "sp": "Customer"}, {"p": 58, "c": 0.9, "s": 15689, "e": 16122, "w": "空调", "sp": "Agent"}, {"p": 59, "c": 0.9, "s": 15915, "e": 16159, "w": "我", "sp": "Customer"}, {"p": 60, "c": 0.9, "s": 16122, "e": 16339, "w": "是", "sp": "Agent"}, {"p": 61, "c": 0.9, "s": 16159, "e": 16403, "w": "就", "sp": "Customer"}, {"p": 62, "c": 0.9, "s": 16403, "e": 16646, "w": "想", "sp": "Customer"}, {"p": 63, "c": 0.9, "s": 16646, "e": 16890, "w": "查", "sp": "Customer"}, {"p": 64, "c": 0.9, "s": 16890, "e": 17378, "w": "一下", "sp": "Customer"}, {"p": 65, "c": 0.9, "s": 17378, "e": 17622, "w": "那", "sp": "Customer"}, {"p": 66, "c": 0.9, "s": 17622, "e": 18110, "w": "威海", "sp": "Customer"}, {"p": 67, "c": 0.9, "s": 18110, "e": 18841, "w": "经销商", "sp": "Customer"}, {"p": 68, "c": 0.9, "s": 18841, "e": 19085, "w": "啊", "sp": "Customer"}, {"p": 69, "c": 0.9, "s": 19085, "e": 19328, "w": "叫", "sp": "Customer"}, {"p": 70, "c": 0.9, "s": 19329, "e": 19816, "w": "什么", "sp": "Customer"}, {"p": 71, "c": 0.9, "s": 19816, "e": 20060, "w": "是", "sp": "Customer"}, {"p": 72, "c": 0.9, "s": 20060, "e": 20303, "w": "哪", "sp": "Customer"}, {"p": 73, "c": 0.9, "s": 20304, "e": 20792, "w": "一家", "sp": "Customer"}, {"p": 74, "c": 0.9, "s": 20792, "e": 21280, "w": "公司", "sp": "Customer"}, {"p": 75, "c": 0.9, "s": 22290, "e": 22491, "w": "嗯", "sp": "Agent"}, {"p": 76, "c": 0.9, "s": 22491, "e": 23094, "w": "经销商", "sp": "Agent"}, {"p": 77, "c": 0.9, "s": 23094, "e": 23496, "w": "的话", "sp": "Agent"}, {"p": 78, "c": 0.9, "s": 23496, "e": 23898, "w": "我们", "sp": "Agent"}, {"p": 79, "c": 0.9, "s": 23898, "e": 24301, "w": "这边", "sp": "Agent"}, {"p": 80, "c": 0.9, "s": 24301, "e": 24502, "w": "会", "sp": "Agent"}, {"p": 81, "c": 0.9, "s": 24502, "e": 24703, "w": "为", "sp": "Agent"}, {"p": 82, "c": 0.9, "s": 24703, "e": 24904, "w": "您", "sp": "Agent"}, {"p": 83, "c": 0.9, "s": 24904, "e": 25306, "w": "就近", "sp": "Agent"}, {"p": 84, "c": 0.9, "s": 25306, "e": 25708, "w": "分配", "sp": "Agent"}, {"p": 85, "c": 0.9, "s": 25708, "e": 25910, "w": "的", "sp": "Agent"}, {"p": 86, "c": 0.9, "s": 26030, "e": 26215, "w": "哦", "sp": "Customer"}, {"p": 87, "c": 0.9, "s": 26215, "e": 26400, "w": "那", "sp": "Customer"}, {"p": 88, "c": 0.9, "s": 26400, "e": 26771, "w": "就算", "sp": "Customer"}, {"p": 89, "c": 0.9, "s": 26771, "e": 26957, "w": "了", "sp": "Customer"}, {"p": 90, "c": 0.9, "s": 26957, "e": 27142, "w": "我", "sp": "Customer"}, {"p": 91, "c": 0.9, "s": 27142, "e": 27513, "w": "刚才", "sp": "Customer"}, {"p": 92, "c": 0.9, "s": 27513, "e": 27698, "w": "打", "sp": "Customer"}, {"p": 93, "c": 0.9, "s": 27698, "e": 28069, "w": "你们", "sp": "Customer"}, {"p": 94, "c": 0.9, "s": 28069, "e": 28440, "w": "那个", "sp": "Customer"}, {"p": 95, "c": 0.9, "s": 28440, "e": 28625, "w": "四", "sp": "Customer"}, {"p": 96, "c": 0.9, "s": 28625, "e": 28996, "w": "零零", "sp": "Customer"}, {"p": 97, "c": 0.9, "s": 28996, "e": 29182, "w": "了", "sp": "Customer"}, {"p": 98, "c": 0.9, "s": 29182, "e": 29366, "w": "他", "sp": "Customer"}, {"p": 99, "c": 0.9, "s": 29367, "e": 29738, "w": "已经", "sp": "Customer"}, {"p": 100, "c": 0.9, "s": 29738, "e": 30109, "w": "分配", "sp": "Customer"}, {"p": 101, "c": 0.9, "s": 30050, "e": 30333, "w": "哦", "sp": "Agent"}, {"p": 102, "c": 0.9, "s": 30109, "e": 30293, "w": "了", "sp": "Customer"}, {"p": 103, "c": 0.9, "s": 30294, "e": 30480, "w": "啊", "sp": "Customer"}, {"p": 104, "c": 0.9, "s": 30333, "e": 30900, "w": "已经", "sp": "Agent"}, {"p": 105, "c": 0.9, "s": 30900, "e": 31466, "w": "分配", "sp": "Agent"}, {"p": 106, "c": 0.9, "s": 31466, "e": 31750, "w": "过", "sp": "Agent"}, {"p": 107, "c": 0.9, "s": 31750, "e": 32033, "w": "了", "sp": "Agent"}, {"p": 108, "c": 0.9, "s": 32033, "e": 32316, "w": "是", "sp": "Agent"}, {"p": 109, "c": 0.9, "s": 32040, "e": 32355, "w": "啊", "sp": "Customer"}, {"p": 110, "c": 0.9, "s": 32316, "e": 32600, "w": "吗", "sp": "Agent"}, {"p": 111, "c": 0.9, "s": 32355, "e": 32986, "w": "刚才", "sp": "Customer"}, {"p": 112, "c": 0.9, "s": 32986, "e": 33301, "w": "我", "sp": "Customer"}, {"p": 113, "c": 0.9, "s": 33301, "e": 33617, "w": "打", "sp": "Customer"}, {"p": 114, "c": 0.9, "s": 33617, "e": 33932, "w": "四", "sp": "Customer"}, {"p": 115, "c": 0.9, "s": 33932, "e": 34563, "w": "零零", "sp": "Customer"}, {"p": 116, "c": 0.9, "s": 34563, "e": 34879, "w": "了", "sp": "Customer"}, {"p": 117, "c": 0.9, "s": 34879, "e": 35194, "w": "好", "sp": "Customer"}, {"p": 118, "c": 0.9, "s": 35120, "e": 35309, "w": "嗯", "sp": "Agent"}, {"p": 119, "c": 0.9, "s": 35194, "e": 35510, "w": "吧", "sp": "Customer"}, {"p": 120, "c": 0.9, "s": 35310, "e": 35500, "w": "嗯", "sp": "Agent"}, {"p": 121, "c": 0.9, "s": 35500, "e": 35690, "w": "好", "sp": "Agent"}, {"p": 122, "c": 0.9, "s": 35690, "e": 35879, "w": "的", "sp": "Agent"}, {"p": 123, "c": 0.9, "s": 35880, "e": 36070, "w": "好", "sp": "Agent"}, {"p": 124, "c": 0.9, "s": 36070, "e": 36261, "w": "的", "sp": "Agent"}, {"p": 125, "c": 0.9, "s": 36261, "e": 36451, "w": "那", "sp": "Agent"}, {"p": 126, "c": 0.9, "s": 36451, "e": 36831, "w": "这边", "sp": "Agent"}, {"p": 127, "c": 0.9, "s": 36831, "e": 37212, "w": "还有", "sp": "Agent"}, {"p": 128, "c": 0.9, "s": 37212, "e": 37592, "w": "其他", "sp": "Agent"}, {"p": 129, "c": 0.9, "s": 37592, "e": 37972, "w": "需求", "sp": "Agent"}, {"p": 130, "c": 0.9, "s": 37972, "e": 38353, "w": "需要", "sp": "Agent"}, {"p": 131, "c": 0.9, "s": 38353, "e": 38733, "w": "这边", "sp": "Agent"}, {"p": 132, "c": 0.9, "s": 38720, "e": 39144, "w": "啊", "sp": "Customer"}, {"p": 133, "c": 0.9, "s": 38733, "e": 39114, "w": "帮忙", "sp": "Agent"}, {"p": 134, "c": 0.9, "s": 39114, "e": 39494, "w": "备注", "sp": "Agent"}, {"p": 135, "c": 0.9, "s": 39144, "e": 39568, "w": "没", "sp": "Customer"}, {"p": 136, "c": 0.9, "s": 39494, "e": 39684, "w": "的", "sp": "Agent"}, {"p": 137, "c": 0.9, "s": 39568, "e": 40841, "w": "有没有", "sp": "Customer"}, {"p": 138, "c": 0.9, "s": 39684, "e": 39873, "w": "吗", "sp": "Agent"}, {"p": 139, "c": 0.9, "s": 39874, "e": 40065, "w": "嗯", "sp": "Agent"}, {"p": 140, "c": 0.9, "s": 40065, "e": 40254, "w": "好", "sp": "Agent"}, {"p": 141, "c": 0.9, "s": 40255, "e": 40445, "w": "的", "sp": "Agent"}, {"p": 142, "c": 0.9, "s": 40445, "e": 40635, "w": "那", "sp": "Agent"}, {"p": 143, "c": 0.9, "s": 40635, "e": 41016, "w": "这边", "sp": "Agent"}, {"p": 144, "c": 0.9, "s": 40841, "e": 41265, "w": "好", "sp": "Customer"}, {"p": 145, "c": 0.9, "s": 41016, "e": 41205, "w": "先", "sp": "Agent"}, {"p": 146, "c": 0.9, "s": 41206, "e": 41396, "w": "不", "sp": "Agent"}, {"p": 147, "c": 0.9, "s": 41265, "e": 41690, "w": "了", "sp": "Customer"}, {"p": 148, "c": 0.9, "s": 41396, "e": 41776, "w": "打扰", "sp": "Agent"}, {"p": 149, "c": 0.9, "s": 41776, "e": 41967, "w": "您", "sp": "Agent"}, {"p": 150, "c": 0.9, "s": 41967, "e": 42156, "w": "了", "sp": "Agent"}, {"p": 151, "c": 0.9, "s": 42157, "e": 42727, "w": "感谢您", "sp": "Agent"}, {"p": 152, "c": 0.9, "s": 42727, "e": 42918, "w": "的", "sp": "Agent"}, {"p": 153, "c": 0.9, "s": 42918, "e": 43298, "w": "接听", "sp": "Agent"}, {"p": 154, "c": 0.9, "s": 43298, "e": 43678, "w": "祝您", "sp": "Agent"}, {"p": 155, "c": 0.9, "s": 43678, "e": 44059, "w": "生活", "sp": "Agent"}, {"p": 156, "c": 0.9, "s": 44059, "e": 44439, "w": "愉快", "sp": "Agent"}, {"p": 157, "c": 0.9, "s": 44439, "e": 44820, "w": "再见", "sp": "Agent"}, {"p": 158, "c": 0.9, "s": 44630, "e": 45610, "w": "好", "sp": "Customer"}]}, "plainText": "喂 你好\n嗯 你好 我 这边 是 大兴 空调 厂房\n哦\n客服 中心 嗯 给 您 来电\n啊\n是 看到\n你好\n嗯 给 您 来电 是 看到 您 在 我们 嗯 头条 上 是 有 留 资 的 然后 这边 想 跟 您 确认 一下 您 近期 是 想 了解 一下 家用\n嗯 我\n中央\n就 对\n空调\n我\n是\n就 想 查 一下 那 威海 经销商 啊 叫 什么 是 哪 一家 公司\n嗯 经销商 的话 我们 这边 会 为 您 就近 分配 的\n哦 那 就算 了 我 刚才 打 你们 那个 四 零零 了 他 已经 分配\n哦\n了 啊\n已经 分配 过 了 是\n啊\n吗\n刚才 我 打 四 零零 了 好\n嗯\n吧\n嗯 好 的 好 的 那 这边 还有 其他 需求 需要 这边\n啊\n帮忙 备注\n没\n的\n有没有\n吗 嗯 好 的 那 这边\n好\n先 不\n了\n打扰 您 了 感谢您 的 接听 祝您 生活 愉快 再见\n好", "plainTextTime": {"verbatims": [{"s": 0, "e": 659, "w": "喂 你好", "sp": "Customer"}, {"s": 520, "e": 3337, "w": "嗯 你好 我 这边 是 大兴 空调 厂房", "sp": "Agent"}, {"s": 3280, "e": 4210, "w": "哦", "sp": "Customer"}, {"s": 3337, "e": 5287, "w": "客服 中心 嗯 给 您 来电", "sp": "Agent"}, {"s": 5120, "e": 5506, "w": "啊", "sp": "Customer"}, {"s": 5287, "e": 5937, "w": "是 看到", "sp": "Agent"}, {"s": 5506, "e": 6280, "w": "你好", "sp": "Customer"}, {"s": 5937, "e": 15256, "w": "嗯 给 您 来电 是 看到 您 在 我们 嗯 头条 上 是 有 留 资 的 然后 这边 想 跟 您 确认 一下 您 近期 是 想 了解 一下 家用", "sp": "Agent"}, {"s": 14940, "e": 15427, "w": "嗯 我", "sp": "Customer"}, {"s": 15256, "e": 15688, "w": "中央", "sp": "Agent"}, {"s": 15427, "e": 15915, "w": "就 对", "sp": "Customer"}, {"s": 15689, "e": 16122, "w": "空调", "sp": "Agent"}, {"s": 15915, "e": 16159, "w": "我", "sp": "Customer"}, {"s": 16122, "e": 16339, "w": "是", "sp": "Agent"}, {"s": 16159, "e": 21280, "w": "就 想 查 一下 那 威海 经销商 啊 叫 什么 是 哪 一家 公司", "sp": "Customer"}, {"s": 22290, "e": 25910, "w": "嗯 经销商 的话 我们 这边 会 为 您 就近 分配 的", "sp": "Agent"}, {"s": 26030, "e": 30109, "w": "哦 那 就算 了 我 刚才 打 你们 那个 四 零零 了 他 已经 分配", "sp": "Customer"}, {"s": 30050, "e": 30333, "w": "哦", "sp": "Agent"}, {"s": 30109, "e": 30480, "w": "了 啊", "sp": "Customer"}, {"s": 30333, "e": 32316, "w": "已经 分配 过 了 是", "sp": "Agent"}, {"s": 32040, "e": 32355, "w": "啊", "sp": "Customer"}, {"s": 32316, "e": 32600, "w": "吗", "sp": "Agent"}, {"s": 32355, "e": 35194, "w": "刚才 我 打 四 零零 了 好", "sp": "Customer"}, {"s": 35120, "e": 35309, "w": "嗯", "sp": "Agent"}, {"s": 35194, "e": 35510, "w": "吧", "sp": "Customer"}, {"s": 35310, "e": 38733, "w": "嗯 好 的 好 的 那 这边 还有 其他 需求 需要 这边", "sp": "Agent"}, {"s": 38720, "e": 39144, "w": "啊", "sp": "Customer"}, {"s": 38733, "e": 39494, "w": "帮忙 备注", "sp": "Agent"}, {"s": 39144, "e": 39568, "w": "没", "sp": "Customer"}, {"s": 39494, "e": 39684, "w": "的", "sp": "Agent"}, {"s": 39568, "e": 40841, "w": "有没有", "sp": "Customer"}, {"s": 39684, "e": 41016, "w": "吗 嗯 好 的 那 这边", "sp": "Agent"}, {"s": 40841, "e": 41265, "w": "好", "sp": "Customer"}, {"s": 41016, "e": 41396, "w": "先 不", "sp": "Agent"}, {"s": 41265, "e": 41690, "w": "了", "sp": "Customer"}, {"s": 41396, "e": 44820, "w": "打扰 您 了 感谢您 的 接听 祝您 生活 愉快 再见", "sp": "Agent"}, {"s": 44630, "e": 45610, "w": "好", "sp": "Customer"}]}, "aqm": {"greeting": {"greeting_said": "空调, 客服", "n_greeting_said": 2, "score": 0}, "closing": {"closing_said": "您, 祝您, 生活, 愉快, 再见", "n_closing_said": 5, "score": 1}, "speed": {"speed_max": 5.26, "n_words": 18, "words": "嗯 好 的 好 的 那 这边 还有 其他 需求 需要 这边", "start": 35310, "end": 38733}}}