{"mediaId": "2022031314110621778300200000538202", "status": "Success", "dateCreated": "2022-03-21T18:45:50Z", "contentType": "audio/x-wav", "channels": "future use", "length": 318, "metadata": {"Sid": 10017, "Site_id": 783, "Audio_ch_num": 5382, "Audio_module_num": 783002, "Audio_start_time_gmt": "2022-03-13T06:05:48.403+08:00", "Transaction_id": "2022031314110621778300200000538202", "ContactID": "9204480062660000022", "Personal_id": "0", "Direction": 0, "Local_audio_start_time": "2022-03-13T14:05:48.403+08:00", "Local_audio_end_time": "2022-03-13T14:11:06.403+08:00", "Total_hold_time": "0", "Pbx_login_id": "", "Ani": "90102155368221", "Extension": "155368221", "String_extension": "90102155368221", "Switch_call_id": "SIP/AUDIO/2F3E1600-46B5-38E9-D5B1-33BB0C333FE5", "Switch_id": "783000001", "Duration_seconds": 318, "Wrapup_time_in_seconds": "0", "Dnis": "18613022836", "Number_of_conferences": "0", "Number_of_holds": "0", "Number_of_transfers": "0", "Percent_of_agent_call": "108", "Percent_of_other_call": "101", "Percent_of_mutual_silence": "62", "Num_of_agent_cross": "38", "Num_of_other_cross": "21", "IsException": 0}, "transcript_detailed": {"words": [{"p": 1, "c": 0.9, "s": 2450, "e": 3050, "w": "六零", "sp": "Agent"}, {"p": 2, "c": 0.9, "s": 3050, "e": 3350, "w": "二", "sp": "Agent"}, {"p": 3, "c": 0.9, "s": 3350, "e": 3949, "w": "六号", "sp": "Agent"}, {"p": 4, "c": 0.9, "s": 3950, "e": 5150, "w": "为您服务", "sp": "Agent"}, {"p": 5, "c": 0.9, "s": 5150, "e": 5750, "w": "下午", "sp": "Agent"}, {"p": 6, "c": 0.9, "s": 5750, "e": 6050, "w": "好", "sp": "Agent"}, {"p": 7, "c": 0.9, "s": 6050, "e": 6350, "w": "到", "sp": "Agent"}, {"p": 8, "c": 0.9, "s": 6350, "e": 6650, "w": "您", "sp": "Agent"}, {"p": 9, "c": 0.9, "s": 6650, "e": 7250, "w": "售后", "sp": "Agent"}, {"p": 10, "c": 0.9, "s": 7250, "e": 7550, "w": "很", "sp": "Agent"}, {"p": 11, "c": 0.9, "s": 7550, "e": 8150, "w": "高兴", "sp": "Agent"}, {"p": 12, "c": 0.9, "s": 8130, "e": 8406, "w": "小", "sp": "Customer"}, {"p": 13, "c": 0.9, "s": 8149, "e": 9349, "w": "为您服务", "sp": "Agent"}, {"p": 14, "c": 0.9, "s": 8406, "e": 8683, "w": "编", "sp": "Customer"}, {"p": 15, "c": 0.9, "s": 8683, "e": 8960, "w": "了", "sp": "Customer"}, {"p": 16, "c": 0.9, "s": 9350, "e": 9950, "w": "请问", "sp": "Agent"}, {"p": 17, "c": 0.9, "s": 9950, "e": 10250, "w": "有", "sp": "Agent"}, {"p": 18, "c": 0.9, "s": 10250, "e": 10850, "w": "什么", "sp": "Agent"}, {"p": 19, "c": 0.9, "s": 10850, "e": 11450, "w": "可以", "sp": "Agent"}, {"p": 20, "c": 0.9, "s": 11450, "e": 12050, "w": "帮助", "sp": "Agent"}, {"p": 21, "c": 0.9, "s": 12050, "e": 12350, "w": "您", "sp": "Agent"}, {"p": 22, "c": 0.9, "s": 12350, "e": 12650, "w": "的", "sp": "Agent"}, {"p": 23, "c": 0.9, "s": 12650, "e": 12950, "w": "吗", "sp": "Agent"}, {"p": 24, "c": 0.9, "s": 13430, "e": 13669, "w": "哎", "sp": "Customer"}, {"p": 25, "c": 0.9, "s": 13669, "e": 14148, "w": "美女", "sp": "Customer"}, {"p": 26, "c": 0.9, "s": 14149, "e": 14388, "w": "我", "sp": "Customer"}, {"p": 27, "c": 0.9, "s": 14388, "e": 14627, "w": "想", "sp": "Customer"}, {"p": 28, "c": 0.9, "s": 14628, "e": 14868, "w": "问", "sp": "Customer"}, {"p": 29, "c": 0.9, "s": 14868, "e": 15347, "w": "一下", "sp": "Customer"}, {"p": 30, "c": 0.9, "s": 15347, "e": 15826, "w": "那个", "sp": "Customer"}, {"p": 31, "c": 0.9, "s": 15826, "e": 16306, "w": "天门", "sp": "Customer"}, {"p": 32, "c": 0.9, "s": 16306, "e": 16545, "w": "的", "sp": "Customer"}, {"p": 33, "c": 0.9, "s": 16545, "e": 17025, "w": "那个", "sp": "Customer"}, {"p": 34, "c": 0.9, "s": 17025, "e": 17504, "w": "你们", "sp": "Customer"}, {"p": 35, "c": 0.9, "s": 17504, "e": 17984, "w": "那个", "sp": "Customer"}, {"p": 36, "c": 0.9, "s": 17984, "e": 18223, "w": "大", "sp": "Customer"}, {"p": 37, "c": 0.9, "s": 18223, "e": 18463, "w": "井", "sp": "Customer"}, {"p": 38, "c": 0.9, "s": 18463, "e": 18942, "w": "空调", "sp": "Customer"}, {"p": 39, "c": 0.9, "s": 18942, "e": 19182, "w": "的", "sp": "Customer"}, {"p": 40, "c": 0.9, "s": 19182, "e": 19661, "w": "那个", "sp": "Customer"}, {"p": 41, "c": 0.9, "s": 19661, "e": 20380, "w": "经销商", "sp": "Customer"}, {"p": 42, "c": 0.9, "s": 20380, "e": 20619, "w": "的", "sp": "Customer"}, {"p": 43, "c": 0.9, "s": 20620, "e": 21100, "w": "电话", "sp": "Customer"}, {"p": 44, "c": 0.9, "s": 21730, "e": 22383, "w": "经销商", "sp": "Agent"}, {"p": 45, "c": 0.9, "s": 22260, "e": 22935, "w": "湖北", "sp": "Customer"}, {"p": 46, "c": 0.9, "s": 22384, "e": 22820, "w": "就是", "sp": "Agent"}, {"p": 47, "c": 0.9, "s": 22820, "e": 23039, "w": "您", "sp": "Agent"}, {"p": 48, "c": 0.9, "s": 22935, "e": 23609, "w": "天门", "sp": "Customer"}, {"p": 49, "c": 0.9, "s": 23039, "e": 23475, "w": "这边", "sp": "Agent"}, {"p": 50, "c": 0.9, "s": 23475, "e": 23693, "w": "是", "sp": "Agent"}, {"p": 51, "c": 0.9, "s": 23693, "e": 24130, "w": "需要", "sp": "Agent"}, {"p": 52, "c": 0.9, "s": 24130, "e": 24566, "w": "购买", "sp": "Agent"}, {"p": 53, "c": 0.9, "s": 24566, "e": 25002, "w": "我们", "sp": "Agent"}, {"p": 54, "c": 0.9, "s": 25002, "e": 25439, "w": "八千", "sp": "Agent"}, {"p": 55, "c": 0.9, "s": 25439, "e": 25657, "w": "的", "sp": "Agent"}, {"p": 56, "c": 0.9, "s": 25657, "e": 26093, "w": "空调", "sp": "Agent"}, {"p": 57, "c": 0.9, "s": 26093, "e": 26311, "w": "是", "sp": "Agent"}, {"p": 58, "c": 0.9, "s": 26311, "e": 26530, "w": "吗", "sp": "Agent"}, {"p": 59, "c": 0.9, "s": 26480, "e": 27529, "w": "对", "sp": "Customer"}, {"p": 60, "c": 0.9, "s": 27480, "e": 27675, "w": "哦", "sp": "Agent"}, {"p": 61, "c": 0.9, "s": 27675, "e": 27869, "w": "那", "sp": "Agent"}, {"p": 62, "c": 0.9, "s": 27870, "e": 28065, "w": "我", "sp": "Agent"}, {"p": 63, "c": 0.9, "s": 28065, "e": 28260, "w": "帮", "sp": "Agent"}, {"p": 64, "c": 0.9, "s": 28260, "e": 28455, "w": "您", "sp": "Agent"}, {"p": 65, "c": 0.9, "s": 28455, "e": 28845, "w": "因为", "sp": "Agent"}, {"p": 66, "c": 0.9, "s": 28845, "e": 29234, "w": "销售", "sp": "Agent"}, {"p": 67, "c": 0.9, "s": 29235, "e": 29430, "w": "有", "sp": "Agent"}, {"p": 68, "c": 0.9, "s": 29430, "e": 29820, "w": "专门", "sp": "Agent"}, {"p": 69, "c": 0.9, "s": 29820, "e": 30015, "w": "的", "sp": "Agent"}, {"p": 70, "c": 0.9, "s": 30015, "e": 30404, "w": "部门", "sp": "Agent"}, {"p": 71, "c": 0.9, "s": 30405, "e": 30795, "w": "负责", "sp": "Agent"}, {"p": 72, "c": 0.9, "s": 30795, "e": 31185, "w": "管理", "sp": "Agent"}, {"p": 73, "c": 0.9, "s": 31185, "e": 31380, "w": "嘛", "sp": "Agent"}, {"p": 74, "c": 0.9, "s": 31380, "e": 31574, "w": "我", "sp": "Agent"}, {"p": 75, "c": 0.9, "s": 31575, "e": 31770, "w": "帮", "sp": "Agent"}, {"p": 76, "c": 0.9, "s": 31770, "e": 31965, "w": "您", "sp": "Agent"}, {"p": 77, "c": 0.9, "s": 31965, "e": 32355, "w": "转接", "sp": "Agent"}, {"p": 78, "c": 0.9, "s": 32355, "e": 32744, "w": "一下", "sp": "Agent"}, {"p": 79, "c": 0.9, "s": 32744, "e": 32940, "w": "由", "sp": "Agent"}, {"p": 80, "c": 0.9, "s": 32940, "e": 33329, "w": "他们", "sp": "Agent"}, {"p": 81, "c": 0.9, "s": 33330, "e": 33525, "w": "帮", "sp": "Agent"}, {"p": 82, "c": 0.9, "s": 33525, "e": 33720, "w": "您", "sp": "Agent"}, {"p": 83, "c": 0.9, "s": 33720, "e": 34110, "w": "处理", "sp": "Agent"}, {"p": 84, "c": 0.9, "s": 34110, "e": 34305, "w": "好", "sp": "Agent"}, {"p": 85, "c": 0.9, "s": 34305, "e": 34500, "w": "吗", "sp": "Agent"}, {"p": 86, "c": 0.9, "s": 34530, "e": 34966, "w": "嗯", "sp": "Customer"}, {"p": 87, "c": 0.9, "s": 34966, "e": 35403, "w": "好", "sp": "Customer"}, {"p": 88, "c": 0.9, "s": 35403, "e": 35840, "w": "的", "sp": "Customer"}, {"p": 89, "c": 0.9, "s": 35420, "e": 35650, "w": "嗯", "sp": "Agent"}, {"p": 90, "c": 0.9, "s": 35651, "e": 35883, "w": "这", "sp": "Agent"}, {"p": 91, "c": 0.9, "s": 35883, "e": 36346, "w": "方面", "sp": "Agent"}, {"p": 92, "c": 0.9, "s": 36346, "e": 36809, "w": "不要", "sp": "Agent"}, {"p": 93, "c": 0.9, "s": 36809, "e": 37272, "w": "挂机", "sp": "Agent"}, {"p": 94, "c": 0.9, "s": 37272, "e": 37503, "w": "请", "sp": "Agent"}, {"p": 95, "c": 0.9, "s": 37503, "e": 37734, "w": "稍", "sp": "Agent"}, {"p": 96, "c": 0.9, "s": 37735, "e": 37966, "w": "等", "sp": "Agent"}, {"p": 97, "c": 0.9, "s": 37966, "e": 38430, "w": "一下", "sp": "Agent"}, {"p": 98, "c": 0.9, "s": 62390, "e": 62540, "w": "不", "sp": "Agent"}, {"p": 99, "c": 0.9, "s": 62540, "e": 62841, "w": "客气", "sp": "Agent"}, {"p": 100, "c": 0.9, "s": 62841, "e": 63142, "w": "您好", "sp": "Agent"}, {"p": 101, "c": 0.9, "s": 63142, "e": 63442, "w": "电话", "sp": "Agent"}, {"p": 102, "c": 0.9, "s": 63443, "e": 63744, "w": "转接", "sp": "Agent"}, {"p": 103, "c": 0.9, "s": 63744, "e": 64045, "w": "成功", "sp": "Agent"}, {"p": 104, "c": 0.9, "s": 64045, "e": 64346, "w": "请问", "sp": "Agent"}, {"p": 105, "c": 0.9, "s": 64346, "e": 64647, "w": "什么", "sp": "Agent"}, {"p": 106, "c": 0.9, "s": 64647, "e": 64948, "w": "可以", "sp": "Agent"}, {"p": 107, "c": 0.9, "s": 64948, "e": 65099, "w": "帮", "sp": "Agent"}, {"p": 108, "c": 0.9, "s": 65099, "e": 65250, "w": "您", "sp": "Agent"}, {"p": 109, "c": 0.9, "s": 65830, "e": 66069, "w": "喂", "sp": "Customer"}, {"p": 110, "c": 0.9, "s": 66069, "e": 66549, "w": "你好", "sp": "Customer"}, {"p": 111, "c": 0.9, "s": 66549, "e": 66788, "w": "哎", "sp": "Customer"}, {"p": 112, "c": 0.9, "s": 66788, "e": 67028, "w": "我", "sp": "Customer"}, {"p": 113, "c": 0.9, "s": 67028, "e": 67268, "w": "想", "sp": "Customer"}, {"p": 114, "c": 0.9, "s": 67268, "e": 67507, "w": "问", "sp": "Customer"}, {"p": 115, "c": 0.9, "s": 67507, "e": 67987, "w": "一下", "sp": "Customer"}, {"p": 116, "c": 0.9, "s": 67987, "e": 68465, "w": "那个", "sp": "Customer"}, {"p": 117, "c": 0.9, "s": 68466, "e": 68945, "w": "天门", "sp": "Customer"}, {"p": 118, "c": 0.9, "s": 68945, "e": 69185, "w": "的", "sp": "Customer"}, {"p": 119, "c": 0.9, "s": 69185, "e": 69665, "w": "就是", "sp": "Customer"}, {"p": 120, "c": 0.9, "s": 69665, "e": 70144, "w": "那个", "sp": "Customer"}, {"p": 121, "c": 0.9, "s": 70144, "e": 70383, "w": "大", "sp": "Customer"}, {"p": 122, "c": 0.9, "s": 70384, "e": 70623, "w": "井", "sp": "Customer"}, {"p": 123, "c": 0.9, "s": 70623, "e": 71103, "w": "空调", "sp": "Customer"}, {"p": 124, "c": 0.9, "s": 71103, "e": 71341, "w": "的", "sp": "Customer"}, {"p": 125, "c": 0.9, "s": 71342, "e": 71822, "w": "那个", "sp": "Customer"}, {"p": 126, "c": 0.9, "s": 71822, "e": 72300, "w": "地下", "sp": "Customer"}, {"p": 127, "c": 0.9, "s": 72301, "e": 72780, "w": "那里", "sp": "Customer"}, {"p": 128, "c": 0.9, "s": 72780, "e": 73020, "w": "的", "sp": "Customer"}, {"p": 129, "c": 0.9, "s": 73020, "e": 73500, "w": "电话", "sp": "Customer"}, {"p": 130, "c": 0.9, "s": 74120, "e": 74288, "w": "那", "sp": "Agent"}, {"p": 131, "c": 0.9, "s": 74288, "e": 74626, "w": "十分", "sp": "Agent"}, {"p": 132, "c": 0.9, "s": 74626, "e": 74964, "w": "抱歉", "sp": "Agent"}, {"p": 133, "c": 0.9, "s": 74964, "e": 75301, "w": "先生", "sp": "Agent"}, {"p": 134, "c": 0.9, "s": 75302, "e": 75470, "w": "我", "sp": "Agent"}, {"p": 135, "c": 0.9, "s": 75470, "e": 75808, "w": "这边", "sp": "Agent"}, {"p": 136, "c": 0.9, "s": 75808, "e": 75977, "w": "是", "sp": "Agent"}, {"p": 137, "c": 0.9, "s": 75977, "e": 76484, "w": "没什么", "sp": "Agent"}, {"p": 138, "c": 0.9, "s": 76484, "e": 76821, "w": "具体", "sp": "Agent"}, {"p": 139, "c": 0.9, "s": 76821, "e": 77159, "w": "变化", "sp": "Agent"}, {"p": 140, "c": 0.9, "s": 77159, "e": 77327, "w": "的", "sp": "Agent"}, {"p": 141, "c": 0.9, "s": 77328, "e": 77497, "w": "您", "sp": "Agent"}, {"p": 142, "c": 0.9, "s": 77497, "e": 77666, "w": "是", "sp": "Agent"}, {"p": 143, "c": 0.9, "s": 77666, "e": 77834, "w": "要", "sp": "Agent"}, {"p": 144, "c": 0.9, "s": 77834, "e": 78172, "w": "购买", "sp": "Agent"}, {"p": 145, "c": 0.9, "s": 78172, "e": 78509, "w": "中央", "sp": "Agent"}, {"p": 146, "c": 0.9, "s": 78510, "e": 78848, "w": "空调", "sp": "Agent"}, {"p": 147, "c": 0.9, "s": 78848, "e": 79185, "w": "还是", "sp": "Agent"}, {"p": 148, "c": 0.9, "s": 79185, "e": 79522, "w": "挂机", "sp": "Agent"}, {"p": 149, "c": 0.9, "s": 79523, "e": 79861, "w": "柜子", "sp": "Agent"}, {"p": 150, "c": 0.9, "s": 79861, "e": 80030, "w": "呢", "sp": "Agent"}, {"p": 151, "c": 0.9, "s": 80100, "e": 80478, "w": "呃", "sp": "Customer"}, {"p": 152, "c": 0.9, "s": 80478, "e": 81233, "w": "中山", "sp": "Customer"}, {"p": 153, "c": 0.9, "s": 81234, "e": 81990, "w": "公园", "sp": "Customer"}, {"p": 154, "c": 0.9, "s": 82040, "e": 82496, "w": "中央", "sp": "Agent"}, {"p": 155, "c": 0.9, "s": 82496, "e": 82953, "w": "空调", "sp": "Agent"}, {"p": 156, "c": 0.9, "s": 82953, "e": 83181, "w": "是", "sp": "Agent"}, {"p": 157, "c": 0.9, "s": 83181, "e": 83409, "w": "吧", "sp": "Agent"}, {"p": 158, "c": 0.9, "s": 83410, "e": 83638, "w": "您", "sp": "Agent"}, {"p": 159, "c": 0.9, "s": 83638, "e": 83866, "w": "是", "sp": "Agent"}, {"p": 160, "c": 0.9, "s": 83866, "e": 84094, "w": "在", "sp": "Agent"}, {"p": 161, "c": 0.9, "s": 84095, "e": 84551, "w": "天门", "sp": "Agent"}, {"p": 162, "c": 0.9, "s": 84551, "e": 84780, "w": "吗", "sp": "Agent"}, {"p": 163, "c": 0.9, "s": 84920, "e": 86070, "w": "对", "sp": "Customer"}, {"p": 164, "c": 0.9, "s": 86320, "e": 86479, "w": "呃", "sp": "Agent"}, {"p": 165, "c": 0.9, "s": 86479, "e": 86639, "w": "您", "sp": "Agent"}, {"p": 166, "c": 0.9, "s": 86639, "e": 86798, "w": "看", "sp": "Agent"}, {"p": 167, "c": 0.9, "s": 86798, "e": 87117, "w": "这样", "sp": "Agent"}, {"p": 168, "c": 0.9, "s": 87117, "e": 87436, "w": "可以", "sp": "Agent"}, {"p": 169, "c": 0.9, "s": 87436, "e": 87596, "w": "吗", "sp": "Agent"}, {"p": 170, "c": 0.9, "s": 87596, "e": 87755, "w": "我", "sp": "Agent"}, {"p": 171, "c": 0.9, "s": 87755, "e": 88075, "w": "这边", "sp": "Agent"}, {"p": 172, "c": 0.9, "s": 88075, "e": 88394, "w": "情况", "sp": "Agent"}, {"p": 173, "c": 0.9, "s": 88394, "e": 88552, "w": "帮", "sp": "Agent"}, {"p": 174, "c": 0.9, "s": 88553, "e": 88713, "w": "您", "sp": "Agent"}, {"p": 175, "c": 0.9, "s": 88713, "e": 89032, "w": "记录", "sp": "Agent"}, {"p": 176, "c": 0.9, "s": 89032, "e": 89351, "w": "一下", "sp": "Agent"}, {"p": 177, "c": 0.9, "s": 89351, "e": 89829, "w": "到时候", "sp": "Agent"}, {"p": 178, "c": 0.9, "s": 89830, "e": 89989, "w": "让", "sp": "Agent"}, {"p": 179, "c": 0.9, "s": 89989, "e": 90149, "w": "他", "sp": "Agent"}, {"p": 180, "c": 0.9, "s": 90149, "e": 90308, "w": "当", "sp": "Agent"}, {"p": 181, "c": 0.9, "s": 90308, "e": 90627, "w": "就是", "sp": "Agent"}, {"p": 182, "c": 0.9, "s": 90627, "e": 90946, "w": "当地", "sp": "Agent"}, {"p": 183, "c": 0.9, "s": 90946, "e": 91106, "w": "的", "sp": "Agent"}, {"p": 184, "c": 0.9, "s": 91106, "e": 91585, "w": "经销商", "sp": "Agent"}, {"p": 185, "c": 0.9, "s": 91585, "e": 91904, "w": "主动", "sp": "Agent"}, {"p": 186, "c": 0.9, "s": 91904, "e": 92223, "w": "联系", "sp": "Agent"}, {"p": 187, "c": 0.9, "s": 92223, "e": 92382, "w": "下", "sp": "Agent"}, {"p": 188, "c": 0.9, "s": 92382, "e": 92542, "w": "您", "sp": "Agent"}, {"p": 189, "c": 0.9, "s": 92542, "e": 92701, "w": "您", "sp": "Agent"}, {"p": 190, "c": 0.9, "s": 92701, "e": 92861, "w": "看", "sp": "Agent"}, {"p": 191, "c": 0.9, "s": 92861, "e": 93180, "w": "可以", "sp": "Agent"}, {"p": 192, "c": 0.9, "s": 93180, "e": 93340, "w": "吗", "sp": "Agent"}, {"p": 193, "c": 0.9, "s": 93380, "e": 93662, "w": "啊", "sp": "Customer"}, {"p": 194, "c": 0.9, "s": 93663, "e": 93946, "w": "这", "sp": "Customer"}, {"p": 195, "c": 0.9, "s": 93946, "e": 94513, "w": "可以", "sp": "Customer"}, {"p": 196, "c": 0.9, "s": 94513, "e": 95080, "w": "可以", "sp": "Customer"}, {"p": 197, "c": 0.9, "s": 95010, "e": 95171, "w": "好", "sp": "Agent"}, {"p": 198, "c": 0.9, "s": 95171, "e": 95333, "w": "的", "sp": "Agent"}, {"p": 199, "c": 0.9, "s": 95333, "e": 95495, "w": "那", "sp": "Agent"}, {"p": 200, "c": 0.9, "s": 95495, "e": 95819, "w": "先生", "sp": "Agent"}, {"p": 201, "c": 0.9, "s": 95819, "e": 96143, "w": "请问", "sp": "Agent"}, {"p": 202, "c": 0.9, "s": 96143, "e": 96465, "w": "怎么", "sp": "Agent"}, {"p": 203, "c": 0.9, "s": 96466, "e": 96790, "w": "称呼", "sp": "Agent"}, {"p": 204, "c": 0.9, "s": 96790, "e": 96952, "w": "您", "sp": "Agent"}, {"p": 205, "c": 0.9, "s": 96952, "e": 97114, "w": "呢", "sp": "Agent"}, {"p": 206, "c": 0.9, "s": 97114, "e": 97276, "w": "您", "sp": "Agent"}, {"p": 207, "c": 0.9, "s": 97276, "e": 97600, "w": "贵姓", "sp": "Agent"}, {"p": 208, "c": 0.9, "s": 98090, "e": 98419, "w": "我", "sp": "Customer"}, {"p": 209, "c": 0.9, "s": 98419, "e": 98748, "w": "姓", "sp": "Customer"}, {"p": 210, "c": 0.9, "s": 98748, "e": 99077, "w": "蒲", "sp": "Customer"}, {"p": 211, "c": 0.9, "s": 99077, "e": 99406, "w": "蒲", "sp": "Customer"}, {"p": 212, "c": 0.9, "s": 99406, "e": 100063, "w": "先生", "sp": "Customer"}, {"p": 213, "c": 0.9, "s": 100064, "e": 101051, "w": "蒲公英", "sp": "Customer"}, {"p": 214, "c": 0.9, "s": 100530, "e": 100695, "w": "好", "sp": "Agent"}, {"p": 215, "c": 0.9, "s": 100695, "e": 100860, "w": "的", "sp": "Agent"}, {"p": 216, "c": 0.9, "s": 100860, "e": 101025, "w": "浦", "sp": "Agent"}, {"p": 217, "c": 0.9, "s": 101025, "e": 101355, "w": "先生", "sp": "Agent"}, {"p": 218, "c": 0.9, "s": 101051, "e": 101380, "w": "蒲", "sp": "Customer"}, {"p": 219, "c": 0.9, "s": 101355, "e": 101520, "w": "嗯", "sp": "Agent"}, {"p": 220, "c": 0.9, "s": 101520, "e": 101685, "w": "好", "sp": "Agent"}, {"p": 221, "c": 0.9, "s": 101685, "e": 101850, "w": "的", "sp": "Agent"}, {"p": 222, "c": 0.9, "s": 101850, "e": 102345, "w": "感谢您", "sp": "Agent"}, {"p": 223, "c": 0.9, "s": 102345, "e": 102510, "w": "对", "sp": "Agent"}, {"p": 224, "c": 0.9, "s": 102510, "e": 102675, "w": "众", "sp": "Agent"}, {"p": 225, "c": 0.9, "s": 102675, "e": 102840, "w": "安", "sp": "Agent"}, {"p": 226, "c": 0.9, "s": 102840, "e": 103170, "w": "产品", "sp": "Agent"}, {"p": 227, "c": 0.9, "s": 103170, "e": 103335, "w": "的", "sp": "Agent"}, {"p": 228, "c": 0.9, "s": 103335, "e": 103665, "w": "支持", "sp": "Agent"}, {"p": 229, "c": 0.9, "s": 103665, "e": 103830, "w": "那", "sp": "Agent"}, {"p": 230, "c": 0.9, "s": 103830, "e": 104160, "w": "请问", "sp": "Agent"}, {"p": 231, "c": 0.9, "s": 104160, "e": 104325, "w": "呃", "sp": "Agent"}, {"p": 232, "c": 0.9, "s": 104325, "e": 104655, "w": "方便", "sp": "Agent"}, {"p": 233, "c": 0.9, "s": 104655, "e": 104985, "w": "的话", "sp": "Agent"}, {"p": 234, "c": 0.9, "s": 104985, "e": 105315, "w": "可以", "sp": "Agent"}, {"p": 235, "c": 0.9, "s": 105315, "e": 105480, "w": "留", "sp": "Agent"}, {"p": 236, "c": 0.9, "s": 105480, "e": 105810, "w": "一个", "sp": "Agent"}, {"p": 237, "c": 0.9, "s": 105810, "e": 106140, "w": "方便", "sp": "Agent"}, {"p": 238, "c": 0.9, "s": 106140, "e": 106470, "w": "联系", "sp": "Agent"}, {"p": 239, "c": 0.9, "s": 106470, "e": 106635, "w": "您", "sp": "Agent"}, {"p": 240, "c": 0.9, "s": 106635, "e": 106800, "w": "的", "sp": "Agent"}, {"p": 241, "c": 0.9, "s": 106800, "e": 107295, "w": "手机号", "sp": "Agent"}, {"p": 242, "c": 0.9, "s": 107295, "e": 107460, "w": "吗", "sp": "Agent"}, {"p": 243, "c": 0.9, "s": 108080, "e": 108575, "w": "这个", "sp": "Customer"}, {"p": 244, "c": 0.9, "s": 108575, "e": 109070, "w": "好像", "sp": "Customer"}, {"p": 245, "c": 0.9, "s": 109070, "e": 109317, "w": "呃", "sp": "Customer"}, {"p": 246, "c": 0.9, "s": 109317, "e": 109565, "w": "幺", "sp": "Customer"}, {"p": 247, "c": 0.9, "s": 109565, "e": 109812, "w": "八", "sp": "Customer"}, {"p": 248, "c": 0.9, "s": 109812, "e": 110060, "w": "六", "sp": "Customer"}, {"p": 249, "c": 0.9, "s": 110260, "e": 110696, "w": "幺", "sp": "Agent"}, {"p": 250, "c": 0.9, "s": 110696, "e": 111132, "w": "八", "sp": "Agent"}, {"p": 251, "c": 0.9, "s": 111133, "e": 111570, "w": "六", "sp": "Agent"}, {"p": 252, "c": 0.9, "s": 111710, "e": 112173, "w": "幺", "sp": "Customer"}, {"p": 253, "c": 0.9, "s": 112173, "e": 112635, "w": "三", "sp": "Customer"}, {"p": 254, "c": 0.9, "s": 112636, "e": 113100, "w": "零", "sp": "Customer"}, {"p": 255, "c": 0.9, "s": 113370, "e": 113800, "w": "幺", "sp": "Agent"}, {"p": 256, "c": 0.9, "s": 113800, "e": 114230, "w": "三", "sp": "Agent"}, {"p": 257, "c": 0.9, "s": 114230, "e": 114660, "w": "零", "sp": "Agent"}, {"p": 258, "c": 0.9, "s": 115050, "e": 116070, "w": "二二八", "sp": "Customer"}, {"p": 259, "c": 0.9, "s": 116070, "e": 116750, "w": "三六", "sp": "Customer"}, {"p": 260, "c": 0.9, "s": 116960, "e": 117635, "w": "二二八", "sp": "Agent"}, {"p": 261, "c": 0.9, "s": 117570, "e": 118036, "w": "嗯", "sp": "Customer"}, {"p": 262, "c": 0.9, "s": 117635, "e": 118085, "w": "三六", "sp": "Agent"}, {"p": 263, "c": 0.9, "s": 118036, "e": 118503, "w": "好", "sp": "Customer"}, {"p": 264, "c": 0.9, "s": 118085, "e": 118310, "w": "好", "sp": "Agent"}, {"p": 265, "c": 0.9, "s": 118310, "e": 118534, "w": "的", "sp": "Agent"}, {"p": 266, "c": 0.9, "s": 118503, "e": 118970, "w": "的", "sp": "Customer"}, {"p": 267, "c": 0.9, "s": 118535, "e": 118985, "w": "了解", "sp": "Agent"}, {"p": 268, "c": 0.9, "s": 118985, "e": 119210, "w": "了", "sp": "Agent"}, {"p": 269, "c": 0.9, "s": 119210, "e": 119435, "w": "呃", "sp": "Agent"}, {"p": 270, "c": 0.9, "s": 119435, "e": 119659, "w": "那", "sp": "Agent"}, {"p": 271, "c": 0.9, "s": 119600, "e": 120305, "w": "对", "sp": "Customer"}, {"p": 272, "c": 0.9, "s": 119660, "e": 120110, "w": "请问", "sp": "Agent"}, {"p": 273, "c": 0.9, "s": 120110, "e": 120335, "w": "您", "sp": "Agent"}, {"p": 274, "c": 0.9, "s": 120305, "e": 121010, "w": "嗯", "sp": "Customer"}, {"p": 275, "c": 0.9, "s": 120335, "e": 120784, "w": "这边", "sp": "Agent"}, {"p": 276, "c": 0.9, "s": 120785, "e": 121010, "w": "是", "sp": "Agent"}, {"p": 277, "c": 0.9, "s": 121010, "e": 121235, "w": "在", "sp": "Agent"}, {"p": 278, "c": 0.9, "s": 121235, "e": 121685, "w": "天门", "sp": "Agent"}, {"p": 279, "c": 0.9, "s": 121685, "e": 122134, "w": "哪个", "sp": "Agent"}, {"p": 280, "c": 0.9, "s": 122135, "e": 122585, "w": "区县", "sp": "Agent"}, {"p": 281, "c": 0.9, "s": 122585, "e": 122810, "w": "呢", "sp": "Agent"}, {"p": 282, "c": 0.9, "s": 122830, "e": 123406, "w": "就是", "sp": "Customer"}, {"p": 283, "c": 0.9, "s": 123406, "e": 123981, "w": "就是", "sp": "Customer"}, {"p": 284, "c": 0.9, "s": 123982, "e": 124558, "w": "前门", "sp": "Customer"}, {"p": 285, "c": 0.9, "s": 124558, "e": 125133, "w": "城市", "sp": "Customer"}, {"p": 286, "c": 0.9, "s": 125134, "e": 125710, "w": "里面", "sp": "Customer"}, {"p": 287, "c": 0.9, "s": 125710, "e": 125998, "w": "前", "sp": "Customer"}, {"p": 288, "c": 0.9, "s": 125998, "e": 126574, "w": "门市", "sp": "Customer"}, {"p": 289, "c": 0.9, "s": 126574, "e": 127149, "w": "里面", "sp": "Customer"}, {"p": 290, "c": 0.9, "s": 127340, "e": 127570, "w": "天", "sp": "Agent"}, {"p": 291, "c": 0.9, "s": 127570, "e": 128030, "w": "门市", "sp": "Agent"}, {"p": 292, "c": 0.9, "s": 127940, "e": 128366, "w": "这", "sp": "Customer"}, {"p": 293, "c": 0.9, "s": 128030, "e": 128259, "w": "他", "sp": "Agent"}, {"p": 294, "c": 0.9, "s": 128259, "e": 128720, "w": "上级", "sp": "Agent"}, {"p": 295, "c": 0.9, "s": 128366, "e": 128791, "w": "是", "sp": "Customer"}, {"p": 296, "c": 0.9, "s": 128720, "e": 128950, "w": "是", "sp": "Agent"}, {"p": 297, "c": 0.9, "s": 128792, "e": 129644, "w": "前门", "sp": "Customer"}, {"p": 298, "c": 0.9, "s": 128950, "e": 129179, "w": "是", "sp": "Agent"}, {"p": 299, "c": 0.9, "s": 129179, "e": 129640, "w": "哪里", "sp": "Agent"}, {"p": 300, "c": 0.9, "s": 129640, "e": 129869, "w": "的", "sp": "Agent"}, {"p": 301, "c": 0.9, "s": 129644, "e": 130069, "w": "对", "sp": "Customer"}, {"p": 302, "c": 0.9, "s": 129869, "e": 130099, "w": "是", "sp": "Agent"}, {"p": 303, "c": 0.9, "s": 130100, "e": 130560, "w": "哪个", "sp": "Agent"}, {"p": 304, "c": 0.9, "s": 130560, "e": 131020, "w": "城市", "sp": "Agent"}, {"p": 305, "c": 0.9, "s": 131020, "e": 131250, "w": "呢", "sp": "Agent"}, {"p": 306, "c": 0.9, "s": 131870, "e": 132430, "w": "武汉", "sp": "Customer"}, {"p": 307, "c": 0.9, "s": 132430, "e": 132709, "w": "吗", "sp": "Customer"}, {"p": 308, "c": 0.9, "s": 132710, "e": 133550, "w": "湖北省", "sp": "Customer"}, {"p": 309, "c": 0.9, "s": 133550, "e": 133830, "w": "天", "sp": "Customer"}, {"p": 310, "c": 0.9, "s": 133670, "e": 134590, "w": "我", "sp": "Agent"}, {"p": 311, "c": 0.9, "s": 133830, "e": 134390, "w": "门市", "sp": "Customer"}, {"p": 312, "c": 0.9, "s": 134390, "e": 134670, "w": "吗", "sp": "Customer"}, {"p": 313, "c": 0.9, "s": 134670, "e": 135510, "w": "湖北省", "sp": "Customer"}, {"p": 314, "c": 0.9, "s": 134970, "e": 135594, "w": "湖北", "sp": "Agent"}, {"p": 315, "c": 0.9, "s": 135594, "e": 136217, "w": "天门", "sp": "Agent"}, {"p": 316, "c": 0.9, "s": 136218, "e": 136530, "w": "是", "sp": "Agent"}, {"p": 317, "c": 0.9, "s": 136530, "e": 137153, "w": "属于", "sp": "Agent"}, {"p": 318, "c": 0.9, "s": 136750, "e": 137820, "w": "嗯", "sp": "Customer"}, {"p": 319, "c": 0.9, "s": 137154, "e": 137778, "w": "武汉", "sp": "Agent"}, {"p": 320, "c": 0.9, "s": 137778, "e": 138090, "w": "吗", "sp": "Agent"}, {"p": 321, "c": 0.9, "s": 139540, "e": 140599, "w": "对", "sp": "Customer"}, {"p": 322, "c": 0.9, "s": 141650, "e": 141836, "w": "哦", "sp": "Agent"}, {"p": 323, "c": 0.9, "s": 141836, "e": 142209, "w": "了解", "sp": "Agent"}, {"p": 324, "c": 0.9, "s": 142210, "e": 142396, "w": "了", "sp": "Agent"}, {"p": 325, "c": 0.9, "s": 142396, "e": 142583, "w": "行", "sp": "Agent"}, {"p": 326, "c": 0.9, "s": 142583, "e": 142769, "w": "那", "sp": "Agent"}, {"p": 327, "c": 0.9, "s": 142770, "e": 143143, "w": "情况", "sp": "Agent"}, {"p": 328, "c": 0.9, "s": 143143, "e": 143330, "w": "我", "sp": "Agent"}, {"p": 329, "c": 0.9, "s": 143330, "e": 143703, "w": "这边", "sp": "Agent"}, {"p": 330, "c": 0.9, "s": 143703, "e": 143890, "w": "帮", "sp": "Agent"}, {"p": 331, "c": 0.9, "s": 143890, "e": 144076, "w": "您", "sp": "Agent"}, {"p": 332, "c": 0.9, "s": 144076, "e": 144450, "w": "反馈", "sp": "Agent"}, {"p": 333, "c": 0.9, "s": 144450, "e": 144636, "w": "那", "sp": "Agent"}, {"p": 334, "c": 0.9, "s": 144636, "e": 145010, "w": "请问", "sp": "Agent"}, {"p": 335, "c": 0.9, "s": 145010, "e": 145383, "w": "一下", "sp": "Agent"}, {"p": 336, "c": 0.9, "s": 145383, "e": 145569, "w": "呃", "sp": "Agent"}, {"p": 337, "c": 0.9, "s": 145570, "e": 145943, "w": "房屋", "sp": "Agent"}, {"p": 338, "c": 0.9, "s": 145943, "e": 146316, "w": "大概", "sp": "Agent"}, {"p": 339, "c": 0.9, "s": 146316, "e": 146689, "w": "多少", "sp": "Agent"}, {"p": 340, "c": 0.9, "s": 146690, "e": 147063, "w": "面积", "sp": "Agent"}, {"p": 341, "c": 0.9, "s": 147063, "e": 147250, "w": "呢", "sp": "Agent"}, {"p": 342, "c": 0.9, "s": 148160, "e": 148442, "w": "嗯", "sp": "Customer"}, {"p": 343, "c": 0.9, "s": 148442, "e": 149290, "w": "差不多", "sp": "Customer"}, {"p": 344, "c": 0.9, "s": 149290, "e": 149855, "w": "三百", "sp": "Customer"}, {"p": 345, "c": 0.9, "s": 149855, "e": 150137, "w": "平", "sp": "Customer"}, {"p": 346, "c": 0.9, "s": 150137, "e": 150420, "w": "吧", "sp": "Customer"}, {"p": 347, "c": 0.9, "s": 150440, "e": 150894, "w": "三百", "sp": "Agent"}, {"p": 348, "c": 0.9, "s": 150894, "e": 151121, "w": "平", "sp": "Agent"}, {"p": 349, "c": 0.9, "s": 151121, "e": 151349, "w": "是", "sp": "Agent"}, {"p": 350, "c": 0.9, "s": 151349, "e": 151803, "w": "一个", "sp": "Agent"}, {"p": 351, "c": 0.9, "s": 151803, "e": 152258, "w": "别墅", "sp": "Agent"}, {"p": 352, "c": 0.9, "s": 152258, "e": 152485, "w": "吗", "sp": "Agent"}, {"p": 353, "c": 0.9, "s": 152485, "e": 152940, "w": "还是", "sp": "Agent"}, {"p": 354, "c": 0.9, "s": 152600, "e": 152891, "w": "对", "sp": "Customer"}, {"p": 355, "c": 0.9, "s": 152891, "e": 153183, "w": "对", "sp": "Customer"}, {"p": 356, "c": 0.9, "s": 153183, "e": 153475, "w": "对", "sp": "Customer"}, {"p": 357, "c": 0.9, "s": 153475, "e": 153766, "w": "对", "sp": "Customer"}, {"p": 358, "c": 0.9, "s": 153766, "e": 154058, "w": "对", "sp": "Customer"}, {"p": 359, "c": 0.9, "s": 154058, "e": 154350, "w": "对", "sp": "Customer"}, {"p": 360, "c": 0.9, "s": 154480, "e": 154637, "w": "嗯", "sp": "Agent"}, {"p": 361, "c": 0.9, "s": 154637, "e": 154952, "w": "了解", "sp": "Agent"}, {"p": 362, "c": 0.9, "s": 154952, "e": 155110, "w": "了", "sp": "Agent"}, {"p": 363, "c": 0.9, "s": 155110, "e": 155268, "w": "那", "sp": "Agent"}, {"p": 364, "c": 0.9, "s": 155268, "e": 155583, "w": "请问", "sp": "Agent"}, {"p": 365, "c": 0.9, "s": 155583, "e": 155898, "w": "一下", "sp": "Agent"}, {"p": 366, "c": 0.9, "s": 155898, "e": 156056, "w": "您", "sp": "Agent"}, {"p": 367, "c": 0.9, "s": 156056, "e": 156371, "w": "这边", "sp": "Agent"}, {"p": 368, "c": 0.9, "s": 156371, "e": 156686, "w": "装修", "sp": "Agent"}, {"p": 369, "c": 0.9, "s": 156686, "e": 157001, "w": "公司", "sp": "Agent"}, {"p": 370, "c": 0.9, "s": 157001, "e": 157159, "w": "有", "sp": "Agent"}, {"p": 371, "c": 0.9, "s": 157159, "e": 157317, "w": "定", "sp": "Agent"}, {"p": 372, "c": 0.9, "s": 157317, "e": 157632, "w": "下来", "sp": "Agent"}, {"p": 373, "c": 0.9, "s": 157632, "e": 157790, "w": "吗", "sp": "Agent"}, {"p": 374, "c": 0.9, "s": 158610, "e": 158836, "w": "嗯", "sp": "Customer"}, {"p": 375, "c": 0.9, "s": 158836, "e": 159290, "w": "暂时", "sp": "Customer"}, {"p": 376, "c": 0.9, "s": 159290, "e": 159517, "w": "还", "sp": "Customer"}, {"p": 377, "c": 0.9, "s": 159517, "e": 159971, "w": "没有", "sp": "Customer"}, {"p": 378, "c": 0.9, "s": 159971, "e": 160198, "w": "我", "sp": "Customer"}, {"p": 379, "c": 0.9, "s": 160198, "e": 160425, "w": "先", "sp": "Customer"}, {"p": 380, "c": 0.9, "s": 160425, "e": 160879, "w": "了解", "sp": "Customer"}, {"p": 381, "c": 0.9, "s": 160879, "e": 161333, "w": "一下", "sp": "Customer"}, {"p": 382, "c": 0.9, "s": 161333, "e": 161786, "w": "这个", "sp": "Customer"}, {"p": 383, "c": 0.9, "s": 161787, "e": 162241, "w": "产品", "sp": "Customer"}, {"p": 384, "c": 0.9, "s": 162241, "e": 162920, "w": "就是说", "sp": "Customer"}, {"p": 385, "c": 0.9, "s": 162921, "e": 163375, "w": "这个", "sp": "Customer"}, {"p": 386, "c": 0.9, "s": 163375, "e": 164056, "w": "比如说", "sp": "Customer"}, {"p": 387, "c": 0.9, "s": 164056, "e": 164283, "w": "我", "sp": "Customer"}, {"p": 388, "c": 0.9, "s": 164283, "e": 164510, "w": "装", "sp": "Customer"}, {"p": 389, "c": 0.9, "s": 164510, "e": 164963, "w": "这个", "sp": "Customer"}, {"p": 390, "c": 0.9, "s": 164964, "e": 165418, "w": "的话", "sp": "Customer"}, {"p": 391, "c": 0.9, "s": 165418, "e": 165872, "w": "大概", "sp": "Customer"}, {"p": 392, "c": 0.9, "s": 165860, "e": 166120, "w": "啊", "sp": "Agent"}, {"p": 393, "c": 0.9, "s": 165872, "e": 166551, "w": "就是说", "sp": "Customer"}, {"p": 394, "c": 0.9, "s": 166120, "e": 166381, "w": "了", "sp": "Agent"}, {"p": 395, "c": 0.9, "s": 166381, "e": 166903, "w": "了解", "sp": "Agent"}, {"p": 396, "c": 0.9, "s": 166552, "e": 166779, "w": "在", "sp": "Customer"}, {"p": 397, "c": 0.9, "s": 166779, "e": 167006, "w": "在", "sp": "Customer"}, {"p": 398, "c": 0.9, "s": 166903, "e": 167164, "w": "了", "sp": "Agent"}, {"p": 399, "c": 0.9, "s": 167006, "e": 167459, "w": "什么", "sp": "Customer"}, {"p": 400, "c": 0.9, "s": 167164, "e": 167425, "w": "呃", "sp": "Agent"}, {"p": 401, "c": 0.9, "s": 167425, "e": 167686, "w": "那", "sp": "Agent"}, {"p": 402, "c": 0.9, "s": 167460, "e": 167914, "w": "费用", "sp": "Customer"}, {"p": 403, "c": 0.9, "s": 167686, "e": 167947, "w": "你", "sp": "Agent"}, {"p": 404, "c": 0.9, "s": 167914, "e": 168368, "w": "什么", "sp": "Customer"}, {"p": 405, "c": 0.9, "s": 167947, "e": 168469, "w": "这边", "sp": "Agent"}, {"p": 406, "c": 0.9, "s": 168368, "e": 168821, "w": "价格", "sp": "Customer"}, {"p": 407, "c": 0.9, "s": 168469, "e": 168730, "w": "是", "sp": "Agent"}, {"p": 408, "c": 0.9, "s": 168730, "e": 169250, "w": "大概", "sp": "Agent"}, {"p": 409, "c": 0.9, "s": 168822, "e": 169276, "w": "什么", "sp": "Customer"}, {"p": 410, "c": 0.9, "s": 169251, "e": 169773, "w": "准备", "sp": "Agent"}, {"p": 411, "c": 0.9, "s": 169276, "e": 169730, "w": "一个", "sp": "Customer"}, {"p": 412, "c": 0.9, "s": 169773, "e": 170295, "w": "什么", "sp": "Agent"}, {"p": 413, "c": 0.9, "s": 170295, "e": 170817, "w": "时间", "sp": "Agent"}, {"p": 414, "c": 0.9, "s": 170817, "e": 171339, "w": "装修", "sp": "Agent"}, {"p": 415, "c": 0.9, "s": 171339, "e": 171600, "w": "呢", "sp": "Agent"}, {"p": 416, "c": 0.9, "s": 172960, "e": 173411, "w": "装修", "sp": "Customer"}, {"p": 417, "c": 0.9, "s": 173411, "e": 173862, "w": "如果", "sp": "Customer"}, {"p": 418, "c": 0.9, "s": 173863, "e": 174088, "w": "是", "sp": "Customer"}, {"p": 419, "c": 0.9, "s": 174088, "e": 174991, "w": "方方面面", "sp": "Customer"}, {"p": 420, "c": 0.9, "s": 174991, "e": 175217, "w": "的", "sp": "Customer"}, {"p": 421, "c": 0.9, "s": 175217, "e": 175668, "w": "了解", "sp": "Customer"}, {"p": 422, "c": 0.9, "s": 175669, "e": 176346, "w": "差不多", "sp": "Customer"}, {"p": 423, "c": 0.9, "s": 176346, "e": 176797, "w": "的话", "sp": "Customer"}, {"p": 424, "c": 0.9, "s": 176797, "e": 177023, "w": "也", "sp": "Customer"}, {"p": 425, "c": 0.9, "s": 177023, "e": 177474, "w": "可能", "sp": "Customer"}, {"p": 426, "c": 0.9, "s": 177475, "e": 177700, "w": "在", "sp": "Customer"}, {"p": 427, "c": 0.9, "s": 177700, "e": 178377, "w": "四月份", "sp": "Customer"}, {"p": 428, "c": 0.9, "s": 178378, "e": 178603, "w": "呢", "sp": "Customer"}, {"p": 429, "c": 0.9, "s": 178603, "e": 178829, "w": "三", "sp": "Customer"}, {"p": 430, "c": 0.9, "s": 178829, "e": 179280, "w": "月底", "sp": "Customer"}, {"p": 431, "c": 0.9, "s": 179281, "e": 179506, "w": "啊", "sp": "Customer"}, {"p": 432, "c": 0.9, "s": 179506, "e": 179732, "w": "这", "sp": "Customer"}, {"p": 433, "c": 0.9, "s": 179732, "e": 180183, "w": "不等", "sp": "Customer"}, {"p": 434, "c": 0.9, "s": 180184, "e": 180409, "w": "了", "sp": "Customer"}, {"p": 435, "c": 0.9, "s": 180409, "e": 180861, "w": "这个", "sp": "Customer"}, {"p": 436, "c": 0.9, "s": 180861, "e": 181086, "w": "就", "sp": "Customer"}, {"p": 437, "c": 0.9, "s": 181087, "e": 181312, "w": "得", "sp": "Customer"}, {"p": 438, "c": 0.9, "s": 181312, "e": 181538, "w": "看", "sp": "Customer"}, {"p": 439, "c": 0.9, "s": 181538, "e": 181989, "w": "情况", "sp": "Customer"}, {"p": 440, "c": 0.9, "s": 182190, "e": 182572, "w": "啊", "sp": "Agent"}, {"p": 441, "c": 0.9, "s": 182270, "e": 182827, "w": "无所谓", "sp": "Customer"}, {"p": 442, "c": 0.9, "s": 182572, "e": 183336, "w": "了解", "sp": "Agent"}, {"p": 443, "c": 0.9, "s": 182827, "e": 183013, "w": "早", "sp": "Customer"}, {"p": 444, "c": 0.9, "s": 183013, "e": 183385, "w": "一点", "sp": "Customer"}, {"p": 445, "c": 0.9, "s": 183336, "e": 184100, "w": "了解", "sp": "Agent"}, {"p": 446, "c": 0.9, "s": 183385, "e": 183756, "w": "可以", "sp": "Customer"}, {"p": 447, "c": 0.9, "s": 183756, "e": 184127, "w": "晚点", "sp": "Customer"}, {"p": 448, "c": 0.9, "s": 184128, "e": 184500, "w": "可以", "sp": "Customer"}, {"p": 449, "c": 0.9, "s": 184470, "e": 184654, "w": "啊", "sp": "Agent"}, {"p": 450, "c": 0.9, "s": 184654, "e": 185023, "w": "了解", "sp": "Agent"}, {"p": 451, "c": 0.9, "s": 185023, "e": 185208, "w": "了", "sp": "Agent"}, {"p": 452, "c": 0.9, "s": 185208, "e": 185392, "w": "行", "sp": "Agent"}, {"p": 453, "c": 0.9, "s": 185392, "e": 185577, "w": "呃", "sp": "Agent"}, {"p": 454, "c": 0.9, "s": 185577, "e": 185761, "w": "那", "sp": "Agent"}, {"p": 455, "c": 0.9, "s": 185761, "e": 185946, "w": "您", "sp": "Agent"}, {"p": 456, "c": 0.9, "s": 185946, "e": 186315, "w": "这边", "sp": "Agent"}, {"p": 457, "c": 0.9, "s": 186315, "e": 186500, "w": "像", "sp": "Agent"}, {"p": 458, "c": 0.9, "s": 186500, "e": 186869, "w": "我们", "sp": "Agent"}, {"p": 459, "c": 0.9, "s": 186869, "e": 187238, "w": "除了", "sp": "Agent"}, {"p": 460, "c": 0.9, "s": 187238, "e": 187422, "w": "有", "sp": "Agent"}, {"p": 461, "c": 0.9, "s": 187422, "e": 187791, "w": "中央", "sp": "Agent"}, {"p": 462, "c": 0.9, "s": 187791, "e": 188160, "w": "空调", "sp": "Agent"}, {"p": 463, "c": 0.9, "s": 188160, "e": 188530, "w": "还有", "sp": "Agent"}, {"p": 464, "c": 0.9, "s": 188530, "e": 188899, "w": "新风", "sp": "Agent"}, {"p": 465, "c": 0.9, "s": 188899, "e": 189083, "w": "和", "sp": "Agent"}, {"p": 466, "c": 0.9, "s": 189083, "e": 189267, "w": "地", "sp": "Agent"}, {"p": 467, "c": 0.9, "s": 189268, "e": 189452, "w": "暖", "sp": "Agent"}, {"p": 468, "c": 0.9, "s": 189452, "e": 189637, "w": "您", "sp": "Agent"}, {"p": 469, "c": 0.9, "s": 189637, "e": 190006, "w": "这边", "sp": "Agent"}, {"p": 470, "c": 0.9, "s": 190006, "e": 190375, "w": "需要", "sp": "Agent"}, {"p": 471, "c": 0.9, "s": 190375, "e": 190744, "w": "同时", "sp": "Agent"}, {"p": 472, "c": 0.9, "s": 190744, "e": 190929, "w": "去", "sp": "Agent"}, {"p": 473, "c": 0.9, "s": 190929, "e": 191298, "w": "了解", "sp": "Agent"}, {"p": 474, "c": 0.9, "s": 191298, "e": 191667, "w": "一下", "sp": "Agent"}, {"p": 475, "c": 0.9, "s": 191667, "e": 192036, "w": "这个", "sp": "Agent"}, {"p": 476, "c": 0.9, "s": 192036, "e": 192405, "w": "方案", "sp": "Agent"}, {"p": 477, "c": 0.9, "s": 192405, "e": 192590, "w": "吗", "sp": "Agent"}, {"p": 478, "c": 0.9, "s": 192800, "e": 193041, "w": "嗯", "sp": "Customer"}, {"p": 479, "c": 0.9, "s": 193041, "e": 193282, "w": "都", "sp": "Customer"}, {"p": 480, "c": 0.9, "s": 193282, "e": 193523, "w": "要", "sp": "Customer"}, {"p": 481, "c": 0.9, "s": 193523, "e": 193765, "w": "都", "sp": "Customer"}, {"p": 482, "c": 0.9, "s": 193765, "e": 194006, "w": "要", "sp": "Customer"}, {"p": 483, "c": 0.9, "s": 194006, "e": 194247, "w": "都", "sp": "Customer"}, {"p": 484, "c": 0.9, "s": 194247, "e": 194487, "w": "要", "sp": "Customer"}, {"p": 485, "c": 0.9, "s": 194488, "e": 194730, "w": "装", "sp": "Customer"}, {"p": 486, "c": 0.9, "s": 194570, "e": 194753, "w": "都", "sp": "Agent"}, {"p": 487, "c": 0.9, "s": 194753, "e": 194936, "w": "要", "sp": "Agent"}, {"p": 488, "c": 0.9, "s": 194936, "e": 195120, "w": "的", "sp": "Agent"}, {"p": 489, "c": 0.9, "s": 195120, "e": 195303, "w": "是", "sp": "Agent"}, {"p": 490, "c": 0.9, "s": 195303, "e": 195486, "w": "吗", "sp": "Agent"}, {"p": 491, "c": 0.9, "s": 195486, "e": 195670, "w": "好", "sp": "Agent"}, {"p": 492, "c": 0.9, "s": 195670, "e": 195853, "w": "的", "sp": "Agent"}, {"p": 493, "c": 0.9, "s": 195853, "e": 196220, "w": "了解", "sp": "Agent"}, {"p": 494, "c": 0.9, "s": 196220, "e": 196403, "w": "行", "sp": "Agent"}, {"p": 495, "c": 0.9, "s": 196403, "e": 196587, "w": "那", "sp": "Agent"}, {"p": 496, "c": 0.9, "s": 196440, "e": 197420, "w": "对", "sp": "Customer"}, {"p": 497, "c": 0.9, "s": 196587, "e": 196770, "w": "我", "sp": "Agent"}, {"p": 498, "c": 0.9, "s": 196770, "e": 196954, "w": "都", "sp": "Agent"}, {"p": 499, "c": 0.9, "s": 196954, "e": 197137, "w": "帮", "sp": "Agent"}, {"p": 500, "c": 0.9, "s": 197137, "e": 197319, "w": "您", "sp": "Agent"}, {"p": 501, "c": 0.9, "s": 197320, "e": 197687, "w": "备注", "sp": "Agent"}, {"p": 502, "c": 0.9, "s": 197687, "e": 198054, "w": "上去", "sp": "Agent"}, {"p": 503, "c": 0.9, "s": 198054, "e": 198237, "w": "呃", "sp": "Agent"}, {"p": 504, "c": 0.9, "s": 198237, "e": 198421, "w": "那", "sp": "Agent"}, {"p": 505, "c": 0.9, "s": 198421, "e": 198604, "w": "是", "sp": "Agent"}, {"p": 506, "c": 0.9, "s": 198480, "e": 199480, "w": "嗯", "sp": "Customer"}, {"p": 507, "c": 0.9, "s": 198604, "e": 198787, "w": "想", "sp": "Agent"}, {"p": 508, "c": 0.9, "s": 198787, "e": 198971, "w": "多", "sp": "Agent"}, {"p": 509, "c": 0.9, "s": 198971, "e": 199153, "w": "问", "sp": "Agent"}, {"p": 510, "c": 0.9, "s": 199154, "e": 199521, "w": "一下", "sp": "Agent"}, {"p": 511, "c": 0.9, "s": 199521, "e": 199888, "w": "请问", "sp": "Agent"}, {"p": 512, "c": 0.9, "s": 199888, "e": 200255, "w": "一下", "sp": "Agent"}, {"p": 513, "c": 0.9, "s": 200255, "e": 200438, "w": "您", "sp": "Agent"}, {"p": 514, "c": 0.9, "s": 200438, "e": 200805, "w": "这边", "sp": "Agent"}, {"p": 515, "c": 0.9, "s": 200805, "e": 201172, "w": "的话", "sp": "Agent"}, {"p": 516, "c": 0.9, "s": 201172, "e": 201538, "w": "就是", "sp": "Agent"}, {"p": 517, "c": 0.9, "s": 201538, "e": 201905, "w": "家里", "sp": "Agent"}, {"p": 518, "c": 0.9, "s": 201905, "e": 202088, "w": "是", "sp": "Agent"}, {"p": 519, "c": 0.9, "s": 202088, "e": 202455, "w": "老人", "sp": "Agent"}, {"p": 520, "c": 0.9, "s": 202455, "e": 203005, "w": "小朋友", "sp": "Agent"}, {"p": 521, "c": 0.9, "s": 203005, "e": 203189, "w": "都", "sp": "Agent"}, {"p": 522, "c": 0.9, "s": 203189, "e": 203372, "w": "跟", "sp": "Agent"}, {"p": 523, "c": 0.9, "s": 203372, "e": 203556, "w": "您", "sp": "Agent"}, {"p": 524, "c": 0.9, "s": 203556, "e": 203922, "w": "启动", "sp": "Agent"}, {"p": 525, "c": 0.9, "s": 203922, "e": 204106, "w": "的", "sp": "Agent"}, {"p": 526, "c": 0.9, "s": 204106, "e": 204289, "w": "是", "sp": "Agent"}, {"p": 527, "c": 0.9, "s": 204289, "e": 204656, "w": "大概", "sp": "Agent"}, {"p": 528, "c": 0.9, "s": 204656, "e": 204839, "w": "几", "sp": "Agent"}, {"p": 529, "c": 0.9, "s": 204839, "e": 205023, "w": "口", "sp": "Agent"}, {"p": 530, "c": 0.9, "s": 205023, "e": 205206, "w": "人", "sp": "Agent"}, {"p": 531, "c": 0.9, "s": 205206, "e": 205390, "w": "呢", "sp": "Agent"}, {"p": 532, "c": 0.9, "s": 206830, "e": 207403, "w": "我们", "sp": "Customer"}, {"p": 533, "c": 0.9, "s": 207403, "e": 207690, "w": "这", "sp": "Customer"}, {"p": 534, "c": 0.9, "s": 207690, "e": 208263, "w": "以后", "sp": "Customer"}, {"p": 535, "c": 0.9, "s": 208263, "e": 208550, "w": "都", "sp": "Customer"}, {"p": 536, "c": 0.9, "s": 208550, "e": 208836, "w": "有", "sp": "Customer"}, {"p": 537, "c": 0.9, "s": 208836, "e": 209123, "w": "就", "sp": "Customer"}, {"p": 538, "c": 0.9, "s": 209123, "e": 209696, "w": "三个", "sp": "Customer"}, {"p": 539, "c": 0.9, "s": 209696, "e": 209983, "w": "人", "sp": "Customer"}, {"p": 540, "c": 0.9, "s": 209983, "e": 210270, "w": "吧", "sp": "Customer"}, {"p": 541, "c": 0.9, "s": 210190, "e": 210373, "w": "这", "sp": "Agent"}, {"p": 542, "c": 0.9, "s": 210270, "e": 211130, "w": "一家人", "sp": "Customer"}, {"p": 543, "c": 0.9, "s": 210373, "e": 210741, "w": "三口", "sp": "Agent"}, {"p": 544, "c": 0.9, "s": 210741, "e": 210925, "w": "是", "sp": "Agent"}, {"p": 545, "c": 0.9, "s": 210925, "e": 211108, "w": "是", "sp": "Agent"}, {"p": 546, "c": 0.9, "s": 211108, "e": 211660, "w": "小朋友", "sp": "Agent"}, {"p": 547, "c": 0.9, "s": 211660, "e": 211843, "w": "跟", "sp": "Agent"}, {"p": 548, "c": 0.9, "s": 211843, "e": 212027, "w": "你", "sp": "Agent"}, {"p": 549, "c": 0.9, "s": 212027, "e": 212394, "w": "一起", "sp": "Agent"}, {"p": 550, "c": 0.9, "s": 212395, "e": 212578, "w": "住", "sp": "Agent"}, {"p": 551, "c": 0.9, "s": 212578, "e": 212762, "w": "是", "sp": "Agent"}, {"p": 552, "c": 0.9, "s": 212762, "e": 212946, "w": "吗", "sp": "Agent"}, {"p": 553, "c": 0.9, "s": 212946, "e": 213313, "w": "就是", "sp": "Agent"}, {"p": 554, "c": 0.9, "s": 213313, "e": 213681, "w": "家里", "sp": "Agent"}, {"p": 555, "c": 0.9, "s": 213681, "e": 213865, "w": "没", "sp": "Agent"}, {"p": 556, "c": 0.9, "s": 213865, "e": 214232, "w": "老人", "sp": "Agent"}, {"p": 557, "c": 0.9, "s": 214232, "e": 214416, "w": "是", "sp": "Agent"}, {"p": 558, "c": 0.9, "s": 214416, "e": 214600, "w": "吗", "sp": "Agent"}, {"p": 559, "c": 0.9, "s": 215420, "e": 215655, "w": "嗯", "sp": "Customer"}, {"p": 560, "c": 0.9, "s": 215656, "e": 216129, "w": "老人", "sp": "Customer"}, {"p": 561, "c": 0.9, "s": 216129, "e": 216601, "w": "暂时", "sp": "Customer"}, {"p": 562, "c": 0.9, "s": 216601, "e": 217074, "w": "没有", "sp": "Customer"}, {"p": 563, "c": 0.9, "s": 217074, "e": 217547, "w": "以后", "sp": "Customer"}, {"p": 564, "c": 0.9, "s": 217547, "e": 217782, "w": "有", "sp": "Customer"}, {"p": 565, "c": 0.9, "s": 217783, "e": 218256, "w": "老人", "sp": "Customer"}, {"p": 566, "c": 0.9, "s": 218256, "e": 218491, "w": "呢", "sp": "Customer"}, {"p": 567, "c": 0.9, "s": 218492, "e": 218729, "w": "都", "sp": "Customer"}, {"p": 568, "c": 0.9, "s": 218729, "e": 218965, "w": "要", "sp": "Customer"}, {"p": 569, "c": 0.9, "s": 218900, "e": 219161, "w": "你", "sp": "Agent"}, {"p": 570, "c": 0.9, "s": 218965, "e": 219200, "w": "都", "sp": "Customer"}, {"p": 571, "c": 0.9, "s": 219162, "e": 219424, "w": "说", "sp": "Agent"}, {"p": 572, "c": 0.9, "s": 219201, "e": 219438, "w": "要", "sp": "Customer"}, {"p": 573, "c": 0.9, "s": 219424, "e": 219685, "w": "有", "sp": "Agent"}, {"p": 574, "c": 0.9, "s": 219438, "e": 219910, "w": "考虑", "sp": "Customer"}, {"p": 575, "c": 0.9, "s": 219686, "e": 220210, "w": "什么", "sp": "Agent"}, {"p": 576, "c": 0.9, "s": 219910, "e": 220383, "w": "进去", "sp": "Customer"}, {"p": 577, "c": 0.9, "s": 220383, "e": 220620, "w": "嘛", "sp": "Customer"}, {"p": 578, "c": 0.9, "s": 220490, "e": 220649, "w": "好", "sp": "Agent"}, {"p": 579, "c": 0.9, "s": 220649, "e": 220808, "w": "的", "sp": "Agent"}, {"p": 580, "c": 0.9, "s": 220808, "e": 221127, "w": "考虑", "sp": "Agent"}, {"p": 581, "c": 0.9, "s": 220900, "e": 221879, "w": "嗯", "sp": "Customer"}, {"p": 582, "c": 0.9, "s": 221127, "e": 221446, "w": "进去", "sp": "Agent"}, {"p": 583, "c": 0.9, "s": 221446, "e": 221765, "w": "就是", "sp": "Agent"}, {"p": 584, "c": 0.9, "s": 221765, "e": 222084, "w": "五六", "sp": "Agent"}, {"p": 585, "c": 0.9, "s": 222084, "e": 222403, "w": "个人", "sp": "Agent"}, {"p": 586, "c": 0.9, "s": 222403, "e": 222562, "w": "的", "sp": "Agent"}, {"p": 587, "c": 0.9, "s": 222562, "e": 222881, "w": "这样", "sp": "Agent"}, {"p": 588, "c": 0.9, "s": 222881, "e": 223041, "w": "的", "sp": "Agent"}, {"p": 589, "c": 0.9, "s": 223041, "e": 223200, "w": "是", "sp": "Agent"}, {"p": 590, "c": 0.9, "s": 223200, "e": 223360, "w": "吧", "sp": "Agent"}, {"p": 591, "c": 0.9, "s": 223550, "e": 223996, "w": "对", "sp": "Customer"}, {"p": 592, "c": 0.9, "s": 223996, "e": 224443, "w": "对", "sp": "Customer"}, {"p": 593, "c": 0.9, "s": 224443, "e": 224890, "w": "对", "sp": "Customer"}, {"p": 594, "c": 0.9, "s": 225100, "e": 225262, "w": "嗯", "sp": "Agent"}, {"p": 595, "c": 0.9, "s": 225262, "e": 225588, "w": "了解", "sp": "Agent"}, {"p": 596, "c": 0.9, "s": 225588, "e": 225750, "w": "了", "sp": "Agent"}, {"p": 597, "c": 0.9, "s": 225751, "e": 225913, "w": "行", "sp": "Agent"}, {"p": 598, "c": 0.9, "s": 225913, "e": 226075, "w": "那", "sp": "Agent"}, {"p": 599, "c": 0.9, "s": 226076, "e": 226239, "w": "我", "sp": "Agent"}, {"p": 600, "c": 0.9, "s": 226239, "e": 226565, "w": "情况", "sp": "Agent"}, {"p": 601, "c": 0.9, "s": 226565, "e": 226727, "w": "帮", "sp": "Agent"}, {"p": 602, "c": 0.9, "s": 226727, "e": 226890, "w": "您", "sp": "Agent"}, {"p": 603, "c": 0.9, "s": 226890, "e": 227216, "w": "反馈", "sp": "Agent"}, {"p": 604, "c": 0.9, "s": 227216, "e": 227541, "w": "一下", "sp": "Agent"}, {"p": 605, "c": 0.9, "s": 227541, "e": 227704, "w": "那", "sp": "Agent"}, {"p": 606, "c": 0.9, "s": 227704, "e": 227866, "w": "呃", "sp": "Agent"}, {"p": 607, "c": 0.9, "s": 227867, "e": 228030, "w": "您", "sp": "Agent"}, {"p": 608, "c": 0.9, "s": 228030, "e": 228355, "w": "这边", "sp": "Agent"}, {"p": 609, "c": 0.9, "s": 228355, "e": 228681, "w": "的话", "sp": "Agent"}, {"p": 610, "c": 0.9, "s": 228681, "e": 228844, "w": "手", "sp": "Agent"}, {"p": 611, "c": 0.9, "s": 228844, "e": 229168, "w": "这个", "sp": "Agent"}, {"p": 612, "c": 0.9, "s": 229169, "e": 229658, "w": "手机号", "sp": "Agent"}, {"p": 613, "c": 0.9, "s": 229658, "e": 229983, "w": "方便", "sp": "Agent"}, {"p": 614, "c": 0.9, "s": 229983, "e": 230309, "w": "添加", "sp": "Agent"}, {"p": 615, "c": 0.9, "s": 230309, "e": 230472, "w": "微", "sp": "Agent"}, {"p": 616, "c": 0.9, "s": 230472, "e": 230635, "w": "信", "sp": "Agent"}, {"p": 617, "c": 0.9, "s": 230635, "e": 230797, "w": "吗", "sp": "Agent"}, {"p": 618, "c": 0.9, "s": 230797, "e": 231123, "w": "如果", "sp": "Agent"}, {"p": 619, "c": 0.9, "s": 231123, "e": 231448, "w": "方便", "sp": "Agent"}, {"p": 620, "c": 0.9, "s": 231448, "e": 231774, "w": "的话", "sp": "Agent"}, {"p": 621, "c": 0.9, "s": 231774, "e": 232262, "w": "到时候", "sp": "Agent"}, {"p": 622, "c": 0.9, "s": 232262, "e": 232424, "w": "您", "sp": "Agent"}, {"p": 623, "c": 0.9, "s": 232425, "e": 232588, "w": "也", "sp": "Agent"}, {"p": 624, "c": 0.9, "s": 232588, "e": 232914, "w": "可以", "sp": "Agent"}, {"p": 625, "c": 0.9, "s": 232914, "e": 233076, "w": "先", "sp": "Agent"}, {"p": 626, "c": 0.9, "s": 233076, "e": 233239, "w": "把", "sp": "Agent"}, {"p": 627, "c": 0.9, "s": 233239, "e": 233565, "w": "后勤", "sp": "Agent"}, {"p": 628, "c": 0.9, "s": 233565, "e": 233728, "w": "图", "sp": "Agent"}, {"p": 629, "c": 0.9, "s": 233728, "e": 233890, "w": "给", "sp": "Agent"}, {"p": 630, "c": 0.9, "s": 233890, "e": 234053, "w": "到", "sp": "Agent"}, {"p": 631, "c": 0.9, "s": 234053, "e": 234379, "w": "我们", "sp": "Agent"}, {"p": 632, "c": 0.9, "s": 234379, "e": 234704, "w": "我们", "sp": "Agent"}, {"p": 633, "c": 0.9, "s": 234704, "e": 235030, "w": "这边", "sp": "Agent"}, {"p": 634, "c": 0.9, "s": 235030, "e": 235193, "w": "先", "sp": "Agent"}, {"p": 635, "c": 0.9, "s": 235193, "e": 235355, "w": "给", "sp": "Agent"}, {"p": 636, "c": 0.9, "s": 235356, "e": 235518, "w": "您", "sp": "Agent"}, {"p": 637, "c": 0.9, "s": 235518, "e": 236170, "w": "设计方案", "sp": "Agent"}, {"p": 638, "c": 0.9, "s": 236730, "e": 237025, "w": "嗯", "sp": "Customer"}, {"p": 639, "c": 0.9, "s": 237025, "e": 237319, "w": "也", "sp": "Customer"}, {"p": 640, "c": 0.9, "s": 237320, "e": 237910, "w": "可以", "sp": "Customer"}, {"p": 641, "c": 0.9, "s": 237910, "e": 238500, "w": "可以", "sp": "Customer"}, {"p": 642, "c": 0.9, "s": 238510, "e": 238672, "w": "也", "sp": "Agent"}, {"p": 643, "c": 0.9, "s": 238673, "e": 238837, "w": "可", "sp": "Agent"}, {"p": 644, "c": 0.9, "s": 238837, "e": 239164, "w": "以是", "sp": "Agent"}, {"p": 645, "c": 0.9, "s": 239040, "e": 239540, "w": "可以", "sp": "Customer"}, {"p": 646, "c": 0.9, "s": 239164, "e": 239328, "w": "吗", "sp": "Agent"}, {"p": 647, "c": 0.9, "s": 239328, "e": 239492, "w": "行", "sp": "Agent"}, {"p": 648, "c": 0.9, "s": 239492, "e": 239655, "w": "那", "sp": "Agent"}, {"p": 649, "c": 0.9, "s": 239540, "e": 239790, "w": "加", "sp": "Customer"}, {"p": 650, "c": 0.9, "s": 239655, "e": 239983, "w": "稍后", "sp": "Agent"}, {"p": 651, "c": 0.9, "s": 239790, "e": 240040, "w": "微", "sp": "Customer"}, {"p": 652, "c": 0.9, "s": 239983, "e": 240147, "w": "我", "sp": "Agent"}, {"p": 653, "c": 0.9, "s": 240040, "e": 240290, "w": "信", "sp": "Customer"}, {"p": 654, "c": 0.9, "s": 240147, "e": 240474, "w": "添加", "sp": "Agent"}, {"p": 655, "c": 0.9, "s": 240474, "e": 240801, "w": "一下", "sp": "Agent"}, {"p": 656, "c": 0.9, "s": 240801, "e": 240965, "w": "您", "sp": "Agent"}, {"p": 657, "c": 0.9, "s": 240965, "e": 241129, "w": "微", "sp": "Agent"}, {"p": 658, "c": 0.9, "s": 241129, "e": 241292, "w": "信", "sp": "Agent"}, {"p": 659, "c": 0.9, "s": 241292, "e": 241784, "w": "到时候", "sp": "Agent"}, {"p": 660, "c": 0.9, "s": 241784, "e": 241946, "w": "您", "sp": "Agent"}, {"p": 661, "c": 0.9, "s": 241947, "e": 242275, "w": "麻烦", "sp": "Agent"}, {"p": 662, "c": 0.9, "s": 242275, "e": 242601, "w": "通过", "sp": "Agent"}, {"p": 663, "c": 0.9, "s": 242602, "e": 242930, "w": "一下", "sp": "Agent"}, {"p": 664, "c": 0.9, "s": 243500, "e": 243722, "w": "嗯", "sp": "Customer"}, {"p": 665, "c": 0.9, "s": 243722, "e": 243945, "w": "好", "sp": "Customer"}, {"p": 666, "c": 0.9, "s": 243945, "e": 244168, "w": "的", "sp": "Customer"}, {"p": 667, "c": 0.9, "s": 244168, "e": 244391, "w": "好", "sp": "Customer"}, {"p": 668, "c": 0.9, "s": 244391, "e": 244614, "w": "的", "sp": "Customer"}, {"p": 669, "c": 0.9, "s": 244614, "e": 244837, "w": "嗯", "sp": "Customer"}, {"p": 670, "c": 0.9, "s": 244837, "e": 245060, "w": "嗯", "sp": "Customer"}, {"p": 671, "c": 0.9, "s": 244880, "e": 245037, "w": "嗯", "sp": "Agent"}, {"p": 672, "c": 0.9, "s": 245037, "e": 245195, "w": "好", "sp": "Agent"}, {"p": 673, "c": 0.9, "s": 245195, "e": 245353, "w": "的", "sp": "Agent"}, {"p": 674, "c": 0.9, "s": 245353, "e": 245511, "w": "嗯", "sp": "Agent"}, {"p": 675, "c": 0.9, "s": 245511, "e": 245669, "w": "那", "sp": "Agent"}, {"p": 676, "c": 0.9, "s": 245669, "e": 245985, "w": "这边", "sp": "Agent"}, {"p": 677, "c": 0.9, "s": 245940, "e": 246393, "w": "嗯", "sp": "Customer"}, {"p": 678, "c": 0.9, "s": 245985, "e": 246143, "w": "就", "sp": "Agent"}, {"p": 679, "c": 0.9, "s": 246143, "e": 246301, "w": "不", "sp": "Agent"}, {"p": 680, "c": 0.9, "s": 246301, "e": 246616, "w": "耽误", "sp": "Agent"}, {"p": 681, "c": 0.9, "s": 246393, "e": 246846, "w": "好", "sp": "Customer"}, {"p": 682, "c": 0.9, "s": 246617, "e": 246775, "w": "您", "sp": "Agent"}, {"p": 683, "c": 0.9, "s": 246775, "e": 247090, "w": "时间", "sp": "Agent"}, {"p": 684, "c": 0.9, "s": 246846, "e": 247299, "w": "嗯", "sp": "Customer"}, {"p": 685, "c": 0.9, "s": 247091, "e": 247407, "w": "麻烦", "sp": "Agent"}, {"p": 686, "c": 0.9, "s": 247407, "e": 247565, "w": "您", "sp": "Agent"}, {"p": 687, "c": 0.9, "s": 247565, "e": 247881, "w": "保持", "sp": "Agent"}, {"p": 688, "c": 0.9, "s": 247660, "e": 248105, "w": "嗯", "sp": "Customer"}, {"p": 689, "c": 0.9, "s": 247881, "e": 248196, "w": "手机", "sp": "Agent"}, {"p": 690, "c": 0.9, "s": 248105, "e": 248550, "w": "好", "sp": "Customer"}, {"p": 691, "c": 0.9, "s": 248196, "e": 248512, "w": "畅通", "sp": "Agent"}, {"p": 692, "c": 0.9, "s": 248512, "e": 248670, "w": "那", "sp": "Agent"}, {"p": 693, "c": 0.9, "s": 248670, "e": 248828, "w": "您", "sp": "Agent"}, {"p": 694, "c": 0.9, "s": 248828, "e": 249144, "w": "这边", "sp": "Agent"}, {"p": 695, "c": 0.9, "s": 249144, "e": 249302, "w": "离", "sp": "Agent"}, {"p": 696, "c": 0.9, "s": 249302, "e": 249618, "w": "武汉", "sp": "Agent"}, {"p": 697, "c": 0.9, "s": 249618, "e": 249933, "w": "市区", "sp": "Agent"}, {"p": 698, "c": 0.9, "s": 249934, "e": 250250, "w": "的话", "sp": "Agent"}, {"p": 699, "c": 0.9, "s": 250250, "e": 250408, "w": "是", "sp": "Agent"}, {"p": 700, "c": 0.9, "s": 250408, "e": 250566, "w": "有", "sp": "Agent"}, {"p": 701, "c": 0.9, "s": 250566, "e": 250724, "w": "多", "sp": "Agent"}, {"p": 702, "c": 0.9, "s": 250724, "e": 250882, "w": "远", "sp": "Agent"}, {"p": 703, "c": 0.9, "s": 250882, "e": 251040, "w": "呢", "sp": "Agent"}, {"p": 704, "c": 0.9, "s": 250980, "e": 252120, "w": "可是", "sp": "Customer"}, {"p": 705, "c": 0.9, "s": 252410, "e": 252795, "w": "离", "sp": "Customer"}, {"p": 706, "c": 0.9, "s": 252795, "e": 253567, "w": "武汉", "sp": "Customer"}, {"p": 707, "c": 0.9, "s": 253567, "e": 254338, "w": "的话", "sp": "Customer"}, {"p": 708, "c": 0.9, "s": 254338, "e": 255495, "w": "差不多", "sp": "Customer"}, {"p": 709, "c": 0.9, "s": 255495, "e": 256267, "w": "开车", "sp": "Customer"}, {"p": 710, "c": 0.9, "s": 256267, "e": 257038, "w": "可能", "sp": "Customer"}, {"p": 711, "c": 0.9, "s": 257038, "e": 257423, "w": "也", "sp": "Customer"}, {"p": 712, "c": 0.9, "s": 257424, "e": 257810, "w": "就", "sp": "Customer"}, {"p": 713, "c": 0.9, "s": 258530, "e": 259047, "w": "不到", "sp": "Customer"}, {"p": 714, "c": 0.9, "s": 259047, "e": 259564, "w": "两个", "sp": "Customer"}, {"p": 715, "c": 0.9, "s": 259564, "e": 260081, "w": "小时", "sp": "Customer"}, {"p": 716, "c": 0.9, "s": 260081, "e": 260340, "w": "吧", "sp": "Customer"}, {"p": 717, "c": 0.9, "s": 260450, "e": 260702, "w": "嗯", "sp": "Agent"}, {"p": 718, "c": 0.9, "s": 260702, "e": 260954, "w": "是", "sp": "Agent"}, {"p": 719, "c": 0.9, "s": 260954, "e": 261459, "w": "这样", "sp": "Agent"}, {"p": 720, "c": 0.9, "s": 261150, "e": 261344, "w": "过", "sp": "Customer"}, {"p": 721, "c": 0.9, "s": 261344, "e": 261538, "w": "个", "sp": "Customer"}, {"p": 722, "c": 0.9, "s": 261459, "e": 261711, "w": "的", "sp": "Agent"}, {"p": 723, "c": 0.9, "s": 261538, "e": 261927, "w": "小时", "sp": "Customer"}, {"p": 724, "c": 0.9, "s": 261711, "e": 262216, "w": "因为", "sp": "Agent"}, {"p": 725, "c": 0.9, "s": 261927, "e": 262121, "w": "啊", "sp": "Customer"}, {"p": 726, "c": 0.9, "s": 262121, "e": 262315, "w": "过", "sp": "Customer"}, {"p": 727, "c": 0.9, "s": 262216, "e": 262720, "w": "我们", "sp": "Agent"}, {"p": 728, "c": 0.9, "s": 262315, "e": 262510, "w": "个", "sp": "Customer"}, {"p": 729, "c": 0.9, "s": 262510, "e": 262898, "w": "两个", "sp": "Customer"}, {"p": 730, "c": 0.9, "s": 262720, "e": 262973, "w": "在", "sp": "Agent"}, {"p": 731, "c": 0.9, "s": 262898, "e": 263287, "w": "一百", "sp": "Customer"}, {"p": 732, "c": 0.9, "s": 262973, "e": 263729, "w": "武汉市", "sp": "Agent"}, {"p": 733, "c": 0.9, "s": 263287, "e": 263481, "w": "多", "sp": "Customer"}, {"p": 734, "c": 0.9, "s": 263481, "e": 263870, "w": "公里", "sp": "Customer"}, {"p": 735, "c": 0.9, "s": 264170, "e": 264342, "w": "嗯", "sp": "Agent"}, {"p": 736, "c": 0.9, "s": 264342, "e": 264686, "w": "了解", "sp": "Agent"}, {"p": 737, "c": 0.9, "s": 264686, "e": 264859, "w": "了", "sp": "Agent"}, {"p": 738, "c": 0.9, "s": 264859, "e": 265031, "w": "那", "sp": "Agent"}, {"p": 739, "c": 0.9, "s": 265031, "e": 265203, "w": "是", "sp": "Agent"}, {"p": 740, "c": 0.9, "s": 265203, "e": 265548, "w": "这样", "sp": "Agent"}, {"p": 741, "c": 0.9, "s": 265548, "e": 265720, "w": "的", "sp": "Agent"}, {"p": 742, "c": 0.9, "s": 265720, "e": 266065, "w": "如果", "sp": "Agent"}, {"p": 743, "c": 0.9, "s": 266065, "e": 266237, "w": "您", "sp": "Agent"}, {"p": 744, "c": 0.9, "s": 266237, "e": 266582, "w": "方便", "sp": "Agent"}, {"p": 745, "c": 0.9, "s": 266582, "e": 266926, "w": "的话", "sp": "Agent"}, {"p": 746, "c": 0.9, "s": 266926, "e": 267271, "w": "我们", "sp": "Agent"}, {"p": 747, "c": 0.9, "s": 267271, "e": 267443, "w": "在", "sp": "Agent"}, {"p": 748, "c": 0.9, "s": 267443, "e": 267788, "w": "武汉", "sp": "Agent"}, {"p": 749, "c": 0.9, "s": 267788, "e": 268133, "w": "的话", "sp": "Agent"}, {"p": 750, "c": 0.9, "s": 268133, "e": 268305, "w": "是", "sp": "Agent"}, {"p": 751, "c": 0.9, "s": 268305, "e": 268477, "w": "有", "sp": "Agent"}, {"p": 752, "c": 0.9, "s": 268477, "e": 268650, "w": "个", "sp": "Agent"}, {"p": 753, "c": 0.9, "s": 268650, "e": 268994, "w": "官方", "sp": "Agent"}, {"p": 754, "c": 0.9, "s": 268994, "e": 269339, "w": "展厅", "sp": "Agent"}, {"p": 755, "c": 0.9, "s": 269339, "e": 269682, "w": "展厅", "sp": "Agent"}, {"p": 756, "c": 0.9, "s": 269683, "e": 270028, "w": "的话", "sp": "Agent"}, {"p": 757, "c": 0.9, "s": 270028, "e": 270200, "w": "会", "sp": "Agent"}, {"p": 758, "c": 0.9, "s": 270200, "e": 270373, "w": "有", "sp": "Agent"}, {"p": 759, "c": 0.9, "s": 270373, "e": 270716, "w": "各种", "sp": "Agent"}, {"p": 760, "c": 0.9, "s": 270717, "e": 271062, "w": "样机", "sp": "Agent"}, {"p": 761, "c": 0.9, "s": 271062, "e": 271234, "w": "的", "sp": "Agent"}, {"p": 762, "c": 0.9, "s": 271234, "e": 271579, "w": "展示", "sp": "Agent"}, {"p": 763, "c": 0.9, "s": 271579, "e": 271923, "w": "还有", "sp": "Agent"}, {"p": 764, "c": 0.9, "s": 271923, "e": 272268, "w": "那个", "sp": "Agent"}, {"p": 765, "c": 0.9, "s": 272268, "e": 272613, "w": "样本", "sp": "Agent"}, {"p": 766, "c": 0.9, "s": 272613, "e": 272785, "w": "间", "sp": "Agent"}, {"p": 767, "c": 0.9, "s": 272785, "e": 272957, "w": "呃", "sp": "Agent"}, {"p": 768, "c": 0.9, "s": 272957, "e": 273130, "w": "想", "sp": "Agent"}, {"p": 769, "c": 0.9, "s": 273130, "e": 273474, "w": "邀请", "sp": "Agent"}, {"p": 770, "c": 0.9, "s": 273474, "e": 273646, "w": "您", "sp": "Agent"}, {"p": 771, "c": 0.9, "s": 273646, "e": 273819, "w": "去", "sp": "Agent"}, {"p": 772, "c": 0.9, "s": 273819, "e": 274163, "w": "体验", "sp": "Agent"}, {"p": 773, "c": 0.9, "s": 274163, "e": 274508, "w": "一下", "sp": "Agent"}, {"p": 774, "c": 0.9, "s": 274508, "e": 274680, "w": "您", "sp": "Agent"}, {"p": 775, "c": 0.9, "s": 274680, "e": 274853, "w": "看", "sp": "Agent"}, {"p": 776, "c": 0.9, "s": 274853, "e": 275197, "w": "方便", "sp": "Agent"}, {"p": 777, "c": 0.9, "s": 275197, "e": 275370, "w": "吗", "sp": "Agent"}, {"p": 778, "c": 0.9, "s": 276360, "e": 276538, "w": "嗯", "sp": "Customer"}, {"p": 779, "c": 0.9, "s": 276539, "e": 276899, "w": "这些", "sp": "Customer"}, {"p": 780, "c": 0.9, "s": 276899, "e": 277078, "w": "都", "sp": "Customer"}, {"p": 781, "c": 0.9, "s": 277079, "e": 277438, "w": "可以", "sp": "Customer"}, {"p": 782, "c": 0.9, "s": 277438, "e": 277617, "w": "啊", "sp": "Customer"}, {"p": 783, "c": 0.9, "s": 277618, "e": 277798, "w": "我", "sp": "Customer"}, {"p": 784, "c": 0.9, "s": 277798, "e": 278157, "w": "因为", "sp": "Customer"}, {"p": 785, "c": 0.9, "s": 278157, "e": 278337, "w": "我", "sp": "Customer"}, {"p": 786, "c": 0.9, "s": 278337, "e": 278697, "w": "现在", "sp": "Customer"}, {"p": 787, "c": 0.9, "s": 278697, "e": 278876, "w": "我", "sp": "Customer"}, {"p": 788, "c": 0.9, "s": 278877, "e": 279056, "w": "人", "sp": "Customer"}, {"p": 789, "c": 0.9, "s": 279056, "e": 279236, "w": "在", "sp": "Customer"}, {"p": 790, "c": 0.9, "s": 279236, "e": 279595, "w": "广州", "sp": "Customer"}, {"p": 791, "c": 0.9, "s": 279596, "e": 279776, "w": "就", "sp": "Customer"}, {"p": 792, "c": 0.9, "s": 279776, "e": 280315, "w": "比如说", "sp": "Customer"}, {"p": 793, "c": 0.9, "s": 280315, "e": 280495, "w": "我", "sp": "Customer"}, {"p": 794, "c": 0.9, "s": 280495, "e": 280675, "w": "要", "sp": "Customer"}, {"p": 795, "c": 0.9, "s": 280640, "e": 280884, "w": "哦", "sp": "Agent"}, {"p": 796, "c": 0.9, "s": 280675, "e": 281034, "w": "确定", "sp": "Customer"}, {"p": 797, "c": 0.9, "s": 280884, "e": 281128, "w": "人", "sp": "Agent"}, {"p": 798, "c": 0.9, "s": 281034, "e": 281214, "w": "好", "sp": "Customer"}, {"p": 799, "c": 0.9, "s": 281128, "e": 281371, "w": "在", "sp": "Agent"}, {"p": 800, "c": 0.9, "s": 281214, "e": 281393, "w": "了", "sp": "Customer"}, {"p": 801, "c": 0.9, "s": 281372, "e": 281861, "w": "广州", "sp": "Agent"}, {"p": 802, "c": 0.9, "s": 281394, "e": 281933, "w": "比如说", "sp": "Customer"}, {"p": 803, "c": 0.9, "s": 281861, "e": 282104, "w": "是", "sp": "Agent"}, {"p": 804, "c": 0.9, "s": 281933, "e": 282113, "w": "买", "sp": "Customer"}, {"p": 805, "c": 0.9, "s": 282105, "e": 282350, "w": "吧", "sp": "Agent"}, {"p": 806, "c": 0.9, "s": 282113, "e": 282473, "w": "你们", "sp": "Customer"}, {"p": 807, "c": 0.9, "s": 282473, "e": 282651, "w": "买", "sp": "Customer"}, {"p": 808, "c": 0.9, "s": 282652, "e": 283012, "w": "你们", "sp": "Customer"}, {"p": 809, "c": 0.9, "s": 283012, "e": 283192, "w": "的", "sp": "Customer"}, {"p": 810, "c": 0.9, "s": 283192, "e": 283551, "w": "产品", "sp": "Customer"}, {"p": 811, "c": 0.9, "s": 283551, "e": 283731, "w": "那", "sp": "Customer"}, {"p": 812, "c": 0.9, "s": 283731, "e": 283910, "w": "我", "sp": "Customer"}, {"p": 813, "c": 0.9, "s": 283911, "e": 284271, "w": "肯定", "sp": "Customer"}, {"p": 814, "c": 0.9, "s": 284271, "e": 284449, "w": "我", "sp": "Customer"}, {"p": 815, "c": 0.9, "s": 284450, "e": 284630, "w": "要", "sp": "Customer"}, {"p": 816, "c": 0.9, "s": 284630, "e": 284810, "w": "去", "sp": "Customer"}, {"p": 817, "c": 0.9, "s": 284810, "e": 284990, "w": "看", "sp": "Customer"}, {"p": 818, "c": 0.9, "s": 284990, "e": 285169, "w": "的", "sp": "Customer"}, {"p": 819, "c": 0.9, "s": 285450, "e": 285706, "w": "啊", "sp": "Agent"}, {"p": 820, "c": 0.9, "s": 285600, "e": 285780, "w": "就", "sp": "Customer"}, {"p": 821, "c": 0.9, "s": 285706, "e": 286218, "w": "了解", "sp": "Agent"}, {"p": 822, "c": 0.9, "s": 285780, "e": 286139, "w": "这个", "sp": "Customer"}, {"p": 823, "c": 0.9, "s": 286140, "e": 286320, "w": "我", "sp": "Customer"}, {"p": 824, "c": 0.9, "s": 286218, "e": 286731, "w": "了解", "sp": "Agent"}, {"p": 825, "c": 0.9, "s": 286320, "e": 286681, "w": "看到", "sp": "Customer"}, {"p": 826, "c": 0.9, "s": 286681, "e": 287041, "w": "不是", "sp": "Customer"}, {"p": 827, "c": 0.9, "s": 286731, "e": 286987, "w": "行", "sp": "Agent"}, {"p": 828, "c": 0.9, "s": 286987, "e": 287243, "w": "那", "sp": "Agent"}, {"p": 829, "c": 0.9, "s": 287041, "e": 287222, "w": "看", "sp": "Customer"}, {"p": 830, "c": 0.9, "s": 287222, "e": 287401, "w": "了", "sp": "Customer"}, {"p": 831, "c": 0.9, "s": 287243, "e": 287500, "w": "我", "sp": "Agent"}, {"p": 832, "c": 0.9, "s": 287402, "e": 287762, "w": "因为", "sp": "Customer"}, {"p": 833, "c": 0.9, "s": 287762, "e": 287943, "w": "我", "sp": "Customer"}, {"p": 834, "c": 0.9, "s": 287943, "e": 288123, "w": "有", "sp": "Customer"}, {"p": 835, "c": 0.9, "s": 288123, "e": 288302, "w": "个", "sp": "Customer"}, {"p": 836, "c": 0.9, "s": 288190, "e": 288626, "w": "嗯", "sp": "Agent"}, {"p": 837, "c": 0.9, "s": 288303, "e": 288664, "w": "朋友", "sp": "Customer"}, {"p": 838, "c": 0.9, "s": 288626, "e": 289500, "w": "了解", "sp": "Agent"}, {"p": 839, "c": 0.9, "s": 288664, "e": 289024, "w": "他们", "sp": "Customer"}, {"p": 840, "c": 0.9, "s": 289024, "e": 289203, "w": "也", "sp": "Customer"}, {"p": 841, "c": 0.9, "s": 289204, "e": 289385, "w": "是", "sp": "Customer"}, {"p": 842, "c": 0.9, "s": 289385, "e": 289565, "w": "也", "sp": "Customer"}, {"p": 843, "c": 0.9, "s": 289565, "e": 289745, "w": "是", "sp": "Customer"}, {"p": 844, "c": 0.9, "s": 289745, "e": 290106, "w": "装修", "sp": "Customer"}, {"p": 845, "c": 0.9, "s": 290106, "e": 290285, "w": "也", "sp": "Customer"}, {"p": 846, "c": 0.9, "s": 290286, "e": 290466, "w": "用", "sp": "Customer"}, {"p": 847, "c": 0.9, "s": 290466, "e": 290827, "w": "这个", "sp": "Customer"}, {"p": 848, "c": 0.9, "s": 290827, "e": 291186, "w": "牌子", "sp": "Customer"}, {"p": 849, "c": 0.9, "s": 291187, "e": 291548, "w": "所以", "sp": "Customer"}, {"p": 850, "c": 0.9, "s": 291548, "e": 291728, "w": "我", "sp": "Customer"}, {"p": 851, "c": 0.9, "s": 291728, "e": 292268, "w": "就是说", "sp": "Customer"}, {"p": 852, "c": 0.9, "s": 292269, "e": 292629, "w": "了解", "sp": "Customer"}, {"p": 853, "c": 0.9, "s": 292629, "e": 292990, "w": "一下", "sp": "Customer"}, {"p": 854, "c": 0.9, "s": 292990, "e": 293169, "w": "我", "sp": "Customer"}, {"p": 855, "c": 0.9, "s": 293170, "e": 293530, "w": "这个", "sp": "Customer"}, {"p": 856, "c": 0.9, "s": 293530, "e": 293891, "w": "房子", "sp": "Customer"}, {"p": 857, "c": 0.9, "s": 293891, "e": 294250, "w": "大概", "sp": "Customer"}, {"p": 858, "c": 0.9, "s": 294251, "e": 294612, "w": "需要", "sp": "Customer"}, {"p": 859, "c": 0.9, "s": 294612, "e": 294792, "w": "多", "sp": "Customer"}, {"p": 860, "c": 0.9, "s": 294792, "e": 294972, "w": "大", "sp": "Customer"}, {"p": 861, "c": 0.9, "s": 294972, "e": 295332, "w": "大概", "sp": "Customer"}, {"p": 862, "c": 0.9, "s": 295333, "e": 295513, "w": "就", "sp": "Customer"}, {"p": 863, "c": 0.9, "s": 295513, "e": 295693, "w": "还", "sp": "Customer"}, {"p": 864, "c": 0.9, "s": 295693, "e": 295874, "w": "在", "sp": "Customer"}, {"p": 865, "c": 0.9, "s": 295874, "e": 296233, "w": "什么", "sp": "Customer"}, {"p": 866, "c": 0.9, "s": 296234, "e": 296595, "w": "费用", "sp": "Customer"}, {"p": 867, "c": 0.9, "s": 296595, "e": 296775, "w": "我", "sp": "Customer"}, {"p": 868, "c": 0.9, "s": 296775, "e": 296955, "w": "想", "sp": "Customer"}, {"p": 869, "c": 0.9, "s": 296955, "e": 297315, "w": "了解", "sp": "Customer"}, {"p": 870, "c": 0.9, "s": 297316, "e": 297676, "w": "这个", "sp": "Customer"}, {"p": 871, "c": 0.9, "s": 297676, "e": 298037, "w": "牌子", "sp": "Customer"}, {"p": 872, "c": 0.9, "s": 297830, "e": 298151, "w": "嗯", "sp": "Agent"}, {"p": 873, "c": 0.9, "s": 298037, "e": 298396, "w": "肯定", "sp": "Customer"}, {"p": 874, "c": 0.9, "s": 298151, "e": 298473, "w": "嗯", "sp": "Agent"}, {"p": 875, "c": 0.9, "s": 298397, "e": 298577, "w": "定", "sp": "Customer"}, {"p": 876, "c": 0.9, "s": 298473, "e": 299116, "w": "了解", "sp": "Agent"}, {"p": 877, "c": 0.9, "s": 298577, "e": 298938, "w": "下来", "sp": "Customer"}, {"p": 878, "c": 0.9, "s": 298938, "e": 299297, "w": "肯定", "sp": "Customer"}, {"p": 879, "c": 0.9, "s": 299116, "e": 299760, "w": "了解", "sp": "Agent"}, {"p": 880, "c": 0.9, "s": 299298, "e": 299479, "w": "是", "sp": "Customer"}, {"p": 881, "c": 0.9, "s": 299479, "e": 299659, "w": "放", "sp": "Customer"}, {"p": 882, "c": 0.9, "s": 299659, "e": 300018, "w": "大厅", "sp": "Customer"}, {"p": 883, "c": 0.9, "s": 300019, "e": 300200, "w": "的", "sp": "Customer"}, {"p": 884, "c": 0.9, "s": 300330, "e": 300473, "w": "啊", "sp": "Agent"}, {"p": 885, "c": 0.9, "s": 300473, "e": 300759, "w": "可以", "sp": "Agent"}, {"p": 886, "c": 0.9, "s": 300760, "e": 300903, "w": "的", "sp": "Agent"}, {"p": 887, "c": 0.9, "s": 300903, "e": 301047, "w": "行", "sp": "Agent"}, {"p": 888, "c": 0.9, "s": 301047, "e": 301190, "w": "那", "sp": "Agent"}, {"p": 889, "c": 0.9, "s": 301190, "e": 301334, "w": "我", "sp": "Agent"}, {"p": 890, "c": 0.9, "s": 301334, "e": 301477, "w": "先", "sp": "Agent"}, {"p": 891, "c": 0.9, "s": 301477, "e": 301620, "w": "让", "sp": "Agent"}, {"p": 892, "c": 0.9, "s": 301620, "e": 302051, "w": "经销商", "sp": "Agent"}, {"p": 893, "c": 0.9, "s": 302051, "e": 302337, "w": "联系", "sp": "Agent"}, {"p": 894, "c": 0.9, "s": 302338, "e": 302481, "w": "您", "sp": "Agent"}, {"p": 895, "c": 0.9, "s": 302481, "e": 302624, "w": "给", "sp": "Agent"}, {"p": 896, "c": 0.9, "s": 302624, "e": 302768, "w": "您", "sp": "Agent"}, {"p": 897, "c": 0.9, "s": 302768, "e": 303055, "w": "提供", "sp": "Agent"}, {"p": 898, "c": 0.9, "s": 303055, "e": 303341, "w": "那个", "sp": "Agent"}, {"p": 899, "c": 0.9, "s": 303342, "e": 303628, "w": "方案", "sp": "Agent"}, {"p": 900, "c": 0.9, "s": 303628, "e": 303914, "w": "报价", "sp": "Agent"}, {"p": 901, "c": 0.9, "s": 303915, "e": 304059, "w": "您", "sp": "Agent"}, {"p": 902, "c": 0.9, "s": 304059, "e": 304488, "w": "到时候", "sp": "Agent"}, {"p": 903, "c": 0.9, "s": 304489, "e": 304776, "w": "尽量", "sp": "Agent"}, {"p": 904, "c": 0.9, "s": 304776, "e": 305063, "w": "参考", "sp": "Agent"}, {"p": 905, "c": 0.9, "s": 305063, "e": 305349, "w": "一下", "sp": "Agent"}, {"p": 906, "c": 0.9, "s": 306060, "e": 306350, "w": "嗯", "sp": "Customer"}, {"p": 907, "c": 0.9, "s": 306351, "e": 306934, "w": "好好", "sp": "Customer"}, {"p": 908, "c": 0.9, "s": 306934, "e": 307224, "w": "好", "sp": "Customer"}, {"p": 909, "c": 0.9, "s": 307225, "e": 307808, "w": "好好", "sp": "Customer"}, {"p": 910, "c": 0.9, "s": 307470, "e": 307613, "w": "嗯", "sp": "Agent"}, {"p": 911, "c": 0.9, "s": 307613, "e": 307756, "w": "好", "sp": "Agent"}, {"p": 912, "c": 0.9, "s": 307756, "e": 307899, "w": "的", "sp": "Agent"}, {"p": 913, "c": 0.9, "s": 307808, "e": 308100, "w": "嗯", "sp": "Customer"}, {"p": 914, "c": 0.9, "s": 307899, "e": 308042, "w": "那", "sp": "Agent"}, {"p": 915, "c": 0.9, "s": 308042, "e": 308328, "w": "请问", "sp": "Agent"}, {"p": 916, "c": 0.9, "s": 308328, "e": 308615, "w": "这边", "sp": "Agent"}, {"p": 917, "c": 0.9, "s": 308615, "e": 308901, "w": "还有", "sp": "Agent"}, {"p": 918, "c": 0.9, "s": 308901, "e": 309187, "w": "什么", "sp": "Agent"}, {"p": 919, "c": 0.9, "s": 309187, "e": 309473, "w": "可以", "sp": "Agent"}, {"p": 920, "c": 0.9, "s": 309473, "e": 309616, "w": "帮", "sp": "Agent"}, {"p": 921, "c": 0.9, "s": 309616, "e": 309760, "w": "您", "sp": "Agent"}, {"p": 922, "c": 0.9, "s": 310050, "e": 310384, "w": "嗯", "sp": "Customer"}, {"p": 923, "c": 0.9, "s": 310384, "e": 310718, "w": "好", "sp": "Customer"}, {"p": 924, "c": 0.9, "s": 310718, "e": 311386, "w": "可以", "sp": "Customer"}, {"p": 925, "c": 0.9, "s": 311386, "e": 311720, "w": "了", "sp": "Customer"}, {"p": 926, "c": 0.9, "s": 311600, "e": 311795, "w": "嗯", "sp": "Agent"}, {"p": 927, "c": 0.9, "s": 311795, "e": 311991, "w": "嗯", "sp": "Agent"}, {"p": 928, "c": 0.9, "s": 311991, "e": 312382, "w": "感谢", "sp": "Agent"}, {"p": 929, "c": 0.9, "s": 312382, "e": 312774, "w": "来电", "sp": "Agent"}, {"p": 930, "c": 0.9, "s": 312774, "e": 313164, "w": "祝您", "sp": "Agent"}, {"p": 931, "c": 0.9, "s": 313165, "e": 313557, "w": "生活", "sp": "Agent"}, {"p": 932, "c": 0.9, "s": 313557, "e": 313948, "w": "愉快", "sp": "Agent"}, {"p": 933, "c": 0.9, "s": 313948, "e": 314340, "w": "再见", "sp": "Agent"}]}, "plainText": "六零 二 六号 为您服务 下午 好 到 您 售后 很 高兴\n小\n为您服务\n编 了\n请问 有 什么 可以 帮助 您 的 吗\n哎 美女 我 想 问 一下 那个 天门 的 那个 你们 那个 大 井 空调 的 那个 经销商 的 电话\n经销商\n湖北\n就是 您\n天门\n这边 是 需要 购买 我们 八千 的 空调 是 吗\n对\n哦 那 我 帮 您 因为 销售 有 专门 的 部门 负责 管理 嘛 我 帮 您 转接 一下 由 他们 帮 您 处理 好 吗\n嗯 好 的\n嗯 这 方面 不要 挂机 请 稍 等 一下 不 客气 您好 电话 转接 成功 请问 什么 可以 帮 您\n喂 你好 哎 我 想 问 一下 那个 天门 的 就是 那个 大 井 空调 的 那个 地下 那里 的 电话\n那 十分 抱歉 先生 我 这边 是 没什么 具体 变化 的 您 是 要 购买 中央 空调 还是 挂机 柜子 呢\n呃 中山 公园\n中央 空调 是 吧 您 是 在 天门 吗\n对\n呃 您 看 这样 可以 吗 我 这边 情况 帮 您 记录 一下 到时候 让 他 当 就是 当地 的 经销商 主动 联系 下 您 您 看 可以 吗\n啊 这 可以 可以\n好 的 那 先生 请问 怎么 称呼 您 呢 您 贵姓\n我 姓 蒲 蒲 先生 蒲公英\n好 的 浦 先生\n蒲\n嗯 好 的 感谢您 对 众 安 产品 的 支持 那 请问 呃 方便 的话 可以 留 一个 方便 联系 您 的 手机号 吗\n这个 好像 呃 幺 八 六\n幺 八 六\n幺 三 零\n幺 三 零\n二二八 三六\n二二八\n嗯\n三六\n好\n好 的\n的\n了解 了 呃 那\n对\n请问 您\n嗯\n这边 是 在 天门 哪个 区县 呢\n就是 就是 前门 城市 里面 前 门市 里面\n天 门市\n这\n他 上级\n是\n是\n前门\n是 哪里 的\n对\n是 哪个 城市 呢\n武汉 吗 湖北省 天\n我\n门市 吗 湖北省\n湖北 天门 是 属于\n嗯\n武汉 吗\n对\n哦 了解 了 行 那 情况 我 这边 帮 您 反馈 那 请问 一下 呃 房屋 大概 多少 面积 呢\n嗯 差不多 三百 平 吧\n三百 平 是 一个 别墅 吗 还是\n对 对 对 对 对 对\n嗯 了解 了 那 请问 一下 您 这边 装修 公司 有 定 下来 吗\n嗯 暂时 还 没有 我 先 了解 一下 这个 产品 就是说 这个 比如说 我 装 这个 的话 大概\n啊\n就是说\n了 了解\n在 在\n了\n什么\n呃 那\n费用\n你\n什么\n这边\n价格\n是 大概\n什么\n准备\n一个\n什么 时间 装修 呢\n装修 如果 是 方方面面 的 了解 差不多 的话 也 可能 在 四月份 呢 三 月底 啊 这 不等 了 这个 就 得 看 情况\n啊\n无所谓\n了解\n早 一点\n了解\n可以 晚点 可以\n啊 了解 了 行 呃 那 您 这边 像 我们 除了 有 中央 空调 还有 新风 和 地 暖 您 这边 需要 同时 去 了解 一下 这个 方案 吗\n嗯 都 要 都 要 都 要 装\n都 要 的 是 吗 好 的 了解 行 那\n对\n我 都 帮 您 备注 上去 呃 那 是\n嗯\n想 多 问 一下 请问 一下 您 这边 的话 就是 家里 是 老人 小朋友 都 跟 您 启动 的 是 大概 几 口 人 呢\n我们 这 以后 都 有 就 三个 人 吧\n这\n一家人\n三口 是 是 小朋友 跟 你 一起 住 是 吗 就是 家里 没 老人 是 吗\n嗯 老人 暂时 没有 以后 有 老人 呢 都 要\n你\n都\n说\n要\n有\n考虑\n什么\n进去 嘛\n好 的 考虑\n嗯\n进去 就是 五六 个人 的 这样 的 是 吧\n对 对 对\n嗯 了解 了 行 那 我 情况 帮 您 反馈 一下 那 呃 您 这边 的话 手 这个 手机号 方便 添加 微 信 吗 如果 方便 的话 到时候 您 也 可以 先 把 后勤 图 给 到 我们 我们 这边 先 给 您 设计方案\n嗯 也 可以 可以\n也 可 以是\n可以\n吗 行 那\n加\n稍后\n微\n我\n信\n添加 一下 您 微 信 到时候 您 麻烦 通过 一下\n嗯 好 的 好 的 嗯 嗯\n嗯 好 的 嗯 那 这边\n嗯\n就 不 耽误\n好\n您 时间\n嗯\n麻烦 您 保持\n嗯\n手机\n好\n畅通 那 您 这边 离 武汉 市区 的话 是 有 多 远 呢\n可是 离 武汉 的话 差不多 开车 可能 也 就 不到 两个 小时 吧\n嗯 是 这样\n过 个\n的\n小时\n因为\n啊 过\n我们\n个 两个\n在\n一百\n武汉市\n多 公里\n嗯 了解 了 那 是 这样 的 如果 您 方便 的话 我们 在 武汉 的话 是 有 个 官方 展厅 展厅 的话 会 有 各种 样机 的 展示 还有 那个 样本 间 呃 想 邀请 您 去 体验 一下 您 看 方便 吗\n嗯 这些 都 可以 啊 我 因为 我 现在 我 人 在 广州 就 比如说 我 要\n哦\n确定\n人\n好\n在\n了\n广州\n比如说\n是\n买\n吧\n你们 买 你们 的 产品 那 我 肯定 我 要 去 看 的\n啊\n就\n了解\n这个 我\n了解\n看到 不是\n行 那\n看 了\n我\n因为 我 有 个\n嗯\n朋友\n了解\n他们 也 是 也 是 装修 也 用 这个 牌子 所以 我 就是说 了解 一下 我 这个 房子 大概 需要 多 大 大概 就 还 在 什么 费用 我 想 了解 这个 牌子\n嗯\n肯定\n嗯\n定\n了解\n下来 肯定\n了解\n是 放 大厅 的\n啊 可以 的 行 那 我 先 让 经销商 联系 您 给 您 提供 那个 方案 报价 您 到时候 尽量 参考 一下\n嗯 好好 好 好好\n嗯 好 的\n嗯\n那 请问 这边 还有 什么 可以 帮 您\n嗯 好 可以 了\n嗯 嗯 感谢 来电 祝您 生活 愉快 再见", "plainTextTime": {"verbatims": [{"s": 2450, "e": 8150, "w": "六零 二 六号 为您服务 下午 好 到 您 售后 很 高兴", "sp": "Agent"}, {"s": 8130, "e": 8406, "w": "小", "sp": "Customer"}, {"s": 8149, "e": 9349, "w": "为您服务", "sp": "Agent"}, {"s": 8406, "e": 8960, "w": "编 了", "sp": "Customer"}, {"s": 9350, "e": 12950, "w": "请问 有 什么 可以 帮助 您 的 吗", "sp": "Agent"}, {"s": 13430, "e": 21100, "w": "哎 美女 我 想 问 一下 那个 天门 的 那个 你们 那个 大 井 空调 的 那个 经销商 的 电话", "sp": "Customer"}, {"s": 21730, "e": 22383, "w": "经销商", "sp": "Agent"}, {"s": 22260, "e": 22935, "w": "湖北", "sp": "Customer"}, {"s": 22384, "e": 23039, "w": "就是 您", "sp": "Agent"}, {"s": 22935, "e": 23609, "w": "天门", "sp": "Customer"}, {"s": 23039, "e": 26530, "w": "这边 是 需要 购买 我们 八千 的 空调 是 吗", "sp": "Agent"}, {"s": 26480, "e": 27529, "w": "对", "sp": "Customer"}, {"s": 27480, "e": 34500, "w": "哦 那 我 帮 您 因为 销售 有 专门 的 部门 负责 管理 嘛 我 帮 您 转接 一下 由 他们 帮 您 处理 好 吗", "sp": "Agent"}, {"s": 34530, "e": 35840, "w": "嗯 好 的", "sp": "Customer"}, {"s": 35420, "e": 65250, "w": "嗯 这 方面 不要 挂机 请 稍 等 一下 不 客气 您好 电话 转接 成功 请问 什么 可以 帮 您", "sp": "Agent"}, {"s": 65830, "e": 73500, "w": "喂 你好 哎 我 想 问 一下 那个 天门 的 就是 那个 大 井 空调 的 那个 地下 那里 的 电话", "sp": "Customer"}, {"s": 74120, "e": 80030, "w": "那 十分 抱歉 先生 我 这边 是 没什么 具体 变化 的 您 是 要 购买 中央 空调 还是 挂机 柜子 呢", "sp": "Agent"}, {"s": 80100, "e": 81990, "w": "呃 中山 公园", "sp": "Customer"}, {"s": 82040, "e": 84780, "w": "中央 空调 是 吧 您 是 在 天门 吗", "sp": "Agent"}, {"s": 84920, "e": 86070, "w": "对", "sp": "Customer"}, {"s": 86320, "e": 93340, "w": "呃 您 看 这样 可以 吗 我 这边 情况 帮 您 记录 一下 到时候 让 他 当 就是 当地 的 经销商 主动 联系 下 您 您 看 可以 吗", "sp": "Agent"}, {"s": 93380, "e": 95080, "w": "啊 这 可以 可以", "sp": "Customer"}, {"s": 95010, "e": 97600, "w": "好 的 那 先生 请问 怎么 称呼 您 呢 您 贵姓", "sp": "Agent"}, {"s": 98090, "e": 101051, "w": "我 姓 蒲 蒲 先生 蒲公英", "sp": "Customer"}, {"s": 100530, "e": 101355, "w": "好 的 浦 先生", "sp": "Agent"}, {"s": 101051, "e": 101380, "w": "蒲", "sp": "Customer"}, {"s": 101355, "e": 107460, "w": "嗯 好 的 感谢您 对 众 安 产品 的 支持 那 请问 呃 方便 的话 可以 留 一个 方便 联系 您 的 手机号 吗", "sp": "Agent"}, {"s": 108080, "e": 110060, "w": "这个 好像 呃 幺 八 六", "sp": "Customer"}, {"s": 110260, "e": 111570, "w": "幺 八 六", "sp": "Agent"}, {"s": 111710, "e": 113100, "w": "幺 三 零", "sp": "Customer"}, {"s": 113370, "e": 114660, "w": "幺 三 零", "sp": "Agent"}, {"s": 115050, "e": 116750, "w": "二二八 三六", "sp": "Customer"}, {"s": 116960, "e": 117635, "w": "二二八", "sp": "Agent"}, {"s": 117570, "e": 118036, "w": "嗯", "sp": "Customer"}, {"s": 117635, "e": 118085, "w": "三六", "sp": "Agent"}, {"s": 118036, "e": 118503, "w": "好", "sp": "Customer"}, {"s": 118085, "e": 118534, "w": "好 的", "sp": "Agent"}, {"s": 118503, "e": 118970, "w": "的", "sp": "Customer"}, {"s": 118535, "e": 119659, "w": "了解 了 呃 那", "sp": "Agent"}, {"s": 119600, "e": 120305, "w": "对", "sp": "Customer"}, {"s": 119660, "e": 120335, "w": "请问 您", "sp": "Agent"}, {"s": 120305, "e": 121010, "w": "嗯", "sp": "Customer"}, {"s": 120335, "e": 122810, "w": "这边 是 在 天门 哪个 区县 呢", "sp": "Agent"}, {"s": 122830, "e": 127149, "w": "就是 就是 前门 城市 里面 前 门市 里面", "sp": "Customer"}, {"s": 127340, "e": 128030, "w": "天 门市", "sp": "Agent"}, {"s": 127940, "e": 128366, "w": "这", "sp": "Customer"}, {"s": 128030, "e": 128720, "w": "他 上级", "sp": "Agent"}, {"s": 128366, "e": 128791, "w": "是", "sp": "Customer"}, {"s": 128720, "e": 128950, "w": "是", "sp": "Agent"}, {"s": 128792, "e": 129644, "w": "前门", "sp": "Customer"}, {"s": 128950, "e": 129869, "w": "是 哪里 的", "sp": "Agent"}, {"s": 129644, "e": 130069, "w": "对", "sp": "Customer"}, {"s": 129869, "e": 131250, "w": "是 哪个 城市 呢", "sp": "Agent"}, {"s": 131870, "e": 133830, "w": "武汉 吗 湖北省 天", "sp": "Customer"}, {"s": 133670, "e": 134590, "w": "我", "sp": "Agent"}, {"s": 133830, "e": 135510, "w": "门市 吗 湖北省", "sp": "Customer"}, {"s": 134970, "e": 137153, "w": "湖北 天门 是 属于", "sp": "Agent"}, {"s": 136750, "e": 137820, "w": "嗯", "sp": "Customer"}, {"s": 137154, "e": 138090, "w": "武汉 吗", "sp": "Agent"}, {"s": 139540, "e": 140599, "w": "对", "sp": "Customer"}, {"s": 141650, "e": 147250, "w": "哦 了解 了 行 那 情况 我 这边 帮 您 反馈 那 请问 一下 呃 房屋 大概 多少 面积 呢", "sp": "Agent"}, {"s": 148160, "e": 150420, "w": "嗯 差不多 三百 平 吧", "sp": "Customer"}, {"s": 150440, "e": 152940, "w": "三百 平 是 一个 别墅 吗 还是", "sp": "Agent"}, {"s": 152600, "e": 154350, "w": "对 对 对 对 对 对", "sp": "Customer"}, {"s": 154480, "e": 157790, "w": "嗯 了解 了 那 请问 一下 您 这边 装修 公司 有 定 下来 吗", "sp": "Agent"}, {"s": 158610, "e": 165872, "w": "嗯 暂时 还 没有 我 先 了解 一下 这个 产品 就是说 这个 比如说 我 装 这个 的话 大概", "sp": "Customer"}, {"s": 165860, "e": 166120, "w": "啊", "sp": "Agent"}, {"s": 165872, "e": 166551, "w": "就是说", "sp": "Customer"}, {"s": 166120, "e": 166903, "w": "了 了解", "sp": "Agent"}, {"s": 166552, "e": 167006, "w": "在 在", "sp": "Customer"}, {"s": 166903, "e": 167164, "w": "了", "sp": "Agent"}, {"s": 167006, "e": 167459, "w": "什么", "sp": "Customer"}, {"s": 167164, "e": 167686, "w": "呃 那", "sp": "Agent"}, {"s": 167460, "e": 167914, "w": "费用", "sp": "Customer"}, {"s": 167686, "e": 167947, "w": "你", "sp": "Agent"}, {"s": 167914, "e": 168368, "w": "什么", "sp": "Customer"}, {"s": 167947, "e": 168469, "w": "这边", "sp": "Agent"}, {"s": 168368, "e": 168821, "w": "价格", "sp": "Customer"}, {"s": 168469, "e": 169250, "w": "是 大概", "sp": "Agent"}, {"s": 168822, "e": 169276, "w": "什么", "sp": "Customer"}, {"s": 169251, "e": 169773, "w": "准备", "sp": "Agent"}, {"s": 169276, "e": 169730, "w": "一个", "sp": "Customer"}, {"s": 169773, "e": 171600, "w": "什么 时间 装修 呢", "sp": "Agent"}, {"s": 172960, "e": 181989, "w": "装修 如果 是 方方面面 的 了解 差不多 的话 也 可能 在 四月份 呢 三 月底 啊 这 不等 了 这个 就 得 看 情况", "sp": "Customer"}, {"s": 182190, "e": 182572, "w": "啊", "sp": "Agent"}, {"s": 182270, "e": 182827, "w": "无所谓", "sp": "Customer"}, {"s": 182572, "e": 183336, "w": "了解", "sp": "Agent"}, {"s": 182827, "e": 183385, "w": "早 一点", "sp": "Customer"}, {"s": 183336, "e": 184100, "w": "了解", "sp": "Agent"}, {"s": 183385, "e": 184500, "w": "可以 晚点 可以", "sp": "Customer"}, {"s": 184470, "e": 192590, "w": "啊 了解 了 行 呃 那 您 这边 像 我们 除了 有 中央 空调 还有 新风 和 地 暖 您 这边 需要 同时 去 了解 一下 这个 方案 吗", "sp": "Agent"}, {"s": 192800, "e": 194730, "w": "嗯 都 要 都 要 都 要 装", "sp": "Customer"}, {"s": 194570, "e": 196587, "w": "都 要 的 是 吗 好 的 了解 行 那", "sp": "Agent"}, {"s": 196440, "e": 197420, "w": "对", "sp": "Customer"}, {"s": 196587, "e": 198604, "w": "我 都 帮 您 备注 上去 呃 那 是", "sp": "Agent"}, {"s": 198480, "e": 199480, "w": "嗯", "sp": "Customer"}, {"s": 198604, "e": 205390, "w": "想 多 问 一下 请问 一下 您 这边 的话 就是 家里 是 老人 小朋友 都 跟 您 启动 的 是 大概 几 口 人 呢", "sp": "Agent"}, {"s": 206830, "e": 210270, "w": "我们 这 以后 都 有 就 三个 人 吧", "sp": "Customer"}, {"s": 210190, "e": 210373, "w": "这", "sp": "Agent"}, {"s": 210270, "e": 211130, "w": "一家人", "sp": "Customer"}, {"s": 210373, "e": 214600, "w": "三口 是 是 小朋友 跟 你 一起 住 是 吗 就是 家里 没 老人 是 吗", "sp": "Agent"}, {"s": 215420, "e": 218965, "w": "嗯 老人 暂时 没有 以后 有 老人 呢 都 要", "sp": "Customer"}, {"s": 218900, "e": 219161, "w": "你", "sp": "Agent"}, {"s": 218965, "e": 219200, "w": "都", "sp": "Customer"}, {"s": 219162, "e": 219424, "w": "说", "sp": "Agent"}, {"s": 219201, "e": 219438, "w": "要", "sp": "Customer"}, {"s": 219424, "e": 219685, "w": "有", "sp": "Agent"}, {"s": 219438, "e": 219910, "w": "考虑", "sp": "Customer"}, {"s": 219686, "e": 220210, "w": "什么", "sp": "Agent"}, {"s": 219910, "e": 220620, "w": "进去 嘛", "sp": "Customer"}, {"s": 220490, "e": 221127, "w": "好 的 考虑", "sp": "Agent"}, {"s": 220900, "e": 221879, "w": "嗯", "sp": "Customer"}, {"s": 221127, "e": 223360, "w": "进去 就是 五六 个人 的 这样 的 是 吧", "sp": "Agent"}, {"s": 223550, "e": 224890, "w": "对 对 对", "sp": "Customer"}, {"s": 225100, "e": 236170, "w": "嗯 了解 了 行 那 我 情况 帮 您 反馈 一下 那 呃 您 这边 的话 手 这个 手机号 方便 添加 微 信 吗 如果 方便 的话 到时候 您 也 可以 先 把 后勤 图 给 到 我们 我们 这边 先 给 您 设计方案", "sp": "Agent"}, {"s": 236730, "e": 238500, "w": "嗯 也 可以 可以", "sp": "Customer"}, {"s": 238510, "e": 239164, "w": "也 可 以是", "sp": "Agent"}, {"s": 239040, "e": 239540, "w": "可以", "sp": "Customer"}, {"s": 239164, "e": 239655, "w": "吗 行 那", "sp": "Agent"}, {"s": 239540, "e": 239790, "w": "加", "sp": "Customer"}, {"s": 239655, "e": 239983, "w": "稍后", "sp": "Agent"}, {"s": 239790, "e": 240040, "w": "微", "sp": "Customer"}, {"s": 239983, "e": 240147, "w": "我", "sp": "Agent"}, {"s": 240040, "e": 240290, "w": "信", "sp": "Customer"}, {"s": 240147, "e": 242930, "w": "添加 一下 您 微 信 到时候 您 麻烦 通过 一下", "sp": "Agent"}, {"s": 243500, "e": 245060, "w": "嗯 好 的 好 的 嗯 嗯", "sp": "Customer"}, {"s": 244880, "e": 245985, "w": "嗯 好 的 嗯 那 这边", "sp": "Agent"}, {"s": 245940, "e": 246393, "w": "嗯", "sp": "Customer"}, {"s": 245985, "e": 246616, "w": "就 不 耽误", "sp": "Agent"}, {"s": 246393, "e": 246846, "w": "好", "sp": "Customer"}, {"s": 246617, "e": 247090, "w": "您 时间", "sp": "Agent"}, {"s": 246846, "e": 247299, "w": "嗯", "sp": "Customer"}, {"s": 247091, "e": 247881, "w": "麻烦 您 保持", "sp": "Agent"}, {"s": 247660, "e": 248105, "w": "嗯", "sp": "Customer"}, {"s": 247881, "e": 248196, "w": "手机", "sp": "Agent"}, {"s": 248105, "e": 248550, "w": "好", "sp": "Customer"}, {"s": 248196, "e": 251040, "w": "畅通 那 您 这边 离 武汉 市区 的话 是 有 多 远 呢", "sp": "Agent"}, {"s": 250980, "e": 260340, "w": "可是 离 武汉 的话 差不多 开车 可能 也 就 不到 两个 小时 吧", "sp": "Customer"}, {"s": 260450, "e": 261459, "w": "嗯 是 这样", "sp": "Agent"}, {"s": 261150, "e": 261538, "w": "过 个", "sp": "Customer"}, {"s": 261459, "e": 261711, "w": "的", "sp": "Agent"}, {"s": 261538, "e": 261927, "w": "小时", "sp": "Customer"}, {"s": 261711, "e": 262216, "w": "因为", "sp": "Agent"}, {"s": 261927, "e": 262315, "w": "啊 过", "sp": "Customer"}, {"s": 262216, "e": 262720, "w": "我们", "sp": "Agent"}, {"s": 262315, "e": 262898, "w": "个 两个", "sp": "Customer"}, {"s": 262720, "e": 262973, "w": "在", "sp": "Agent"}, {"s": 262898, "e": 263287, "w": "一百", "sp": "Customer"}, {"s": 262973, "e": 263729, "w": "武汉市", "sp": "Agent"}, {"s": 263287, "e": 263870, "w": "多 公里", "sp": "Customer"}, {"s": 264170, "e": 275370, "w": "嗯 了解 了 那 是 这样 的 如果 您 方便 的话 我们 在 武汉 的话 是 有 个 官方 展厅 展厅 的话 会 有 各种 样机 的 展示 还有 那个 样本 间 呃 想 邀请 您 去 体验 一下 您 看 方便 吗", "sp": "Agent"}, {"s": 276360, "e": 280675, "w": "嗯 这些 都 可以 啊 我 因为 我 现在 我 人 在 广州 就 比如说 我 要", "sp": "Customer"}, {"s": 280640, "e": 280884, "w": "哦", "sp": "Agent"}, {"s": 280675, "e": 281034, "w": "确定", "sp": "Customer"}, {"s": 280884, "e": 281128, "w": "人", "sp": "Agent"}, {"s": 281034, "e": 281214, "w": "好", "sp": "Customer"}, {"s": 281128, "e": 281371, "w": "在", "sp": "Agent"}, {"s": 281214, "e": 281393, "w": "了", "sp": "Customer"}, {"s": 281372, "e": 281861, "w": "广州", "sp": "Agent"}, {"s": 281394, "e": 281933, "w": "比如说", "sp": "Customer"}, {"s": 281861, "e": 282104, "w": "是", "sp": "Agent"}, {"s": 281933, "e": 282113, "w": "买", "sp": "Customer"}, {"s": 282105, "e": 282350, "w": "吧", "sp": "Agent"}, {"s": 282113, "e": 285169, "w": "你们 买 你们 的 产品 那 我 肯定 我 要 去 看 的", "sp": "Customer"}, {"s": 285450, "e": 285706, "w": "啊", "sp": "Agent"}, {"s": 285600, "e": 285780, "w": "就", "sp": "Customer"}, {"s": 285706, "e": 286218, "w": "了解", "sp": "Agent"}, {"s": 285780, "e": 286320, "w": "这个 我", "sp": "Customer"}, {"s": 286218, "e": 286731, "w": "了解", "sp": "Agent"}, {"s": 286320, "e": 287041, "w": "看到 不是", "sp": "Customer"}, {"s": 286731, "e": 287243, "w": "行 那", "sp": "Agent"}, {"s": 287041, "e": 287401, "w": "看 了", "sp": "Customer"}, {"s": 287243, "e": 287500, "w": "我", "sp": "Agent"}, {"s": 287402, "e": 288302, "w": "因为 我 有 个", "sp": "Customer"}, {"s": 288190, "e": 288626, "w": "嗯", "sp": "Agent"}, {"s": 288303, "e": 288664, "w": "朋友", "sp": "Customer"}, {"s": 288626, "e": 289500, "w": "了解", "sp": "Agent"}, {"s": 288664, "e": 298037, "w": "他们 也 是 也 是 装修 也 用 这个 牌子 所以 我 就是说 了解 一下 我 这个 房子 大概 需要 多 大 大概 就 还 在 什么 费用 我 想 了解 这个 牌子", "sp": "Customer"}, {"s": 297830, "e": 298151, "w": "嗯", "sp": "Agent"}, {"s": 298037, "e": 298396, "w": "肯定", "sp": "Customer"}, {"s": 298151, "e": 298473, "w": "嗯", "sp": "Agent"}, {"s": 298397, "e": 298577, "w": "定", "sp": "Customer"}, {"s": 298473, "e": 299116, "w": "了解", "sp": "Agent"}, {"s": 298577, "e": 299297, "w": "下来 肯定", "sp": "Customer"}, {"s": 299116, "e": 299760, "w": "了解", "sp": "Agent"}, {"s": 299298, "e": 300200, "w": "是 放 大厅 的", "sp": "Customer"}, {"s": 300330, "e": 305349, "w": "啊 可以 的 行 那 我 先 让 经销商 联系 您 给 您 提供 那个 方案 报价 您 到时候 尽量 参考 一下", "sp": "Agent"}, {"s": 306060, "e": 307808, "w": "嗯 好好 好 好好", "sp": "Customer"}, {"s": 307470, "e": 307899, "w": "嗯 好 的", "sp": "Agent"}, {"s": 307808, "e": 308100, "w": "嗯", "sp": "Customer"}, {"s": 307899, "e": 309760, "w": "那 请问 这边 还有 什么 可以 帮 您", "sp": "Agent"}, {"s": 310050, "e": 311720, "w": "嗯 好 可以 了", "sp": "Customer"}, {"s": 311600, "e": 314340, "w": "嗯 嗯 感谢 来电 祝您 生活 愉快 再见", "sp": "Agent"}]}, "aqm": {"greeting": {"greeting_said": "为您服务, 售后, 高兴, 请问, 帮助", "n_greeting_said": 5, "score": 1}, "closing": {"closing_said": "您, 感谢, 祝您, 生活, 愉快, 再见", "n_closing_said": 6, "score": 1}, "speed": {"speed_max": 6.99, "n_words": 13, "words": "那 请问 这边 还有 什么 可以 帮 您", "start": 307899, "end": 309760}}}