{"mediaId": "2022031314290796178300200000538902", "status": "Success", "dateCreated": "2022-03-21T18:45:50Z", "contentType": "audio/x-wav", "channels": "future use", "length": 207, "metadata": {"Sid": 10033, "Site_id": 783, "Audio_ch_num": 5389, "Audio_module_num": 783002, "Audio_start_time_gmt": "2022-03-13T06:25:40.683+08:00", "Transaction_id": "2022031314290796178300200000538902", "ContactID": "9204480073470000022", "Personal_id": "0", "Direction": 0, "Local_audio_start_time": "2022-03-13T14:25:40.683+08:00", "Local_audio_end_time": "2022-03-13T14:29:07.683+08:00", "Total_hold_time": "0", "Pbx_login_id": "", "Ani": "90102155368221", "Extension": "155368221", "String_extension": "90102155368221", "Switch_call_id": "SIP/AUDIO/2F3E1600-46B5-DDBE-42B4-F5524AAA0837", "Switch_id": "783000001", "Duration_seconds": 207, "Wrapup_time_in_seconds": "0", "Dnis": "13459204092", "Number_of_conferences": "0", "Number_of_holds": "0", "Number_of_transfers": "0", "Percent_of_agent_call": "107", "Percent_of_other_call": "37", "Percent_of_mutual_silence": "61", "Num_of_agent_cross": "3", "Num_of_other_cross": "2", "IsException": 0}, "transcript_detailed": {"words": [{"p": 1, "c": 0.9, "s": 3390, "e": 3964, "w": "六零", "sp": "Agent"}, {"p": 2, "c": 0.9, "s": 3964, "e": 4539, "w": "二二", "sp": "Agent"}, {"p": 3, "c": 0.9, "s": 4539, "e": 4827, "w": "号", "sp": "Agent"}, {"p": 4, "c": 0.9, "s": 4827, "e": 5976, "w": "为您服务", "sp": "Agent"}, {"p": 5, "c": 0.9, "s": 5976, "e": 6550, "w": "下午", "sp": "Agent"}, {"p": 6, "c": 0.9, "s": 6551, "e": 6839, "w": "好", "sp": "Agent"}, {"p": 7, "c": 0.9, "s": 6839, "e": 7126, "w": "在", "sp": "Agent"}, {"p": 8, "c": 0.9, "s": 7126, "e": 7700, "w": "接收", "sp": "Agent"}, {"p": 9, "c": 0.9, "s": 7701, "e": 7988, "w": "很", "sp": "Agent"}, {"p": 10, "c": 0.9, "s": 7988, "e": 8563, "w": "高兴", "sp": "Agent"}, {"p": 11, "c": 0.9, "s": 8563, "e": 9712, "w": "为您服务", "sp": "Agent"}, {"p": 12, "c": 0.9, "s": 9713, "e": 10288, "w": "请问", "sp": "Agent"}, {"p": 13, "c": 0.9, "s": 10288, "e": 10575, "w": "有", "sp": "Agent"}, {"p": 14, "c": 0.9, "s": 10575, "e": 11150, "w": "什么", "sp": "Agent"}, {"p": 15, "c": 0.9, "s": 11150, "e": 11724, "w": "可以", "sp": "Agent"}, {"p": 16, "c": 0.9, "s": 11725, "e": 12012, "w": "帮", "sp": "Agent"}, {"p": 17, "c": 0.9, "s": 12012, "e": 12300, "w": "您", "sp": "Agent"}, {"p": 18, "c": 0.9, "s": 13160, "e": 13391, "w": "喂", "sp": "Customer"}, {"p": 19, "c": 0.9, "s": 13391, "e": 13853, "w": "你好", "sp": "Customer"}, {"p": 20, "c": 0.9, "s": 13853, "e": 14315, "w": "报修", "sp": "Customer"}, {"p": 21, "c": 0.9, "s": 14315, "e": 14776, "w": "一下", "sp": "Customer"}, {"p": 22, "c": 0.9, "s": 14777, "e": 15240, "w": "空调", "sp": "Customer"}, {"p": 23, "c": 0.9, "s": 15450, "e": 15620, "w": "好", "sp": "Agent"}, {"p": 24, "c": 0.9, "s": 15620, "e": 15790, "w": "的", "sp": "Agent"}, {"p": 25, "c": 0.9, "s": 15790, "e": 15960, "w": "您", "sp": "Agent"}, {"p": 26, "c": 0.9, "s": 15960, "e": 16299, "w": "这边", "sp": "Agent"}, {"p": 27, "c": 0.9, "s": 16299, "e": 16470, "w": "是", "sp": "Agent"}, {"p": 28, "c": 0.9, "s": 16470, "e": 16980, "w": "经销商", "sp": "Agent"}, {"p": 29, "c": 0.9, "s": 16980, "e": 17150, "w": "帮", "sp": "Agent"}, {"p": 30, "c": 0.9, "s": 17150, "e": 17320, "w": "别", "sp": "Agent"}, {"p": 31, "c": 0.9, "s": 17320, "e": 17660, "w": "人代", "sp": "Agent"}, {"p": 32, "c": 0.9, "s": 17660, "e": 17830, "w": "报", "sp": "Agent"}, {"p": 33, "c": 0.9, "s": 17830, "e": 18000, "w": "吗", "sp": "Agent"}, {"p": 34, "c": 0.9, "s": 18000, "e": 18340, "w": "还是", "sp": "Agent"}, {"p": 35, "c": 0.9, "s": 18340, "e": 18510, "w": "呃", "sp": "Agent"}, {"p": 36, "c": 0.9, "s": 18510, "e": 18850, "w": "自己", "sp": "Agent"}, {"p": 37, "c": 0.9, "s": 18850, "e": 19020, "w": "家", "sp": "Agent"}, {"p": 38, "c": 0.9, "s": 19020, "e": 19360, "w": "使用", "sp": "Agent"}, {"p": 39, "c": 0.9, "s": 19360, "e": 19530, "w": "的", "sp": "Agent"}, {"p": 40, "c": 0.9, "s": 19530, "e": 19700, "w": "呀", "sp": "Agent"}, {"p": 41, "c": 0.9, "s": 20310, "e": 20630, "w": "呃", "sp": "Customer"}, {"p": 42, "c": 0.9, "s": 20630, "e": 21269, "w": "自己", "sp": "Customer"}, {"p": 43, "c": 0.9, "s": 21270, "e": 21590, "w": "在", "sp": "Customer"}, {"p": 44, "c": 0.9, "s": 21590, "e": 22230, "w": "使用", "sp": "Customer"}, {"p": 45, "c": 0.9, "s": 22390, "e": 22594, "w": "嗯", "sp": "Agent"}, {"p": 46, "c": 0.9, "s": 22594, "e": 22799, "w": "好", "sp": "Agent"}, {"p": 47, "c": 0.9, "s": 22799, "e": 23004, "w": "的", "sp": "Agent"}, {"p": 48, "c": 0.9, "s": 23004, "e": 23208, "w": "那", "sp": "Agent"}, {"p": 49, "c": 0.9, "s": 23208, "e": 23618, "w": "这边", "sp": "Agent"}, {"p": 50, "c": 0.9, "s": 23618, "e": 23822, "w": "呃", "sp": "Agent"}, {"p": 51, "c": 0.9, "s": 23822, "e": 24232, "w": "怎么", "sp": "Agent"}, {"p": 52, "c": 0.9, "s": 24232, "e": 24641, "w": "称呼", "sp": "Agent"}, {"p": 53, "c": 0.9, "s": 24641, "e": 24846, "w": "您", "sp": "Agent"}, {"p": 54, "c": 0.9, "s": 24846, "e": 25050, "w": "呢", "sp": "Agent"}, {"p": 55, "c": 0.9, "s": 25050, "e": 25460, "w": "先生", "sp": "Agent"}, {"p": 56, "c": 0.9, "s": 26990, "e": 28630, "w": "嗯", "sp": "Customer"}, {"p": 57, "c": 0.9, "s": 29090, "e": 29455, "w": "涂", "sp": "Customer"}, {"p": 58, "c": 0.9, "s": 29455, "e": 30187, "w": "先生", "sp": "Customer"}, {"p": 59, "c": 0.9, "s": 30187, "e": 30918, "w": "涂料", "sp": "Customer"}, {"p": 60, "c": 0.9, "s": 30630, "e": 31089, "w": "嗯", "sp": "Agent"}, {"p": 61, "c": 0.9, "s": 30918, "e": 31283, "w": "的", "sp": "Customer"}, {"p": 62, "c": 0.9, "s": 31090, "e": 31550, "w": "好", "sp": "Agent"}, {"p": 63, "c": 0.9, "s": 31284, "e": 31650, "w": "涂", "sp": "Customer"}, {"p": 64, "c": 0.9, "s": 31880, "e": 32217, "w": "不要", "sp": "Agent"}, {"p": 65, "c": 0.9, "s": 32217, "e": 32384, "w": "的", "sp": "Agent"}, {"p": 66, "c": 0.9, "s": 32384, "e": 32553, "w": "图", "sp": "Agent"}, {"p": 67, "c": 0.9, "s": 32554, "e": 32723, "w": "好", "sp": "Agent"}, {"p": 68, "c": 0.9, "s": 32723, "e": 32891, "w": "的", "sp": "Agent"}, {"p": 69, "c": 0.9, "s": 32891, "e": 33059, "w": "那", "sp": "Agent"}, {"p": 70, "c": 0.9, "s": 33060, "e": 33397, "w": "方便", "sp": "Agent"}, {"p": 71, "c": 0.9, "s": 33397, "e": 33566, "w": "就", "sp": "Agent"}, {"p": 72, "c": 0.9, "s": 33566, "e": 33735, "w": "留", "sp": "Agent"}, {"p": 73, "c": 0.9, "s": 33735, "e": 34072, "w": "一个", "sp": "Agent"}, {"p": 74, "c": 0.9, "s": 34072, "e": 34240, "w": "您", "sp": "Agent"}, {"p": 75, "c": 0.9, "s": 34241, "e": 34409, "w": "呃", "sp": "Agent"}, {"p": 76, "c": 0.9, "s": 34409, "e": 34915, "w": "到时候", "sp": "Agent"}, {"p": 77, "c": 0.9, "s": 34915, "e": 35252, "w": "方便", "sp": "Agent"}, {"p": 78, "c": 0.9, "s": 35252, "e": 35590, "w": "联系", "sp": "Agent"}, {"p": 79, "c": 0.9, "s": 35590, "e": 35758, "w": "到", "sp": "Agent"}, {"p": 80, "c": 0.9, "s": 35758, "e": 35927, "w": "您", "sp": "Agent"}, {"p": 81, "c": 0.9, "s": 35927, "e": 36095, "w": "的", "sp": "Agent"}, {"p": 82, "c": 0.9, "s": 36096, "e": 36770, "w": "手机号码", "sp": "Agent"}, {"p": 83, "c": 0.9, "s": 36770, "e": 36939, "w": "我", "sp": "Agent"}, {"p": 84, "c": 0.9, "s": 36939, "e": 37276, "w": "这边", "sp": "Agent"}, {"p": 85, "c": 0.9, "s": 37276, "e": 37445, "w": "来", "sp": "Agent"}, {"p": 86, "c": 0.9, "s": 37445, "e": 37614, "w": "给", "sp": "Agent"}, {"p": 87, "c": 0.9, "s": 37614, "e": 37781, "w": "您", "sp": "Agent"}, {"p": 88, "c": 0.9, "s": 37782, "e": 38120, "w": "登记", "sp": "Agent"}, {"p": 89, "c": 0.9, "s": 38760, "e": 39216, "w": "幺", "sp": "Customer"}, {"p": 90, "c": 0.9, "s": 39216, "e": 39673, "w": "八", "sp": "Customer"}, {"p": 91, "c": 0.9, "s": 39673, "e": 40130, "w": "幺", "sp": "Customer"}, {"p": 92, "c": 0.9, "s": 40130, "e": 40586, "w": "幺", "sp": "Customer"}, {"p": 93, "c": 0.9, "s": 40586, "e": 41043, "w": "二", "sp": "Customer"}, {"p": 94, "c": 0.9, "s": 41043, "e": 41500, "w": "零", "sp": "Customer"}, {"p": 95, "c": 0.9, "s": 41840, "e": 42216, "w": "幺", "sp": "Agent"}, {"p": 96, "c": 0.9, "s": 42216, "e": 42593, "w": "八", "sp": "Agent"}, {"p": 97, "c": 0.9, "s": 42593, "e": 42969, "w": "幺", "sp": "Agent"}, {"p": 98, "c": 0.9, "s": 42970, "e": 43346, "w": "幺", "sp": "Agent"}, {"p": 99, "c": 0.9, "s": 43346, "e": 43723, "w": "二", "sp": "Agent"}, {"p": 100, "c": 0.9, "s": 43723, "e": 44100, "w": "零", "sp": "Agent"}, {"p": 101, "c": 0.9, "s": 44840, "e": 45235, "w": "幺", "sp": "Customer"}, {"p": 102, "c": 0.9, "s": 45235, "e": 45631, "w": "八", "sp": "Customer"}, {"p": 103, "c": 0.9, "s": 45631, "e": 46027, "w": "幺", "sp": "Customer"}, {"p": 104, "c": 0.9, "s": 46027, "e": 46422, "w": "二", "sp": "Customer"}, {"p": 105, "c": 0.9, "s": 46422, "e": 46818, "w": "零", "sp": "Customer"}, {"p": 106, "c": 0.9, "s": 46818, "e": 47610, "w": "七三", "sp": "Customer"}, {"p": 107, "c": 0.9, "s": 48680, "e": 49920, "w": "第三", "sp": "Agent"}, {"p": 108, "c": 0.9, "s": 51020, "e": 51600, "w": "幺", "sp": "Agent"}, {"p": 109, "c": 0.9, "s": 51050, "e": 51600, "w": "二", "sp": "Customer"}, {"p": 110, "c": 0.9, "s": 51600, "e": 52180, "w": "八", "sp": "Agent"}, {"p": 111, "c": 0.9, "s": 51600, "e": 52699, "w": "五八", "sp": "Customer"}, {"p": 112, "c": 0.9, "s": 52180, "e": 52760, "w": "幺", "sp": "Agent"}, {"p": 113, "c": 0.9, "s": 52700, "e": 53250, "w": "零", "sp": "Customer"}, {"p": 114, "c": 0.9, "s": 53480, "e": 53753, "w": "呃", "sp": "Agent"}, {"p": 115, "c": 0.9, "s": 53754, "e": 54029, "w": "呃", "sp": "Agent"}, {"p": 116, "c": 0.9, "s": 54029, "e": 54304, "w": "稍", "sp": "Agent"}, {"p": 117, "c": 0.9, "s": 54304, "e": 54579, "w": "等", "sp": "Agent"}, {"p": 118, "c": 0.9, "s": 54579, "e": 54854, "w": "您", "sp": "Agent"}, {"p": 119, "c": 0.9, "s": 54854, "e": 55403, "w": "这边", "sp": "Agent"}, {"p": 120, "c": 0.9, "s": 55403, "e": 55678, "w": "报", "sp": "Agent"}, {"p": 121, "c": 0.9, "s": 55678, "e": 56228, "w": "稍微", "sp": "Agent"}, {"p": 122, "c": 0.9, "s": 56228, "e": 56502, "w": "慢", "sp": "Agent"}, {"p": 123, "c": 0.9, "s": 56502, "e": 57052, "w": "一点", "sp": "Agent"}, {"p": 124, "c": 0.9, "s": 57052, "e": 57327, "w": "是", "sp": "Agent"}, {"p": 125, "c": 0.9, "s": 57327, "e": 57602, "w": "幺", "sp": "Agent"}, {"p": 126, "c": 0.9, "s": 57602, "e": 57877, "w": "八", "sp": "Agent"}, {"p": 127, "c": 0.9, "s": 57877, "e": 58150, "w": "呃", "sp": "Agent"}, {"p": 128, "c": 0.9, "s": 58151, "e": 58426, "w": "幺", "sp": "Agent"}, {"p": 129, "c": 0.9, "s": 58426, "e": 58701, "w": "八", "sp": "Agent"}, {"p": 130, "c": 0.9, "s": 58701, "e": 58976, "w": "幺", "sp": "Agent"}, {"p": 131, "c": 0.9, "s": 58976, "e": 59251, "w": "幺", "sp": "Agent"}, {"p": 132, "c": 0.9, "s": 59251, "e": 59524, "w": "二", "sp": "Agent"}, {"p": 133, "c": 0.9, "s": 59525, "e": 59800, "w": "零", "sp": "Agent"}, {"p": 134, "c": 0.9, "s": 59800, "e": 60075, "w": "幺", "sp": "Agent"}, {"p": 135, "c": 0.9, "s": 60075, "e": 60625, "w": "之后", "sp": "Agent"}, {"p": 136, "c": 0.9, "s": 60625, "e": 60900, "w": "是", "sp": "Agent"}, {"p": 137, "c": 0.9, "s": 61160, "e": 61807, "w": "不是", "sp": "Customer"}, {"p": 138, "c": 0.9, "s": 61807, "e": 62454, "w": "不是", "sp": "Customer"}, {"p": 139, "c": 0.9, "s": 62454, "e": 62778, "w": "你", "sp": "Customer"}, {"p": 140, "c": 0.9, "s": 62778, "e": 63101, "w": "听", "sp": "Customer"}, {"p": 141, "c": 0.9, "s": 63101, "e": 63425, "w": "我", "sp": "Customer"}, {"p": 142, "c": 0.9, "s": 63380, "e": 63786, "w": "嗯", "sp": "Agent"}, {"p": 143, "c": 0.9, "s": 63425, "e": 63749, "w": "念", "sp": "Customer"}, {"p": 144, "c": 0.9, "s": 63749, "e": 64072, "w": "吧", "sp": "Customer"}, {"p": 145, "c": 0.9, "s": 63786, "e": 64193, "w": "嗯", "sp": "Agent"}, {"p": 146, "c": 0.9, "s": 64072, "e": 64395, "w": "幺", "sp": "Customer"}, {"p": 147, "c": 0.9, "s": 64193, "e": 64600, "w": "嗯", "sp": "Agent"}, {"p": 148, "c": 0.9, "s": 64396, "e": 64720, "w": "八", "sp": "Customer"}, {"p": 149, "c": 0.9, "s": 65030, "e": 65602, "w": "幺", "sp": "Customer"}, {"p": 150, "c": 0.9, "s": 65370, "e": 66000, "w": "幺", "sp": "Agent"}, {"p": 151, "c": 0.9, "s": 65602, "e": 66173, "w": "八", "sp": "Customer"}, {"p": 152, "c": 0.9, "s": 66000, "e": 66630, "w": "八", "sp": "Agent"}, {"p": 153, "c": 0.9, "s": 66174, "e": 66746, "w": "幺", "sp": "Customer"}, {"p": 154, "c": 0.9, "s": 66746, "e": 67318, "w": "二", "sp": "Customer"}, {"p": 155, "c": 0.9, "s": 67318, "e": 67890, "w": "零", "sp": "Customer"}, {"p": 156, "c": 0.9, "s": 68170, "e": 68636, "w": "幺", "sp": "Agent"}, {"p": 157, "c": 0.9, "s": 68636, "e": 69103, "w": "二", "sp": "Agent"}, {"p": 158, "c": 0.9, "s": 69103, "e": 69570, "w": "零", "sp": "Agent"}, {"p": 159, "c": 0.9, "s": 70440, "e": 71770, "w": "七三", "sp": "Customer"}, {"p": 160, "c": 0.9, "s": 72500, "e": 73670, "w": "第三", "sp": "Agent"}, {"p": 161, "c": 0.9, "s": 74690, "e": 75312, "w": "二", "sp": "Customer"}, {"p": 162, "c": 0.9, "s": 75312, "e": 76557, "w": "五八", "sp": "Customer"}, {"p": 163, "c": 0.9, "s": 76557, "e": 77180, "w": "零", "sp": "Customer"}, {"p": 164, "c": 0.9, "s": 77520, "e": 77799, "w": "二", "sp": "Agent"}, {"p": 165, "c": 0.9, "s": 77800, "e": 78360, "w": "五八", "sp": "Agent"}, {"p": 166, "c": 0.9, "s": 78360, "e": 78640, "w": "零", "sp": "Agent"}, {"p": 167, "c": 0.9, "s": 78640, "e": 78920, "w": "好", "sp": "Agent"}, {"p": 168, "c": 0.9, "s": 78920, "e": 79200, "w": "的", "sp": "Agent"}, {"p": 169, "c": 0.9, "s": 79200, "e": 79479, "w": "那", "sp": "Agent"}, {"p": 170, "c": 0.9, "s": 79480, "e": 79760, "w": "再", "sp": "Agent"}, {"p": 171, "c": 0.9, "s": 79760, "e": 80040, "w": "跟", "sp": "Agent"}, {"p": 172, "c": 0.9, "s": 80040, "e": 80320, "w": "您", "sp": "Agent"}, {"p": 173, "c": 0.9, "s": 80320, "e": 80880, "w": "核对", "sp": "Agent"}, {"p": 174, "c": 0.9, "s": 80880, "e": 81439, "w": "一下", "sp": "Agent"}, {"p": 175, "c": 0.9, "s": 81440, "e": 81720, "w": "是", "sp": "Agent"}, {"p": 176, "c": 0.9, "s": 81720, "e": 82000, "w": "幺", "sp": "Agent"}, {"p": 177, "c": 0.9, "s": 82000, "e": 82280, "w": "八", "sp": "Agent"}, {"p": 178, "c": 0.9, "s": 82280, "e": 82560, "w": "幺", "sp": "Agent"}, {"p": 179, "c": 0.9, "s": 82560, "e": 82840, "w": "二", "sp": "Agent"}, {"p": 180, "c": 0.9, "s": 82840, "e": 83399, "w": "零七", "sp": "Agent"}, {"p": 181, "c": 0.9, "s": 83400, "e": 83960, "w": "三二", "sp": "Agent"}, {"p": 182, "c": 0.9, "s": 83960, "e": 84520, "w": "五八", "sp": "Agent"}, {"p": 183, "c": 0.9, "s": 84520, "e": 84799, "w": "零", "sp": "Agent"}, {"p": 184, "c": 0.9, "s": 84800, "e": 85080, "w": "对", "sp": "Agent"}, {"p": 185, "c": 0.9, "s": 85080, "e": 85360, "w": "吗", "sp": "Agent"}, {"p": 186, "c": 0.9, "s": 85800, "e": 86750, "w": "对", "sp": "Customer"}, {"p": 187, "c": 0.9, "s": 86950, "e": 87149, "w": "嗯", "sp": "Agent"}, {"p": 188, "c": 0.9, "s": 87150, "e": 87350, "w": "好", "sp": "Agent"}, {"p": 189, "c": 0.9, "s": 87350, "e": 87549, "w": "的", "sp": "Agent"}, {"p": 190, "c": 0.9, "s": 87550, "e": 87750, "w": "那", "sp": "Agent"}, {"p": 191, "c": 0.9, "s": 87750, "e": 88150, "w": "家里", "sp": "Agent"}, {"p": 192, "c": 0.9, "s": 88150, "e": 88350, "w": "的", "sp": "Agent"}, {"p": 193, "c": 0.9, "s": 88350, "e": 88750, "w": "机器", "sp": "Agent"}, {"p": 194, "c": 0.9, "s": 88750, "e": 89150, "w": "大概", "sp": "Agent"}, {"p": 195, "c": 0.9, "s": 89150, "e": 89350, "w": "是", "sp": "Agent"}, {"p": 196, "c": 0.9, "s": 89350, "e": 89750, "w": "什么", "sp": "Agent"}, {"p": 197, "c": 0.9, "s": 89750, "e": 90150, "w": "时间", "sp": "Agent"}, {"p": 198, "c": 0.9, "s": 90150, "e": 90550, "w": "购买", "sp": "Agent"}, {"p": 199, "c": 0.9, "s": 90550, "e": 90750, "w": "的", "sp": "Agent"}, {"p": 200, "c": 0.9, "s": 90750, "e": 90950, "w": "呢", "sp": "Agent"}, {"p": 201, "c": 0.9, "s": 91610, "e": 92320, "w": "去年", "sp": "Customer"}, {"p": 202, "c": 0.9, "s": 92320, "e": 92675, "w": "买", "sp": "Customer"}, {"p": 203, "c": 0.9, "s": 92675, "e": 93030, "w": "的", "sp": "Customer"}, {"p": 204, "c": 0.9, "s": 93230, "e": 93716, "w": "去年", "sp": "Agent"}, {"p": 205, "c": 0.9, "s": 93716, "e": 93960, "w": "好", "sp": "Agent"}, {"p": 206, "c": 0.9, "s": 93960, "e": 94202, "w": "的", "sp": "Agent"}, {"p": 207, "c": 0.9, "s": 94203, "e": 94446, "w": "那", "sp": "Agent"}, {"p": 208, "c": 0.9, "s": 94446, "e": 94933, "w": "这个", "sp": "Agent"}, {"p": 209, "c": 0.9, "s": 94933, "e": 95175, "w": "呃", "sp": "Agent"}, {"p": 210, "c": 0.9, "s": 95176, "e": 95663, "w": "机器", "sp": "Agent"}, {"p": 211, "c": 0.9, "s": 95663, "e": 96150, "w": "的话", "sp": "Agent"}, {"p": 212, "c": 0.9, "s": 96150, "e": 96636, "w": "型号", "sp": "Agent"}, {"p": 213, "c": 0.9, "s": 96636, "e": 96880, "w": "您", "sp": "Agent"}, {"p": 214, "c": 0.9, "s": 96880, "e": 97366, "w": "知道", "sp": "Agent"}, {"p": 215, "c": 0.9, "s": 97366, "e": 97610, "w": "吗", "sp": "Agent"}, {"p": 216, "c": 0.9, "s": 98310, "e": 98930, "w": "放在", "sp": "Customer"}, {"p": 217, "c": 0.9, "s": 98930, "e": 99240, "w": "丰", "sp": "Customer"}, {"p": 218, "c": 0.9, "s": 99240, "e": 99549, "w": "巢", "sp": "Customer"}, {"p": 219, "c": 0.9, "s": 99550, "e": 99860, "w": "吧", "sp": "Customer"}, {"p": 220, "c": 0.9, "s": 99940, "e": 100121, "w": "嗯", "sp": "Agent"}, {"p": 221, "c": 0.9, "s": 100121, "e": 100484, "w": "先生", "sp": "Agent"}, {"p": 222, "c": 0.9, "s": 100484, "e": 100847, "w": "非常", "sp": "Agent"}, {"p": 223, "c": 0.9, "s": 100847, "e": 101210, "w": "空闲", "sp": "Agent"}, {"p": 224, "c": 0.9, "s": 101210, "e": 101391, "w": "好", "sp": "Agent"}, {"p": 225, "c": 0.9, "s": 101391, "e": 101572, "w": "的", "sp": "Agent"}, {"p": 226, "c": 0.9, "s": 101572, "e": 101754, "w": "那", "sp": "Agent"}, {"p": 227, "c": 0.9, "s": 101754, "e": 101935, "w": "是", "sp": "Agent"}, {"p": 228, "c": 0.9, "s": 101935, "e": 102298, "w": "遇到", "sp": "Agent"}, {"p": 229, "c": 0.9, "s": 102298, "e": 102479, "w": "了", "sp": "Agent"}, {"p": 230, "c": 0.9, "s": 102480, "e": 102842, "w": "什么", "sp": "Agent"}, {"p": 231, "c": 0.9, "s": 102842, "e": 103205, "w": "问题", "sp": "Agent"}, {"p": 232, "c": 0.9, "s": 103205, "e": 103387, "w": "呀", "sp": "Agent"}, {"p": 233, "c": 0.9, "s": 103387, "e": 103750, "w": "现在", "sp": "Agent"}, {"p": 234, "c": 0.9, "s": 105450, "e": 105797, "w": "嗯", "sp": "Customer"}, {"p": 235, "c": 0.9, "s": 105797, "e": 106491, "w": "感觉", "sp": "Customer"}, {"p": 236, "c": 0.9, "s": 106491, "e": 107186, "w": "有点", "sp": "Customer"}, {"p": 237, "c": 0.9, "s": 107186, "e": 107880, "w": "声音", "sp": "Customer"}, {"p": 238, "c": 0.9, "s": 107880, "e": 108228, "w": "偏", "sp": "Customer"}, {"p": 239, "c": 0.9, "s": 108228, "e": 108575, "w": "大", "sp": "Customer"}, {"p": 240, "c": 0.9, "s": 108575, "e": 108922, "w": "外", "sp": "Customer"}, {"p": 241, "c": 0.9, "s": 108922, "e": 109270, "w": "机", "sp": "Customer"}, {"p": 242, "c": 0.9, "s": 109230, "e": 109480, "w": "嗯", "sp": "Agent"}, {"p": 243, "c": 0.9, "s": 109480, "e": 110230, "w": "室外机", "sp": "Agent"}, {"p": 244, "c": 0.9, "s": 110230, "e": 110730, "w": "现在", "sp": "Agent"}, {"p": 245, "c": 0.9, "s": 110730, "e": 110980, "w": "有", "sp": "Agent"}, {"p": 246, "c": 0.9, "s": 110980, "e": 111480, "w": "噪音", "sp": "Agent"}, {"p": 247, "c": 0.9, "s": 111480, "e": 111730, "w": "比", "sp": "Agent"}, {"p": 248, "c": 0.9, "s": 111730, "e": 112230, "w": "较大", "sp": "Agent"}, {"p": 249, "c": 0.9, "s": 112230, "e": 112480, "w": "是", "sp": "Agent"}, {"p": 250, "c": 0.9, "s": 112480, "e": 112730, "w": "吗", "sp": "Agent"}, {"p": 251, "c": 0.9, "s": 112990, "e": 114130, "w": "对", "sp": "Customer"}, {"p": 252, "c": 0.9, "s": 114430, "e": 114593, "w": "嗯", "sp": "Agent"}, {"p": 253, "c": 0.9, "s": 114593, "e": 114757, "w": "好", "sp": "Agent"}, {"p": 254, "c": 0.9, "s": 114757, "e": 114921, "w": "的", "sp": "Agent"}, {"p": 255, "c": 0.9, "s": 114921, "e": 115085, "w": "那", "sp": "Agent"}, {"p": 256, "c": 0.9, "s": 115085, "e": 115248, "w": "也", "sp": "Agent"}, {"p": 257, "c": 0.9, "s": 115248, "e": 115576, "w": "抱歉", "sp": "Agent"}, {"p": 258, "c": 0.9, "s": 115576, "e": 115740, "w": "给", "sp": "Agent"}, {"p": 259, "c": 0.9, "s": 115740, "e": 115903, "w": "您", "sp": "Agent"}, {"p": 260, "c": 0.9, "s": 115903, "e": 116231, "w": "带来", "sp": "Agent"}, {"p": 261, "c": 0.9, "s": 116231, "e": 116558, "w": "不便", "sp": "Agent"}, {"p": 262, "c": 0.9, "s": 116558, "e": 116722, "w": "了", "sp": "Agent"}, {"p": 263, "c": 0.9, "s": 116722, "e": 116886, "w": "您", "sp": "Agent"}, {"p": 264, "c": 0.9, "s": 116886, "e": 117213, "w": "这个", "sp": "Agent"}, {"p": 265, "c": 0.9, "s": 117213, "e": 117541, "w": "机器", "sp": "Agent"}, {"p": 266, "c": 0.9, "s": 117541, "e": 117868, "w": "的话", "sp": "Agent"}, {"p": 267, "c": 0.9, "s": 117868, "e": 118032, "w": "呢", "sp": "Agent"}, {"p": 268, "c": 0.9, "s": 118032, "e": 118196, "w": "还", "sp": "Agent"}, {"p": 269, "c": 0.9, "s": 118196, "e": 118360, "w": "在", "sp": "Agent"}, {"p": 270, "c": 0.9, "s": 118360, "e": 118687, "w": "质保", "sp": "Agent"}, {"p": 271, "c": 0.9, "s": 118687, "e": 119015, "w": "期内", "sp": "Agent"}, {"p": 272, "c": 0.9, "s": 119015, "e": 119342, "w": "需要", "sp": "Agent"}, {"p": 273, "c": 0.9, "s": 119342, "e": 119670, "w": "提前", "sp": "Agent"}, {"p": 274, "c": 0.9, "s": 119670, "e": 119997, "w": "准备", "sp": "Agent"}, {"p": 275, "c": 0.9, "s": 119997, "e": 120161, "w": "好", "sp": "Agent"}, {"p": 276, "c": 0.9, "s": 120161, "e": 120488, "w": "购机", "sp": "Agent"}, {"p": 277, "c": 0.9, "s": 120488, "e": 120816, "w": "发票", "sp": "Agent"}, {"p": 278, "c": 0.9, "s": 120816, "e": 121143, "w": "或者", "sp": "Agent"}, {"p": 279, "c": 0.9, "s": 121143, "e": 121307, "w": "是", "sp": "Agent"}, {"p": 280, "c": 0.9, "s": 121307, "e": 121635, "w": "合同", "sp": "Agent"}, {"p": 281, "c": 0.9, "s": 121635, "e": 121798, "w": "就", "sp": "Agent"}, {"p": 282, "c": 0.9, "s": 121798, "e": 121962, "w": "行", "sp": "Agent"}, {"p": 283, "c": 0.9, "s": 121962, "e": 122126, "w": "好", "sp": "Agent"}, {"p": 284, "c": 0.9, "s": 122126, "e": 122290, "w": "吗", "sp": "Agent"}, {"p": 285, "c": 0.9, "s": 122400, "e": 122732, "w": "嗯", "sp": "Customer"}, {"p": 286, "c": 0.9, "s": 122732, "e": 123064, "w": "嗯", "sp": "Customer"}, {"p": 287, "c": 0.9, "s": 123064, "e": 123396, "w": "嗯", "sp": "Customer"}, {"p": 288, "c": 0.9, "s": 123396, "e": 123728, "w": "嗯", "sp": "Customer"}, {"p": 289, "c": 0.9, "s": 123728, "e": 124060, "w": "嗯", "sp": "Customer"}, {"p": 290, "c": 0.9, "s": 124220, "e": 124409, "w": "嗯", "sp": "Agent"}, {"p": 291, "c": 0.9, "s": 124409, "e": 124598, "w": "好", "sp": "Agent"}, {"p": 292, "c": 0.9, "s": 124598, "e": 124788, "w": "的", "sp": "Agent"}, {"p": 293, "c": 0.9, "s": 124788, "e": 124977, "w": "那", "sp": "Agent"}, {"p": 294, "c": 0.9, "s": 124977, "e": 125167, "w": "您", "sp": "Agent"}, {"p": 295, "c": 0.9, "s": 125167, "e": 125356, "w": "的", "sp": "Agent"}, {"p": 296, "c": 0.9, "s": 125356, "e": 125735, "w": "地址", "sp": "Agent"}, {"p": 297, "c": 0.9, "s": 125735, "e": 125924, "w": "是", "sp": "Agent"}, {"p": 298, "c": 0.9, "s": 125924, "e": 126114, "w": "在", "sp": "Agent"}, {"p": 299, "c": 0.9, "s": 126114, "e": 126303, "w": "哪", "sp": "Agent"}, {"p": 300, "c": 0.9, "s": 126303, "e": 126682, "w": "一个", "sp": "Agent"}, {"p": 301, "c": 0.9, "s": 126682, "e": 126871, "w": "省", "sp": "Agent"}, {"p": 302, "c": 0.9, "s": 126871, "e": 127250, "w": "市区", "sp": "Agent"}, {"p": 303, "c": 0.9, "s": 127250, "e": 127440, "w": "呢", "sp": "Agent"}, {"p": 304, "c": 0.9, "s": 127880, "e": 128720, "w": "福建省", "sp": "Customer"}, {"p": 305, "c": 0.9, "s": 128720, "e": 129560, "w": "厦门市", "sp": "Customer"}, {"p": 306, "c": 0.9, "s": 129560, "e": 130119, "w": "前埔", "sp": "Customer"}, {"p": 307, "c": 0.9, "s": 130119, "e": 130399, "w": "路", "sp": "Customer"}, {"p": 308, "c": 0.9, "s": 130399, "e": 130959, "w": "那个", "sp": "Customer"}, {"p": 309, "c": 0.9, "s": 130960, "e": 131520, "w": "航空", "sp": "Customer"}, {"p": 310, "c": 0.9, "s": 131520, "e": 132080, "w": "基地", "sp": "Customer"}, {"p": 311, "c": 0.9, "s": 132270, "e": 132480, "w": "哦", "sp": "Agent"}, {"p": 312, "c": 0.9, "s": 132480, "e": 132900, "w": "航空", "sp": "Agent"}, {"p": 313, "c": 0.9, "s": 132900, "e": 133321, "w": "基地", "sp": "Agent"}, {"p": 314, "c": 0.9, "s": 133321, "e": 133531, "w": "您", "sp": "Agent"}, {"p": 315, "c": 0.9, "s": 133531, "e": 133741, "w": "稍", "sp": "Agent"}, {"p": 316, "c": 0.9, "s": 133741, "e": 133951, "w": "等", "sp": "Agent"}, {"p": 317, "c": 0.9, "s": 133951, "e": 134161, "w": "啊", "sp": "Agent"}, {"p": 318, "c": 0.9, "s": 134161, "e": 134582, "w": "这边", "sp": "Agent"}, {"p": 319, "c": 0.9, "s": 134582, "e": 134792, "w": "我", "sp": "Agent"}, {"p": 320, "c": 0.9, "s": 134792, "e": 135002, "w": "看", "sp": "Agent"}, {"p": 321, "c": 0.9, "s": 135002, "e": 135213, "w": "了", "sp": "Agent"}, {"p": 322, "c": 0.9, "s": 135213, "e": 135633, "w": "一下", "sp": "Agent"}, {"p": 323, "c": 0.9, "s": 135633, "e": 136053, "w": "地址", "sp": "Agent"}, {"p": 324, "c": 0.9, "s": 136053, "e": 136264, "w": "在", "sp": "Agent"}, {"p": 325, "c": 0.9, "s": 136264, "e": 136894, "w": "福建省", "sp": "Agent"}, {"p": 326, "c": 0.9, "s": 136894, "e": 137315, "w": "厦门", "sp": "Agent"}, {"p": 327, "c": 0.9, "s": 137315, "e": 137525, "w": "呃", "sp": "Agent"}, {"p": 328, "c": 0.9, "s": 137525, "e": 138155, "w": "厦门市", "sp": "Agent"}, {"p": 329, "c": 0.9, "s": 138156, "e": 138576, "w": "思明", "sp": "Agent"}, {"p": 330, "c": 0.9, "s": 138576, "e": 138786, "w": "区", "sp": "Agent"}, {"p": 331, "c": 0.9, "s": 138786, "e": 138996, "w": "文", "sp": "Agent"}, {"p": 332, "c": 0.9, "s": 138996, "e": 139207, "w": "兴", "sp": "Agent"}, {"p": 333, "c": 0.9, "s": 139207, "e": 139627, "w": "西路", "sp": "Agent"}, {"p": 334, "c": 0.9, "s": 139627, "e": 140048, "w": "源泉", "sp": "Agent"}, {"p": 335, "c": 0.9, "s": 140048, "e": 140468, "w": "航空", "sp": "Agent"}, {"p": 336, "c": 0.9, "s": 140468, "e": 140888, "w": "工程", "sp": "Agent"}, {"p": 337, "c": 0.9, "s": 140888, "e": 141309, "w": "基地", "sp": "Agent"}, {"p": 338, "c": 0.9, "s": 141309, "e": 141729, "w": "这里", "sp": "Agent"}, {"p": 339, "c": 0.9, "s": 141729, "e": 141940, "w": "吗", "sp": "Agent"}, {"p": 340, "c": 0.9, "s": 142660, "e": 143600, "w": "对", "sp": "Customer"}, {"p": 341, "c": 0.9, "s": 143820, "e": 144040, "w": "啊", "sp": "Agent"}, {"p": 342, "c": 0.9, "s": 144040, "e": 144260, "w": "好", "sp": "Agent"}, {"p": 343, "c": 0.9, "s": 144261, "e": 144481, "w": "的", "sp": "Agent"}, {"p": 344, "c": 0.9, "s": 144481, "e": 144702, "w": "那", "sp": "Agent"}, {"p": 345, "c": 0.9, "s": 144702, "e": 144922, "w": "是", "sp": "Agent"}, {"p": 346, "c": 0.9, "s": 144922, "e": 145584, "w": "有没有", "sp": "Agent"}, {"p": 347, "c": 0.9, "s": 145584, "e": 145805, "w": "几", "sp": "Agent"}, {"p": 348, "c": 0.9, "s": 145805, "e": 146025, "w": "楼", "sp": "Agent"}, {"p": 349, "c": 0.9, "s": 146025, "e": 146465, "w": "之类", "sp": "Agent"}, {"p": 350, "c": 0.9, "s": 146466, "e": 146907, "w": "或者", "sp": "Agent"}, {"p": 351, "c": 0.9, "s": 146907, "e": 147127, "w": "几", "sp": "Agent"}, {"p": 352, "c": 0.9, "s": 147128, "e": 147348, "w": "零", "sp": "Agent"}, {"p": 353, "c": 0.9, "s": 147348, "e": 147569, "w": "几", "sp": "Agent"}, {"p": 354, "c": 0.9, "s": 147569, "e": 147790, "w": "呢", "sp": "Agent"}, {"p": 355, "c": 0.9, "s": 149420, "e": 149920, "w": "没有", "sp": "Customer"}, {"p": 356, "c": 0.9, "s": 149920, "e": 150420, "w": "这样", "sp": "Customer"}, {"p": 357, "c": 0.9, "s": 150420, "e": 150670, "w": "就", "sp": "Customer"}, {"p": 358, "c": 0.9, "s": 150670, "e": 151170, "w": "可以", "sp": "Customer"}, {"p": 359, "c": 0.9, "s": 151270, "e": 151444, "w": "哦", "sp": "Agent"}, {"p": 360, "c": 0.9, "s": 151444, "e": 151619, "w": "哦", "sp": "Agent"}, {"p": 361, "c": 0.9, "s": 151619, "e": 151969, "w": "这样", "sp": "Agent"}, {"p": 362, "c": 0.9, "s": 151969, "e": 152144, "w": "就", "sp": "Agent"}, {"p": 363, "c": 0.9, "s": 152144, "e": 152494, "w": "可以", "sp": "Agent"}, {"p": 364, "c": 0.9, "s": 152494, "e": 152668, "w": "行", "sp": "Agent"}, {"p": 365, "c": 0.9, "s": 152668, "e": 152843, "w": "好", "sp": "Agent"}, {"p": 366, "c": 0.9, "s": 152843, "e": 153018, "w": "的", "sp": "Agent"}, {"p": 367, "c": 0.9, "s": 153018, "e": 153193, "w": "那", "sp": "Agent"}, {"p": 368, "c": 0.9, "s": 153193, "e": 153543, "w": "这边", "sp": "Agent"}, {"p": 369, "c": 0.9, "s": 153543, "e": 153718, "w": "要", "sp": "Agent"}, {"p": 370, "c": 0.9, "s": 153718, "e": 153892, "w": "嗯", "sp": "Agent"}, {"p": 371, "c": 0.9, "s": 153892, "e": 154242, "w": "家里", "sp": "Agent"}, {"p": 372, "c": 0.9, "s": 154242, "e": 154417, "w": "的", "sp": "Agent"}, {"p": 373, "c": 0.9, "s": 154417, "e": 154592, "w": "外", "sp": "Agent"}, {"p": 374, "c": 0.9, "s": 154592, "e": 154767, "w": "机", "sp": "Agent"}, {"p": 375, "c": 0.9, "s": 154767, "e": 154942, "w": "是", "sp": "Agent"}, {"p": 376, "c": 0.9, "s": 154942, "e": 155116, "w": "挂", "sp": "Agent"}, {"p": 377, "c": 0.9, "s": 155116, "e": 155466, "w": "墙上", "sp": "Agent"}, {"p": 378, "c": 0.9, "s": 155466, "e": 155816, "w": "还是", "sp": "Agent"}, {"p": 379, "c": 0.9, "s": 155816, "e": 155991, "w": "有", "sp": "Agent"}, {"p": 380, "c": 0.9, "s": 155991, "e": 156340, "w": "平台", "sp": "Agent"}, {"p": 381, "c": 0.9, "s": 156340, "e": 156690, "w": "之类", "sp": "Agent"}, {"p": 382, "c": 0.9, "s": 156690, "e": 156865, "w": "的", "sp": "Agent"}, {"p": 383, "c": 0.9, "s": 156865, "e": 157215, "w": "支撑", "sp": "Agent"}, {"p": 384, "c": 0.9, "s": 157215, "e": 157390, "w": "呀", "sp": "Agent"}, {"p": 385, "c": 0.9, "s": 157920, "e": 158485, "w": "嗯", "sp": "Customer"}, {"p": 386, "c": 0.9, "s": 158485, "e": 159050, "w": "嗯", "sp": "Customer"}, {"p": 387, "c": 0.9, "s": 160160, "e": 160600, "w": "换", "sp": "Customer"}, {"p": 388, "c": 0.9, "s": 160600, "e": 161480, "w": "平台", "sp": "Customer"}, {"p": 389, "c": 0.9, "s": 161670, "e": 162033, "w": "官方", "sp": "Agent"}, {"p": 390, "c": 0.9, "s": 162033, "e": 162397, "w": "平台", "sp": "Agent"}, {"p": 391, "c": 0.9, "s": 162397, "e": 162578, "w": "好", "sp": "Agent"}, {"p": 392, "c": 0.9, "s": 162578, "e": 162760, "w": "的", "sp": "Agent"}, {"p": 393, "c": 0.9, "s": 162760, "e": 162942, "w": "那", "sp": "Agent"}, {"p": 394, "c": 0.9, "s": 162942, "e": 163306, "w": "疫情", "sp": "Agent"}, {"p": 395, "c": 0.9, "s": 163306, "e": 163669, "w": "管控", "sp": "Agent"}, {"p": 396, "c": 0.9, "s": 163669, "e": 164033, "w": "的话", "sp": "Agent"}, {"p": 397, "c": 0.9, "s": 164033, "e": 164396, "w": "现在", "sp": "Agent"}, {"p": 398, "c": 0.9, "s": 164396, "e": 164760, "w": "公司", "sp": "Agent"}, {"p": 399, "c": 0.9, "s": 164760, "e": 165123, "w": "这边", "sp": "Agent"}, {"p": 400, "c": 0.9, "s": 165123, "e": 165487, "w": "是否", "sp": "Agent"}, {"p": 401, "c": 0.9, "s": 165487, "e": 165851, "w": "可以", "sp": "Agent"}, {"p": 402, "c": 0.9, "s": 165851, "e": 166214, "w": "正常", "sp": "Agent"}, {"p": 403, "c": 0.9, "s": 166214, "e": 166578, "w": "进入", "sp": "Agent"}, {"p": 404, "c": 0.9, "s": 166578, "e": 166760, "w": "吗", "sp": "Agent"}, {"p": 405, "c": 0.9, "s": 167520, "e": 168520, "w": "可以", "sp": "Customer"}, {"p": 406, "c": 0.9, "s": 168730, "e": 168890, "w": "嗯", "sp": "Agent"}, {"p": 407, "c": 0.9, "s": 168890, "e": 169212, "w": "可以", "sp": "Agent"}, {"p": 408, "c": 0.9, "s": 169212, "e": 169373, "w": "行", "sp": "Agent"}, {"p": 409, "c": 0.9, "s": 169373, "e": 169534, "w": "好", "sp": "Agent"}, {"p": 410, "c": 0.9, "s": 169534, "e": 169694, "w": "的", "sp": "Agent"}, {"p": 411, "c": 0.9, "s": 169695, "e": 169856, "w": "那", "sp": "Agent"}, {"p": 412, "c": 0.9, "s": 169856, "e": 170177, "w": "这边", "sp": "Agent"}, {"p": 413, "c": 0.9, "s": 170177, "e": 170338, "w": "我", "sp": "Agent"}, {"p": 414, "c": 0.9, "s": 170338, "e": 170499, "w": "想", "sp": "Agent"}, {"p": 415, "c": 0.9, "s": 170499, "e": 170659, "w": "再", "sp": "Agent"}, {"p": 416, "c": 0.9, "s": 170660, "e": 170982, "w": "核实", "sp": "Agent"}, {"p": 417, "c": 0.9, "s": 170982, "e": 171304, "w": "一下", "sp": "Agent"}, {"p": 418, "c": 0.9, "s": 171304, "e": 171625, "w": "这个", "sp": "Agent"}, {"p": 419, "c": 0.9, "s": 171625, "e": 171947, "w": "机器", "sp": "Agent"}, {"p": 420, "c": 0.9, "s": 171947, "e": 172269, "w": "的话", "sp": "Agent"}, {"p": 421, "c": 0.9, "s": 172269, "e": 172430, "w": "是", "sp": "Agent"}, {"p": 422, "c": 0.9, "s": 172430, "e": 172752, "w": "商用", "sp": "Agent"}, {"p": 423, "c": 0.9, "s": 172752, "e": 172912, "w": "的", "sp": "Agent"}, {"p": 424, "c": 0.9, "s": 172912, "e": 173234, "w": "还是", "sp": "Agent"}, {"p": 425, "c": 0.9, "s": 173234, "e": 173556, "w": "家用", "sp": "Agent"}, {"p": 426, "c": 0.9, "s": 173556, "e": 173717, "w": "的", "sp": "Agent"}, {"p": 427, "c": 0.9, "s": 173717, "e": 173877, "w": "呀", "sp": "Agent"}, {"p": 428, "c": 0.9, "s": 173878, "e": 174200, "w": "抱歉", "sp": "Agent"}, {"p": 429, "c": 0.9, "s": 174720, "e": 174997, "w": "嗯", "sp": "Customer"}, {"p": 430, "c": 0.9, "s": 174997, "e": 175275, "w": "应", "sp": "Customer"}, {"p": 431, "c": 0.9, "s": 175275, "e": 175829, "w": "该是", "sp": "Customer"}, {"p": 432, "c": 0.9, "s": 175830, "e": 176107, "w": "三", "sp": "Customer"}, {"p": 433, "c": 0.9, "s": 176107, "e": 176661, "w": "个人", "sp": "Customer"}, {"p": 434, "c": 0.9, "s": 176662, "e": 176940, "w": "吧", "sp": "Customer"}, {"p": 435, "c": 0.9, "s": 176940, "e": 177115, "w": "啊", "sp": "Agent"}, {"p": 436, "c": 0.9, "s": 177115, "e": 177466, "w": "商用", "sp": "Agent"}, {"p": 437, "c": 0.9, "s": 177466, "e": 177642, "w": "型", "sp": "Agent"}, {"p": 438, "c": 0.9, "s": 177642, "e": 177817, "w": "好", "sp": "Agent"}, {"p": 439, "c": 0.9, "s": 177817, "e": 177993, "w": "的", "sp": "Agent"}, {"p": 440, "c": 0.9, "s": 177993, "e": 178168, "w": "那", "sp": "Agent"}, {"p": 441, "c": 0.9, "s": 178168, "e": 178520, "w": "这边", "sp": "Agent"}, {"p": 442, "c": 0.9, "s": 178520, "e": 178695, "w": "看", "sp": "Agent"}, {"p": 443, "c": 0.9, "s": 178695, "e": 178871, "w": "了", "sp": "Agent"}, {"p": 444, "c": 0.9, "s": 178871, "e": 179222, "w": "一下", "sp": "Agent"}, {"p": 445, "c": 0.9, "s": 179222, "e": 179748, "w": "是不是", "sp": "Agent"}, {"p": 446, "c": 0.9, "s": 179748, "e": 180100, "w": "最快", "sp": "Agent"}, {"p": 447, "c": 0.9, "s": 180100, "e": 180451, "w": "的话", "sp": "Agent"}, {"p": 448, "c": 0.9, "s": 180451, "e": 180802, "w": "明天", "sp": "Agent"}, {"p": 449, "c": 0.9, "s": 180802, "e": 181153, "w": "可以", "sp": "Agent"}, {"p": 450, "c": 0.9, "s": 181153, "e": 181328, "w": "和", "sp": "Agent"}, {"p": 451, "c": 0.9, "s": 181328, "e": 181504, "w": "您", "sp": "Agent"}, {"p": 452, "c": 0.9, "s": 181504, "e": 181855, "w": "联系", "sp": "Agent"}, {"p": 453, "c": 0.9, "s": 181855, "e": 182206, "w": "上门", "sp": "Agent"}, {"p": 454, "c": 0.9, "s": 182206, "e": 182556, "w": "这个", "sp": "Agent"}, {"p": 455, "c": 0.9, "s": 182557, "e": 182908, "w": "时间", "sp": "Agent"}, {"p": 456, "c": 0.9, "s": 182908, "e": 183260, "w": "方便", "sp": "Agent"}, {"p": 457, "c": 0.9, "s": 183570, "e": 184580, "w": "对", "sp": "Customer"}, {"p": 458, "c": 0.9, "s": 184950, "e": 185103, "w": "哎", "sp": "Agent"}, {"p": 459, "c": 0.9, "s": 185103, "e": 185257, "w": "行", "sp": "Agent"}, {"p": 460, "c": 0.9, "s": 185257, "e": 185410, "w": "好", "sp": "Agent"}, {"p": 461, "c": 0.9, "s": 185410, "e": 185564, "w": "的", "sp": "Agent"}, {"p": 462, "c": 0.9, "s": 185564, "e": 185717, "w": "那", "sp": "Agent"}, {"p": 463, "c": 0.9, "s": 185717, "e": 185871, "w": "还", "sp": "Agent"}, {"p": 464, "c": 0.9, "s": 185871, "e": 186331, "w": "有没有", "sp": "Agent"}, {"p": 465, "c": 0.9, "s": 186331, "e": 186638, "w": "其他", "sp": "Agent"}, {"p": 466, "c": 0.9, "s": 186638, "e": 186945, "w": "什么", "sp": "Agent"}, {"p": 467, "c": 0.9, "s": 186945, "e": 187252, "w": "问题", "sp": "Agent"}, {"p": 468, "c": 0.9, "s": 187252, "e": 187559, "w": "可以", "sp": "Agent"}, {"p": 469, "c": 0.9, "s": 187559, "e": 187713, "w": "帮", "sp": "Agent"}, {"p": 470, "c": 0.9, "s": 187713, "e": 187866, "w": "您", "sp": "Agent"}, {"p": 471, "c": 0.9, "s": 187866, "e": 188020, "w": "啊", "sp": "Agent"}, {"p": 472, "c": 0.9, "s": 188840, "e": 189655, "w": "没有", "sp": "Customer"}, {"p": 473, "c": 0.9, "s": 189655, "e": 190470, "w": "谢谢", "sp": "Customer"}, {"p": 474, "c": 0.9, "s": 190790, "e": 190937, "w": "啊", "sp": "Agent"}, {"p": 475, "c": 0.9, "s": 190937, "e": 191084, "w": "行", "sp": "Agent"}, {"p": 476, "c": 0.9, "s": 191084, "e": 191231, "w": "不", "sp": "Agent"}, {"p": 477, "c": 0.9, "s": 191231, "e": 191525, "w": "客气", "sp": "Agent"}, {"p": 478, "c": 0.9, "s": 191525, "e": 191819, "w": "应该", "sp": "Agent"}, {"p": 479, "c": 0.9, "s": 191819, "e": 191966, "w": "的", "sp": "Agent"}, {"p": 480, "c": 0.9, "s": 191966, "e": 192113, "w": "那", "sp": "Agent"}, {"p": 481, "c": 0.9, "s": 192113, "e": 192407, "w": "稍后", "sp": "Agent"}, {"p": 482, "c": 0.9, "s": 192407, "e": 192701, "w": "可以", "sp": "Agent"}, {"p": 483, "c": 0.9, "s": 192701, "e": 192848, "w": "对", "sp": "Agent"}, {"p": 484, "c": 0.9, "s": 192848, "e": 192995, "w": "我", "sp": "Agent"}, {"p": 485, "c": 0.9, "s": 192995, "e": 193142, "w": "的", "sp": "Agent"}, {"p": 486, "c": 0.9, "s": 193142, "e": 193436, "w": "服务", "sp": "Agent"}, {"p": 487, "c": 0.9, "s": 193436, "e": 193583, "w": "做", "sp": "Agent"}, {"p": 488, "c": 0.9, "s": 193583, "e": 193730, "w": "个", "sp": "Agent"}, {"p": 489, "c": 0.9, "s": 193730, "e": 194024, "w": "评价", "sp": "Agent"}, {"p": 490, "c": 0.9, "s": 194024, "e": 194171, "w": "也", "sp": "Agent"}, {"p": 491, "c": 0.9, "s": 194171, "e": 194465, "w": "可以", "sp": "Agent"}, {"p": 492, "c": 0.9, "s": 194465, "e": 194759, "w": "关注", "sp": "Agent"}, {"p": 493, "c": 0.9, "s": 194759, "e": 194906, "w": "微", "sp": "Agent"}, {"p": 494, "c": 0.9, "s": 194906, "e": 195053, "w": "信", "sp": "Agent"}, {"p": 495, "c": 0.9, "s": 195053, "e": 195347, "w": "公众", "sp": "Agent"}, {"p": 496, "c": 0.9, "s": 195347, "e": 195494, "w": "号", "sp": "Agent"}, {"p": 497, "c": 0.9, "s": 195494, "e": 195641, "w": "我", "sp": "Agent"}, {"p": 498, "c": 0.9, "s": 195641, "e": 195788, "w": "就", "sp": "Agent"}, {"p": 499, "c": 0.9, "s": 195788, "e": 195935, "w": "先", "sp": "Agent"}, {"p": 500, "c": 0.9, "s": 195935, "e": 196082, "w": "不", "sp": "Agent"}, {"p": 501, "c": 0.9, "s": 196082, "e": 196376, "w": "打扰", "sp": "Agent"}, {"p": 502, "c": 0.9, "s": 196376, "e": 196523, "w": "了", "sp": "Agent"}, {"p": 503, "c": 0.9, "s": 196523, "e": 196817, "w": "祝您", "sp": "Agent"}, {"p": 504, "c": 0.9, "s": 196817, "e": 197111, "w": "生活", "sp": "Agent"}, {"p": 505, "c": 0.9, "s": 197111, "e": 197405, "w": "愉快", "sp": "Agent"}, {"p": 506, "c": 0.9, "s": 197405, "e": 197700, "w": "再见", "sp": "Agent"}, {"p": 507, "c": 0.9, "s": 201460, "e": 201745, "w": "请", "sp": "Agent"}, {"p": 508, "c": 0.9, "s": 201745, "e": 202030, "w": "对", "sp": "Agent"}, {"p": 509, "c": 0.9, "s": 202031, "e": 202602, "w": "本次", "sp": "Agent"}, {"p": 510, "c": 0.9, "s": 202602, "e": 203173, "w": "服务", "sp": "Agent"}, {"p": 511, "c": 0.9, "s": 203173, "e": 203458, "w": "做", "sp": "Agent"}, {"p": 512, "c": 0.9, "s": 203458, "e": 204030, "w": "评价", "sp": "Agent"}, {"p": 513, "c": 0.9, "s": 204310, "e": 204825, "w": "非常", "sp": "Agent"}, {"p": 514, "c": 0.9, "s": 204825, "e": 205340, "w": "满意", "sp": "Agent"}, {"p": 515, "c": 0.9, "s": 206180, "e": 207159, "w": "感谢您", "sp": "Agent"}]}, "plainText": "六零 二二 号 为您服务 下午 好 在 接收 很 高兴 为您服务 请问 有 什么 可以 帮 您\n喂 你好 报修 一下 空调\n好 的 您 这边 是 经销商 帮 别 人代 报 吗 还是 呃 自己 家 使用 的 呀\n呃 自己 在 使用\n嗯 好 的 那 这边 呃 怎么 称呼 您 呢 先生\n嗯 涂 先生 涂料\n嗯\n的\n好\n涂\n不要 的 图 好 的 那 方便 就 留 一个 您 呃 到时候 方便 联系 到 您 的 手机号码 我 这边 来 给 您 登记\n幺 八 幺 幺 二 零\n幺 八 幺 幺 二 零\n幺 八 幺 二 零 七三\n第三 幺\n二\n八\n五八\n幺\n零\n呃 呃 稍 等 您 这边 报 稍微 慢 一点 是 幺 八 呃 幺 八 幺 幺 二 零 幺 之后 是\n不是 不是 你 听 我\n嗯\n念 吧\n嗯\n幺\n嗯\n八 幺\n幺\n八\n八\n幺 二 零\n幺 二 零\n七三\n第三\n二 五八 零\n二 五八 零 好 的 那 再 跟 您 核对 一下 是 幺 八 幺 二 零七 三二 五八 零 对 吗\n对\n嗯 好 的 那 家里 的 机器 大概 是 什么 时间 购买 的 呢\n去年 买 的\n去年 好 的 那 这个 呃 机器 的话 型号 您 知道 吗\n放在 丰 巢 吧\n嗯 先生 非常 空闲 好 的 那 是 遇到 了 什么 问题 呀 现在\n嗯 感觉 有点 声音 偏 大 外 机\n嗯 室外机 现在 有 噪音 比 较大 是 吗\n对\n嗯 好 的 那 也 抱歉 给 您 带来 不便 了 您 这个 机器 的话 呢 还 在 质保 期内 需要 提前 准备 好 购机 发票 或者 是 合同 就 行 好 吗\n嗯 嗯 嗯 嗯 嗯\n嗯 好 的 那 您 的 地址 是 在 哪 一个 省 市区 呢\n福建省 厦门市 前埔 路 那个 航空 基地\n哦 航空 基地 您 稍 等 啊 这边 我 看 了 一下 地址 在 福建省 厦门 呃 厦门市 思明 区 文 兴 西路 源泉 航空 工程 基地 这里 吗\n对\n啊 好 的 那 是 有没有 几 楼 之类 或者 几 零 几 呢\n没有 这样 就 可以\n哦 哦 这样 就 可以 行 好 的 那 这边 要 嗯 家里 的 外 机 是 挂 墙上 还是 有 平台 之类 的 支撑 呀\n嗯 嗯 换 平台\n官方 平台 好 的 那 疫情 管控 的话 现在 公司 这边 是否 可以 正常 进入 吗\n可以\n嗯 可以 行 好 的 那 这边 我 想 再 核实 一下 这个 机器 的话 是 商用 的 还是 家用 的 呀 抱歉\n嗯 应 该是 三 个人 吧\n啊 商用 型 好 的 那 这边 看 了 一下 是不是 最快 的话 明天 可以 和 您 联系 上门 这个 时间 方便\n对\n哎 行 好 的 那 还 有没有 其他 什么 问题 可以 帮 您 啊\n没有 谢谢\n啊 行 不 客气 应该 的 那 稍后 可以 对 我 的 服务 做 个 评价 也 可以 关注 微 信 公众 号 我 就 先 不 打扰 了 祝您 生活 愉快 再见 请 对 本次 服务 做 评价 非常 满意 感谢您", "plainTextTime": {"verbatims": [{"s": 3390, "e": 12300, "w": "六零 二二 号 为您服务 下午 好 在 接收 很 高兴 为您服务 请问 有 什么 可以 帮 您", "sp": "Agent"}, {"s": 13160, "e": 15240, "w": "喂 你好 报修 一下 空调", "sp": "Customer"}, {"s": 15450, "e": 19700, "w": "好 的 您 这边 是 经销商 帮 别 人代 报 吗 还是 呃 自己 家 使用 的 呀", "sp": "Agent"}, {"s": 20310, "e": 22230, "w": "呃 自己 在 使用", "sp": "Customer"}, {"s": 22390, "e": 25460, "w": "嗯 好 的 那 这边 呃 怎么 称呼 您 呢 先生", "sp": "Agent"}, {"s": 26990, "e": 30918, "w": "嗯 涂 先生 涂料", "sp": "Customer"}, {"s": 30630, "e": 31089, "w": "嗯", "sp": "Agent"}, {"s": 30918, "e": 31283, "w": "的", "sp": "Customer"}, {"s": 31090, "e": 31550, "w": "好", "sp": "Agent"}, {"s": 31284, "e": 31650, "w": "涂", "sp": "Customer"}, {"s": 31880, "e": 38120, "w": "不要 的 图 好 的 那 方便 就 留 一个 您 呃 到时候 方便 联系 到 您 的 手机号码 我 这边 来 给 您 登记", "sp": "Agent"}, {"s": 38760, "e": 41500, "w": "幺 八 幺 幺 二 零", "sp": "Customer"}, {"s": 41840, "e": 44100, "w": "幺 八 幺 幺 二 零", "sp": "Agent"}, {"s": 44840, "e": 47610, "w": "幺 八 幺 二 零 七三", "sp": "Customer"}, {"s": 48680, "e": 51600, "w": "第三 幺", "sp": "Agent"}, {"s": 51050, "e": 51600, "w": "二", "sp": "Customer"}, {"s": 51600, "e": 52180, "w": "八", "sp": "Agent"}, {"s": 51600, "e": 52699, "w": "五八", "sp": "Customer"}, {"s": 52180, "e": 52760, "w": "幺", "sp": "Agent"}, {"s": 52700, "e": 53250, "w": "零", "sp": "Customer"}, {"s": 53480, "e": 60900, "w": "呃 呃 稍 等 您 这边 报 稍微 慢 一点 是 幺 八 呃 幺 八 幺 幺 二 零 幺 之后 是", "sp": "Agent"}, {"s": 61160, "e": 63425, "w": "不是 不是 你 听 我", "sp": "Customer"}, {"s": 63380, "e": 63786, "w": "嗯", "sp": "Agent"}, {"s": 63425, "e": 64072, "w": "念 吧", "sp": "Customer"}, {"s": 63786, "e": 64193, "w": "嗯", "sp": "Agent"}, {"s": 64072, "e": 64395, "w": "幺", "sp": "Customer"}, {"s": 64193, "e": 64600, "w": "嗯", "sp": "Agent"}, {"s": 64396, "e": 65602, "w": "八 幺", "sp": "Customer"}, {"s": 65370, "e": 66000, "w": "幺", "sp": "Agent"}, {"s": 65602, "e": 66173, "w": "八", "sp": "Customer"}, {"s": 66000, "e": 66630, "w": "八", "sp": "Agent"}, {"s": 66174, "e": 67890, "w": "幺 二 零", "sp": "Customer"}, {"s": 68170, "e": 69570, "w": "幺 二 零", "sp": "Agent"}, {"s": 70440, "e": 71770, "w": "七三", "sp": "Customer"}, {"s": 72500, "e": 73670, "w": "第三", "sp": "Agent"}, {"s": 74690, "e": 77180, "w": "二 五八 零", "sp": "Customer"}, {"s": 77520, "e": 85360, "w": "二 五八 零 好 的 那 再 跟 您 核对 一下 是 幺 八 幺 二 零七 三二 五八 零 对 吗", "sp": "Agent"}, {"s": 85800, "e": 86750, "w": "对", "sp": "Customer"}, {"s": 86950, "e": 90950, "w": "嗯 好 的 那 家里 的 机器 大概 是 什么 时间 购买 的 呢", "sp": "Agent"}, {"s": 91610, "e": 93030, "w": "去年 买 的", "sp": "Customer"}, {"s": 93230, "e": 97610, "w": "去年 好 的 那 这个 呃 机器 的话 型号 您 知道 吗", "sp": "Agent"}, {"s": 98310, "e": 99860, "w": "放在 丰 巢 吧", "sp": "Customer"}, {"s": 99940, "e": 103750, "w": "嗯 先生 非常 空闲 好 的 那 是 遇到 了 什么 问题 呀 现在", "sp": "Agent"}, {"s": 105450, "e": 109270, "w": "嗯 感觉 有点 声音 偏 大 外 机", "sp": "Customer"}, {"s": 109230, "e": 112730, "w": "嗯 室外机 现在 有 噪音 比 较大 是 吗", "sp": "Agent"}, {"s": 112990, "e": 114130, "w": "对", "sp": "Customer"}, {"s": 114430, "e": 122290, "w": "嗯 好 的 那 也 抱歉 给 您 带来 不便 了 您 这个 机器 的话 呢 还 在 质保 期内 需要 提前 准备 好 购机 发票 或者 是 合同 就 行 好 吗", "sp": "Agent"}, {"s": 122400, "e": 124060, "w": "嗯 嗯 嗯 嗯 嗯", "sp": "Customer"}, {"s": 124220, "e": 127440, "w": "嗯 好 的 那 您 的 地址 是 在 哪 一个 省 市区 呢", "sp": "Agent"}, {"s": 127880, "e": 132080, "w": "福建省 厦门市 前埔 路 那个 航空 基地", "sp": "Customer"}, {"s": 132270, "e": 141940, "w": "哦 航空 基地 您 稍 等 啊 这边 我 看 了 一下 地址 在 福建省 厦门 呃 厦门市 思明 区 文 兴 西路 源泉 航空 工程 基地 这里 吗", "sp": "Agent"}, {"s": 142660, "e": 143600, "w": "对", "sp": "Customer"}, {"s": 143820, "e": 147790, "w": "啊 好 的 那 是 有没有 几 楼 之类 或者 几 零 几 呢", "sp": "Agent"}, {"s": 149420, "e": 151170, "w": "没有 这样 就 可以", "sp": "Customer"}, {"s": 151270, "e": 157390, "w": "哦 哦 这样 就 可以 行 好 的 那 这边 要 嗯 家里 的 外 机 是 挂 墙上 还是 有 平台 之类 的 支撑 呀", "sp": "Agent"}, {"s": 157920, "e": 161480, "w": "嗯 嗯 换 平台", "sp": "Customer"}, {"s": 161670, "e": 166760, "w": "官方 平台 好 的 那 疫情 管控 的话 现在 公司 这边 是否 可以 正常 进入 吗", "sp": "Agent"}, {"s": 167520, "e": 168520, "w": "可以", "sp": "Customer"}, {"s": 168730, "e": 174200, "w": "嗯 可以 行 好 的 那 这边 我 想 再 核实 一下 这个 机器 的话 是 商用 的 还是 家用 的 呀 抱歉", "sp": "Agent"}, {"s": 174720, "e": 176940, "w": "嗯 应 该是 三 个人 吧", "sp": "Customer"}, {"s": 176940, "e": 183260, "w": "啊 商用 型 好 的 那 这边 看 了 一下 是不是 最快 的话 明天 可以 和 您 联系 上门 这个 时间 方便", "sp": "Agent"}, {"s": 183570, "e": 184580, "w": "对", "sp": "Customer"}, {"s": 184950, "e": 188020, "w": "哎 行 好 的 那 还 有没有 其他 什么 问题 可以 帮 您 啊", "sp": "Agent"}, {"s": 188840, "e": 190470, "w": "没有 谢谢", "sp": "Customer"}, {"s": 190790, "e": 207159, "w": "啊 行 不 客气 应该 的 那 稍后 可以 对 我 的 服务 做 个 评价 也 可以 关注 微 信 公众 号 我 就 先 不 打扰 了 祝您 生活 愉快 再见 请 对 本次 服务 做 评价 非常 满意 感谢您", "sp": "Agent"}]}, "aqm": {"greeting": {"greeting_said": "为您服务, 高兴, 请问", "n_greeting_said": 3, "score": 1}, "closing": {"closing_said": "祝您, 生活, 愉快, 再见", "n_closing_said": 4, "score": 1}, "speed": {"speed_max": 6.51, "n_words": 20, "words": "哎 行 好 的 那 还 有没有 其他 什么 问题 可以 帮 您 啊", "start": 184950, "end": 188020}}}