{"mediaId": "2022031314141892578300100000531002", "status": "Success", "dateCreated": "2022-03-21T18:45:50Z", "contentType": "audio/x-wav", "channels": "future use", "length": 175, "metadata": {"Sid": 10022, "Site_id": 783, "Audio_ch_num": 5310, "Audio_module_num": 783001, "Audio_start_time_gmt": "2022-03-13T06:11:23.373+08:00", "Transaction_id": "2022031314141892578300100000531002", "ContactID": "9204480064580000012", "Personal_id": "0", "Direction": 0, "Local_audio_start_time": "2022-03-13T14:11:23.373+08:00", "Local_audio_end_time": "2022-03-13T14:14:18.373+08:00", "Total_hold_time": "0", "Pbx_login_id": "", "Ani": "90102155368221", "Extension": "155368221", "String_extension": "90102155368221", "Switch_call_id": "SIP/AUDIO/2F3E1600-46B5-4A8D-D4F3-57B65A292AEE", "Switch_id": "783000001", "Duration_seconds": 175, "Wrapup_time_in_seconds": "0", "Dnis": "057687777712", "Number_of_conferences": "0", "Number_of_holds": "0", "Number_of_transfers": "0", "Percent_of_agent_call": "78", "Percent_of_other_call": "49", "Percent_of_mutual_silence": "38", "Num_of_agent_cross": "13", "Num_of_other_cross": "6", "IsException": 0}, "transcript_detailed": {"words": [{"p": 1, "c": 0.9, "s": 3180, "e": 5210, "w": "六零", "sp": "Agent"}, {"p": 2, "c": 0.9, "s": 5920, "e": 6142, "w": "二", "sp": "Agent"}, {"p": 3, "c": 0.9, "s": 6142, "e": 6364, "w": "号", "sp": "Agent"}, {"p": 4, "c": 0.9, "s": 6364, "e": 7252, "w": "为您服务", "sp": "Agent"}, {"p": 5, "c": 0.9, "s": 7252, "e": 7696, "w": "中午", "sp": "Agent"}, {"p": 6, "c": 0.9, "s": 7696, "e": 7918, "w": "好", "sp": "Agent"}, {"p": 7, "c": 0.9, "s": 7918, "e": 8362, "w": "白雪", "sp": "Agent"}, {"p": 8, "c": 0.9, "s": 8362, "e": 8584, "w": "红", "sp": "Agent"}, {"p": 9, "c": 0.9, "s": 8584, "e": 8806, "w": "很", "sp": "Agent"}, {"p": 10, "c": 0.9, "s": 8806, "e": 9250, "w": "高兴", "sp": "Agent"}, {"p": 11, "c": 0.9, "s": 9250, "e": 10138, "w": "为您服务", "sp": "Agent"}, {"p": 12, "c": 0.9, "s": 10138, "e": 10582, "w": "请问", "sp": "Agent"}, {"p": 13, "c": 0.9, "s": 10582, "e": 10804, "w": "有", "sp": "Agent"}, {"p": 14, "c": 0.9, "s": 10804, "e": 11248, "w": "什么", "sp": "Agent"}, {"p": 15, "c": 0.9, "s": 11248, "e": 11692, "w": "需要", "sp": "Agent"}, {"p": 16, "c": 0.9, "s": 11692, "e": 12136, "w": "帮助", "sp": "Agent"}, {"p": 17, "c": 0.9, "s": 12136, "e": 12358, "w": "的", "sp": "Agent"}, {"p": 18, "c": 0.9, "s": 12330, "e": 12593, "w": "啊", "sp": "Customer"}, {"p": 19, "c": 0.9, "s": 12358, "e": 12580, "w": "吗", "sp": "Agent"}, {"p": 20, "c": 0.9, "s": 12593, "e": 12856, "w": "我", "sp": "Customer"}, {"p": 21, "c": 0.9, "s": 12856, "e": 13383, "w": "这边", "sp": "Customer"}, {"p": 22, "c": 0.9, "s": 13383, "e": 13910, "w": "经销", "sp": "Customer"}, {"p": 23, "c": 0.9, "s": 13910, "e": 14436, "w": "商代", "sp": "Customer"}, {"p": 24, "c": 0.9, "s": 14436, "e": 14700, "w": "报", "sp": "Customer"}, {"p": 25, "c": 0.9, "s": 15410, "e": 15599, "w": "很", "sp": "Agent"}, {"p": 26, "c": 0.9, "s": 15600, "e": 15981, "w": "抱歉", "sp": "Agent"}, {"p": 27, "c": 0.9, "s": 15981, "e": 16362, "w": "耽误", "sp": "Agent"}, {"p": 28, "c": 0.9, "s": 16362, "e": 16743, "w": "用户", "sp": "Agent"}, {"p": 29, "c": 0.9, "s": 16743, "e": 17124, "w": "使用", "sp": "Agent"}, {"p": 30, "c": 0.9, "s": 17124, "e": 17315, "w": "了", "sp": "Agent"}, {"p": 31, "c": 0.9, "s": 17315, "e": 17696, "w": "后期", "sp": "Agent"}, {"p": 32, "c": 0.9, "s": 17696, "e": 18077, "w": "联系", "sp": "Agent"}, {"p": 33, "c": 0.9, "s": 18077, "e": 18267, "w": "您", "sp": "Agent"}, {"p": 34, "c": 0.9, "s": 18267, "e": 18648, "w": "联系", "sp": "Agent"}, {"p": 35, "c": 0.9, "s": 18648, "e": 19030, "w": "用户", "sp": "Agent"}, {"p": 36, "c": 0.9, "s": 18880, "e": 19339, "w": "要", "sp": "Customer"}, {"p": 37, "c": 0.9, "s": 19340, "e": 19800, "w": "销", "sp": "Customer"}, {"p": 38, "c": 0.9, "s": 19800, "e": 20259, "w": "户", "sp": "Customer"}, {"p": 39, "c": 0.9, "s": 20390, "e": 21144, "w": "用户", "sp": "Agent"}, {"p": 40, "c": 0.9, "s": 21145, "e": 21900, "w": "贵姓", "sp": "Agent"}, {"p": 41, "c": 0.9, "s": 22930, "e": 23542, "w": "呃", "sp": "Customer"}, {"p": 42, "c": 0.9, "s": 23542, "e": 24155, "w": "呃", "sp": "Customer"}, {"p": 43, "c": 0.9, "s": 24155, "e": 25380, "w": "先生", "sp": "Customer"}, {"p": 44, "c": 0.9, "s": 25910, "e": 26393, "w": "请问", "sp": "Agent"}, {"p": 45, "c": 0.9, "s": 26393, "e": 26876, "w": "空调", "sp": "Agent"}, {"p": 46, "c": 0.9, "s": 26877, "e": 27119, "w": "哪", "sp": "Agent"}, {"p": 47, "c": 0.9, "s": 27119, "e": 27602, "w": "一年", "sp": "Agent"}, {"p": 48, "c": 0.9, "s": 27602, "e": 28085, "w": "购机", "sp": "Agent"}, {"p": 49, "c": 0.9, "s": 28086, "e": 28328, "w": "的", "sp": "Agent"}, {"p": 50, "c": 0.9, "s": 28328, "e": 28570, "w": "呢", "sp": "Agent"}, {"p": 51, "c": 0.9, "s": 28840, "e": 29193, "w": "他", "sp": "Customer"}, {"p": 52, "c": 0.9, "s": 29193, "e": 29901, "w": "这个", "sp": "Customer"}, {"p": 53, "c": 0.9, "s": 29901, "e": 30609, "w": "的话", "sp": "Customer"}, {"p": 54, "c": 0.9, "s": 30609, "e": 30963, "w": "是", "sp": "Customer"}, {"p": 55, "c": 0.9, "s": 30963, "e": 31316, "w": "嗯", "sp": "Customer"}, {"p": 56, "c": 0.9, "s": 31316, "e": 32023, "w": "二二", "sp": "Customer"}, {"p": 57, "c": 0.9, "s": 32023, "e": 32377, "w": "年", "sp": "Customer"}, {"p": 58, "c": 0.9, "s": 32377, "e": 32731, "w": "刚", "sp": "Customer"}, {"p": 59, "c": 0.9, "s": 32731, "e": 33086, "w": "购", "sp": "Customer"}, {"p": 60, "c": 0.9, "s": 33086, "e": 33440, "w": "的", "sp": "Customer"}, {"p": 61, "c": 0.9, "s": 33880, "e": 34770, "w": "今年", "sp": "Agent"}, {"p": 62, "c": 0.9, "s": 34770, "e": 35215, "w": "是", "sp": "Agent"}, {"p": 63, "c": 0.9, "s": 35215, "e": 35660, "w": "吗", "sp": "Agent"}, {"p": 64, "c": 0.9, "s": 35330, "e": 36370, "w": "嗯", "sp": "Customer"}, {"p": 65, "c": 0.9, "s": 36720, "e": 37126, "w": "女士", "sp": "Agent"}, {"p": 66, "c": 0.9, "s": 37126, "e": 37329, "w": "的", "sp": "Agent"}, {"p": 67, "c": 0.9, "s": 37329, "e": 38141, "w": "电话号码", "sp": "Agent"}, {"p": 68, "c": 0.9, "s": 38141, "e": 38546, "w": "麻烦", "sp": "Agent"}, {"p": 69, "c": 0.9, "s": 38547, "e": 38750, "w": "您", "sp": "Agent"}, {"p": 70, "c": 0.9, "s": 38750, "e": 38953, "w": "报", "sp": "Agent"}, {"p": 71, "c": 0.9, "s": 38953, "e": 39360, "w": "一下", "sp": "Agent"}, {"p": 72, "c": 0.9, "s": 40110, "e": 40417, "w": "幺", "sp": "Customer"}, {"p": 73, "c": 0.9, "s": 40417, "e": 41031, "w": "五八", "sp": "Customer"}, {"p": 74, "c": 0.9, "s": 41031, "e": 41644, "w": "六七", "sp": "Customer"}, {"p": 75, "c": 0.9, "s": 41645, "e": 42260, "w": "六三", "sp": "Customer"}, {"p": 76, "c": 0.9, "s": 43310, "e": 44420, "w": "嗯", "sp": "Agent"}, {"p": 77, "c": 0.9, "s": 44190, "e": 44555, "w": "九", "sp": "Customer"}, {"p": 78, "c": 0.9, "s": 44555, "e": 45285, "w": "九二", "sp": "Customer"}, {"p": 79, "c": 0.9, "s": 45285, "e": 45650, "w": "零", "sp": "Customer"}, {"p": 80, "c": 0.9, "s": 46800, "e": 47082, "w": "幺", "sp": "Agent"}, {"p": 81, "c": 0.9, "s": 47082, "e": 47646, "w": "五八", "sp": "Agent"}, {"p": 82, "c": 0.9, "s": 47646, "e": 48211, "w": "六七", "sp": "Agent"}, {"p": 83, "c": 0.9, "s": 48211, "e": 48493, "w": "六", "sp": "Agent"}, {"p": 84, "c": 0.9, "s": 48493, "e": 49058, "w": "三九", "sp": "Agent"}, {"p": 85, "c": 0.9, "s": 49058, "e": 49622, "w": "九二", "sp": "Agent"}, {"p": 86, "c": 0.9, "s": 49623, "e": 49905, "w": "零", "sp": "Agent"}, {"p": 87, "c": 0.9, "s": 49905, "e": 50187, "w": "是", "sp": "Agent"}, {"p": 88, "c": 0.9, "s": 50187, "e": 50470, "w": "吗", "sp": "Agent"}, {"p": 89, "c": 0.9, "s": 50350, "e": 50800, "w": "嗯", "sp": "Customer"}, {"p": 90, "c": 0.9, "s": 50800, "e": 51250, "w": "对", "sp": "Customer"}, {"p": 91, "c": 0.9, "s": 51250, "e": 51700, "w": "的", "sp": "Customer"}, {"p": 92, "c": 0.9, "s": 52030, "e": 52510, "w": "空调", "sp": "Agent"}, {"p": 93, "c": 0.9, "s": 52510, "e": 52750, "w": "的", "sp": "Agent"}, {"p": 94, "c": 0.9, "s": 52750, "e": 53230, "w": "型号", "sp": "Agent"}, {"p": 95, "c": 0.9, "s": 53230, "e": 53710, "w": "请问", "sp": "Agent"}, {"p": 96, "c": 0.9, "s": 53710, "e": 53950, "w": "有", "sp": "Agent"}, {"p": 97, "c": 0.9, "s": 53950, "e": 54430, "w": "了解", "sp": "Agent"}, {"p": 98, "c": 0.9, "s": 54430, "e": 54670, "w": "过", "sp": "Agent"}, {"p": 99, "c": 0.9, "s": 54670, "e": 54910, "w": "吗", "sp": "Agent"}, {"p": 100, "c": 0.9, "s": 54920, "e": 55842, "w": "型号", "sp": "Customer"}, {"p": 101, "c": 0.9, "s": 55842, "e": 56765, "w": "的话", "sp": "Customer"}, {"p": 102, "c": 0.9, "s": 56765, "e": 57225, "w": "是", "sp": "Customer"}, {"p": 103, "c": 0.9, "s": 57226, "e": 57687, "w": "嗯", "sp": "Customer"}, {"p": 104, "c": 0.9, "s": 57687, "e": 58148, "w": "R", "sp": "Customer"}, {"p": 105, "c": 0.9, "s": 58148, "e": 58610, "w": "P", "sp": "Customer"}, {"p": 106, "c": 0.9, "s": 58970, "e": 59456, "w": "C", "sp": "Customer"}, {"p": 107, "c": 0.9, "s": 59456, "e": 59943, "w": "C", "sp": "Customer"}, {"p": 108, "c": 0.9, "s": 59943, "e": 60430, "w": "Q", "sp": "Customer"}, {"p": 109, "c": 0.9, "s": 61160, "e": 62300, "w": "嗯", "sp": "Agent"}, {"p": 110, "c": 0.9, "s": 62470, "e": 63053, "w": "六", "sp": "Customer"}, {"p": 111, "c": 0.9, "s": 63053, "e": 63636, "w": "别", "sp": "Customer"}, {"p": 112, "c": 0.9, "s": 63636, "e": 64220, "w": "威", "sp": "Customer"}, {"p": 113, "c": 0.9, "s": 64589, "e": 65119, "w": "出现", "sp": "Agent"}, {"p": 114, "c": 0.9, "s": 65120, "e": 65385, "w": "了", "sp": "Agent"}, {"p": 115, "c": 0.9, "s": 65385, "e": 65915, "w": "什么", "sp": "Agent"}, {"p": 116, "c": 0.9, "s": 65915, "e": 66445, "w": "问题", "sp": "Agent"}, {"p": 117, "c": 0.9, "s": 66445, "e": 66710, "w": "呢", "sp": "Agent"}, {"p": 118, "c": 0.9, "s": 66720, "e": 66955, "w": "他", "sp": "Customer"}, {"p": 119, "c": 0.9, "s": 66955, "e": 67425, "w": "这个", "sp": "Customer"}, {"p": 120, "c": 0.9, "s": 67425, "e": 67895, "w": "的话", "sp": "Customer"}, {"p": 121, "c": 0.9, "s": 67895, "e": 68130, "w": "是", "sp": "Customer"}, {"p": 122, "c": 0.9, "s": 68130, "e": 68601, "w": "那个", "sp": "Customer"}, {"p": 123, "c": 0.9, "s": 68601, "e": 68836, "w": "外", "sp": "Customer"}, {"p": 124, "c": 0.9, "s": 68836, "e": 69071, "w": "机", "sp": "Customer"}, {"p": 125, "c": 0.9, "s": 69071, "e": 69541, "w": "就是", "sp": "Customer"}, {"p": 126, "c": 0.9, "s": 69541, "e": 70011, "w": "那个", "sp": "Customer"}, {"p": 127, "c": 0.9, "s": 70011, "e": 70246, "w": "外", "sp": "Customer"}, {"p": 128, "c": 0.9, "s": 70246, "e": 70717, "w": "机壳", "sp": "Customer"}, {"p": 129, "c": 0.9, "s": 70717, "e": 71187, "w": "刚才", "sp": "Customer"}, {"p": 130, "c": 0.9, "s": 71187, "e": 71422, "w": "进", "sp": "Customer"}, {"p": 131, "c": 0.9, "s": 71422, "e": 71892, "w": "刚才", "sp": "Customer"}, {"p": 132, "c": 0.9, "s": 71892, "e": 72363, "w": "进去", "sp": "Customer"}, {"p": 133, "c": 0.9, "s": 72363, "e": 72833, "w": "那个", "sp": "Customer"}, {"p": 134, "c": 0.9, "s": 72833, "e": 73068, "w": "就", "sp": "Customer"}, {"p": 135, "c": 0.9, "s": 73068, "e": 73538, "w": "那个", "sp": "Customer"}, {"p": 136, "c": 0.9, "s": 73538, "e": 74008, "w": "袋子", "sp": "Customer"}, {"p": 137, "c": 0.9, "s": 74008, "e": 74244, "w": "就", "sp": "Customer"}, {"p": 138, "c": 0.9, "s": 74244, "e": 74479, "w": "凹", "sp": "Customer"}, {"p": 139, "c": 0.9, "s": 74479, "e": 74949, "w": "全部", "sp": "Customer"}, {"p": 140, "c": 0.9, "s": 74949, "e": 75184, "w": "凹", "sp": "Customer"}, {"p": 141, "c": 0.9, "s": 75184, "e": 75654, "w": "进去", "sp": "Customer"}, {"p": 142, "c": 0.9, "s": 75654, "e": 75890, "w": "了", "sp": "Customer"}, {"p": 143, "c": 0.9, "s": 76520, "e": 77134, "w": "属性", "sp": "Agent"}, {"p": 144, "c": 0.9, "s": 77135, "e": 77751, "w": "意外", "sp": "Agent"}, {"p": 145, "c": 0.9, "s": 77751, "e": 78058, "w": "及", "sp": "Agent"}, {"p": 146, "c": 0.9, "s": 78058, "e": 78673, "w": "变形", "sp": "Agent"}, {"p": 147, "c": 0.9, "s": 78674, "e": 78982, "w": "是", "sp": "Agent"}, {"p": 148, "c": 0.9, "s": 78982, "e": 79290, "w": "吗", "sp": "Agent"}, {"p": 149, "c": 0.9, "s": 79010, "e": 79235, "w": "对", "sp": "Customer"}, {"p": 150, "c": 0.9, "s": 79235, "e": 79460, "w": "对", "sp": "Customer"}, {"p": 151, "c": 0.9, "s": 79460, "e": 79686, "w": "对", "sp": "Customer"}, {"p": 152, "c": 0.9, "s": 79686, "e": 80136, "w": "我们", "sp": "Customer"}, {"p": 153, "c": 0.9, "s": 80137, "e": 80362, "w": "要", "sp": "Customer"}, {"p": 154, "c": 0.9, "s": 80362, "e": 80588, "w": "换", "sp": "Customer"}, {"p": 155, "c": 0.9, "s": 80588, "e": 81038, "w": "一个", "sp": "Customer"}, {"p": 156, "c": 0.9, "s": 81039, "e": 81490, "w": "袋子", "sp": "Customer"}, {"p": 157, "c": 0.9, "s": 82000, "e": 82175, "w": "那", "sp": "Agent"}, {"p": 158, "c": 0.9, "s": 82175, "e": 82527, "w": "具体", "sp": "Agent"}, {"p": 159, "c": 0.9, "s": 82527, "e": 82703, "w": "的", "sp": "Agent"}, {"p": 160, "c": 0.9, "s": 82703, "e": 82879, "w": "让", "sp": "Agent"}, {"p": 161, "c": 0.9, "s": 82879, "e": 83229, "w": "师傅", "sp": "Agent"}, {"p": 162, "c": 0.9, "s": 83230, "e": 83582, "w": "上门", "sp": "Agent"}, {"p": 163, "c": 0.9, "s": 83582, "e": 83933, "w": "查看", "sp": "Agent"}, {"p": 164, "c": 0.9, "s": 83933, "e": 84284, "w": "空调", "sp": "Agent"}, {"p": 165, "c": 0.9, "s": 84285, "e": 84461, "w": "在", "sp": "Agent"}, {"p": 166, "c": 0.9, "s": 84461, "e": 84637, "w": "保", "sp": "Agent"}, {"p": 167, "c": 0.9, "s": 84637, "e": 84988, "w": "师傅", "sp": "Agent"}, {"p": 168, "c": 0.9, "s": 84988, "e": 85340, "w": "上门", "sp": "Agent"}, {"p": 169, "c": 0.9, "s": 85340, "e": 85691, "w": "准备", "sp": "Agent"}, {"p": 170, "c": 0.9, "s": 85692, "e": 85867, "w": "好", "sp": "Agent"}, {"p": 171, "c": 0.9, "s": 85867, "e": 86218, "w": "发票", "sp": "Agent"}, {"p": 172, "c": 0.9, "s": 86219, "e": 86571, "w": "或者", "sp": "Agent"}, {"p": 173, "c": 0.9, "s": 86571, "e": 86922, "w": "合同", "sp": "Agent"}, {"p": 174, "c": 0.9, "s": 86922, "e": 87098, "w": "您", "sp": "Agent"}, {"p": 175, "c": 0.9, "s": 87098, "e": 87450, "w": "这个", "sp": "Agent"}, {"p": 176, "c": 0.9, "s": 87450, "e": 87977, "w": "经销商", "sp": "Agent"}, {"p": 177, "c": 0.9, "s": 87977, "e": 88328, "w": "公司", "sp": "Agent"}, {"p": 178, "c": 0.9, "s": 88329, "e": 88680, "w": "名称", "sp": "Agent"}, {"p": 179, "c": 0.9, "s": 88680, "e": 89032, "w": "方便", "sp": "Agent"}, {"p": 180, "c": 0.9, "s": 89032, "e": 89383, "w": "提供", "sp": "Agent"}, {"p": 181, "c": 0.9, "s": 89384, "e": 89560, "w": "吗", "sp": "Agent"}, {"p": 182, "c": 0.9, "s": 89420, "e": 90140, "w": "浙江", "sp": "Customer"}, {"p": 183, "c": 0.9, "s": 90140, "e": 90500, "w": "威", "sp": "Customer"}, {"p": 184, "c": 0.9, "s": 90500, "e": 90860, "w": "麟", "sp": "Customer"}, {"p": 185, "c": 0.9, "s": 93300, "e": 93810, "w": "上门", "sp": "Agent"}, {"p": 186, "c": 0.9, "s": 93810, "e": 94064, "w": "的", "sp": "Agent"}, {"p": 187, "c": 0.9, "s": 94065, "e": 94575, "w": "地点", "sp": "Agent"}, {"p": 188, "c": 0.9, "s": 94575, "e": 95085, "w": "麻烦", "sp": "Agent"}, {"p": 189, "c": 0.9, "s": 95085, "e": 95340, "w": "您", "sp": "Agent"}, {"p": 190, "c": 0.9, "s": 95340, "e": 95594, "w": "报", "sp": "Agent"}, {"p": 191, "c": 0.9, "s": 95595, "e": 96105, "w": "一下", "sp": "Agent"}, {"p": 192, "c": 0.9, "s": 95620, "e": 96615, "w": "浙江省", "sp": "Customer"}, {"p": 193, "c": 0.9, "s": 96105, "e": 96360, "w": "省", "sp": "Agent"}, {"p": 194, "c": 0.9, "s": 96360, "e": 96870, "w": "市区", "sp": "Agent"}, {"p": 195, "c": 0.9, "s": 96615, "e": 97278, "w": "台州", "sp": "Customer"}, {"p": 196, "c": 0.9, "s": 97278, "e": 97610, "w": "市", "sp": "Customer"}, {"p": 197, "c": 0.9, "s": 98760, "e": 99780, "w": "嗯", "sp": "Agent"}, {"p": 198, "c": 0.9, "s": 99840, "e": 100753, "w": "仙居", "sp": "Customer"}, {"p": 199, "c": 0.9, "s": 100753, "e": 101210, "w": "县", "sp": "Customer"}, {"p": 200, "c": 0.9, "s": 101440, "e": 102510, "w": "你好", "sp": "Agent"}, {"p": 201, "c": 0.9, "s": 102960, "e": 103725, "w": "然后", "sp": "Customer"}, {"p": 202, "c": 0.9, "s": 103725, "e": 104107, "w": "是", "sp": "Customer"}, {"p": 203, "c": 0.9, "s": 104107, "e": 104872, "w": "那个", "sp": "Customer"}, {"p": 204, "c": 0.9, "s": 104872, "e": 105637, "w": "永丰", "sp": "Customer"}, {"p": 205, "c": 0.9, "s": 105637, "e": 106020, "w": "花", "sp": "Customer"}, {"p": 206, "c": 0.9, "s": 106020, "e": 106784, "w": "永丰", "sp": "Customer"}, {"p": 207, "c": 0.9, "s": 106785, "e": 107550, "w": "花园", "sp": "Customer"}, {"p": 208, "c": 0.9, "s": 108080, "e": 108743, "w": "永远", "sp": "Agent"}, {"p": 209, "c": 0.9, "s": 108090, "e": 108630, "w": "永远", "sp": "Customer"}, {"p": 210, "c": 0.9, "s": 108630, "e": 108899, "w": "的", "sp": "Customer"}, {"p": 211, "c": 0.9, "s": 108743, "e": 109075, "w": "的", "sp": "Agent"}, {"p": 212, "c": 0.9, "s": 108900, "e": 109170, "w": "永", "sp": "Customer"}, {"p": 213, "c": 0.9, "s": 109075, "e": 109406, "w": "永", "sp": "Agent"}, {"p": 214, "c": 0.9, "s": 109170, "e": 109710, "w": "丰收", "sp": "Customer"}, {"p": 215, "c": 0.9, "s": 109406, "e": 110070, "w": "方式", "sp": "Agent"}, {"p": 216, "c": 0.9, "s": 109710, "e": 109979, "w": "的", "sp": "Customer"}, {"p": 217, "c": 0.9, "s": 109980, "e": 110250, "w": "丰", "sp": "Customer"}, {"p": 218, "c": 0.9, "s": 110590, "e": 110908, "w": "嗯", "sp": "Agent"}, {"p": 219, "c": 0.9, "s": 110908, "e": 111545, "w": "丰收", "sp": "Agent"}, {"p": 220, "c": 0.9, "s": 111545, "e": 111864, "w": "的", "sp": "Agent"}, {"p": 221, "c": 0.9, "s": 111864, "e": 112182, "w": "丰", "sp": "Agent"}, {"p": 222, "c": 0.9, "s": 112182, "e": 112501, "w": "是", "sp": "Agent"}, {"p": 223, "c": 0.9, "s": 112501, "e": 112820, "w": "吧", "sp": "Agent"}, {"p": 224, "c": 0.9, "s": 112720, "e": 112996, "w": "嗯", "sp": "Customer"}, {"p": 225, "c": 0.9, "s": 112996, "e": 113272, "w": "六", "sp": "Customer"}, {"p": 226, "c": 0.9, "s": 113272, "e": 113548, "w": "幢", "sp": "Customer"}, {"p": 227, "c": 0.9, "s": 113548, "e": 113824, "w": "二", "sp": "Customer"}, {"p": 228, "c": 0.9, "s": 113824, "e": 114376, "w": "单元", "sp": "Customer"}, {"p": 229, "c": 0.9, "s": 114376, "e": 114652, "w": "一", "sp": "Customer"}, {"p": 230, "c": 0.9, "s": 114652, "e": 115204, "w": "零零", "sp": "Customer"}, {"p": 231, "c": 0.9, "s": 115204, "e": 115480, "w": "二", "sp": "Customer"}, {"p": 232, "c": 0.9, "s": 117610, "e": 117971, "w": "一", "sp": "Agent"}, {"p": 233, "c": 0.9, "s": 117971, "e": 118695, "w": "零零", "sp": "Agent"}, {"p": 234, "c": 0.9, "s": 118695, "e": 119056, "w": "二", "sp": "Agent"}, {"p": 235, "c": 0.9, "s": 119056, "e": 119418, "w": "是", "sp": "Agent"}, {"p": 236, "c": 0.9, "s": 119418, "e": 119780, "w": "吗", "sp": "Agent"}, {"p": 237, "c": 0.9, "s": 119530, "e": 119807, "w": "嗯", "sp": "Customer"}, {"p": 238, "c": 0.9, "s": 119807, "e": 120084, "w": "六", "sp": "Customer"}, {"p": 239, "c": 0.9, "s": 120084, "e": 120361, "w": "幢", "sp": "Customer"}, {"p": 240, "c": 0.9, "s": 120361, "e": 120638, "w": "二", "sp": "Customer"}, {"p": 241, "c": 0.9, "s": 120638, "e": 121192, "w": "单元", "sp": "Customer"}, {"p": 242, "c": 0.9, "s": 121192, "e": 121469, "w": "一", "sp": "Customer"}, {"p": 243, "c": 0.9, "s": 121469, "e": 122023, "w": "零零", "sp": "Customer"}, {"p": 244, "c": 0.9, "s": 122023, "e": 122300, "w": "二", "sp": "Customer"}, {"p": 245, "c": 0.9, "s": 122470, "e": 123016, "w": "小区", "sp": "Agent"}, {"p": 246, "c": 0.9, "s": 123016, "e": 123562, "w": "前面", "sp": "Agent"}, {"p": 247, "c": 0.9, "s": 123562, "e": 123835, "w": "有", "sp": "Agent"}, {"p": 248, "c": 0.9, "s": 123835, "e": 124381, "w": "具体", "sp": "Agent"}, {"p": 249, "c": 0.9, "s": 124381, "e": 124926, "w": "路名", "sp": "Agent"}, {"p": 250, "c": 0.9, "s": 124890, "e": 125142, "w": "啊", "sp": "Customer"}, {"p": 251, "c": 0.9, "s": 124927, "e": 125200, "w": "吗", "sp": "Agent"}, {"p": 252, "c": 0.9, "s": 125142, "e": 125395, "w": "搜", "sp": "Customer"}, {"p": 253, "c": 0.9, "s": 125395, "e": 125900, "w": "这个", "sp": "Customer"}, {"p": 254, "c": 0.9, "s": 125901, "e": 126154, "w": "能", "sp": "Customer"}, {"p": 255, "c": 0.9, "s": 126154, "e": 126407, "w": "搜", "sp": "Customer"}, {"p": 256, "c": 0.9, "s": 126407, "e": 126659, "w": "到", "sp": "Customer"}, {"p": 257, "c": 0.9, "s": 127060, "e": 127533, "w": "核实", "sp": "Agent"}, {"p": 258, "c": 0.9, "s": 127533, "e": 128007, "w": "一下", "sp": "Agent"}, {"p": 259, "c": 0.9, "s": 128007, "e": 128480, "w": "地点", "sp": "Agent"}, {"p": 260, "c": 0.9, "s": 128479, "e": 129190, "w": "浙江省", "sp": "Agent"}, {"p": 261, "c": 0.9, "s": 129190, "e": 129664, "w": "台州", "sp": "Agent"}, {"p": 262, "c": 0.9, "s": 129664, "e": 129901, "w": "市", "sp": "Agent"}, {"p": 263, "c": 0.9, "s": 129901, "e": 130375, "w": "仙居", "sp": "Agent"}, {"p": 264, "c": 0.9, "s": 130375, "e": 130610, "w": "县", "sp": "Agent"}, {"p": 265, "c": 0.9, "s": 130610, "e": 131084, "w": "永丰", "sp": "Agent"}, {"p": 266, "c": 0.9, "s": 131085, "e": 131558, "w": "花园", "sp": "Agent"}, {"p": 267, "c": 0.9, "s": 131558, "e": 131795, "w": "六", "sp": "Agent"}, {"p": 268, "c": 0.9, "s": 131795, "e": 132032, "w": "幢", "sp": "Agent"}, {"p": 269, "c": 0.9, "s": 132032, "e": 132269, "w": "二", "sp": "Agent"}, {"p": 270, "c": 0.9, "s": 132269, "e": 132742, "w": "单元", "sp": "Agent"}, {"p": 271, "c": 0.9, "s": 132742, "e": 132979, "w": "幺", "sp": "Agent"}, {"p": 272, "c": 0.9, "s": 132979, "e": 133453, "w": "零零", "sp": "Agent"}, {"p": 273, "c": 0.9, "s": 133453, "e": 133690, "w": "二", "sp": "Agent"}, {"p": 274, "c": 0.9, "s": 133710, "e": 134770, "w": "嗯", "sp": "Customer"}, {"p": 275, "c": 0.9, "s": 135060, "e": 135548, "w": "空调", "sp": "Agent"}, {"p": 276, "c": 0.9, "s": 135548, "e": 135792, "w": "的", "sp": "Agent"}, {"p": 277, "c": 0.9, "s": 135792, "e": 136280, "w": "耳机", "sp": "Agent"}, {"p": 278, "c": 0.9, "s": 136280, "e": 136769, "w": "现在", "sp": "Agent"}, {"p": 279, "c": 0.9, "s": 136769, "e": 137013, "w": "有", "sp": "Agent"}, {"p": 280, "c": 0.9, "s": 137013, "e": 137501, "w": "安装", "sp": "Agent"}, {"p": 281, "c": 0.9, "s": 137501, "e": 137745, "w": "好", "sp": "Agent"}, {"p": 282, "c": 0.9, "s": 137745, "e": 137989, "w": "吗", "sp": "Agent"}, {"p": 283, "c": 0.9, "s": 138490, "e": 138725, "w": "呃", "sp": "Customer"}, {"p": 284, "c": 0.9, "s": 138725, "e": 139195, "w": "空调", "sp": "Customer"}, {"p": 285, "c": 0.9, "s": 139195, "e": 139431, "w": "外", "sp": "Customer"}, {"p": 286, "c": 0.9, "s": 139431, "e": 139666, "w": "机", "sp": "Customer"}, {"p": 287, "c": 0.9, "s": 139666, "e": 140136, "w": "的话", "sp": "Customer"}, {"p": 288, "c": 0.9, "s": 140136, "e": 140372, "w": "就", "sp": "Customer"}, {"p": 289, "c": 0.9, "s": 140372, "e": 140842, "w": "放在", "sp": "Customer"}, {"p": 290, "c": 0.9, "s": 140842, "e": 141312, "w": "阳台", "sp": "Customer"}, {"p": 291, "c": 0.9, "s": 141313, "e": 141783, "w": "上面", "sp": "Customer"}, {"p": 292, "c": 0.9, "s": 141783, "e": 142018, "w": "还", "sp": "Customer"}, {"p": 293, "c": 0.9, "s": 142018, "e": 142254, "w": "没", "sp": "Customer"}, {"p": 294, "c": 0.9, "s": 142254, "e": 142724, "w": "安装", "sp": "Customer"}, {"p": 295, "c": 0.9, "s": 142724, "e": 142959, "w": "好", "sp": "Customer"}, {"p": 296, "c": 0.9, "s": 143460, "e": 144004, "w": "放在", "sp": "Agent"}, {"p": 297, "c": 0.9, "s": 144004, "e": 144548, "w": "阳台", "sp": "Agent"}, {"p": 298, "c": 0.9, "s": 144548, "e": 145093, "w": "上面", "sp": "Agent"}, {"p": 299, "c": 0.9, "s": 145093, "e": 145365, "w": "了", "sp": "Agent"}, {"p": 300, "c": 0.9, "s": 145190, "e": 145696, "w": "嗯", "sp": "Customer"}, {"p": 301, "c": 0.9, "s": 145365, "e": 145637, "w": "是", "sp": "Agent"}, {"p": 302, "c": 0.9, "s": 145637, "e": 145909, "w": "吧", "sp": "Agent"}, {"p": 303, "c": 0.9, "s": 145696, "e": 146203, "w": "嗯", "sp": "Customer"}, {"p": 304, "c": 0.9, "s": 146203, "e": 146710, "w": "嗯", "sp": "Customer"}, {"p": 305, "c": 0.9, "s": 146570, "e": 147102, "w": "垃圾", "sp": "Agent"}, {"p": 306, "c": 0.9, "s": 147102, "e": 147634, "w": "放在", "sp": "Agent"}, {"p": 307, "c": 0.9, "s": 147634, "e": 148166, "w": "平台", "sp": "Agent"}, {"p": 308, "c": 0.9, "s": 148166, "e": 148698, "w": "小区", "sp": "Agent"}, {"p": 309, "c": 0.9, "s": 148698, "e": 149230, "w": "之后", "sp": "Agent"}, {"p": 310, "c": 0.9, "s": 149230, "e": 149762, "w": "是否", "sp": "Agent"}, {"p": 311, "c": 0.9, "s": 149762, "e": 150293, "w": "请问", "sp": "Agent"}, {"p": 312, "c": 0.9, "s": 150294, "e": 150826, "w": "正常", "sp": "Agent"}, {"p": 313, "c": 0.9, "s": 150826, "e": 151092, "w": "也", "sp": "Agent"}, {"p": 314, "c": 0.9, "s": 151092, "e": 151358, "w": "是", "sp": "Agent"}, {"p": 315, "c": 0.9, "s": 151358, "e": 151890, "w": "可以", "sp": "Agent"}, {"p": 316, "c": 0.9, "s": 151890, "e": 152422, "w": "进入", "sp": "Agent"}, {"p": 317, "c": 0.9, "s": 152310, "e": 152636, "w": "嗯", "sp": "Customer"}, {"p": 318, "c": 0.9, "s": 152422, "e": 152688, "w": "的", "sp": "Agent"}, {"p": 319, "c": 0.9, "s": 152636, "e": 152962, "w": "对", "sp": "Customer"}, {"p": 320, "c": 0.9, "s": 152688, "e": 152954, "w": "是", "sp": "Agent"}, {"p": 321, "c": 0.9, "s": 152954, "e": 153220, "w": "吧", "sp": "Agent"}, {"p": 322, "c": 0.9, "s": 152962, "e": 153288, "w": "的", "sp": "Customer"}, {"p": 323, "c": 0.9, "s": 153288, "e": 153614, "w": "对", "sp": "Customer"}, {"p": 324, "c": 0.9, "s": 153614, "e": 153940, "w": "的", "sp": "Customer"}, {"p": 325, "c": 0.9, "s": 154260, "e": 154708, "w": "最快", "sp": "Agent"}, {"p": 326, "c": 0.9, "s": 154708, "e": 154931, "w": "的", "sp": "Agent"}, {"p": 327, "c": 0.9, "s": 154932, "e": 155380, "w": "上门", "sp": "Agent"}, {"p": 328, "c": 0.9, "s": 155380, "e": 155828, "w": "时间", "sp": "Agent"}, {"p": 329, "c": 0.9, "s": 155828, "e": 156500, "w": "十三号", "sp": "Agent"}, {"p": 330, "c": 0.9, "s": 156500, "e": 156948, "w": "今天", "sp": "Agent"}, {"p": 331, "c": 0.9, "s": 156948, "e": 157396, "w": "方便", "sp": "Agent"}, {"p": 332, "c": 0.9, "s": 157190, "e": 158230, "w": "方便", "sp": "Customer"}, {"p": 333, "c": 0.9, "s": 157396, "e": 157620, "w": "吗", "sp": "Agent"}, {"p": 334, "c": 0.9, "s": 158520, "e": 158732, "w": "嗯", "sp": "Agent"}, {"p": 335, "c": 0.9, "s": 158732, "e": 159157, "w": "这边", "sp": "Agent"}, {"p": 336, "c": 0.9, "s": 159158, "e": 159583, "w": "安排", "sp": "Agent"}, {"p": 337, "c": 0.9, "s": 159583, "e": 159795, "w": "好", "sp": "Agent"}, {"p": 338, "c": 0.9, "s": 159796, "e": 160008, "w": "了", "sp": "Agent"}, {"p": 339, "c": 0.9, "s": 160008, "e": 160433, "w": "还有", "sp": "Agent"}, {"p": 340, "c": 0.9, "s": 160434, "e": 160859, "w": "其他", "sp": "Agent"}, {"p": 341, "c": 0.9, "s": 160859, "e": 161071, "w": "的", "sp": "Agent"}, {"p": 342, "c": 0.9, "s": 161072, "e": 161497, "w": "需求", "sp": "Agent"}, {"p": 343, "c": 0.9, "s": 161440, "e": 162193, "w": "没有", "sp": "Customer"}, {"p": 344, "c": 0.9, "s": 161497, "e": 161709, "w": "吗", "sp": "Agent"}, {"p": 345, "c": 0.9, "s": 162193, "e": 162569, "w": "了", "sp": "Customer"}, {"p": 346, "c": 0.9, "s": 162800, "e": 162970, "w": "嗯", "sp": "Agent"}, {"p": 347, "c": 0.9, "s": 162970, "e": 163310, "w": "再见", "sp": "Agent"}, {"p": 348, "c": 0.9, "s": 163310, "e": 163651, "w": "稍后", "sp": "Agent"}, {"p": 349, "c": 0.9, "s": 163651, "e": 163821, "w": "也", "sp": "Agent"}, {"p": 350, "c": 0.9, "s": 163821, "e": 164161, "w": "看到", "sp": "Agent"}, {"p": 351, "c": 0.9, "s": 164161, "e": 164332, "w": "微", "sp": "Agent"}, {"p": 352, "c": 0.9, "s": 164332, "e": 164502, "w": "信", "sp": "Agent"}, {"p": 353, "c": 0.9, "s": 164502, "e": 164842, "w": "服务", "sp": "Agent"}, {"p": 354, "c": 0.9, "s": 164842, "e": 165183, "w": "欢迎", "sp": "Agent"}, {"p": 355, "c": 0.9, "s": 165183, "e": 165523, "w": "关注", "sp": "Agent"}, {"p": 356, "c": 0.9, "s": 165523, "e": 165864, "w": "使用", "sp": "Agent"}, {"p": 357, "c": 0.9, "s": 165864, "e": 166204, "w": "麻烦", "sp": "Agent"}, {"p": 358, "c": 0.9, "s": 166204, "e": 166545, "w": "稍后", "sp": "Agent"}, {"p": 359, "c": 0.9, "s": 166545, "e": 166715, "w": "对", "sp": "Agent"}, {"p": 360, "c": 0.9, "s": 166715, "e": 167055, "w": "本次", "sp": "Agent"}, {"p": 361, "c": 0.9, "s": 167055, "e": 167226, "w": "的", "sp": "Agent"}, {"p": 362, "c": 0.9, "s": 167226, "e": 167566, "w": "服务", "sp": "Agent"}, {"p": 363, "c": 0.9, "s": 167566, "e": 167736, "w": "做", "sp": "Agent"}, {"p": 364, "c": 0.9, "s": 167736, "e": 167905, "w": "个", "sp": "Agent"}, {"p": 365, "c": 0.9, "s": 167906, "e": 168417, "w": "满意度", "sp": "Agent"}, {"p": 366, "c": 0.9, "s": 168417, "e": 168758, "w": "评价", "sp": "Agent"}, {"p": 367, "c": 0.9, "s": 168758, "e": 169097, "w": "祝您", "sp": "Agent"}, {"p": 368, "c": 0.9, "s": 169098, "e": 169439, "w": "生活", "sp": "Agent"}, {"p": 369, "c": 0.9, "s": 169439, "e": 169778, "w": "愉快", "sp": "Agent"}, {"p": 370, "c": 0.9, "s": 169779, "e": 170120, "w": "再见", "sp": "Agent"}, {"p": 371, "c": 0.9, "s": 171680, "e": 171956, "w": "请", "sp": "Agent"}, {"p": 372, "c": 0.9, "s": 171956, "e": 172232, "w": "对", "sp": "Agent"}, {"p": 373, "c": 0.9, "s": 172232, "e": 172784, "w": "本次", "sp": "Agent"}, {"p": 374, "c": 0.9, "s": 172785, "e": 173337, "w": "服务", "sp": "Agent"}, {"p": 375, "c": 0.9, "s": 173337, "e": 173613, "w": "作", "sp": "Agent"}, {"p": 376, "c": 0.9, "s": 173613, "e": 173890, "w": "评", "sp": "Agent"}, {"p": 377, "c": 0.9, "s": 174710, "e": 175480, "w": "感谢", "sp": "Agent"}]}, "plainText": "六零 二 号 为您服务 中午 好 白雪 红 很 高兴 为您服务 请问 有 什么 需要 帮助 的\n啊\n吗\n我 这边 经销 商代 报\n很 抱歉 耽误 用户 使用 了 后期 联系 您 联系 用户\n要 销 户\n用户 贵姓\n呃 呃 先生\n请问 空调 哪 一年 购机 的 呢\n他 这个 的话 是 嗯 二二 年 刚 购 的\n今年 是 吗\n嗯\n女士 的 电话号码 麻烦 您 报 一下\n幺 五八 六七 六三\n嗯\n九 九二 零\n幺 五八 六七 六 三九 九二 零 是 吗\n嗯 对 的\n空调 的 型号 请问 有 了解 过 吗\n型号 的话 是 嗯 R P C C Q\n嗯\n六 别 威\n出现 了 什么 问题 呢\n他 这个 的话 是 那个 外 机 就是 那个 外 机壳 刚才 进 刚才 进去 那个 就 那个 袋子 就 凹 全部 凹 进去 了\n属性 意外 及 变形 是 吗\n对 对 对 我们 要 换 一个 袋子\n那 具体 的 让 师傅 上门 查看 空调 在 保 师傅 上门 准备 好 发票 或者 合同 您 这个 经销商 公司 名称 方便 提供 吗\n浙江 威 麟\n上门 的 地点 麻烦 您 报 一下\n浙江省\n省 市区\n台州 市\n嗯\n仙居 县\n你好\n然后 是 那个 永丰 花 永丰 花园\n永远\n永远 的\n的\n永\n永\n丰收\n方式\n的 丰\n嗯 丰收 的 丰 是 吧\n嗯 六 幢 二 单元 一 零零 二\n一 零零 二 是 吗\n嗯 六 幢 二 单元 一 零零 二\n小区 前面 有 具体 路名\n啊\n吗\n搜 这个 能 搜 到\n核实 一下 地点 浙江省 台州 市 仙居 县 永丰 花园 六 幢 二 单元 幺 零零 二\n嗯\n空调 的 耳机 现在 有 安装 好 吗\n呃 空调 外 机 的话 就 放在 阳台 上面 还 没 安装 好\n放在 阳台 上面 了\n嗯\n是 吧\n嗯 嗯\n垃圾 放在 平台 小区 之后 是否 请问 正常 也 是 可以 进入\n嗯\n的\n对\n是 吧\n的 对 的\n最快 的 上门 时间 十三号 今天 方便\n方便\n吗 嗯 这边 安排 好 了 还有 其他 的 需求\n没有\n吗\n了\n嗯 再见 稍后 也 看到 微 信 服务 欢迎 关注 使用 麻烦 稍后 对 本次 的 服务 做 个 满意度 评价 祝您 生活 愉快 再见 请 对 本次 服务 作 评 感谢", "plainTextTime": {"verbatims": [{"s": 3180, "e": 12358, "w": "六零 二 号 为您服务 中午 好 白雪 红 很 高兴 为您服务 请问 有 什么 需要 帮助 的", "sp": "Agent"}, {"s": 12330, "e": 12593, "w": "啊", "sp": "Customer"}, {"s": 12358, "e": 12580, "w": "吗", "sp": "Agent"}, {"s": 12593, "e": 14700, "w": "我 这边 经销 商代 报", "sp": "Customer"}, {"s": 15410, "e": 19030, "w": "很 抱歉 耽误 用户 使用 了 后期 联系 您 联系 用户", "sp": "Agent"}, {"s": 18880, "e": 20259, "w": "要 销 户", "sp": "Customer"}, {"s": 20390, "e": 21900, "w": "用户 贵姓", "sp": "Agent"}, {"s": 22930, "e": 25380, "w": "呃 呃 先生", "sp": "Customer"}, {"s": 25910, "e": 28570, "w": "请问 空调 哪 一年 购机 的 呢", "sp": "Agent"}, {"s": 28840, "e": 33440, "w": "他 这个 的话 是 嗯 二二 年 刚 购 的", "sp": "Customer"}, {"s": 33880, "e": 35660, "w": "今年 是 吗", "sp": "Agent"}, {"s": 35330, "e": 36370, "w": "嗯", "sp": "Customer"}, {"s": 36720, "e": 39360, "w": "女士 的 电话号码 麻烦 您 报 一下", "sp": "Agent"}, {"s": 40110, "e": 42260, "w": "幺 五八 六七 六三", "sp": "Customer"}, {"s": 43310, "e": 44420, "w": "嗯", "sp": "Agent"}, {"s": 44190, "e": 45650, "w": "九 九二 零", "sp": "Customer"}, {"s": 46800, "e": 50470, "w": "幺 五八 六七 六 三九 九二 零 是 吗", "sp": "Agent"}, {"s": 50350, "e": 51700, "w": "嗯 对 的", "sp": "Customer"}, {"s": 52030, "e": 54910, "w": "空调 的 型号 请问 有 了解 过 吗", "sp": "Agent"}, {"s": 54920, "e": 60430, "w": "型号 的话 是 嗯 R P C C Q", "sp": "Customer"}, {"s": 61160, "e": 62300, "w": "嗯", "sp": "Agent"}, {"s": 62470, "e": 64220, "w": "六 别 威", "sp": "Customer"}, {"s": 64589, "e": 66710, "w": "出现 了 什么 问题 呢", "sp": "Agent"}, {"s": 66720, "e": 75890, "w": "他 这个 的话 是 那个 外 机 就是 那个 外 机壳 刚才 进 刚才 进去 那个 就 那个 袋子 就 凹 全部 凹 进去 了", "sp": "Customer"}, {"s": 76520, "e": 79290, "w": "属性 意外 及 变形 是 吗", "sp": "Agent"}, {"s": 79010, "e": 81490, "w": "对 对 对 我们 要 换 一个 袋子", "sp": "Customer"}, {"s": 82000, "e": 89560, "w": "那 具体 的 让 师傅 上门 查看 空调 在 保 师傅 上门 准备 好 发票 或者 合同 您 这个 经销商 公司 名称 方便 提供 吗", "sp": "Agent"}, {"s": 89420, "e": 90860, "w": "浙江 威 麟", "sp": "Customer"}, {"s": 93300, "e": 96105, "w": "上门 的 地点 麻烦 您 报 一下", "sp": "Agent"}, {"s": 95620, "e": 96615, "w": "浙江省", "sp": "Customer"}, {"s": 96105, "e": 96870, "w": "省 市区", "sp": "Agent"}, {"s": 96615, "e": 97610, "w": "台州 市", "sp": "Customer"}, {"s": 98760, "e": 99780, "w": "嗯", "sp": "Agent"}, {"s": 99840, "e": 101210, "w": "仙居 县", "sp": "Customer"}, {"s": 101440, "e": 102510, "w": "你好", "sp": "Agent"}, {"s": 102960, "e": 107550, "w": "然后 是 那个 永丰 花 永丰 花园", "sp": "Customer"}, {"s": 108080, "e": 108743, "w": "永远", "sp": "Agent"}, {"s": 108090, "e": 108899, "w": "永远 的", "sp": "Customer"}, {"s": 108743, "e": 109075, "w": "的", "sp": "Agent"}, {"s": 108900, "e": 109170, "w": "永", "sp": "Customer"}, {"s": 109075, "e": 109406, "w": "永", "sp": "Agent"}, {"s": 109170, "e": 109710, "w": "丰收", "sp": "Customer"}, {"s": 109406, "e": 110070, "w": "方式", "sp": "Agent"}, {"s": 109710, "e": 110250, "w": "的 丰", "sp": "Customer"}, {"s": 110590, "e": 112820, "w": "嗯 丰收 的 丰 是 吧", "sp": "Agent"}, {"s": 112720, "e": 115480, "w": "嗯 六 幢 二 单元 一 零零 二", "sp": "Customer"}, {"s": 117610, "e": 119780, "w": "一 零零 二 是 吗", "sp": "Agent"}, {"s": 119530, "e": 122300, "w": "嗯 六 幢 二 单元 一 零零 二", "sp": "Customer"}, {"s": 122470, "e": 124926, "w": "小区 前面 有 具体 路名", "sp": "Agent"}, {"s": 124890, "e": 125142, "w": "啊", "sp": "Customer"}, {"s": 124927, "e": 125200, "w": "吗", "sp": "Agent"}, {"s": 125142, "e": 126659, "w": "搜 这个 能 搜 到", "sp": "Customer"}, {"s": 127060, "e": 133690, "w": "核实 一下 地点 浙江省 台州 市 仙居 县 永丰 花园 六 幢 二 单元 幺 零零 二", "sp": "Agent"}, {"s": 133710, "e": 134770, "w": "嗯", "sp": "Customer"}, {"s": 135060, "e": 137989, "w": "空调 的 耳机 现在 有 安装 好 吗", "sp": "Agent"}, {"s": 138490, "e": 142959, "w": "呃 空调 外 机 的话 就 放在 阳台 上面 还 没 安装 好", "sp": "Customer"}, {"s": 143460, "e": 145365, "w": "放在 阳台 上面 了", "sp": "Agent"}, {"s": 145190, "e": 145696, "w": "嗯", "sp": "Customer"}, {"s": 145365, "e": 145909, "w": "是 吧", "sp": "Agent"}, {"s": 145696, "e": 146710, "w": "嗯 嗯", "sp": "Customer"}, {"s": 146570, "e": 152422, "w": "垃圾 放在 平台 小区 之后 是否 请问 正常 也 是 可以 进入", "sp": "Agent"}, {"s": 152310, "e": 152636, "w": "嗯", "sp": "Customer"}, {"s": 152422, "e": 152688, "w": "的", "sp": "Agent"}, {"s": 152636, "e": 152962, "w": "对", "sp": "Customer"}, {"s": 152688, "e": 153220, "w": "是 吧", "sp": "Agent"}, {"s": 152962, "e": 153940, "w": "的 对 的", "sp": "Customer"}, {"s": 154260, "e": 157396, "w": "最快 的 上门 时间 十三号 今天 方便", "sp": "Agent"}, {"s": 157190, "e": 158230, "w": "方便", "sp": "Customer"}, {"s": 157396, "e": 161497, "w": "吗 嗯 这边 安排 好 了 还有 其他 的 需求", "sp": "Agent"}, {"s": 161440, "e": 162193, "w": "没有", "sp": "Customer"}, {"s": 161497, "e": 161709, "w": "吗", "sp": "Agent"}, {"s": 162193, "e": 162569, "w": "了", "sp": "Customer"}, {"s": 162800, "e": 175480, "w": "嗯 再见 稍后 也 看到 微 信 服务 欢迎 关注 使用 麻烦 稍后 对 本次 的 服务 做 个 满意度 评价 祝您 生活 愉快 再见 请 对 本次 服务 作 评 感谢", "sp": "Agent"}]}, "aqm": {"greeting": {"greeting_said": "为您服务, 高兴, 请问, 需要, 帮助", "n_greeting_said": 5, "score": 1}, "closing": {"closing_said": "祝您, 生活, 愉快, 再见, 感谢", "n_closing_said": 5, "score": 1}, "speed": {"speed_max": 5.69, "n_words": 43, "words": "那 具体 的 让 师傅 上门 查看 空调 在 保 师傅 上门 准备 好 发票 或者 合同 您 这个 经销商 公司 名称 方便 提供 吗", "start": 82000, "end": 89560}}}