{"mediaId": "2022031314045595078300200000537802", "status": "Success", "dateCreated": "2022-03-21T18:45:50Z", "contentType": "audio/x-wav", "channels": "future use", "length": 71, "metadata": {"Sid": 10006, "Site_id": 783, "Audio_ch_num": 5378, "Audio_module_num": 783002, "Audio_start_time_gmt": "2022-03-13T06:03:44.54+08:00", "Transaction_id": "2022031314045595078300200000537802", "ContactID": "9204480058950000022", "Personal_id": "0", "Direction": 0, "Local_audio_start_time": "2022-03-13T14:03:44.54+08:00", "Local_audio_end_time": "2022-03-13T14:04:55.54+08:00", "Total_hold_time": "0", "Pbx_login_id": "", "Ani": "90102155368221", "Extension": "155368221", "String_extension": "90102155368221", "Switch_call_id": "SIP/AUDIO/083E1600-C577-AA5A-C039-B8742B87109D", "Switch_id": "783000001", "Duration_seconds": 71, "Wrapup_time_in_seconds": "0", "Dnis": "18255410972", "Number_of_conferences": "0", "Number_of_holds": "0", "Number_of_transfers": "0", "Percent_of_agent_call": "34", "Percent_of_other_call": "14", "Percent_of_mutual_silence": "20", "Num_of_agent_cross": "2", "Num_of_other_cross": "4", "IsException": 0}, "transcript_detailed": {"words": [{"p": 1, "c": 0.9, "s": 3630, "e": 5570, "w": "六零", "sp": "Agent"}, {"p": 2, "c": 0.9, "s": 5570, "e": 6540, "w": "二", "sp": "Agent"}, {"p": 3, "c": 0.9, "s": 7210, "e": 7578, "w": "号", "sp": "Agent"}, {"p": 4, "c": 0.9, "s": 7578, "e": 9050, "w": "为您服务", "sp": "Agent"}, {"p": 5, "c": 0.9, "s": 9550, "e": 9879, "w": "上午", "sp": "Agent"}, {"p": 6, "c": 0.9, "s": 9879, "e": 10044, "w": "好", "sp": "Agent"}, {"p": 7, "c": 0.9, "s": 10044, "e": 10538, "w": "大多数", "sp": "Agent"}, {"p": 8, "c": 0.9, "s": 10538, "e": 10703, "w": "号", "sp": "Agent"}, {"p": 9, "c": 0.9, "s": 10703, "e": 10868, "w": "很", "sp": "Agent"}, {"p": 10, "c": 0.9, "s": 10868, "e": 11197, "w": "高兴", "sp": "Agent"}, {"p": 11, "c": 0.9, "s": 11197, "e": 11856, "w": "为您服务", "sp": "Agent"}, {"p": 12, "c": 0.9, "s": 11856, "e": 12186, "w": "请问", "sp": "Agent"}, {"p": 13, "c": 0.9, "s": 12186, "e": 12351, "w": "有", "sp": "Agent"}, {"p": 14, "c": 0.9, "s": 12351, "e": 12680, "w": "什么", "sp": "Agent"}, {"p": 15, "c": 0.9, "s": 12440, "e": 12945, "w": "你好", "sp": "Customer"}, {"p": 16, "c": 0.9, "s": 12680, "e": 13010, "w": "可以", "sp": "Agent"}, {"p": 17, "c": 0.9, "s": 12946, "e": 13199, "w": "我", "sp": "Customer"}, {"p": 18, "c": 0.9, "s": 13010, "e": 13175, "w": "帮", "sp": "Agent"}, {"p": 19, "c": 0.9, "s": 13175, "e": 13340, "w": "您", "sp": "Agent"}, {"p": 20, "c": 0.9, "s": 13199, "e": 13452, "w": "想", "sp": "Customer"}, {"p": 21, "c": 0.9, "s": 13452, "e": 13959, "w": "请问", "sp": "Customer"}, {"p": 22, "c": 0.9, "s": 13959, "e": 14464, "w": "一下", "sp": "Customer"}, {"p": 23, "c": 0.9, "s": 14190, "e": 15219, "w": "嗯", "sp": "Agent"}, {"p": 24, "c": 0.9, "s": 14465, "e": 14972, "w": "大型", "sp": "Customer"}, {"p": 25, "c": 0.9, "s": 14972, "e": 15478, "w": "中央", "sp": "Customer"}, {"p": 26, "c": 0.9, "s": 15478, "e": 15985, "w": "空调", "sp": "Customer"}, {"p": 27, "c": 0.9, "s": 15620, "e": 16700, "w": "嗯", "sp": "Agent"}, {"p": 28, "c": 0.9, "s": 15985, "e": 16744, "w": "监控器", "sp": "Customer"}, {"p": 29, "c": 0.9, "s": 16744, "e": 17251, "w": "出现", "sp": "Customer"}, {"p": 30, "c": 0.9, "s": 17251, "e": 17504, "w": "U", "sp": "Customer"}, {"p": 31, "c": 0.9, "s": 17504, "e": 17757, "w": "S", "sp": "Customer"}, {"p": 32, "c": 0.9, "s": 17757, "e": 18010, "w": "和", "sp": "Customer"}, {"p": 33, "c": 0.9, "s": 18010, "e": 18264, "w": "U", "sp": "Customer"}, {"p": 34, "c": 0.9, "s": 18264, "e": 18517, "w": "A", "sp": "Customer"}, {"p": 35, "c": 0.9, "s": 18517, "e": 19023, "w": "九五", "sp": "Customer"}, {"p": 36, "c": 0.9, "s": 19023, "e": 19277, "w": "是", "sp": "Customer"}, {"p": 37, "c": 0.9, "s": 19277, "e": 19783, "w": "什么", "sp": "Customer"}, {"p": 38, "c": 0.9, "s": 19783, "e": 20290, "w": "故障", "sp": "Customer"}, {"p": 39, "c": 0.9, "s": 20650, "e": 20892, "w": "U", "sp": "Agent"}, {"p": 40, "c": 0.9, "s": 20892, "e": 21134, "w": "A", "sp": "Agent"}, {"p": 41, "c": 0.9, "s": 21134, "e": 21376, "w": "是", "sp": "Agent"}, {"p": 42, "c": 0.9, "s": 21376, "e": 21619, "w": "吗", "sp": "Agent"}, {"p": 43, "c": 0.9, "s": 21619, "e": 21861, "w": "您", "sp": "Agent"}, {"p": 44, "c": 0.9, "s": 21861, "e": 22103, "w": "稍", "sp": "Agent"}, {"p": 45, "c": 0.9, "s": 22103, "e": 22346, "w": "等", "sp": "Agent"}, {"p": 46, "c": 0.9, "s": 22346, "e": 22588, "w": "我", "sp": "Agent"}, {"p": 47, "c": 0.9, "s": 22588, "e": 22830, "w": "帮", "sp": "Agent"}, {"p": 48, "c": 0.9, "s": 22830, "e": 23073, "w": "您", "sp": "Agent"}, {"p": 49, "c": 0.9, "s": 23073, "e": 23315, "w": "看", "sp": "Agent"}, {"p": 50, "c": 0.9, "s": 23315, "e": 23800, "w": "一下", "sp": "Agent"}, {"p": 51, "c": 0.9, "s": 25950, "e": 26460, "w": "嗯", "sp": "Customer"}, {"p": 52, "c": 0.9, "s": 26460, "e": 26970, "w": "好", "sp": "Customer"}, {"p": 53, "c": 0.9, "s": 26620, "e": 27000, "w": "请", "sp": "Agent"}, {"p": 54, "c": 0.9, "s": 27000, "e": 27380, "w": "稍", "sp": "Agent"}, {"p": 55, "c": 0.9, "s": 27380, "e": 27759, "w": "等", "sp": "Agent"}, {"p": 56, "c": 0.9, "s": 28160, "e": 28598, "w": "这个", "sp": "Agent"}, {"p": 57, "c": 0.9, "s": 28598, "e": 29036, "w": "可能", "sp": "Agent"}, {"p": 58, "c": 0.9, "s": 29036, "e": 29255, "w": "是", "sp": "Agent"}, {"p": 59, "c": 0.9, "s": 29255, "e": 29692, "w": "室内", "sp": "Agent"}, {"p": 60, "c": 0.9, "s": 29693, "e": 29913, "w": "机", "sp": "Agent"}, {"p": 61, "c": 0.9, "s": 29913, "e": 30132, "w": "和", "sp": "Agent"}, {"p": 62, "c": 0.9, "s": 30132, "e": 30789, "w": "室外机", "sp": "Agent"}, {"p": 63, "c": 0.9, "s": 30789, "e": 31008, "w": "的", "sp": "Agent"}, {"p": 64, "c": 0.9, "s": 31008, "e": 31446, "w": "组合", "sp": "Agent"}, {"p": 65, "c": 0.9, "s": 31446, "e": 31884, "w": "不当", "sp": "Agent"}, {"p": 66, "c": 0.9, "s": 31885, "e": 32323, "w": "需要", "sp": "Agent"}, {"p": 67, "c": 0.9, "s": 32323, "e": 32761, "w": "师傅", "sp": "Agent"}, {"p": 68, "c": 0.9, "s": 32761, "e": 33200, "w": "上门", "sp": "Agent"}, {"p": 69, "c": 0.9, "s": 33200, "e": 33419, "w": "看", "sp": "Agent"}, {"p": 70, "c": 0.9, "s": 33419, "e": 33857, "w": "一下", "sp": "Agent"}, {"p": 71, "c": 0.9, "s": 33857, "e": 34076, "w": "的", "sp": "Agent"}, {"p": 72, "c": 0.9, "s": 34076, "e": 34514, "w": "请问", "sp": "Agent"}, {"p": 73, "c": 0.9, "s": 34514, "e": 34733, "w": "您", "sp": "Agent"}, {"p": 74, "c": 0.9, "s": 34733, "e": 34953, "w": "是", "sp": "Agent"}, {"p": 75, "c": 0.9, "s": 34953, "e": 35172, "w": "帮", "sp": "Agent"}, {"p": 76, "c": 0.9, "s": 35172, "e": 35610, "w": "用户", "sp": "Agent"}, {"p": 77, "c": 0.9, "s": 35610, "e": 35829, "w": "代", "sp": "Agent"}, {"p": 78, "c": 0.9, "s": 35829, "e": 36048, "w": "报", "sp": "Agent"}, {"p": 79, "c": 0.9, "s": 36048, "e": 36267, "w": "的", "sp": "Agent"}, {"p": 80, "c": 0.9, "s": 36267, "e": 36705, "w": "还是", "sp": "Agent"}, {"p": 81, "c": 0.9, "s": 36706, "e": 37144, "w": "自己", "sp": "Agent"}, {"p": 82, "c": 0.9, "s": 37144, "e": 37363, "w": "家", "sp": "Agent"}, {"p": 83, "c": 0.9, "s": 37363, "e": 37582, "w": "的", "sp": "Agent"}, {"p": 84, "c": 0.9, "s": 37582, "e": 38020, "w": "配件", "sp": "Agent"}, {"p": 85, "c": 0.9, "s": 38020, "e": 38240, "w": "儿", "sp": "Agent"}, {"p": 86, "c": 0.9, "s": 39120, "e": 39437, "w": "那", "sp": "Customer"}, {"p": 87, "c": 0.9, "s": 39437, "e": 39755, "w": "你", "sp": "Customer"}, {"p": 88, "c": 0.9, "s": 39755, "e": 40072, "w": "咋", "sp": "Customer"}, {"p": 89, "c": 0.9, "s": 40072, "e": 40390, "w": "的", "sp": "Customer"}, {"p": 90, "c": 0.9, "s": 41070, "e": 41670, "w": "自己", "sp": "Agent"}, {"p": 91, "c": 0.9, "s": 41670, "e": 41969, "w": "家", "sp": "Agent"}, {"p": 92, "c": 0.9, "s": 41970, "e": 42270, "w": "的", "sp": "Agent"}, {"p": 93, "c": 0.9, "s": 42270, "e": 42570, "w": "是", "sp": "Agent"}, {"p": 94, "c": 0.9, "s": 42570, "e": 42870, "w": "吗", "sp": "Agent"}, {"p": 95, "c": 0.9, "s": 43380, "e": 43620, "w": "你", "sp": "Customer"}, {"p": 96, "c": 0.9, "s": 43620, "e": 44340, "w": "打电话", "sp": "Customer"}, {"p": 97, "c": 0.9, "s": 44340, "e": 44820, "w": "什么", "sp": "Customer"}, {"p": 98, "c": 0.9, "s": 44820, "e": 45300, "w": "故障", "sp": "Customer"}, {"p": 99, "c": 0.9, "s": 45690, "e": 46013, "w": "是", "sp": "Agent"}, {"p": 100, "c": 0.9, "s": 46013, "e": 46659, "w": "室内", "sp": "Agent"}, {"p": 101, "c": 0.9, "s": 46659, "e": 46982, "w": "机", "sp": "Agent"}, {"p": 102, "c": 0.9, "s": 46982, "e": 47305, "w": "和", "sp": "Agent"}, {"p": 103, "c": 0.9, "s": 47305, "e": 48274, "w": "室外机", "sp": "Agent"}, {"p": 104, "c": 0.9, "s": 48274, "e": 48597, "w": "的", "sp": "Agent"}, {"p": 105, "c": 0.9, "s": 48597, "e": 49243, "w": "组合", "sp": "Agent"}, {"p": 106, "c": 0.9, "s": 49243, "e": 49890, "w": "不当", "sp": "Agent"}, {"p": 107, "c": 0.9, "s": 50600, "e": 51050, "w": "就是", "sp": "Customer"}, {"p": 108, "c": 0.9, "s": 51050, "e": 51274, "w": "超", "sp": "Customer"}, {"p": 109, "c": 0.9, "s": 51275, "e": 51500, "w": "配", "sp": "Customer"}, {"p": 110, "c": 0.9, "s": 51500, "e": 51725, "w": "了", "sp": "Customer"}, {"p": 111, "c": 0.9, "s": 51725, "e": 52175, "w": "就是", "sp": "Customer"}, {"p": 112, "c": 0.9, "s": 52175, "e": 52399, "w": "了", "sp": "Customer"}, {"p": 113, "c": 0.9, "s": 53640, "e": 53878, "w": "嗯", "sp": "Agent"}, {"p": 114, "c": 0.9, "s": 53878, "e": 54355, "w": "具体", "sp": "Agent"}, {"p": 115, "c": 0.9, "s": 54355, "e": 54833, "w": "原因", "sp": "Agent"}, {"p": 116, "c": 0.9, "s": 54833, "e": 55310, "w": "这个", "sp": "Agent"}, {"p": 117, "c": 0.9, "s": 55310, "e": 55548, "w": "要", "sp": "Agent"}, {"p": 118, "c": 0.9, "s": 55548, "e": 55787, "w": "问", "sp": "Agent"}, {"p": 119, "c": 0.9, "s": 55787, "e": 56264, "w": "一下", "sp": "Agent"}, {"p": 120, "c": 0.9, "s": 56264, "e": 56742, "w": "具体", "sp": "Agent"}, {"p": 121, "c": 0.9, "s": 56742, "e": 56980, "w": "的", "sp": "Agent"}, {"p": 122, "c": 0.9, "s": 56980, "e": 57457, "w": "我们", "sp": "Agent"}, {"p": 123, "c": 0.9, "s": 57457, "e": 57935, "w": "这边", "sp": "Agent"}, {"p": 124, "c": 0.9, "s": 57935, "e": 58173, "w": "是", "sp": "Agent"}, {"p": 125, "c": 0.9, "s": 58173, "e": 58412, "w": "看", "sp": "Agent"}, {"p": 126, "c": 0.9, "s": 58412, "e": 58889, "w": "这个", "sp": "Agent"}, {"p": 127, "c": 0.9, "s": 58889, "e": 59366, "w": "宽带", "sp": "Agent"}, {"p": 128, "c": 0.9, "s": 59366, "e": 59844, "w": "码表", "sp": "Agent"}, {"p": 129, "c": 0.9, "s": 59844, "e": 60082, "w": "的", "sp": "Agent"}, {"p": 130, "c": 0.9, "s": 60082, "e": 60560, "w": "解释", "sp": "Agent"}, {"p": 131, "c": 0.9, "s": 60960, "e": 61399, "w": "好好", "sp": "Customer"}, {"p": 132, "c": 0.9, "s": 61400, "e": 61620, "w": "好", "sp": "Customer"}, {"p": 133, "c": 0.9, "s": 61620, "e": 61840, "w": "我", "sp": "Customer"}, {"p": 134, "c": 0.9, "s": 61840, "e": 62280, "w": "知道", "sp": "Customer"}, {"p": 135, "c": 0.9, "s": 62280, "e": 62500, "w": "了", "sp": "Customer"}, {"p": 136, "c": 0.9, "s": 62500, "e": 62720, "w": "我", "sp": "Customer"}, {"p": 137, "c": 0.9, "s": 62720, "e": 62940, "w": "来", "sp": "Customer"}, {"p": 138, "c": 0.9, "s": 62940, "e": 63160, "w": "我", "sp": "Customer"}, {"p": 139, "c": 0.9, "s": 63160, "e": 63380, "w": "来", "sp": "Customer"}, {"p": 140, "c": 0.9, "s": 63380, "e": 63820, "w": "看看", "sp": "Customer"}, {"p": 141, "c": 0.9, "s": 63820, "e": 64040, "w": "啊", "sp": "Customer"}, {"p": 142, "c": 0.9, "s": 64040, "e": 64260, "w": "好", "sp": "Customer"}, {"p": 143, "c": 0.9, "s": 64170, "e": 64392, "w": "嗯", "sp": "Agent"}, {"p": 144, "c": 0.9, "s": 64260, "e": 64700, "w": "谢谢", "sp": "Customer"}, {"p": 145, "c": 0.9, "s": 64392, "e": 64614, "w": "好", "sp": "Agent"}, {"p": 146, "c": 0.9, "s": 64614, "e": 64836, "w": "的", "sp": "Agent"}, {"p": 147, "c": 0.9, "s": 64699, "e": 64920, "w": "了", "sp": "Customer"}, {"p": 148, "c": 0.9, "s": 64836, "e": 65059, "w": "嗯", "sp": "Agent"}, {"p": 149, "c": 0.9, "s": 65059, "e": 65282, "w": "那", "sp": "Agent"}, {"p": 150, "c": 0.9, "s": 65282, "e": 65504, "w": "您", "sp": "Agent"}, {"p": 151, "c": 0.9, "s": 65504, "e": 65951, "w": "后期", "sp": "Agent"}, {"p": 152, "c": 0.9, "s": 65951, "e": 66173, "w": "有", "sp": "Agent"}, {"p": 153, "c": 0.9, "s": 66173, "e": 66618, "w": "需要", "sp": "Agent"}, {"p": 154, "c": 0.9, "s": 66618, "e": 67063, "w": "的话", "sp": "Agent"}, {"p": 155, "c": 0.9, "s": 67064, "e": 67509, "w": "可以", "sp": "Agent"}, {"p": 156, "c": 0.9, "s": 67509, "e": 67954, "w": "随时", "sp": "Agent"}, {"p": 157, "c": 0.9, "s": 67954, "e": 68400, "w": "来电", "sp": "Agent"}, {"p": 158, "c": 0.9, "s": 68900, "e": 69055, "w": "嗯", "sp": "Customer"}, {"p": 159, "c": 0.9, "s": 69055, "e": 69211, "w": "好", "sp": "Customer"}, {"p": 160, "c": 0.9, "s": 69211, "e": 69366, "w": "的", "sp": "Customer"}, {"p": 161, "c": 0.9, "s": 69366, "e": 69521, "w": "好", "sp": "Customer"}, {"p": 162, "c": 0.9, "s": 69522, "e": 69677, "w": "的", "sp": "Customer"}, {"p": 163, "c": 0.9, "s": 69677, "e": 69833, "w": "嗯", "sp": "Customer"}, {"p": 164, "c": 0.9, "s": 69710, "e": 69888, "w": "好", "sp": "Agent"}, {"p": 165, "c": 0.9, "s": 69833, "e": 70144, "w": "谢谢", "sp": "Customer"}, {"p": 166, "c": 0.9, "s": 69888, "e": 70067, "w": "的", "sp": "Agent"}, {"p": 167, "c": 0.9, "s": 70067, "e": 70246, "w": "嗯", "sp": "Agent"}, {"p": 168, "c": 0.9, "s": 70144, "e": 70299, "w": "啊", "sp": "Customer"}, {"p": 169, "c": 0.9, "s": 70246, "e": 70604, "w": "再见", "sp": "Agent"}, {"p": 170, "c": 0.9, "s": 70604, "e": 70962, "w": "生活", "sp": "Agent"}, {"p": 171, "c": 0.9, "s": 70962, "e": 71320, "w": "愉快", "sp": "Agent"}]}, "plainText": "六零 二 号 为您服务 上午 好 大多数 号 很 高兴 为您服务 请问 有 什么\n你好\n可以\n我\n帮 您\n想 请问 一下\n嗯\n大型 中央 空调\n嗯\n监控器 出现 U S 和 U A 九五 是 什么 故障\nU A 是 吗 您 稍 等 我 帮 您 看 一下\n嗯 好\n请 稍 等 这个 可能 是 室内 机 和 室外机 的 组合 不当 需要 师傅 上门 看 一下 的 请问 您 是 帮 用户 代 报 的 还是 自己 家 的 配件 儿\n那 你 咋 的\n自己 家 的 是 吗\n你 打电话 什么 故障\n是 室内 机 和 室外机 的 组合 不当\n就是 超 配 了 就是 了\n嗯 具体 原因 这个 要 问 一下 具体 的 我们 这边 是 看 这个 宽带 码表 的 解释\n好好 好 我 知道 了 我 来 我 来 看看 啊 好\n嗯\n谢谢\n好 的\n了\n嗯 那 您 后期 有 需要 的话 可以 随时 来电\n嗯 好 的 好 的 嗯\n好\n谢谢\n的 嗯\n啊\n再见 生活 愉快", "plainTextTime": {"verbatims": [{"s": 3630, "e": 12680, "w": "六零 二 号 为您服务 上午 好 大多数 号 很 高兴 为您服务 请问 有 什么", "sp": "Agent"}, {"s": 12440, "e": 12945, "w": "你好", "sp": "Customer"}, {"s": 12680, "e": 13010, "w": "可以", "sp": "Agent"}, {"s": 12946, "e": 13199, "w": "我", "sp": "Customer"}, {"s": 13010, "e": 13340, "w": "帮 您", "sp": "Agent"}, {"s": 13199, "e": 14464, "w": "想 请问 一下", "sp": "Customer"}, {"s": 14190, "e": 15219, "w": "嗯", "sp": "Agent"}, {"s": 14465, "e": 15985, "w": "大型 中央 空调", "sp": "Customer"}, {"s": 15620, "e": 16700, "w": "嗯", "sp": "Agent"}, {"s": 15985, "e": 20290, "w": "监控器 出现 U S 和 U A 九五 是 什么 故障", "sp": "Customer"}, {"s": 20650, "e": 23800, "w": "U A 是 吗 您 稍 等 我 帮 您 看 一下", "sp": "Agent"}, {"s": 25950, "e": 26970, "w": "嗯 好", "sp": "Customer"}, {"s": 26620, "e": 38240, "w": "请 稍 等 这个 可能 是 室内 机 和 室外机 的 组合 不当 需要 师傅 上门 看 一下 的 请问 您 是 帮 用户 代 报 的 还是 自己 家 的 配件 儿", "sp": "Agent"}, {"s": 39120, "e": 40390, "w": "那 你 咋 的", "sp": "Customer"}, {"s": 41070, "e": 42870, "w": "自己 家 的 是 吗", "sp": "Agent"}, {"s": 43380, "e": 45300, "w": "你 打电话 什么 故障", "sp": "Customer"}, {"s": 45690, "e": 49890, "w": "是 室内 机 和 室外机 的 组合 不当", "sp": "Agent"}, {"s": 50600, "e": 52399, "w": "就是 超 配 了 就是 了", "sp": "Customer"}, {"s": 53640, "e": 60560, "w": "嗯 具体 原因 这个 要 问 一下 具体 的 我们 这边 是 看 这个 宽带 码表 的 解释", "sp": "Agent"}, {"s": 60960, "e": 64260, "w": "好好 好 我 知道 了 我 来 我 来 看看 啊 好", "sp": "Customer"}, {"s": 64170, "e": 64392, "w": "嗯", "sp": "Agent"}, {"s": 64260, "e": 64700, "w": "谢谢", "sp": "Customer"}, {"s": 64392, "e": 64836, "w": "好 的", "sp": "Agent"}, {"s": 64699, "e": 64920, "w": "了", "sp": "Customer"}, {"s": 64836, "e": 68400, "w": "嗯 那 您 后期 有 需要 的话 可以 随时 来电", "sp": "Agent"}, {"s": 68900, "e": 69833, "w": "嗯 好 的 好 的 嗯", "sp": "Customer"}, {"s": 69710, "e": 69888, "w": "好", "sp": "Agent"}, {"s": 69833, "e": 70144, "w": "谢谢", "sp": "Customer"}, {"s": 69888, "e": 70246, "w": "的 嗯", "sp": "Agent"}, {"s": 70144, "e": 70299, "w": "啊", "sp": "Customer"}, {"s": 70246, "e": 71320, "w": "再见 生活 愉快", "sp": "Agent"}]}, "aqm": {"greeting": {"greeting_said": "为您服务, 高兴, 请问", "n_greeting_said": 3, "score": 1}, "closing": {"closing_said": "您, 再见, 生活, 愉快", "n_closing_said": 4, "score": 1}, "speed": {"speed_max": 5.59, "n_words": 6, "words": "再见 生活 愉快", "start": 70246, "end": 71320}}}