{"mediaId": "2022031316155172178300100000536402", "status": "Success", "dateCreated": "2022-03-21T18:45:50Z", "contentType": "audio/x-wav", "channels": "future use", "length": 215, "metadata": {"Sid": 10111, "Site_id": 783, "Audio_ch_num": 5364, "Audio_module_num": 783001, "Audio_start_time_gmt": "2022-03-13T08:12:17+08:00", "Transaction_id": "2022031316155172178300100000536402", "ContactID": "9204480137510000012", "Personal_id": "0", "Direction": 0, "Local_audio_start_time": "2022-03-13T16:12:17+08:00", "Local_audio_end_time": "2022-03-13T16:15:52+08:00", "Total_hold_time": "0", "Pbx_login_id": "", "Ani": "90102155368221", "Extension": "155368221", "String_extension": "90102155368221", "Switch_call_id": "SIP/AUDIO/083E1600-C577-A979-15CB-8791D509F461", "Switch_id": "783000001", "Duration_seconds": 215, "Wrapup_time_in_seconds": "0", "Dnis": "15990178076", "Number_of_conferences": "0", "Number_of_holds": "0", "Number_of_transfers": "0", "Percent_of_agent_call": "65", "Percent_of_other_call": "87", "Percent_of_mutual_silence": "44", "Num_of_agent_cross": "19", "Num_of_other_cross": "16", "IsException": 0}, "transcript_detailed": {"words": [{"p": 1, "c": 0.9, "s": 4850, "e": 5420, "w": "六零", "sp": "Agent"}, {"p": 2, "c": 0.9, "s": 5420, "e": 5705, "w": "二", "sp": "Agent"}, {"p": 3, "c": 0.9, "s": 5705, "e": 6275, "w": "三号", "sp": "Agent"}, {"p": 4, "c": 0.9, "s": 6275, "e": 7416, "w": "为您服务", "sp": "Agent"}, {"p": 5, "c": 0.9, "s": 7416, "e": 7986, "w": "下午", "sp": "Agent"}, {"p": 6, "c": 0.9, "s": 7986, "e": 8271, "w": "好", "sp": "Agent"}, {"p": 7, "c": 0.9, "s": 8271, "e": 9127, "w": "大学生", "sp": "Agent"}, {"p": 8, "c": 0.9, "s": 9127, "e": 9412, "w": "很", "sp": "Agent"}, {"p": 9, "c": 0.9, "s": 9412, "e": 9981, "w": "高兴", "sp": "Agent"}, {"p": 10, "c": 0.9, "s": 9982, "e": 11123, "w": "为您服务", "sp": "Agent"}, {"p": 11, "c": 0.9, "s": 11123, "e": 11693, "w": "请问", "sp": "Agent"}, {"p": 12, "c": 0.9, "s": 11693, "e": 11979, "w": "有", "sp": "Agent"}, {"p": 13, "c": 0.9, "s": 11979, "e": 12549, "w": "什么", "sp": "Agent"}, {"p": 14, "c": 0.9, "s": 12549, "e": 13118, "w": "可以", "sp": "Agent"}, {"p": 15, "c": 0.9, "s": 13119, "e": 13404, "w": "帮", "sp": "Agent"}, {"p": 16, "c": 0.9, "s": 13404, "e": 13690, "w": "您", "sp": "Agent"}, {"p": 17, "c": 0.9, "s": 13860, "e": 14040, "w": "呃", "sp": "Customer"}, {"p": 18, "c": 0.9, "s": 14041, "e": 14403, "w": "你好", "sp": "Customer"}, {"p": 19, "c": 0.9, "s": 14403, "e": 14585, "w": "我", "sp": "Customer"}, {"p": 20, "c": 0.9, "s": 14585, "e": 14947, "w": "需要", "sp": "Customer"}, {"p": 21, "c": 0.9, "s": 14947, "e": 15127, "w": "先", "sp": "Customer"}, {"p": 22, "c": 0.9, "s": 15128, "e": 15491, "w": "提供", "sp": "Customer"}, {"p": 23, "c": 0.9, "s": 15491, "e": 15672, "w": "给", "sp": "Customer"}, {"p": 24, "c": 0.9, "s": 15672, "e": 15853, "w": "你", "sp": "Customer"}, {"p": 25, "c": 0.9, "s": 15853, "e": 16216, "w": "什么", "sp": "Customer"}, {"p": 26, "c": 0.9, "s": 16216, "e": 16578, "w": "信息", "sp": "Customer"}, {"p": 27, "c": 0.9, "s": 16578, "e": 16941, "w": "然后", "sp": "Customer"}, {"p": 28, "c": 0.9, "s": 16941, "e": 17303, "w": "再说", "sp": "Customer"}, {"p": 29, "c": 0.9, "s": 17303, "e": 17484, "w": "我", "sp": "Customer"}, {"p": 30, "c": 0.9, "s": 17485, "e": 17666, "w": "的", "sp": "Customer"}, {"p": 31, "c": 0.9, "s": 17666, "e": 18028, "w": "问题", "sp": "Customer"}, {"p": 32, "c": 0.9, "s": 18028, "e": 18210, "w": "啊", "sp": "Customer"}, {"p": 33, "c": 0.9, "s": 18880, "e": 19150, "w": "嗯", "sp": "Agent"}, {"p": 34, "c": 0.9, "s": 19150, "e": 19420, "w": "是", "sp": "Agent"}, {"p": 35, "c": 0.9, "s": 19420, "e": 19960, "w": "出现", "sp": "Agent"}, {"p": 36, "c": 0.9, "s": 19960, "e": 20500, "w": "什么", "sp": "Agent"}, {"p": 37, "c": 0.9, "s": 20500, "e": 21040, "w": "问题", "sp": "Agent"}, {"p": 38, "c": 0.9, "s": 21040, "e": 21310, "w": "呢", "sp": "Agent"}, {"p": 39, "c": 0.9, "s": 21310, "e": 21580, "w": "您", "sp": "Agent"}, {"p": 40, "c": 0.9, "s": 21580, "e": 21850, "w": "先", "sp": "Agent"}, {"p": 41, "c": 0.9, "s": 21850, "e": 22120, "w": "说", "sp": "Agent"}, {"p": 42, "c": 0.9, "s": 21910, "e": 22143, "w": "嗯", "sp": "Customer"}, {"p": 43, "c": 0.9, "s": 22120, "e": 22660, "w": "一下", "sp": "Agent"}, {"p": 44, "c": 0.9, "s": 22143, "e": 22376, "w": "嗯", "sp": "Customer"}, {"p": 45, "c": 0.9, "s": 22376, "e": 22842, "w": "目前", "sp": "Customer"}, {"p": 46, "c": 0.9, "s": 22842, "e": 23308, "w": "没有", "sp": "Customer"}, {"p": 47, "c": 0.9, "s": 23309, "e": 23775, "w": "出现", "sp": "Customer"}, {"p": 48, "c": 0.9, "s": 23775, "e": 24242, "w": "什么", "sp": "Customer"}, {"p": 49, "c": 0.9, "s": 24242, "e": 24708, "w": "问题", "sp": "Customer"}, {"p": 50, "c": 0.9, "s": 24708, "e": 24941, "w": "是", "sp": "Customer"}, {"p": 51, "c": 0.9, "s": 24941, "e": 25175, "w": "我", "sp": "Customer"}, {"p": 52, "c": 0.9, "s": 25175, "e": 25640, "w": "需要", "sp": "Customer"}, {"p": 53, "c": 0.9, "s": 25641, "e": 26107, "w": "那个", "sp": "Customer"}, {"p": 54, "c": 0.9, "s": 26107, "e": 26341, "w": "叫", "sp": "Customer"}, {"p": 55, "c": 0.9, "s": 26341, "e": 26807, "w": "师傅", "sp": "Customer"}, {"p": 56, "c": 0.9, "s": 26807, "e": 27273, "w": "上门", "sp": "Customer"}, {"p": 57, "c": 0.9, "s": 27274, "e": 27507, "w": "来", "sp": "Customer"}, {"p": 58, "c": 0.9, "s": 27507, "e": 27973, "w": "帮忙", "sp": "Customer"}, {"p": 59, "c": 0.9, "s": 27973, "e": 28206, "w": "拆", "sp": "Customer"}, {"p": 60, "c": 0.9, "s": 28206, "e": 28673, "w": "一下", "sp": "Customer"}, {"p": 61, "c": 0.9, "s": 28673, "e": 29139, "w": "空调", "sp": "Customer"}, {"p": 62, "c": 0.9, "s": 29139, "e": 29373, "w": "外", "sp": "Customer"}, {"p": 63, "c": 0.9, "s": 29373, "e": 29605, "w": "机", "sp": "Customer"}, {"p": 64, "c": 0.9, "s": 29606, "e": 29839, "w": "的", "sp": "Customer"}, {"p": 65, "c": 0.9, "s": 29839, "e": 30305, "w": "那个", "sp": "Customer"}, {"p": 66, "c": 0.9, "s": 30305, "e": 30772, "w": "管子", "sp": "Customer"}, {"p": 67, "c": 0.9, "s": 30772, "e": 31237, "w": "因为", "sp": "Customer"}, {"p": 68, "c": 0.9, "s": 31238, "e": 31472, "w": "我", "sp": "Customer"}, {"p": 69, "c": 0.9, "s": 31472, "e": 31705, "w": "要", "sp": "Customer"}, {"p": 70, "c": 0.9, "s": 31705, "e": 31938, "w": "装", "sp": "Customer"}, {"p": 71, "c": 0.9, "s": 31938, "e": 32404, "w": "一个", "sp": "Customer"}, {"p": 72, "c": 0.9, "s": 32404, "e": 32871, "w": "柜子", "sp": "Customer"}, {"p": 73, "c": 0.9, "s": 32871, "e": 33336, "w": "那个", "sp": "Customer"}, {"p": 74, "c": 0.9, "s": 33337, "e": 33804, "w": "管子", "sp": "Customer"}, {"p": 75, "c": 0.9, "s": 33804, "e": 34270, "w": "可能", "sp": "Customer"}, {"p": 76, "c": 0.9, "s": 34270, "e": 34503, "w": "感", "sp": "Customer"}, {"p": 77, "c": 0.9, "s": 34503, "e": 34969, "w": "消息", "sp": "Customer"}, {"p": 78, "c": 0.9, "s": 34970, "e": 35203, "w": "拆", "sp": "Customer"}, {"p": 79, "c": 0.9, "s": 35203, "e": 35670, "w": "下来", "sp": "Customer"}, {"p": 80, "c": 0.9, "s": 36220, "e": 36766, "w": "开外", "sp": "Agent"}, {"p": 81, "c": 0.9, "s": 36766, "e": 37038, "w": "机", "sp": "Agent"}, {"p": 82, "c": 0.9, "s": 37039, "e": 37312, "w": "的", "sp": "Agent"}, {"p": 83, "c": 0.9, "s": 37312, "e": 37858, "w": "一个", "sp": "Agent"}, {"p": 84, "c": 0.9, "s": 37858, "e": 38404, "w": "管理", "sp": "Agent"}, {"p": 85, "c": 0.9, "s": 38404, "e": 38677, "w": "是", "sp": "Agent"}, {"p": 86, "c": 0.9, "s": 38677, "e": 38949, "w": "吗", "sp": "Agent"}, {"p": 87, "c": 0.9, "s": 38830, "e": 39076, "w": "对", "sp": "Customer"}, {"p": 88, "c": 0.9, "s": 39076, "e": 39323, "w": "对", "sp": "Customer"}, {"p": 89, "c": 0.9, "s": 39230, "e": 39680, "w": "就是", "sp": "Agent"}, {"p": 90, "c": 0.9, "s": 39323, "e": 39570, "w": "对", "sp": "Customer"}, {"p": 91, "c": 0.9, "s": 39570, "e": 40064, "w": "就是", "sp": "Customer"}, {"p": 92, "c": 0.9, "s": 39680, "e": 39905, "w": "外", "sp": "Agent"}, {"p": 93, "c": 0.9, "s": 39905, "e": 40129, "w": "机", "sp": "Agent"}, {"p": 94, "c": 0.9, "s": 40064, "e": 40309, "w": "外", "sp": "Customer"}, {"p": 95, "c": 0.9, "s": 40130, "e": 40355, "w": "是", "sp": "Agent"}, {"p": 96, "c": 0.9, "s": 40310, "e": 40557, "w": "机", "sp": "Customer"}, {"p": 97, "c": 0.9, "s": 40355, "e": 40579, "w": "不", "sp": "Agent"}, {"p": 98, "c": 0.9, "s": 40557, "e": 40804, "w": "连", "sp": "Customer"}, {"p": 99, "c": 0.9, "s": 40580, "e": 41030, "w": "需要", "sp": "Agent"}, {"p": 100, "c": 0.9, "s": 40804, "e": 41051, "w": "内", "sp": "Customer"}, {"p": 101, "c": 0.9, "s": 41030, "e": 41254, "w": "动", "sp": "Agent"}, {"p": 102, "c": 0.9, "s": 41051, "e": 41298, "w": "机", "sp": "Customer"}, {"p": 103, "c": 0.9, "s": 41255, "e": 41480, "w": "的", "sp": "Agent"}, {"p": 104, "c": 0.9, "s": 41298, "e": 41791, "w": "对外", "sp": "Customer"}, {"p": 105, "c": 0.9, "s": 41791, "e": 42038, "w": "机", "sp": "Customer"}, {"p": 106, "c": 0.9, "s": 42038, "e": 42285, "w": "不", "sp": "Customer"}, {"p": 107, "c": 0.9, "s": 42285, "e": 42779, "w": "需要", "sp": "Customer"}, {"p": 108, "c": 0.9, "s": 42779, "e": 43024, "w": "动", "sp": "Customer"}, {"p": 109, "c": 0.9, "s": 43025, "e": 43519, "w": "就是", "sp": "Customer"}, {"p": 110, "c": 0.9, "s": 43519, "e": 43766, "w": "拆", "sp": "Customer"}, {"p": 111, "c": 0.9, "s": 43766, "e": 44260, "w": "管子", "sp": "Customer"}, {"p": 112, "c": 0.9, "s": 44870, "e": 45066, "w": "嗯", "sp": "Agent"}, {"p": 113, "c": 0.9, "s": 45066, "e": 45262, "w": "行", "sp": "Agent"}, {"p": 114, "c": 0.9, "s": 45262, "e": 45458, "w": "好", "sp": "Agent"}, {"p": 115, "c": 0.9, "s": 45458, "e": 45655, "w": "的", "sp": "Agent"}, {"p": 116, "c": 0.9, "s": 45655, "e": 45850, "w": "那", "sp": "Agent"}, {"p": 117, "c": 0.9, "s": 45851, "e": 46047, "w": "我", "sp": "Agent"}, {"p": 118, "c": 0.9, "s": 46047, "e": 46440, "w": "这边", "sp": "Agent"}, {"p": 119, "c": 0.9, "s": 46440, "e": 46635, "w": "是", "sp": "Agent"}, {"p": 120, "c": 0.9, "s": 46636, "e": 47029, "w": "登记", "sp": "Agent"}, {"p": 121, "c": 0.9, "s": 47029, "e": 47422, "w": "一下", "sp": "Agent"}, {"p": 122, "c": 0.9, "s": 47422, "e": 47618, "w": "就", "sp": "Agent"}, {"p": 123, "c": 0.9, "s": 47618, "e": 48011, "w": "可以", "sp": "Agent"}, {"p": 124, "c": 0.9, "s": 48011, "e": 48207, "w": "了", "sp": "Agent"}, {"p": 125, "c": 0.9, "s": 48207, "e": 48403, "w": "那", "sp": "Agent"}, {"p": 126, "c": 0.9, "s": 48350, "e": 49359, "w": "嗯", "sp": "Customer"}, {"p": 127, "c": 0.9, "s": 48403, "e": 48600, "w": "书", "sp": "Agent"}, {"p": 128, "c": 0.9, "s": 48600, "e": 48795, "w": "书", "sp": "Agent"}, {"p": 129, "c": 0.9, "s": 48796, "e": 48992, "w": "上", "sp": "Agent"}, {"p": 130, "c": 0.9, "s": 48992, "e": 49188, "w": "呢", "sp": "Agent"}, {"p": 131, "c": 0.9, "s": 49188, "e": 49581, "w": "可能", "sp": "Agent"}, {"p": 132, "c": 0.9, "s": 49581, "e": 49777, "w": "是", "sp": "Agent"}, {"p": 133, "c": 0.9, "s": 49777, "e": 49974, "w": "要", "sp": "Agent"}, {"p": 134, "c": 0.9, "s": 49974, "e": 50365, "w": "收取", "sp": "Agent"}, {"p": 135, "c": 0.9, "s": 50366, "e": 50759, "w": "费用", "sp": "Agent"}, {"p": 136, "c": 0.9, "s": 50759, "e": 50954, "w": "要", "sp": "Agent"}, {"p": 137, "c": 0.9, "s": 50955, "e": 51348, "w": "提前", "sp": "Agent"}, {"p": 138, "c": 0.9, "s": 51348, "e": 51544, "w": "和", "sp": "Agent"}, {"p": 139, "c": 0.9, "s": 51544, "e": 51740, "w": "您", "sp": "Agent"}, {"p": 140, "c": 0.9, "s": 51741, "e": 51937, "w": "说", "sp": "Agent"}, {"p": 141, "c": 0.9, "s": 51937, "e": 52330, "w": "一下", "sp": "Agent"}, {"p": 142, "c": 0.9, "s": 52590, "e": 52996, "w": "嗯", "sp": "Customer"}, {"p": 143, "c": 0.9, "s": 52996, "e": 53403, "w": "是", "sp": "Customer"}, {"p": 144, "c": 0.9, "s": 53403, "e": 54216, "w": "怎么", "sp": "Customer"}, {"p": 145, "c": 0.9, "s": 54216, "e": 54623, "w": "个", "sp": "Customer"}, {"p": 146, "c": 0.9, "s": 54623, "e": 55436, "w": "收费", "sp": "Customer"}, {"p": 147, "c": 0.9, "s": 55436, "e": 55843, "w": "法", "sp": "Customer"}, {"p": 148, "c": 0.9, "s": 55843, "e": 56250, "w": "的", "sp": "Customer"}, {"p": 149, "c": 0.9, "s": 56590, "e": 56755, "w": "嗯", "sp": "Agent"}, {"p": 150, "c": 0.9, "s": 56755, "e": 57087, "w": "具体", "sp": "Agent"}, {"p": 151, "c": 0.9, "s": 57087, "e": 57418, "w": "价格", "sp": "Agent"}, {"p": 152, "c": 0.9, "s": 57418, "e": 57750, "w": "的话", "sp": "Agent"}, {"p": 153, "c": 0.9, "s": 57750, "e": 58081, "w": "因为", "sp": "Agent"}, {"p": 154, "c": 0.9, "s": 58081, "e": 58413, "w": "坐席", "sp": "Agent"}, {"p": 155, "c": 0.9, "s": 58413, "e": 58744, "w": "这边", "sp": "Agent"}, {"p": 156, "c": 0.9, "s": 58744, "e": 58910, "w": "是", "sp": "Agent"}, {"p": 157, "c": 0.9, "s": 58910, "e": 59076, "w": "不", "sp": "Agent"}, {"p": 158, "c": 0.9, "s": 59076, "e": 59407, "w": "参与", "sp": "Agent"}, {"p": 159, "c": 0.9, "s": 59407, "e": 59739, "w": "报价", "sp": "Agent"}, {"p": 160, "c": 0.9, "s": 59739, "e": 59904, "w": "的", "sp": "Agent"}, {"p": 161, "c": 0.9, "s": 59904, "e": 60402, "w": "到时候", "sp": "Agent"}, {"p": 162, "c": 0.9, "s": 60402, "e": 60733, "w": "旅游", "sp": "Agent"}, {"p": 163, "c": 0.9, "s": 60733, "e": 61065, "w": "师傅", "sp": "Agent"}, {"p": 164, "c": 0.9, "s": 61065, "e": 61396, "w": "提前", "sp": "Agent"}, {"p": 165, "c": 0.9, "s": 61396, "e": 61562, "w": "和", "sp": "Agent"}, {"p": 166, "c": 0.9, "s": 61562, "e": 61728, "w": "您", "sp": "Agent"}, {"p": 167, "c": 0.9, "s": 61728, "e": 62059, "w": "电话", "sp": "Agent"}, {"p": 168, "c": 0.9, "s": 62059, "e": 62391, "w": "联系", "sp": "Agent"}, {"p": 169, "c": 0.9, "s": 62391, "e": 62556, "w": "您", "sp": "Agent"}, {"p": 170, "c": 0.9, "s": 62556, "e": 62888, "w": "觉得", "sp": "Agent"}, {"p": 171, "c": 0.9, "s": 62888, "e": 63219, "w": "合适", "sp": "Agent"}, {"p": 172, "c": 0.9, "s": 63219, "e": 63551, "w": "的话", "sp": "Agent"}, {"p": 173, "c": 0.9, "s": 63551, "e": 63717, "w": "再", "sp": "Agent"}, {"p": 174, "c": 0.9, "s": 63717, "e": 64047, "w": "安排", "sp": "Agent"}, {"p": 175, "c": 0.9, "s": 64047, "e": 64379, "w": "上门", "sp": "Agent"}, {"p": 176, "c": 0.9, "s": 65449, "e": 65715, "w": "嗯", "sp": "Customer"}, {"p": 177, "c": 0.9, "s": 65715, "e": 66245, "w": "你们", "sp": "Customer"}, {"p": 178, "c": 0.9, "s": 66246, "e": 66777, "w": "不是", "sp": "Customer"}, {"p": 179, "c": 0.9, "s": 66777, "e": 67308, "w": "统一", "sp": "Customer"}, {"p": 180, "c": 0.9, "s": 67308, "e": 67839, "w": "报价", "sp": "Customer"}, {"p": 181, "c": 0.9, "s": 67839, "e": 68104, "w": "的", "sp": "Customer"}, {"p": 182, "c": 0.9, "s": 68104, "e": 68369, "w": "吗", "sp": "Customer"}, {"p": 183, "c": 0.9, "s": 68820, "e": 68996, "w": "嗯", "sp": "Agent"}, {"p": 184, "c": 0.9, "s": 68996, "e": 69349, "w": "报价", "sp": "Agent"}, {"p": 185, "c": 0.9, "s": 69349, "e": 69701, "w": "因为", "sp": "Agent"}, {"p": 186, "c": 0.9, "s": 69702, "e": 70055, "w": "坐席", "sp": "Agent"}, {"p": 187, "c": 0.9, "s": 70055, "e": 70408, "w": "这边", "sp": "Agent"}, {"p": 188, "c": 0.9, "s": 70408, "e": 70585, "w": "是", "sp": "Agent"}, {"p": 189, "c": 0.9, "s": 70585, "e": 70761, "w": "不", "sp": "Agent"}, {"p": 190, "c": 0.9, "s": 70761, "e": 71114, "w": "参与", "sp": "Agent"}, {"p": 191, "c": 0.9, "s": 71114, "e": 71466, "w": "报价", "sp": "Agent"}, {"p": 192, "c": 0.9, "s": 71467, "e": 71644, "w": "的", "sp": "Agent"}, {"p": 193, "c": 0.9, "s": 71644, "e": 71820, "w": "都", "sp": "Agent"}, {"p": 194, "c": 0.9, "s": 71820, "e": 71997, "w": "是", "sp": "Agent"}, {"p": 195, "c": 0.9, "s": 71997, "e": 72173, "w": "由", "sp": "Agent"}, {"p": 196, "c": 0.9, "s": 72173, "e": 72525, "w": "师傅", "sp": "Agent"}, {"p": 197, "c": 0.9, "s": 72526, "e": 72880, "w": "报价", "sp": "Agent"}, {"p": 198, "c": 0.9, "s": 73710, "e": 73888, "w": "是", "sp": "Customer"}, {"p": 199, "c": 0.9, "s": 73888, "e": 74244, "w": "不报", "sp": "Customer"}, {"p": 200, "c": 0.9, "s": 74244, "e": 74422, "w": "销", "sp": "Customer"}, {"p": 201, "c": 0.9, "s": 74422, "e": 74600, "w": "那", "sp": "Customer"}, {"p": 202, "c": 0.9, "s": 74600, "e": 74956, "w": "不是", "sp": "Customer"}, {"p": 203, "c": 0.9, "s": 74956, "e": 75134, "w": "他", "sp": "Customer"}, {"p": 204, "c": 0.9, "s": 75134, "e": 75490, "w": "随便", "sp": "Customer"}, {"p": 205, "c": 0.9, "s": 75490, "e": 75668, "w": "报", "sp": "Customer"}, {"p": 206, "c": 0.9, "s": 75668, "e": 75846, "w": "就", "sp": "Customer"}, {"p": 207, "c": 0.9, "s": 75846, "e": 76202, "w": "可以", "sp": "Customer"}, {"p": 208, "c": 0.9, "s": 76202, "e": 76380, "w": "了", "sp": "Customer"}, {"p": 209, "c": 0.9, "s": 76420, "e": 76763, "w": "这个", "sp": "Agent"}, {"p": 210, "c": 0.9, "s": 76763, "e": 77106, "w": "不会", "sp": "Agent"}, {"p": 211, "c": 0.9, "s": 77106, "e": 77449, "w": "因为", "sp": "Agent"}, {"p": 212, "c": 0.9, "s": 77449, "e": 77619, "w": "都", "sp": "Agent"}, {"p": 213, "c": 0.9, "s": 77620, "e": 77792, "w": "是", "sp": "Agent"}, {"p": 214, "c": 0.9, "s": 77792, "e": 78135, "w": "大厅", "sp": "Agent"}, {"p": 215, "c": 0.9, "s": 78135, "e": 78306, "w": "的", "sp": "Agent"}, {"p": 216, "c": 0.9, "s": 78306, "e": 78649, "w": "生活", "sp": "Agent"}, {"p": 217, "c": 0.9, "s": 78649, "e": 78992, "w": "专业", "sp": "Agent"}, {"p": 218, "c": 0.9, "s": 78992, "e": 79335, "w": "培训", "sp": "Agent"}, {"p": 219, "c": 0.9, "s": 79335, "e": 79507, "w": "的", "sp": "Agent"}, {"p": 220, "c": 0.9, "s": 79507, "e": 79850, "w": "师傅", "sp": "Agent"}, {"p": 221, "c": 0.9, "s": 80420, "e": 80841, "w": "就是", "sp": "Customer"}, {"p": 222, "c": 0.9, "s": 80842, "e": 81054, "w": "有", "sp": "Customer"}, {"p": 223, "c": 0.9, "s": 81054, "e": 81477, "w": "标准", "sp": "Customer"}, {"p": 224, "c": 0.9, "s": 81477, "e": 81687, "w": "的", "sp": "Customer"}, {"p": 225, "c": 0.9, "s": 81688, "e": 82111, "w": "那个", "sp": "Customer"}, {"p": 226, "c": 0.9, "s": 82111, "e": 82534, "w": "收费", "sp": "Customer"}, {"p": 227, "c": 0.9, "s": 82534, "e": 82956, "w": "标准", "sp": "Customer"}, {"p": 228, "c": 0.9, "s": 82957, "e": 83168, "w": "是", "sp": "Customer"}, {"p": 229, "c": 0.9, "s": 83168, "e": 83380, "w": "吧", "sp": "Customer"}, {"p": 230, "c": 0.9, "s": 83340, "e": 83590, "w": "嗯", "sp": "Agent"}, {"p": 231, "c": 0.9, "s": 83590, "e": 83840, "w": "对", "sp": "Agent"}, {"p": 232, "c": 0.9, "s": 83840, "e": 84090, "w": "是", "sp": "Agent"}, {"p": 233, "c": 0.9, "s": 84090, "e": 84340, "w": "有", "sp": "Agent"}, {"p": 234, "c": 0.9, "s": 84340, "e": 84840, "w": "收费", "sp": "Agent"}, {"p": 235, "c": 0.9, "s": 84840, "e": 85340, "w": "标准", "sp": "Agent"}, {"p": 236, "c": 0.9, "s": 85340, "e": 85590, "w": "的", "sp": "Agent"}, {"p": 237, "c": 0.9, "s": 86340, "e": 86534, "w": "有", "sp": "Customer"}, {"p": 238, "c": 0.9, "s": 86535, "e": 86925, "w": "收费", "sp": "Customer"}, {"p": 239, "c": 0.9, "s": 86925, "e": 87316, "w": "报表", "sp": "Customer"}, {"p": 240, "c": 0.9, "s": 87316, "e": 87511, "w": "那", "sp": "Customer"}, {"p": 241, "c": 0.9, "s": 87511, "e": 87902, "w": "什么", "sp": "Customer"}, {"p": 242, "c": 0.9, "s": 87902, "e": 88292, "w": "情况", "sp": "Customer"}, {"p": 243, "c": 0.9, "s": 88292, "e": 88487, "w": "下", "sp": "Customer"}, {"p": 244, "c": 0.9, "s": 88487, "e": 88683, "w": "是", "sp": "Customer"}, {"p": 245, "c": 0.9, "s": 88683, "e": 88878, "w": "不", "sp": "Customer"}, {"p": 246, "c": 0.9, "s": 88878, "e": 89268, "w": "需要", "sp": "Customer"}, {"p": 247, "c": 0.9, "s": 89268, "e": 89659, "w": "收费", "sp": "Customer"}, {"p": 248, "c": 0.9, "s": 89659, "e": 89854, "w": "的", "sp": "Customer"}, {"p": 249, "c": 0.9, "s": 89854, "e": 90049, "w": "呢", "sp": "Customer"}, {"p": 250, "c": 0.9, "s": 90650, "e": 91044, "w": "如果", "sp": "Agent"}, {"p": 251, "c": 0.9, "s": 91044, "e": 91242, "w": "是", "sp": "Agent"}, {"p": 252, "c": 0.9, "s": 91242, "e": 91635, "w": "产品", "sp": "Agent"}, {"p": 253, "c": 0.9, "s": 91636, "e": 91834, "w": "的", "sp": "Agent"}, {"p": 254, "c": 0.9, "s": 91834, "e": 92229, "w": "质量", "sp": "Agent"}, {"p": 255, "c": 0.9, "s": 92229, "e": 92622, "w": "问题", "sp": "Agent"}, {"p": 256, "c": 0.9, "s": 92623, "e": 92821, "w": "在", "sp": "Agent"}, {"p": 257, "c": 0.9, "s": 92821, "e": 93215, "w": "保修", "sp": "Agent"}, {"p": 258, "c": 0.9, "s": 93216, "e": 93610, "w": "期内", "sp": "Agent"}, {"p": 259, "c": 0.9, "s": 93610, "e": 93808, "w": "他", "sp": "Agent"}, {"p": 260, "c": 0.9, "s": 93808, "e": 94005, "w": "是", "sp": "Agent"}, {"p": 261, "c": 0.9, "s": 94005, "e": 94202, "w": "不", "sp": "Agent"}, {"p": 262, "c": 0.9, "s": 94203, "e": 94597, "w": "收取", "sp": "Agent"}, {"p": 263, "c": 0.9, "s": 94597, "e": 94992, "w": "费用", "sp": "Agent"}, {"p": 264, "c": 0.9, "s": 94992, "e": 95189, "w": "的", "sp": "Agent"}, {"p": 265, "c": 0.9, "s": 95940, "e": 97120, "w": "嗯", "sp": "Customer"}, {"p": 266, "c": 0.9, "s": 99330, "e": 99588, "w": "行", "sp": "Customer"}, {"p": 267, "c": 0.9, "s": 99588, "e": 99847, "w": "那", "sp": "Customer"}, {"p": 268, "c": 0.9, "s": 99847, "e": 100106, "w": "我", "sp": "Customer"}, {"p": 269, "c": 0.9, "s": 100106, "e": 100365, "w": "那", "sp": "Customer"}, {"p": 270, "c": 0.9, "s": 100365, "e": 100623, "w": "我", "sp": "Customer"}, {"p": 271, "c": 0.9, "s": 100623, "e": 101141, "w": "明白", "sp": "Customer"}, {"p": 272, "c": 0.9, "s": 101141, "e": 101400, "w": "了", "sp": "Customer"}, {"p": 273, "c": 0.9, "s": 101690, "e": 101954, "w": "嗯", "sp": "Agent"}, {"p": 274, "c": 0.9, "s": 101710, "e": 101895, "w": "嗯", "sp": "Customer"}, {"p": 275, "c": 0.9, "s": 101895, "e": 102079, "w": "那", "sp": "Customer"}, {"p": 276, "c": 0.9, "s": 101954, "e": 102218, "w": "对", "sp": "Agent"}, {"p": 277, "c": 0.9, "s": 102080, "e": 102450, "w": "你们", "sp": "Customer"}, {"p": 278, "c": 0.9, "s": 102218, "e": 102482, "w": "那", "sp": "Agent"}, {"p": 279, "c": 0.9, "s": 102450, "e": 102820, "w": "师傅", "sp": "Customer"}, {"p": 280, "c": 0.9, "s": 102482, "e": 103011, "w": "这边", "sp": "Agent"}, {"p": 281, "c": 0.9, "s": 102820, "e": 103190, "w": "什么", "sp": "Customer"}, {"p": 282, "c": 0.9, "s": 103011, "e": 103275, "w": "是", "sp": "Agent"}, {"p": 283, "c": 0.9, "s": 103190, "e": 103560, "w": "时候", "sp": "Customer"}, {"p": 284, "c": 0.9, "s": 103275, "e": 103540, "w": "先", "sp": "Agent"}, {"p": 285, "c": 0.9, "s": 103560, "e": 103744, "w": "会", "sp": "Customer"}, {"p": 286, "c": 0.9, "s": 103745, "e": 104115, "w": "联系", "sp": "Customer"}, {"p": 287, "c": 0.9, "s": 104115, "e": 104299, "w": "我", "sp": "Customer"}, {"p": 288, "c": 0.9, "s": 104690, "e": 104863, "w": "哦", "sp": "Agent"}, {"p": 289, "c": 0.9, "s": 104863, "e": 105035, "w": "我", "sp": "Agent"}, {"p": 290, "c": 0.9, "s": 105036, "e": 105210, "w": "先", "sp": "Agent"}, {"p": 291, "c": 0.9, "s": 105210, "e": 105556, "w": "登记", "sp": "Agent"}, {"p": 292, "c": 0.9, "s": 105556, "e": 105903, "w": "一下", "sp": "Agent"}, {"p": 293, "c": 0.9, "s": 105903, "e": 106250, "w": "女士", "sp": "Agent"}, {"p": 294, "c": 0.9, "s": 106250, "e": 106596, "w": "因为", "sp": "Agent"}, {"p": 295, "c": 0.9, "s": 106596, "e": 106943, "w": "我们", "sp": "Agent"}, {"p": 296, "c": 0.9, "s": 106943, "e": 107290, "w": "现在", "sp": "Agent"}, {"p": 297, "c": 0.9, "s": 107290, "e": 107636, "w": "系统", "sp": "Agent"}, {"p": 298, "c": 0.9, "s": 107636, "e": 107983, "w": "更新", "sp": "Agent"}, {"p": 299, "c": 0.9, "s": 107983, "e": 108503, "w": "看不到", "sp": "Agent"}, {"p": 300, "c": 0.9, "s": 108503, "e": 108675, "w": "您", "sp": "Agent"}, {"p": 301, "c": 0.9, "s": 108676, "e": 109196, "w": "手机号", "sp": "Agent"}, {"p": 302, "c": 0.9, "s": 109196, "e": 109370, "w": "您", "sp": "Agent"}, {"p": 303, "c": 0.9, "s": 109370, "e": 109890, "w": "手机号", "sp": "Agent"}, {"p": 304, "c": 0.9, "s": 109890, "e": 110236, "w": "多少", "sp": "Agent"}, {"p": 305, "c": 0.9, "s": 110236, "e": 110410, "w": "呢", "sp": "Agent"}, {"p": 306, "c": 0.9, "s": 110830, "e": 111750, "w": "一五", "sp": "Customer"}, {"p": 307, "c": 0.9, "s": 111750, "e": 112210, "w": "九", "sp": "Customer"}, {"p": 308, "c": 0.9, "s": 112880, "e": 113170, "w": "不", "sp": "Agent"}, {"p": 309, "c": 0.9, "s": 113170, "e": 113750, "w": "需要", "sp": "Agent"}, {"p": 310, "c": 0.9, "s": 114030, "e": 114890, "w": "九零", "sp": "Customer"}, {"p": 311, "c": 0.9, "s": 114890, "e": 115750, "w": "一七", "sp": "Customer"}, {"p": 312, "c": 0.9, "s": 116030, "e": 116935, "w": "九零", "sp": "Agent"}, {"p": 313, "c": 0.9, "s": 116935, "e": 117840, "w": "一七", "sp": "Agent"}, {"p": 314, "c": 0.9, "s": 118010, "e": 118382, "w": "八", "sp": "Customer"}, {"p": 315, "c": 0.9, "s": 118382, "e": 118755, "w": "零", "sp": "Customer"}, {"p": 316, "c": 0.9, "s": 118755, "e": 119500, "w": "七六", "sp": "Customer"}, {"p": 317, "c": 0.9, "s": 119770, "e": 120042, "w": "八", "sp": "Agent"}, {"p": 318, "c": 0.9, "s": 120042, "e": 120315, "w": "零", "sp": "Agent"}, {"p": 319, "c": 0.9, "s": 120315, "e": 120860, "w": "七六", "sp": "Agent"}, {"p": 320, "c": 0.9, "s": 120860, "e": 121133, "w": "呃", "sp": "Agent"}, {"p": 321, "c": 0.9, "s": 121133, "e": 121679, "w": "请问", "sp": "Agent"}, {"p": 322, "c": 0.9, "s": 121430, "e": 122490, "w": "嗯", "sp": "Customer"}, {"p": 323, "c": 0.9, "s": 121679, "e": 121951, "w": "您", "sp": "Agent"}, {"p": 324, "c": 0.9, "s": 121951, "e": 122496, "w": "贵姓", "sp": "Agent"}, {"p": 325, "c": 0.9, "s": 122497, "e": 122770, "w": "呢", "sp": "Agent"}, {"p": 326, "c": 0.9, "s": 122770, "e": 123189, "w": "我", "sp": "Customer"}, {"p": 327, "c": 0.9, "s": 123190, "e": 123610, "w": "姓", "sp": "Customer"}, {"p": 328, "c": 0.9, "s": 123610, "e": 124030, "w": "郭", "sp": "Customer"}, {"p": 329, "c": 0.9, "s": 124560, "e": 124800, "w": "嗯", "sp": "Agent"}, {"p": 330, "c": 0.9, "s": 124801, "e": 125043, "w": "好", "sp": "Agent"}, {"p": 331, "c": 0.9, "s": 125043, "e": 125284, "w": "的", "sp": "Agent"}, {"p": 332, "c": 0.9, "s": 125285, "e": 125768, "w": "师傅", "sp": "Agent"}, {"p": 333, "c": 0.9, "s": 125768, "e": 126252, "w": "上门", "sp": "Agent"}, {"p": 334, "c": 0.9, "s": 126252, "e": 126493, "w": "的", "sp": "Agent"}, {"p": 335, "c": 0.9, "s": 126494, "e": 126977, "w": "地址", "sp": "Agent"}, {"p": 336, "c": 0.9, "s": 126977, "e": 127218, "w": "是", "sp": "Agent"}, {"p": 337, "c": 0.9, "s": 127219, "e": 127461, "w": "在", "sp": "Agent"}, {"p": 338, "c": 0.9, "s": 127461, "e": 127944, "w": "哪个", "sp": "Agent"}, {"p": 339, "c": 0.9, "s": 127944, "e": 128427, "w": "城市", "sp": "Agent"}, {"p": 340, "c": 0.9, "s": 128427, "e": 128670, "w": "呢", "sp": "Agent"}, {"p": 341, "c": 0.9, "s": 130070, "e": 130429, "w": "啊", "sp": "Customer"}, {"p": 342, "c": 0.9, "s": 130429, "e": 131506, "w": "浙江省", "sp": "Customer"}, {"p": 343, "c": 0.9, "s": 131506, "e": 132584, "w": "杭州市", "sp": "Customer"}, {"p": 344, "c": 0.9, "s": 132584, "e": 132943, "w": "西", "sp": "Customer"}, {"p": 345, "c": 0.9, "s": 132943, "e": 133661, "w": "湖区", "sp": "Customer"}, {"p": 346, "c": 0.9, "s": 133662, "e": 134021, "w": "筹", "sp": "Customer"}, {"p": 347, "c": 0.9, "s": 134021, "e": 134739, "w": "市里", "sp": "Customer"}, {"p": 348, "c": 0.9, "s": 135630, "e": 136295, "w": "西湖", "sp": "Agent"}, {"p": 349, "c": 0.9, "s": 136295, "e": 136627, "w": "球", "sp": "Agent"}, {"p": 350, "c": 0.9, "s": 136628, "e": 137294, "w": "市里", "sp": "Agent"}, {"p": 351, "c": 0.9, "s": 137294, "e": 137627, "w": "是", "sp": "Agent"}, {"p": 352, "c": 0.9, "s": 137627, "e": 137959, "w": "吗", "sp": "Agent"}, {"p": 353, "c": 0.9, "s": 137930, "e": 138234, "w": "对", "sp": "Customer"}, {"p": 354, "c": 0.9, "s": 138234, "e": 138538, "w": "六", "sp": "Customer"}, {"p": 355, "c": 0.9, "s": 138538, "e": 138842, "w": "幢", "sp": "Customer"}, {"p": 356, "c": 0.9, "s": 138843, "e": 139147, "w": "二", "sp": "Customer"}, {"p": 357, "c": 0.9, "s": 139147, "e": 139756, "w": "单元", "sp": "Customer"}, {"p": 358, "c": 0.9, "s": 139756, "e": 140364, "w": "六零", "sp": "Customer"}, {"p": 359, "c": 0.9, "s": 140365, "e": 140670, "w": "一", "sp": "Customer"}, {"p": 360, "c": 0.9, "s": 141750, "e": 142183, "w": "哦", "sp": "Agent"}, {"p": 361, "c": 0.9, "s": 142183, "e": 143050, "w": "好好", "sp": "Agent"}, {"p": 362, "c": 0.9, "s": 143890, "e": 144545, "w": "嗯", "sp": "Agent"}, {"p": 363, "c": 0.9, "s": 144545, "e": 145200, "w": "嗯", "sp": "Agent"}, {"p": 364, "c": 0.9, "s": 145480, "e": 146690, "w": "九零", "sp": "Agent"}, {"p": 365, "c": 0.9, "s": 147940, "e": 148426, "w": "空调", "sp": "Agent"}, {"p": 366, "c": 0.9, "s": 148426, "e": 148670, "w": "是", "sp": "Agent"}, {"p": 367, "c": 0.9, "s": 148670, "e": 149155, "w": "什么", "sp": "Agent"}, {"p": 368, "c": 0.9, "s": 149156, "e": 149643, "w": "时间", "sp": "Agent"}, {"p": 369, "c": 0.9, "s": 149643, "e": 150130, "w": "购买", "sp": "Agent"}, {"p": 370, "c": 0.9, "s": 150130, "e": 150373, "w": "的", "sp": "Agent"}, {"p": 371, "c": 0.9, "s": 150373, "e": 150616, "w": "您", "sp": "Agent"}, {"p": 372, "c": 0.9, "s": 150616, "e": 150860, "w": "还", "sp": "Agent"}, {"p": 373, "c": 0.9, "s": 150860, "e": 151346, "w": "记得", "sp": "Agent"}, {"p": 374, "c": 0.9, "s": 151346, "e": 151590, "w": "吗", "sp": "Agent"}, {"p": 375, "c": 0.9, "s": 151780, "e": 152005, "w": "我", "sp": "Customer"}, {"p": 376, "c": 0.9, "s": 152005, "e": 152231, "w": "不", "sp": "Customer"}, {"p": 377, "c": 0.9, "s": 152231, "e": 152457, "w": "太", "sp": "Customer"}, {"p": 378, "c": 0.9, "s": 152457, "e": 152909, "w": "记得", "sp": "Customer"}, {"p": 379, "c": 0.9, "s": 152909, "e": 153135, "w": "了", "sp": "Customer"}, {"p": 380, "c": 0.9, "s": 153135, "e": 153586, "w": "你们", "sp": "Customer"}, {"p": 381, "c": 0.9, "s": 153586, "e": 153812, "w": "查", "sp": "Customer"}, {"p": 382, "c": 0.9, "s": 153812, "e": 154264, "w": "一下", "sp": "Customer"}, {"p": 383, "c": 0.9, "s": 154264, "e": 154490, "w": "吧", "sp": "Customer"}, {"p": 384, "c": 0.9, "s": 156340, "e": 156680, "w": "好", "sp": "Agent"}, {"p": 385, "c": 0.9, "s": 156680, "e": 157359, "w": "拜拜", "sp": "Agent"}, {"p": 386, "c": 0.9, "s": 157640, "e": 158078, "w": "外地", "sp": "Agent"}, {"p": 387, "c": 0.9, "s": 158078, "e": 158298, "w": "是", "sp": "Agent"}, {"p": 388, "c": 0.9, "s": 158298, "e": 158517, "w": "有", "sp": "Agent"}, {"p": 389, "c": 0.9, "s": 158517, "e": 158956, "w": "放贷", "sp": "Agent"}, {"p": 390, "c": 0.9, "s": 158956, "e": 159394, "w": "平台", "sp": "Agent"}, {"p": 391, "c": 0.9, "s": 159395, "e": 159614, "w": "吗", "sp": "Agent"}, {"p": 392, "c": 0.9, "s": 159614, "e": 160053, "w": "还是", "sp": "Agent"}, {"p": 393, "c": 0.9, "s": 160053, "e": 160491, "w": "放在", "sp": "Agent"}, {"p": 394, "c": 0.9, "s": 160491, "e": 160930, "w": "外墙", "sp": "Agent"}, {"p": 395, "c": 0.9, "s": 160930, "e": 161150, "w": "呢", "sp": "Agent"}, {"p": 396, "c": 0.9, "s": 161340, "e": 161675, "w": "嗯", "sp": "Customer"}, {"p": 397, "c": 0.9, "s": 161675, "e": 162010, "w": "是", "sp": "Customer"}, {"p": 398, "c": 0.9, "s": 162010, "e": 162345, "w": "挂", "sp": "Customer"}, {"p": 399, "c": 0.9, "s": 162345, "e": 162680, "w": "在", "sp": "Customer"}, {"p": 400, "c": 0.9, "s": 162680, "e": 163349, "w": "我们", "sp": "Customer"}, {"p": 401, "c": 0.9, "s": 163350, "e": 164020, "w": "楼顶", "sp": "Customer"}, {"p": 402, "c": 0.9, "s": 164650, "e": 165689, "w": "娄底", "sp": "Agent"}, {"p": 403, "c": 0.9, "s": 165690, "e": 166210, "w": "好", "sp": "Agent"}, {"p": 404, "c": 0.9, "s": 166130, "e": 166617, "w": "对", "sp": "Customer"}, {"p": 405, "c": 0.9, "s": 166210, "e": 166730, "w": "的", "sp": "Agent"}, {"p": 406, "c": 0.9, "s": 166617, "e": 167105, "w": "对", "sp": "Customer"}, {"p": 407, "c": 0.9, "s": 167105, "e": 167592, "w": "对", "sp": "Customer"}, {"p": 408, "c": 0.9, "s": 167450, "e": 167657, "w": "嗯", "sp": "Agent"}, {"p": 409, "c": 0.9, "s": 167592, "e": 168080, "w": "对", "sp": "Customer"}, {"p": 410, "c": 0.9, "s": 167657, "e": 167864, "w": "是", "sp": "Agent"}, {"p": 411, "c": 0.9, "s": 167865, "e": 168280, "w": "支付", "sp": "Agent"}, {"p": 412, "c": 0.9, "s": 168280, "e": 168694, "w": "这块", "sp": "Agent"}, {"p": 413, "c": 0.9, "s": 168695, "e": 169110, "w": "上门", "sp": "Agent"}, {"p": 414, "c": 0.9, "s": 169110, "e": 169318, "w": "是", "sp": "Agent"}, {"p": 415, "c": 0.9, "s": 169318, "e": 169525, "w": "在", "sp": "Agent"}, {"p": 416, "c": 0.9, "s": 169525, "e": 169939, "w": "三月", "sp": "Agent"}, {"p": 417, "c": 0.9, "s": 169940, "e": 170563, "w": "十三号", "sp": "Agent"}, {"p": 418, "c": 0.9, "s": 170563, "e": 170770, "w": "就", "sp": "Agent"}, {"p": 419, "c": 0.9, "s": 170770, "e": 170978, "w": "呃", "sp": "Agent"}, {"p": 420, "c": 0.9, "s": 170978, "e": 171392, "w": "三月", "sp": "Agent"}, {"p": 421, "c": 0.9, "s": 171393, "e": 171808, "w": "十四", "sp": "Agent"}, {"p": 422, "c": 0.9, "s": 171808, "e": 172015, "w": "号", "sp": "Agent"}, {"p": 423, "c": 0.9, "s": 172016, "e": 172223, "w": "再", "sp": "Agent"}, {"p": 424, "c": 0.9, "s": 172223, "e": 172431, "w": "到", "sp": "Agent"}, {"p": 425, "c": 0.9, "s": 172431, "e": 172846, "w": "明天", "sp": "Agent"}, {"p": 426, "c": 0.9, "s": 172846, "e": 173469, "w": "到时候", "sp": "Agent"}, {"p": 427, "c": 0.9, "s": 173469, "e": 173676, "w": "会", "sp": "Agent"}, {"p": 428, "c": 0.9, "s": 173676, "e": 173883, "w": "和", "sp": "Agent"}, {"p": 429, "c": 0.9, "s": 173884, "e": 174091, "w": "您", "sp": "Agent"}, {"p": 430, "c": 0.9, "s": 174091, "e": 174507, "w": "提前", "sp": "Agent"}, {"p": 431, "c": 0.9, "s": 174507, "e": 174922, "w": "联系", "sp": "Agent"}, {"p": 432, "c": 0.9, "s": 174922, "e": 175129, "w": "您", "sp": "Agent"}, {"p": 433, "c": 0.9, "s": 175129, "e": 175336, "w": "看", "sp": "Agent"}, {"p": 434, "c": 0.9, "s": 175310, "e": 175566, "w": "啊", "sp": "Customer"}, {"p": 435, "c": 0.9, "s": 175337, "e": 175752, "w": "可以", "sp": "Agent"}, {"p": 436, "c": 0.9, "s": 175566, "e": 176080, "w": "好好", "sp": "Customer"}, {"p": 437, "c": 0.9, "s": 175752, "e": 175959, "w": "吗", "sp": "Agent"}, {"p": 438, "c": 0.9, "s": 176080, "e": 176594, "w": "好好", "sp": "Customer"}, {"p": 439, "c": 0.9, "s": 176594, "e": 176851, "w": "我", "sp": "Customer"}, {"p": 440, "c": 0.9, "s": 176851, "e": 177365, "w": "现在", "sp": "Customer"}, {"p": 441, "c": 0.9, "s": 177280, "e": 177515, "w": "嗯", "sp": "Agent"}, {"p": 442, "c": 0.9, "s": 177365, "e": 177622, "w": "就", "sp": "Customer"}, {"p": 443, "c": 0.9, "s": 177516, "e": 177990, "w": "因为", "sp": "Agent"}, {"p": 444, "c": 0.9, "s": 177622, "e": 178136, "w": "知道", "sp": "Customer"}, {"p": 445, "c": 0.9, "s": 177990, "e": 178227, "w": "嗯", "sp": "Agent"}, {"p": 446, "c": 0.9, "s": 178136, "e": 178393, "w": "了", "sp": "Customer"}, {"p": 447, "c": 0.9, "s": 178227, "e": 178701, "w": "因为", "sp": "Agent"}, {"p": 448, "c": 0.9, "s": 178393, "e": 178650, "w": "啊", "sp": "Customer"}, {"p": 449, "c": 0.9, "s": 178701, "e": 179175, "w": "以前", "sp": "Agent"}, {"p": 450, "c": 0.9, "s": 179175, "e": 179649, "w": "防控", "sp": "Agent"}, {"p": 451, "c": 0.9, "s": 179649, "e": 180123, "w": "小区", "sp": "Agent"}, {"p": 452, "c": 0.9, "s": 180123, "e": 180360, "w": "也", "sp": "Agent"}, {"p": 453, "c": 0.9, "s": 180360, "e": 180597, "w": "是", "sp": "Agent"}, {"p": 454, "c": 0.9, "s": 180597, "e": 181071, "w": "方便", "sp": "Agent"}, {"p": 455, "c": 0.9, "s": 181071, "e": 181308, "w": "是", "sp": "Agent"}, {"p": 456, "c": 0.9, "s": 181308, "e": 181545, "w": "不", "sp": "Agent"}, {"p": 457, "c": 0.9, "s": 181545, "e": 182019, "w": "出入", "sp": "Agent"}, {"p": 458, "c": 0.9, "s": 182019, "e": 182256, "w": "的", "sp": "Agent"}, {"p": 459, "c": 0.9, "s": 182256, "e": 182493, "w": "对", "sp": "Agent"}, {"p": 460, "c": 0.9, "s": 182493, "e": 182730, "w": "吗", "sp": "Agent"}, {"p": 461, "c": 0.9, "s": 182890, "e": 183100, "w": "对", "sp": "Customer"}, {"p": 462, "c": 0.9, "s": 183100, "e": 183311, "w": "是", "sp": "Customer"}, {"p": 463, "c": 0.9, "s": 183311, "e": 183521, "w": "的", "sp": "Customer"}, {"p": 464, "c": 0.9, "s": 183521, "e": 183943, "w": "可以", "sp": "Customer"}, {"p": 465, "c": 0.9, "s": 183943, "e": 184153, "w": "的", "sp": "Customer"}, {"p": 466, "c": 0.9, "s": 184153, "e": 184575, "w": "只要", "sp": "Customer"}, {"p": 467, "c": 0.9, "s": 184575, "e": 184785, "w": "他", "sp": "Customer"}, {"p": 468, "c": 0.9, "s": 184785, "e": 184996, "w": "输", "sp": "Customer"}, {"p": 469, "c": 0.9, "s": 184900, "e": 185840, "w": "嗯", "sp": "Agent"}, {"p": 470, "c": 0.9, "s": 184996, "e": 185417, "w": "密码", "sp": "Customer"}, {"p": 471, "c": 0.9, "s": 185417, "e": 185628, "w": "就", "sp": "Customer"}, {"p": 472, "c": 0.9, "s": 185628, "e": 185838, "w": "没", "sp": "Customer"}, {"p": 473, "c": 0.9, "s": 185838, "e": 186260, "w": "问题", "sp": "Customer"}, {"p": 474, "c": 0.9, "s": 186490, "e": 186694, "w": "嗯", "sp": "Agent"}, {"p": 475, "c": 0.9, "s": 186694, "e": 186898, "w": "好", "sp": "Agent"}, {"p": 476, "c": 0.9, "s": 186898, "e": 187101, "w": "的", "sp": "Agent"}, {"p": 477, "c": 0.9, "s": 187102, "e": 187307, "w": "您", "sp": "Agent"}, {"p": 478, "c": 0.9, "s": 187307, "e": 187511, "w": "看", "sp": "Agent"}, {"p": 479, "c": 0.9, "s": 187511, "e": 187920, "w": "还有", "sp": "Agent"}, {"p": 480, "c": 0.9, "s": 187920, "e": 188328, "w": "其他", "sp": "Agent"}, {"p": 481, "c": 0.9, "s": 188328, "e": 188737, "w": "需要", "sp": "Agent"}, {"p": 482, "c": 0.9, "s": 188737, "e": 189145, "w": "帮助", "sp": "Agent"}, {"p": 483, "c": 0.9, "s": 189145, "e": 189350, "w": "吗", "sp": "Agent"}, {"p": 484, "c": 0.9, "s": 189430, "e": 189758, "w": "其他", "sp": "Customer"}, {"p": 485, "c": 0.9, "s": 189759, "e": 190088, "w": "暂时", "sp": "Customer"}, {"p": 486, "c": 0.9, "s": 190088, "e": 190418, "w": "没有", "sp": "Customer"}, {"p": 487, "c": 0.9, "s": 190418, "e": 190582, "w": "了", "sp": "Customer"}, {"p": 488, "c": 0.9, "s": 190582, "e": 190747, "w": "让", "sp": "Customer"}, {"p": 489, "c": 0.9, "s": 190747, "e": 191075, "w": "他们", "sp": "Customer"}, {"p": 490, "c": 0.9, "s": 191076, "e": 191406, "w": "尽快", "sp": "Customer"}, {"p": 491, "c": 0.9, "s": 191406, "e": 191570, "w": "好", "sp": "Customer"}, {"p": 492, "c": 0.9, "s": 191570, "e": 191735, "w": "吗", "sp": "Customer"}, {"p": 493, "c": 0.9, "s": 191735, "e": 191900, "w": "你", "sp": "Customer"}, {"p": 494, "c": 0.9, "s": 191900, "e": 192064, "w": "再", "sp": "Customer"}, {"p": 495, "c": 0.9, "s": 192064, "e": 192228, "w": "报", "sp": "Customer"}, {"p": 496, "c": 0.9, "s": 192229, "e": 192558, "w": "一下", "sp": "Customer"}, {"p": 497, "c": 0.9, "s": 192558, "e": 192722, "w": "我", "sp": "Customer"}, {"p": 498, "c": 0.9, "s": 192723, "e": 193382, "w": "电话号码", "sp": "Customer"}, {"p": 499, "c": 0.9, "s": 193382, "e": 193546, "w": "我", "sp": "Customer"}, {"p": 500, "c": 0.9, "s": 193546, "e": 193711, "w": "怕", "sp": "Customer"}, {"p": 501, "c": 0.9, "s": 193711, "e": 193875, "w": "你", "sp": "Customer"}, {"p": 502, "c": 0.9, "s": 193876, "e": 194040, "w": "记", "sp": "Customer"}, {"p": 503, "c": 0.9, "s": 194040, "e": 194204, "w": "错", "sp": "Customer"}, {"p": 504, "c": 0.9, "s": 194205, "e": 194370, "w": "了", "sp": "Customer"}, {"p": 505, "c": 0.9, "s": 195220, "e": 195478, "w": "幺", "sp": "Agent"}, {"p": 506, "c": 0.9, "s": 195478, "e": 195994, "w": "五九", "sp": "Agent"}, {"p": 507, "c": 0.9, "s": 195994, "e": 196510, "w": "九零", "sp": "Agent"}, {"p": 508, "c": 0.9, "s": 196510, "e": 196769, "w": "幺", "sp": "Agent"}, {"p": 509, "c": 0.9, "s": 196769, "e": 197285, "w": "七八", "sp": "Agent"}, {"p": 510, "c": 0.9, "s": 197285, "e": 197801, "w": "零七", "sp": "Agent"}, {"p": 511, "c": 0.9, "s": 197801, "e": 198060, "w": "六", "sp": "Agent"}, {"p": 512, "c": 0.9, "s": 198060, "e": 198380, "w": "对", "sp": "Customer"}, {"p": 513, "c": 0.9, "s": 198380, "e": 198700, "w": "对", "sp": "Customer"}, {"p": 514, "c": 0.9, "s": 198700, "e": 199020, "w": "对", "sp": "Customer"}, {"p": 515, "c": 0.9, "s": 199020, "e": 199340, "w": "是", "sp": "Customer"}, {"p": 516, "c": 0.9, "s": 199340, "e": 199660, "w": "的", "sp": "Customer"}, {"p": 517, "c": 0.9, "s": 200270, "e": 200458, "w": "好", "sp": "Agent"}, {"p": 518, "c": 0.9, "s": 200458, "e": 200646, "w": "的", "sp": "Agent"}, {"p": 519, "c": 0.9, "s": 200646, "e": 200834, "w": "您", "sp": "Agent"}, {"p": 520, "c": 0.9, "s": 200835, "e": 201023, "w": "看", "sp": "Agent"}, {"p": 521, "c": 0.9, "s": 201023, "e": 201400, "w": "还有", "sp": "Agent"}, {"p": 522, "c": 0.9, "s": 201400, "e": 201777, "w": "其他", "sp": "Agent"}, {"p": 523, "c": 0.9, "s": 201777, "e": 202153, "w": "需要", "sp": "Agent"}, {"p": 524, "c": 0.9, "s": 202154, "e": 202531, "w": "帮助", "sp": "Agent"}, {"p": 525, "c": 0.9, "s": 202470, "e": 202674, "w": "嗯", "sp": "Customer"}, {"p": 526, "c": 0.9, "s": 202531, "e": 202720, "w": "吗", "sp": "Agent"}, {"p": 527, "c": 0.9, "s": 202674, "e": 203084, "w": "其他", "sp": "Customer"}, {"p": 528, "c": 0.9, "s": 203084, "e": 203493, "w": "没有", "sp": "Customer"}, {"p": 529, "c": 0.9, "s": 203493, "e": 203698, "w": "了", "sp": "Customer"}, {"p": 530, "c": 0.9, "s": 203698, "e": 203902, "w": "让", "sp": "Customer"}, {"p": 531, "c": 0.9, "s": 203902, "e": 204312, "w": "他们", "sp": "Customer"}, {"p": 532, "c": 0.9, "s": 204312, "e": 204721, "w": "尽快", "sp": "Customer"}, {"p": 533, "c": 0.9, "s": 204721, "e": 205129, "w": "联系", "sp": "Customer"}, {"p": 534, "c": 0.9, "s": 205130, "e": 205335, "w": "我", "sp": "Customer"}, {"p": 535, "c": 0.9, "s": 205335, "e": 205540, "w": "吧", "sp": "Customer"}, {"p": 536, "c": 0.9, "s": 206050, "e": 206267, "w": "嗯", "sp": "Agent"}, {"p": 537, "c": 0.9, "s": 206267, "e": 206484, "w": "好", "sp": "Agent"}, {"p": 538, "c": 0.9, "s": 206484, "e": 206700, "w": "的", "sp": "Agent"}, {"p": 539, "c": 0.9, "s": 206701, "e": 207135, "w": "已经", "sp": "Agent"}, {"p": 540, "c": 0.9, "s": 207135, "e": 207351, "w": "是", "sp": "Agent"}, {"p": 541, "c": 0.9, "s": 207352, "e": 207786, "w": "备注", "sp": "Agent"}, {"p": 542, "c": 0.9, "s": 207786, "e": 208220, "w": "尽快", "sp": "Agent"}, {"p": 543, "c": 0.9, "s": 208220, "e": 208655, "w": "联系", "sp": "Agent"}, {"p": 544, "c": 0.9, "s": 208655, "e": 208872, "w": "了", "sp": "Agent"}, {"p": 545, "c": 0.9, "s": 208872, "e": 209306, "w": "感谢", "sp": "Agent"}, {"p": 546, "c": 0.9, "s": 209120, "e": 209485, "w": "嗯", "sp": "Customer"}, {"p": 547, "c": 0.9, "s": 209306, "e": 209740, "w": "来电", "sp": "Agent"}, {"p": 548, "c": 0.9, "s": 209485, "e": 209850, "w": "嗯", "sp": "Customer"}, {"p": 549, "c": 0.9, "s": 209740, "e": 210174, "w": "祝您", "sp": "Agent"}, {"p": 550, "c": 0.9, "s": 209850, "e": 210215, "w": "嗯", "sp": "Customer"}, {"p": 551, "c": 0.9, "s": 210174, "e": 210608, "w": "生活", "sp": "Agent"}, {"p": 552, "c": 0.9, "s": 210215, "e": 210580, "w": "好", "sp": "Customer"}, {"p": 553, "c": 0.9, "s": 210608, "e": 211042, "w": "愉快", "sp": "Agent"}, {"p": 554, "c": 0.9, "s": 210860, "e": 211340, "w": "好好", "sp": "Customer"}, {"p": 555, "c": 0.9, "s": 211042, "e": 211260, "w": "再", "sp": "Agent"}, {"p": 556, "c": 0.9, "s": 211340, "e": 211819, "w": "好好", "sp": "Customer"}, {"p": 557, "c": 0.9, "s": 211820, "e": 212060, "w": "好", "sp": "Customer"}, {"p": 558, "c": 0.9, "s": 212060, "e": 212540, "w": "谢谢", "sp": "Customer"}, {"p": 559, "c": 0.9, "s": 212540, "e": 213019, "w": "再见", "sp": "Customer"}, {"p": 560, "c": 0.9, "s": 213020, "e": 213260, "w": "啊", "sp": "Customer"}, {"p": 561, "c": 0.9, "s": 213480, "e": 213767, "w": "请", "sp": "Agent"}, {"p": 562, "c": 0.9, "s": 213767, "e": 214055, "w": "对", "sp": "Agent"}, {"p": 563, "c": 0.9, "s": 214055, "e": 214629, "w": "本次", "sp": "Agent"}]}, "plainText": "六零 二 三号 为您服务 下午 好 大学生 很 高兴 为您服务 请问 有 什么 可以 帮 您\n呃 你好 我 需要 先 提供 给 你 什么 信息 然后 再说 我 的 问题 啊\n嗯 是 出现 什么 问题 呢 您 先 说\n嗯\n一下\n嗯 目前 没有 出现 什么 问题 是 我 需要 那个 叫 师傅 上门 来 帮忙 拆 一下 空调 外 机 的 那个 管子 因为 我 要 装 一个 柜子 那个 管子 可能 感 消息 拆 下来\n开外 机 的 一个 管理 是 吗\n对 对\n就是\n对 就是\n外 机\n外\n是\n机\n不\n连\n需要\n内\n动\n机\n的\n对外 机 不 需要 动 就是 拆 管子\n嗯 行 好 的 那 我 这边 是 登记 一下 就 可以 了 那\n嗯\n书 书 上 呢 可能 是 要 收取 费用 要 提前 和 您 说 一下\n嗯 是 怎么 个 收费 法 的\n嗯 具体 价格 的话 因为 坐席 这边 是 不 参与 报价 的 到时候 旅游 师傅 提前 和 您 电话 联系 您 觉得 合适 的话 再 安排 上门\n嗯 你们 不是 统一 报价 的 吗\n嗯 报价 因为 坐席 这边 是 不 参与 报价 的 都 是 由 师傅 报价\n是 不报 销 那 不是 他 随便 报 就 可以 了\n这个 不会 因为 都 是 大厅 的 生活 专业 培训 的 师傅\n就是 有 标准 的 那个 收费 标准 是 吧\n嗯 对 是 有 收费 标准 的\n有 收费 报表 那 什么 情况 下 是 不 需要 收费 的 呢\n如果 是 产品 的 质量 问题 在 保修 期内 他 是 不 收取 费用 的\n嗯 行 那 我 那 我 明白 了\n嗯\n嗯 那\n对\n你们\n那\n师傅\n这边\n什么\n是\n时候\n先\n会 联系 我\n哦 我 先 登记 一下 女士 因为 我们 现在 系统 更新 看不到 您 手机号 您 手机号 多少 呢\n一五 九\n不 需要\n九零 一七\n九零 一七\n八 零 七六\n八 零 七六 呃 请问\n嗯\n您 贵姓 呢\n我 姓 郭\n嗯 好 的 师傅 上门 的 地址 是 在 哪个 城市 呢\n啊 浙江省 杭州市 西 湖区 筹 市里\n西湖 球 市里 是 吗\n对 六 幢 二 单元 六零 一\n哦 好好 嗯 嗯 九零 空调 是 什么 时间 购买 的 您 还 记得 吗\n我 不 太 记得 了 你们 查 一下 吧\n好 拜拜 外地 是 有 放贷 平台 吗 还是 放在 外墙 呢\n嗯 是 挂 在 我们 楼顶\n娄底 好\n对\n的\n对 对\n嗯\n对\n是 支付 这块 上门 是 在 三月 十三号 就 呃 三月 十四 号 再 到 明天 到时候 会 和 您 提前 联系 您 看\n啊\n可以\n好好\n吗\n好好 我 现在\n嗯\n就\n因为\n知道\n嗯\n了\n因为\n啊\n以前 防控 小区 也 是 方便 是 不 出入 的 对 吗\n对 是 的 可以 的 只要 他 输\n嗯\n密码 就 没 问题\n嗯 好 的 您 看 还有 其他 需要 帮助 吗\n其他 暂时 没有 了 让 他们 尽快 好 吗 你 再 报 一下 我 电话号码 我 怕 你 记 错 了\n幺 五九 九零 幺 七八 零七 六\n对 对 对 是 的\n好 的 您 看 还有 其他 需要 帮助\n嗯\n吗\n其他 没有 了 让 他们 尽快 联系 我 吧\n嗯 好 的 已经 是 备注 尽快 联系 了 感谢\n嗯\n来电\n嗯\n祝您\n嗯\n生活\n好\n愉快\n好好\n再\n好好 好 谢谢 再见 啊\n请 对 本次", "plainTextTime": {"verbatims": [{"s": 4850, "e": 13690, "w": "六零 二 三号 为您服务 下午 好 大学生 很 高兴 为您服务 请问 有 什么 可以 帮 您", "sp": "Agent"}, {"s": 13860, "e": 18210, "w": "呃 你好 我 需要 先 提供 给 你 什么 信息 然后 再说 我 的 问题 啊", "sp": "Customer"}, {"s": 18880, "e": 22120, "w": "嗯 是 出现 什么 问题 呢 您 先 说", "sp": "Agent"}, {"s": 21910, "e": 22143, "w": "嗯", "sp": "Customer"}, {"s": 22120, "e": 22660, "w": "一下", "sp": "Agent"}, {"s": 22143, "e": 35670, "w": "嗯 目前 没有 出现 什么 问题 是 我 需要 那个 叫 师傅 上门 来 帮忙 拆 一下 空调 外 机 的 那个 管子 因为 我 要 装 一个 柜子 那个 管子 可能 感 消息 拆 下来", "sp": "Customer"}, {"s": 36220, "e": 38949, "w": "开外 机 的 一个 管理 是 吗", "sp": "Agent"}, {"s": 38830, "e": 39323, "w": "对 对", "sp": "Customer"}, {"s": 39230, "e": 39680, "w": "就是", "sp": "Agent"}, {"s": 39323, "e": 40064, "w": "对 就是", "sp": "Customer"}, {"s": 39680, "e": 40129, "w": "外 机", "sp": "Agent"}, {"s": 40064, "e": 40309, "w": "外", "sp": "Customer"}, {"s": 40130, "e": 40355, "w": "是", "sp": "Agent"}, {"s": 40310, "e": 40557, "w": "机", "sp": "Customer"}, {"s": 40355, "e": 40579, "w": "不", "sp": "Agent"}, {"s": 40557, "e": 40804, "w": "连", "sp": "Customer"}, {"s": 40580, "e": 41030, "w": "需要", "sp": "Agent"}, {"s": 40804, "e": 41051, "w": "内", "sp": "Customer"}, {"s": 41030, "e": 41254, "w": "动", "sp": "Agent"}, {"s": 41051, "e": 41298, "w": "机", "sp": "Customer"}, {"s": 41255, "e": 41480, "w": "的", "sp": "Agent"}, {"s": 41298, "e": 44260, "w": "对外 机 不 需要 动 就是 拆 管子", "sp": "Customer"}, {"s": 44870, "e": 48403, "w": "嗯 行 好 的 那 我 这边 是 登记 一下 就 可以 了 那", "sp": "Agent"}, {"s": 48350, "e": 49359, "w": "嗯", "sp": "Customer"}, {"s": 48403, "e": 52330, "w": "书 书 上 呢 可能 是 要 收取 费用 要 提前 和 您 说 一下", "sp": "Agent"}, {"s": 52590, "e": 56250, "w": "嗯 是 怎么 个 收费 法 的", "sp": "Customer"}, {"s": 56590, "e": 64379, "w": "嗯 具体 价格 的话 因为 坐席 这边 是 不 参与 报价 的 到时候 旅游 师傅 提前 和 您 电话 联系 您 觉得 合适 的话 再 安排 上门", "sp": "Agent"}, {"s": 65449, "e": 68369, "w": "嗯 你们 不是 统一 报价 的 吗", "sp": "Customer"}, {"s": 68820, "e": 72880, "w": "嗯 报价 因为 坐席 这边 是 不 参与 报价 的 都 是 由 师傅 报价", "sp": "Agent"}, {"s": 73710, "e": 76380, "w": "是 不报 销 那 不是 他 随便 报 就 可以 了", "sp": "Customer"}, {"s": 76420, "e": 79850, "w": "这个 不会 因为 都 是 大厅 的 生活 专业 培训 的 师傅", "sp": "Agent"}, {"s": 80420, "e": 83380, "w": "就是 有 标准 的 那个 收费 标准 是 吧", "sp": "Customer"}, {"s": 83340, "e": 85590, "w": "嗯 对 是 有 收费 标准 的", "sp": "Agent"}, {"s": 86340, "e": 90049, "w": "有 收费 报表 那 什么 情况 下 是 不 需要 收费 的 呢", "sp": "Customer"}, {"s": 90650, "e": 95189, "w": "如果 是 产品 的 质量 问题 在 保修 期内 他 是 不 收取 费用 的", "sp": "Agent"}, {"s": 95940, "e": 101400, "w": "嗯 行 那 我 那 我 明白 了", "sp": "Customer"}, {"s": 101690, "e": 101954, "w": "嗯", "sp": "Agent"}, {"s": 101710, "e": 102079, "w": "嗯 那", "sp": "Customer"}, {"s": 101954, "e": 102218, "w": "对", "sp": "Agent"}, {"s": 102080, "e": 102450, "w": "你们", "sp": "Customer"}, {"s": 102218, "e": 102482, "w": "那", "sp": "Agent"}, {"s": 102450, "e": 102820, "w": "师傅", "sp": "Customer"}, {"s": 102482, "e": 103011, "w": "这边", "sp": "Agent"}, {"s": 102820, "e": 103190, "w": "什么", "sp": "Customer"}, {"s": 103011, "e": 103275, "w": "是", "sp": "Agent"}, {"s": 103190, "e": 103560, "w": "时候", "sp": "Customer"}, {"s": 103275, "e": 103540, "w": "先", "sp": "Agent"}, {"s": 103560, "e": 104299, "w": "会 联系 我", "sp": "Customer"}, {"s": 104690, "e": 110410, "w": "哦 我 先 登记 一下 女士 因为 我们 现在 系统 更新 看不到 您 手机号 您 手机号 多少 呢", "sp": "Agent"}, {"s": 110830, "e": 112210, "w": "一五 九", "sp": "Customer"}, {"s": 112880, "e": 113750, "w": "不 需要", "sp": "Agent"}, {"s": 114030, "e": 115750, "w": "九零 一七", "sp": "Customer"}, {"s": 116030, "e": 117840, "w": "九零 一七", "sp": "Agent"}, {"s": 118010, "e": 119500, "w": "八 零 七六", "sp": "Customer"}, {"s": 119770, "e": 121679, "w": "八 零 七六 呃 请问", "sp": "Agent"}, {"s": 121430, "e": 122490, "w": "嗯", "sp": "Customer"}, {"s": 121679, "e": 122770, "w": "您 贵姓 呢", "sp": "Agent"}, {"s": 122770, "e": 124030, "w": "我 姓 郭", "sp": "Customer"}, {"s": 124560, "e": 128670, "w": "嗯 好 的 师傅 上门 的 地址 是 在 哪个 城市 呢", "sp": "Agent"}, {"s": 130070, "e": 134739, "w": "啊 浙江省 杭州市 西 湖区 筹 市里", "sp": "Customer"}, {"s": 135630, "e": 137959, "w": "西湖 球 市里 是 吗", "sp": "Agent"}, {"s": 137930, "e": 140670, "w": "对 六 幢 二 单元 六零 一", "sp": "Customer"}, {"s": 141750, "e": 151590, "w": "哦 好好 嗯 嗯 九零 空调 是 什么 时间 购买 的 您 还 记得 吗", "sp": "Agent"}, {"s": 151780, "e": 154490, "w": "我 不 太 记得 了 你们 查 一下 吧", "sp": "Customer"}, {"s": 156340, "e": 161150, "w": "好 拜拜 外地 是 有 放贷 平台 吗 还是 放在 外墙 呢", "sp": "Agent"}, {"s": 161340, "e": 164020, "w": "嗯 是 挂 在 我们 楼顶", "sp": "Customer"}, {"s": 164650, "e": 166210, "w": "娄底 好", "sp": "Agent"}, {"s": 166130, "e": 166617, "w": "对", "sp": "Customer"}, {"s": 166210, "e": 166730, "w": "的", "sp": "Agent"}, {"s": 166617, "e": 167592, "w": "对 对", "sp": "Customer"}, {"s": 167450, "e": 167657, "w": "嗯", "sp": "Agent"}, {"s": 167592, "e": 168080, "w": "对", "sp": "Customer"}, {"s": 167657, "e": 175336, "w": "是 支付 这块 上门 是 在 三月 十三号 就 呃 三月 十四 号 再 到 明天 到时候 会 和 您 提前 联系 您 看", "sp": "Agent"}, {"s": 175310, "e": 175566, "w": "啊", "sp": "Customer"}, {"s": 175337, "e": 175752, "w": "可以", "sp": "Agent"}, {"s": 175566, "e": 176080, "w": "好好", "sp": "Customer"}, {"s": 175752, "e": 175959, "w": "吗", "sp": "Agent"}, {"s": 176080, "e": 177365, "w": "好好 我 现在", "sp": "Customer"}, {"s": 177280, "e": 177515, "w": "嗯", "sp": "Agent"}, {"s": 177365, "e": 177622, "w": "就", "sp": "Customer"}, {"s": 177516, "e": 177990, "w": "因为", "sp": "Agent"}, {"s": 177622, "e": 178136, "w": "知道", "sp": "Customer"}, {"s": 177990, "e": 178227, "w": "嗯", "sp": "Agent"}, {"s": 178136, "e": 178393, "w": "了", "sp": "Customer"}, {"s": 178227, "e": 178701, "w": "因为", "sp": "Agent"}, {"s": 178393, "e": 178650, "w": "啊", "sp": "Customer"}, {"s": 178701, "e": 182730, "w": "以前 防控 小区 也 是 方便 是 不 出入 的 对 吗", "sp": "Agent"}, {"s": 182890, "e": 184996, "w": "对 是 的 可以 的 只要 他 输", "sp": "Customer"}, {"s": 184900, "e": 185840, "w": "嗯", "sp": "Agent"}, {"s": 184996, "e": 186260, "w": "密码 就 没 问题", "sp": "Customer"}, {"s": 186490, "e": 189350, "w": "嗯 好 的 您 看 还有 其他 需要 帮助 吗", "sp": "Agent"}, {"s": 189430, "e": 194370, "w": "其他 暂时 没有 了 让 他们 尽快 好 吗 你 再 报 一下 我 电话号码 我 怕 你 记 错 了", "sp": "Customer"}, {"s": 195220, "e": 198060, "w": "幺 五九 九零 幺 七八 零七 六", "sp": "Agent"}, {"s": 198060, "e": 199660, "w": "对 对 对 是 的", "sp": "Customer"}, {"s": 200270, "e": 202531, "w": "好 的 您 看 还有 其他 需要 帮助", "sp": "Agent"}, {"s": 202470, "e": 202674, "w": "嗯", "sp": "Customer"}, {"s": 202531, "e": 202720, "w": "吗", "sp": "Agent"}, {"s": 202674, "e": 205540, "w": "其他 没有 了 让 他们 尽快 联系 我 吧", "sp": "Customer"}, {"s": 206050, "e": 209306, "w": "嗯 好 的 已经 是 备注 尽快 联系 了 感谢", "sp": "Agent"}, {"s": 209120, "e": 209485, "w": "嗯", "sp": "Customer"}, {"s": 209306, "e": 209740, "w": "来电", "sp": "Agent"}, {"s": 209485, "e": 209850, "w": "嗯", "sp": "Customer"}, {"s": 209740, "e": 210174, "w": "祝您", "sp": "Agent"}, {"s": 209850, "e": 210215, "w": "嗯", "sp": "Customer"}, {"s": 210174, "e": 210608, "w": "生活", "sp": "Agent"}, {"s": 210215, "e": 210580, "w": "好", "sp": "Customer"}, {"s": 210608, "e": 211042, "w": "愉快", "sp": "Agent"}, {"s": 210860, "e": 211340, "w": "好好", "sp": "Customer"}, {"s": 211042, "e": 211260, "w": "再", "sp": "Agent"}, {"s": 211340, "e": 213260, "w": "好好 好 谢谢 再见 啊", "sp": "Customer"}, {"s": 213480, "e": 214629, "w": "请 对 本次", "sp": "Agent"}]}, "aqm": {"greeting": {"greeting_said": "为您服务, 高兴, 请问", "n_greeting_said": 3, "score": 1}, "closing": {"closing_said": "感谢, 祝您, 生活, 愉快", "n_closing_said": 4, "score": 1}, "speed": {"speed_max": 6.03, "n_words": 47, "words": "嗯 具体 价格 的话 因为 坐席 这边 是 不 参与 报价 的 到时候 旅游 师傅 提前 和 您 电话 联系 您 觉得 合适 的话 再 安排 上门", "start": 56590, "end": 64379}}}