{"mediaId": "2022031314094748278300100000530602", "status": "Success", "dateCreated": "2022-03-21T18:45:50Z", "contentType": "audio/x-wav", "channels": "future use", "length": 473, "metadata": {"Sid": 10014, "Site_id": 783, "Audio_ch_num": 5306, "Audio_module_num": 783001, "Audio_start_time_gmt": "2022-03-13T06:01:54.763+08:00", "Transaction_id": "2022031314094748278300100000530602", "ContactID": "9204480061870000012", "Personal_id": "0", "Direction": 0, "Local_audio_start_time": "2022-03-13T14:01:54.763+08:00", "Local_audio_end_time": "2022-03-13T14:09:47.763+08:00", "Total_hold_time": "0", "Pbx_login_id": "", "Ani": "90102155368221", "Extension": "155368221", "String_extension": "90102155368221", "Switch_call_id": "SIP/AUDIO/083E1600-C577-A0C8-44DE-08BAA624CC86", "Switch_id": "783000001", "Duration_seconds": 473, "Wrapup_time_in_seconds": "0", "Dnis": "15900267911", "Number_of_conferences": "0", "Number_of_holds": "0", "Number_of_transfers": "0", "Percent_of_agent_call": "170", "Percent_of_other_call": "77", "Percent_of_mutual_silence": "209", "Num_of_agent_cross": "15", "Num_of_other_cross": "16", "IsException": 0}, "transcript_detailed": {"words": [{"p": 1, "c": 0.9, "s": 3250, "e": 3810, "w": "六零", "sp": "Agent"}, {"p": 2, "c": 0.9, "s": 3811, "e": 4373, "w": "二二", "sp": "Agent"}, {"p": 3, "c": 0.9, "s": 4373, "e": 4654, "w": "号", "sp": "Agent"}, {"p": 4, "c": 0.9, "s": 4654, "e": 5778, "w": "为您服务", "sp": "Agent"}, {"p": 5, "c": 0.9, "s": 5778, "e": 6339, "w": "下午", "sp": "Agent"}, {"p": 6, "c": 0.9, "s": 6340, "e": 6621, "w": "好", "sp": "Agent"}, {"p": 7, "c": 0.9, "s": 6621, "e": 7182, "w": "在线", "sp": "Agent"}, {"p": 8, "c": 0.9, "s": 7183, "e": 7745, "w": "售后", "sp": "Agent"}, {"p": 9, "c": 0.9, "s": 7745, "e": 8024, "w": "很", "sp": "Agent"}, {"p": 10, "c": 0.9, "s": 8024, "e": 8587, "w": "高兴", "sp": "Agent"}, {"p": 11, "c": 0.9, "s": 8587, "e": 9710, "w": "为您服务", "sp": "Agent"}, {"p": 12, "c": 0.9, "s": 9711, "e": 10273, "w": "请问", "sp": "Agent"}, {"p": 13, "c": 0.9, "s": 10273, "e": 10554, "w": "有", "sp": "Agent"}, {"p": 14, "c": 0.9, "s": 10554, "e": 11116, "w": "什么", "sp": "Agent"}, {"p": 15, "c": 0.9, "s": 11116, "e": 11678, "w": "可以", "sp": "Agent"}, {"p": 16, "c": 0.9, "s": 11678, "e": 11959, "w": "帮", "sp": "Agent"}, {"p": 17, "c": 0.9, "s": 11959, "e": 12240, "w": "您", "sp": "Agent"}, {"p": 18, "c": 0.9, "s": 13550, "e": 13785, "w": "喂", "sp": "Customer"}, {"p": 19, "c": 0.9, "s": 13785, "e": 14255, "w": "你好", "sp": "Customer"}, {"p": 20, "c": 0.9, "s": 14255, "e": 14490, "w": "你", "sp": "Customer"}, {"p": 21, "c": 0.9, "s": 14490, "e": 14960, "w": "你们", "sp": "Customer"}, {"p": 22, "c": 0.9, "s": 14960, "e": 15430, "w": "那个", "sp": "Customer"}, {"p": 23, "c": 0.9, "s": 15430, "e": 15900, "w": "大金", "sp": "Customer"}, {"p": 24, "c": 0.9, "s": 15900, "e": 16135, "w": "的", "sp": "Customer"}, {"p": 25, "c": 0.9, "s": 16135, "e": 16605, "w": "智能", "sp": "Customer"}, {"p": 26, "c": 0.9, "s": 16605, "e": 17074, "w": "网关", "sp": "Customer"}, {"p": 27, "c": 0.9, "s": 17075, "e": 17545, "w": "你们", "sp": "Customer"}, {"p": 28, "c": 0.9, "s": 17545, "e": 18015, "w": "这边", "sp": "Customer"}, {"p": 29, "c": 0.9, "s": 18015, "e": 18250, "w": "会", "sp": "Customer"}, {"p": 30, "c": 0.9, "s": 18250, "e": 18485, "w": "调", "sp": "Customer"}, {"p": 31, "c": 0.9, "s": 18485, "e": 18720, "w": "吗", "sp": "Customer"}, {"p": 32, "c": 0.9, "s": 18860, "e": 19035, "w": "嗯", "sp": "Agent"}, {"p": 33, "c": 0.9, "s": 19035, "e": 19387, "w": "智能", "sp": "Agent"}, {"p": 34, "c": 0.9, "s": 19387, "e": 19738, "w": "网关", "sp": "Agent"}, {"p": 35, "c": 0.9, "s": 19739, "e": 20267, "w": "是不是", "sp": "Agent"}, {"p": 36, "c": 0.9, "s": 20267, "e": 20619, "w": "一个", "sp": "Agent"}, {"p": 37, "c": 0.9, "s": 20619, "e": 20970, "w": "黑色", "sp": "Agent"}, {"p": 38, "c": 0.9, "s": 20970, "e": 21146, "w": "的", "sp": "Agent"}, {"p": 39, "c": 0.9, "s": 21146, "e": 21498, "w": "四方", "sp": "Agent"}, {"p": 40, "c": 0.9, "s": 21498, "e": 21674, "w": "四", "sp": "Agent"}, {"p": 41, "c": 0.9, "s": 21674, "e": 21850, "w": "针", "sp": "Agent"}, {"p": 42, "c": 0.9, "s": 21850, "e": 22026, "w": "的", "sp": "Agent"}, {"p": 43, "c": 0.9, "s": 22026, "e": 22202, "w": "小", "sp": "Agent"}, {"p": 44, "c": 0.9, "s": 22202, "e": 22553, "w": "盒子", "sp": "Agent"}, {"p": 45, "c": 0.9, "s": 22554, "e": 22730, "w": "呀", "sp": "Agent"}, {"p": 46, "c": 0.9, "s": 23110, "e": 23465, "w": "对", "sp": "Customer"}, {"p": 47, "c": 0.9, "s": 23465, "e": 23820, "w": "对", "sp": "Customer"}, {"p": 48, "c": 0.9, "s": 23820, "e": 24175, "w": "对", "sp": "Customer"}, {"p": 49, "c": 0.9, "s": 24175, "e": 24529, "w": "对", "sp": "Customer"}, {"p": 50, "c": 0.9, "s": 24530, "e": 24693, "w": "啊", "sp": "Agent"}, {"p": 51, "c": 0.9, "s": 24693, "e": 24856, "w": "好", "sp": "Agent"}, {"p": 52, "c": 0.9, "s": 24856, "e": 25020, "w": "的", "sp": "Agent"}, {"p": 53, "c": 0.9, "s": 25020, "e": 25183, "w": "那", "sp": "Agent"}, {"p": 54, "c": 0.9, "s": 25183, "e": 25510, "w": "这边", "sp": "Agent"}, {"p": 55, "c": 0.9, "s": 25510, "e": 25837, "w": "先生", "sp": "Agent"}, {"p": 56, "c": 0.9, "s": 25837, "e": 26000, "w": "您", "sp": "Agent"}, {"p": 57, "c": 0.9, "s": 26000, "e": 26164, "w": "报", "sp": "Agent"}, {"p": 58, "c": 0.9, "s": 26164, "e": 26490, "w": "一下", "sp": "Agent"}, {"p": 59, "c": 0.9, "s": 26490, "e": 26654, "w": "您", "sp": "Agent"}, {"p": 60, "c": 0.9, "s": 26654, "e": 26817, "w": "的", "sp": "Agent"}, {"p": 61, "c": 0.9, "s": 26817, "e": 27144, "w": "来电", "sp": "Agent"}, {"p": 62, "c": 0.9, "s": 27144, "e": 27470, "w": "号码", "sp": "Agent"}, {"p": 63, "c": 0.9, "s": 27471, "e": 27798, "w": "然后", "sp": "Agent"}, {"p": 64, "c": 0.9, "s": 27798, "e": 27961, "w": "我", "sp": "Agent"}, {"p": 65, "c": 0.9, "s": 27961, "e": 28125, "w": "来", "sp": "Agent"}, {"p": 66, "c": 0.9, "s": 28125, "e": 28288, "w": "给", "sp": "Agent"}, {"p": 67, "c": 0.9, "s": 28288, "e": 28451, "w": "您", "sp": "Agent"}, {"p": 68, "c": 0.9, "s": 28451, "e": 28615, "w": "转", "sp": "Agent"}, {"p": 69, "c": 0.9, "s": 28615, "e": 28942, "w": "接到", "sp": "Agent"}, {"p": 70, "c": 0.9, "s": 28942, "e": 29105, "w": "技", "sp": "Agent"}, {"p": 71, "c": 0.9, "s": 29105, "e": 29432, "w": "那个", "sp": "Agent"}, {"p": 72, "c": 0.9, "s": 29432, "e": 29758, "w": "技术", "sp": "Agent"}, {"p": 73, "c": 0.9, "s": 29759, "e": 30086, "w": "家中", "sp": "Agent"}, {"p": 74, "c": 0.9, "s": 30086, "e": 30249, "w": "的", "sp": "Agent"}, {"p": 75, "c": 0.9, "s": 30249, "e": 30576, "w": "专线", "sp": "Agent"}, {"p": 76, "c": 0.9, "s": 30576, "e": 30739, "w": "帮", "sp": "Agent"}, {"p": 77, "c": 0.9, "s": 30739, "e": 30903, "w": "您", "sp": "Agent"}, {"p": 78, "c": 0.9, "s": 30903, "e": 31230, "w": "处理", "sp": "Agent"}, {"p": 79, "c": 0.9, "s": 32599, "e": 32864, "w": "呃", "sp": "Customer"}, {"p": 80, "c": 0.9, "s": 32864, "e": 33128, "w": "呃", "sp": "Customer"}, {"p": 81, "c": 0.9, "s": 33128, "e": 33392, "w": "要", "sp": "Customer"}, {"p": 82, "c": 0.9, "s": 33392, "e": 33656, "w": "看", "sp": "Customer"}, {"p": 83, "c": 0.9, "s": 33657, "e": 33921, "w": "幺", "sp": "Customer"}, {"p": 84, "c": 0.9, "s": 33921, "e": 34450, "w": "五九", "sp": "Customer"}, {"p": 85, "c": 0.9, "s": 34570, "e": 34985, "w": "嗯", "sp": "Agent"}, {"p": 86, "c": 0.9, "s": 34985, "e": 35400, "w": "幺", "sp": "Agent"}, {"p": 87, "c": 0.9, "s": 35400, "e": 36230, "w": "五九", "sp": "Agent"}, {"p": 88, "c": 0.9, "s": 36690, "e": 37465, "w": "零零", "sp": "Customer"}, {"p": 89, "c": 0.9, "s": 37465, "e": 38240, "w": "二六", "sp": "Customer"}, {"p": 90, "c": 0.9, "s": 38330, "e": 39220, "w": "零零", "sp": "Agent"}, {"p": 91, "c": 0.9, "s": 39220, "e": 40110, "w": "二六", "sp": "Agent"}, {"p": 92, "c": 0.9, "s": 40420, "e": 41144, "w": "七九", "sp": "Customer"}, {"p": 93, "c": 0.9, "s": 41145, "e": 41507, "w": "幺", "sp": "Customer"}, {"p": 94, "c": 0.9, "s": 41507, "e": 41870, "w": "幺", "sp": "Customer"}, {"p": 95, "c": 0.9, "s": 42080, "e": 42470, "w": "七九", "sp": "Agent"}, {"p": 96, "c": 0.9, "s": 42470, "e": 42665, "w": "幺", "sp": "Agent"}, {"p": 97, "c": 0.9, "s": 42665, "e": 42860, "w": "幺", "sp": "Agent"}, {"p": 98, "c": 0.9, "s": 42860, "e": 43055, "w": "好", "sp": "Agent"}, {"p": 99, "c": 0.9, "s": 43055, "e": 43250, "w": "的", "sp": "Agent"}, {"p": 100, "c": 0.9, "s": 43250, "e": 43445, "w": "您", "sp": "Agent"}, {"p": 101, "c": 0.9, "s": 43445, "e": 43835, "w": "这边", "sp": "Agent"}, {"p": 102, "c": 0.9, "s": 43835, "e": 44030, "w": "是", "sp": "Agent"}, {"p": 103, "c": 0.9, "s": 44030, "e": 44420, "w": "自己", "sp": "Agent"}, {"p": 104, "c": 0.9, "s": 44420, "e": 44614, "w": "家", "sp": "Agent"}, {"p": 105, "c": 0.9, "s": 44615, "e": 45005, "w": "使用", "sp": "Agent"}, {"p": 106, "c": 0.9, "s": 45005, "e": 45200, "w": "的", "sp": "Agent"}, {"p": 107, "c": 0.9, "s": 45200, "e": 45590, "w": "这个", "sp": "Agent"}, {"p": 108, "c": 0.9, "s": 45590, "e": 45980, "w": "智能", "sp": "Agent"}, {"p": 109, "c": 0.9, "s": 45980, "e": 46370, "w": "网关", "sp": "Agent"}, {"p": 110, "c": 0.9, "s": 46150, "e": 46770, "w": "怎么", "sp": "Customer"}, {"p": 111, "c": 0.9, "s": 46370, "e": 46565, "w": "是", "sp": "Agent"}, {"p": 112, "c": 0.9, "s": 46565, "e": 46760, "w": "吗", "sp": "Agent"}, {"p": 113, "c": 0.9, "s": 46770, "e": 47080, "w": "了", "sp": "Customer"}, {"p": 114, "c": 0.9, "s": 47080, "e": 47390, "w": "你", "sp": "Customer"}, {"p": 115, "c": 0.9, "s": 47270, "e": 47441, "w": "啊", "sp": "Agent"}, {"p": 116, "c": 0.9, "s": 47390, "e": 47700, "w": "说", "sp": "Customer"}, {"p": 117, "c": 0.9, "s": 47441, "e": 47956, "w": "是不是", "sp": "Agent"}, {"p": 118, "c": 0.9, "s": 47700, "e": 48320, "w": "什么", "sp": "Customer"}, {"p": 119, "c": 0.9, "s": 47956, "e": 48299, "w": "自己", "sp": "Agent"}, {"p": 120, "c": 0.9, "s": 48299, "e": 48471, "w": "啊", "sp": "Agent"}, {"p": 121, "c": 0.9, "s": 48471, "e": 48642, "w": "我", "sp": "Agent"}, {"p": 122, "c": 0.9, "s": 48642, "e": 48814, "w": "的", "sp": "Agent"}, {"p": 123, "c": 0.9, "s": 48814, "e": 49156, "w": "意思", "sp": "Agent"}, {"p": 124, "c": 0.9, "s": 49157, "e": 49329, "w": "是", "sp": "Agent"}, {"p": 125, "c": 0.9, "s": 49329, "e": 49501, "w": "说", "sp": "Agent"}, {"p": 126, "c": 0.9, "s": 49501, "e": 49672, "w": "是", "sp": "Agent"}, {"p": 127, "c": 0.9, "s": 49672, "e": 50015, "w": "这边", "sp": "Agent"}, {"p": 128, "c": 0.9, "s": 50015, "e": 50187, "w": "是", "sp": "Agent"}, {"p": 129, "c": 0.9, "s": 50187, "e": 50359, "w": "您", "sp": "Agent"}, {"p": 130, "c": 0.9, "s": 50359, "e": 50702, "w": "自己", "sp": "Agent"}, {"p": 131, "c": 0.9, "s": 50702, "e": 50874, "w": "家", "sp": "Agent"}, {"p": 132, "c": 0.9, "s": 50874, "e": 51217, "w": "使用", "sp": "Agent"}, {"p": 133, "c": 0.9, "s": 51217, "e": 51388, "w": "的", "sp": "Agent"}, {"p": 134, "c": 0.9, "s": 51388, "e": 51732, "w": "职能", "sp": "Agent"}, {"p": 135, "c": 0.9, "s": 51732, "e": 52074, "w": "网关", "sp": "Agent"}, {"p": 136, "c": 0.9, "s": 52075, "e": 52418, "w": "还是", "sp": "Agent"}, {"p": 137, "c": 0.9, "s": 52418, "e": 52590, "w": "帮", "sp": "Agent"}, {"p": 138, "c": 0.9, "s": 52590, "e": 52761, "w": "别", "sp": "Agent"}, {"p": 139, "c": 0.9, "s": 52761, "e": 53105, "w": "人代", "sp": "Agent"}, {"p": 140, "c": 0.9, "s": 53105, "e": 53276, "w": "报", "sp": "Agent"}, {"p": 141, "c": 0.9, "s": 53276, "e": 53448, "w": "的", "sp": "Agent"}, {"p": 142, "c": 0.9, "s": 53448, "e": 53620, "w": "呀", "sp": "Agent"}, {"p": 143, "c": 0.9, "s": 54340, "e": 54584, "w": "啊", "sp": "Customer"}, {"p": 144, "c": 0.9, "s": 54584, "e": 54828, "w": "帮", "sp": "Customer"}, {"p": 145, "c": 0.9, "s": 54828, "e": 55072, "w": "别", "sp": "Customer"}, {"p": 146, "c": 0.9, "s": 55072, "e": 55560, "w": "人代", "sp": "Customer"}, {"p": 147, "c": 0.9, "s": 55561, "e": 55805, "w": "报", "sp": "Customer"}, {"p": 148, "c": 0.9, "s": 55805, "e": 56050, "w": "的", "sp": "Customer"}, {"p": 149, "c": 0.9, "s": 56080, "e": 56356, "w": "啊", "sp": "Agent"}, {"p": 150, "c": 0.9, "s": 56356, "e": 56632, "w": "好", "sp": "Agent"}, {"p": 151, "c": 0.9, "s": 56632, "e": 56909, "w": "的", "sp": "Agent"}, {"p": 152, "c": 0.9, "s": 56909, "e": 57185, "w": "您", "sp": "Agent"}, {"p": 153, "c": 0.9, "s": 57170, "e": 57575, "w": "啊", "sp": "Customer"}, {"p": 154, "c": 0.9, "s": 57185, "e": 57461, "w": "是", "sp": "Agent"}, {"p": 155, "c": 0.9, "s": 57461, "e": 58289, "w": "经销商", "sp": "Agent"}, {"p": 156, "c": 0.9, "s": 57576, "e": 57983, "w": "就", "sp": "Customer"}, {"p": 157, "c": 0.9, "s": 57983, "e": 58390, "w": "一", "sp": "Customer"}, {"p": 158, "c": 0.9, "s": 58290, "e": 58567, "w": "吗", "sp": "Agent"}, {"p": 159, "c": 0.9, "s": 58567, "e": 59120, "w": "抱歉", "sp": "Agent"}, {"p": 160, "c": 0.9, "s": 59680, "e": 60002, "w": "对", "sp": "Customer"}, {"p": 161, "c": 0.9, "s": 60002, "e": 60325, "w": "对", "sp": "Customer"}, {"p": 162, "c": 0.9, "s": 60325, "e": 60647, "w": "对", "sp": "Customer"}, {"p": 163, "c": 0.9, "s": 60647, "e": 60970, "w": "对", "sp": "Customer"}, {"p": 164, "c": 0.9, "s": 60880, "e": 61041, "w": "嗯", "sp": "Agent"}, {"p": 165, "c": 0.9, "s": 61041, "e": 61203, "w": "好", "sp": "Agent"}, {"p": 166, "c": 0.9, "s": 61203, "e": 61364, "w": "的", "sp": "Agent"}, {"p": 167, "c": 0.9, "s": 61364, "e": 61525, "w": "好", "sp": "Agent"}, {"p": 168, "c": 0.9, "s": 61526, "e": 61688, "w": "的", "sp": "Agent"}, {"p": 169, "c": 0.9, "s": 61688, "e": 61849, "w": "那", "sp": "Agent"}, {"p": 170, "c": 0.9, "s": 61849, "e": 62010, "w": "您", "sp": "Agent"}, {"p": 171, "c": 0.9, "s": 62011, "e": 62334, "w": "不要", "sp": "Agent"}, {"p": 172, "c": 0.9, "s": 62334, "e": 62657, "w": "挂机", "sp": "Agent"}, {"p": 173, "c": 0.9, "s": 62657, "e": 62819, "w": "我", "sp": "Agent"}, {"p": 174, "c": 0.9, "s": 62819, "e": 62980, "w": "来", "sp": "Agent"}, {"p": 175, "c": 0.9, "s": 62980, "e": 63142, "w": "帮", "sp": "Agent"}, {"p": 176, "c": 0.9, "s": 63142, "e": 63303, "w": "您", "sp": "Agent"}, {"p": 177, "c": 0.9, "s": 63304, "e": 63627, "w": "转接", "sp": "Agent"}, {"p": 178, "c": 0.9, "s": 63627, "e": 63788, "w": "到", "sp": "Agent"}, {"p": 179, "c": 0.9, "s": 63788, "e": 64112, "w": "进度", "sp": "Agent"}, {"p": 180, "c": 0.9, "s": 64112, "e": 64273, "w": "加", "sp": "Agent"}, {"p": 181, "c": 0.9, "s": 64273, "e": 64435, "w": "中", "sp": "Agent"}, {"p": 182, "c": 0.9, "s": 64434, "e": 64596, "w": "请", "sp": "Agent"}, {"p": 183, "c": 0.9, "s": 64596, "e": 64758, "w": "稍", "sp": "Agent"}, {"p": 184, "c": 0.9, "s": 64758, "e": 64920, "w": "等", "sp": "Agent"}, {"p": 185, "c": 0.9, "s": 65430, "e": 65691, "w": "嗯", "sp": "Customer"}, {"p": 186, "c": 0.9, "s": 65691, "e": 65953, "w": "嗯", "sp": "Customer"}, {"p": 187, "c": 0.9, "s": 65953, "e": 66215, "w": "好", "sp": "Customer"}, {"p": 188, "c": 0.9, "s": 66215, "e": 66476, "w": "的", "sp": "Customer"}, {"p": 189, "c": 0.9, "s": 66476, "e": 66738, "w": "好", "sp": "Customer"}, {"p": 190, "c": 0.9, "s": 66738, "e": 67000, "w": "的", "sp": "Customer"}, {"p": 191, "c": 0.9, "s": 92960, "e": 93810, "w": "嗯", "sp": "Agent"}, {"p": 192, "c": 0.9, "s": 100050, "e": 101040, "w": "嗯", "sp": "Agent"}, {"p": 193, "c": 0.9, "s": 109720, "e": 110086, "w": "你", "sp": "Customer"}, {"p": 194, "c": 0.9, "s": 110086, "e": 110452, "w": "娘", "sp": "Customer"}, {"p": 195, "c": 0.9, "s": 110453, "e": 111186, "w": "什么", "sp": "Customer"}, {"p": 196, "c": 0.9, "s": 111186, "e": 111920, "w": "东西", "sp": "Customer"}, {"p": 197, "c": 0.9, "s": 115100, "e": 115562, "w": "您好", "sp": "Agent"}, {"p": 198, "c": 0.9, "s": 115562, "e": 116023, "w": "欢迎", "sp": "Agent"}, {"p": 199, "c": 0.9, "s": 116024, "e": 116487, "w": "致电", "sp": "Agent"}, {"p": 200, "c": 0.9, "s": 116487, "e": 116718, "w": "乐", "sp": "Agent"}, {"p": 201, "c": 0.9, "s": 116718, "e": 116949, "w": "金", "sp": "Agent"}, {"p": 202, "c": 0.9, "s": 116949, "e": 117410, "w": "请问", "sp": "Agent"}, {"p": 203, "c": 0.9, "s": 117411, "e": 117642, "w": "有", "sp": "Agent"}, {"p": 204, "c": 0.9, "s": 117642, "e": 118104, "w": "什么", "sp": "Agent"}, {"p": 205, "c": 0.9, "s": 118105, "e": 118567, "w": "可以", "sp": "Agent"}, {"p": 206, "c": 0.9, "s": 118567, "e": 118798, "w": "帮", "sp": "Agent"}, {"p": 207, "c": 0.9, "s": 118798, "e": 119030, "w": "您", "sp": "Agent"}, {"p": 208, "c": 0.9, "s": 120050, "e": 120272, "w": "你", "sp": "Customer"}, {"p": 209, "c": 0.9, "s": 120272, "e": 120716, "w": "那边", "sp": "Customer"}, {"p": 210, "c": 0.9, "s": 120716, "e": 121161, "w": "怎么", "sp": "Customer"}, {"p": 211, "c": 0.9, "s": 121161, "e": 121605, "w": "这么", "sp": "Customer"}, {"p": 212, "c": 0.9, "s": 121605, "e": 121827, "w": "卡", "sp": "Customer"}, {"p": 213, "c": 0.9, "s": 121827, "e": 122050, "w": "的", "sp": "Customer"}, {"p": 214, "c": 0.9, "s": 124600, "e": 124854, "w": "呃", "sp": "Agent"}, {"p": 215, "c": 0.9, "s": 124854, "e": 125363, "w": "这样", "sp": "Agent"}, {"p": 216, "c": 0.9, "s": 125363, "e": 125617, "w": "能", "sp": "Agent"}, {"p": 217, "c": 0.9, "s": 125617, "e": 126126, "w": "听到", "sp": "Agent"}, {"p": 218, "c": 0.9, "s": 126126, "e": 126381, "w": "吗", "sp": "Agent"}, {"p": 219, "c": 0.9, "s": 126381, "e": 126890, "w": "先生", "sp": "Agent"}, {"p": 220, "c": 0.9, "s": 127620, "e": 127867, "w": "啊", "sp": "Customer"}, {"p": 221, "c": 0.9, "s": 127867, "e": 128360, "w": "有点", "sp": "Customer"}, {"p": 222, "c": 0.9, "s": 128360, "e": 128607, "w": "卡", "sp": "Customer"}, {"p": 223, "c": 0.9, "s": 128608, "e": 129102, "w": "声音", "sp": "Customer"}, {"p": 224, "c": 0.9, "s": 129102, "e": 129596, "w": "有点", "sp": "Customer"}, {"p": 225, "c": 0.9, "s": 129595, "e": 129842, "w": "卡", "sp": "Customer"}, {"p": 226, "c": 0.9, "s": 129843, "e": 130090, "w": "顿", "sp": "Customer"}, {"p": 227, "c": 0.9, "s": 132450, "e": 132733, "w": "那", "sp": "Agent"}, {"p": 228, "c": 0.9, "s": 132733, "e": 133017, "w": "我", "sp": "Agent"}, {"p": 229, "c": 0.9, "s": 133017, "e": 133584, "w": "尽量", "sp": "Agent"}, {"p": 230, "c": 0.9, "s": 133585, "e": 133868, "w": "到", "sp": "Agent"}, {"p": 231, "c": 0.9, "s": 133868, "e": 134435, "w": "那里", "sp": "Agent"}, {"p": 232, "c": 0.9, "s": 134436, "e": 134720, "w": "去", "sp": "Agent"}, {"p": 233, "c": 0.9, "s": 135760, "e": 136720, "w": "啊", "sp": "Customer"}, {"p": 234, "c": 0.9, "s": 137270, "e": 137487, "w": "那", "sp": "Agent"}, {"p": 235, "c": 0.9, "s": 137487, "e": 137704, "w": "您", "sp": "Agent"}, {"p": 236, "c": 0.9, "s": 137704, "e": 137920, "w": "的", "sp": "Agent"}, {"p": 237, "c": 0.9, "s": 137921, "e": 138356, "w": "诉求", "sp": "Agent"}, {"p": 238, "c": 0.9, "s": 138356, "e": 138573, "w": "是", "sp": "Agent"}, {"p": 239, "c": 0.9, "s": 138573, "e": 139008, "w": "什么", "sp": "Agent"}, {"p": 240, "c": 0.9, "s": 139008, "e": 139224, "w": "呢", "sp": "Agent"}, {"p": 241, "c": 0.9, "s": 139225, "e": 139660, "w": "诉求", "sp": "Agent"}, {"p": 242, "c": 0.9, "s": 140660, "e": 140917, "w": "我", "sp": "Customer"}, {"p": 243, "c": 0.9, "s": 140917, "e": 141175, "w": "想", "sp": "Customer"}, {"p": 244, "c": 0.9, "s": 141175, "e": 141690, "w": "那个", "sp": "Customer"}, {"p": 245, "c": 0.9, "s": 141690, "e": 142205, "w": "大金", "sp": "Customer"}, {"p": 246, "c": 0.9, "s": 142205, "e": 142462, "w": "的", "sp": "Customer"}, {"p": 247, "c": 0.9, "s": 142462, "e": 142977, "w": "智能", "sp": "Customer"}, {"p": 248, "c": 0.9, "s": 142977, "e": 143492, "w": "网关", "sp": "Customer"}, {"p": 249, "c": 0.9, "s": 143492, "e": 143750, "w": "啊", "sp": "Customer"}, {"p": 250, "c": 0.9, "s": 146100, "e": 146605, "w": "好", "sp": "Agent"}, {"p": 251, "c": 0.9, "s": 146605, "e": 147110, "w": "的", "sp": "Agent"}, {"p": 252, "c": 0.9, "s": 147390, "e": 147630, "w": "您", "sp": "Agent"}, {"p": 253, "c": 0.9, "s": 147630, "e": 148110, "w": "提供", "sp": "Agent"}, {"p": 254, "c": 0.9, "s": 148110, "e": 148590, "w": "一下", "sp": "Agent"}, {"p": 255, "c": 0.9, "s": 148590, "e": 148830, "w": "您", "sp": "Agent"}, {"p": 256, "c": 0.9, "s": 148830, "e": 149310, "w": "当时", "sp": "Agent"}, {"p": 257, "c": 0.9, "s": 149310, "e": 149790, "w": "预留", "sp": "Agent"}, {"p": 258, "c": 0.9, "s": 149790, "e": 150030, "w": "的", "sp": "Agent"}, {"p": 259, "c": 0.9, "s": 150030, "e": 150990, "w": "手机号码", "sp": "Agent"}, {"p": 260, "c": 0.9, "s": 152140, "e": 152452, "w": "呃", "sp": "Customer"}, {"p": 261, "c": 0.9, "s": 152452, "e": 153075, "w": "不是", "sp": "Customer"}, {"p": 262, "c": 0.9, "s": 153076, "e": 153388, "w": "我", "sp": "Customer"}, {"p": 263, "c": 0.9, "s": 153388, "e": 153701, "w": "帮", "sp": "Customer"}, {"p": 264, "c": 0.9, "s": 153701, "e": 154325, "w": "别人", "sp": "Customer"}, {"p": 265, "c": 0.9, "s": 154325, "e": 154950, "w": "代缴", "sp": "Customer"}, {"p": 266, "c": 0.9, "s": 158190, "e": 158387, "w": "那", "sp": "Agent"}, {"p": 267, "c": 0.9, "s": 158387, "e": 158584, "w": "您", "sp": "Agent"}, {"p": 268, "c": 0.9, "s": 158585, "e": 158981, "w": "提供", "sp": "Agent"}, {"p": 269, "c": 0.9, "s": 158981, "e": 159377, "w": "一下", "sp": "Agent"}, {"p": 270, "c": 0.9, "s": 159377, "e": 159575, "w": "您", "sp": "Agent"}, {"p": 271, "c": 0.9, "s": 159575, "e": 159971, "w": "绑定", "sp": "Agent"}, {"p": 272, "c": 0.9, "s": 159971, "e": 160168, "w": "的", "sp": "Agent"}, {"p": 273, "c": 0.9, "s": 160169, "e": 160565, "w": "这个", "sp": "Agent"}, {"p": 274, "c": 0.9, "s": 160565, "e": 160961, "w": "就是", "sp": "Agent"}, {"p": 275, "c": 0.9, "s": 160961, "e": 161357, "w": "预留", "sp": "Agent"}, {"p": 276, "c": 0.9, "s": 161357, "e": 162148, "w": "手机号码", "sp": "Agent"}, {"p": 277, "c": 0.9, "s": 162148, "e": 162543, "w": "或者", "sp": "Agent"}, {"p": 278, "c": 0.9, "s": 162544, "e": 162940, "w": "会员", "sp": "Agent"}, {"p": 279, "c": 0.9, "s": 162940, "e": 163336, "w": "或者", "sp": "Agent"}, {"p": 280, "c": 0.9, "s": 163336, "e": 163732, "w": "外地", "sp": "Agent"}, {"p": 281, "c": 0.9, "s": 163732, "e": 164127, "w": "型号", "sp": "Agent"}, {"p": 282, "c": 0.9, "s": 164128, "e": 164326, "w": "也", "sp": "Agent"}, {"p": 283, "c": 0.9, "s": 164326, "e": 164722, "w": "可以", "sp": "Agent"}, {"p": 284, "c": 0.9, "s": 164722, "e": 164920, "w": "的", "sp": "Agent"}, {"p": 285, "c": 0.9, "s": 167580, "e": 168018, "w": "外地", "sp": "Customer"}, {"p": 286, "c": 0.9, "s": 168018, "e": 168457, "w": "情况", "sp": "Customer"}, {"p": 287, "c": 0.9, "s": 168457, "e": 168677, "w": "那", "sp": "Customer"}, {"p": 288, "c": 0.9, "s": 168677, "e": 168896, "w": "我", "sp": "Customer"}, {"p": 289, "c": 0.9, "s": 168896, "e": 169116, "w": "不", "sp": "Customer"}, {"p": 290, "c": 0.9, "s": 169116, "e": 169555, "w": "清楚", "sp": "Customer"}, {"p": 291, "c": 0.9, "s": 169555, "e": 169773, "w": "啊", "sp": "Customer"}, {"p": 292, "c": 0.9, "s": 169774, "e": 169994, "w": "就", "sp": "Customer"}, {"p": 293, "c": 0.9, "s": 169994, "e": 170213, "w": "我", "sp": "Customer"}, {"p": 294, "c": 0.9, "s": 170213, "e": 170652, "w": "只是", "sp": "Customer"}, {"p": 295, "c": 0.9, "s": 170652, "e": 170872, "w": "帮", "sp": "Customer"}, {"p": 296, "c": 0.9, "s": 170872, "e": 171310, "w": "业主", "sp": "Customer"}, {"p": 297, "c": 0.9, "s": 171311, "e": 171530, "w": "在", "sp": "Customer"}, {"p": 298, "c": 0.9, "s": 171530, "e": 171750, "w": "调", "sp": "Customer"}, {"p": 299, "c": 0.9, "s": 174480, "e": 174657, "w": "您", "sp": "Agent"}, {"p": 300, "c": 0.9, "s": 174657, "e": 174834, "w": "是", "sp": "Agent"}, {"p": 301, "c": 0.9, "s": 174835, "e": 175012, "w": "要", "sp": "Agent"}, {"p": 302, "c": 0.9, "s": 175012, "e": 175366, "w": "自己", "sp": "Agent"}, {"p": 303, "c": 0.9, "s": 175367, "e": 175722, "w": "调试", "sp": "Agent"}, {"p": 304, "c": 0.9, "s": 175722, "e": 175900, "w": "吗", "sp": "Agent"}, {"p": 305, "c": 0.9, "s": 175900, "e": 176254, "w": "还是", "sp": "Agent"}, {"p": 306, "c": 0.9, "s": 176255, "e": 176610, "w": "需要", "sp": "Agent"}, {"p": 307, "c": 0.9, "s": 176610, "e": 176965, "w": "这边", "sp": "Agent"}, {"p": 308, "c": 0.9, "s": 176965, "e": 177142, "w": "帮", "sp": "Agent"}, {"p": 309, "c": 0.9, "s": 177142, "e": 177319, "w": "您", "sp": "Agent"}, {"p": 310, "c": 0.9, "s": 177320, "e": 177675, "w": "预约", "sp": "Agent"}, {"p": 311, "c": 0.9, "s": 177675, "e": 178207, "w": "工程师", "sp": "Agent"}, {"p": 312, "c": 0.9, "s": 178207, "e": 178562, "w": "上门", "sp": "Agent"}, {"p": 313, "c": 0.9, "s": 178562, "e": 178739, "w": "呢", "sp": "Agent"}, {"p": 314, "c": 0.9, "s": 179490, "e": 180316, "w": "自己", "sp": "Customer"}, {"p": 315, "c": 0.9, "s": 180316, "e": 180730, "w": "调", "sp": "Customer"}, {"p": 316, "c": 0.9, "s": 182910, "e": 183374, "w": "自己", "sp": "Agent"}, {"p": 317, "c": 0.9, "s": 183374, "e": 183607, "w": "调", "sp": "Agent"}, {"p": 318, "c": 0.9, "s": 183607, "e": 184071, "w": "的话", "sp": "Agent"}, {"p": 319, "c": 0.9, "s": 184071, "e": 184304, "w": "呃", "sp": "Agent"}, {"p": 320, "c": 0.9, "s": 184304, "e": 184536, "w": "您", "sp": "Agent"}, {"p": 321, "c": 0.9, "s": 184536, "e": 185000, "w": "是否", "sp": "Agent"}, {"p": 322, "c": 0.9, "s": 185001, "e": 185465, "w": "需要", "sp": "Agent"}, {"p": 323, "c": 0.9, "s": 185465, "e": 185930, "w": "考试", "sp": "Agent"}, {"p": 324, "c": 0.9, "s": 185930, "e": 186161, "w": "是", "sp": "Agent"}, {"p": 325, "c": 0.9, "s": 186162, "e": 186395, "w": "您", "sp": "Agent"}, {"p": 326, "c": 0.9, "s": 186395, "e": 186860, "w": "参考", "sp": "Agent"}, {"p": 327, "c": 0.9, "s": 188170, "e": 189115, "w": "有没有", "sp": "Customer"}, {"p": 328, "c": 0.9, "s": 189115, "e": 189430, "w": "啊", "sp": "Customer"}, {"p": 329, "c": 0.9, "s": 191610, "e": 191858, "w": "您", "sp": "Agent"}, {"p": 330, "c": 0.9, "s": 191858, "e": 192355, "w": "打开", "sp": "Agent"}, {"p": 331, "c": 0.9, "s": 192355, "e": 192851, "w": "手机", "sp": "Agent"}, {"p": 332, "c": 0.9, "s": 192852, "e": 193101, "w": "微", "sp": "Agent"}, {"p": 333, "c": 0.9, "s": 193101, "e": 193349, "w": "信", "sp": "Agent"}, {"p": 334, "c": 0.9, "s": 195420, "e": 196420, "w": "嗯", "sp": "Customer"}, {"p": 335, "c": 0.9, "s": 198150, "e": 198786, "w": "河口", "sp": "Agent"}, {"p": 336, "c": 0.9, "s": 198787, "e": 199425, "w": "大金", "sp": "Agent"}, {"p": 337, "c": 0.9, "s": 199425, "e": 200062, "w": "空调", "sp": "Agent"}, {"p": 338, "c": 0.9, "s": 200062, "e": 200700, "w": "出口", "sp": "Agent"}, {"p": 339, "c": 0.9, "s": 202080, "e": 202327, "w": "哦", "sp": "Customer"}, {"p": 340, "c": 0.9, "s": 202327, "e": 202575, "w": "我", "sp": "Customer"}, {"p": 341, "c": 0.9, "s": 202575, "e": 203069, "w": "已经", "sp": "Customer"}, {"p": 342, "c": 0.9, "s": 203070, "e": 203565, "w": "搜索", "sp": "Customer"}, {"p": 343, "c": 0.9, "s": 203565, "e": 203812, "w": "过", "sp": "Customer"}, {"p": 344, "c": 0.9, "s": 203812, "e": 204060, "w": "了", "sp": "Customer"}, {"p": 345, "c": 0.9, "s": 204060, "e": 204555, "w": "下面", "sp": "Customer"}, {"p": 346, "c": 0.9, "s": 204555, "e": 204801, "w": "的", "sp": "Customer"}, {"p": 347, "c": 0.9, "s": 204802, "e": 205050, "w": "呢", "sp": "Customer"}, {"p": 348, "c": 0.9, "s": 207080, "e": 207603, "w": "现在", "sp": "Agent"}, {"p": 349, "c": 0.9, "s": 207603, "e": 208125, "w": "点击", "sp": "Agent"}, {"p": 350, "c": 0.9, "s": 208126, "e": 208649, "w": "那个", "sp": "Agent"}, {"p": 351, "c": 0.9, "s": 208649, "e": 209433, "w": "右下角", "sp": "Agent"}, {"p": 352, "c": 0.9, "s": 209433, "e": 209956, "w": "我们", "sp": "Agent"}, {"p": 353, "c": 0.9, "s": 209956, "e": 210478, "w": "大厅", "sp": "Agent"}, {"p": 354, "c": 0.9, "s": 210479, "e": 211002, "w": "点击", "sp": "Agent"}, {"p": 355, "c": 0.9, "s": 211002, "e": 211525, "w": "大厅", "sp": "Agent"}, {"p": 356, "c": 0.9, "s": 211525, "e": 212310, "w": "俱乐部", "sp": "Agent"}, {"p": 357, "c": 0.9, "s": 215170, "e": 215436, "w": "等", "sp": "Customer"}, {"p": 358, "c": 0.9, "s": 215436, "e": 215970, "w": "一下", "sp": "Customer"}, {"p": 359, "c": 0.9, "s": 215970, "e": 216236, "w": "我", "sp": "Customer"}, {"p": 360, "c": 0.9, "s": 216236, "e": 216502, "w": "找", "sp": "Customer"}, {"p": 361, "c": 0.9, "s": 216503, "e": 217036, "w": "不到", "sp": "Customer"}, {"p": 362, "c": 0.9, "s": 217036, "e": 217303, "w": "啊", "sp": "Customer"}, {"p": 363, "c": 0.9, "s": 217303, "e": 217836, "w": "点点", "sp": "Customer"}, {"p": 364, "c": 0.9, "s": 217836, "e": 218370, "w": "什么", "sp": "Customer"}, {"p": 365, "c": 0.9, "s": 218370, "e": 218903, "w": "走进", "sp": "Customer"}, {"p": 366, "c": 0.9, "s": 218903, "e": 219436, "w": "大厅", "sp": "Customer"}, {"p": 367, "c": 0.9, "s": 219436, "e": 219703, "w": "是", "sp": "Customer"}, {"p": 368, "c": 0.9, "s": 219703, "e": 219970, "w": "吧", "sp": "Customer"}, {"p": 369, "c": 0.9, "s": 221360, "e": 221655, "w": "对", "sp": "Agent"}, {"p": 370, "c": 0.9, "s": 221655, "e": 222245, "w": "然后", "sp": "Agent"}, {"p": 371, "c": 0.9, "s": 222245, "e": 222834, "w": "大厅", "sp": "Agent"}, {"p": 372, "c": 0.9, "s": 222835, "e": 223720, "w": "俱乐部", "sp": "Agent"}, {"p": 373, "c": 0.9, "s": 224960, "e": 225632, "w": "大金", "sp": "Customer"}, {"p": 374, "c": 0.9, "s": 225632, "e": 226640, "w": "俱乐部", "sp": "Customer"}, {"p": 375, "c": 0.9, "s": 230260, "e": 230726, "w": "登录", "sp": "Agent"}, {"p": 376, "c": 0.9, "s": 230726, "e": 231193, "w": "登录", "sp": "Agent"}, {"p": 377, "c": 0.9, "s": 231193, "e": 231659, "w": "进去", "sp": "Agent"}, {"p": 378, "c": 0.9, "s": 233090, "e": 233370, "w": "啊", "sp": "Customer"}, {"p": 379, "c": 0.9, "s": 233370, "e": 233650, "w": "等", "sp": "Customer"}, {"p": 380, "c": 0.9, "s": 233650, "e": 234209, "w": "一下", "sp": "Customer"}, {"p": 381, "c": 0.9, "s": 234210, "e": 234490, "w": "啊", "sp": "Customer"}, {"p": 382, "c": 0.9, "s": 234770, "e": 235355, "w": "正在", "sp": "Customer"}, {"p": 383, "c": 0.9, "s": 235355, "e": 235940, "w": "登录", "sp": "Customer"}, {"p": 384, "c": 0.9, "s": 236230, "e": 236553, "w": "嗯", "sp": "Agent"}, {"p": 385, "c": 0.9, "s": 236553, "e": 236875, "w": "好", "sp": "Agent"}, {"p": 386, "c": 0.9, "s": 236876, "e": 237200, "w": "的", "sp": "Agent"}, {"p": 387, "c": 0.9, "s": 245790, "e": 246060, "w": "嗯", "sp": "Customer"}, {"p": 388, "c": 0.9, "s": 246060, "e": 246330, "w": "这", "sp": "Customer"}, {"p": 389, "c": 0.9, "s": 246330, "e": 246870, "w": "还要", "sp": "Customer"}, {"p": 390, "c": 0.9, "s": 246870, "e": 247409, "w": "注册", "sp": "Customer"}, {"p": 391, "c": 0.9, "s": 247410, "e": 247680, "w": "吗", "sp": "Customer"}, {"p": 392, "c": 0.9, "s": 249910, "e": 250105, "w": "呃", "sp": "Agent"}, {"p": 393, "c": 0.9, "s": 250105, "e": 250497, "w": "如果", "sp": "Agent"}, {"p": 394, "c": 0.9, "s": 250497, "e": 250693, "w": "您", "sp": "Agent"}, {"p": 395, "c": 0.9, "s": 250693, "e": 251084, "w": "没有", "sp": "Agent"}, {"p": 396, "c": 0.9, "s": 251085, "e": 251477, "w": "注册", "sp": "Agent"}, {"p": 397, "c": 0.9, "s": 251477, "e": 251673, "w": "过", "sp": "Agent"}, {"p": 398, "c": 0.9, "s": 251673, "e": 252065, "w": "的话", "sp": "Agent"}, {"p": 399, "c": 0.9, "s": 252065, "e": 252456, "w": "可能", "sp": "Agent"}, {"p": 400, "c": 0.9, "s": 252456, "e": 252847, "w": "需要", "sp": "Agent"}, {"p": 401, "c": 0.9, "s": 252848, "e": 253044, "w": "您", "sp": "Agent"}, {"p": 402, "c": 0.9, "s": 253044, "e": 253436, "w": "手动", "sp": "Agent"}, {"p": 403, "c": 0.9, "s": 253436, "e": 253828, "w": "注册", "sp": "Agent"}, {"p": 404, "c": 0.9, "s": 253828, "e": 254220, "w": "一下", "sp": "Agent"}, {"p": 405, "c": 0.9, "s": 255320, "e": 255563, "w": "就", "sp": "Customer"}, {"p": 406, "c": 0.9, "s": 255563, "e": 255807, "w": "我", "sp": "Customer"}, {"p": 407, "c": 0.9, "s": 255807, "e": 256051, "w": "我", "sp": "Customer"}, {"p": 408, "c": 0.9, "s": 256051, "e": 256539, "w": "不是", "sp": "Customer"}, {"p": 409, "c": 0.9, "s": 256539, "e": 257026, "w": "业主", "sp": "Customer"}, {"p": 410, "c": 0.9, "s": 257026, "e": 257269, "w": "啊", "sp": "Customer"}, {"p": 411, "c": 0.9, "s": 257269, "e": 257513, "w": "我", "sp": "Customer"}, {"p": 412, "c": 0.9, "s": 257514, "e": 258002, "w": "怎么", "sp": "Customer"}, {"p": 413, "c": 0.9, "s": 258002, "e": 258490, "w": "注册", "sp": "Customer"}, {"p": 414, "c": 0.9, "s": 259850, "e": 260015, "w": "啊", "sp": "Agent"}, {"p": 415, "c": 0.9, "s": 260015, "e": 260181, "w": "您", "sp": "Agent"}, {"p": 416, "c": 0.9, "s": 260181, "e": 260512, "w": "这个", "sp": "Agent"}, {"p": 417, "c": 0.9, "s": 260512, "e": 261008, "w": "是不是", "sp": "Agent"}, {"p": 418, "c": 0.9, "s": 261008, "e": 261340, "w": "使用", "sp": "Agent"}, {"p": 419, "c": 0.9, "s": 261340, "e": 261505, "w": "您", "sp": "Agent"}, {"p": 420, "c": 0.9, "s": 261505, "e": 261670, "w": "的", "sp": "Agent"}, {"p": 421, "c": 0.9, "s": 261670, "e": 262167, "w": "手机号", "sp": "Agent"}, {"p": 422, "c": 0.9, "s": 262167, "e": 262498, "w": "注册", "sp": "Agent"}, {"p": 423, "c": 0.9, "s": 262498, "e": 262663, "w": "的", "sp": "Agent"}, {"p": 424, "c": 0.9, "s": 262664, "e": 262995, "w": "是否", "sp": "Agent"}, {"p": 425, "c": 0.9, "s": 262995, "e": 263492, "w": "就是说", "sp": "Agent"}, {"p": 426, "c": 0.9, "s": 263492, "e": 263823, "w": "无论", "sp": "Agent"}, {"p": 427, "c": 0.9, "s": 263823, "e": 263988, "w": "您", "sp": "Agent"}, {"p": 428, "c": 0.9, "s": 263988, "e": 264485, "w": "是否是", "sp": "Agent"}, {"p": 429, "c": 0.9, "s": 264485, "e": 264815, "w": "业主", "sp": "Agent"}, {"p": 430, "c": 0.9, "s": 264816, "e": 264982, "w": "都", "sp": "Agent"}, {"p": 431, "c": 0.9, "s": 264982, "e": 265147, "w": "被", "sp": "Agent"}, {"p": 432, "c": 0.9, "s": 265147, "e": 265478, "w": "注册", "sp": "Agent"}, {"p": 433, "c": 0.9, "s": 265478, "e": 265810, "w": "大金", "sp": "Agent"}, {"p": 434, "c": 0.9, "s": 276050, "e": 276271, "w": "等", "sp": "Customer"}, {"p": 435, "c": 0.9, "s": 276272, "e": 276716, "w": "一下", "sp": "Customer"}, {"p": 436, "c": 0.9, "s": 276716, "e": 276938, "w": "我", "sp": "Customer"}, {"p": 437, "c": 0.9, "s": 276938, "e": 277160, "w": "在", "sp": "Customer"}, {"p": 438, "c": 0.9, "s": 277161, "e": 277383, "w": "这", "sp": "Customer"}, {"p": 439, "c": 0.9, "s": 277383, "e": 277604, "w": "等", "sp": "Customer"}, {"p": 440, "c": 0.9, "s": 277605, "e": 278050, "w": "一下", "sp": "Customer"}, {"p": 441, "c": 0.9, "s": 279740, "e": 280289, "w": "好", "sp": "Agent"}, {"p": 442, "c": 0.9, "s": 279800, "e": 280180, "w": "你", "sp": "Customer"}, {"p": 443, "c": 0.9, "s": 280180, "e": 280560, "w": "妈", "sp": "Customer"}, {"p": 444, "c": 0.9, "s": 280290, "e": 280840, "w": "的", "sp": "Agent"}, {"p": 445, "c": 0.9, "s": 280560, "e": 280940, "w": "的", "sp": "Customer"}, {"p": 446, "c": 0.9, "s": 285750, "e": 286300, "w": "密码", "sp": "Customer"}, {"p": 447, "c": 0.9, "s": 286300, "e": 286849, "w": "怎么", "sp": "Customer"}, {"p": 448, "c": 0.9, "s": 286850, "e": 287125, "w": "写", "sp": "Customer"}, {"p": 449, "c": 0.9, "s": 287125, "e": 287400, "w": "啊", "sp": "Customer"}, {"p": 450, "c": 0.9, "s": 289820, "e": 290232, "w": "密码", "sp": "Agent"}, {"p": 451, "c": 0.9, "s": 290232, "e": 290643, "w": "的话", "sp": "Agent"}, {"p": 452, "c": 0.9, "s": 290644, "e": 290850, "w": "看", "sp": "Agent"}, {"p": 453, "c": 0.9, "s": 290850, "e": 291056, "w": "您", "sp": "Agent"}, {"p": 454, "c": 0.9, "s": 291056, "e": 291468, "w": "自己", "sp": "Agent"}, {"p": 455, "c": 0.9, "s": 291468, "e": 291879, "w": "设置", "sp": "Agent"}, {"p": 456, "c": 0.9, "s": 292460, "e": 293430, "w": "嗯", "sp": "Customer"}, {"p": 457, "c": 0.9, "s": 308760, "e": 309003, "w": "这", "sp": "Customer"}, {"p": 458, "c": 0.9, "s": 309003, "e": 309488, "w": "还要", "sp": "Customer"}, {"p": 459, "c": 0.9, "s": 309489, "e": 309975, "w": "详细", "sp": "Customer"}, {"p": 460, "c": 0.9, "s": 309975, "e": 310461, "w": "姓名", "sp": "Customer"}, {"p": 461, "c": 0.9, "s": 310461, "e": 310947, "w": "这个", "sp": "Customer"}, {"p": 462, "c": 0.9, "s": 310947, "e": 311190, "w": "也", "sp": "Customer"}, {"p": 463, "c": 0.9, "s": 311190, "e": 311433, "w": "要", "sp": "Customer"}, {"p": 464, "c": 0.9, "s": 311433, "e": 311676, "w": "填", "sp": "Customer"}, {"p": 465, "c": 0.9, "s": 311676, "e": 311919, "w": "吗", "sp": "Customer"}, {"p": 466, "c": 0.9, "s": 314120, "e": 314475, "w": "大家", "sp": "Agent"}, {"p": 467, "c": 0.9, "s": 314476, "e": 314655, "w": "填", "sp": "Agent"}, {"p": 468, "c": 0.9, "s": 314655, "e": 315011, "w": "一下", "sp": "Agent"}, {"p": 469, "c": 0.9, "s": 315011, "e": 315189, "w": "就", "sp": "Agent"}, {"p": 470, "c": 0.9, "s": 315190, "e": 315546, "w": "可以", "sp": "Agent"}, {"p": 471, "c": 0.9, "s": 315546, "e": 315903, "w": "甚至", "sp": "Agent"}, {"p": 472, "c": 0.9, "s": 315903, "e": 316260, "w": "只是", "sp": "Agent"}, {"p": 473, "c": 0.9, "s": 316260, "e": 316616, "w": "一个", "sp": "Agent"}, {"p": 474, "c": 0.9, "s": 316616, "e": 316794, "w": "姓", "sp": "Agent"}, {"p": 475, "c": 0.9, "s": 316795, "e": 316973, "w": "也", "sp": "Agent"}, {"p": 476, "c": 0.9, "s": 316973, "e": 317330, "w": "可以", "sp": "Agent"}, {"p": 477, "c": 0.9, "s": 319690, "e": 320003, "w": "嗯", "sp": "Customer"}, {"p": 478, "c": 0.9, "s": 320003, "e": 320315, "w": "有", "sp": "Customer"}, {"p": 479, "c": 0.9, "s": 320316, "e": 320943, "w": "点卡", "sp": "Customer"}, {"p": 480, "c": 0.9, "s": 320943, "e": 321255, "w": "你", "sp": "Customer"}, {"p": 481, "c": 0.9, "s": 321256, "e": 321883, "w": "再说", "sp": "Customer"}, {"p": 482, "c": 0.9, "s": 321883, "e": 322510, "w": "一下", "sp": "Customer"}, {"p": 483, "c": 0.9, "s": 325220, "e": 325426, "w": "您", "sp": "Agent"}, {"p": 484, "c": 0.9, "s": 325426, "e": 325839, "w": "大致", "sp": "Agent"}, {"p": 485, "c": 0.9, "s": 325839, "e": 326044, "w": "填", "sp": "Agent"}, {"p": 486, "c": 0.9, "s": 326045, "e": 326458, "w": "一下", "sp": "Agent"}, {"p": 487, "c": 0.9, "s": 326458, "e": 326665, "w": "就", "sp": "Agent"}, {"p": 488, "c": 0.9, "s": 326665, "e": 327078, "w": "可以", "sp": "Agent"}, {"p": 489, "c": 0.9, "s": 327078, "e": 327491, "w": "哪怕", "sp": "Agent"}, {"p": 490, "c": 0.9, "s": 327491, "e": 327697, "w": "您", "sp": "Agent"}, {"p": 491, "c": 0.9, "s": 327697, "e": 327904, "w": "只", "sp": "Agent"}, {"p": 492, "c": 0.9, "s": 327904, "e": 328110, "w": "填", "sp": "Agent"}, {"p": 493, "c": 0.9, "s": 328110, "e": 328317, "w": "您", "sp": "Agent"}, {"p": 494, "c": 0.9, "s": 328317, "e": 328522, "w": "的", "sp": "Agent"}, {"p": 495, "c": 0.9, "s": 328523, "e": 328730, "w": "姓", "sp": "Agent"}, {"p": 496, "c": 0.9, "s": 329780, "e": 330122, "w": "那", "sp": "Customer"}, {"p": 497, "c": 0.9, "s": 330122, "e": 330806, "w": "住址", "sp": "Customer"}, {"p": 498, "c": 0.9, "s": 330806, "e": 331148, "w": "也", "sp": "Customer"}, {"p": 499, "c": 0.9, "s": 331148, "e": 331490, "w": "要", "sp": "Customer"}, {"p": 500, "c": 0.9, "s": 331490, "e": 331832, "w": "写", "sp": "Customer"}, {"p": 501, "c": 0.9, "s": 331832, "e": 332174, "w": "吗", "sp": "Customer"}, {"p": 502, "c": 0.9, "s": 332174, "e": 332516, "w": "我", "sp": "Customer"}, {"p": 503, "c": 0.9, "s": 332516, "e": 332858, "w": "的", "sp": "Customer"}, {"p": 504, "c": 0.9, "s": 332858, "e": 333200, "w": "天", "sp": "Customer"}, {"p": 505, "c": 0.9, "s": 334670, "e": 334856, "w": "我", "sp": "Agent"}, {"p": 506, "c": 0.9, "s": 334856, "e": 335229, "w": "住址", "sp": "Agent"}, {"p": 507, "c": 0.9, "s": 335230, "e": 335603, "w": "的话", "sp": "Agent"}, {"p": 508, "c": 0.9, "s": 335603, "e": 335790, "w": "您", "sp": "Agent"}, {"p": 509, "c": 0.9, "s": 335790, "e": 336163, "w": "可以", "sp": "Agent"}, {"p": 510, "c": 0.9, "s": 336163, "e": 336350, "w": "就", "sp": "Agent"}, {"p": 511, "c": 0.9, "s": 336350, "e": 336536, "w": "说", "sp": "Agent"}, {"p": 512, "c": 0.9, "s": 336536, "e": 336910, "w": "不用", "sp": "Agent"}, {"p": 513, "c": 0.9, "s": 336910, "e": 337096, "w": "太", "sp": "Agent"}, {"p": 514, "c": 0.9, "s": 337096, "e": 337470, "w": "精确", "sp": "Agent"}, {"p": 515, "c": 0.9, "s": 337470, "e": 337843, "w": "哪怕", "sp": "Agent"}, {"p": 516, "c": 0.9, "s": 337843, "e": 338030, "w": "到", "sp": "Agent"}, {"p": 517, "c": 0.9, "s": 338030, "e": 338403, "w": "街道", "sp": "Agent"}, {"p": 518, "c": 0.9, "s": 338403, "e": 338776, "w": "或者", "sp": "Agent"}, {"p": 519, "c": 0.9, "s": 338776, "e": 339150, "w": "市区", "sp": "Agent"}, {"p": 520, "c": 0.9, "s": 339150, "e": 339336, "w": "都", "sp": "Agent"}, {"p": 521, "c": 0.9, "s": 339336, "e": 339710, "w": "可以", "sp": "Agent"}, {"p": 522, "c": 0.9, "s": 340770, "e": 341220, "w": "嗯", "sp": "Customer"}, {"p": 523, "c": 0.9, "s": 341220, "e": 342120, "w": "好好", "sp": "Customer"}, {"p": 524, "c": 0.9, "s": 373410, "e": 373702, "w": "啊", "sp": "Customer"}, {"p": 525, "c": 0.9, "s": 373702, "e": 374288, "w": "已经", "sp": "Customer"}, {"p": 526, "c": 0.9, "s": 374288, "e": 374580, "w": "登", "sp": "Customer"}, {"p": 527, "c": 0.9, "s": 374580, "e": 375166, "w": "进来", "sp": "Customer"}, {"p": 528, "c": 0.9, "s": 375166, "e": 375457, "w": "了", "sp": "Customer"}, {"p": 529, "c": 0.9, "s": 375458, "e": 375751, "w": "这", "sp": "Customer"}, {"p": 530, "c": 0.9, "s": 375751, "e": 376336, "w": "上面", "sp": "Customer"}, {"p": 531, "c": 0.9, "s": 376336, "e": 376922, "w": "怎么", "sp": "Customer"}, {"p": 532, "c": 0.9, "s": 376922, "e": 377507, "w": "怎么", "sp": "Customer"}, {"p": 533, "c": 0.9, "s": 377507, "e": 377800, "w": "搞", "sp": "Customer"}, {"p": 534, "c": 0.9, "s": 379710, "e": 379901, "w": "请", "sp": "Agent"}, {"p": 535, "c": 0.9, "s": 379901, "e": 380285, "w": "点击", "sp": "Agent"}, {"p": 536, "c": 0.9, "s": 380285, "e": 380668, "w": "右翼", "sp": "Agent"}, {"p": 537, "c": 0.9, "s": 380668, "e": 381051, "w": "之间", "sp": "Agent"}, {"p": 538, "c": 0.9, "s": 381051, "e": 381242, "w": "的", "sp": "Agent"}, {"p": 539, "c": 0.9, "s": 381243, "e": 381626, "w": "使用", "sp": "Agent"}, {"p": 540, "c": 0.9, "s": 381626, "e": 382010, "w": "手册", "sp": "Agent"}, {"p": 541, "c": 0.9, "s": 382830, "e": 384000, "w": "左边", "sp": "Agent"}, {"p": 542, "c": 0.9, "s": 383420, "e": 384211, "w": "使用", "sp": "Customer"}, {"p": 543, "c": 0.9, "s": 384211, "e": 385001, "w": "什么", "sp": "Customer"}, {"p": 544, "c": 0.9, "s": 384650, "e": 384860, "w": "你", "sp": "Agent"}, {"p": 545, "c": 0.9, "s": 384860, "e": 385280, "w": "看到", "sp": "Agent"}, {"p": 546, "c": 0.9, "s": 385002, "e": 385397, "w": "P", "sp": "Customer"}, {"p": 547, "c": 0.9, "s": 385280, "e": 385490, "w": "了", "sp": "Agent"}, {"p": 548, "c": 0.9, "s": 385397, "e": 385793, "w": "Y", "sp": "Customer"}, {"p": 549, "c": 0.9, "s": 385490, "e": 385699, "w": "吗", "sp": "Agent"}, {"p": 550, "c": 0.9, "s": 385793, "e": 386188, "w": "P", "sp": "Customer"}, {"p": 551, "c": 0.9, "s": 386188, "e": 386584, "w": "S", "sp": "Customer"}, {"p": 552, "c": 0.9, "s": 386584, "e": 386980, "w": "是", "sp": "Customer"}, {"p": 553, "c": 0.9, "s": 386710, "e": 387475, "w": "使用", "sp": "Agent"}, {"p": 554, "c": 0.9, "s": 387475, "e": 388240, "w": "手册", "sp": "Agent"}, {"p": 555, "c": 0.9, "s": 388630, "e": 389530, "w": "使用", "sp": "Agent"}, {"p": 556, "c": 0.9, "s": 389530, "e": 390430, "w": "手册", "sp": "Agent"}, {"p": 557, "c": 0.9, "s": 392550, "e": 393509, "w": "哦", "sp": "Customer"}, {"p": 558, "c": 0.9, "s": 394930, "e": 395175, "w": "金", "sp": "Customer"}, {"p": 559, "c": 0.9, "s": 395175, "e": 395419, "w": "智", "sp": "Customer"}, {"p": 560, "c": 0.9, "s": 395420, "e": 395910, "w": "空气", "sp": "Customer"}, {"p": 561, "c": 0.9, "s": 395910, "e": 396155, "w": "A", "sp": "Customer"}, {"p": 562, "c": 0.9, "s": 396155, "e": 396400, "w": "P", "sp": "Customer"}, {"p": 563, "c": 0.9, "s": 396400, "e": 396645, "w": "P", "sp": "Customer"}, {"p": 564, "c": 0.9, "s": 396645, "e": 396889, "w": "啊", "sp": "Customer"}, {"p": 565, "c": 0.9, "s": 399570, "e": 400092, "w": "点击", "sp": "Agent"}, {"p": 566, "c": 0.9, "s": 400092, "e": 400353, "w": "完", "sp": "Agent"}, {"p": 567, "c": 0.9, "s": 400353, "e": 400876, "w": "之后", "sp": "Agent"}, {"p": 568, "c": 0.9, "s": 400876, "e": 401398, "w": "使用", "sp": "Agent"}, {"p": 569, "c": 0.9, "s": 401398, "e": 401921, "w": "手册", "sp": "Agent"}, {"p": 570, "c": 0.9, "s": 401921, "e": 402443, "w": "以后", "sp": "Agent"}, {"p": 571, "c": 0.9, "s": 402443, "e": 402705, "w": "您", "sp": "Agent"}, {"p": 572, "c": 0.9, "s": 402705, "e": 403227, "w": "点击", "sp": "Agent"}, {"p": 573, "c": 0.9, "s": 403227, "e": 403750, "w": "那个", "sp": "Agent"}, {"p": 574, "c": 0.9, "s": 404620, "e": 405103, "w": "空调", "sp": "Agent"}, {"p": 575, "c": 0.9, "s": 405103, "e": 405586, "w": "安装", "sp": "Agent"}, {"p": 576, "c": 0.9, "s": 405586, "e": 406070, "w": "须知", "sp": "Agent"}, {"p": 577, "c": 0.9, "s": 407600, "e": 408320, "w": "空调", "sp": "Customer"}, {"p": 578, "c": 0.9, "s": 408320, "e": 409040, "w": "安装", "sp": "Customer"}, {"p": 579, "c": 0.9, "s": 409040, "e": 409760, "w": "须知", "sp": "Customer"}, {"p": 580, "c": 0.9, "s": 409760, "e": 410120, "w": "的", "sp": "Customer"}, {"p": 581, "c": 0.9, "s": 413550, "e": 413940, "w": "桥", "sp": "Agent"}, {"p": 582, "c": 0.9, "s": 413940, "e": 414720, "w": "安装", "sp": "Agent"}, {"p": 583, "c": 0.9, "s": 414720, "e": 415500, "w": "师资", "sp": "Agent"}, {"p": 584, "c": 0.9, "s": 417780, "e": 418040, "w": "哦", "sp": "Customer"}, {"p": 585, "c": 0.9, "s": 418040, "e": 418300, "w": "点", "sp": "Customer"}, {"p": 586, "c": 0.9, "s": 418300, "e": 418819, "w": "进来", "sp": "Customer"}, {"p": 587, "c": 0.9, "s": 418820, "e": 419340, "w": "以后", "sp": "Customer"}, {"p": 588, "c": 0.9, "s": 419340, "e": 419600, "w": "呢", "sp": "Customer"}, {"p": 589, "c": 0.9, "s": 422640, "e": 423204, "w": "广州", "sp": "Agent"}, {"p": 590, "c": 0.9, "s": 423204, "e": 423486, "w": "的", "sp": "Agent"}, {"p": 591, "c": 0.9, "s": 423486, "e": 424050, "w": "城市", "sp": "Agent"}, {"p": 592, "c": 0.9, "s": 425360, "e": 426185, "w": "网络", "sp": "Customer"}, {"p": 593, "c": 0.9, "s": 426185, "e": 427010, "w": "调试", "sp": "Customer"}, {"p": 594, "c": 0.9, "s": 430090, "e": 430480, "w": "网络", "sp": "Agent"}, {"p": 595, "c": 0.9, "s": 430480, "e": 430871, "w": "调试", "sp": "Agent"}, {"p": 596, "c": 0.9, "s": 430871, "e": 431067, "w": "您", "sp": "Agent"}, {"p": 597, "c": 0.9, "s": 431067, "e": 431262, "w": "点", "sp": "Agent"}, {"p": 598, "c": 0.9, "s": 431262, "e": 431653, "w": "进去", "sp": "Agent"}, {"p": 599, "c": 0.9, "s": 431653, "e": 432044, "w": "以后", "sp": "Agent"}, {"p": 600, "c": 0.9, "s": 432044, "e": 432240, "w": "拉", "sp": "Agent"}, {"p": 601, "c": 0.9, "s": 432240, "e": 432435, "w": "到", "sp": "Agent"}, {"p": 602, "c": 0.9, "s": 432435, "e": 432630, "w": "最", "sp": "Agent"}, {"p": 603, "c": 0.9, "s": 432630, "e": 433021, "w": "下方", "sp": "Agent"}, {"p": 604, "c": 0.9, "s": 433021, "e": 433217, "w": "里", "sp": "Agent"}, {"p": 605, "c": 0.9, "s": 433217, "e": 433412, "w": "有", "sp": "Agent"}, {"p": 606, "c": 0.9, "s": 433412, "e": 433802, "w": "一个", "sp": "Agent"}, {"p": 607, "c": 0.9, "s": 433803, "e": 434390, "w": "二维码", "sp": "Agent"}, {"p": 608, "c": 0.9, "s": 434390, "e": 434585, "w": "打", "sp": "Agent"}, {"p": 609, "c": 0.9, "s": 434585, "e": 434780, "w": "扫", "sp": "Agent"}, {"p": 610, "c": 0.9, "s": 434780, "e": 434976, "w": "码", "sp": "Agent"}, {"p": 611, "c": 0.9, "s": 434976, "e": 435367, "w": "可以", "sp": "Agent"}, {"p": 612, "c": 0.9, "s": 435367, "e": 435758, "w": "查看", "sp": "Agent"}, {"p": 613, "c": 0.9, "s": 435758, "e": 436149, "w": "调试", "sp": "Agent"}, {"p": 614, "c": 0.9, "s": 436149, "e": 436539, "w": "视频", "sp": "Agent"}, {"p": 615, "c": 0.9, "s": 437950, "e": 438167, "w": "哦", "sp": "Customer"}, {"p": 616, "c": 0.9, "s": 438167, "e": 438384, "w": "好", "sp": "Customer"}, {"p": 617, "c": 0.9, "s": 438384, "e": 438601, "w": "的", "sp": "Customer"}, {"p": 618, "c": 0.9, "s": 438601, "e": 438819, "w": "我", "sp": "Customer"}, {"p": 619, "c": 0.9, "s": 438819, "e": 439036, "w": "等", "sp": "Customer"}, {"p": 620, "c": 0.9, "s": 439036, "e": 439470, "w": "一下", "sp": "Customer"}, {"p": 621, "c": 0.9, "s": 439470, "e": 439688, "w": "看", "sp": "Customer"}, {"p": 622, "c": 0.9, "s": 439688, "e": 440121, "w": "一下", "sp": "Customer"}, {"p": 623, "c": 0.9, "s": 440122, "e": 440340, "w": "嗯", "sp": "Customer"}, {"p": 624, "c": 0.9, "s": 441520, "e": 441714, "w": "好", "sp": "Agent"}, {"p": 625, "c": 0.9, "s": 441714, "e": 441909, "w": "的", "sp": "Agent"}, {"p": 626, "c": 0.9, "s": 441909, "e": 442104, "w": "嗯", "sp": "Agent"}, {"p": 627, "c": 0.9, "s": 442104, "e": 442298, "w": "那", "sp": "Agent"}, {"p": 628, "c": 0.9, "s": 442298, "e": 442493, "w": "有", "sp": "Agent"}, {"p": 629, "c": 0.9, "s": 442493, "e": 442882, "w": "什么", "sp": "Agent"}, {"p": 630, "c": 0.9, "s": 442882, "e": 443272, "w": "需要", "sp": "Agent"}, {"p": 631, "c": 0.9, "s": 443272, "e": 443466, "w": "您", "sp": "Agent"}, {"p": 632, "c": 0.9, "s": 443466, "e": 443661, "w": "再", "sp": "Agent"}, {"p": 633, "c": 0.9, "s": 443661, "e": 444050, "w": "联系", "sp": "Agent"}, {"p": 634, "c": 0.9, "s": 444050, "e": 444440, "w": "我们", "sp": "Agent"}, {"p": 635, "c": 0.9, "s": 445200, "e": 445516, "w": "好", "sp": "Customer"}, {"p": 636, "c": 0.9, "s": 445516, "e": 445832, "w": "的", "sp": "Customer"}, {"p": 637, "c": 0.9, "s": 445832, "e": 446148, "w": "好", "sp": "Customer"}, {"p": 638, "c": 0.9, "s": 446148, "e": 446464, "w": "的", "sp": "Customer"}, {"p": 639, "c": 0.9, "s": 446464, "e": 446780, "w": "嗯", "sp": "Customer"}, {"p": 640, "c": 0.9, "s": 447980, "e": 448238, "w": "好", "sp": "Agent"}, {"p": 641, "c": 0.9, "s": 448238, "e": 448496, "w": "的", "sp": "Agent"}, {"p": 642, "c": 0.9, "s": 448496, "e": 448754, "w": "嗯", "sp": "Agent"}, {"p": 643, "c": 0.9, "s": 448754, "e": 449270, "w": "祝您", "sp": "Agent"}, {"p": 644, "c": 0.9, "s": 449270, "e": 449787, "w": "生活", "sp": "Agent"}, {"p": 645, "c": 0.9, "s": 449787, "e": 450302, "w": "愉快", "sp": "Agent"}, {"p": 646, "c": 0.9, "s": 450303, "e": 450820, "w": "再见", "sp": "Agent"}, {"p": 647, "c": 0.9, "s": 451320, "e": 451658, "w": "嗯", "sp": "Customer"}, {"p": 648, "c": 0.9, "s": 451658, "e": 451996, "w": "好", "sp": "Customer"}, {"p": 649, "c": 0.9, "s": 451996, "e": 452334, "w": "的", "sp": "Customer"}, {"p": 650, "c": 0.9, "s": 452334, "e": 452672, "w": "好", "sp": "Customer"}, {"p": 651, "c": 0.9, "s": 452672, "e": 453010, "w": "的", "sp": "Customer"}, {"p": 652, "c": 0.9, "s": 457460, "e": 458229, "w": "失恋", "sp": "Customer"}, {"p": 653, "c": 0.9, "s": 458000, "e": 458268, "w": "请", "sp": "Agent"}, {"p": 654, "c": 0.9, "s": 458230, "e": 458615, "w": "我", "sp": "Customer"}, {"p": 655, "c": 0.9, "s": 458268, "e": 458537, "w": "您", "sp": "Agent"}, {"p": 656, "c": 0.9, "s": 458537, "e": 458805, "w": "为", "sp": "Agent"}, {"p": 657, "c": 0.9, "s": 458615, "e": 459000, "w": "操", "sp": "Customer"}, {"p": 658, "c": 0.9, "s": 458805, "e": 459341, "w": "本次", "sp": "Agent"}, {"p": 659, "c": 0.9, "s": 459342, "e": 459880, "w": "服务", "sp": "Agent"}, {"p": 660, "c": 0.9, "s": 459880, "e": 460417, "w": "进行", "sp": "Agent"}, {"p": 661, "c": 0.9, "s": 460417, "e": 461222, "w": "满意度", "sp": "Agent"}, {"p": 662, "c": 0.9, "s": 461222, "e": 461759, "w": "调查", "sp": "Agent"}, {"p": 663, "c": 0.9, "s": 461760, "e": 462028, "w": "按", "sp": "Agent"}, {"p": 664, "c": 0.9, "s": 462028, "e": 462297, "w": "一", "sp": "Agent"}, {"p": 665, "c": 0.9, "s": 462297, "e": 462834, "w": "非常", "sp": "Agent"}, {"p": 666, "c": 0.9, "s": 462834, "e": 463371, "w": "满意", "sp": "Agent"}, {"p": 667, "c": 0.9, "s": 463371, "e": 463640, "w": "按", "sp": "Agent"}, {"p": 668, "c": 0.9, "s": 463640, "e": 463908, "w": "二", "sp": "Agent"}, {"p": 669, "c": 0.9, "s": 463908, "e": 464444, "w": "满意", "sp": "Agent"}, {"p": 670, "c": 0.9, "s": 464445, "e": 464714, "w": "按", "sp": "Agent"}, {"p": 671, "c": 0.9, "s": 464714, "e": 464982, "w": "三", "sp": "Agent"}, {"p": 672, "c": 0.9, "s": 464982, "e": 465251, "w": "不", "sp": "Agent"}, {"p": 673, "c": 0.9, "s": 465251, "e": 465788, "w": "满意", "sp": "Agent"}, {"p": 674, "c": 0.9, "s": 465788, "e": 466594, "w": "谢谢您", "sp": "Agent"}, {"p": 675, "c": 0.9, "s": 466594, "e": 466862, "w": "的", "sp": "Agent"}, {"p": 676, "c": 0.9, "s": 466862, "e": 467400, "w": "参与", "sp": "Agent"}]}, "plainText": "六零 二二 号 为您服务 下午 好 在线 售后 很 高兴 为您服务 请问 有 什么 可以 帮 您\n喂 你好 你 你们 那个 大金 的 智能 网关 你们 这边 会 调 吗\n嗯 智能 网关 是不是 一个 黑色 的 四方 四 针 的 小 盒子 呀\n对 对 对 对\n啊 好 的 那 这边 先生 您 报 一下 您 的 来电 号码 然后 我 来 给 您 转 接到 技 那个 技术 家中 的 专线 帮 您 处理\n呃 呃 要 看 幺 五九\n嗯 幺 五九\n零零 二六\n零零 二六\n七九 幺 幺\n七九 幺 幺 好 的 您 这边 是 自己 家 使用 的 这个 智能 网关\n怎么\n是 吗\n了 你\n啊\n说\n是不是\n什么\n自己 啊 我 的 意思 是 说 是 这边 是 您 自己 家 使用 的 职能 网关 还是 帮 别 人代 报 的 呀\n啊 帮 别 人代 报 的\n啊 好 的 您\n啊\n是 经销商\n就 一\n吗 抱歉\n对 对 对 对\n嗯 好 的 好 的 那 您 不要 挂机 我 来 帮 您 转接 到 进度 加 中 请 稍 等\n嗯 嗯 好 的 好 的\n嗯 嗯\n你 娘 什么 东西\n您好 欢迎 致电 乐 金 请问 有 什么 可以 帮 您\n你 那边 怎么 这么 卡 的\n呃 这样 能 听到 吗 先生\n啊 有点 卡 声音 有点 卡 顿\n那 我 尽量 到 那里 去\n啊\n那 您 的 诉求 是 什么 呢 诉求\n我 想 那个 大金 的 智能 网关 啊\n好 的 您 提供 一下 您 当时 预留 的 手机号码\n呃 不是 我 帮 别人 代缴\n那 您 提供 一下 您 绑定 的 这个 就是 预留 手机号码 或者 会员 或者 外地 型号 也 可以 的\n外地 情况 那 我 不 清楚 啊 就 我 只是 帮 业主 在 调\n您 是 要 自己 调试 吗 还是 需要 这边 帮 您 预约 工程师 上门 呢\n自己 调\n自己 调 的话 呃 您 是否 需要 考试 是 您 参考\n有没有 啊\n您 打开 手机 微 信\n嗯\n河口 大金 空调 出口\n哦 我 已经 搜索 过 了 下面 的 呢\n现在 点击 那个 右下角 我们 大厅 点击 大厅 俱乐部\n等 一下 我 找 不到 啊 点点 什么 走进 大厅 是 吧\n对 然后 大厅 俱乐部\n大金 俱乐部\n登录 登录 进去\n啊 等 一下 啊 正在 登录\n嗯 好 的\n嗯 这 还要 注册 吗\n呃 如果 您 没有 注册 过 的话 可能 需要 您 手动 注册 一下\n就 我 我 不是 业主 啊 我 怎么 注册\n啊 您 这个 是不是 使用 您 的 手机号 注册 的 是否 就是说 无论 您 是否是 业主 都 被 注册 大金\n等 一下 我 在 这 等 一下\n好\n你 妈\n的\n的 密码 怎么 写 啊\n密码 的话 看 您 自己 设置\n嗯 这 还要 详细 姓名 这个 也 要 填 吗\n大家 填 一下 就 可以 甚至 只是 一个 姓 也 可以\n嗯 有 点卡 你 再说 一下\n您 大致 填 一下 就 可以 哪怕 您 只 填 您 的 姓\n那 住址 也 要 写 吗 我 的 天\n我 住址 的话 您 可以 就 说 不用 太 精确 哪怕 到 街道 或者 市区 都 可以\n嗯 好好 啊 已经 登 进来 了 这 上面 怎么 怎么 搞\n请 点击 右翼 之间 的 使用 手册 左边\n使用 什么\n你 看到\nP\n了\nY\n吗\nP S 是\n使用 手册 使用 手册\n哦 金 智 空气 A P P 啊\n点击 完 之后 使用 手册 以后 您 点击 那个 空调 安装 须知\n空调 安装 须知 的\n桥 安装 师资\n哦 点 进来 以后 呢\n广州 的 城市\n网络 调试\n网络 调试 您 点 进去 以后 拉 到 最 下方 里 有 一个 二维码 打 扫 码 可以 查看 调试 视频\n哦 好 的 我 等 一下 看 一下 嗯\n好 的 嗯 那 有 什么 需要 您 再 联系 我们\n好 的 好 的 嗯\n好 的 嗯 祝您 生活 愉快 再见\n嗯 好 的 好 的 失恋\n请\n我\n您 为\n操\n本次 服务 进行 满意度 调查 按 一 非常 满意 按 二 满意 按 三 不 满意 谢谢您 的 参与", "plainTextTime": {"verbatims": [{"s": 3250, "e": 12240, "w": "六零 二二 号 为您服务 下午 好 在线 售后 很 高兴 为您服务 请问 有 什么 可以 帮 您", "sp": "Agent"}, {"s": 13550, "e": 18720, "w": "喂 你好 你 你们 那个 大金 的 智能 网关 你们 这边 会 调 吗", "sp": "Customer"}, {"s": 18860, "e": 22730, "w": "嗯 智能 网关 是不是 一个 黑色 的 四方 四 针 的 小 盒子 呀", "sp": "Agent"}, {"s": 23110, "e": 24529, "w": "对 对 对 对", "sp": "Customer"}, {"s": 24530, "e": 31230, "w": "啊 好 的 那 这边 先生 您 报 一下 您 的 来电 号码 然后 我 来 给 您 转 接到 技 那个 技术 家中 的 专线 帮 您 处理", "sp": "Agent"}, {"s": 32599, "e": 34450, "w": "呃 呃 要 看 幺 五九", "sp": "Customer"}, {"s": 34570, "e": 36230, "w": "嗯 幺 五九", "sp": "Agent"}, {"s": 36690, "e": 38240, "w": "零零 二六", "sp": "Customer"}, {"s": 38330, "e": 40110, "w": "零零 二六", "sp": "Agent"}, {"s": 40420, "e": 41870, "w": "七九 幺 幺", "sp": "Customer"}, {"s": 42080, "e": 46370, "w": "七九 幺 幺 好 的 您 这边 是 自己 家 使用 的 这个 智能 网关", "sp": "Agent"}, {"s": 46150, "e": 46770, "w": "怎么", "sp": "Customer"}, {"s": 46370, "e": 46760, "w": "是 吗", "sp": "Agent"}, {"s": 46770, "e": 47390, "w": "了 你", "sp": "Customer"}, {"s": 47270, "e": 47441, "w": "啊", "sp": "Agent"}, {"s": 47390, "e": 47700, "w": "说", "sp": "Customer"}, {"s": 47441, "e": 47956, "w": "是不是", "sp": "Agent"}, {"s": 47700, "e": 48320, "w": "什么", "sp": "Customer"}, {"s": 47956, "e": 53620, "w": "自己 啊 我 的 意思 是 说 是 这边 是 您 自己 家 使用 的 职能 网关 还是 帮 别 人代 报 的 呀", "sp": "Agent"}, {"s": 54340, "e": 56050, "w": "啊 帮 别 人代 报 的", "sp": "Customer"}, {"s": 56080, "e": 57185, "w": "啊 好 的 您", "sp": "Agent"}, {"s": 57170, "e": 57575, "w": "啊", "sp": "Customer"}, {"s": 57185, "e": 58289, "w": "是 经销商", "sp": "Agent"}, {"s": 57576, "e": 58390, "w": "就 一", "sp": "Customer"}, {"s": 58290, "e": 59120, "w": "吗 抱歉", "sp": "Agent"}, {"s": 59680, "e": 60970, "w": "对 对 对 对", "sp": "Customer"}, {"s": 60880, "e": 64920, "w": "嗯 好 的 好 的 那 您 不要 挂机 我 来 帮 您 转接 到 进度 加 中 请 稍 等", "sp": "Agent"}, {"s": 65430, "e": 67000, "w": "嗯 嗯 好 的 好 的", "sp": "Customer"}, {"s": 92960, "e": 101040, "w": "嗯 嗯", "sp": "Agent"}, {"s": 109720, "e": 111920, "w": "你 娘 什么 东西", "sp": "Customer"}, {"s": 115100, "e": 119030, "w": "您好 欢迎 致电 乐 金 请问 有 什么 可以 帮 您", "sp": "Agent"}, {"s": 120050, "e": 122050, "w": "你 那边 怎么 这么 卡 的", "sp": "Customer"}, {"s": 124600, "e": 126890, "w": "呃 这样 能 听到 吗 先生", "sp": "Agent"}, {"s": 127620, "e": 130090, "w": "啊 有点 卡 声音 有点 卡 顿", "sp": "Customer"}, {"s": 132450, "e": 134720, "w": "那 我 尽量 到 那里 去", "sp": "Agent"}, {"s": 135760, "e": 136720, "w": "啊", "sp": "Customer"}, {"s": 137270, "e": 139660, "w": "那 您 的 诉求 是 什么 呢 诉求", "sp": "Agent"}, {"s": 140660, "e": 143750, "w": "我 想 那个 大金 的 智能 网关 啊", "sp": "Customer"}, {"s": 146100, "e": 150990, "w": "好 的 您 提供 一下 您 当时 预留 的 手机号码", "sp": "Agent"}, {"s": 152140, "e": 154950, "w": "呃 不是 我 帮 别人 代缴", "sp": "Customer"}, {"s": 158190, "e": 164920, "w": "那 您 提供 一下 您 绑定 的 这个 就是 预留 手机号码 或者 会员 或者 外地 型号 也 可以 的", "sp": "Agent"}, {"s": 167580, "e": 171750, "w": "外地 情况 那 我 不 清楚 啊 就 我 只是 帮 业主 在 调", "sp": "Customer"}, {"s": 174480, "e": 178739, "w": "您 是 要 自己 调试 吗 还是 需要 这边 帮 您 预约 工程师 上门 呢", "sp": "Agent"}, {"s": 179490, "e": 180730, "w": "自己 调", "sp": "Customer"}, {"s": 182910, "e": 186860, "w": "自己 调 的话 呃 您 是否 需要 考试 是 您 参考", "sp": "Agent"}, {"s": 188170, "e": 189430, "w": "有没有 啊", "sp": "Customer"}, {"s": 191610, "e": 193349, "w": "您 打开 手机 微 信", "sp": "Agent"}, {"s": 195420, "e": 196420, "w": "嗯", "sp": "Customer"}, {"s": 198150, "e": 200700, "w": "河口 大金 空调 出口", "sp": "Agent"}, {"s": 202080, "e": 205050, "w": "哦 我 已经 搜索 过 了 下面 的 呢", "sp": "Customer"}, {"s": 207080, "e": 212310, "w": "现在 点击 那个 右下角 我们 大厅 点击 大厅 俱乐部", "sp": "Agent"}, {"s": 215170, "e": 219970, "w": "等 一下 我 找 不到 啊 点点 什么 走进 大厅 是 吧", "sp": "Customer"}, {"s": 221360, "e": 223720, "w": "对 然后 大厅 俱乐部", "sp": "Agent"}, {"s": 224960, "e": 226640, "w": "大金 俱乐部", "sp": "Customer"}, {"s": 230260, "e": 231659, "w": "登录 登录 进去", "sp": "Agent"}, {"s": 233090, "e": 235940, "w": "啊 等 一下 啊 正在 登录", "sp": "Customer"}, {"s": 236230, "e": 237200, "w": "嗯 好 的", "sp": "Agent"}, {"s": 245790, "e": 247680, "w": "嗯 这 还要 注册 吗", "sp": "Customer"}, {"s": 249910, "e": 254220, "w": "呃 如果 您 没有 注册 过 的话 可能 需要 您 手动 注册 一下", "sp": "Agent"}, {"s": 255320, "e": 258490, "w": "就 我 我 不是 业主 啊 我 怎么 注册", "sp": "Customer"}, {"s": 259850, "e": 265810, "w": "啊 您 这个 是不是 使用 您 的 手机号 注册 的 是否 就是说 无论 您 是否是 业主 都 被 注册 大金", "sp": "Agent"}, {"s": 276050, "e": 278050, "w": "等 一下 我 在 这 等 一下", "sp": "Customer"}, {"s": 279740, "e": 280289, "w": "好", "sp": "Agent"}, {"s": 279800, "e": 280560, "w": "你 妈", "sp": "Customer"}, {"s": 280290, "e": 280840, "w": "的", "sp": "Agent"}, {"s": 280560, "e": 287400, "w": "的 密码 怎么 写 啊", "sp": "Customer"}, {"s": 289820, "e": 291879, "w": "密码 的话 看 您 自己 设置", "sp": "Agent"}, {"s": 292460, "e": 311919, "w": "嗯 这 还要 详细 姓名 这个 也 要 填 吗", "sp": "Customer"}, {"s": 314120, "e": 317330, "w": "大家 填 一下 就 可以 甚至 只是 一个 姓 也 可以", "sp": "Agent"}, {"s": 319690, "e": 322510, "w": "嗯 有 点卡 你 再说 一下", "sp": "Customer"}, {"s": 325220, "e": 328730, "w": "您 大致 填 一下 就 可以 哪怕 您 只 填 您 的 姓", "sp": "Agent"}, {"s": 329780, "e": 333200, "w": "那 住址 也 要 写 吗 我 的 天", "sp": "Customer"}, {"s": 334670, "e": 339710, "w": "我 住址 的话 您 可以 就 说 不用 太 精确 哪怕 到 街道 或者 市区 都 可以", "sp": "Agent"}, {"s": 340770, "e": 377800, "w": "嗯 好好 啊 已经 登 进来 了 这 上面 怎么 怎么 搞", "sp": "Customer"}, {"s": 379710, "e": 384000, "w": "请 点击 右翼 之间 的 使用 手册 左边", "sp": "Agent"}, {"s": 383420, "e": 385001, "w": "使用 什么", "sp": "Customer"}, {"s": 384650, "e": 385280, "w": "你 看到", "sp": "Agent"}, {"s": 385002, "e": 385397, "w": "P", "sp": "Customer"}, {"s": 385280, "e": 385490, "w": "了", "sp": "Agent"}, {"s": 385397, "e": 385793, "w": "Y", "sp": "Customer"}, {"s": 385490, "e": 385699, "w": "吗", "sp": "Agent"}, {"s": 385793, "e": 386980, "w": "P S 是", "sp": "Customer"}, {"s": 386710, "e": 390430, "w": "使用 手册 使用 手册", "sp": "Agent"}, {"s": 392550, "e": 396889, "w": "哦 金 智 空气 A P P 啊", "sp": "Customer"}, {"s": 399570, "e": 406070, "w": "点击 完 之后 使用 手册 以后 您 点击 那个 空调 安装 须知", "sp": "Agent"}, {"s": 407600, "e": 410120, "w": "空调 安装 须知 的", "sp": "Customer"}, {"s": 413550, "e": 415500, "w": "桥 安装 师资", "sp": "Agent"}, {"s": 417780, "e": 419600, "w": "哦 点 进来 以后 呢", "sp": "Customer"}, {"s": 422640, "e": 424050, "w": "广州 的 城市", "sp": "Agent"}, {"s": 425360, "e": 427010, "w": "网络 调试", "sp": "Customer"}, {"s": 430090, "e": 436539, "w": "网络 调试 您 点 进去 以后 拉 到 最 下方 里 有 一个 二维码 打 扫 码 可以 查看 调试 视频", "sp": "Agent"}, {"s": 437950, "e": 440340, "w": "哦 好 的 我 等 一下 看 一下 嗯", "sp": "Customer"}, {"s": 441520, "e": 444440, "w": "好 的 嗯 那 有 什么 需要 您 再 联系 我们", "sp": "Agent"}, {"s": 445200, "e": 446780, "w": "好 的 好 的 嗯", "sp": "Customer"}, {"s": 447980, "e": 450820, "w": "好 的 嗯 祝您 生活 愉快 再见", "sp": "Agent"}, {"s": 451320, "e": 458229, "w": "嗯 好 的 好 的 失恋", "sp": "Customer"}, {"s": 458000, "e": 458268, "w": "请", "sp": "Agent"}, {"s": 458230, "e": 458615, "w": "我", "sp": "Customer"}, {"s": 458268, "e": 458805, "w": "您 为", "sp": "Agent"}, {"s": 458615, "e": 459000, "w": "操", "sp": "Customer"}, {"s": 458805, "e": 467400, "w": "本次 服务 进行 满意度 调查 按 一 非常 满意 按 二 满意 按 三 不 满意 谢谢您 的 参与", "sp": "Agent"}]}, "aqm": {"greeting": {"greeting_said": "为您服务, 售后, 高兴, 请问", "n_greeting_said": 4, "score": 1}, "closing": {"closing_said": "", "n_closing_said": 0, "score": 0}, "speed": {"speed_max": 6.19, "n_words": 25, "words": "嗯 好 的 好 的 那 您 不要 挂机 我 来 帮 您 转接 到 进度 加 中 请 稍 等", "start": 60880, "end": 64920}}}