{"mediaId": "2022031316212310978300100000537502", "status": "Success", "dateCreated": "2022-03-21T18:45:50Z", "contentType": "audio/x-wav", "channels": "future use", "length": 148, "metadata": {"Sid": 10116, "Site_id": 783, "Audio_ch_num": 5375, "Audio_module_num": 783001, "Audio_start_time_gmt": "2022-03-13T08:18:54.797+08:00", "Transaction_id": "2022031316212310978300100000537502", "ContactID": "9204480140830000012", "Personal_id": "0", "Direction": 0, "Local_audio_start_time": "2022-03-13T16:18:54.797+08:00", "Local_audio_end_time": "2022-03-13T16:21:22.797+08:00", "Total_hold_time": "0", "Pbx_login_id": "", "Ani": "90102155368221", "Extension": "155368221", "String_extension": "90102155368221", "Switch_call_id": "SIP/AUDIO/2F3E1600-46B5-8A70-3F07-85CDA9DEFC35", "Switch_id": "783000001", "Duration_seconds": 148, "Wrapup_time_in_seconds": "0", "Dnis": "15710614104", "Number_of_conferences": "0", "Number_of_holds": "0", "Number_of_transfers": "0", "Percent_of_agent_call": "67", "Percent_of_other_call": "31", "Percent_of_mutual_silence": "46", "Num_of_agent_cross": "4", "Num_of_other_cross": "4", "IsException": 0}, "transcript_detailed": {"words": [{"p": 1, "c": 0.9, "s": 3370, "e": 3932, "w": "六零", "sp": "Agent"}, {"p": 2, "c": 0.9, "s": 3932, "e": 4213, "w": "二", "sp": "Agent"}, {"p": 3, "c": 0.9, "s": 4213, "e": 4776, "w": "三号", "sp": "Agent"}, {"p": 4, "c": 0.9, "s": 4776, "e": 5901, "w": "为您服务", "sp": "Agent"}, {"p": 5, "c": 0.9, "s": 5901, "e": 6464, "w": "下午", "sp": "Agent"}, {"p": 6, "c": 0.9, "s": 6464, "e": 6745, "w": "好", "sp": "Agent"}, {"p": 7, "c": 0.9, "s": 6745, "e": 7308, "w": "大安", "sp": "Agent"}, {"p": 8, "c": 0.9, "s": 7308, "e": 7870, "w": "售后", "sp": "Agent"}, {"p": 9, "c": 0.9, "s": 7870, "e": 8151, "w": "很", "sp": "Agent"}, {"p": 10, "c": 0.9, "s": 8151, "e": 8714, "w": "高兴", "sp": "Agent"}, {"p": 11, "c": 0.9, "s": 8714, "e": 9839, "w": "为您服务", "sp": "Agent"}, {"p": 12, "c": 0.9, "s": 9839, "e": 10401, "w": "请问", "sp": "Agent"}, {"p": 13, "c": 0.9, "s": 10402, "e": 10964, "w": "什么", "sp": "Agent"}, {"p": 14, "c": 0.9, "s": 10964, "e": 11526, "w": "可以", "sp": "Agent"}, {"p": 15, "c": 0.9, "s": 11527, "e": 11808, "w": "帮", "sp": "Agent"}, {"p": 16, "c": 0.9, "s": 11808, "e": 12089, "w": "您", "sp": "Agent"}, {"p": 17, "c": 0.9, "s": 12700, "e": 12889, "w": "哎", "sp": "Customer"}, {"p": 18, "c": 0.9, "s": 12890, "e": 13270, "w": "你好", "sp": "Customer"}, {"p": 19, "c": 0.9, "s": 13270, "e": 13650, "w": "那个", "sp": "Customer"}, {"p": 20, "c": 0.9, "s": 13650, "e": 13839, "w": "我", "sp": "Customer"}, {"p": 21, "c": 0.9, "s": 13840, "e": 14220, "w": "公司", "sp": "Customer"}, {"p": 22, "c": 0.9, "s": 14220, "e": 14410, "w": "有", "sp": "Customer"}, {"p": 23, "c": 0.9, "s": 14410, "e": 14599, "w": "个", "sp": "Customer"}, {"p": 24, "c": 0.9, "s": 14600, "e": 14790, "w": "空", "sp": "Customer"}, {"p": 25, "c": 0.9, "s": 14790, "e": 15170, "w": "调用", "sp": "Customer"}, {"p": 26, "c": 0.9, "s": 15170, "e": 15550, "w": "不了", "sp": "Customer"}, {"p": 27, "c": 0.9, "s": 15550, "e": 15930, "w": "就是", "sp": "Customer"}, {"p": 28, "c": 0.9, "s": 15930, "e": 16309, "w": "麻烦", "sp": "Customer"}, {"p": 29, "c": 0.9, "s": 16309, "e": 16689, "w": "明天", "sp": "Customer"}, {"p": 30, "c": 0.9, "s": 16690, "e": 17070, "w": "安排", "sp": "Customer"}, {"p": 31, "c": 0.9, "s": 17070, "e": 17449, "w": "师傅", "sp": "Customer"}, {"p": 32, "c": 0.9, "s": 17450, "e": 17830, "w": "过来", "sp": "Customer"}, {"p": 33, "c": 0.9, "s": 17830, "e": 18210, "w": "排查", "sp": "Customer"}, {"p": 34, "c": 0.9, "s": 18210, "e": 18589, "w": "一下", "sp": "Customer"}, {"p": 35, "c": 0.9, "s": 19080, "e": 19329, "w": "嗯", "sp": "Agent"}, {"p": 36, "c": 0.9, "s": 19329, "e": 19578, "w": "好", "sp": "Agent"}, {"p": 37, "c": 0.9, "s": 19578, "e": 19827, "w": "的", "sp": "Agent"}, {"p": 38, "c": 0.9, "s": 19827, "e": 20076, "w": "是", "sp": "Agent"}, {"p": 39, "c": 0.9, "s": 20076, "e": 20325, "w": "上", "sp": "Agent"}, {"p": 40, "c": 0.9, "s": 20325, "e": 20575, "w": "安", "sp": "Agent"}, {"p": 41, "c": 0.9, "s": 20575, "e": 20824, "w": "的", "sp": "Agent"}, {"p": 42, "c": 0.9, "s": 20824, "e": 21321, "w": "中央", "sp": "Agent"}, {"p": 43, "c": 0.9, "s": 21322, "e": 21820, "w": "空调", "sp": "Agent"}, {"p": 44, "c": 0.9, "s": 21820, "e": 22070, "w": "吗", "sp": "Agent"}, {"p": 45, "c": 0.9, "s": 22220, "e": 22449, "w": "这", "sp": "Customer"}, {"p": 46, "c": 0.9, "s": 22449, "e": 22678, "w": "也", "sp": "Customer"}, {"p": 47, "c": 0.9, "s": 22678, "e": 22907, "w": "是", "sp": "Customer"}, {"p": 48, "c": 0.9, "s": 22907, "e": 23365, "w": "刚刚", "sp": "Customer"}, {"p": 49, "c": 0.9, "s": 23365, "e": 23594, "w": "的", "sp": "Customer"}, {"p": 50, "c": 0.9, "s": 23594, "e": 23823, "w": "才", "sp": "Customer"}, {"p": 51, "c": 0.9, "s": 23823, "e": 24281, "w": "几个", "sp": "Customer"}, {"p": 52, "c": 0.9, "s": 24281, "e": 24510, "w": "月", "sp": "Customer"}, {"p": 53, "c": 0.9, "s": 24740, "e": 24965, "w": "嗯", "sp": "Agent"}, {"p": 54, "c": 0.9, "s": 24965, "e": 25191, "w": "用", "sp": "Agent"}, {"p": 55, "c": 0.9, "s": 25191, "e": 25642, "w": "不了", "sp": "Agent"}, {"p": 56, "c": 0.9, "s": 25642, "e": 26318, "w": "有没有", "sp": "Agent"}, {"p": 57, "c": 0.9, "s": 26318, "e": 26544, "w": "报", "sp": "Agent"}, {"p": 58, "c": 0.9, "s": 26544, "e": 26995, "w": "故障", "sp": "Agent"}, {"p": 59, "c": 0.9, "s": 26995, "e": 27221, "w": "呢", "sp": "Agent"}, {"p": 60, "c": 0.9, "s": 27221, "e": 27446, "w": "或", "sp": "Agent"}, {"p": 61, "c": 0.9, "s": 27446, "e": 27671, "w": "有", "sp": "Agent"}, {"p": 62, "c": 0.9, "s": 27672, "e": 28123, "w": "没有", "sp": "Agent"}, {"p": 63, "c": 0.9, "s": 28123, "e": 28574, "w": "登上", "sp": "Agent"}, {"p": 64, "c": 0.9, "s": 28574, "e": 28800, "w": "呢", "sp": "Agent"}, {"p": 65, "c": 0.9, "s": 29250, "e": 29703, "w": "哎呀", "sp": "Customer"}, {"p": 66, "c": 0.9, "s": 29703, "e": 29929, "w": "就", "sp": "Customer"}, {"p": 67, "c": 0.9, "s": 29930, "e": 30156, "w": "用", "sp": "Customer"}, {"p": 68, "c": 0.9, "s": 30156, "e": 30610, "w": "不了", "sp": "Customer"}, {"p": 69, "c": 0.9, "s": 30610, "e": 30836, "w": "我", "sp": "Customer"}, {"p": 70, "c": 0.9, "s": 30836, "e": 31290, "w": "我们", "sp": "Customer"}, {"p": 71, "c": 0.9, "s": 31290, "e": 31516, "w": "看", "sp": "Customer"}, {"p": 72, "c": 0.9, "s": 31516, "e": 32196, "w": "工程部", "sp": "Customer"}, {"p": 73, "c": 0.9, "s": 32196, "e": 32876, "w": "工程部", "sp": "Customer"}, {"p": 74, "c": 0.9, "s": 32876, "e": 33329, "w": "看过", "sp": "Customer"}, {"p": 75, "c": 0.9, "s": 33330, "e": 33556, "w": "用", "sp": "Customer"}, {"p": 76, "c": 0.9, "s": 33556, "e": 34010, "w": "不了", "sp": "Customer"}, {"p": 77, "c": 0.9, "s": 34410, "e": 34650, "w": "就", "sp": "Agent"}, {"p": 78, "c": 0.9, "s": 34650, "e": 34890, "w": "开", "sp": "Agent"}, {"p": 79, "c": 0.9, "s": 34890, "e": 35130, "w": "不", "sp": "Agent"}, {"p": 80, "c": 0.9, "s": 35130, "e": 35610, "w": "起来", "sp": "Agent"}, {"p": 81, "c": 0.9, "s": 35610, "e": 35850, "w": "吗", "sp": "Agent"}, {"p": 82, "c": 0.9, "s": 35850, "e": 36090, "w": "就", "sp": "Agent"}, {"p": 83, "c": 0.9, "s": 36090, "e": 36330, "w": "开", "sp": "Agent"}, {"p": 84, "c": 0.9, "s": 36330, "e": 36810, "w": "不了", "sp": "Agent"}, {"p": 85, "c": 0.9, "s": 36560, "e": 37450, "w": "对", "sp": "Customer"}, {"p": 86, "c": 0.9, "s": 36810, "e": 37050, "w": "机", "sp": "Agent"}, {"p": 87, "c": 0.9, "s": 37050, "e": 37290, "w": "吗", "sp": "Agent"}, {"p": 88, "c": 0.9, "s": 37730, "e": 37891, "w": "对", "sp": "Customer"}, {"p": 89, "c": 0.9, "s": 37891, "e": 38052, "w": "对", "sp": "Customer"}, {"p": 90, "c": 0.9, "s": 38052, "e": 38213, "w": "对", "sp": "Customer"}, {"p": 91, "c": 0.9, "s": 38214, "e": 38375, "w": "对", "sp": "Customer"}, {"p": 92, "c": 0.9, "s": 38375, "e": 38537, "w": "对", "sp": "Customer"}, {"p": 93, "c": 0.9, "s": 38537, "e": 38860, "w": "麻烦", "sp": "Customer"}, {"p": 94, "c": 0.9, "s": 38860, "e": 39021, "w": "过", "sp": "Customer"}, {"p": 95, "c": 0.9, "s": 39021, "e": 39344, "w": "来看", "sp": "Customer"}, {"p": 96, "c": 0.9, "s": 39344, "e": 39667, "w": "一下", "sp": "Customer"}, {"p": 97, "c": 0.9, "s": 39667, "e": 39828, "w": "吧", "sp": "Customer"}, {"p": 98, "c": 0.9, "s": 39828, "e": 40151, "w": "因为", "sp": "Customer"}, {"p": 99, "c": 0.9, "s": 40151, "e": 40474, "w": "现在", "sp": "Customer"}, {"p": 100, "c": 0.9, "s": 40474, "e": 40797, "w": "马上", "sp": "Customer"}, {"p": 101, "c": 0.9, "s": 40797, "e": 40958, "w": "热", "sp": "Customer"}, {"p": 102, "c": 0.9, "s": 40958, "e": 41281, "w": "起来", "sp": "Customer"}, {"p": 103, "c": 0.9, "s": 41281, "e": 41441, "w": "了", "sp": "Customer"}, {"p": 104, "c": 0.9, "s": 41442, "e": 41604, "w": "也", "sp": "Customer"}, {"p": 105, "c": 0.9, "s": 41604, "e": 41927, "w": "比较", "sp": "Customer"}, {"p": 106, "c": 0.9, "s": 41927, "e": 42250, "w": "紧张", "sp": "Customer"}, {"p": 107, "c": 0.9, "s": 42580, "e": 42763, "w": "嗯", "sp": "Agent"}, {"p": 108, "c": 0.9, "s": 42763, "e": 42947, "w": "好", "sp": "Agent"}, {"p": 109, "c": 0.9, "s": 42947, "e": 43130, "w": "的", "sp": "Agent"}, {"p": 110, "c": 0.9, "s": 43131, "e": 43315, "w": "那", "sp": "Agent"}, {"p": 111, "c": 0.9, "s": 43315, "e": 43682, "w": "先生", "sp": "Agent"}, {"p": 112, "c": 0.9, "s": 43682, "e": 43865, "w": "我", "sp": "Agent"}, {"p": 113, "c": 0.9, "s": 43866, "e": 44234, "w": "这边", "sp": "Agent"}, {"p": 114, "c": 0.9, "s": 44234, "e": 44601, "w": "登记", "sp": "Agent"}, {"p": 115, "c": 0.9, "s": 44601, "e": 44969, "w": "一下", "sp": "Agent"}, {"p": 116, "c": 0.9, "s": 44969, "e": 45337, "w": "先生", "sp": "Agent"}, {"p": 117, "c": 0.9, "s": 45337, "e": 45704, "w": "请问", "sp": "Agent"}, {"p": 118, "c": 0.9, "s": 45704, "e": 45887, "w": "您", "sp": "Agent"}, {"p": 119, "c": 0.9, "s": 45888, "e": 46256, "w": "贵姓", "sp": "Agent"}, {"p": 120, "c": 0.9, "s": 46256, "e": 46440, "w": "呢", "sp": "Agent"}, {"p": 121, "c": 0.9, "s": 46770, "e": 47190, "w": "呃", "sp": "Customer"}, {"p": 122, "c": 0.9, "s": 47190, "e": 47609, "w": "姓", "sp": "Customer"}, {"p": 123, "c": 0.9, "s": 47610, "e": 48030, "w": "王", "sp": "Customer"}, {"p": 124, "c": 0.9, "s": 48650, "e": 48811, "w": "嗯", "sp": "Agent"}, {"p": 125, "c": 0.9, "s": 48811, "e": 48973, "w": "好", "sp": "Agent"}, {"p": 126, "c": 0.9, "s": 48973, "e": 49457, "w": "王先生", "sp": "Agent"}, {"p": 127, "c": 0.9, "s": 49457, "e": 49780, "w": "您好", "sp": "Agent"}, {"p": 128, "c": 0.9, "s": 49780, "e": 50103, "w": "因为", "sp": "Agent"}, {"p": 129, "c": 0.9, "s": 50103, "e": 50426, "w": "我们", "sp": "Agent"}, {"p": 130, "c": 0.9, "s": 50426, "e": 50749, "w": "现在", "sp": "Agent"}, {"p": 131, "c": 0.9, "s": 50749, "e": 51072, "w": "系统", "sp": "Agent"}, {"p": 132, "c": 0.9, "s": 51072, "e": 51395, "w": "更新", "sp": "Agent"}, {"p": 133, "c": 0.9, "s": 51395, "e": 51880, "w": "看不到", "sp": "Agent"}, {"p": 134, "c": 0.9, "s": 51880, "e": 52041, "w": "您", "sp": "Agent"}, {"p": 135, "c": 0.9, "s": 52041, "e": 52526, "w": "手机号", "sp": "Agent"}, {"p": 136, "c": 0.9, "s": 52526, "e": 52849, "w": "麻烦", "sp": "Agent"}, {"p": 137, "c": 0.9, "s": 52849, "e": 53010, "w": "您", "sp": "Agent"}, {"p": 138, "c": 0.9, "s": 53010, "e": 53495, "w": "手机号", "sp": "Agent"}, {"p": 139, "c": 0.9, "s": 53495, "e": 53656, "w": "说", "sp": "Agent"}, {"p": 140, "c": 0.9, "s": 53656, "e": 53980, "w": "一下", "sp": "Agent"}, {"p": 141, "c": 0.9, "s": 55320, "e": 55662, "w": "嗯", "sp": "Customer"}, {"p": 142, "c": 0.9, "s": 55662, "e": 56347, "w": "可以", "sp": "Customer"}, {"p": 143, "c": 0.9, "s": 56347, "e": 56690, "w": "呀", "sp": "Customer"}, {"p": 144, "c": 0.9, "s": 57510, "e": 57922, "w": "幺", "sp": "Customer"}, {"p": 145, "c": 0.9, "s": 57923, "e": 58750, "w": "五七", "sp": "Customer"}, {"p": 146, "c": 0.9, "s": 59220, "e": 59673, "w": "幺", "sp": "Agent"}, {"p": 147, "c": 0.9, "s": 59673, "e": 60580, "w": "五七", "sp": "Agent"}, {"p": 148, "c": 0.9, "s": 61020, "e": 61390, "w": "八", "sp": "Customer"}, {"p": 149, "c": 0.9, "s": 61390, "e": 62130, "w": "零六", "sp": "Customer"}, {"p": 150, "c": 0.9, "s": 62780, "e": 63162, "w": "三", "sp": "Agent"}, {"p": 151, "c": 0.9, "s": 63162, "e": 63927, "w": "零六", "sp": "Agent"}, {"p": 152, "c": 0.9, "s": 63927, "e": 64309, "w": "吗", "sp": "Agent"}, {"p": 153, "c": 0.9, "s": 64650, "e": 65063, "w": "幺", "sp": "Customer"}, {"p": 154, "c": 0.9, "s": 65063, "e": 65890, "w": "零六", "sp": "Customer"}, {"p": 155, "c": 0.9, "s": 66250, "e": 66645, "w": "幺", "sp": "Agent"}, {"p": 156, "c": 0.9, "s": 66645, "e": 67435, "w": "零六", "sp": "Agent"}, {"p": 157, "c": 0.9, "s": 67435, "e": 67829, "w": "嗯", "sp": "Agent"}, {"p": 158, "c": 0.9, "s": 68350, "e": 68724, "w": "幺", "sp": "Customer"}, {"p": 159, "c": 0.9, "s": 68724, "e": 69098, "w": "四", "sp": "Customer"}, {"p": 160, "c": 0.9, "s": 69098, "e": 69472, "w": "幺", "sp": "Customer"}, {"p": 161, "c": 0.9, "s": 69472, "e": 69846, "w": "零", "sp": "Customer"}, {"p": 162, "c": 0.9, "s": 69846, "e": 70220, "w": "四", "sp": "Customer"}, {"p": 163, "c": 0.9, "s": 70550, "e": 70888, "w": "幺", "sp": "Agent"}, {"p": 164, "c": 0.9, "s": 70888, "e": 71227, "w": "四", "sp": "Agent"}, {"p": 165, "c": 0.9, "s": 71227, "e": 71564, "w": "幺", "sp": "Agent"}, {"p": 166, "c": 0.9, "s": 71565, "e": 71904, "w": "零", "sp": "Agent"}, {"p": 167, "c": 0.9, "s": 71904, "e": 72242, "w": "四", "sp": "Agent"}, {"p": 168, "c": 0.9, "s": 72242, "e": 72580, "w": "好", "sp": "Agent"}, {"p": 169, "c": 0.9, "s": 72581, "e": 72920, "w": "的", "sp": "Agent"}, {"p": 170, "c": 0.9, "s": 73760, "e": 73990, "w": "呃", "sp": "Agent"}, {"p": 171, "c": 0.9, "s": 73990, "e": 74451, "w": "请问", "sp": "Agent"}, {"p": 172, "c": 0.9, "s": 74451, "e": 74910, "w": "师傅", "sp": "Agent"}, {"p": 173, "c": 0.9, "s": 74911, "e": 75372, "w": "上门", "sp": "Agent"}, {"p": 174, "c": 0.9, "s": 75372, "e": 75603, "w": "的", "sp": "Agent"}, {"p": 175, "c": 0.9, "s": 75603, "e": 76062, "w": "这个", "sp": "Agent"}, {"p": 176, "c": 0.9, "s": 76063, "e": 76524, "w": "地址", "sp": "Agent"}, {"p": 177, "c": 0.9, "s": 76524, "e": 76755, "w": "是", "sp": "Agent"}, {"p": 178, "c": 0.9, "s": 76755, "e": 76985, "w": "在", "sp": "Agent"}, {"p": 179, "c": 0.9, "s": 76985, "e": 77446, "w": "哪个", "sp": "Agent"}, {"p": 180, "c": 0.9, "s": 77446, "e": 77906, "w": "城市", "sp": "Agent"}, {"p": 181, "c": 0.9, "s": 77906, "e": 78137, "w": "呢", "sp": "Agent"}, {"p": 182, "c": 0.9, "s": 78137, "e": 78367, "w": "是", "sp": "Agent"}, {"p": 183, "c": 0.9, "s": 78367, "e": 78598, "w": "您", "sp": "Agent"}, {"p": 184, "c": 0.9, "s": 78420, "e": 79451, "w": "福建省", "sp": "Customer"}, {"p": 185, "c": 0.9, "s": 78598, "e": 79058, "w": "之前", "sp": "Agent"}, {"p": 186, "c": 0.9, "s": 79058, "e": 79519, "w": "报修", "sp": "Agent"}, {"p": 187, "c": 0.9, "s": 79452, "e": 80140, "w": "厦门", "sp": "Customer"}, {"p": 188, "c": 0.9, "s": 79519, "e": 79750, "w": "的", "sp": "Agent"}, {"p": 189, "c": 0.9, "s": 79750, "e": 80210, "w": "这个", "sp": "Agent"}, {"p": 190, "c": 0.9, "s": 80210, "e": 80671, "w": "位置", "sp": "Agent"}, {"p": 191, "c": 0.9, "s": 80671, "e": 80901, "w": "保", "sp": "Agent"}, {"p": 192, "c": 0.9, "s": 80880, "e": 81750, "w": "对", "sp": "Customer"}, {"p": 193, "c": 0.9, "s": 80901, "e": 81362, "w": "福建", "sp": "Agent"}, {"p": 194, "c": 0.9, "s": 81362, "e": 81593, "w": "哦", "sp": "Agent"}, {"p": 195, "c": 0.9, "s": 81593, "e": 82053, "w": "福建", "sp": "Agent"}, {"p": 196, "c": 0.9, "s": 82053, "e": 82514, "w": "厦门", "sp": "Agent"}, {"p": 197, "c": 0.9, "s": 82514, "e": 82975, "w": "湖里", "sp": "Agent"}, {"p": 198, "c": 0.9, "s": 82975, "e": 83205, "w": "区", "sp": "Agent"}, {"p": 199, "c": 0.9, "s": 83205, "e": 83436, "w": "围", "sp": "Agent"}, {"p": 200, "c": 0.9, "s": 83436, "e": 83666, "w": "里", "sp": "Agent"}, {"p": 201, "c": 0.9, "s": 83666, "e": 83896, "w": "路", "sp": "Agent"}, {"p": 202, "c": 0.9, "s": 83896, "e": 84357, "w": "金科", "sp": "Agent"}, {"p": 203, "c": 0.9, "s": 84357, "e": 84818, "w": "火炬", "sp": "Agent"}, {"p": 204, "c": 0.9, "s": 84818, "e": 85279, "w": "广场", "sp": "Agent"}, {"p": 205, "c": 0.9, "s": 85279, "e": 85509, "w": "是", "sp": "Agent"}, {"p": 206, "c": 0.9, "s": 85509, "e": 85740, "w": "吗", "sp": "Agent"}, {"p": 207, "c": 0.9, "s": 86130, "e": 86493, "w": "嗯", "sp": "Customer"}, {"p": 208, "c": 0.9, "s": 86493, "e": 86855, "w": "是", "sp": "Customer"}, {"p": 209, "c": 0.9, "s": 86856, "e": 87220, "w": "的", "sp": "Customer"}, {"p": 210, "c": 0.9, "s": 87220, "e": 87946, "w": "然后", "sp": "Customer"}, {"p": 211, "c": 0.9, "s": 87946, "e": 88310, "w": "呢", "sp": "Customer"}, {"p": 212, "c": 0.9, "s": 87970, "e": 88512, "w": "嗯", "sp": "Agent"}, {"p": 213, "c": 0.9, "s": 88512, "e": 89055, "w": "嗯", "sp": "Agent"}, {"p": 214, "c": 0.9, "s": 89055, "e": 89597, "w": "好", "sp": "Agent"}, {"p": 215, "c": 0.9, "s": 89597, "e": 90140, "w": "的", "sp": "Agent"}, {"p": 216, "c": 0.9, "s": 90890, "e": 91380, "w": "空调", "sp": "Agent"}, {"p": 217, "c": 0.9, "s": 91380, "e": 91625, "w": "您", "sp": "Agent"}, {"p": 218, "c": 0.9, "s": 91625, "e": 91871, "w": "说", "sp": "Agent"}, {"p": 219, "c": 0.9, "s": 91871, "e": 92116, "w": "是", "sp": "Agent"}, {"p": 220, "c": 0.9, "s": 92116, "e": 92361, "w": "刚", "sp": "Agent"}, {"p": 221, "c": 0.9, "s": 92361, "e": 92607, "w": "买", "sp": "Agent"}, {"p": 222, "c": 0.9, "s": 92607, "e": 92852, "w": "的", "sp": "Agent"}, {"p": 223, "c": 0.9, "s": 92852, "e": 93097, "w": "吗", "sp": "Agent"}, {"p": 224, "c": 0.9, "s": 93097, "e": 93588, "w": "就是", "sp": "Agent"}, {"p": 225, "c": 0.9, "s": 93588, "e": 94077, "w": "今年", "sp": "Agent"}, {"p": 226, "c": 0.9, "s": 94078, "e": 94324, "w": "刚", "sp": "Agent"}, {"p": 227, "c": 0.9, "s": 94324, "e": 94569, "w": "买", "sp": "Agent"}, {"p": 228, "c": 0.9, "s": 94569, "e": 94814, "w": "的", "sp": "Agent"}, {"p": 229, "c": 0.9, "s": 94814, "e": 95060, "w": "吗", "sp": "Agent"}, {"p": 230, "c": 0.9, "s": 95940, "e": 96733, "w": "去年", "sp": "Customer"}, {"p": 231, "c": 0.9, "s": 96733, "e": 97130, "w": "吧", "sp": "Customer"}, {"p": 232, "c": 0.9, "s": 97410, "e": 97680, "w": "没", "sp": "Customer"}, {"p": 233, "c": 0.9, "s": 97680, "e": 98490, "w": "有没有", "sp": "Customer"}, {"p": 234, "c": 0.9, "s": 98010, "e": 99120, "w": "一年", "sp": "Agent"}, {"p": 235, "c": 0.9, "s": 98770, "e": 98988, "w": "还", "sp": "Customer"}, {"p": 236, "c": 0.9, "s": 98988, "e": 99424, "w": "没用", "sp": "Customer"}, {"p": 237, "c": 0.9, "s": 99425, "e": 99862, "w": "多久", "sp": "Customer"}, {"p": 238, "c": 0.9, "s": 99862, "e": 100080, "w": "刚", "sp": "Customer"}, {"p": 239, "c": 0.9, "s": 100080, "e": 100299, "w": "要", "sp": "Customer"}, {"p": 240, "c": 0.9, "s": 100299, "e": 100736, "w": "刚刚", "sp": "Customer"}, {"p": 241, "c": 0.9, "s": 100736, "e": 101173, "w": "准备", "sp": "Customer"}, {"p": 242, "c": 0.9, "s": 101173, "e": 101609, "w": "使用", "sp": "Customer"}, {"p": 243, "c": 0.9, "s": 102030, "e": 102278, "w": "哦", "sp": "Agent"}, {"p": 244, "c": 0.9, "s": 102278, "e": 102526, "w": "好", "sp": "Agent"}, {"p": 245, "c": 0.9, "s": 102526, "e": 102774, "w": "的", "sp": "Agent"}, {"p": 246, "c": 0.9, "s": 102774, "e": 103270, "w": "就是", "sp": "Agent"}, {"p": 247, "c": 0.9, "s": 103270, "e": 103766, "w": "商用", "sp": "Agent"}, {"p": 248, "c": 0.9, "s": 103766, "e": 104014, "w": "的", "sp": "Agent"}, {"p": 249, "c": 0.9, "s": 104014, "e": 104510, "w": "中央", "sp": "Agent"}, {"p": 250, "c": 0.9, "s": 104510, "e": 105006, "w": "空调", "sp": "Agent"}, {"p": 251, "c": 0.9, "s": 105006, "e": 105502, "w": "桌面", "sp": "Agent"}, {"p": 252, "c": 0.9, "s": 105502, "e": 105750, "w": "机", "sp": "Agent"}, {"p": 253, "c": 0.9, "s": 106360, "e": 106890, "w": "嗯", "sp": "Customer"}, {"p": 254, "c": 0.9, "s": 106890, "e": 107420, "w": "是", "sp": "Customer"}, {"p": 255, "c": 0.9, "s": 107140, "e": 107426, "w": "外", "sp": "Agent"}, {"p": 256, "c": 0.9, "s": 107420, "e": 107950, "w": "的", "sp": "Customer"}, {"p": 257, "c": 0.9, "s": 107426, "e": 107713, "w": "呃", "sp": "Agent"}, {"p": 258, "c": 0.9, "s": 107713, "e": 108000, "w": "外", "sp": "Agent"}, {"p": 259, "c": 0.9, "s": 108000, "e": 108286, "w": "外", "sp": "Agent"}, {"p": 260, "c": 0.9, "s": 108286, "e": 108573, "w": "厅", "sp": "Agent"}, {"p": 261, "c": 0.9, "s": 108573, "e": 108860, "w": "是", "sp": "Agent"}, {"p": 262, "c": 0.9, "s": 108860, "e": 109146, "w": "有", "sp": "Agent"}, {"p": 263, "c": 0.9, "s": 109146, "e": 109433, "w": "放", "sp": "Agent"}, {"p": 264, "c": 0.9, "s": 109433, "e": 110006, "w": "平台", "sp": "Agent"}, {"p": 265, "c": 0.9, "s": 110006, "e": 110293, "w": "的", "sp": "Agent"}, {"p": 266, "c": 0.9, "s": 110293, "e": 110580, "w": "吗", "sp": "Agent"}, {"p": 267, "c": 0.9, "s": 111850, "e": 112290, "w": "有", "sp": "Customer"}, {"p": 268, "c": 0.9, "s": 112290, "e": 112730, "w": "有", "sp": "Customer"}, {"p": 269, "c": 0.9, "s": 112730, "e": 113170, "w": "有", "sp": "Customer"}, {"p": 270, "c": 0.9, "s": 113800, "e": 113987, "w": "好", "sp": "Agent"}, {"p": 271, "c": 0.9, "s": 113987, "e": 114173, "w": "的", "sp": "Agent"}, {"p": 272, "c": 0.9, "s": 114174, "e": 114549, "w": "申诉", "sp": "Agent"}, {"p": 273, "c": 0.9, "s": 114549, "e": 114924, "w": "最快", "sp": "Agent"}, {"p": 274, "c": 0.9, "s": 114924, "e": 115299, "w": "上门", "sp": "Agent"}, {"p": 275, "c": 0.9, "s": 115299, "e": 115486, "w": "是", "sp": "Agent"}, {"p": 276, "c": 0.9, "s": 115486, "e": 115673, "w": "在", "sp": "Agent"}, {"p": 277, "c": 0.9, "s": 115673, "e": 116048, "w": "三月", "sp": "Agent"}, {"p": 278, "c": 0.9, "s": 116048, "e": 116236, "w": "十", "sp": "Agent"}, {"p": 279, "c": 0.9, "s": 116236, "e": 116610, "w": "四号", "sp": "Agent"}, {"p": 280, "c": 0.9, "s": 116610, "e": 116798, "w": "就", "sp": "Agent"}, {"p": 281, "c": 0.9, "s": 116798, "e": 117173, "w": "明天", "sp": "Agent"}, {"p": 282, "c": 0.9, "s": 117173, "e": 117734, "w": "到时候", "sp": "Agent"}, {"p": 283, "c": 0.9, "s": 117735, "e": 117922, "w": "会", "sp": "Agent"}, {"p": 284, "c": 0.9, "s": 117922, "e": 118110, "w": "和", "sp": "Agent"}, {"p": 285, "c": 0.9, "s": 118110, "e": 118484, "w": "先生", "sp": "Agent"}, {"p": 286, "c": 0.9, "s": 118484, "e": 118672, "w": "您", "sp": "Agent"}, {"p": 287, "c": 0.9, "s": 118672, "e": 119046, "w": "提前", "sp": "Agent"}, {"p": 288, "c": 0.9, "s": 119046, "e": 119421, "w": "联系", "sp": "Agent"}, {"p": 289, "c": 0.9, "s": 119421, "e": 119796, "w": "因为", "sp": "Agent"}, {"p": 290, "c": 0.9, "s": 119796, "e": 120171, "w": "疫情", "sp": "Agent"}, {"p": 291, "c": 0.9, "s": 120171, "e": 120546, "w": "防控", "sp": "Agent"}, {"p": 292, "c": 0.9, "s": 120546, "e": 120920, "w": "公司", "sp": "Agent"}, {"p": 293, "c": 0.9, "s": 120920, "e": 121108, "w": "是", "sp": "Agent"}, {"p": 294, "c": 0.9, "s": 121108, "e": 121483, "w": "方便", "sp": "Agent"}, {"p": 295, "c": 0.9, "s": 121483, "e": 121857, "w": "深度", "sp": "Agent"}, {"p": 296, "c": 0.9, "s": 121857, "e": 122232, "w": "出入", "sp": "Agent"}, {"p": 297, "c": 0.9, "s": 122232, "e": 122420, "w": "嘛", "sp": "Agent"}, {"p": 298, "c": 0.9, "s": 123720, "e": 124446, "w": "可以", "sp": "Customer"}, {"p": 299, "c": 0.9, "s": 124446, "e": 124810, "w": "呀", "sp": "Customer"}, {"p": 300, "c": 0.9, "s": 125420, "e": 125597, "w": "嗯", "sp": "Agent"}, {"p": 301, "c": 0.9, "s": 125597, "e": 125775, "w": "好", "sp": "Agent"}, {"p": 302, "c": 0.9, "s": 125775, "e": 125952, "w": "您", "sp": "Agent"}, {"p": 303, "c": 0.9, "s": 125952, "e": 126130, "w": "看", "sp": "Agent"}, {"p": 304, "c": 0.9, "s": 126130, "e": 126485, "w": "还有", "sp": "Agent"}, {"p": 305, "c": 0.9, "s": 126485, "e": 126840, "w": "其他", "sp": "Agent"}, {"p": 306, "c": 0.9, "s": 126840, "e": 127195, "w": "需要", "sp": "Agent"}, {"p": 307, "c": 0.9, "s": 127195, "e": 127550, "w": "帮助", "sp": "Agent"}, {"p": 308, "c": 0.9, "s": 127550, "e": 127727, "w": "吗", "sp": "Agent"}, {"p": 309, "c": 0.9, "s": 127727, "e": 128082, "w": "已经", "sp": "Agent"}, {"p": 310, "c": 0.9, "s": 128082, "e": 128259, "w": "是", "sp": "Agent"}, {"p": 311, "c": 0.9, "s": 128259, "e": 128614, "w": "登记", "sp": "Agent"}, {"p": 312, "c": 0.9, "s": 128615, "e": 128792, "w": "好", "sp": "Agent"}, {"p": 313, "c": 0.9, "s": 128792, "e": 128970, "w": "了", "sp": "Agent"}, {"p": 314, "c": 0.9, "s": 131370, "e": 131629, "w": "嗯", "sp": "Agent"}, {"p": 315, "c": 0.9, "s": 131629, "e": 131888, "w": "好", "sp": "Agent"}, {"p": 316, "c": 0.9, "s": 131888, "e": 132147, "w": "的", "sp": "Agent"}, {"p": 317, "c": 0.9, "s": 131940, "e": 132406, "w": "没", "sp": "Customer"}, {"p": 318, "c": 0.9, "s": 132147, "e": 132665, "w": "大厅", "sp": "Agent"}, {"p": 319, "c": 0.9, "s": 132406, "e": 133340, "w": "时间", "sp": "Customer"}, {"p": 320, "c": 0.9, "s": 132665, "e": 133183, "w": "这边", "sp": "Agent"}, {"p": 321, "c": 0.9, "s": 133183, "e": 133442, "w": "也", "sp": "Agent"}, {"p": 322, "c": 0.9, "s": 133442, "e": 133701, "w": "是", "sp": "Agent"}, {"p": 323, "c": 0.9, "s": 133701, "e": 133960, "w": "说", "sp": "Agent"}, {"p": 324, "c": 0.9, "s": 133960, "e": 134220, "w": "嗯", "sp": "Agent"}, {"p": 325, "c": 0.9, "s": 134500, "e": 134643, "w": "不", "sp": "Agent"}, {"p": 326, "c": 0.9, "s": 134643, "e": 134931, "w": "客气", "sp": "Agent"}, {"p": 327, "c": 0.9, "s": 134931, "e": 135075, "w": "那", "sp": "Agent"}, {"p": 328, "c": 0.9, "s": 135075, "e": 135218, "w": "您", "sp": "Agent"}, {"p": 329, "c": 0.9, "s": 135218, "e": 135506, "w": "这边", "sp": "Agent"}, {"p": 330, "c": 0.9, "s": 135506, "e": 135650, "w": "有", "sp": "Agent"}, {"p": 331, "c": 0.9, "s": 135650, "e": 135937, "w": "兴趣", "sp": "Agent"}, {"p": 332, "c": 0.9, "s": 135937, "e": 136081, "w": "微", "sp": "Agent"}, {"p": 333, "c": 0.9, "s": 136081, "e": 136224, "w": "信", "sp": "Agent"}, {"p": 334, "c": 0.9, "s": 136225, "e": 136512, "w": "公众", "sp": "Agent"}, {"p": 335, "c": 0.9, "s": 136512, "e": 136655, "w": "号", "sp": "Agent"}, {"p": 336, "c": 0.9, "s": 136656, "e": 136944, "w": "欢迎", "sp": "Agent"}, {"p": 337, "c": 0.9, "s": 136944, "e": 137231, "w": "关注", "sp": "Agent"}, {"p": 338, "c": 0.9, "s": 137231, "e": 137519, "w": "使用", "sp": "Agent"}, {"p": 339, "c": 0.9, "s": 137519, "e": 137663, "w": "请", "sp": "Agent"}, {"p": 340, "c": 0.9, "s": 137663, "e": 137806, "w": "对", "sp": "Agent"}, {"p": 341, "c": 0.9, "s": 137807, "e": 138094, "w": "本次", "sp": "Agent"}, {"p": 342, "c": 0.9, "s": 138094, "e": 138381, "w": "服务", "sp": "Agent"}, {"p": 343, "c": 0.9, "s": 138382, "e": 138525, "w": "做", "sp": "Agent"}, {"p": 344, "c": 0.9, "s": 138525, "e": 138668, "w": "个", "sp": "Agent"}, {"p": 345, "c": 0.9, "s": 138669, "e": 138957, "w": "评价", "sp": "Agent"}, {"p": 346, "c": 0.9, "s": 138957, "e": 139244, "w": "祝您", "sp": "Agent"}, {"p": 347, "c": 0.9, "s": 139244, "e": 139532, "w": "生活", "sp": "Agent"}, {"p": 348, "c": 0.9, "s": 139532, "e": 139819, "w": "愉快", "sp": "Agent"}, {"p": 349, "c": 0.9, "s": 140530, "e": 141500, "w": "对", "sp": "Customer"}, {"p": 350, "c": 0.9, "s": 141380, "e": 141671, "w": "请", "sp": "Agent"}, {"p": 351, "c": 0.9, "s": 141671, "e": 141962, "w": "对", "sp": "Agent"}, {"p": 352, "c": 0.9, "s": 141962, "e": 142544, "w": "本次", "sp": "Agent"}, {"p": 353, "c": 0.9, "s": 142020, "e": 142310, "w": "好", "sp": "Customer"}, {"p": 354, "c": 0.9, "s": 142310, "e": 142599, "w": "的", "sp": "Customer"}, {"p": 355, "c": 0.9, "s": 142544, "e": 143126, "w": "服务", "sp": "Agent"}, {"p": 356, "c": 0.9, "s": 142600, "e": 142890, "w": "行", "sp": "Customer"}, {"p": 357, "c": 0.9, "s": 143126, "e": 143417, "w": "做", "sp": "Agent"}, {"p": 358, "c": 0.9, "s": 143417, "e": 144000, "w": "评价", "sp": "Agent"}, {"p": 359, "c": 0.9, "s": 145320, "e": 146392, "w": "感谢您", "sp": "Agent"}, {"p": 360, "c": 0.9, "s": 146392, "e": 146750, "w": "的", "sp": "Agent"}, {"p": 361, "c": 0.9, "s": 146750, "e": 147465, "w": "来电", "sp": "Agent"}, {"p": 362, "c": 0.9, "s": 147465, "e": 148180, "w": "再见", "sp": "Agent"}]}, "plainText": "六零 二 三号 为您服务 下午 好 大安 售后 很 高兴 为您服务 请问 什么 可以 帮 您\n哎 你好 那个 我 公司 有 个 空 调用 不了 就是 麻烦 明天 安排 师傅 过来 排查 一下\n嗯 好 的 是 上 安 的 中央 空调 吗\n这 也 是 刚刚 的 才 几个 月\n嗯 用 不了 有没有 报 故障 呢 或 有 没有 登上 呢\n哎呀 就 用 不了 我 我们 看 工程部 工程部 看过 用 不了\n就 开 不 起来 吗 就 开 不了\n对\n机 吗\n对 对 对 对 对 麻烦 过 来看 一下 吧 因为 现在 马上 热 起来 了 也 比较 紧张\n嗯 好 的 那 先生 我 这边 登记 一下 先生 请问 您 贵姓 呢\n呃 姓 王\n嗯 好 王先生 您好 因为 我们 现在 系统 更新 看不到 您 手机号 麻烦 您 手机号 说 一下\n嗯 可以 呀 幺 五七\n幺 五七\n八 零六\n三 零六 吗\n幺 零六\n幺 零六 嗯\n幺 四 幺 零 四\n幺 四 幺 零 四 好 的 呃 请问 师傅 上门 的 这个 地址 是 在 哪个 城市 呢 是 您\n福建省\n之前 报修\n厦门\n的 这个 位置 保\n对\n福建 哦 福建 厦门 湖里 区 围 里 路 金科 火炬 广场 是 吗\n嗯 是 的 然后 呢\n嗯 嗯 好 的 空调 您 说 是 刚 买 的 吗 就是 今年 刚 买 的 吗\n去年 吧 没 有没有\n一年\n还 没用 多久 刚 要 刚刚 准备 使用\n哦 好 的 就是 商用 的 中央 空调 桌面 机\n嗯 是\n外\n的\n呃 外 外 厅 是 有 放 平台 的 吗\n有 有 有\n好 的 申诉 最快 上门 是 在 三月 十 四号 就 明天 到时候 会 和 先生 您 提前 联系 因为 疫情 防控 公司 是 方便 深度 出入 嘛\n可以 呀\n嗯 好 您 看 还有 其他 需要 帮助 吗 已经 是 登记 好 了 嗯 好 的\n没\n大厅\n时间\n这边 也 是 说 嗯 不 客气 那 您 这边 有 兴趣 微 信 公众 号 欢迎 关注 使用 请 对 本次 服务 做 个 评价 祝您 生活 愉快\n对\n请 对 本次\n好 的\n服务\n行\n做 评价 感谢您 的 来电 再见", "plainTextTime": {"verbatims": [{"s": 3370, "e": 12089, "w": "六零 二 三号 为您服务 下午 好 大安 售后 很 高兴 为您服务 请问 什么 可以 帮 您", "sp": "Agent"}, {"s": 12700, "e": 18589, "w": "哎 你好 那个 我 公司 有 个 空 调用 不了 就是 麻烦 明天 安排 师傅 过来 排查 一下", "sp": "Customer"}, {"s": 19080, "e": 22070, "w": "嗯 好 的 是 上 安 的 中央 空调 吗", "sp": "Agent"}, {"s": 22220, "e": 24510, "w": "这 也 是 刚刚 的 才 几个 月", "sp": "Customer"}, {"s": 24740, "e": 28800, "w": "嗯 用 不了 有没有 报 故障 呢 或 有 没有 登上 呢", "sp": "Agent"}, {"s": 29250, "e": 34010, "w": "哎呀 就 用 不了 我 我们 看 工程部 工程部 看过 用 不了", "sp": "Customer"}, {"s": 34410, "e": 36810, "w": "就 开 不 起来 吗 就 开 不了", "sp": "Agent"}, {"s": 36560, "e": 37450, "w": "对", "sp": "Customer"}, {"s": 36810, "e": 37290, "w": "机 吗", "sp": "Agent"}, {"s": 37730, "e": 42250, "w": "对 对 对 对 对 麻烦 过 来看 一下 吧 因为 现在 马上 热 起来 了 也 比较 紧张", "sp": "Customer"}, {"s": 42580, "e": 46440, "w": "嗯 好 的 那 先生 我 这边 登记 一下 先生 请问 您 贵姓 呢", "sp": "Agent"}, {"s": 46770, "e": 48030, "w": "呃 姓 王", "sp": "Customer"}, {"s": 48650, "e": 53980, "w": "嗯 好 王先生 您好 因为 我们 现在 系统 更新 看不到 您 手机号 麻烦 您 手机号 说 一下", "sp": "Agent"}, {"s": 55320, "e": 58750, "w": "嗯 可以 呀 幺 五七", "sp": "Customer"}, {"s": 59220, "e": 60580, "w": "幺 五七", "sp": "Agent"}, {"s": 61020, "e": 62130, "w": "八 零六", "sp": "Customer"}, {"s": 62780, "e": 64309, "w": "三 零六 吗", "sp": "Agent"}, {"s": 64650, "e": 65890, "w": "幺 零六", "sp": "Customer"}, {"s": 66250, "e": 67829, "w": "幺 零六 嗯", "sp": "Agent"}, {"s": 68350, "e": 70220, "w": "幺 四 幺 零 四", "sp": "Customer"}, {"s": 70550, "e": 78598, "w": "幺 四 幺 零 四 好 的 呃 请问 师傅 上门 的 这个 地址 是 在 哪个 城市 呢 是 您", "sp": "Agent"}, {"s": 78420, "e": 79451, "w": "福建省", "sp": "Customer"}, {"s": 78598, "e": 79519, "w": "之前 报修", "sp": "Agent"}, {"s": 79452, "e": 80140, "w": "厦门", "sp": "Customer"}, {"s": 79519, "e": 80901, "w": "的 这个 位置 保", "sp": "Agent"}, {"s": 80880, "e": 81750, "w": "对", "sp": "Customer"}, {"s": 80901, "e": 85740, "w": "福建 哦 福建 厦门 湖里 区 围 里 路 金科 火炬 广场 是 吗", "sp": "Agent"}, {"s": 86130, "e": 88310, "w": "嗯 是 的 然后 呢", "sp": "Customer"}, {"s": 87970, "e": 95060, "w": "嗯 嗯 好 的 空调 您 说 是 刚 买 的 吗 就是 今年 刚 买 的 吗", "sp": "Agent"}, {"s": 95940, "e": 98490, "w": "去年 吧 没 有没有", "sp": "Customer"}, {"s": 98010, "e": 99120, "w": "一年", "sp": "Agent"}, {"s": 98770, "e": 101609, "w": "还 没用 多久 刚 要 刚刚 准备 使用", "sp": "Customer"}, {"s": 102030, "e": 105750, "w": "哦 好 的 就是 商用 的 中央 空调 桌面 机", "sp": "Agent"}, {"s": 106360, "e": 107420, "w": "嗯 是", "sp": "Customer"}, {"s": 107140, "e": 107426, "w": "外", "sp": "Agent"}, {"s": 107420, "e": 107950, "w": "的", "sp": "Customer"}, {"s": 107426, "e": 110580, "w": "呃 外 外 厅 是 有 放 平台 的 吗", "sp": "Agent"}, {"s": 111850, "e": 113170, "w": "有 有 有", "sp": "Customer"}, {"s": 113800, "e": 122420, "w": "好 的 申诉 最快 上门 是 在 三月 十 四号 就 明天 到时候 会 和 先生 您 提前 联系 因为 疫情 防控 公司 是 方便 深度 出入 嘛", "sp": "Agent"}, {"s": 123720, "e": 124810, "w": "可以 呀", "sp": "Customer"}, {"s": 125420, "e": 132147, "w": "嗯 好 您 看 还有 其他 需要 帮助 吗 已经 是 登记 好 了 嗯 好 的", "sp": "Agent"}, {"s": 131940, "e": 132406, "w": "没", "sp": "Customer"}, {"s": 132147, "e": 132665, "w": "大厅", "sp": "Agent"}, {"s": 132406, "e": 133340, "w": "时间", "sp": "Customer"}, {"s": 132665, "e": 139819, "w": "这边 也 是 说 嗯 不 客气 那 您 这边 有 兴趣 微 信 公众 号 欢迎 关注 使用 请 对 本次 服务 做 个 评价 祝您 生活 愉快", "sp": "Agent"}, {"s": 140530, "e": 141500, "w": "对", "sp": "Customer"}, {"s": 141380, "e": 142544, "w": "请 对 本次", "sp": "Agent"}, {"s": 142020, "e": 142599, "w": "好 的", "sp": "Customer"}, {"s": 142544, "e": 143126, "w": "服务", "sp": "Agent"}, {"s": 142600, "e": 142890, "w": "行", "sp": "Customer"}, {"s": 143126, "e": 148180, "w": "做 评价 感谢您 的 来电 再见", "sp": "Agent"}]}, "aqm": {"greeting": {"greeting_said": "为您服务, 售后, 高兴, 请问", "n_greeting_said": 4, "score": 1}, "closing": {"closing_said": "祝您, 生活, 愉快, 再见", "n_closing_said": 4, "score": 1}, "speed": {"speed_max": 6.19, "n_words": 33, "words": "嗯 好 王先生 您好 因为 我们 现在 系统 更新 看不到 您 手机号 麻烦 您 手机号 说 一下", "start": 48650, "end": 53980}}}