{"mediaId": "2022031318391253278300200000551202", "status": "Success", "dateCreated": "2022-03-21T18:45:50Z", "contentType": "audio/x-wav", "channels": "future use", "length": 301, "metadata": {"Sid": 10200, "Site_id": 783, "Audio_ch_num": 5512, "Audio_module_num": 783002, "Audio_start_time_gmt": "2022-03-13T10:34:11.077+08:00", "Transaction_id": "2022031318391253278300200000551202", "ContactID": "9204480223520000022", "Personal_id": "0", "Direction": 0, "Local_audio_start_time": "2022-03-13T18:34:11.077+08:00", "Local_audio_end_time": "2022-03-13T18:39:12.077+08:00", "Total_hold_time": "0", "Pbx_login_id": "", "Ani": "90102155368221", "Extension": "155368221", "String_extension": "90102155368221", "Switch_call_id": "SIP/AUDIO/2F3E1600-46B5-6A95-264F-501B9F7E1849", "Switch_id": "783000001", "Duration_seconds": 301, "Wrapup_time_in_seconds": "0", "Dnis": "19802907680", "Number_of_conferences": "0", "Number_of_holds": "0", "Number_of_transfers": "0", "Percent_of_agent_call": "113", "Percent_of_other_call": "66", "Percent_of_mutual_silence": "98", "Num_of_agent_cross": "19", "Num_of_other_cross": "16", "IsException": 0}, "transcript_detailed": {"words": [{"p": 1, "c": 0.9, "s": 13080, "e": 14010, "w": "嗯", "sp": "Agent"}, {"p": 2, "c": 0.9, "s": 20460, "e": 21470, "w": "嗯", "sp": "Agent"}, {"p": 3, "c": 0.9, "s": 23720, "e": 24619, "w": "嗯", "sp": "Agent"}, {"p": 4, "c": 0.9, "s": 31880, "e": 32451, "w": "六零", "sp": "Agent"}, {"p": 5, "c": 0.9, "s": 32451, "e": 33022, "w": "二二", "sp": "Agent"}, {"p": 6, "c": 0.9, "s": 33022, "e": 33308, "w": "号", "sp": "Agent"}, {"p": 7, "c": 0.9, "s": 33308, "e": 34449, "w": "为您服务", "sp": "Agent"}, {"p": 8, "c": 0.9, "s": 34450, "e": 35021, "w": "下午", "sp": "Agent"}, {"p": 9, "c": 0.9, "s": 35021, "e": 35307, "w": "好", "sp": "Agent"}, {"p": 10, "c": 0.9, "s": 35307, "e": 35878, "w": "在线", "sp": "Agent"}, {"p": 11, "c": 0.9, "s": 35878, "e": 36449, "w": "售后", "sp": "Agent"}, {"p": 12, "c": 0.9, "s": 36450, "e": 36735, "w": "很", "sp": "Agent"}, {"p": 13, "c": 0.9, "s": 36735, "e": 37306, "w": "高兴", "sp": "Agent"}, {"p": 14, "c": 0.9, "s": 37306, "e": 38449, "w": "为您服务", "sp": "Agent"}, {"p": 15, "c": 0.9, "s": 38449, "e": 39020, "w": "请问", "sp": "Agent"}, {"p": 16, "c": 0.9, "s": 39020, "e": 39306, "w": "有", "sp": "Agent"}, {"p": 17, "c": 0.9, "s": 39306, "e": 39877, "w": "什么", "sp": "Agent"}, {"p": 18, "c": 0.9, "s": 39877, "e": 40448, "w": "可以", "sp": "Agent"}, {"p": 19, "c": 0.9, "s": 40448, "e": 40734, "w": "帮", "sp": "Agent"}, {"p": 20, "c": 0.9, "s": 40734, "e": 41020, "w": "您", "sp": "Agent"}, {"p": 21, "c": 0.9, "s": 41760, "e": 42070, "w": "啊", "sp": "Customer"}, {"p": 22, "c": 0.9, "s": 42070, "e": 42690, "w": "你好", "sp": "Customer"}, {"p": 23, "c": 0.9, "s": 42690, "e": 43309, "w": "报修", "sp": "Customer"}, {"p": 24, "c": 0.9, "s": 43420, "e": 43575, "w": "嗯", "sp": "Agent"}, {"p": 25, "c": 0.9, "s": 43576, "e": 43732, "w": "好", "sp": "Agent"}, {"p": 26, "c": 0.9, "s": 43732, "e": 43887, "w": "的", "sp": "Agent"}, {"p": 27, "c": 0.9, "s": 43888, "e": 44045, "w": "您", "sp": "Agent"}, {"p": 28, "c": 0.9, "s": 44045, "e": 44357, "w": "这边", "sp": "Agent"}, {"p": 29, "c": 0.9, "s": 44357, "e": 44514, "w": "是", "sp": "Agent"}, {"p": 30, "c": 0.9, "s": 44514, "e": 44982, "w": "经销商", "sp": "Agent"}, {"p": 31, "c": 0.9, "s": 44982, "e": 45139, "w": "帮", "sp": "Agent"}, {"p": 32, "c": 0.9, "s": 45139, "e": 45451, "w": "用户", "sp": "Agent"}, {"p": 33, "c": 0.9, "s": 45451, "e": 45608, "w": "代", "sp": "Agent"}, {"p": 34, "c": 0.9, "s": 45608, "e": 45764, "w": "报", "sp": "Agent"}, {"p": 35, "c": 0.9, "s": 45764, "e": 46077, "w": "还是", "sp": "Agent"}, {"p": 36, "c": 0.9, "s": 46077, "e": 46389, "w": "自己", "sp": "Agent"}, {"p": 37, "c": 0.9, "s": 46389, "e": 46702, "w": "家用", "sp": "Agent"}, {"p": 38, "c": 0.9, "s": 46702, "e": 46857, "w": "的", "sp": "Agent"}, {"p": 39, "c": 0.9, "s": 46858, "e": 47171, "w": "机器", "sp": "Agent"}, {"p": 40, "c": 0.9, "s": 47171, "e": 47327, "w": "啊", "sp": "Agent"}, {"p": 41, "c": 0.9, "s": 47327, "e": 47640, "w": "先生", "sp": "Agent"}, {"p": 42, "c": 0.9, "s": 48400, "e": 48762, "w": "嗯", "sp": "Customer"}, {"p": 43, "c": 0.9, "s": 48762, "e": 49850, "w": "经销商", "sp": "Customer"}, {"p": 44, "c": 0.9, "s": 50070, "e": 50246, "w": "嗯", "sp": "Agent"}, {"p": 45, "c": 0.9, "s": 50246, "e": 50774, "w": "经销商", "sp": "Agent"}, {"p": 46, "c": 0.9, "s": 50775, "e": 50951, "w": "好", "sp": "Agent"}, {"p": 47, "c": 0.9, "s": 50951, "e": 51127, "w": "的", "sp": "Agent"}, {"p": 48, "c": 0.9, "s": 51127, "e": 51303, "w": "那", "sp": "Agent"}, {"p": 49, "c": 0.9, "s": 51304, "e": 51480, "w": "您", "sp": "Agent"}, {"p": 50, "c": 0.9, "s": 51480, "e": 51656, "w": "的", "sp": "Agent"}, {"p": 51, "c": 0.9, "s": 51656, "e": 52009, "w": "联系", "sp": "Agent"}, {"p": 52, "c": 0.9, "s": 52009, "e": 52184, "w": "您", "sp": "Agent"}, {"p": 53, "c": 0.9, "s": 52185, "e": 52538, "w": "还是", "sp": "Agent"}, {"p": 54, "c": 0.9, "s": 52538, "e": 52891, "w": "联系", "sp": "Agent"}, {"p": 55, "c": 0.9, "s": 52891, "e": 53243, "w": "用户", "sp": "Agent"}, {"p": 56, "c": 0.9, "s": 53243, "e": 53420, "w": "呢", "sp": "Agent"}, {"p": 57, "c": 0.9, "s": 54200, "e": 55040, "w": "联系", "sp": "Customer"}, {"p": 58, "c": 0.9, "s": 55040, "e": 55460, "w": "我", "sp": "Customer"}, {"p": 59, "c": 0.9, "s": 55580, "e": 55967, "w": "女士", "sp": "Agent"}, {"p": 60, "c": 0.9, "s": 55967, "e": 56354, "w": "您好", "sp": "Agent"}, {"p": 61, "c": 0.9, "s": 56354, "e": 56548, "w": "的", "sp": "Agent"}, {"p": 62, "c": 0.9, "s": 56548, "e": 56935, "w": "怎么", "sp": "Agent"}, {"p": 63, "c": 0.9, "s": 56935, "e": 57322, "w": "称呼", "sp": "Agent"}, {"p": 64, "c": 0.9, "s": 57322, "e": 57516, "w": "您", "sp": "Agent"}, {"p": 65, "c": 0.9, "s": 57516, "e": 57710, "w": "呀", "sp": "Agent"}, {"p": 66, "c": 0.9, "s": 58550, "e": 59063, "w": "姓", "sp": "Customer"}, {"p": 67, "c": 0.9, "s": 59063, "e": 59576, "w": "刘", "sp": "Customer"}, {"p": 68, "c": 0.9, "s": 59576, "e": 60090, "w": "啊", "sp": "Customer"}, {"p": 69, "c": 0.9, "s": 60210, "e": 60384, "w": "嗯", "sp": "Agent"}, {"p": 70, "c": 0.9, "s": 60384, "e": 60558, "w": "刘", "sp": "Agent"}, {"p": 71, "c": 0.9, "s": 60558, "e": 60906, "w": "先生", "sp": "Agent"}, {"p": 72, "c": 0.9, "s": 60907, "e": 61081, "w": "好", "sp": "Agent"}, {"p": 73, "c": 0.9, "s": 61081, "e": 61255, "w": "的", "sp": "Agent"}, {"p": 74, "c": 0.9, "s": 61255, "e": 61430, "w": "那", "sp": "Agent"}, {"p": 75, "c": 0.9, "s": 61430, "e": 61778, "w": "麻烦", "sp": "Agent"}, {"p": 76, "c": 0.9, "s": 61778, "e": 62127, "w": "预留", "sp": "Agent"}, {"p": 77, "c": 0.9, "s": 62127, "e": 62475, "w": "一个", "sp": "Agent"}, {"p": 78, "c": 0.9, "s": 62475, "e": 62823, "w": "方便", "sp": "Agent"}, {"p": 79, "c": 0.9, "s": 62824, "e": 63172, "w": "联系", "sp": "Agent"}, {"p": 80, "c": 0.9, "s": 63172, "e": 63347, "w": "到", "sp": "Agent"}, {"p": 81, "c": 0.9, "s": 63347, "e": 63521, "w": "您", "sp": "Agent"}, {"p": 82, "c": 0.9, "s": 63521, "e": 63695, "w": "的", "sp": "Agent"}, {"p": 83, "c": 0.9, "s": 63695, "e": 64392, "w": "手机号码", "sp": "Agent"}, {"p": 84, "c": 0.9, "s": 64392, "e": 64567, "w": "我", "sp": "Agent"}, {"p": 85, "c": 0.9, "s": 64567, "e": 64741, "w": "来", "sp": "Agent"}, {"p": 86, "c": 0.9, "s": 64740, "e": 65089, "w": "登记", "sp": "Agent"}, {"p": 87, "c": 0.9, "s": 66310, "e": 66796, "w": "幺", "sp": "Customer"}, {"p": 88, "c": 0.9, "s": 66796, "e": 67770, "w": "九八", "sp": "Customer"}, {"p": 89, "c": 0.9, "s": 67880, "e": 68336, "w": "幺", "sp": "Agent"}, {"p": 90, "c": 0.9, "s": 68336, "e": 69250, "w": "九八", "sp": "Agent"}, {"p": 91, "c": 0.9, "s": 69990, "e": 70402, "w": "零", "sp": "Customer"}, {"p": 92, "c": 0.9, "s": 70402, "e": 70815, "w": "二", "sp": "Customer"}, {"p": 93, "c": 0.9, "s": 70815, "e": 71640, "w": "九零", "sp": "Customer"}, {"p": 94, "c": 0.9, "s": 71700, "e": 72125, "w": "零", "sp": "Agent"}, {"p": 95, "c": 0.9, "s": 72125, "e": 72550, "w": "二", "sp": "Agent"}, {"p": 96, "c": 0.9, "s": 72550, "e": 73400, "w": "九零", "sp": "Agent"}, {"p": 97, "c": 0.9, "s": 73950, "e": 74329, "w": "七", "sp": "Customer"}, {"p": 98, "c": 0.9, "s": 74330, "e": 75090, "w": "六八", "sp": "Customer"}, {"p": 99, "c": 0.9, "s": 75090, "e": 75469, "w": "零", "sp": "Customer"}, {"p": 100, "c": 0.9, "s": 75650, "e": 75862, "w": "七", "sp": "Agent"}, {"p": 101, "c": 0.9, "s": 75862, "e": 76286, "w": "六八", "sp": "Agent"}, {"p": 102, "c": 0.9, "s": 76286, "e": 76498, "w": "零", "sp": "Agent"}, {"p": 103, "c": 0.9, "s": 76498, "e": 76710, "w": "好", "sp": "Agent"}, {"p": 104, "c": 0.9, "s": 76710, "e": 76922, "w": "的", "sp": "Agent"}, {"p": 105, "c": 0.9, "s": 76922, "e": 77346, "w": "核对", "sp": "Agent"}, {"p": 106, "c": 0.9, "s": 77346, "e": 77770, "w": "一下", "sp": "Agent"}, {"p": 107, "c": 0.9, "s": 77770, "e": 77981, "w": "是", "sp": "Agent"}, {"p": 108, "c": 0.9, "s": 77982, "e": 78195, "w": "幺", "sp": "Agent"}, {"p": 109, "c": 0.9, "s": 78195, "e": 78619, "w": "九八", "sp": "Agent"}, {"p": 110, "c": 0.9, "s": 78619, "e": 78831, "w": "零", "sp": "Agent"}, {"p": 111, "c": 0.9, "s": 78831, "e": 79255, "w": "二九", "sp": "Agent"}, {"p": 112, "c": 0.9, "s": 79255, "e": 79679, "w": "零七", "sp": "Agent"}, {"p": 113, "c": 0.9, "s": 79679, "e": 80103, "w": "六八", "sp": "Agent"}, {"p": 114, "c": 0.9, "s": 80103, "e": 80314, "w": "零", "sp": "Agent"}, {"p": 115, "c": 0.9, "s": 80315, "e": 80527, "w": "对", "sp": "Agent"}, {"p": 116, "c": 0.9, "s": 80527, "e": 80740, "w": "吗", "sp": "Agent"}, {"p": 117, "c": 0.9, "s": 81350, "e": 82350, "w": "对", "sp": "Customer"}, {"p": 118, "c": 0.9, "s": 82410, "e": 82597, "w": "啊", "sp": "Agent"}, {"p": 119, "c": 0.9, "s": 82597, "e": 82785, "w": "好", "sp": "Agent"}, {"p": 120, "c": 0.9, "s": 82785, "e": 82973, "w": "的", "sp": "Agent"}, {"p": 121, "c": 0.9, "s": 82973, "e": 83161, "w": "那", "sp": "Agent"}, {"p": 122, "c": 0.9, "s": 83161, "e": 83537, "w": "优惠", "sp": "Agent"}, {"p": 123, "c": 0.9, "s": 83537, "e": 83913, "w": "机器", "sp": "Agent"}, {"p": 124, "c": 0.9, "s": 83913, "e": 84288, "w": "大概", "sp": "Agent"}, {"p": 125, "c": 0.9, "s": 84288, "e": 84476, "w": "是", "sp": "Agent"}, {"p": 126, "c": 0.9, "s": 84476, "e": 84852, "w": "什么", "sp": "Agent"}, {"p": 127, "c": 0.9, "s": 84852, "e": 85228, "w": "时间", "sp": "Agent"}, {"p": 128, "c": 0.9, "s": 85228, "e": 85604, "w": "购买", "sp": "Agent"}, {"p": 129, "c": 0.9, "s": 85604, "e": 85792, "w": "的", "sp": "Agent"}, {"p": 130, "c": 0.9, "s": 85792, "e": 85980, "w": "呀", "sp": "Agent"}, {"p": 131, "c": 0.9, "s": 88330, "e": 89510, "w": "对", "sp": "Customer"}, {"p": 132, "c": 0.9, "s": 89630, "e": 89878, "w": "哎", "sp": "Agent"}, {"p": 133, "c": 0.9, "s": 89878, "e": 90374, "w": "您好", "sp": "Agent"}, {"p": 134, "c": 0.9, "s": 90374, "e": 90870, "w": "请问", "sp": "Agent"}, {"p": 135, "c": 0.9, "s": 90870, "e": 91366, "w": "可以", "sp": "Agent"}, {"p": 136, "c": 0.9, "s": 91366, "e": 91862, "w": "听见", "sp": "Agent"}, {"p": 137, "c": 0.9, "s": 91862, "e": 92110, "w": "吗", "sp": "Agent"}, {"p": 138, "c": 0.9, "s": 92610, "e": 92858, "w": "哦", "sp": "Customer"}, {"p": 139, "c": 0.9, "s": 92858, "e": 93107, "w": "刚", "sp": "Customer"}, {"p": 140, "c": 0.9, "s": 93107, "e": 93604, "w": "信号", "sp": "Customer"}, {"p": 141, "c": 0.9, "s": 93604, "e": 93853, "w": "不", "sp": "Customer"}, {"p": 142, "c": 0.9, "s": 93853, "e": 94102, "w": "太", "sp": "Customer"}, {"p": 143, "c": 0.9, "s": 94102, "e": 94350, "w": "好", "sp": "Customer"}, {"p": 144, "c": 0.9, "s": 94350, "e": 94599, "w": "嗯", "sp": "Customer"}, {"p": 145, "c": 0.9, "s": 94599, "e": 95096, "w": "正好", "sp": "Customer"}, {"p": 146, "c": 0.9, "s": 95096, "e": 95594, "w": "听见", "sp": "Customer"}, {"p": 147, "c": 0.9, "s": 95400, "e": 95601, "w": "嗯", "sp": "Agent"}, {"p": 148, "c": 0.9, "s": 95594, "e": 95842, "w": "了", "sp": "Customer"}, {"p": 149, "c": 0.9, "s": 95601, "e": 95801, "w": "嗯", "sp": "Agent"}, {"p": 150, "c": 0.9, "s": 95802, "e": 96004, "w": "好", "sp": "Agent"}, {"p": 151, "c": 0.9, "s": 95842, "e": 96091, "w": "嗯", "sp": "Customer"}, {"p": 152, "c": 0.9, "s": 96004, "e": 96204, "w": "的", "sp": "Agent"}, {"p": 153, "c": 0.9, "s": 96091, "e": 96340, "w": "好", "sp": "Customer"}, {"p": 154, "c": 0.9, "s": 96205, "e": 96406, "w": "那", "sp": "Agent"}, {"p": 155, "c": 0.9, "s": 96406, "e": 96608, "w": "嗯", "sp": "Agent"}, {"p": 156, "c": 0.9, "s": 96608, "e": 96809, "w": "那", "sp": "Agent"}, {"p": 157, "c": 0.9, "s": 96809, "e": 97212, "w": "优惠", "sp": "Agent"}, {"p": 158, "c": 0.9, "s": 97212, "e": 97615, "w": "机器", "sp": "Agent"}, {"p": 159, "c": 0.9, "s": 97615, "e": 98017, "w": "大概", "sp": "Agent"}, {"p": 160, "c": 0.9, "s": 98017, "e": 98219, "w": "是", "sp": "Agent"}, {"p": 161, "c": 0.9, "s": 98219, "e": 98621, "w": "什么", "sp": "Agent"}, {"p": 162, "c": 0.9, "s": 98621, "e": 99024, "w": "时间", "sp": "Agent"}, {"p": 163, "c": 0.9, "s": 99024, "e": 99427, "w": "购买", "sp": "Agent"}, {"p": 164, "c": 0.9, "s": 99427, "e": 99628, "w": "的", "sp": "Agent"}, {"p": 165, "c": 0.9, "s": 99628, "e": 99830, "w": "呢", "sp": "Agent"}, {"p": 166, "c": 0.9, "s": 100830, "e": 101089, "w": "嗯", "sp": "Customer"}, {"p": 167, "c": 0.9, "s": 101089, "e": 101348, "w": "在", "sp": "Customer"}, {"p": 168, "c": 0.9, "s": 101348, "e": 101607, "w": "保", "sp": "Customer"}, {"p": 169, "c": 0.9, "s": 101607, "e": 101866, "w": "内", "sp": "Customer"}, {"p": 170, "c": 0.9, "s": 101866, "e": 102125, "w": "是", "sp": "Customer"}, {"p": 171, "c": 0.9, "s": 102125, "e": 102643, "w": "去年", "sp": "Customer"}, {"p": 172, "c": 0.9, "s": 102643, "e": 102902, "w": "买", "sp": "Customer"}, {"p": 173, "c": 0.9, "s": 102902, "e": 103161, "w": "的", "sp": "Customer"}, {"p": 174, "c": 0.9, "s": 103161, "e": 103420, "w": "啊", "sp": "Customer"}, {"p": 175, "c": 0.9, "s": 103370, "e": 103560, "w": "嗯", "sp": "Agent"}, {"p": 176, "c": 0.9, "s": 103560, "e": 103940, "w": "去年", "sp": "Agent"}, {"p": 177, "c": 0.9, "s": 103941, "e": 104132, "w": "买", "sp": "Agent"}, {"p": 178, "c": 0.9, "s": 104132, "e": 104322, "w": "的", "sp": "Agent"}, {"p": 179, "c": 0.9, "s": 104322, "e": 104513, "w": "好", "sp": "Agent"}, {"p": 180, "c": 0.9, "s": 104513, "e": 104703, "w": "的", "sp": "Agent"}, {"p": 181, "c": 0.9, "s": 104703, "e": 104894, "w": "那", "sp": "Agent"}, {"p": 182, "c": 0.9, "s": 104894, "e": 105274, "w": "机器", "sp": "Agent"}, {"p": 183, "c": 0.9, "s": 105275, "e": 105656, "w": "的话", "sp": "Agent"}, {"p": 184, "c": 0.9, "s": 105656, "e": 106036, "w": "型号", "sp": "Agent"}, {"p": 185, "c": 0.9, "s": 106037, "e": 106227, "w": "您", "sp": "Agent"}, {"p": 186, "c": 0.9, "s": 106227, "e": 106607, "w": "这边", "sp": "Agent"}, {"p": 187, "c": 0.9, "s": 106608, "e": 106989, "w": "知道", "sp": "Agent"}, {"p": 188, "c": 0.9, "s": 106989, "e": 107180, "w": "吗", "sp": "Agent"}, {"p": 189, "c": 0.9, "s": 107880, "e": 108173, "w": "啊", "sp": "Customer"}, {"p": 190, "c": 0.9, "s": 108173, "e": 108465, "w": "没", "sp": "Customer"}, {"p": 191, "c": 0.9, "s": 108466, "e": 108759, "w": "呃", "sp": "Customer"}, {"p": 192, "c": 0.9, "s": 108759, "e": 109052, "w": "到", "sp": "Customer"}, {"p": 193, "c": 0.9, "s": 109052, "e": 109638, "w": "现场", "sp": "Customer"}, {"p": 194, "c": 0.9, "s": 109638, "e": 110224, "w": "看到", "sp": "Customer"}, {"p": 195, "c": 0.9, "s": 110224, "e": 110810, "w": "之后", "sp": "Customer"}, {"p": 196, "c": 0.9, "s": 110810, "e": 111007, "w": "啊", "sp": "Agent"}, {"p": 197, "c": 0.9, "s": 111008, "e": 111206, "w": "行", "sp": "Agent"}, {"p": 198, "c": 0.9, "s": 111206, "e": 111405, "w": "好", "sp": "Agent"}, {"p": 199, "c": 0.9, "s": 111405, "e": 111603, "w": "的", "sp": "Agent"}, {"p": 200, "c": 0.9, "s": 111603, "e": 111801, "w": "那", "sp": "Agent"}, {"p": 201, "c": 0.9, "s": 111802, "e": 112000, "w": "是", "sp": "Agent"}, {"p": 202, "c": 0.9, "s": 112000, "e": 112397, "w": "家用", "sp": "Agent"}, {"p": 203, "c": 0.9, "s": 112397, "e": 112794, "w": "中央", "sp": "Agent"}, {"p": 204, "c": 0.9, "s": 112794, "e": 113191, "w": "空调", "sp": "Agent"}, {"p": 205, "c": 0.9, "s": 113191, "e": 113587, "w": "还是", "sp": "Agent"}, {"p": 206, "c": 0.9, "s": 113587, "e": 113984, "w": "挂机", "sp": "Agent"}, {"p": 207, "c": 0.9, "s": 113984, "e": 114381, "w": "对接", "sp": "Agent"}, {"p": 208, "c": 0.9, "s": 114381, "e": 114579, "w": "呢", "sp": "Agent"}, {"p": 209, "c": 0.9, "s": 115210, "e": 115446, "w": "一", "sp": "Customer"}, {"p": 210, "c": 0.9, "s": 115446, "e": 115683, "w": "托", "sp": "Customer"}, {"p": 211, "c": 0.9, "s": 115683, "e": 115920, "w": "六", "sp": "Customer"}, {"p": 212, "c": 0.9, "s": 115920, "e": 116156, "w": "的", "sp": "Customer"}, {"p": 213, "c": 0.9, "s": 116156, "e": 116630, "w": "加油", "sp": "Customer"}, {"p": 214, "c": 0.9, "s": 116630, "e": 116866, "w": "装", "sp": "Customer"}, {"p": 215, "c": 0.9, "s": 116866, "e": 117340, "w": "空调", "sp": "Customer"}, {"p": 216, "c": 0.9, "s": 117430, "e": 117635, "w": "托", "sp": "Agent"}, {"p": 217, "c": 0.9, "s": 117635, "e": 117841, "w": "六", "sp": "Agent"}, {"p": 218, "c": 0.9, "s": 117841, "e": 118046, "w": "好", "sp": "Agent"}, {"p": 219, "c": 0.9, "s": 118046, "e": 118252, "w": "的", "sp": "Agent"}, {"p": 220, "c": 0.9, "s": 118252, "e": 118457, "w": "那", "sp": "Agent"}, {"p": 221, "c": 0.9, "s": 118457, "e": 118663, "w": "其", "sp": "Agent"}, {"p": 222, "c": 0.9, "s": 118663, "e": 119074, "w": "实是", "sp": "Agent"}, {"p": 223, "c": 0.9, "s": 119074, "e": 119485, "w": "现在", "sp": "Agent"}, {"p": 224, "c": 0.9, "s": 119485, "e": 119896, "w": "遇到", "sp": "Agent"}, {"p": 225, "c": 0.9, "s": 119896, "e": 120102, "w": "了", "sp": "Agent"}, {"p": 226, "c": 0.9, "s": 120102, "e": 120513, "w": "什么", "sp": "Agent"}, {"p": 227, "c": 0.9, "s": 120513, "e": 120924, "w": "问题", "sp": "Agent"}, {"p": 228, "c": 0.9, "s": 120924, "e": 121130, "w": "呀", "sp": "Agent"}, {"p": 229, "c": 0.9, "s": 123420, "e": 123793, "w": "呃", "sp": "Customer"}, {"p": 230, "c": 0.9, "s": 123793, "e": 124167, "w": "有", "sp": "Customer"}, {"p": 231, "c": 0.9, "s": 124167, "e": 124540, "w": "一", "sp": "Customer"}, {"p": 232, "c": 0.9, "s": 124540, "e": 124914, "w": "户", "sp": "Customer"}, {"p": 233, "c": 0.9, "s": 124914, "e": 125288, "w": "是", "sp": "Customer"}, {"p": 234, "c": 0.9, "s": 125288, "e": 126035, "w": "客厅", "sp": "Customer"}, {"p": 235, "c": 0.9, "s": 126035, "e": 126409, "w": "的", "sp": "Customer"}, {"p": 236, "c": 0.9, "s": 126409, "e": 127156, "w": "意向", "sp": "Customer"}, {"p": 237, "c": 0.9, "s": 127140, "e": 127417, "w": "嗯", "sp": "Agent"}, {"p": 238, "c": 0.9, "s": 127156, "e": 127530, "w": "啊", "sp": "Customer"}, {"p": 239, "c": 0.9, "s": 127417, "e": 127695, "w": "嗯", "sp": "Agent"}, {"p": 240, "c": 0.9, "s": 127695, "e": 128250, "w": "室内", "sp": "Agent"}, {"p": 241, "c": 0.9, "s": 128250, "e": 128526, "w": "机", "sp": "Agent"}, {"p": 242, "c": 0.9, "s": 128526, "e": 129081, "w": "现在", "sp": "Agent"}, {"p": 243, "c": 0.9, "s": 129082, "e": 129360, "w": "有", "sp": "Agent"}, {"p": 244, "c": 0.9, "s": 129360, "e": 129914, "w": "意向", "sp": "Agent"}, {"p": 245, "c": 0.9, "s": 129914, "e": 130191, "w": "是", "sp": "Agent"}, {"p": 246, "c": 0.9, "s": 130192, "e": 130470, "w": "吗", "sp": "Agent"}, {"p": 247, "c": 0.9, "s": 130820, "e": 131850, "w": "对", "sp": "Customer"}, {"p": 248, "c": 0.9, "s": 131800, "e": 132008, "w": "嗯", "sp": "Agent"}, {"p": 249, "c": 0.9, "s": 132008, "e": 132217, "w": "好", "sp": "Agent"}, {"p": 250, "c": 0.9, "s": 132217, "e": 132426, "w": "的", "sp": "Agent"}, {"p": 251, "c": 0.9, "s": 132426, "e": 132635, "w": "那", "sp": "Agent"}, {"p": 252, "c": 0.9, "s": 132635, "e": 133052, "w": "具体", "sp": "Agent"}, {"p": 253, "c": 0.9, "s": 133052, "e": 133261, "w": "的", "sp": "Agent"}, {"p": 254, "c": 0.9, "s": 133261, "e": 133678, "w": "上门", "sp": "Agent"}, {"p": 255, "c": 0.9, "s": 133678, "e": 134096, "w": "地址", "sp": "Agent"}, {"p": 256, "c": 0.9, "s": 134096, "e": 134305, "w": "是", "sp": "Agent"}, {"p": 257, "c": 0.9, "s": 134305, "e": 134512, "w": "在", "sp": "Agent"}, {"p": 258, "c": 0.9, "s": 134513, "e": 134931, "w": "哪里", "sp": "Agent"}, {"p": 259, "c": 0.9, "s": 134931, "e": 135140, "w": "呢", "sp": "Agent"}, {"p": 260, "c": 0.9, "s": 135810, "e": 136966, "w": "陕西省", "sp": "Customer"}, {"p": 261, "c": 0.9, "s": 136966, "e": 138123, "w": "西安市", "sp": "Customer"}, {"p": 262, "c": 0.9, "s": 138080, "e": 138483, "w": "嗯", "sp": "Agent"}, {"p": 263, "c": 0.9, "s": 138123, "e": 138894, "w": "长安", "sp": "Customer"}, {"p": 264, "c": 0.9, "s": 138483, "e": 138886, "w": "行", "sp": "Agent"}, {"p": 265, "c": 0.9, "s": 138886, "e": 139693, "w": "长安", "sp": "Agent"}, {"p": 266, "c": 0.9, "s": 138894, "e": 139280, "w": "区", "sp": "Customer"}, {"p": 267, "c": 0.9, "s": 139693, "e": 140096, "w": "区", "sp": "Agent"}, {"p": 268, "c": 0.9, "s": 140096, "e": 140500, "w": "好", "sp": "Agent"}, {"p": 269, "c": 0.9, "s": 140500, "e": 141306, "w": "之后", "sp": "Agent"}, {"p": 270, "c": 0.9, "s": 141306, "e": 141710, "w": "是", "sp": "Agent"}, {"p": 271, "c": 0.9, "s": 142280, "e": 142980, "w": "学府", "sp": "Customer"}, {"p": 272, "c": 0.9, "s": 142980, "e": 143680, "w": "大街", "sp": "Customer"}, {"p": 273, "c": 0.9, "s": 143680, "e": 144379, "w": "中海", "sp": "Customer"}, {"p": 274, "c": 0.9, "s": 143890, "e": 144578, "w": "学府", "sp": "Agent"}, {"p": 275, "c": 0.9, "s": 144380, "e": 145080, "w": "长安", "sp": "Customer"}, {"p": 276, "c": 0.9, "s": 144578, "e": 145266, "w": "大街", "sp": "Agent"}, {"p": 277, "c": 0.9, "s": 145080, "e": 145430, "w": "府", "sp": "Customer"}, {"p": 278, "c": 0.9, "s": 145266, "e": 145955, "w": "中海", "sp": "Agent"}, {"p": 279, "c": 0.9, "s": 145955, "e": 146643, "w": "长安", "sp": "Agent"}, {"p": 280, "c": 0.9, "s": 146370, "e": 147280, "w": "嗯", "sp": "Customer"}, {"p": 281, "c": 0.9, "s": 146643, "e": 146987, "w": "府", "sp": "Agent"}, {"p": 282, "c": 0.9, "s": 146987, "e": 147675, "w": "之后", "sp": "Agent"}, {"p": 283, "c": 0.9, "s": 147675, "e": 148020, "w": "是", "sp": "Agent"}, {"p": 284, "c": 0.9, "s": 147850, "e": 148291, "w": "对", "sp": "Customer"}, {"p": 285, "c": 0.9, "s": 148291, "e": 148732, "w": "呃", "sp": "Customer"}, {"p": 286, "c": 0.9, "s": 148732, "e": 149172, "w": "八", "sp": "Customer"}, {"p": 287, "c": 0.9, "s": 149010, "e": 150010, "w": "嗯", "sp": "Agent"}, {"p": 288, "c": 0.9, "s": 149173, "e": 149614, "w": "杠", "sp": "Customer"}, {"p": 289, "c": 0.9, "s": 149614, "e": 150055, "w": "二", "sp": "Customer"}, {"p": 290, "c": 0.9, "s": 150055, "e": 150495, "w": "杠", "sp": "Customer"}, {"p": 291, "c": 0.9, "s": 150496, "e": 150937, "w": "一", "sp": "Customer"}, {"p": 292, "c": 0.9, "s": 150937, "e": 151819, "w": "零零", "sp": "Customer"}, {"p": 293, "c": 0.9, "s": 151819, "e": 152260, "w": "二", "sp": "Customer"}, {"p": 294, "c": 0.9, "s": 152290, "e": 152514, "w": "一", "sp": "Agent"}, {"p": 295, "c": 0.9, "s": 152514, "e": 152964, "w": "零零", "sp": "Agent"}, {"p": 296, "c": 0.9, "s": 152964, "e": 153189, "w": "二", "sp": "Agent"}, {"p": 297, "c": 0.9, "s": 153189, "e": 153414, "w": "好", "sp": "Agent"}, {"p": 298, "c": 0.9, "s": 153414, "e": 153639, "w": "的", "sp": "Agent"}, {"p": 299, "c": 0.9, "s": 153639, "e": 153864, "w": "那", "sp": "Agent"}, {"p": 300, "c": 0.9, "s": 153864, "e": 154089, "w": "再", "sp": "Agent"}, {"p": 301, "c": 0.9, "s": 154089, "e": 154314, "w": "跟", "sp": "Agent"}, {"p": 302, "c": 0.9, "s": 154314, "e": 154538, "w": "您", "sp": "Agent"}, {"p": 303, "c": 0.9, "s": 154538, "e": 154987, "w": "核对", "sp": "Agent"}, {"p": 304, "c": 0.9, "s": 154620, "e": 155620, "w": "对", "sp": "Customer"}, {"p": 305, "c": 0.9, "s": 154988, "e": 155438, "w": "一下", "sp": "Agent"}, {"p": 306, "c": 0.9, "s": 155438, "e": 155888, "w": "地址", "sp": "Agent"}, {"p": 307, "c": 0.9, "s": 155888, "e": 156562, "w": "陕西省", "sp": "Agent"}, {"p": 308, "c": 0.9, "s": 156562, "e": 157237, "w": "西安市", "sp": "Agent"}, {"p": 309, "c": 0.9, "s": 157237, "e": 157462, "w": "好", "sp": "Agent"}, {"p": 310, "c": 0.9, "s": 157462, "e": 157687, "w": "的", "sp": "Agent"}, {"p": 311, "c": 0.9, "s": 157687, "e": 158137, "w": "长安", "sp": "Agent"}, {"p": 312, "c": 0.9, "s": 158137, "e": 158362, "w": "区", "sp": "Agent"}, {"p": 313, "c": 0.9, "s": 158362, "e": 158811, "w": "学府", "sp": "Agent"}, {"p": 314, "c": 0.9, "s": 158811, "e": 159261, "w": "大街", "sp": "Agent"}, {"p": 315, "c": 0.9, "s": 159261, "e": 159711, "w": "中海", "sp": "Agent"}, {"p": 316, "c": 0.9, "s": 159711, "e": 160161, "w": "长安", "sp": "Agent"}, {"p": 317, "c": 0.9, "s": 160161, "e": 160386, "w": "府", "sp": "Agent"}, {"p": 318, "c": 0.9, "s": 160386, "e": 160611, "w": "八", "sp": "Agent"}, {"p": 319, "c": 0.9, "s": 160611, "e": 160834, "w": "栋", "sp": "Agent"}, {"p": 320, "c": 0.9, "s": 160835, "e": 161060, "w": "二", "sp": "Agent"}, {"p": 321, "c": 0.9, "s": 161060, "e": 161510, "w": "单元", "sp": "Agent"}, {"p": 322, "c": 0.9, "s": 161510, "e": 161735, "w": "一", "sp": "Agent"}, {"p": 323, "c": 0.9, "s": 161735, "e": 162185, "w": "零零", "sp": "Agent"}, {"p": 324, "c": 0.9, "s": 162185, "e": 162410, "w": "二", "sp": "Agent"}, {"p": 325, "c": 0.9, "s": 162410, "e": 162635, "w": "对", "sp": "Agent"}, {"p": 326, "c": 0.9, "s": 162635, "e": 162860, "w": "吗", "sp": "Agent"}, {"p": 327, "c": 0.9, "s": 163360, "e": 163787, "w": "对", "sp": "Customer"}, {"p": 328, "c": 0.9, "s": 163787, "e": 164215, "w": "嗯", "sp": "Customer"}, {"p": 329, "c": 0.9, "s": 164215, "e": 164642, "w": "呃", "sp": "Customer"}, {"p": 330, "c": 0.9, "s": 164620, "e": 164913, "w": "嗯", "sp": "Agent"}, {"p": 331, "c": 0.9, "s": 164642, "e": 165497, "w": "还有", "sp": "Customer"}, {"p": 332, "c": 0.9, "s": 164913, "e": 165206, "w": "好", "sp": "Agent"}, {"p": 333, "c": 0.9, "s": 165206, "e": 165500, "w": "的", "sp": "Agent"}, {"p": 334, "c": 0.9, "s": 165497, "e": 166351, "w": "疑惑", "sp": "Customer"}, {"p": 335, "c": 0.9, "s": 165500, "e": 165793, "w": "那", "sp": "Agent"}, {"p": 336, "c": 0.9, "s": 165793, "e": 166086, "w": "他", "sp": "Agent"}, {"p": 337, "c": 0.9, "s": 166086, "e": 166380, "w": "外", "sp": "Agent"}, {"p": 338, "c": 0.9, "s": 166352, "e": 166780, "w": "啊", "sp": "Customer"}, {"p": 339, "c": 0.9, "s": 166660, "e": 166822, "w": "啊", "sp": "Agent"}, {"p": 340, "c": 0.9, "s": 166822, "e": 166985, "w": "啊", "sp": "Agent"}, {"p": 341, "c": 0.9, "s": 166985, "e": 167310, "w": "还有", "sp": "Agent"}, {"p": 342, "c": 0.9, "s": 167310, "e": 167472, "w": "一", "sp": "Agent"}, {"p": 343, "c": 0.9, "s": 167472, "e": 167635, "w": "户", "sp": "Agent"}, {"p": 344, "c": 0.9, "s": 167635, "e": 167797, "w": "好", "sp": "Agent"}, {"p": 345, "c": 0.9, "s": 167797, "e": 167959, "w": "的", "sp": "Agent"}, {"p": 346, "c": 0.9, "s": 167960, "e": 168122, "w": "那", "sp": "Agent"}, {"p": 347, "c": 0.9, "s": 168122, "e": 168284, "w": "您", "sp": "Agent"}, {"p": 348, "c": 0.9, "s": 168285, "e": 168447, "w": "稍", "sp": "Agent"}, {"p": 349, "c": 0.9, "s": 168447, "e": 168610, "w": "等", "sp": "Agent"}, {"p": 350, "c": 0.9, "s": 168610, "e": 168935, "w": "这边", "sp": "Agent"}, {"p": 351, "c": 0.9, "s": 168910, "e": 169130, "w": "对", "sp": "Customer"}, {"p": 352, "c": 0.9, "s": 168935, "e": 169097, "w": "我", "sp": "Agent"}, {"p": 353, "c": 0.9, "s": 169097, "e": 169260, "w": "先", "sp": "Agent"}, {"p": 354, "c": 0.9, "s": 169130, "e": 169571, "w": "这个", "sp": "Customer"}, {"p": 355, "c": 0.9, "s": 169260, "e": 169422, "w": "帮", "sp": "Agent"}, {"p": 356, "c": 0.9, "s": 169422, "e": 169584, "w": "您", "sp": "Agent"}, {"p": 357, "c": 0.9, "s": 169571, "e": 169791, "w": "不", "sp": "Customer"}, {"p": 358, "c": 0.9, "s": 169585, "e": 169747, "w": "把", "sp": "Agent"}, {"p": 359, "c": 0.9, "s": 169747, "e": 170071, "w": "支付", "sp": "Agent"}, {"p": 360, "c": 0.9, "s": 169791, "e": 170232, "w": "需要", "sp": "Customer"}, {"p": 361, "c": 0.9, "s": 170072, "e": 170397, "w": "登记", "sp": "Agent"}, {"p": 362, "c": 0.9, "s": 170232, "e": 170452, "w": "去", "sp": "Customer"}, {"p": 363, "c": 0.9, "s": 170397, "e": 170560, "w": "完", "sp": "Agent"}, {"p": 364, "c": 0.9, "s": 170452, "e": 170672, "w": "看", "sp": "Customer"}, {"p": 365, "c": 0.9, "s": 170673, "e": 170893, "w": "外", "sp": "Customer"}, {"p": 366, "c": 0.9, "s": 170893, "e": 171114, "w": "机", "sp": "Customer"}, {"p": 367, "c": 0.9, "s": 171070, "e": 172010, "w": "嗯", "sp": "Agent"}, {"p": 368, "c": 0.9, "s": 171114, "e": 171555, "w": "这个", "sp": "Customer"}, {"p": 369, "c": 0.9, "s": 171555, "e": 171775, "w": "不", "sp": "Customer"}, {"p": 370, "c": 0.9, "s": 171775, "e": 172215, "w": "需要", "sp": "Customer"}, {"p": 371, "c": 0.9, "s": 172216, "e": 172436, "w": "去", "sp": "Customer"}, {"p": 372, "c": 0.9, "s": 172436, "e": 172657, "w": "看", "sp": "Customer"}, {"p": 373, "c": 0.9, "s": 172657, "e": 172877, "w": "外", "sp": "Customer"}, {"p": 374, "c": 0.9, "s": 172877, "e": 173097, "w": "机", "sp": "Customer"}, {"p": 375, "c": 0.9, "s": 173060, "e": 173390, "w": "啊", "sp": "Agent"}, {"p": 376, "c": 0.9, "s": 173097, "e": 173318, "w": "啊", "sp": "Customer"}, {"p": 377, "c": 0.9, "s": 173318, "e": 173758, "w": "就是", "sp": "Customer"}, {"p": 378, "c": 0.9, "s": 173390, "e": 173720, "w": "不", "sp": "Agent"}, {"p": 379, "c": 0.9, "s": 173720, "e": 174380, "w": "需要", "sp": "Agent"}, {"p": 380, "c": 0.9, "s": 173759, "e": 174200, "w": "室内", "sp": "Customer"}, {"p": 381, "c": 0.9, "s": 174200, "e": 174420, "w": "机", "sp": "Customer"}, {"p": 382, "c": 0.9, "s": 174380, "e": 175370, "w": "开玩笑", "sp": "Agent"}, {"p": 383, "c": 0.9, "s": 174420, "e": 174640, "w": "逸", "sp": "Customer"}, {"p": 384, "c": 0.9, "s": 174640, "e": 174861, "w": "享", "sp": "Customer"}, {"p": 385, "c": 0.9, "s": 174861, "e": 175301, "w": "处理", "sp": "Customer"}, {"p": 386, "c": 0.9, "s": 175302, "e": 175742, "w": "要求", "sp": "Customer"}, {"p": 387, "c": 0.9, "s": 175370, "e": 175700, "w": "嗯", "sp": "Agent"}, {"p": 388, "c": 0.9, "s": 175742, "e": 175963, "w": "对", "sp": "Customer"}, {"p": 389, "c": 0.9, "s": 175963, "e": 176183, "w": "对", "sp": "Customer"}, {"p": 390, "c": 0.9, "s": 175980, "e": 176200, "w": "啊", "sp": "Agent"}, {"p": 391, "c": 0.9, "s": 176183, "e": 176403, "w": "对", "sp": "Customer"}, {"p": 392, "c": 0.9, "s": 176200, "e": 176420, "w": "是", "sp": "Agent"}, {"p": 393, "c": 0.9, "s": 176404, "e": 176624, "w": "嗯", "sp": "Customer"}, {"p": 394, "c": 0.9, "s": 176420, "e": 176640, "w": "的", "sp": "Agent"}, {"p": 395, "c": 0.9, "s": 176624, "e": 177064, "w": "还有", "sp": "Customer"}, {"p": 396, "c": 0.9, "s": 176640, "e": 176860, "w": "第", "sp": "Agent"}, {"p": 397, "c": 0.9, "s": 176860, "e": 177300, "w": "一项", "sp": "Agent"}, {"p": 398, "c": 0.9, "s": 177065, "e": 177285, "w": "一", "sp": "Customer"}, {"p": 399, "c": 0.9, "s": 177285, "e": 177506, "w": "户", "sp": "Customer"}, {"p": 400, "c": 0.9, "s": 177300, "e": 177520, "w": "好", "sp": "Agent"}, {"p": 401, "c": 0.9, "s": 177506, "e": 177726, "w": "嗯", "sp": "Customer"}, {"p": 402, "c": 0.9, "s": 177520, "e": 177740, "w": "的", "sp": "Agent"}, {"p": 403, "c": 0.9, "s": 177726, "e": 177946, "w": "我", "sp": "Customer"}, {"p": 404, "c": 0.9, "s": 177740, "e": 177960, "w": "那", "sp": "Agent"}, {"p": 405, "c": 0.9, "s": 177947, "e": 178167, "w": "报", "sp": "Customer"}, {"p": 406, "c": 0.9, "s": 178167, "e": 178608, "w": "一下", "sp": "Customer"}, {"p": 407, "c": 0.9, "s": 178608, "e": 179049, "w": "华宝", "sp": "Customer"}, {"p": 408, "c": 0.9, "s": 179049, "e": 179269, "w": "他", "sp": "Customer"}, {"p": 409, "c": 0.9, "s": 179269, "e": 179489, "w": "的", "sp": "Customer"}, {"p": 410, "c": 0.9, "s": 179510, "e": 180480, "w": "嗯", "sp": "Agent"}, {"p": 411, "c": 0.9, "s": 197360, "e": 197842, "w": "账号", "sp": "Customer"}, {"p": 412, "c": 0.9, "s": 197842, "e": 198325, "w": "名叫", "sp": "Customer"}, {"p": 413, "c": 0.9, "s": 198325, "e": 198808, "w": "什么", "sp": "Customer"}, {"p": 414, "c": 0.9, "s": 198808, "e": 199050, "w": "名", "sp": "Customer"}, {"p": 415, "c": 0.9, "s": 199610, "e": 199848, "w": "嗯", "sp": "Agent"}, {"p": 416, "c": 0.9, "s": 199848, "e": 200086, "w": "好", "sp": "Agent"}, {"p": 417, "c": 0.9, "s": 200000, "e": 201040, "w": "你好", "sp": "Customer"}, {"p": 418, "c": 0.9, "s": 200086, "e": 200325, "w": "的", "sp": "Agent"}, {"p": 419, "c": 0.9, "s": 200325, "e": 200563, "w": "您", "sp": "Agent"}, {"p": 420, "c": 0.9, "s": 200563, "e": 200802, "w": "看", "sp": "Agent"}, {"p": 421, "c": 0.9, "s": 200802, "e": 201279, "w": "一下", "sp": "Agent"}, {"p": 422, "c": 0.9, "s": 201279, "e": 201517, "w": "不", "sp": "Agent"}, {"p": 423, "c": 0.9, "s": 201517, "e": 201994, "w": "着急", "sp": "Agent"}, {"p": 424, "c": 0.9, "s": 201994, "e": 202233, "w": "啊", "sp": "Agent"}, {"p": 425, "c": 0.9, "s": 202233, "e": 202710, "w": "您好", "sp": "Agent"}, {"p": 426, "c": 0.9, "s": 202440, "e": 202787, "w": "二", "sp": "Customer"}, {"p": 427, "c": 0.9, "s": 202787, "e": 203134, "w": "号", "sp": "Customer"}, {"p": 428, "c": 0.9, "s": 203134, "e": 203481, "w": "楼", "sp": "Customer"}, {"p": 429, "c": 0.9, "s": 203481, "e": 203828, "w": "二", "sp": "Customer"}, {"p": 430, "c": 0.9, "s": 203828, "e": 204175, "w": "杠", "sp": "Customer"}, {"p": 431, "c": 0.9, "s": 204080, "e": 205090, "w": "嗯", "sp": "Agent"}, {"p": 432, "c": 0.9, "s": 204175, "e": 204522, "w": "一", "sp": "Customer"}, {"p": 433, "c": 0.9, "s": 204522, "e": 204869, "w": "杠", "sp": "Customer"}, {"p": 434, "c": 0.9, "s": 204869, "e": 205216, "w": "三", "sp": "Customer"}, {"p": 435, "c": 0.9, "s": 205216, "e": 205563, "w": "零", "sp": "Customer"}, {"p": 436, "c": 0.9, "s": 205563, "e": 205910, "w": "一", "sp": "Customer"}, {"p": 437, "c": 0.9, "s": 206010, "e": 206355, "w": "八", "sp": "Agent"}, {"p": 438, "c": 0.9, "s": 206355, "e": 206700, "w": "号", "sp": "Agent"}, {"p": 439, "c": 0.9, "s": 206700, "e": 207045, "w": "楼", "sp": "Agent"}, {"p": 440, "c": 0.9, "s": 207046, "e": 207391, "w": "二", "sp": "Agent"}, {"p": 441, "c": 0.9, "s": 207391, "e": 207737, "w": "杠", "sp": "Agent"}, {"p": 442, "c": 0.9, "s": 207737, "e": 208082, "w": "一", "sp": "Agent"}, {"p": 443, "c": 0.9, "s": 208082, "e": 208428, "w": "杠", "sp": "Agent"}, {"p": 444, "c": 0.9, "s": 208090, "e": 209069, "w": "嗯", "sp": "Customer"}, {"p": 445, "c": 0.9, "s": 208428, "e": 208773, "w": "三", "sp": "Agent"}, {"p": 446, "c": 0.9, "s": 208773, "e": 209118, "w": "零", "sp": "Agent"}, {"p": 447, "c": 0.9, "s": 209119, "e": 209464, "w": "一", "sp": "Agent"}, {"p": 448, "c": 0.9, "s": 209464, "e": 209810, "w": "室", "sp": "Agent"}, {"p": 449, "c": 0.9, "s": 210300, "e": 210916, "w": "是", "sp": "Agent"}, {"p": 450, "c": 0.9, "s": 210490, "e": 211087, "w": "二二", "sp": "Customer"}, {"p": 451, "c": 0.9, "s": 210916, "e": 211533, "w": "八", "sp": "Agent"}, {"p": 452, "c": 0.9, "s": 211087, "e": 211385, "w": "号", "sp": "Customer"}, {"p": 453, "c": 0.9, "s": 211385, "e": 211683, "w": "楼", "sp": "Customer"}, {"p": 454, "c": 0.9, "s": 211533, "e": 212150, "w": "栋", "sp": "Agent"}, {"p": 455, "c": 0.9, "s": 211684, "e": 211982, "w": "一", "sp": "Customer"}, {"p": 456, "c": 0.9, "s": 211982, "e": 212580, "w": "单元", "sp": "Customer"}, {"p": 457, "c": 0.9, "s": 212580, "e": 212878, "w": "二", "sp": "Customer"}, {"p": 458, "c": 0.9, "s": 212720, "e": 213278, "w": "啊", "sp": "Agent"}, {"p": 459, "c": 0.9, "s": 212878, "e": 213177, "w": "杠", "sp": "Customer"}, {"p": 460, "c": 0.9, "s": 213177, "e": 213475, "w": "一", "sp": "Customer"}, {"p": 461, "c": 0.9, "s": 213278, "e": 213836, "w": "啊", "sp": "Agent"}, {"p": 462, "c": 0.9, "s": 213475, "e": 213774, "w": "不", "sp": "Customer"}, {"p": 463, "c": 0.9, "s": 213774, "e": 214072, "w": "不", "sp": "Customer"}, {"p": 464, "c": 0.9, "s": 213836, "e": 214395, "w": "二", "sp": "Agent"}, {"p": 465, "c": 0.9, "s": 214072, "e": 214371, "w": "不", "sp": "Customer"}, {"p": 466, "c": 0.9, "s": 214371, "e": 214670, "w": "贰", "sp": "Customer"}, {"p": 467, "c": 0.9, "s": 214395, "e": 214953, "w": "杠", "sp": "Agent"}, {"p": 468, "c": 0.9, "s": 214953, "e": 216070, "w": "一二", "sp": "Agent"}, {"p": 469, "c": 0.9, "s": 215900, "e": 216247, "w": "对", "sp": "Customer"}, {"p": 470, "c": 0.9, "s": 216247, "e": 216943, "w": "三二", "sp": "Customer"}, {"p": 471, "c": 0.9, "s": 216890, "e": 217880, "w": "嗯", "sp": "Agent"}, {"p": 472, "c": 0.9, "s": 216943, "e": 217291, "w": "杠", "sp": "Customer"}, {"p": 473, "c": 0.9, "s": 217291, "e": 217638, "w": "一", "sp": "Customer"}, {"p": 474, "c": 0.9, "s": 217638, "e": 217986, "w": "杠", "sp": "Customer"}, {"p": 475, "c": 0.9, "s": 217986, "e": 218334, "w": "三", "sp": "Customer"}, {"p": 476, "c": 0.9, "s": 218334, "e": 218682, "w": "零", "sp": "Customer"}, {"p": 477, "c": 0.9, "s": 218682, "e": 219030, "w": "一", "sp": "Customer"}, {"p": 478, "c": 0.9, "s": 219100, "e": 219395, "w": "嗯", "sp": "Agent"}, {"p": 479, "c": 0.9, "s": 219395, "e": 219690, "w": "二", "sp": "Agent"}, {"p": 480, "c": 0.9, "s": 219690, "e": 219985, "w": "杠", "sp": "Agent"}, {"p": 481, "c": 0.9, "s": 219985, "e": 220281, "w": "一", "sp": "Agent"}, {"p": 482, "c": 0.9, "s": 220281, "e": 220871, "w": "单元", "sp": "Agent"}, {"p": 483, "c": 0.9, "s": 220871, "e": 221166, "w": "呃", "sp": "Agent"}, {"p": 484, "c": 0.9, "s": 221166, "e": 221757, "w": "就是", "sp": "Agent"}, {"p": 485, "c": 0.9, "s": 221757, "e": 222052, "w": "二", "sp": "Agent"}, {"p": 486, "c": 0.9, "s": 222052, "e": 222347, "w": "栋", "sp": "Agent"}, {"p": 487, "c": 0.9, "s": 222347, "e": 222643, "w": "一", "sp": "Agent"}, {"p": 488, "c": 0.9, "s": 222643, "e": 223233, "w": "单元", "sp": "Agent"}, {"p": 489, "c": 0.9, "s": 223233, "e": 223528, "w": "三", "sp": "Agent"}, {"p": 490, "c": 0.9, "s": 223528, "e": 223824, "w": "零", "sp": "Agent"}, {"p": 491, "c": 0.9, "s": 223824, "e": 224414, "w": "一对", "sp": "Agent"}, {"p": 492, "c": 0.9, "s": 224414, "e": 224710, "w": "吗", "sp": "Agent"}, {"p": 493, "c": 0.9, "s": 224940, "e": 225510, "w": "对", "sp": "Customer"}, {"p": 494, "c": 0.9, "s": 225510, "e": 226080, "w": "对", "sp": "Customer"}, {"p": 495, "c": 0.9, "s": 226040, "e": 226297, "w": "嗯", "sp": "Agent"}, {"p": 496, "c": 0.9, "s": 226080, "e": 226650, "w": "嗯", "sp": "Customer"}, {"p": 497, "c": 0.9, "s": 226297, "e": 226555, "w": "好", "sp": "Agent"}, {"p": 498, "c": 0.9, "s": 226555, "e": 226812, "w": "的", "sp": "Agent"}, {"p": 499, "c": 0.9, "s": 226813, "e": 227071, "w": "好", "sp": "Agent"}, {"p": 500, "c": 0.9, "s": 227071, "e": 227328, "w": "的", "sp": "Agent"}, {"p": 501, "c": 0.9, "s": 227328, "e": 227586, "w": "二", "sp": "Agent"}, {"p": 502, "c": 0.9, "s": 227586, "e": 227844, "w": "栋", "sp": "Agent"}, {"p": 503, "c": 0.9, "s": 227720, "e": 228533, "w": "最后", "sp": "Customer"}, {"p": 504, "c": 0.9, "s": 227844, "e": 228101, "w": "一", "sp": "Agent"}, {"p": 505, "c": 0.9, "s": 228102, "e": 228617, "w": "单元", "sp": "Agent"}, {"p": 506, "c": 0.9, "s": 228533, "e": 229347, "w": "业主", "sp": "Customer"}, {"p": 507, "c": 0.9, "s": 228617, "e": 228875, "w": "三", "sp": "Agent"}, {"p": 508, "c": 0.9, "s": 228875, "e": 229133, "w": "零", "sp": "Agent"}, {"p": 509, "c": 0.9, "s": 229133, "e": 229390, "w": "一", "sp": "Agent"}, {"p": 510, "c": 0.9, "s": 229347, "e": 230161, "w": "反映", "sp": "Customer"}, {"p": 511, "c": 0.9, "s": 229391, "e": 229648, "w": "好", "sp": "Agent"}, {"p": 512, "c": 0.9, "s": 229648, "e": 229905, "w": "的", "sp": "Agent"}, {"p": 513, "c": 0.9, "s": 229906, "e": 230164, "w": "嗯", "sp": "Agent"}, {"p": 514, "c": 0.9, "s": 230161, "e": 230568, "w": "说", "sp": "Customer"}, {"p": 515, "c": 0.9, "s": 230164, "e": 230422, "w": "您", "sp": "Agent"}, {"p": 516, "c": 0.9, "s": 230422, "e": 230680, "w": "说", "sp": "Agent"}, {"p": 517, "c": 0.9, "s": 230568, "e": 230974, "w": "是", "sp": "Customer"}, {"p": 518, "c": 0.9, "s": 230975, "e": 231789, "w": "室内", "sp": "Customer"}, {"p": 519, "c": 0.9, "s": 231789, "e": 232603, "w": "室内", "sp": "Customer"}, {"p": 520, "c": 0.9, "s": 232603, "e": 233010, "w": "的", "sp": "Customer"}, {"p": 521, "c": 0.9, "s": 233650, "e": 234349, "w": "空调", "sp": "Customer"}, {"p": 522, "c": 0.9, "s": 234350, "e": 235050, "w": "噪音", "sp": "Customer"}, {"p": 523, "c": 0.9, "s": 235050, "e": 235400, "w": "比", "sp": "Customer"}, {"p": 524, "c": 0.9, "s": 235400, "e": 236099, "w": "较大", "sp": "Customer"}, {"p": 525, "c": 0.9, "s": 236070, "e": 236296, "w": "嗯", "sp": "Agent"}, {"p": 526, "c": 0.9, "s": 236100, "e": 236450, "w": "啊", "sp": "Customer"}, {"p": 527, "c": 0.9, "s": 236296, "e": 236522, "w": "这", "sp": "Agent"}, {"p": 528, "c": 0.9, "s": 236522, "e": 236748, "w": "一", "sp": "Agent"}, {"p": 529, "c": 0.9, "s": 236748, "e": 236974, "w": "户", "sp": "Agent"}, {"p": 530, "c": 0.9, "s": 236974, "e": 237426, "w": "就是", "sp": "Agent"}, {"p": 531, "c": 0.9, "s": 237426, "e": 237877, "w": "两户", "sp": "Agent"}, {"p": 532, "c": 0.9, "s": 237878, "e": 238105, "w": "都", "sp": "Agent"}, {"p": 533, "c": 0.9, "s": 238105, "e": 238331, "w": "是", "sp": "Agent"}, {"p": 534, "c": 0.9, "s": 238331, "e": 238782, "w": "室内", "sp": "Agent"}, {"p": 535, "c": 0.9, "s": 238783, "e": 239009, "w": "机", "sp": "Agent"}, {"p": 536, "c": 0.9, "s": 239009, "e": 239461, "w": "噪音", "sp": "Agent"}, {"p": 537, "c": 0.9, "s": 239461, "e": 239687, "w": "大", "sp": "Agent"}, {"p": 538, "c": 0.9, "s": 239687, "e": 239913, "w": "是", "sp": "Agent"}, {"p": 539, "c": 0.9, "s": 239913, "e": 240140, "w": "吗", "sp": "Agent"}, {"p": 540, "c": 0.9, "s": 240920, "e": 241181, "w": "呃", "sp": "Customer"}, {"p": 541, "c": 0.9, "s": 241182, "e": 241706, "w": "就是", "sp": "Customer"}, {"p": 542, "c": 0.9, "s": 241706, "e": 242493, "w": "进一步", "sp": "Customer"}, {"p": 543, "c": 0.9, "s": 242493, "e": 243017, "w": "实际", "sp": "Customer"}, {"p": 544, "c": 0.9, "s": 243017, "e": 243542, "w": "显示", "sp": "Customer"}, {"p": 545, "c": 0.9, "s": 243542, "e": 243804, "w": "叶", "sp": "Customer"}, {"p": 546, "c": 0.9, "s": 243804, "e": 244066, "w": "龙", "sp": "Customer"}, {"p": 547, "c": 0.9, "s": 244066, "e": 244590, "w": "那块", "sp": "Customer"}, {"p": 548, "c": 0.9, "s": 244591, "e": 245115, "w": "卡住", "sp": "Customer"}, {"p": 549, "c": 0.9, "s": 245115, "e": 245377, "w": "了", "sp": "Customer"}, {"p": 550, "c": 0.9, "s": 245370, "e": 245605, "w": "嗯", "sp": "Agent"}, {"p": 551, "c": 0.9, "s": 245377, "e": 245640, "w": "啊", "sp": "Customer"}, {"p": 552, "c": 0.9, "s": 245605, "e": 245840, "w": "嗯", "sp": "Agent"}, {"p": 553, "c": 0.9, "s": 245840, "e": 246310, "w": "然后", "sp": "Agent"}, {"p": 554, "c": 0.9, "s": 246311, "e": 246782, "w": "第二", "sp": "Agent"}, {"p": 555, "c": 0.9, "s": 246782, "e": 247017, "w": "户", "sp": "Agent"}, {"p": 556, "c": 0.9, "s": 247017, "e": 247252, "w": "是", "sp": "Agent"}, {"p": 557, "c": 0.9, "s": 247252, "e": 247722, "w": "噪音", "sp": "Agent"}, {"p": 558, "c": 0.9, "s": 247723, "e": 247958, "w": "比", "sp": "Agent"}, {"p": 559, "c": 0.9, "s": 247958, "e": 248428, "w": "较大", "sp": "Agent"}, {"p": 560, "c": 0.9, "s": 248429, "e": 248664, "w": "对", "sp": "Agent"}, {"p": 561, "c": 0.9, "s": 248664, "e": 248900, "w": "吗", "sp": "Agent"}, {"p": 562, "c": 0.9, "s": 249080, "e": 249268, "w": "对", "sp": "Customer"}, {"p": 563, "c": 0.9, "s": 249268, "e": 249456, "w": "是", "sp": "Customer"}, {"p": 564, "c": 0.9, "s": 249456, "e": 249644, "w": "的", "sp": "Customer"}, {"p": 565, "c": 0.9, "s": 249644, "e": 249833, "w": "嗯", "sp": "Customer"}, {"p": 566, "c": 0.9, "s": 249833, "e": 250209, "w": "业主", "sp": "Customer"}, {"p": 567, "c": 0.9, "s": 250209, "e": 250586, "w": "这个", "sp": "Customer"}, {"p": 568, "c": 0.9, "s": 250330, "e": 250585, "w": "啊", "sp": "Agent"}, {"p": 569, "c": 0.9, "s": 250585, "e": 250841, "w": "行", "sp": "Agent"}, {"p": 570, "c": 0.9, "s": 250586, "e": 250962, "w": "观感", "sp": "Customer"}, {"p": 571, "c": 0.9, "s": 250841, "e": 251096, "w": "好", "sp": "Agent"}, {"p": 572, "c": 0.9, "s": 250962, "e": 251150, "w": "就", "sp": "Customer"}, {"p": 573, "c": 0.9, "s": 251096, "e": 251351, "w": "的", "sp": "Agent"}, {"p": 574, "c": 0.9, "s": 251150, "e": 251715, "w": "相当于", "sp": "Customer"}, {"p": 575, "c": 0.9, "s": 251352, "e": 251607, "w": "那", "sp": "Agent"}, {"p": 576, "c": 0.9, "s": 251607, "e": 252118, "w": "第二", "sp": "Agent"}, {"p": 577, "c": 0.9, "s": 251715, "e": 251903, "w": "是", "sp": "Customer"}, {"p": 578, "c": 0.9, "s": 251903, "e": 252092, "w": "的", "sp": "Customer"}, {"p": 579, "c": 0.9, "s": 252092, "e": 252468, "w": "人家", "sp": "Customer"}, {"p": 580, "c": 0.9, "s": 252118, "e": 252629, "w": "服务", "sp": "Agent"}, {"p": 581, "c": 0.9, "s": 252468, "e": 252845, "w": "等于", "sp": "Customer"}, {"p": 582, "c": 0.9, "s": 252845, "e": 253033, "w": "说", "sp": "Customer"}, {"p": 583, "c": 0.9, "s": 253033, "e": 253221, "w": "是", "sp": "Customer"}, {"p": 584, "c": 0.9, "s": 253221, "e": 253597, "w": "声音", "sp": "Customer"}, {"p": 585, "c": 0.9, "s": 253598, "e": 253786, "w": "比", "sp": "Customer"}, {"p": 586, "c": 0.9, "s": 253786, "e": 254163, "w": "较大", "sp": "Customer"}, {"p": 587, "c": 0.9, "s": 254163, "e": 254351, "w": "我", "sp": "Customer"}, {"p": 588, "c": 0.9, "s": 254351, "e": 254727, "w": "觉得", "sp": "Customer"}, {"p": 589, "c": 0.9, "s": 254727, "e": 254916, "w": "是", "sp": "Customer"}, {"p": 590, "c": 0.9, "s": 254916, "e": 255292, "w": "正常", "sp": "Customer"}, {"p": 591, "c": 0.9, "s": 255292, "e": 255480, "w": "的", "sp": "Customer"}, {"p": 592, "c": 0.9, "s": 255480, "e": 255857, "w": "所以", "sp": "Customer"}, {"p": 593, "c": 0.9, "s": 255857, "e": 256233, "w": "需要", "sp": "Customer"}, {"p": 594, "c": 0.9, "s": 256233, "e": 256610, "w": "他们", "sp": "Customer"}, {"p": 595, "c": 0.9, "s": 256609, "e": 256797, "w": "能", "sp": "Customer"}, {"p": 596, "c": 0.9, "s": 256798, "e": 256986, "w": "去", "sp": "Customer"}, {"p": 597, "c": 0.9, "s": 256986, "e": 257174, "w": "看", "sp": "Customer"}, {"p": 598, "c": 0.9, "s": 257174, "e": 257551, "w": "一下", "sp": "Customer"}, {"p": 599, "c": 0.9, "s": 257530, "e": 257716, "w": "啊", "sp": "Agent"}, {"p": 600, "c": 0.9, "s": 257551, "e": 257739, "w": "啊", "sp": "Customer"}, {"p": 601, "c": 0.9, "s": 257716, "e": 257903, "w": "行", "sp": "Agent"}, {"p": 602, "c": 0.9, "s": 257903, "e": 258089, "w": "好", "sp": "Agent"}, {"p": 603, "c": 0.9, "s": 258088, "e": 258276, "w": "的", "sp": "Agent"}, {"p": 604, "c": 0.9, "s": 258276, "e": 258648, "w": "明白", "sp": "Agent"}, {"p": 605, "c": 0.9, "s": 258648, "e": 258834, "w": "那", "sp": "Agent"}, {"p": 606, "c": 0.9, "s": 258834, "e": 259207, "w": "这个", "sp": "Agent"}, {"p": 607, "c": 0.9, "s": 259208, "e": 259581, "w": "第二", "sp": "Agent"}, {"p": 608, "c": 0.9, "s": 259581, "e": 259768, "w": "户", "sp": "Agent"}, {"p": 609, "c": 0.9, "s": 259768, "e": 260140, "w": "的话", "sp": "Agent"}, {"p": 610, "c": 0.9, "s": 260140, "e": 260327, "w": "也", "sp": "Agent"}, {"p": 611, "c": 0.9, "s": 260327, "e": 260514, "w": "是", "sp": "Agent"}, {"p": 612, "c": 0.9, "s": 260514, "e": 260887, "w": "联系", "sp": "Agent"}, {"p": 613, "c": 0.9, "s": 260887, "e": 261073, "w": "到", "sp": "Agent"}, {"p": 614, "c": 0.9, "s": 261073, "e": 261260, "w": "您", "sp": "Agent"}, {"p": 615, "c": 0.9, "s": 261260, "e": 261633, "w": "这边", "sp": "Agent"}, {"p": 616, "c": 0.9, "s": 261633, "e": 261820, "w": "吗", "sp": "Agent"}, {"p": 617, "c": 0.9, "s": 262350, "e": 263410, "w": "对", "sp": "Customer"}, {"p": 618, "c": 0.9, "s": 263360, "e": 263577, "w": "啊", "sp": "Agent"}, {"p": 619, "c": 0.9, "s": 263577, "e": 264013, "w": "第二", "sp": "Agent"}, {"p": 620, "c": 0.9, "s": 264013, "e": 264231, "w": "户", "sp": "Agent"}, {"p": 621, "c": 0.9, "s": 264231, "e": 264448, "w": "好", "sp": "Agent"}, {"p": 622, "c": 0.9, "s": 264449, "e": 264667, "w": "的", "sp": "Agent"}, {"p": 623, "c": 0.9, "s": 264667, "e": 264884, "w": "那", "sp": "Agent"}, {"p": 624, "c": 0.9, "s": 264885, "e": 265321, "w": "第二", "sp": "Agent"}, {"p": 625, "c": 0.9, "s": 265321, "e": 265538, "w": "户", "sp": "Agent"}, {"p": 626, "c": 0.9, "s": 265538, "e": 265755, "w": "的", "sp": "Agent"}, {"p": 627, "c": 0.9, "s": 265756, "e": 266192, "w": "机器", "sp": "Agent"}, {"p": 628, "c": 0.9, "s": 266192, "e": 266628, "w": "是否", "sp": "Agent"}, {"p": 629, "c": 0.9, "s": 266628, "e": 266845, "w": "在", "sp": "Agent"}, {"p": 630, "c": 0.9, "s": 266846, "e": 267064, "w": "保", "sp": "Agent"}, {"p": 631, "c": 0.9, "s": 267064, "e": 267281, "w": "内", "sp": "Agent"}, {"p": 632, "c": 0.9, "s": 267282, "e": 267500, "w": "呢", "sp": "Agent"}, {"p": 633, "c": 0.9, "s": 268160, "e": 268400, "w": "都", "sp": "Customer"}, {"p": 634, "c": 0.9, "s": 268400, "e": 268639, "w": "是", "sp": "Customer"}, {"p": 635, "c": 0.9, "s": 268640, "e": 268880, "w": "在", "sp": "Customer"}, {"p": 636, "c": 0.9, "s": 268880, "e": 269120, "w": "保", "sp": "Customer"}, {"p": 637, "c": 0.9, "s": 269120, "e": 269360, "w": "内", "sp": "Customer"}, {"p": 638, "c": 0.9, "s": 269360, "e": 269599, "w": "的", "sp": "Customer"}, {"p": 639, "c": 0.9, "s": 269570, "e": 269746, "w": "都", "sp": "Agent"}, {"p": 640, "c": 0.9, "s": 269600, "e": 269840, "w": "啊", "sp": "Customer"}, {"p": 641, "c": 0.9, "s": 269746, "e": 269922, "w": "是", "sp": "Agent"}, {"p": 642, "c": 0.9, "s": 269922, "e": 270098, "w": "在", "sp": "Agent"}, {"p": 643, "c": 0.9, "s": 270098, "e": 270274, "w": "保", "sp": "Agent"}, {"p": 644, "c": 0.9, "s": 270274, "e": 270449, "w": "内", "sp": "Agent"}, {"p": 645, "c": 0.9, "s": 270450, "e": 270626, "w": "也", "sp": "Agent"}, {"p": 646, "c": 0.9, "s": 270626, "e": 270803, "w": "是", "sp": "Agent"}, {"p": 647, "c": 0.9, "s": 270803, "e": 271155, "w": "占用", "sp": "Agent"}, {"p": 648, "c": 0.9, "s": 271155, "e": 271331, "w": "这", "sp": "Agent"}, {"p": 649, "c": 0.9, "s": 271331, "e": 271507, "w": "辆", "sp": "Agent"}, {"p": 650, "c": 0.9, "s": 271507, "e": 271860, "w": "空调", "sp": "Agent"}, {"p": 651, "c": 0.9, "s": 271860, "e": 272211, "w": "然后", "sp": "Agent"}, {"p": 652, "c": 0.9, "s": 272212, "e": 272564, "w": "型号", "sp": "Agent"}, {"p": 653, "c": 0.9, "s": 272330, "e": 273289, "w": "对", "sp": "Customer"}, {"p": 654, "c": 0.9, "s": 272564, "e": 272740, "w": "让", "sp": "Agent"}, {"p": 655, "c": 0.9, "s": 272740, "e": 273093, "w": "师傅", "sp": "Agent"}, {"p": 656, "c": 0.9, "s": 273093, "e": 273444, "w": "上门", "sp": "Agent"}, {"p": 657, "c": 0.9, "s": 273445, "e": 273797, "w": "查看", "sp": "Agent"}, {"p": 658, "c": 0.9, "s": 273797, "e": 273973, "w": "是", "sp": "Agent"}, {"p": 659, "c": 0.9, "s": 273973, "e": 274150, "w": "吗", "sp": "Agent"}, {"p": 660, "c": 0.9, "s": 275050, "e": 275296, "w": "啊", "sp": "Agent"}, {"p": 661, "c": 0.9, "s": 275296, "e": 275542, "w": "行", "sp": "Agent"}, {"p": 662, "c": 0.9, "s": 275420, "e": 275706, "w": "嗯", "sp": "Customer"}, {"p": 663, "c": 0.9, "s": 275542, "e": 275788, "w": "好", "sp": "Agent"}, {"p": 664, "c": 0.9, "s": 275706, "e": 275992, "w": "好", "sp": "Customer"}, {"p": 665, "c": 0.9, "s": 275788, "e": 276034, "w": "的", "sp": "Agent"}, {"p": 666, "c": 0.9, "s": 275993, "e": 276280, "w": "好", "sp": "Customer"}, {"p": 667, "c": 0.9, "s": 276034, "e": 276280, "w": "那", "sp": "Agent"}, {"p": 668, "c": 0.9, "s": 276280, "e": 276772, "w": "这个", "sp": "Agent"}, {"p": 669, "c": 0.9, "s": 276280, "e": 276853, "w": "明天", "sp": "Customer"}, {"p": 670, "c": 0.9, "s": 276772, "e": 277264, "w": "最后", "sp": "Agent"}, {"p": 671, "c": 0.9, "s": 276853, "e": 277139, "w": "去", "sp": "Customer"}, {"p": 672, "c": 0.9, "s": 277140, "e": 277713, "w": "看吧", "sp": "Customer"}, {"p": 673, "c": 0.9, "s": 277264, "e": 277510, "w": "就", "sp": "Agent"}, {"p": 674, "c": 0.9, "s": 277713, "e": 278000, "w": "啊", "sp": "Customer"}, {"p": 675, "c": 0.9, "s": 277890, "e": 278046, "w": "啊", "sp": "Agent"}, {"p": 676, "c": 0.9, "s": 278046, "e": 278358, "w": "明天", "sp": "Agent"}, {"p": 677, "c": 0.9, "s": 278359, "e": 278515, "w": "去", "sp": "Agent"}, {"p": 678, "c": 0.9, "s": 278515, "e": 278671, "w": "看", "sp": "Agent"}, {"p": 679, "c": 0.9, "s": 278671, "e": 278828, "w": "好", "sp": "Agent"}, {"p": 680, "c": 0.9, "s": 278828, "e": 278984, "w": "的", "sp": "Agent"}, {"p": 681, "c": 0.9, "s": 278984, "e": 279140, "w": "那", "sp": "Agent"}, {"p": 682, "c": 0.9, "s": 279140, "e": 279453, "w": "最后", "sp": "Agent"}, {"p": 683, "c": 0.9, "s": 279453, "e": 279610, "w": "想", "sp": "Agent"}, {"p": 684, "c": 0.9, "s": 279610, "e": 279766, "w": "问", "sp": "Agent"}, {"p": 685, "c": 0.9, "s": 279766, "e": 280078, "w": "一下", "sp": "Agent"}, {"p": 686, "c": 0.9, "s": 280079, "e": 280391, "w": "因为", "sp": "Agent"}, {"p": 687, "c": 0.9, "s": 280391, "e": 280703, "w": "疫情", "sp": "Agent"}, {"p": 688, "c": 0.9, "s": 280704, "e": 281017, "w": "管控", "sp": "Agent"}, {"p": 689, "c": 0.9, "s": 281017, "e": 281330, "w": "现在", "sp": "Agent"}, {"p": 690, "c": 0.9, "s": 281330, "e": 281642, "w": "小区", "sp": "Agent"}, {"p": 691, "c": 0.9, "s": 281642, "e": 281955, "w": "是否", "sp": "Agent"}, {"p": 692, "c": 0.9, "s": 281955, "e": 282111, "w": "能", "sp": "Agent"}, {"p": 693, "c": 0.9, "s": 282111, "e": 282423, "w": "正常", "sp": "Agent"}, {"p": 694, "c": 0.9, "s": 282424, "e": 282580, "w": "进", "sp": "Agent"}, {"p": 695, "c": 0.9, "s": 282580, "e": 282892, "w": "医院", "sp": "Agent"}, {"p": 696, "c": 0.9, "s": 282893, "e": 283050, "w": "呢", "sp": "Agent"}, {"p": 697, "c": 0.9, "s": 282950, "e": 283267, "w": "嗯", "sp": "Customer"}, {"p": 698, "c": 0.9, "s": 283267, "e": 283903, "w": "可以", "sp": "Customer"}, {"p": 699, "c": 0.9, "s": 283903, "e": 284538, "w": "可以", "sp": "Customer"}, {"p": 700, "c": 0.9, "s": 284340, "e": 284486, "w": "啊", "sp": "Agent"}, {"p": 701, "c": 0.9, "s": 284486, "e": 284779, "w": "可以", "sp": "Agent"}, {"p": 702, "c": 0.9, "s": 284538, "e": 284856, "w": "啊", "sp": "Customer"}, {"p": 703, "c": 0.9, "s": 284779, "e": 284925, "w": "行", "sp": "Agent"}, {"p": 704, "c": 0.9, "s": 284856, "e": 285491, "w": "拜拜", "sp": "Customer"}, {"p": 705, "c": 0.9, "s": 284925, "e": 285072, "w": "好", "sp": "Agent"}, {"p": 706, "c": 0.9, "s": 285072, "e": 285218, "w": "的", "sp": "Agent"}, {"p": 707, "c": 0.9, "s": 285218, "e": 285365, "w": "那", "sp": "Agent"}, {"p": 708, "c": 0.9, "s": 285365, "e": 285511, "w": "啊", "sp": "Agent"}, {"p": 709, "c": 0.9, "s": 285492, "e": 285810, "w": "啊", "sp": "Customer"}, {"p": 710, "c": 0.9, "s": 285511, "e": 285656, "w": "行", "sp": "Agent"}, {"p": 711, "c": 0.9, "s": 285657, "e": 285804, "w": "好", "sp": "Agent"}, {"p": 712, "c": 0.9, "s": 285804, "e": 285949, "w": "的", "sp": "Agent"}, {"p": 713, "c": 0.9, "s": 285950, "e": 286097, "w": "好", "sp": "Agent"}, {"p": 714, "c": 0.9, "s": 286097, "e": 286242, "w": "的", "sp": "Agent"}, {"p": 715, "c": 0.9, "s": 286210, "e": 287180, "w": "嗯", "sp": "Customer"}, {"p": 716, "c": 0.9, "s": 286243, "e": 286390, "w": "那", "sp": "Agent"}, {"p": 717, "c": 0.9, "s": 286390, "e": 286683, "w": "师傅", "sp": "Agent"}, {"p": 718, "c": 0.9, "s": 286683, "e": 286975, "w": "最快", "sp": "Agent"}, {"p": 719, "c": 0.9, "s": 286975, "e": 287268, "w": "的话", "sp": "Agent"}, {"p": 720, "c": 0.9, "s": 287268, "e": 287561, "w": "明天", "sp": "Agent"}, {"p": 721, "c": 0.9, "s": 287561, "e": 287854, "w": "联系", "sp": "Agent"}, {"p": 722, "c": 0.9, "s": 287854, "e": 288000, "w": "您", "sp": "Agent"}, {"p": 723, "c": 0.9, "s": 288000, "e": 288293, "w": "上门", "sp": "Agent"}, {"p": 724, "c": 0.9, "s": 288293, "e": 288440, "w": "您", "sp": "Agent"}, {"p": 725, "c": 0.9, "s": 288440, "e": 288733, "w": "保持", "sp": "Agent"}, {"p": 726, "c": 0.9, "s": 288733, "e": 289026, "w": "电话", "sp": "Agent"}, {"p": 727, "c": 0.9, "s": 289026, "e": 289318, "w": "通畅", "sp": "Agent"}, {"p": 728, "c": 0.9, "s": 289318, "e": 289611, "w": "然后", "sp": "Agent"}, {"p": 729, "c": 0.9, "s": 289611, "e": 289904, "w": "需要", "sp": "Agent"}, {"p": 730, "c": 0.9, "s": 289800, "e": 290504, "w": "好好", "sp": "Customer"}, {"p": 731, "c": 0.9, "s": 289904, "e": 290197, "w": "两户", "sp": "Agent"}, {"p": 732, "c": 0.9, "s": 290197, "e": 290490, "w": "用户", "sp": "Agent"}, {"p": 733, "c": 0.9, "s": 290490, "e": 290783, "w": "提前", "sp": "Agent"}, {"p": 734, "c": 0.9, "s": 290504, "e": 290856, "w": "的", "sp": "Customer"}, {"p": 735, "c": 0.9, "s": 290783, "e": 291076, "w": "准备", "sp": "Agent"}, {"p": 736, "c": 0.9, "s": 290856, "e": 291207, "w": "好", "sp": "Customer"}, {"p": 737, "c": 0.9, "s": 291076, "e": 291222, "w": "好", "sp": "Agent"}, {"p": 738, "c": 0.9, "s": 291208, "e": 291560, "w": "的", "sp": "Customer"}, {"p": 739, "c": 0.9, "s": 291222, "e": 291514, "w": "购机", "sp": "Agent"}, {"p": 740, "c": 0.9, "s": 291515, "e": 291808, "w": "发票", "sp": "Agent"}, {"p": 741, "c": 0.9, "s": 291808, "e": 291954, "w": "和", "sp": "Agent"}, {"p": 742, "c": 0.9, "s": 291954, "e": 292247, "w": "合同", "sp": "Agent"}, {"p": 743, "c": 0.9, "s": 292247, "e": 292394, "w": "好", "sp": "Agent"}, {"p": 744, "c": 0.9, "s": 292394, "e": 292540, "w": "的", "sp": "Agent"}, {"p": 745, "c": 0.9, "s": 292540, "e": 292686, "w": "那", "sp": "Agent"}, {"p": 746, "c": 0.9, "s": 292686, "e": 292979, "w": "这边", "sp": "Agent"}, {"p": 747, "c": 0.9, "s": 292979, "e": 293126, "w": "还", "sp": "Agent"}, {"p": 748, "c": 0.9, "s": 293126, "e": 293565, "w": "有没有", "sp": "Agent"}, {"p": 749, "c": 0.9, "s": 293250, "e": 294190, "w": "嗯", "sp": "Customer"}, {"p": 750, "c": 0.9, "s": 293565, "e": 293858, "w": "其他", "sp": "Agent"}, {"p": 751, "c": 0.9, "s": 293858, "e": 294151, "w": "问题", "sp": "Agent"}, {"p": 752, "c": 0.9, "s": 294151, "e": 294444, "w": "可以", "sp": "Agent"}, {"p": 753, "c": 0.9, "s": 294444, "e": 294590, "w": "帮", "sp": "Agent"}, {"p": 754, "c": 0.9, "s": 294590, "e": 294737, "w": "您", "sp": "Agent"}, {"p": 755, "c": 0.9, "s": 294737, "e": 294883, "w": "了", "sp": "Agent"}, {"p": 756, "c": 0.9, "s": 294883, "e": 295030, "w": "啊", "sp": "Agent"}, {"p": 757, "c": 0.9, "s": 295230, "e": 295725, "w": "没有", "sp": "Customer"}, {"p": 758, "c": 0.9, "s": 295725, "e": 295973, "w": "了", "sp": "Customer"}, {"p": 759, "c": 0.9, "s": 295973, "e": 296220, "w": "好", "sp": "Customer"}, {"p": 760, "c": 0.9, "s": 296221, "e": 296468, "w": "的", "sp": "Customer"}, {"p": 761, "c": 0.9, "s": 296468, "e": 296715, "w": "嗯", "sp": "Customer"}, {"p": 762, "c": 0.9, "s": 296600, "e": 296729, "w": "啊", "sp": "Agent"}, {"p": 763, "c": 0.9, "s": 296716, "e": 297212, "w": "再见", "sp": "Customer"}, {"p": 764, "c": 0.9, "s": 296729, "e": 296988, "w": "那行", "sp": "Agent"}, {"p": 765, "c": 0.9, "s": 296988, "e": 297117, "w": "好", "sp": "Agent"}, {"p": 766, "c": 0.9, "s": 297117, "e": 297247, "w": "的", "sp": "Agent"}, {"p": 767, "c": 0.9, "s": 297212, "e": 297460, "w": "啊", "sp": "Customer"}, {"p": 768, "c": 0.9, "s": 297247, "e": 297376, "w": "那", "sp": "Agent"}, {"p": 769, "c": 0.9, "s": 297376, "e": 297506, "w": "啊", "sp": "Agent"}, {"p": 770, "c": 0.9, "s": 297506, "e": 297635, "w": "那", "sp": "Agent"}, {"p": 771, "c": 0.9, "s": 297635, "e": 297765, "w": "就", "sp": "Agent"}, {"p": 772, "c": 0.9, "s": 297765, "e": 297894, "w": "先", "sp": "Agent"}, {"p": 773, "c": 0.9, "s": 297894, "e": 298024, "w": "不", "sp": "Agent"}, {"p": 774, "c": 0.9, "s": 298024, "e": 298281, "w": "打扰", "sp": "Agent"}, {"p": 775, "c": 0.9, "s": 298282, "e": 298412, "w": "了", "sp": "Agent"}, {"p": 776, "c": 0.9, "s": 298412, "e": 298671, "w": "稍后", "sp": "Agent"}, {"p": 777, "c": 0.9, "s": 298671, "e": 298930, "w": "可以", "sp": "Agent"}, {"p": 778, "c": 0.9, "s": 298930, "e": 299059, "w": "对", "sp": "Agent"}, {"p": 779, "c": 0.9, "s": 299059, "e": 299189, "w": "我", "sp": "Agent"}, {"p": 780, "c": 0.9, "s": 299189, "e": 299318, "w": "的", "sp": "Agent"}, {"p": 781, "c": 0.9, "s": 299318, "e": 299577, "w": "服务", "sp": "Agent"}, {"p": 782, "c": 0.9, "s": 299577, "e": 299707, "w": "做", "sp": "Agent"}, {"p": 783, "c": 0.9, "s": 299707, "e": 299836, "w": "个", "sp": "Agent"}, {"p": 784, "c": 0.9, "s": 299836, "e": 300095, "w": "评价", "sp": "Agent"}, {"p": 785, "c": 0.9, "s": 300095, "e": 300224, "w": "也", "sp": "Agent"}, {"p": 786, "c": 0.9, "s": 300224, "e": 300483, "w": "可以", "sp": "Agent"}, {"p": 787, "c": 0.9, "s": 300483, "e": 300742, "w": "关注", "sp": "Agent"}, {"p": 788, "c": 0.9, "s": 300742, "e": 300872, "w": "微", "sp": "Agent"}, {"p": 789, "c": 0.9, "s": 300872, "e": 301001, "w": "信", "sp": "Agent"}, {"p": 790, "c": 0.9, "s": 301001, "e": 301260, "w": "公众", "sp": "Agent"}, {"p": 791, "c": 0.9, "s": 301260, "e": 301390, "w": "号", "sp": "Agent"}]}, "plainText": "嗯 嗯 嗯 六零 二二 号 为您服务 下午 好 在线 售后 很 高兴 为您服务 请问 有 什么 可以 帮 您\n啊 你好 报修\n嗯 好 的 您 这边 是 经销商 帮 用户 代 报 还是 自己 家用 的 机器 啊 先生\n嗯 经销商\n嗯 经销商 好 的 那 您 的 联系 您 还是 联系 用户 呢\n联系 我\n女士 您好 的 怎么 称呼 您 呀\n姓 刘 啊\n嗯 刘 先生 好 的 那 麻烦 预留 一个 方便 联系 到 您 的 手机号码 我 来 登记\n幺 九八\n幺 九八\n零 二 九零\n零 二 九零\n七 六八 零\n七 六八 零 好 的 核对 一下 是 幺 九八 零 二九 零七 六八 零 对 吗\n对\n啊 好 的 那 优惠 机器 大概 是 什么 时间 购买 的 呀\n对\n哎 您好 请问 可以 听见 吗\n哦 刚 信号 不 太 好 嗯 正好 听见\n嗯\n了\n嗯 好\n嗯\n的\n好\n那 嗯 那 优惠 机器 大概 是 什么 时间 购买 的 呢\n嗯 在 保 内 是 去年 买 的 啊\n嗯 去年 买 的 好 的 那 机器 的话 型号 您 这边 知道 吗\n啊 没 呃 到 现场 看到 之后\n啊 行 好 的 那 是 家用 中央 空调 还是 挂机 对接 呢\n一 托 六 的 加油 装 空调\n托 六 好 的 那 其 实是 现在 遇到 了 什么 问题 呀\n呃 有 一 户 是 客厅 的 意向\n嗯\n啊\n嗯 室内 机 现在 有 意向 是 吗\n对\n嗯 好 的 那 具体 的 上门 地址 是 在 哪里 呢\n陕西省 西安市\n嗯\n长安\n行 长安\n区\n区 好 之后 是\n学府 大街 中海\n学府\n长安\n大街\n府\n中海 长安\n嗯\n府 之后 是\n对 呃 八\n嗯\n杠 二 杠 一 零零 二\n一 零零 二 好 的 那 再 跟 您 核对\n对\n一下 地址 陕西省 西安市 好 的 长安 区 学府 大街 中海 长安 府 八 栋 二 单元 一 零零 二 对 吗\n对 嗯 呃\n嗯\n还有\n好 的\n疑惑\n那 他 外\n啊\n啊 啊 还有 一 户 好 的 那 您 稍 等 这边\n对\n我 先\n这个\n帮 您\n不\n把 支付\n需要\n登记\n去\n完\n看 外 机\n嗯\n这个 不 需要 去 看 外 机\n啊\n啊 就是\n不 需要\n室内 机\n开玩笑\n逸 享 处理 要求\n嗯\n对 对\n啊\n对\n是\n嗯\n的\n还有\n第 一项\n一 户\n好\n嗯\n的\n我\n那\n报 一下 华宝 他 的\n嗯\n账号 名叫 什么 名\n嗯 好\n你好\n的 您 看 一下 不 着急 啊 您好\n二 号 楼 二 杠\n嗯\n一 杠 三 零 一\n八 号 楼 二 杠 一 杠\n嗯\n三 零 一 室 是\n二二\n八\n号 楼\n栋\n一 单元 二\n啊\n杠 一\n啊\n不 不\n二\n不 贰\n杠 一二\n对 三二\n嗯\n杠 一 杠 三 零 一\n嗯 二 杠 一 单元 呃 就是 二 栋 一 单元 三 零 一对 吗\n对 对\n嗯\n嗯\n好 的 好 的 二 栋\n最后\n一 单元\n业主\n三 零 一\n反映\n好 的 嗯\n说\n您 说\n是 室内 室内 的 空调 噪音 比 较大\n嗯\n啊\n这 一 户 就是 两户 都 是 室内 机 噪音 大 是 吗\n呃 就是 进一步 实际 显示 叶 龙 那块 卡住 了\n嗯\n啊\n嗯 然后 第二 户 是 噪音 比 较大 对 吗\n对 是 的 嗯 业主 这个\n啊 行\n观感\n好\n就\n的\n相当于\n那 第二\n是 的 人家\n服务\n等于 说 是 声音 比 较大 我 觉得 是 正常 的 所以 需要 他们 能 去 看 一下\n啊\n啊\n行 好 的 明白 那 这个 第二 户 的话 也 是 联系 到 您 这边 吗\n对\n啊 第二 户 好 的 那 第二 户 的 机器 是否 在 保 内 呢\n都 是 在 保 内 的\n都\n啊\n是 在 保 内 也 是 占用 这 辆 空调 然后 型号\n对\n让 师傅 上门 查看 是 吗 啊 行\n嗯\n好\n好\n的\n好\n那 这个\n明天\n最后\n去 看吧\n就\n啊\n啊 明天 去 看 好 的 那 最后 想 问 一下 因为 疫情 管控 现在 小区 是否 能 正常 进 医院 呢\n嗯 可以 可以\n啊 可以\n啊\n行\n拜拜\n好 的 那 啊\n啊\n行 好 的 好 的\n嗯\n那 师傅 最快 的话 明天 联系 您 上门 您 保持 电话 通畅 然后 需要\n好好\n两户 用户 提前\n的\n准备\n好\n好\n的\n购机 发票 和 合同 好 的 那 这边 还 有没有\n嗯\n其他 问题 可以 帮 您 了 啊\n没有 了 好 的 嗯\n啊\n再见\n那行 好 的\n啊\n那 啊 那 就 先 不 打扰 了 稍后 可以 对 我 的 服务 做 个 评价 也 可以 关注 微 信 公众 号", "plainTextTime": {"verbatims": [{"s": 13080, "e": 41020, "w": "嗯 嗯 嗯 六零 二二 号 为您服务 下午 好 在线 售后 很 高兴 为您服务 请问 有 什么 可以 帮 您", "sp": "Agent"}, {"s": 41760, "e": 43309, "w": "啊 你好 报修", "sp": "Customer"}, {"s": 43420, "e": 47640, "w": "嗯 好 的 您 这边 是 经销商 帮 用户 代 报 还是 自己 家用 的 机器 啊 先生", "sp": "Agent"}, {"s": 48400, "e": 49850, "w": "嗯 经销商", "sp": "Customer"}, {"s": 50070, "e": 53420, "w": "嗯 经销商 好 的 那 您 的 联系 您 还是 联系 用户 呢", "sp": "Agent"}, {"s": 54200, "e": 55460, "w": "联系 我", "sp": "Customer"}, {"s": 55580, "e": 57710, "w": "女士 您好 的 怎么 称呼 您 呀", "sp": "Agent"}, {"s": 58550, "e": 60090, "w": "姓 刘 啊", "sp": "Customer"}, {"s": 60210, "e": 65089, "w": "嗯 刘 先生 好 的 那 麻烦 预留 一个 方便 联系 到 您 的 手机号码 我 来 登记", "sp": "Agent"}, {"s": 66310, "e": 67770, "w": "幺 九八", "sp": "Customer"}, {"s": 67880, "e": 69250, "w": "幺 九八", "sp": "Agent"}, {"s": 69990, "e": 71640, "w": "零 二 九零", "sp": "Customer"}, {"s": 71700, "e": 73400, "w": "零 二 九零", "sp": "Agent"}, {"s": 73950, "e": 75469, "w": "七 六八 零", "sp": "Customer"}, {"s": 75650, "e": 80740, "w": "七 六八 零 好 的 核对 一下 是 幺 九八 零 二九 零七 六八 零 对 吗", "sp": "Agent"}, {"s": 81350, "e": 82350, "w": "对", "sp": "Customer"}, {"s": 82410, "e": 85980, "w": "啊 好 的 那 优惠 机器 大概 是 什么 时间 购买 的 呀", "sp": "Agent"}, {"s": 88330, "e": 89510, "w": "对", "sp": "Customer"}, {"s": 89630, "e": 92110, "w": "哎 您好 请问 可以 听见 吗", "sp": "Agent"}, {"s": 92610, "e": 95594, "w": "哦 刚 信号 不 太 好 嗯 正好 听见", "sp": "Customer"}, {"s": 95400, "e": 95601, "w": "嗯", "sp": "Agent"}, {"s": 95594, "e": 95842, "w": "了", "sp": "Customer"}, {"s": 95601, "e": 96004, "w": "嗯 好", "sp": "Agent"}, {"s": 95842, "e": 96091, "w": "嗯", "sp": "Customer"}, {"s": 96004, "e": 96204, "w": "的", "sp": "Agent"}, {"s": 96091, "e": 96340, "w": "好", "sp": "Customer"}, {"s": 96205, "e": 99830, "w": "那 嗯 那 优惠 机器 大概 是 什么 时间 购买 的 呢", "sp": "Agent"}, {"s": 100830, "e": 103420, "w": "嗯 在 保 内 是 去年 买 的 啊", "sp": "Customer"}, {"s": 103370, "e": 107180, "w": "嗯 去年 买 的 好 的 那 机器 的话 型号 您 这边 知道 吗", "sp": "Agent"}, {"s": 107880, "e": 110810, "w": "啊 没 呃 到 现场 看到 之后", "sp": "Customer"}, {"s": 110810, "e": 114579, "w": "啊 行 好 的 那 是 家用 中央 空调 还是 挂机 对接 呢", "sp": "Agent"}, {"s": 115210, "e": 117340, "w": "一 托 六 的 加油 装 空调", "sp": "Customer"}, {"s": 117430, "e": 121130, "w": "托 六 好 的 那 其 实是 现在 遇到 了 什么 问题 呀", "sp": "Agent"}, {"s": 123420, "e": 127156, "w": "呃 有 一 户 是 客厅 的 意向", "sp": "Customer"}, {"s": 127140, "e": 127417, "w": "嗯", "sp": "Agent"}, {"s": 127156, "e": 127530, "w": "啊", "sp": "Customer"}, {"s": 127417, "e": 130470, "w": "嗯 室内 机 现在 有 意向 是 吗", "sp": "Agent"}, {"s": 130820, "e": 131850, "w": "对", "sp": "Customer"}, {"s": 131800, "e": 135140, "w": "嗯 好 的 那 具体 的 上门 地址 是 在 哪里 呢", "sp": "Agent"}, {"s": 135810, "e": 138123, "w": "陕西省 西安市", "sp": "Customer"}, {"s": 138080, "e": 138483, "w": "嗯", "sp": "Agent"}, {"s": 138123, "e": 138894, "w": "长安", "sp": "Customer"}, {"s": 138483, "e": 139693, "w": "行 长安", "sp": "Agent"}, {"s": 138894, "e": 139280, "w": "区", "sp": "Customer"}, {"s": 139693, "e": 141710, "w": "区 好 之后 是", "sp": "Agent"}, {"s": 142280, "e": 144379, "w": "学府 大街 中海", "sp": "Customer"}, {"s": 143890, "e": 144578, "w": "学府", "sp": "Agent"}, {"s": 144380, "e": 145080, "w": "长安", "sp": "Customer"}, {"s": 144578, "e": 145266, "w": "大街", "sp": "Agent"}, {"s": 145080, "e": 145430, "w": "府", "sp": "Customer"}, {"s": 145266, "e": 146643, "w": "中海 长安", "sp": "Agent"}, {"s": 146370, "e": 147280, "w": "嗯", "sp": "Customer"}, {"s": 146643, "e": 148020, "w": "府 之后 是", "sp": "Agent"}, {"s": 147850, "e": 149172, "w": "对 呃 八", "sp": "Customer"}, {"s": 149010, "e": 150010, "w": "嗯", "sp": "Agent"}, {"s": 149173, "e": 152260, "w": "杠 二 杠 一 零零 二", "sp": "Customer"}, {"s": 152290, "e": 154987, "w": "一 零零 二 好 的 那 再 跟 您 核对", "sp": "Agent"}, {"s": 154620, "e": 155620, "w": "对", "sp": "Customer"}, {"s": 154988, "e": 162860, "w": "一下 地址 陕西省 西安市 好 的 长安 区 学府 大街 中海 长安 府 八 栋 二 单元 一 零零 二 对 吗", "sp": "Agent"}, {"s": 163360, "e": 164642, "w": "对 嗯 呃", "sp": "Customer"}, {"s": 164620, "e": 164913, "w": "嗯", "sp": "Agent"}, {"s": 164642, "e": 165497, "w": "还有", "sp": "Customer"}, {"s": 164913, "e": 165500, "w": "好 的", "sp": "Agent"}, {"s": 165497, "e": 166351, "w": "疑惑", "sp": "Customer"}, {"s": 165500, "e": 166380, "w": "那 他 外", "sp": "Agent"}, {"s": 166352, "e": 166780, "w": "啊", "sp": "Customer"}, {"s": 166660, "e": 168935, "w": "啊 啊 还有 一 户 好 的 那 您 稍 等 这边", "sp": "Agent"}, {"s": 168910, "e": 169130, "w": "对", "sp": "Customer"}, {"s": 168935, "e": 169260, "w": "我 先", "sp": "Agent"}, {"s": 169130, "e": 169571, "w": "这个", "sp": "Customer"}, {"s": 169260, "e": 169584, "w": "帮 您", "sp": "Agent"}, {"s": 169571, "e": 169791, "w": "不", "sp": "Customer"}, {"s": 169585, "e": 170071, "w": "把 支付", "sp": "Agent"}, {"s": 169791, "e": 170232, "w": "需要", "sp": "Customer"}, {"s": 170072, "e": 170397, "w": "登记", "sp": "Agent"}, {"s": 170232, "e": 170452, "w": "去", "sp": "Customer"}, {"s": 170397, "e": 170560, "w": "完", "sp": "Agent"}, {"s": 170452, "e": 171114, "w": "看 外 机", "sp": "Customer"}, {"s": 171070, "e": 172010, "w": "嗯", "sp": "Agent"}, {"s": 171114, "e": 173097, "w": "这个 不 需要 去 看 外 机", "sp": "Customer"}, {"s": 173060, "e": 173390, "w": "啊", "sp": "Agent"}, {"s": 173097, "e": 173758, "w": "啊 就是", "sp": "Customer"}, {"s": 173390, "e": 174380, "w": "不 需要", "sp": "Agent"}, {"s": 173759, "e": 174420, "w": "室内 机", "sp": "Customer"}, {"s": 174380, "e": 175370, "w": "开玩笑", "sp": "Agent"}, {"s": 174420, "e": 175742, "w": "逸 享 处理 要求", "sp": "Customer"}, {"s": 175370, "e": 175700, "w": "嗯", "sp": "Agent"}, {"s": 175742, "e": 176183, "w": "对 对", "sp": "Customer"}, {"s": 175980, "e": 176200, "w": "啊", "sp": "Agent"}, {"s": 176183, "e": 176403, "w": "对", "sp": "Customer"}, {"s": 176200, "e": 176420, "w": "是", "sp": "Agent"}, {"s": 176404, "e": 176624, "w": "嗯", "sp": "Customer"}, {"s": 176420, "e": 176640, "w": "的", "sp": "Agent"}, {"s": 176624, "e": 177064, "w": "还有", "sp": "Customer"}, {"s": 176640, "e": 177300, "w": "第 一项", "sp": "Agent"}, {"s": 177065, "e": 177506, "w": "一 户", "sp": "Customer"}, {"s": 177300, "e": 177520, "w": "好", "sp": "Agent"}, {"s": 177506, "e": 177726, "w": "嗯", "sp": "Customer"}, {"s": 177520, "e": 177740, "w": "的", "sp": "Agent"}, {"s": 177726, "e": 177946, "w": "我", "sp": "Customer"}, {"s": 177740, "e": 177960, "w": "那", "sp": "Agent"}, {"s": 177947, "e": 179489, "w": "报 一下 华宝 他 的", "sp": "Customer"}, {"s": 179510, "e": 180480, "w": "嗯", "sp": "Agent"}, {"s": 197360, "e": 199050, "w": "账号 名叫 什么 名", "sp": "Customer"}, {"s": 199610, "e": 200086, "w": "嗯 好", "sp": "Agent"}, {"s": 200000, "e": 201040, "w": "你好", "sp": "Customer"}, {"s": 200086, "e": 202710, "w": "的 您 看 一下 不 着急 啊 您好", "sp": "Agent"}, {"s": 202440, "e": 204175, "w": "二 号 楼 二 杠", "sp": "Customer"}, {"s": 204080, "e": 205090, "w": "嗯", "sp": "Agent"}, {"s": 204175, "e": 205910, "w": "一 杠 三 零 一", "sp": "Customer"}, {"s": 206010, "e": 208428, "w": "八 号 楼 二 杠 一 杠", "sp": "Agent"}, {"s": 208090, "e": 209069, "w": "嗯", "sp": "Customer"}, {"s": 208428, "e": 210916, "w": "三 零 一 室 是", "sp": "Agent"}, {"s": 210490, "e": 211087, "w": "二二", "sp": "Customer"}, {"s": 210916, "e": 211533, "w": "八", "sp": "Agent"}, {"s": 211087, "e": 211683, "w": "号 楼", "sp": "Customer"}, {"s": 211533, "e": 212150, "w": "栋", "sp": "Agent"}, {"s": 211684, "e": 212878, "w": "一 单元 二", "sp": "Customer"}, {"s": 212720, "e": 213278, "w": "啊", "sp": "Agent"}, {"s": 212878, "e": 213475, "w": "杠 一", "sp": "Customer"}, {"s": 213278, "e": 213836, "w": "啊", "sp": "Agent"}, {"s": 213475, "e": 214072, "w": "不 不", "sp": "Customer"}, {"s": 213836, "e": 214395, "w": "二", "sp": "Agent"}, {"s": 214072, "e": 214670, "w": "不 贰", "sp": "Customer"}, {"s": 214395, "e": 216070, "w": "杠 一二", "sp": "Agent"}, {"s": 215900, "e": 216943, "w": "对 三二", "sp": "Customer"}, {"s": 216890, "e": 217880, "w": "嗯", "sp": "Agent"}, {"s": 216943, "e": 219030, "w": "杠 一 杠 三 零 一", "sp": "Customer"}, {"s": 219100, "e": 224710, "w": "嗯 二 杠 一 单元 呃 就是 二 栋 一 单元 三 零 一对 吗", "sp": "Agent"}, {"s": 224940, "e": 226080, "w": "对 对", "sp": "Customer"}, {"s": 226040, "e": 226297, "w": "嗯", "sp": "Agent"}, {"s": 226080, "e": 226650, "w": "嗯", "sp": "Customer"}, {"s": 226297, "e": 227844, "w": "好 的 好 的 二 栋", "sp": "Agent"}, {"s": 227720, "e": 228533, "w": "最后", "sp": "Customer"}, {"s": 227844, "e": 228617, "w": "一 单元", "sp": "Agent"}, {"s": 228533, "e": 229347, "w": "业主", "sp": "Customer"}, {"s": 228617, "e": 229390, "w": "三 零 一", "sp": "Agent"}, {"s": 229347, "e": 230161, "w": "反映", "sp": "Customer"}, {"s": 229391, "e": 230164, "w": "好 的 嗯", "sp": "Agent"}, {"s": 230161, "e": 230568, "w": "说", "sp": "Customer"}, {"s": 230164, "e": 230680, "w": "您 说", "sp": "Agent"}, {"s": 230568, "e": 236099, "w": "是 室内 室内 的 空调 噪音 比 较大", "sp": "Customer"}, {"s": 236070, "e": 236296, "w": "嗯", "sp": "Agent"}, {"s": 236100, "e": 236450, "w": "啊", "sp": "Customer"}, {"s": 236296, "e": 240140, "w": "这 一 户 就是 两户 都 是 室内 机 噪音 大 是 吗", "sp": "Agent"}, {"s": 240920, "e": 245377, "w": "呃 就是 进一步 实际 显示 叶 龙 那块 卡住 了", "sp": "Customer"}, {"s": 245370, "e": 245605, "w": "嗯", "sp": "Agent"}, {"s": 245377, "e": 245640, "w": "啊", "sp": "Customer"}, {"s": 245605, "e": 248900, "w": "嗯 然后 第二 户 是 噪音 比 较大 对 吗", "sp": "Agent"}, {"s": 249080, "e": 250586, "w": "对 是 的 嗯 业主 这个", "sp": "Customer"}, {"s": 250330, "e": 250841, "w": "啊 行", "sp": "Agent"}, {"s": 250586, "e": 250962, "w": "观感", "sp": "Customer"}, {"s": 250841, "e": 251096, "w": "好", "sp": "Agent"}, {"s": 250962, "e": 251150, "w": "就", "sp": "Customer"}, {"s": 251096, "e": 251351, "w": "的", "sp": "Agent"}, {"s": 251150, "e": 251715, "w": "相当于", "sp": "Customer"}, {"s": 251352, "e": 252118, "w": "那 第二", "sp": "Agent"}, {"s": 251715, "e": 252468, "w": "是 的 人家", "sp": "Customer"}, {"s": 252118, "e": 252629, "w": "服务", "sp": "Agent"}, {"s": 252468, "e": 257551, "w": "等于 说 是 声音 比 较大 我 觉得 是 正常 的 所以 需要 他们 能 去 看 一下", "sp": "Customer"}, {"s": 257530, "e": 257716, "w": "啊", "sp": "Agent"}, {"s": 257551, "e": 257739, "w": "啊", "sp": "Customer"}, {"s": 257716, "e": 261820, "w": "行 好 的 明白 那 这个 第二 户 的话 也 是 联系 到 您 这边 吗", "sp": "Agent"}, {"s": 262350, "e": 263410, "w": "对", "sp": "Customer"}, {"s": 263360, "e": 267500, "w": "啊 第二 户 好 的 那 第二 户 的 机器 是否 在 保 内 呢", "sp": "Agent"}, {"s": 268160, "e": 269599, "w": "都 是 在 保 内 的", "sp": "Customer"}, {"s": 269570, "e": 269746, "w": "都", "sp": "Agent"}, {"s": 269600, "e": 269840, "w": "啊", "sp": "Customer"}, {"s": 269746, "e": 272564, "w": "是 在 保 内 也 是 占用 这 辆 空调 然后 型号", "sp": "Agent"}, {"s": 272330, "e": 273289, "w": "对", "sp": "Customer"}, {"s": 272564, "e": 275542, "w": "让 师傅 上门 查看 是 吗 啊 行", "sp": "Agent"}, {"s": 275420, "e": 275706, "w": "嗯", "sp": "Customer"}, {"s": 275542, "e": 275788, "w": "好", "sp": "Agent"}, {"s": 275706, "e": 275992, "w": "好", "sp": "Customer"}, {"s": 275788, "e": 276034, "w": "的", "sp": "Agent"}, {"s": 275993, "e": 276280, "w": "好", "sp": "Customer"}, {"s": 276034, "e": 276772, "w": "那 这个", "sp": "Agent"}, {"s": 276280, "e": 276853, "w": "明天", "sp": "Customer"}, {"s": 276772, "e": 277264, "w": "最后", "sp": "Agent"}, {"s": 276853, "e": 277713, "w": "去 看吧", "sp": "Customer"}, {"s": 277264, "e": 277510, "w": "就", "sp": "Agent"}, {"s": 277713, "e": 278000, "w": "啊", "sp": "Customer"}, {"s": 277890, "e": 283050, "w": "啊 明天 去 看 好 的 那 最后 想 问 一下 因为 疫情 管控 现在 小区 是否 能 正常 进 医院 呢", "sp": "Agent"}, {"s": 282950, "e": 284538, "w": "嗯 可以 可以", "sp": "Customer"}, {"s": 284340, "e": 284779, "w": "啊 可以", "sp": "Agent"}, {"s": 284538, "e": 284856, "w": "啊", "sp": "Customer"}, {"s": 284779, "e": 284925, "w": "行", "sp": "Agent"}, {"s": 284856, "e": 285491, "w": "拜拜", "sp": "Customer"}, {"s": 284925, "e": 285511, "w": "好 的 那 啊", "sp": "Agent"}, {"s": 285492, "e": 285810, "w": "啊", "sp": "Customer"}, {"s": 285511, "e": 286242, "w": "行 好 的 好 的", "sp": "Agent"}, {"s": 286210, "e": 287180, "w": "嗯", "sp": "Customer"}, {"s": 286243, "e": 289904, "w": "那 师傅 最快 的话 明天 联系 您 上门 您 保持 电话 通畅 然后 需要", "sp": "Agent"}, {"s": 289800, "e": 290504, "w": "好好", "sp": "Customer"}, {"s": 289904, "e": 290783, "w": "两户 用户 提前", "sp": "Agent"}, {"s": 290504, "e": 290856, "w": "的", "sp": "Customer"}, {"s": 290783, "e": 291076, "w": "准备", "sp": "Agent"}, {"s": 290856, "e": 291207, "w": "好", "sp": "Customer"}, {"s": 291076, "e": 291222, "w": "好", "sp": "Agent"}, {"s": 291208, "e": 291560, "w": "的", "sp": "Customer"}, {"s": 291222, "e": 293565, "w": "购机 发票 和 合同 好 的 那 这边 还 有没有", "sp": "Agent"}, {"s": 293250, "e": 294190, "w": "嗯", "sp": "Customer"}, {"s": 293565, "e": 295030, "w": "其他 问题 可以 帮 您 了 啊", "sp": "Agent"}, {"s": 295230, "e": 296715, "w": "没有 了 好 的 嗯", "sp": "Customer"}, {"s": 296600, "e": 296729, "w": "啊", "sp": "Agent"}, {"s": 296716, "e": 297212, "w": "再见", "sp": "Customer"}, {"s": 296729, "e": 297247, "w": "那行 好 的", "sp": "Agent"}, {"s": 297212, "e": 297460, "w": "啊", "sp": "Customer"}, {"s": 297247, "e": 301390, "w": "那 啊 那 就 先 不 打扰 了 稍后 可以 对 我 的 服务 做 个 评价 也 可以 关注 微 信 公众 号", "sp": "Agent"}]}, "aqm": {"greeting": {"greeting_said": "为您服务, 售后, 高兴, 请问", "n_greeting_said": 4, "score": 1}, "closing": {"closing_said": "关注", "n_closing_said": 1, "score": 0}, "speed": {"speed_max": 7.72, "n_words": 32, "words": "那 啊 那 就 先 不 打扰 了 稍后 可以 对 我 的 服务 做 个 评价 也 可以 关注 微 信 公众 号", "start": 297247, "end": 301390}}}