{"mediaId": "2022031314021221978300200000537202", "status": "Success", "dateCreated": "2022-03-21T18:45:50Z", "contentType": "audio/x-wav", "channels": "future use", "length": 291, "metadata": {"Sid": 10002, "Site_id": 783, "Audio_ch_num": 5372, "Audio_module_num": 783002, "Audio_start_time_gmt": "2022-03-13T05:57:20.847+08:00", "Transaction_id": "2022031314021221978300200000537202", "ContactID": "9204480057320000022", "Personal_id": "0", "Direction": 0, "Local_audio_start_time": "2022-03-13T13:57:20.847+08:00", "Local_audio_end_time": "2022-03-13T14:02:11.847+08:00", "Total_hold_time": "0", "Pbx_login_id": "", "Ani": "90102155368221", "Extension": "155368221", "String_extension": "90102155368221", "Switch_call_id": "SIP/AUDIO/2F3E1600-46B5-3BFE-CC83-1CE3657090D3", "Switch_id": "783000001", "Duration_seconds": 291, "Wrapup_time_in_seconds": "0", "Dnis": "14759210104", "Number_of_conferences": "0", "Number_of_holds": "0", "Number_of_transfers": "0", "Percent_of_agent_call": "137", "Percent_of_other_call": "60", "Percent_of_mutual_silence": "84", "Num_of_agent_cross": "12", "Num_of_other_cross": "9", "IsException": 0}, "transcript_detailed": {"words": [{"p": 1, "c": 0.9, "s": 5000, "e": 5618, "w": "六", "sp": "Agent"}, {"p": 2, "c": 0.9, "s": 5618, "e": 6856, "w": "零三", "sp": "Agent"}, {"p": 3, "c": 0.9, "s": 6856, "e": 7475, "w": "八", "sp": "Agent"}, {"p": 4, "c": 0.9, "s": 7260, "e": 7557, "w": "你", "sp": "Customer"}, {"p": 5, "c": 0.9, "s": 7475, "e": 8094, "w": "号", "sp": "Agent"}, {"p": 6, "c": 0.9, "s": 7557, "e": 7854, "w": "缺", "sp": "Customer"}, {"p": 7, "c": 0.9, "s": 7854, "e": 8151, "w": "钱", "sp": "Customer"}, {"p": 8, "c": 0.9, "s": 8094, "e": 10570, "w": "为您服务", "sp": "Agent"}, {"p": 9, "c": 0.9, "s": 8151, "e": 8448, "w": "他", "sp": "Customer"}, {"p": 10, "c": 0.9, "s": 8448, "e": 8745, "w": "妈", "sp": "Customer"}, {"p": 11, "c": 0.9, "s": 8745, "e": 9042, "w": "在", "sp": "Customer"}, {"p": 12, "c": 0.9, "s": 9042, "e": 9636, "w": "为啥", "sp": "Customer"}, {"p": 13, "c": 0.9, "s": 9636, "e": 9933, "w": "你", "sp": "Customer"}, {"p": 14, "c": 0.9, "s": 9933, "e": 10230, "w": "说", "sp": "Customer"}, {"p": 15, "c": 0.9, "s": 10960, "e": 11299, "w": "下午", "sp": "Agent"}, {"p": 16, "c": 0.9, "s": 11299, "e": 11467, "w": "好", "sp": "Agent"}, {"p": 17, "c": 0.9, "s": 11468, "e": 11808, "w": "大厅", "sp": "Agent"}, {"p": 18, "c": 0.9, "s": 11808, "e": 12146, "w": "售后", "sp": "Agent"}, {"p": 19, "c": 0.9, "s": 12147, "e": 12316, "w": "很", "sp": "Agent"}, {"p": 20, "c": 0.9, "s": 12316, "e": 12656, "w": "高兴", "sp": "Agent"}, {"p": 21, "c": 0.9, "s": 12656, "e": 13334, "w": "为您服务", "sp": "Agent"}, {"p": 22, "c": 0.9, "s": 13334, "e": 13672, "w": "请问", "sp": "Agent"}, {"p": 23, "c": 0.9, "s": 13673, "e": 13843, "w": "有", "sp": "Agent"}, {"p": 24, "c": 0.9, "s": 13843, "e": 14182, "w": "什么", "sp": "Agent"}, {"p": 25, "c": 0.9, "s": 14182, "e": 14521, "w": "需要", "sp": "Agent"}, {"p": 26, "c": 0.9, "s": 14521, "e": 14860, "w": "帮助", "sp": "Agent"}, {"p": 27, "c": 0.9, "s": 14860, "e": 15030, "w": "的", "sp": "Agent"}, {"p": 28, "c": 0.9, "s": 15030, "e": 15200, "w": "吗", "sp": "Agent"}, {"p": 29, "c": 0.9, "s": 16170, "e": 16446, "w": "哎", "sp": "Customer"}, {"p": 30, "c": 0.9, "s": 16446, "e": 16998, "w": "你好", "sp": "Customer"}, {"p": 31, "c": 0.9, "s": 16999, "e": 17551, "w": "那个", "sp": "Customer"}, {"p": 32, "c": 0.9, "s": 17551, "e": 17828, "w": "我", "sp": "Customer"}, {"p": 33, "c": 0.9, "s": 17828, "e": 18380, "w": "报修", "sp": "Customer"}, {"p": 34, "c": 0.9, "s": 18380, "e": 18657, "w": "下", "sp": "Customer"}, {"p": 35, "c": 0.9, "s": 18657, "e": 19210, "w": "空调", "sp": "Customer"}, {"p": 36, "c": 0.9, "s": 19390, "e": 19605, "w": "嗯", "sp": "Agent"}, {"p": 37, "c": 0.9, "s": 19605, "e": 19821, "w": "您", "sp": "Agent"}, {"p": 38, "c": 0.9, "s": 19821, "e": 20036, "w": "是", "sp": "Agent"}, {"p": 39, "c": 0.9, "s": 20037, "e": 20469, "w": "用户", "sp": "Agent"}, {"p": 40, "c": 0.9, "s": 20469, "e": 20900, "w": "本人", "sp": "Agent"}, {"p": 41, "c": 0.9, "s": 20900, "e": 21331, "w": "来电", "sp": "Agent"}, {"p": 42, "c": 0.9, "s": 21332, "e": 21764, "w": "报修", "sp": "Agent"}, {"p": 43, "c": 0.9, "s": 21764, "e": 21980, "w": "吗", "sp": "Agent"}, {"p": 44, "c": 0.9, "s": 22200, "e": 22425, "w": "对", "sp": "Customer"}, {"p": 45, "c": 0.9, "s": 22425, "e": 22651, "w": "对", "sp": "Customer"}, {"p": 46, "c": 0.9, "s": 22651, "e": 23102, "w": "其实", "sp": "Customer"}, {"p": 47, "c": 0.9, "s": 23103, "e": 23329, "w": "我", "sp": "Customer"}, {"p": 48, "c": 0.9, "s": 23329, "e": 23780, "w": "家里", "sp": "Customer"}, {"p": 49, "c": 0.9, "s": 23780, "e": 24458, "w": "就是说", "sp": "Customer"}, {"p": 50, "c": 0.9, "s": 24458, "e": 24910, "w": "空调", "sp": "Customer"}, {"p": 51, "c": 0.9, "s": 24910, "e": 25135, "w": "嘛", "sp": "Customer"}, {"p": 52, "c": 0.9, "s": 25135, "e": 25361, "w": "就", "sp": "Customer"}, {"p": 53, "c": 0.9, "s": 25361, "e": 25587, "w": "刚", "sp": "Customer"}, {"p": 54, "c": 0.9, "s": 25570, "e": 26460, "w": "是", "sp": "Agent"}, {"p": 55, "c": 0.9, "s": 25587, "e": 25813, "w": "装", "sp": "Customer"}, {"p": 56, "c": 0.9, "s": 25813, "e": 26039, "w": "的", "sp": "Customer"}, {"p": 57, "c": 0.9, "s": 26039, "e": 26265, "w": "嘛", "sp": "Customer"}, {"p": 58, "c": 0.9, "s": 26265, "e": 26942, "w": "就是说", "sp": "Customer"}, {"p": 59, "c": 0.9, "s": 26942, "e": 27168, "w": "外", "sp": "Customer"}, {"p": 60, "c": 0.9, "s": 27168, "e": 27394, "w": "机", "sp": "Customer"}, {"p": 61, "c": 0.9, "s": 27394, "e": 27845, "w": "好像", "sp": "Customer"}, {"p": 62, "c": 0.9, "s": 27845, "e": 28296, "w": "听到", "sp": "Customer"}, {"p": 63, "c": 0.9, "s": 28297, "e": 28523, "w": "有", "sp": "Customer"}, {"p": 64, "c": 0.9, "s": 28523, "e": 28975, "w": "一些", "sp": "Customer"}, {"p": 65, "c": 0.9, "s": 28975, "e": 29426, "w": "声音", "sp": "Customer"}, {"p": 66, "c": 0.9, "s": 29426, "e": 29878, "w": "比较", "sp": "Customer"}, {"p": 67, "c": 0.9, "s": 29878, "e": 30330, "w": "奇怪", "sp": "Customer"}, {"p": 68, "c": 0.9, "s": 31620, "e": 32161, "w": "驻外", "sp": "Agent"}, {"p": 69, "c": 0.9, "s": 32161, "e": 32432, "w": "地", "sp": "Agent"}, {"p": 70, "c": 0.9, "s": 32432, "e": 32703, "w": "异", "sp": "Agent"}, {"p": 71, "c": 0.9, "s": 32703, "e": 32974, "w": "想", "sp": "Agent"}, {"p": 72, "c": 0.9, "s": 32974, "e": 33516, "w": "什么", "sp": "Agent"}, {"p": 73, "c": 0.9, "s": 33516, "e": 34058, "w": "一直", "sp": "Agent"}, {"p": 74, "c": 0.9, "s": 34058, "e": 34329, "w": "想", "sp": "Agent"}, {"p": 75, "c": 0.9, "s": 34329, "e": 34600, "w": "吗", "sp": "Agent"}, {"p": 76, "c": 0.9, "s": 35600, "e": 35967, "w": "就是", "sp": "Customer"}, {"p": 77, "c": 0.9, "s": 35967, "e": 36334, "w": "偶尔", "sp": "Customer"}, {"p": 78, "c": 0.9, "s": 36334, "e": 36517, "w": "会", "sp": "Customer"}, {"p": 79, "c": 0.9, "s": 36517, "e": 36700, "w": "吧", "sp": "Customer"}, {"p": 80, "c": 0.9, "s": 36701, "e": 37068, "w": "因为", "sp": "Customer"}, {"p": 81, "c": 0.9, "s": 37068, "e": 37435, "w": "毕竟", "sp": "Customer"}, {"p": 82, "c": 0.9, "s": 37435, "e": 37802, "w": "新装", "sp": "Customer"}, {"p": 83, "c": 0.9, "s": 37802, "e": 37984, "w": "的", "sp": "Customer"}, {"p": 84, "c": 0.9, "s": 37985, "e": 38169, "w": "嘛", "sp": "Customer"}, {"p": 85, "c": 0.9, "s": 38169, "e": 38536, "w": "就是", "sp": "Customer"}, {"p": 86, "c": 0.9, "s": 38536, "e": 38903, "w": "麻烦", "sp": "Customer"}, {"p": 87, "c": 0.9, "s": 38903, "e": 39270, "w": "过来", "sp": "Customer"}, {"p": 88, "c": 0.9, "s": 39270, "e": 39637, "w": "检查", "sp": "Customer"}, {"p": 89, "c": 0.9, "s": 39637, "e": 40004, "w": "一下", "sp": "Customer"}, {"p": 90, "c": 0.9, "s": 40004, "e": 40371, "w": "的话", "sp": "Customer"}, {"p": 91, "c": 0.9, "s": 40110, "e": 40368, "w": "好", "sp": "Agent"}, {"p": 92, "c": 0.9, "s": 40368, "e": 40627, "w": "的", "sp": "Agent"}, {"p": 93, "c": 0.9, "s": 40371, "e": 40738, "w": "我们", "sp": "Customer"}, {"p": 94, "c": 0.9, "s": 40627, "e": 41143, "w": "了解", "sp": "Agent"}, {"p": 95, "c": 0.9, "s": 40738, "e": 40921, "w": "我", "sp": "Customer"}, {"p": 96, "c": 0.9, "s": 40922, "e": 41105, "w": "也", "sp": "Customer"}, {"p": 97, "c": 0.9, "s": 41105, "e": 41288, "w": "不", "sp": "Customer"}, {"p": 98, "c": 0.9, "s": 41144, "e": 41402, "w": "您", "sp": "Agent"}, {"p": 99, "c": 0.9, "s": 41289, "e": 41472, "w": "懂", "sp": "Customer"}, {"p": 100, "c": 0.9, "s": 41402, "e": 41661, "w": "您", "sp": "Agent"}, {"p": 101, "c": 0.9, "s": 41472, "e": 41840, "w": "他们", "sp": "Customer"}, {"p": 102, "c": 0.9, "s": 41661, "e": 41920, "w": "说", "sp": "Agent"}, {"p": 103, "c": 0.9, "s": 42370, "e": 42545, "w": "我", "sp": "Agent"}, {"p": 104, "c": 0.9, "s": 42546, "e": 42722, "w": "给", "sp": "Agent"}, {"p": 105, "c": 0.9, "s": 42722, "e": 42898, "w": "您", "sp": "Agent"}, {"p": 106, "c": 0.9, "s": 42898, "e": 43250, "w": "备注", "sp": "Agent"}, {"p": 107, "c": 0.9, "s": 43250, "e": 43602, "w": "一下", "sp": "Agent"}, {"p": 108, "c": 0.9, "s": 43602, "e": 43954, "w": "信息", "sp": "Agent"}, {"p": 109, "c": 0.9, "s": 43954, "e": 44129, "w": "是", "sp": "Agent"}, {"p": 110, "c": 0.9, "s": 44130, "e": 44482, "w": "加热", "sp": "Agent"}, {"p": 111, "c": 0.9, "s": 44482, "e": 44657, "w": "装", "sp": "Agent"}, {"p": 112, "c": 0.9, "s": 44658, "e": 45010, "w": "空调", "sp": "Agent"}, {"p": 113, "c": 0.9, "s": 45010, "e": 45362, "w": "解脱", "sp": "Agent"}, {"p": 114, "c": 0.9, "s": 45362, "e": 45538, "w": "解", "sp": "Agent"}, {"p": 115, "c": 0.9, "s": 45538, "e": 45713, "w": "的", "sp": "Agent"}, {"p": 116, "c": 0.9, "s": 45714, "e": 45890, "w": "呀", "sp": "Agent"}, {"p": 117, "c": 0.9, "s": 46450, "e": 46808, "w": "呃", "sp": "Customer"}, {"p": 118, "c": 0.9, "s": 46808, "e": 47525, "w": "一拖", "sp": "Customer"}, {"p": 119, "c": 0.9, "s": 47526, "e": 47885, "w": "五", "sp": "Customer"}, {"p": 120, "c": 0.9, "s": 47885, "e": 48244, "w": "的", "sp": "Customer"}, {"p": 121, "c": 0.9, "s": 48244, "e": 48603, "w": "吧", "sp": "Customer"}, {"p": 122, "c": 0.9, "s": 48603, "e": 49680, "w": "差不多", "sp": "Customer"}, {"p": 123, "c": 0.9, "s": 49010, "e": 49227, "w": "一", "sp": "Agent"}, {"p": 124, "c": 0.9, "s": 49228, "e": 49447, "w": "托", "sp": "Agent"}, {"p": 125, "c": 0.9, "s": 49447, "e": 49664, "w": "五", "sp": "Agent"}, {"p": 126, "c": 0.9, "s": 49665, "e": 49884, "w": "的", "sp": "Agent"}, {"p": 127, "c": 0.9, "s": 49884, "e": 50101, "w": "是", "sp": "Agent"}, {"p": 128, "c": 0.9, "s": 50102, "e": 50321, "w": "吗", "sp": "Agent"}, {"p": 129, "c": 0.9, "s": 50321, "e": 50758, "w": "然后", "sp": "Agent"}, {"p": 130, "c": 0.9, "s": 50758, "e": 50977, "w": "外", "sp": "Agent"}, {"p": 131, "c": 0.9, "s": 50977, "e": 51195, "w": "机", "sp": "Agent"}, {"p": 132, "c": 0.9, "s": 51195, "e": 51414, "w": "一", "sp": "Agent"}, {"p": 133, "c": 0.9, "s": 51414, "e": 51632, "w": "箱", "sp": "Agent"}, {"p": 134, "c": 0.9, "s": 51632, "e": 51851, "w": "是", "sp": "Agent"}, {"p": 135, "c": 0.9, "s": 51851, "e": 52070, "w": "吧", "sp": "Agent"}, {"p": 136, "c": 0.9, "s": 52230, "e": 52680, "w": "对", "sp": "Customer"}, {"p": 137, "c": 0.9, "s": 52680, "e": 53130, "w": "对", "sp": "Customer"}, {"p": 138, "c": 0.9, "s": 52790, "e": 52982, "w": "好", "sp": "Agent"}, {"p": 139, "c": 0.9, "s": 52982, "e": 53175, "w": "的", "sp": "Agent"}, {"p": 140, "c": 0.9, "s": 53130, "e": 53580, "w": "对", "sp": "Customer"}, {"p": 141, "c": 0.9, "s": 53175, "e": 53367, "w": "那", "sp": "Agent"}, {"p": 142, "c": 0.9, "s": 53367, "e": 53752, "w": "先生", "sp": "Agent"}, {"p": 143, "c": 0.9, "s": 53752, "e": 53945, "w": "我", "sp": "Agent"}, {"p": 144, "c": 0.9, "s": 53945, "e": 54137, "w": "给", "sp": "Agent"}, {"p": 145, "c": 0.9, "s": 54137, "e": 54330, "w": "您", "sp": "Agent"}, {"p": 146, "c": 0.9, "s": 54330, "e": 54715, "w": "备注", "sp": "Agent"}, {"p": 147, "c": 0.9, "s": 54715, "e": 55100, "w": "清楚", "sp": "Agent"}, {"p": 148, "c": 0.9, "s": 55100, "e": 55292, "w": "那", "sp": "Agent"}, {"p": 149, "c": 0.9, "s": 55292, "e": 55870, "w": "到时候", "sp": "Agent"}, {"p": 150, "c": 0.9, "s": 55870, "e": 56062, "w": "收", "sp": "Agent"}, {"p": 151, "c": 0.9, "s": 56062, "e": 56447, "w": "上门", "sp": "Agent"}, {"p": 152, "c": 0.9, "s": 56447, "e": 56831, "w": "联系", "sp": "Agent"}, {"p": 153, "c": 0.9, "s": 56832, "e": 57025, "w": "您", "sp": "Agent"}, {"p": 154, "c": 0.9, "s": 57025, "e": 57217, "w": "是", "sp": "Agent"}, {"p": 155, "c": 0.9, "s": 57217, "e": 57410, "w": "吗", "sp": "Agent"}, {"p": 156, "c": 0.9, "s": 57880, "e": 58097, "w": "呃", "sp": "Customer"}, {"p": 157, "c": 0.9, "s": 58097, "e": 58532, "w": "联系", "sp": "Customer"}, {"p": 158, "c": 0.9, "s": 58532, "e": 58750, "w": "我", "sp": "Customer"}, {"p": 159, "c": 0.9, "s": 58750, "e": 58967, "w": "就", "sp": "Customer"}, {"p": 160, "c": 0.9, "s": 58967, "e": 59402, "w": "可以", "sp": "Customer"}, {"p": 161, "c": 0.9, "s": 59402, "e": 59620, "w": "了", "sp": "Customer"}, {"p": 162, "c": 0.9, "s": 59700, "e": 59864, "w": "那", "sp": "Agent"}, {"p": 163, "c": 0.9, "s": 59864, "e": 60029, "w": "您", "sp": "Agent"}, {"p": 164, "c": 0.9, "s": 60029, "e": 60359, "w": "提供", "sp": "Agent"}, {"p": 165, "c": 0.9, "s": 60359, "e": 60688, "w": "一下", "sp": "Agent"}, {"p": 166, "c": 0.9, "s": 60688, "e": 60853, "w": "您", "sp": "Agent"}, {"p": 167, "c": 0.9, "s": 60853, "e": 61018, "w": "的", "sp": "Agent"}, {"p": 168, "c": 0.9, "s": 61018, "e": 61347, "w": "联系", "sp": "Agent"}, {"p": 169, "c": 0.9, "s": 61347, "e": 61677, "w": "方式", "sp": "Agent"}, {"p": 170, "c": 0.9, "s": 61677, "e": 61841, "w": "我", "sp": "Agent"}, {"p": 171, "c": 0.9, "s": 61841, "e": 62006, "w": "给", "sp": "Agent"}, {"p": 172, "c": 0.9, "s": 62006, "e": 62171, "w": "您", "sp": "Agent"}, {"p": 173, "c": 0.9, "s": 62171, "e": 62500, "w": "备注", "sp": "Agent"}, {"p": 174, "c": 0.9, "s": 62500, "e": 62830, "w": "一下", "sp": "Agent"}, {"p": 175, "c": 0.9, "s": 62830, "e": 63160, "w": "信息", "sp": "Agent"}, {"p": 176, "c": 0.9, "s": 63750, "e": 64373, "w": "嗯", "sp": "Customer"}, {"p": 177, "c": 0.9, "s": 64373, "e": 65620, "w": "可以", "sp": "Customer"}, {"p": 178, "c": 0.9, "s": 65640, "e": 65852, "w": "你", "sp": "Agent"}, {"p": 179, "c": 0.9, "s": 65852, "e": 66063, "w": "说", "sp": "Agent"}, {"p": 180, "c": 0.9, "s": 66064, "e": 66488, "w": "一下", "sp": "Agent"}, {"p": 181, "c": 0.9, "s": 66450, "e": 66846, "w": "没", "sp": "Customer"}, {"p": 182, "c": 0.9, "s": 66488, "e": 66700, "w": "我", "sp": "Agent"}, {"p": 183, "c": 0.9, "s": 66700, "e": 66911, "w": "给", "sp": "Agent"}, {"p": 184, "c": 0.9, "s": 66846, "e": 67640, "w": "需求", "sp": "Customer"}, {"p": 185, "c": 0.9, "s": 66912, "e": 67124, "w": "你", "sp": "Agent"}, {"p": 186, "c": 0.9, "s": 67124, "e": 67336, "w": "来", "sp": "Agent"}, {"p": 187, "c": 0.9, "s": 67336, "e": 67760, "w": "看看", "sp": "Agent"}, {"p": 188, "c": 0.9, "s": 68460, "e": 68768, "w": "对", "sp": "Agent"}, {"p": 189, "c": 0.9, "s": 68470, "e": 68936, "w": "幺", "sp": "Customer"}, {"p": 190, "c": 0.9, "s": 68768, "e": 69383, "w": "联系", "sp": "Agent"}, {"p": 191, "c": 0.9, "s": 68936, "e": 69869, "w": "五七", "sp": "Customer"}, {"p": 192, "c": 0.9, "s": 69384, "e": 70000, "w": "电话", "sp": "Agent"}, {"p": 193, "c": 0.9, "s": 70000, "e": 70308, "w": "是", "sp": "Agent"}, {"p": 194, "c": 0.9, "s": 70308, "e": 70616, "w": "呃", "sp": "Agent"}, {"p": 195, "c": 0.9, "s": 70616, "e": 70923, "w": "幺", "sp": "Agent"}, {"p": 196, "c": 0.9, "s": 70840, "e": 71253, "w": "二", "sp": "Customer"}, {"p": 197, "c": 0.9, "s": 70924, "e": 71540, "w": "五七", "sp": "Agent"}, {"p": 198, "c": 0.9, "s": 71253, "e": 72080, "w": "五七", "sp": "Customer"}, {"p": 199, "c": 0.9, "s": 72360, "e": 72722, "w": "幺", "sp": "Customer"}, {"p": 200, "c": 0.9, "s": 72722, "e": 73085, "w": "幺", "sp": "Customer"}, {"p": 201, "c": 0.9, "s": 73085, "e": 73810, "w": "五二", "sp": "Customer"}, {"p": 202, "c": 0.9, "s": 74420, "e": 74721, "w": "幺", "sp": "Agent"}, {"p": 203, "c": 0.9, "s": 74721, "e": 75324, "w": "五七", "sp": "Agent"}, {"p": 204, "c": 0.9, "s": 75324, "e": 75625, "w": "幺", "sp": "Agent"}, {"p": 205, "c": 0.9, "s": 75625, "e": 75927, "w": "幺", "sp": "Agent"}, {"p": 206, "c": 0.9, "s": 75927, "e": 76530, "w": "五二", "sp": "Agent"}, {"p": 207, "c": 0.9, "s": 77070, "e": 77835, "w": "零六", "sp": "Customer"}, {"p": 208, "c": 0.9, "s": 77835, "e": 78217, "w": "幺", "sp": "Customer"}, {"p": 209, "c": 0.9, "s": 78217, "e": 78600, "w": "零", "sp": "Customer"}, {"p": 210, "c": 0.9, "s": 78960, "e": 79329, "w": "零六", "sp": "Agent"}, {"p": 211, "c": 0.9, "s": 79329, "e": 79513, "w": "幺", "sp": "Agent"}, {"p": 212, "c": 0.9, "s": 79513, "e": 79698, "w": "零", "sp": "Agent"}, {"p": 213, "c": 0.9, "s": 79698, "e": 79882, "w": "是", "sp": "Agent"}, {"p": 214, "c": 0.9, "s": 79882, "e": 80067, "w": "吧", "sp": "Agent"}, {"p": 215, "c": 0.9, "s": 80067, "e": 80252, "w": "幺", "sp": "Agent"}, {"p": 216, "c": 0.9, "s": 80252, "e": 80621, "w": "五七", "sp": "Agent"}, {"p": 217, "c": 0.9, "s": 80621, "e": 80805, "w": "幺", "sp": "Agent"}, {"p": 218, "c": 0.9, "s": 80805, "e": 80990, "w": "幺", "sp": "Agent"}, {"p": 219, "c": 0.9, "s": 80990, "e": 81173, "w": "五", "sp": "Agent"}, {"p": 220, "c": 0.9, "s": 81174, "e": 81359, "w": "二", "sp": "Agent"}, {"p": 221, "c": 0.9, "s": 81359, "e": 81728, "w": "零六", "sp": "Agent"}, {"p": 222, "c": 0.9, "s": 81728, "e": 81912, "w": "幺", "sp": "Agent"}, {"p": 223, "c": 0.9, "s": 81913, "e": 82097, "w": "零", "sp": "Agent"}, {"p": 224, "c": 0.9, "s": 82097, "e": 82282, "w": "那", "sp": "Agent"}, {"p": 225, "c": 0.9, "s": 82282, "e": 82465, "w": "您", "sp": "Agent"}, {"p": 226, "c": 0.9, "s": 82466, "e": 82836, "w": "贵姓", "sp": "Agent"}, {"p": 227, "c": 0.9, "s": 82836, "e": 83020, "w": "呢", "sp": "Agent"}, {"p": 228, "c": 0.9, "s": 83020, "e": 83204, "w": "我", "sp": "Agent"}, {"p": 229, "c": 0.9, "s": 83205, "e": 83389, "w": "给", "sp": "Agent"}, {"p": 230, "c": 0.9, "s": 83389, "e": 83574, "w": "您", "sp": "Agent"}, {"p": 231, "c": 0.9, "s": 83574, "e": 83943, "w": "备注", "sp": "Agent"}, {"p": 232, "c": 0.9, "s": 83943, "e": 84312, "w": "一下", "sp": "Agent"}, {"p": 233, "c": 0.9, "s": 84312, "e": 84866, "w": "身份证", "sp": "Agent"}, {"p": 234, "c": 0.9, "s": 84866, "e": 85049, "w": "号", "sp": "Agent"}, {"p": 235, "c": 0.9, "s": 85050, "e": 85420, "w": "称呼", "sp": "Agent"}, {"p": 236, "c": 0.9, "s": 85340, "e": 85832, "w": "呃", "sp": "Customer"}, {"p": 237, "c": 0.9, "s": 85833, "e": 86326, "w": "姓", "sp": "Customer"}, {"p": 238, "c": 0.9, "s": 86326, "e": 86820, "w": "方", "sp": "Customer"}, {"p": 239, "c": 0.9, "s": 87530, "e": 87779, "w": "方", "sp": "Agent"}, {"p": 240, "c": 0.9, "s": 87779, "e": 88277, "w": "什么", "sp": "Agent"}, {"p": 241, "c": 0.9, "s": 88277, "e": 89273, "w": "方方正正", "sp": "Agent"}, {"p": 242, "c": 0.9, "s": 89273, "e": 89522, "w": "的", "sp": "Agent"}, {"p": 243, "c": 0.9, "s": 89522, "e": 89771, "w": "方", "sp": "Agent"}, {"p": 244, "c": 0.9, "s": 89771, "e": 90020, "w": "吗", "sp": "Agent"}, {"p": 245, "c": 0.9, "s": 90930, "e": 91210, "w": "对", "sp": "Customer"}, {"p": 246, "c": 0.9, "s": 91210, "e": 91770, "w": "方便", "sp": "Customer"}, {"p": 247, "c": 0.9, "s": 91770, "e": 92049, "w": "的", "sp": "Customer"}, {"p": 248, "c": 0.9, "s": 92050, "e": 92330, "w": "方", "sp": "Customer"}, {"p": 249, "c": 0.9, "s": 92330, "e": 92610, "w": "嘛", "sp": "Customer"}, {"p": 250, "c": 0.9, "s": 92610, "e": 92890, "w": "对", "sp": "Customer"}, {"p": 251, "c": 0.9, "s": 93690, "e": 93951, "w": "我", "sp": "Agent"}, {"p": 252, "c": 0.9, "s": 93951, "e": 94212, "w": "给", "sp": "Agent"}, {"p": 253, "c": 0.9, "s": 94212, "e": 94474, "w": "您", "sp": "Agent"}, {"p": 254, "c": 0.9, "s": 94474, "e": 94997, "w": "备注", "sp": "Agent"}, {"p": 255, "c": 0.9, "s": 94997, "e": 95520, "w": "清楚", "sp": "Agent"}, {"p": 256, "c": 0.9, "s": 95980, "e": 97050, "w": "嗯", "sp": "Customer"}, {"p": 257, "c": 0.9, "s": 98300, "e": 98475, "w": "稍", "sp": "Agent"}, {"p": 258, "c": 0.9, "s": 98475, "e": 98650, "w": "等", "sp": "Agent"}, {"p": 259, "c": 0.9, "s": 98650, "e": 99000, "w": "一下", "sp": "Agent"}, {"p": 260, "c": 0.9, "s": 99000, "e": 99350, "w": "先生", "sp": "Agent"}, {"p": 261, "c": 0.9, "s": 99350, "e": 99525, "w": "我", "sp": "Agent"}, {"p": 262, "c": 0.9, "s": 99525, "e": 99875, "w": "没有", "sp": "Agent"}, {"p": 263, "c": 0.9, "s": 99875, "e": 100050, "w": "听", "sp": "Agent"}, {"p": 264, "c": 0.9, "s": 100050, "e": 100400, "w": "清楚", "sp": "Agent"}, {"p": 265, "c": 0.9, "s": 100400, "e": 101100, "w": "方方正正", "sp": "Agent"}, {"p": 266, "c": 0.9, "s": 101100, "e": 101275, "w": "的", "sp": "Agent"}, {"p": 267, "c": 0.9, "s": 101275, "e": 101450, "w": "方", "sp": "Agent"}, {"p": 268, "c": 0.9, "s": 101450, "e": 101625, "w": "是", "sp": "Agent"}, {"p": 269, "c": 0.9, "s": 101625, "e": 101800, "w": "吧", "sp": "Agent"}, {"p": 270, "c": 0.9, "s": 102040, "e": 102530, "w": "嗯", "sp": "Customer"}, {"p": 271, "c": 0.9, "s": 102530, "e": 103020, "w": "嗯", "sp": "Customer"}, {"p": 272, "c": 0.9, "s": 103020, "e": 103509, "w": "对", "sp": "Customer"}, {"p": 273, "c": 0.9, "s": 103630, "e": 103866, "w": "那", "sp": "Agent"}, {"p": 274, "c": 0.9, "s": 103866, "e": 104338, "w": "发现", "sp": "Agent"}, {"p": 275, "c": 0.9, "s": 104338, "e": 104810, "w": "这个", "sp": "Agent"}, {"p": 276, "c": 0.9, "s": 104810, "e": 105283, "w": "空调", "sp": "Agent"}, {"p": 277, "c": 0.9, "s": 105283, "e": 105519, "w": "几", "sp": "Agent"}, {"p": 278, "c": 0.9, "s": 105519, "e": 105991, "w": "几年", "sp": "Agent"}, {"p": 279, "c": 0.9, "s": 105991, "e": 106463, "w": "购买", "sp": "Agent"}, {"p": 280, "c": 0.9, "s": 106463, "e": 106700, "w": "的", "sp": "Agent"}, {"p": 281, "c": 0.9, "s": 107650, "e": 108510, "w": "空调", "sp": "Customer"}, {"p": 282, "c": 0.9, "s": 108510, "e": 109370, "w": "的话", "sp": "Customer"}, {"p": 283, "c": 0.9, "s": 109810, "e": 110259, "w": "刚", "sp": "Customer"}, {"p": 284, "c": 0.9, "s": 109850, "e": 110850, "w": "嗯", "sp": "Agent"}, {"p": 285, "c": 0.9, "s": 110260, "e": 110710, "w": "买", "sp": "Customer"}, {"p": 286, "c": 0.9, "s": 110710, "e": 111159, "w": "的", "sp": "Customer"}, {"p": 287, "c": 0.9, "s": 111440, "e": 111843, "w": "刚", "sp": "Customer"}, {"p": 288, "c": 0.9, "s": 111670, "e": 111917, "w": "刚", "sp": "Agent"}, {"p": 289, "c": 0.9, "s": 111843, "e": 112246, "w": "装", "sp": "Customer"}, {"p": 290, "c": 0.9, "s": 111917, "e": 112165, "w": "买", "sp": "Agent"}, {"p": 291, "c": 0.9, "s": 112165, "e": 112413, "w": "的", "sp": "Agent"}, {"p": 292, "c": 0.9, "s": 112246, "e": 112650, "w": "好", "sp": "Customer"}, {"p": 293, "c": 0.9, "s": 112413, "e": 112661, "w": "就", "sp": "Agent"}, {"p": 294, "c": 0.9, "s": 112661, "e": 112909, "w": "二", "sp": "Agent"}, {"p": 295, "c": 0.9, "s": 112909, "e": 113157, "w": "零", "sp": "Agent"}, {"p": 296, "c": 0.9, "s": 113157, "e": 113405, "w": "二", "sp": "Agent"}, {"p": 297, "c": 0.9, "s": 113405, "e": 113900, "w": "一年", "sp": "Agent"}, {"p": 298, "c": 0.9, "s": 113900, "e": 114148, "w": "才", "sp": "Agent"}, {"p": 299, "c": 0.9, "s": 114148, "e": 114396, "w": "卖", "sp": "Agent"}, {"p": 300, "c": 0.9, "s": 114396, "e": 114644, "w": "的", "sp": "Agent"}, {"p": 301, "c": 0.9, "s": 114644, "e": 114892, "w": "是", "sp": "Agent"}, {"p": 302, "c": 0.9, "s": 114892, "e": 115140, "w": "吗", "sp": "Agent"}, {"p": 303, "c": 0.9, "s": 115520, "e": 115722, "w": "对", "sp": "Customer"}, {"p": 304, "c": 0.9, "s": 115722, "e": 115924, "w": "对", "sp": "Customer"}, {"p": 305, "c": 0.9, "s": 115924, "e": 116126, "w": "对", "sp": "Customer"}, {"p": 306, "c": 0.9, "s": 116126, "e": 116530, "w": "就是", "sp": "Customer"}, {"p": 307, "c": 0.9, "s": 116530, "e": 116732, "w": "我", "sp": "Customer"}, {"p": 308, "c": 0.9, "s": 116732, "e": 117136, "w": "最近", "sp": "Customer"}, {"p": 309, "c": 0.9, "s": 117136, "e": 117338, "w": "还", "sp": "Customer"}, {"p": 310, "c": 0.9, "s": 117338, "e": 117743, "w": "没入", "sp": "Customer"}, {"p": 311, "c": 0.9, "s": 117743, "e": 117945, "w": "住", "sp": "Customer"}, {"p": 312, "c": 0.9, "s": 117945, "e": 118147, "w": "就", "sp": "Customer"}, {"p": 313, "c": 0.9, "s": 118147, "e": 118551, "w": "听见", "sp": "Customer"}, {"p": 314, "c": 0.9, "s": 118551, "e": 118955, "w": "有声", "sp": "Customer"}, {"p": 315, "c": 0.9, "s": 118955, "e": 119157, "w": "音", "sp": "Customer"}, {"p": 316, "c": 0.9, "s": 119157, "e": 119360, "w": "了", "sp": "Customer"}, {"p": 317, "c": 0.9, "s": 119420, "e": 119590, "w": "嗯", "sp": "Agent"}, {"p": 318, "c": 0.9, "s": 119591, "e": 119763, "w": "好", "sp": "Agent"}, {"p": 319, "c": 0.9, "s": 119763, "e": 119935, "w": "的", "sp": "Agent"}, {"p": 320, "c": 0.9, "s": 119935, "e": 120105, "w": "我", "sp": "Agent"}, {"p": 321, "c": 0.9, "s": 120106, "e": 120278, "w": "给", "sp": "Agent"}, {"p": 322, "c": 0.9, "s": 120278, "e": 120450, "w": "您", "sp": "Agent"}, {"p": 323, "c": 0.9, "s": 120450, "e": 120793, "w": "备注", "sp": "Agent"}, {"p": 324, "c": 0.9, "s": 120793, "e": 121136, "w": "清楚", "sp": "Agent"}, {"p": 325, "c": 0.9, "s": 121136, "e": 121308, "w": "就", "sp": "Agent"}, {"p": 326, "c": 0.9, "s": 121308, "e": 121651, "w": "联系", "sp": "Agent"}, {"p": 327, "c": 0.9, "s": 121651, "e": 121995, "w": "这个", "sp": "Agent"}, {"p": 328, "c": 0.9, "s": 121995, "e": 122166, "w": "幺", "sp": "Agent"}, {"p": 329, "c": 0.9, "s": 122166, "e": 122510, "w": "五七", "sp": "Agent"}, {"p": 330, "c": 0.9, "s": 122510, "e": 122681, "w": "幺", "sp": "Agent"}, {"p": 331, "c": 0.9, "s": 122681, "e": 122853, "w": "幺", "sp": "Agent"}, {"p": 332, "c": 0.9, "s": 122853, "e": 123024, "w": "五", "sp": "Agent"}, {"p": 333, "c": 0.9, "s": 123025, "e": 123196, "w": "二", "sp": "Agent"}, {"p": 334, "c": 0.9, "s": 123196, "e": 123540, "w": "零六", "sp": "Agent"}, {"p": 335, "c": 0.9, "s": 123540, "e": 123711, "w": "幺", "sp": "Agent"}, {"p": 336, "c": 0.9, "s": 123711, "e": 123882, "w": "零", "sp": "Agent"}, {"p": 337, "c": 0.9, "s": 123883, "e": 124226, "w": "这个", "sp": "Agent"}, {"p": 338, "c": 0.9, "s": 124226, "e": 124570, "w": "号码", "sp": "Agent"}, {"p": 339, "c": 0.9, "s": 124570, "e": 124741, "w": "就", "sp": "Agent"}, {"p": 340, "c": 0.9, "s": 124741, "e": 125085, "w": "可以", "sp": "Agent"}, {"p": 341, "c": 0.9, "s": 125085, "e": 125256, "w": "了", "sp": "Agent"}, {"p": 342, "c": 0.9, "s": 125256, "e": 125427, "w": "是", "sp": "Agent"}, {"p": 343, "c": 0.9, "s": 125428, "e": 125600, "w": "吗", "sp": "Agent"}, {"p": 344, "c": 0.9, "s": 125610, "e": 125954, "w": "哎", "sp": "Customer"}, {"p": 345, "c": 0.9, "s": 125954, "e": 126298, "w": "是", "sp": "Customer"}, {"p": 346, "c": 0.9, "s": 126298, "e": 126642, "w": "的", "sp": "Customer"}, {"p": 347, "c": 0.9, "s": 126642, "e": 126986, "w": "是", "sp": "Customer"}, {"p": 348, "c": 0.9, "s": 126986, "e": 127330, "w": "的", "sp": "Customer"}, {"p": 349, "c": 0.9, "s": 127510, "e": 127709, "w": "那", "sp": "Agent"}, {"p": 350, "c": 0.9, "s": 127709, "e": 128108, "w": "具体", "sp": "Agent"}, {"p": 351, "c": 0.9, "s": 128108, "e": 128507, "w": "上门", "sp": "Agent"}, {"p": 352, "c": 0.9, "s": 128507, "e": 128906, "w": "维修", "sp": "Agent"}, {"p": 353, "c": 0.9, "s": 128906, "e": 129105, "w": "的", "sp": "Agent"}, {"p": 354, "c": 0.9, "s": 129104, "e": 129504, "w": "地址", "sp": "Agent"}, {"p": 355, "c": 0.9, "s": 129504, "e": 129703, "w": "在", "sp": "Agent"}, {"p": 356, "c": 0.9, "s": 129703, "e": 130103, "w": "哪个", "sp": "Agent"}, {"p": 357, "c": 0.9, "s": 130103, "e": 130302, "w": "省", "sp": "Agent"}, {"p": 358, "c": 0.9, "s": 130302, "e": 130701, "w": "哪个", "sp": "Agent"}, {"p": 359, "c": 0.9, "s": 130701, "e": 130901, "w": "市", "sp": "Agent"}, {"p": 360, "c": 0.9, "s": 130901, "e": 131100, "w": "的", "sp": "Agent"}, {"p": 361, "c": 0.9, "s": 131100, "e": 131300, "w": "呢", "sp": "Agent"}, {"p": 362, "c": 0.9, "s": 132230, "e": 132517, "w": "海", "sp": "Customer"}, {"p": 363, "c": 0.9, "s": 132517, "e": 133377, "w": "福建省", "sp": "Customer"}, {"p": 364, "c": 0.9, "s": 133378, "e": 134239, "w": "厦门市", "sp": "Customer"}, {"p": 365, "c": 0.9, "s": 134239, "e": 134813, "w": "湖里", "sp": "Customer"}, {"p": 366, "c": 0.9, "s": 134813, "e": 135100, "w": "区", "sp": "Customer"}, {"p": 367, "c": 0.9, "s": 135430, "e": 135745, "w": "嗯", "sp": "Agent"}, {"p": 368, "c": 0.9, "s": 135745, "e": 136690, "w": "福建省", "sp": "Agent"}, {"p": 369, "c": 0.9, "s": 136690, "e": 137005, "w": "是", "sp": "Agent"}, {"p": 370, "c": 0.9, "s": 137005, "e": 137320, "w": "吧", "sp": "Agent"}, {"p": 371, "c": 0.9, "s": 137600, "e": 137788, "w": "稍", "sp": "Agent"}, {"p": 372, "c": 0.9, "s": 137788, "e": 137976, "w": "等", "sp": "Agent"}, {"p": 373, "c": 0.9, "s": 137976, "e": 138164, "w": "我", "sp": "Agent"}, {"p": 374, "c": 0.9, "s": 138164, "e": 138352, "w": "给", "sp": "Agent"}, {"p": 375, "c": 0.9, "s": 138352, "e": 138540, "w": "您", "sp": "Agent"}, {"p": 376, "c": 0.9, "s": 138540, "e": 138917, "w": "备注", "sp": "Agent"}, {"p": 377, "c": 0.9, "s": 138917, "e": 139293, "w": "一下", "sp": "Agent"}, {"p": 378, "c": 0.9, "s": 139293, "e": 139670, "w": "信息", "sp": "Agent"}, {"p": 379, "c": 0.9, "s": 140070, "e": 140905, "w": "福建省", "sp": "Agent"}, {"p": 380, "c": 0.9, "s": 140905, "e": 141462, "w": "那个", "sp": "Agent"}, {"p": 381, "c": 0.9, "s": 141462, "e": 142297, "w": "厦门市", "sp": "Agent"}, {"p": 382, "c": 0.9, "s": 142297, "e": 142854, "w": "湖里", "sp": "Agent"}, {"p": 383, "c": 0.9, "s": 142854, "e": 143133, "w": "区", "sp": "Agent"}, {"p": 384, "c": 0.9, "s": 143133, "e": 143411, "w": "是", "sp": "Agent"}, {"p": 385, "c": 0.9, "s": 143411, "e": 143690, "w": "吗", "sp": "Agent"}, {"p": 386, "c": 0.9, "s": 143970, "e": 144960, "w": "对", "sp": "Customer"}, {"p": 387, "c": 0.9, "s": 145780, "e": 146155, "w": "玻璃", "sp": "Agent"}, {"p": 388, "c": 0.9, "s": 146155, "e": 146342, "w": "器", "sp": "Agent"}, {"p": 389, "c": 0.9, "s": 146342, "e": 146717, "w": "然后", "sp": "Agent"}, {"p": 390, "c": 0.9, "s": 146717, "e": 146905, "w": "哪", "sp": "Agent"}, {"p": 391, "c": 0.9, "s": 146905, "e": 147092, "w": "条", "sp": "Agent"}, {"p": 392, "c": 0.9, "s": 147092, "e": 147280, "w": "路", "sp": "Agent"}, {"p": 393, "c": 0.9, "s": 147280, "e": 147655, "w": "多少", "sp": "Agent"}, {"p": 394, "c": 0.9, "s": 147655, "e": 147842, "w": "号", "sp": "Agent"}, {"p": 395, "c": 0.9, "s": 147842, "e": 148217, "w": "什么", "sp": "Agent"}, {"p": 396, "c": 0.9, "s": 148217, "e": 148592, "w": "小区", "sp": "Agent"}, {"p": 397, "c": 0.9, "s": 148592, "e": 148780, "w": "的", "sp": "Agent"}, {"p": 398, "c": 0.9, "s": 149150, "e": 149543, "w": "元", "sp": "Customer"}, {"p": 399, "c": 0.9, "s": 149544, "e": 149938, "w": "昌", "sp": "Customer"}, {"p": 400, "c": 0.9, "s": 149938, "e": 150332, "w": "星", "sp": "Customer"}, {"p": 401, "c": 0.9, "s": 150332, "e": 151120, "w": "海湾", "sp": "Customer"}, {"p": 402, "c": 0.9, "s": 151600, "e": 151870, "w": "元", "sp": "Agent"}, {"p": 403, "c": 0.9, "s": 151870, "e": 152140, "w": "昌", "sp": "Agent"}, {"p": 404, "c": 0.9, "s": 152141, "e": 152412, "w": "是", "sp": "Agent"}, {"p": 405, "c": 0.9, "s": 152412, "e": 152683, "w": "吗", "sp": "Agent"}, {"p": 406, "c": 0.9, "s": 152683, "e": 153225, "w": "一元", "sp": "Agent"}, {"p": 407, "c": 0.9, "s": 153225, "e": 153496, "w": "两", "sp": "Agent"}, {"p": 408, "c": 0.9, "s": 153496, "e": 153767, "w": "元", "sp": "Agent"}, {"p": 409, "c": 0.9, "s": 153767, "e": 154038, "w": "的", "sp": "Agent"}, {"p": 410, "c": 0.9, "s": 154038, "e": 154308, "w": "元", "sp": "Agent"}, {"p": 411, "c": 0.9, "s": 154309, "e": 154580, "w": "吗", "sp": "Agent"}, {"p": 412, "c": 0.9, "s": 154980, "e": 155635, "w": "就是", "sp": "Customer"}, {"p": 413, "c": 0.9, "s": 155635, "e": 156290, "w": "那个", "sp": "Customer"}, {"p": 414, "c": 0.9, "s": 156570, "e": 157056, "w": "原来", "sp": "Customer"}, {"p": 415, "c": 0.9, "s": 157056, "e": 157299, "w": "的", "sp": "Customer"}, {"p": 416, "c": 0.9, "s": 157299, "e": 157542, "w": "原", "sp": "Customer"}, {"p": 417, "c": 0.9, "s": 157542, "e": 158271, "w": "三点水", "sp": "Customer"}, {"p": 418, "c": 0.9, "s": 158271, "e": 158756, "w": "那个", "sp": "Customer"}, {"p": 419, "c": 0.9, "s": 158757, "e": 159000, "w": "原", "sp": "Customer"}, {"p": 420, "c": 0.9, "s": 159170, "e": 159823, "w": "三点水", "sp": "Agent"}, {"p": 421, "c": 0.9, "s": 159823, "e": 160041, "w": "的", "sp": "Agent"}, {"p": 422, "c": 0.9, "s": 160041, "e": 160477, "w": "一个", "sp": "Agent"}, {"p": 423, "c": 0.9, "s": 160477, "e": 160695, "w": "院", "sp": "Agent"}, {"p": 424, "c": 0.9, "s": 160695, "e": 160913, "w": "是", "sp": "Agent"}, {"p": 425, "c": 0.9, "s": 160913, "e": 161131, "w": "吧", "sp": "Agent"}, {"p": 426, "c": 0.9, "s": 161131, "e": 161349, "w": "昌", "sp": "Agent"}, {"p": 427, "c": 0.9, "s": 161349, "e": 161567, "w": "是", "sp": "Agent"}, {"p": 428, "c": 0.9, "s": 161567, "e": 162438, "w": "繁荣昌盛", "sp": "Agent"}, {"p": 429, "c": 0.9, "s": 161570, "e": 162490, "w": "对", "sp": "Customer"}, {"p": 430, "c": 0.9, "s": 162438, "e": 162656, "w": "的", "sp": "Agent"}, {"p": 431, "c": 0.9, "s": 162656, "e": 162874, "w": "昌", "sp": "Agent"}, {"p": 432, "c": 0.9, "s": 162874, "e": 163310, "w": "两个", "sp": "Agent"}, {"p": 433, "c": 0.9, "s": 163310, "e": 163746, "w": "日子", "sp": "Agent"}, {"p": 434, "c": 0.9, "s": 163746, "e": 163964, "w": "的", "sp": "Agent"}, {"p": 435, "c": 0.9, "s": 163964, "e": 164182, "w": "昌", "sp": "Agent"}, {"p": 436, "c": 0.9, "s": 164182, "e": 164400, "w": "吗", "sp": "Agent"}, {"p": 437, "c": 0.9, "s": 164550, "e": 164755, "w": "对", "sp": "Customer"}, {"p": 438, "c": 0.9, "s": 164755, "e": 164961, "w": "鑫", "sp": "Customer"}, {"p": 439, "c": 0.9, "s": 164961, "e": 165166, "w": "是", "sp": "Customer"}, {"p": 440, "c": 0.9, "s": 165166, "e": 165577, "w": "那个", "sp": "Customer"}, {"p": 441, "c": 0.9, "s": 165577, "e": 165987, "w": "三个", "sp": "Customer"}, {"p": 442, "c": 0.9, "s": 165988, "e": 166194, "w": "金", "sp": "Customer"}, {"p": 443, "c": 0.9, "s": 166194, "e": 166605, "w": "那个", "sp": "Customer"}, {"p": 444, "c": 0.9, "s": 166605, "e": 166810, "w": "鑫", "sp": "Customer"}, {"p": 445, "c": 0.9, "s": 166811, "e": 167016, "w": "嘛", "sp": "Customer"}, {"p": 446, "c": 0.9, "s": 167016, "e": 167222, "w": "海", "sp": "Customer"}, {"p": 447, "c": 0.9, "s": 167222, "e": 167427, "w": "是", "sp": "Customer"}, {"p": 448, "c": 0.9, "s": 167370, "e": 167771, "w": "嗯", "sp": "Agent"}, {"p": 449, "c": 0.9, "s": 167427, "e": 167838, "w": "海边", "sp": "Customer"}, {"p": 450, "c": 0.9, "s": 167771, "e": 168575, "w": "三个", "sp": "Agent"}, {"p": 451, "c": 0.9, "s": 167838, "e": 168043, "w": "的", "sp": "Customer"}, {"p": 452, "c": 0.9, "s": 168044, "e": 168250, "w": "海", "sp": "Customer"}, {"p": 453, "c": 0.9, "s": 168575, "e": 168976, "w": "九", "sp": "Agent"}, {"p": 454, "c": 0.9, "s": 168977, "e": 169379, "w": "嗯", "sp": "Agent"}, {"p": 455, "c": 0.9, "s": 169379, "e": 170181, "w": "延昌", "sp": "Agent"}, {"p": 456, "c": 0.9, "s": 170182, "e": 170986, "w": "星海", "sp": "Agent"}, {"p": 457, "c": 0.9, "s": 170986, "e": 171387, "w": "是", "sp": "Agent"}, {"p": 458, "c": 0.9, "s": 171388, "e": 171790, "w": "吗", "sp": "Agent"}, {"p": 459, "c": 0.9, "s": 172190, "e": 172633, "w": "小", "sp": "Agent"}, {"p": 460, "c": 0.9, "s": 172633, "e": 173075, "w": "青", "sp": "Agent"}, {"p": 461, "c": 0.9, "s": 172730, "e": 173213, "w": "关", "sp": "Customer"}, {"p": 462, "c": 0.9, "s": 173076, "e": 173520, "w": "吗", "sp": "Agent"}, {"p": 463, "c": 0.9, "s": 173213, "e": 174180, "w": "材料", "sp": "Customer"}, {"p": 464, "c": 0.9, "s": 176810, "e": 177125, "w": "元", "sp": "Agent"}, {"p": 465, "c": 0.9, "s": 177126, "e": 177442, "w": "是", "sp": "Agent"}, {"p": 466, "c": 0.9, "s": 177442, "e": 177758, "w": "元", "sp": "Agent"}, {"p": 467, "c": 0.9, "s": 177758, "e": 178075, "w": "昌", "sp": "Agent"}, {"p": 468, "c": 0.9, "s": 178075, "e": 178707, "w": "新海", "sp": "Agent"}, {"p": 469, "c": 0.9, "s": 178707, "e": 179023, "w": "是", "sp": "Agent"}, {"p": 470, "c": 0.9, "s": 179023, "e": 179340, "w": "吗", "sp": "Agent"}, {"p": 471, "c": 0.9, "s": 179660, "e": 180106, "w": "青", "sp": "Customer"}, {"p": 472, "c": 0.9, "s": 180106, "e": 181000, "w": "海湾", "sp": "Customer"}, {"p": 473, "c": 0.9, "s": 181340, "e": 181651, "w": "呃", "sp": "Agent"}, {"p": 474, "c": 0.9, "s": 181651, "e": 181962, "w": "原", "sp": "Agent"}, {"p": 475, "c": 0.9, "s": 181962, "e": 182273, "w": "昌", "sp": "Agent"}, {"p": 476, "c": 0.9, "s": 182273, "e": 182896, "w": "新海", "sp": "Agent"}, {"p": 477, "c": 0.9, "s": 182896, "e": 183207, "w": "湾", "sp": "Agent"}, {"p": 478, "c": 0.9, "s": 183207, "e": 183518, "w": "是", "sp": "Agent"}, {"p": 479, "c": 0.9, "s": 183518, "e": 183830, "w": "吧", "sp": "Agent"}, {"p": 480, "c": 0.9, "s": 184200, "e": 185140, "w": "对", "sp": "Customer"}, {"p": 481, "c": 0.9, "s": 185290, "e": 185588, "w": "几", "sp": "Agent"}, {"p": 482, "c": 0.9, "s": 185588, "e": 185886, "w": "栋", "sp": "Agent"}, {"p": 483, "c": 0.9, "s": 185886, "e": 186185, "w": "几", "sp": "Agent"}, {"p": 484, "c": 0.9, "s": 186185, "e": 186483, "w": "零", "sp": "Agent"}, {"p": 485, "c": 0.9, "s": 186483, "e": 186781, "w": "几", "sp": "Agent"}, {"p": 486, "c": 0.9, "s": 186781, "e": 187080, "w": "呢", "sp": "Agent"}, {"p": 487, "c": 0.9, "s": 187590, "e": 187854, "w": "一", "sp": "Customer"}, {"p": 488, "c": 0.9, "s": 187854, "e": 188383, "w": "百一", "sp": "Customer"}, {"p": 489, "c": 0.9, "s": 188383, "e": 189176, "w": "十七号", "sp": "Customer"}, {"p": 490, "c": 0.9, "s": 189176, "e": 189441, "w": "幺", "sp": "Customer"}, {"p": 491, "c": 0.9, "s": 189441, "e": 189705, "w": "零", "sp": "Customer"}, {"p": 492, "c": 0.9, "s": 189705, "e": 189970, "w": "二", "sp": "Customer"}, {"p": 493, "c": 0.9, "s": 190330, "e": 190596, "w": "一", "sp": "Agent"}, {"p": 494, "c": 0.9, "s": 190596, "e": 191127, "w": "百一", "sp": "Agent"}, {"p": 495, "c": 0.9, "s": 191128, "e": 191927, "w": "十七号", "sp": "Agent"}, {"p": 496, "c": 0.9, "s": 191927, "e": 192193, "w": "是", "sp": "Agent"}, {"p": 497, "c": 0.9, "s": 192193, "e": 192459, "w": "吧", "sp": "Agent"}, {"p": 498, "c": 0.9, "s": 194420, "e": 195005, "w": "然后", "sp": "Agent"}, {"p": 499, "c": 0.9, "s": 195005, "e": 195298, "w": "幺", "sp": "Agent"}, {"p": 500, "c": 0.9, "s": 195298, "e": 195884, "w": "零六", "sp": "Agent"}, {"p": 501, "c": 0.9, "s": 195884, "e": 196177, "w": "是", "sp": "Agent"}, {"p": 502, "c": 0.9, "s": 196177, "e": 196470, "w": "吧", "sp": "Agent"}, {"p": 503, "c": 0.9, "s": 196930, "e": 197232, "w": "二", "sp": "Customer"}, {"p": 504, "c": 0.9, "s": 197232, "e": 197836, "w": "零零", "sp": "Customer"}, {"p": 505, "c": 0.9, "s": 197837, "e": 198140, "w": "二", "sp": "Customer"}, {"p": 506, "c": 0.9, "s": 198490, "e": 198801, "w": "幺", "sp": "Agent"}, {"p": 507, "c": 0.9, "s": 198801, "e": 199424, "w": "零零", "sp": "Agent"}, {"p": 508, "c": 0.9, "s": 199425, "e": 199736, "w": "二", "sp": "Agent"}, {"p": 509, "c": 0.9, "s": 199736, "e": 200047, "w": "是", "sp": "Agent"}, {"p": 510, "c": 0.9, "s": 200048, "e": 200360, "w": "吧", "sp": "Agent"}, {"p": 511, "c": 0.9, "s": 200600, "e": 201570, "w": "对", "sp": "Customer"}, {"p": 512, "c": 0.9, "s": 201790, "e": 202180, "w": "只要", "sp": "Agent"}, {"p": 513, "c": 0.9, "s": 202180, "e": 202375, "w": "这", "sp": "Agent"}, {"p": 514, "c": 0.9, "s": 202376, "e": 202766, "w": "上面", "sp": "Agent"}, {"p": 515, "c": 0.9, "s": 202766, "e": 203157, "w": "地址", "sp": "Agent"}, {"p": 516, "c": 0.9, "s": 203157, "e": 203353, "w": "就", "sp": "Agent"}, {"p": 517, "c": 0.9, "s": 203353, "e": 203743, "w": "福建", "sp": "Agent"}, {"p": 518, "c": 0.9, "s": 203743, "e": 204134, "w": "厦门", "sp": "Agent"}, {"p": 519, "c": 0.9, "s": 204134, "e": 204525, "w": "湖里", "sp": "Agent"}, {"p": 520, "c": 0.9, "s": 204525, "e": 204720, "w": "区", "sp": "Agent"}, {"p": 521, "c": 0.9, "s": 204720, "e": 204916, "w": "的", "sp": "Agent"}, {"p": 522, "c": 0.9, "s": 204916, "e": 205306, "w": "一个", "sp": "Agent"}, {"p": 523, "c": 0.9, "s": 205306, "e": 205502, "w": "原", "sp": "Agent"}, {"p": 524, "c": 0.9, "s": 205502, "e": 205697, "w": "昌", "sp": "Agent"}, {"p": 525, "c": 0.9, "s": 205697, "e": 205893, "w": "新", "sp": "Agent"}, {"p": 526, "c": 0.9, "s": 205893, "e": 206283, "w": "海湾", "sp": "Agent"}, {"p": 527, "c": 0.9, "s": 206283, "e": 207065, "w": "一百一十", "sp": "Agent"}, {"p": 528, "c": 0.9, "s": 207065, "e": 207456, "w": "七号", "sp": "Agent"}, {"p": 529, "c": 0.9, "s": 207456, "e": 207651, "w": "幺", "sp": "Agent"}, {"p": 530, "c": 0.9, "s": 207651, "e": 208042, "w": "零零", "sp": "Agent"}, {"p": 531, "c": 0.9, "s": 208042, "e": 208237, "w": "二", "sp": "Agent"}, {"p": 532, "c": 0.9, "s": 208237, "e": 208433, "w": "就", "sp": "Agent"}, {"p": 533, "c": 0.9, "s": 208433, "e": 208823, "w": "可以", "sp": "Agent"}, {"p": 534, "c": 0.9, "s": 208823, "e": 209019, "w": "了", "sp": "Agent"}, {"p": 535, "c": 0.9, "s": 209019, "e": 209214, "w": "是", "sp": "Agent"}, {"p": 536, "c": 0.9, "s": 209214, "e": 209410, "w": "吗", "sp": "Agent"}, {"p": 537, "c": 0.9, "s": 209600, "e": 210013, "w": "嗯", "sp": "Customer"}, {"p": 538, "c": 0.9, "s": 210013, "e": 210426, "w": "是", "sp": "Customer"}, {"p": 539, "c": 0.9, "s": 210426, "e": 210840, "w": "的", "sp": "Customer"}, {"p": 540, "c": 0.9, "s": 211000, "e": 211196, "w": "好", "sp": "Agent"}, {"p": 541, "c": 0.9, "s": 211196, "e": 211393, "w": "的", "sp": "Agent"}, {"p": 542, "c": 0.9, "s": 211393, "e": 211590, "w": "我", "sp": "Agent"}, {"p": 543, "c": 0.9, "s": 211590, "e": 211787, "w": "给", "sp": "Agent"}, {"p": 544, "c": 0.9, "s": 211787, "e": 211983, "w": "您", "sp": "Agent"}, {"p": 545, "c": 0.9, "s": 211983, "e": 212377, "w": "备注", "sp": "Agent"}, {"p": 546, "c": 0.9, "s": 212377, "e": 212771, "w": "清楚", "sp": "Agent"}, {"p": 547, "c": 0.9, "s": 212771, "e": 212967, "w": "那", "sp": "Agent"}, {"p": 548, "c": 0.9, "s": 212967, "e": 213361, "w": "机器", "sp": "Agent"}, {"p": 549, "c": 0.9, "s": 213361, "e": 213754, "w": "产品", "sp": "Agent"}, {"p": 550, "c": 0.9, "s": 213755, "e": 213951, "w": "的", "sp": "Agent"}, {"p": 551, "c": 0.9, "s": 213951, "e": 214345, "w": "一个", "sp": "Agent"}, {"p": 552, "c": 0.9, "s": 214345, "e": 214738, "w": "型号", "sp": "Agent"}, {"p": 553, "c": 0.9, "s": 214738, "e": 214935, "w": "您", "sp": "Agent"}, {"p": 554, "c": 0.9, "s": 214935, "e": 215132, "w": "对", "sp": "Agent"}, {"p": 555, "c": 0.9, "s": 215132, "e": 215329, "w": "这", "sp": "Agent"}, {"p": 556, "c": 0.9, "s": 215329, "e": 215918, "w": "一方面", "sp": "Agent"}, {"p": 557, "c": 0.9, "s": 215919, "e": 216313, "w": "清楚", "sp": "Agent"}, {"p": 558, "c": 0.9, "s": 216313, "e": 216510, "w": "吗", "sp": "Agent"}, {"p": 559, "c": 0.9, "s": 218590, "e": 219269, "w": "加油站", "sp": "Customer"}, {"p": 560, "c": 0.9, "s": 219270, "e": 219723, "w": "空调", "sp": "Customer"}, {"p": 561, "c": 0.9, "s": 219723, "e": 219950, "w": "啊", "sp": "Customer"}, {"p": 562, "c": 0.9, "s": 220380, "e": 220542, "w": "呃", "sp": "Agent"}, {"p": 563, "c": 0.9, "s": 220542, "e": 220704, "w": "它", "sp": "Agent"}, {"p": 564, "c": 0.9, "s": 220704, "e": 220866, "w": "是", "sp": "Agent"}, {"p": 565, "c": 0.9, "s": 220867, "e": 221191, "w": "邮箱", "sp": "Agent"}, {"p": 566, "c": 0.9, "s": 221191, "e": 221840, "w": "英文字母", "sp": "Agent"}, {"p": 567, "c": 0.9, "s": 221841, "e": 222165, "w": "如果", "sp": "Agent"}, {"p": 568, "c": 0.9, "s": 222165, "e": 222327, "w": "您", "sp": "Agent"}, {"p": 569, "c": 0.9, "s": 222328, "e": 222652, "w": "清楚", "sp": "Agent"}, {"p": 570, "c": 0.9, "s": 222652, "e": 222814, "w": "就", "sp": "Agent"}, {"p": 571, "c": 0.9, "s": 222815, "e": 222977, "w": "说", "sp": "Agent"}, {"p": 572, "c": 0.9, "s": 222977, "e": 223302, "w": "一下", "sp": "Agent"}, {"p": 573, "c": 0.9, "s": 223302, "e": 223464, "w": "不", "sp": "Agent"}, {"p": 574, "c": 0.9, "s": 223464, "e": 223789, "w": "清楚", "sp": "Agent"}, {"p": 575, "c": 0.9, "s": 223789, "e": 224276, "w": "到时候", "sp": "Agent"}, {"p": 576, "c": 0.9, "s": 224276, "e": 224438, "w": "让", "sp": "Agent"}, {"p": 577, "c": 0.9, "s": 224438, "e": 224763, "w": "师傅", "sp": "Agent"}, {"p": 578, "c": 0.9, "s": 224763, "e": 225088, "w": "上门", "sp": "Agent"}, {"p": 579, "c": 0.9, "s": 225088, "e": 225250, "w": "去", "sp": "Agent"}, {"p": 580, "c": 0.9, "s": 225250, "e": 225412, "w": "看", "sp": "Agent"}, {"p": 581, "c": 0.9, "s": 225412, "e": 225737, "w": "可以", "sp": "Agent"}, {"p": 582, "c": 0.9, "s": 225737, "e": 225900, "w": "吗", "sp": "Agent"}, {"p": 583, "c": 0.9, "s": 226570, "e": 226797, "w": "哦", "sp": "Customer"}, {"p": 584, "c": 0.9, "s": 226797, "e": 227252, "w": "这个", "sp": "Customer"}, {"p": 585, "c": 0.9, "s": 227252, "e": 227707, "w": "我们", "sp": "Customer"}, {"p": 586, "c": 0.9, "s": 227707, "e": 227935, "w": "不", "sp": "Customer"}, {"p": 587, "c": 0.9, "s": 227935, "e": 228390, "w": "清楚", "sp": "Customer"}, {"p": 588, "c": 0.9, "s": 228670, "e": 228862, "w": "嗯", "sp": "Agent"}, {"p": 589, "c": 0.9, "s": 228863, "e": 229056, "w": "那", "sp": "Agent"}, {"p": 590, "c": 0.9, "s": 229056, "e": 229442, "w": "疫情", "sp": "Agent"}, {"p": 591, "c": 0.9, "s": 229442, "e": 229829, "w": "期间", "sp": "Agent"}, {"p": 592, "c": 0.9, "s": 229829, "e": 230215, "w": "这边", "sp": "Agent"}, {"p": 593, "c": 0.9, "s": 230215, "e": 230601, "w": "小区", "sp": "Agent"}, {"p": 594, "c": 0.9, "s": 230602, "e": 230988, "w": "可以", "sp": "Agent"}, {"p": 595, "c": 0.9, "s": 230988, "e": 231374, "w": "正常", "sp": "Agent"}, {"p": 596, "c": 0.9, "s": 231374, "e": 231760, "w": "接入", "sp": "Agent"}, {"p": 597, "c": 0.9, "s": 231761, "e": 231954, "w": "吗", "sp": "Agent"}, {"p": 598, "c": 0.9, "s": 231954, "e": 232146, "w": "我", "sp": "Agent"}, {"p": 599, "c": 0.9, "s": 232147, "e": 232340, "w": "给", "sp": "Agent"}, {"p": 600, "c": 0.9, "s": 232340, "e": 232534, "w": "您", "sp": "Agent"}, {"p": 601, "c": 0.9, "s": 232534, "e": 232920, "w": "备注", "sp": "Agent"}, {"p": 602, "c": 0.9, "s": 232920, "e": 233112, "w": "下", "sp": "Agent"}, {"p": 603, "c": 0.9, "s": 233113, "e": 233500, "w": "信息", "sp": "Agent"}, {"p": 604, "c": 0.9, "s": 233820, "e": 234311, "w": "可以", "sp": "Customer"}, {"p": 605, "c": 0.9, "s": 234311, "e": 234802, "w": "这个", "sp": "Customer"}, {"p": 606, "c": 0.9, "s": 234802, "e": 235293, "w": "可以", "sp": "Customer"}, {"p": 607, "c": 0.9, "s": 235293, "e": 235538, "w": "没", "sp": "Customer"}, {"p": 608, "c": 0.9, "s": 235538, "e": 236030, "w": "问题", "sp": "Customer"}, {"p": 609, "c": 0.9, "s": 236280, "e": 236656, "w": "运行", "sp": "Agent"}, {"p": 610, "c": 0.9, "s": 236656, "e": 236845, "w": "的", "sp": "Agent"}, {"p": 611, "c": 0.9, "s": 236845, "e": 237222, "w": "外资", "sp": "Agent"}, {"p": 612, "c": 0.9, "s": 237222, "e": 237410, "w": "也", "sp": "Agent"}, {"p": 613, "c": 0.9, "s": 237410, "e": 237598, "w": "是", "sp": "Agent"}, {"p": 614, "c": 0.9, "s": 237598, "e": 237975, "w": "专门", "sp": "Agent"}, {"p": 615, "c": 0.9, "s": 237975, "e": 238352, "w": "放在", "sp": "Agent"}, {"p": 616, "c": 0.9, "s": 238352, "e": 238729, "w": "外面", "sp": "Agent"}, {"p": 617, "c": 0.9, "s": 238729, "e": 239106, "w": "平台", "sp": "Agent"}, {"p": 618, "c": 0.9, "s": 239106, "e": 239294, "w": "上", "sp": "Agent"}, {"p": 619, "c": 0.9, "s": 239294, "e": 239483, "w": "的", "sp": "Agent"}, {"p": 620, "c": 0.9, "s": 239483, "e": 239671, "w": "是", "sp": "Agent"}, {"p": 621, "c": 0.9, "s": 239671, "e": 239860, "w": "吗", "sp": "Agent"}, {"p": 622, "c": 0.9, "s": 240300, "e": 240766, "w": "嗯", "sp": "Customer"}, {"p": 623, "c": 0.9, "s": 240766, "e": 241233, "w": "是", "sp": "Customer"}, {"p": 624, "c": 0.9, "s": 241233, "e": 241700, "w": "的", "sp": "Customer"}, {"p": 625, "c": 0.9, "s": 242090, "e": 242269, "w": "给", "sp": "Agent"}, {"p": 626, "c": 0.9, "s": 242270, "e": 242450, "w": "您", "sp": "Agent"}, {"p": 627, "c": 0.9, "s": 242450, "e": 242810, "w": "看到", "sp": "Agent"}, {"p": 628, "c": 0.9, "s": 242811, "e": 243172, "w": "之后", "sp": "Agent"}, {"p": 629, "c": 0.9, "s": 243172, "e": 243532, "w": "最快", "sp": "Agent"}, {"p": 630, "c": 0.9, "s": 243532, "e": 243892, "w": "上门", "sp": "Agent"}, {"p": 631, "c": 0.9, "s": 243893, "e": 244073, "w": "的", "sp": "Agent"}, {"p": 632, "c": 0.9, "s": 244073, "e": 244433, "w": "时间", "sp": "Agent"}, {"p": 633, "c": 0.9, "s": 244434, "e": 244795, "w": "三月", "sp": "Agent"}, {"p": 634, "c": 0.9, "s": 244795, "e": 244974, "w": "十", "sp": "Agent"}, {"p": 635, "c": 0.9, "s": 244975, "e": 245336, "w": "四号", "sp": "Agent"}, {"p": 636, "c": 0.9, "s": 245336, "e": 245515, "w": "也", "sp": "Agent"}, {"p": 637, "c": 0.9, "s": 245516, "e": 245877, "w": "就是", "sp": "Agent"}, {"p": 638, "c": 0.9, "s": 245877, "e": 246237, "w": "明天", "sp": "Agent"}, {"p": 639, "c": 0.9, "s": 246237, "e": 246418, "w": "的", "sp": "Agent"}, {"p": 640, "c": 0.9, "s": 246418, "e": 246778, "w": "时间", "sp": "Agent"}, {"p": 641, "c": 0.9, "s": 246778, "e": 247139, "w": "可以", "sp": "Agent"}, {"p": 642, "c": 0.9, "s": 247139, "e": 247320, "w": "吗", "sp": "Agent"}, {"p": 643, "c": 0.9, "s": 247860, "e": 248296, "w": "嗯", "sp": "Customer"}, {"p": 644, "c": 0.9, "s": 248296, "e": 249170, "w": "可以", "sp": "Customer"}, {"p": 645, "c": 0.9, "s": 249370, "e": 249534, "w": "好", "sp": "Agent"}, {"p": 646, "c": 0.9, "s": 249534, "e": 249698, "w": "的", "sp": "Agent"}, {"p": 647, "c": 0.9, "s": 249699, "e": 249863, "w": "我", "sp": "Agent"}, {"p": 648, "c": 0.9, "s": 249863, "e": 250028, "w": "给", "sp": "Agent"}, {"p": 649, "c": 0.9, "s": 250028, "e": 250193, "w": "您", "sp": "Agent"}, {"p": 650, "c": 0.9, "s": 250193, "e": 250521, "w": "备注", "sp": "Agent"}, {"p": 651, "c": 0.9, "s": 250522, "e": 250851, "w": "清楚", "sp": "Agent"}, {"p": 652, "c": 0.9, "s": 250851, "e": 251015, "w": "那", "sp": "Agent"}, {"p": 653, "c": 0.9, "s": 251016, "e": 251181, "w": "您", "sp": "Agent"}, {"p": 654, "c": 0.9, "s": 251181, "e": 251510, "w": "这个", "sp": "Agent"}, {"p": 655, "c": 0.9, "s": 251510, "e": 251674, "w": "是", "sp": "Agent"}, {"p": 656, "c": 0.9, "s": 251675, "e": 252004, "w": "去年", "sp": "Agent"}, {"p": 657, "c": 0.9, "s": 252004, "e": 252168, "w": "才", "sp": "Agent"}, {"p": 658, "c": 0.9, "s": 252168, "e": 252498, "w": "购买", "sp": "Agent"}, {"p": 659, "c": 0.9, "s": 252498, "e": 252662, "w": "的", "sp": "Agent"}, {"p": 660, "c": 0.9, "s": 252662, "e": 252992, "w": "空调", "sp": "Agent"}, {"p": 661, "c": 0.9, "s": 252992, "e": 253156, "w": "还", "sp": "Agent"}, {"p": 662, "c": 0.9, "s": 253156, "e": 253321, "w": "在", "sp": "Agent"}, {"p": 663, "c": 0.9, "s": 253321, "e": 253650, "w": "质保", "sp": "Agent"}, {"p": 664, "c": 0.9, "s": 253650, "e": 253980, "w": "期内", "sp": "Agent"}, {"p": 665, "c": 0.9, "s": 253980, "e": 254144, "w": "书", "sp": "Agent"}, {"p": 666, "c": 0.9, "s": 254144, "e": 254308, "w": "上", "sp": "Agent"}, {"p": 667, "c": 0.9, "s": 254309, "e": 254473, "w": "呢", "sp": "Agent"}, {"p": 668, "c": 0.9, "s": 254473, "e": 254803, "w": "需要", "sp": "Agent"}, {"p": 669, "c": 0.9, "s": 254803, "e": 255131, "w": "提供", "sp": "Agent"}, {"p": 670, "c": 0.9, "s": 255132, "e": 255461, "w": "一下", "sp": "Agent"}, {"p": 671, "c": 0.9, "s": 255461, "e": 255791, "w": "发票", "sp": "Agent"}, {"p": 672, "c": 0.9, "s": 255791, "e": 255955, "w": "和", "sp": "Agent"}, {"p": 673, "c": 0.9, "s": 255955, "e": 256285, "w": "购机", "sp": "Agent"}, {"p": 674, "c": 0.9, "s": 256285, "e": 256614, "w": "合同", "sp": "Agent"}, {"p": 675, "c": 0.9, "s": 256614, "e": 257108, "w": "到时候", "sp": "Agent"}, {"p": 676, "c": 0.9, "s": 257108, "e": 257437, "w": "收据", "sp": "Agent"}, {"p": 677, "c": 0.9, "s": 257437, "e": 257602, "w": "前", "sp": "Agent"}, {"p": 678, "c": 0.9, "s": 257601, "e": 257765, "w": "会", "sp": "Agent"}, {"p": 679, "c": 0.9, "s": 257765, "e": 258095, "w": "提前", "sp": "Agent"}, {"p": 680, "c": 0.9, "s": 258096, "e": 258260, "w": "先", "sp": "Agent"}, {"p": 681, "c": 0.9, "s": 258260, "e": 258425, "w": "跟", "sp": "Agent"}, {"p": 682, "c": 0.9, "s": 258424, "e": 258590, "w": "您", "sp": "Agent"}, {"p": 683, "c": 0.9, "s": 258590, "e": 258919, "w": "电话", "sp": "Agent"}, {"p": 684, "c": 0.9, "s": 258919, "e": 259248, "w": "联系", "sp": "Agent"}, {"p": 685, "c": 0.9, "s": 259247, "e": 259413, "w": "的", "sp": "Agent"}, {"p": 686, "c": 0.9, "s": 259413, "e": 259577, "w": "您", "sp": "Agent"}, {"p": 687, "c": 0.9, "s": 259577, "e": 259906, "w": "手机", "sp": "Agent"}, {"p": 688, "c": 0.9, "s": 259907, "e": 260236, "w": "保持", "sp": "Agent"}, {"p": 689, "c": 0.9, "s": 260236, "e": 260565, "w": "畅通", "sp": "Agent"}, {"p": 690, "c": 0.9, "s": 260565, "e": 260730, "w": "您", "sp": "Agent"}, {"p": 691, "c": 0.9, "s": 260730, "e": 260895, "w": "看", "sp": "Agent"}, {"p": 692, "c": 0.9, "s": 260894, "e": 261224, "w": "还有", "sp": "Agent"}, {"p": 693, "c": 0.9, "s": 261224, "e": 261553, "w": "什么", "sp": "Agent"}, {"p": 694, "c": 0.9, "s": 261553, "e": 261882, "w": "其他", "sp": "Agent"}, {"p": 695, "c": 0.9, "s": 261881, "e": 262211, "w": "可以", "sp": "Agent"}, {"p": 696, "c": 0.9, "s": 262212, "e": 262376, "w": "再", "sp": "Agent"}, {"p": 697, "c": 0.9, "s": 262376, "e": 262706, "w": "帮助", "sp": "Agent"}, {"p": 698, "c": 0.9, "s": 262706, "e": 262870, "w": "到", "sp": "Agent"}, {"p": 699, "c": 0.9, "s": 262870, "e": 263035, "w": "您", "sp": "Agent"}, {"p": 700, "c": 0.9, "s": 263035, "e": 263200, "w": "的", "sp": "Agent"}, {"p": 701, "c": 0.9, "s": 263810, "e": 264128, "w": "嗯", "sp": "Customer"}, {"p": 702, "c": 0.9, "s": 264128, "e": 264763, "w": "没有", "sp": "Customer"}, {"p": 703, "c": 0.9, "s": 264764, "e": 265400, "w": "谢谢", "sp": "Customer"}, {"p": 704, "c": 0.9, "s": 265610, "e": 265775, "w": "嗯", "sp": "Agent"}, {"p": 705, "c": 0.9, "s": 265776, "e": 265942, "w": "好", "sp": "Agent"}, {"p": 706, "c": 0.9, "s": 265942, "e": 266107, "w": "的", "sp": "Agent"}, {"p": 707, "c": 0.9, "s": 266108, "e": 266274, "w": "那", "sp": "Agent"}, {"p": 708, "c": 0.9, "s": 266274, "e": 266606, "w": "大厅", "sp": "Agent"}, {"p": 709, "c": 0.9, "s": 266606, "e": 266771, "w": "也", "sp": "Agent"}, {"p": 710, "c": 0.9, "s": 266772, "e": 266938, "w": "有", "sp": "Agent"}, {"p": 711, "c": 0.9, "s": 266938, "e": 267271, "w": "开通", "sp": "Agent"}, {"p": 712, "c": 0.9, "s": 267271, "e": 267436, "w": "微", "sp": "Agent"}, {"p": 713, "c": 0.9, "s": 267437, "e": 267603, "w": "信", "sp": "Agent"}, {"p": 714, "c": 0.9, "s": 267603, "e": 267935, "w": "公众", "sp": "Agent"}, {"p": 715, "c": 0.9, "s": 267935, "e": 268100, "w": "号", "sp": "Agent"}, {"p": 716, "c": 0.9, "s": 268101, "e": 268433, "w": "惊喜", "sp": "Agent"}, {"p": 717, "c": 0.9, "s": 268433, "e": 268765, "w": "保安", "sp": "Agent"}, {"p": 718, "c": 0.9, "s": 268765, "e": 268932, "w": "的", "sp": "Agent"}, {"p": 719, "c": 0.9, "s": 268932, "e": 269264, "w": "服务", "sp": "Agent"}, {"p": 720, "c": 0.9, "s": 269264, "e": 269762, "w": "欢迎您", "sp": "Agent"}, {"p": 721, "c": 0.9, "s": 269762, "e": 270094, "w": "后期", "sp": "Agent"}, {"p": 722, "c": 0.9, "s": 270094, "e": 270259, "w": "也", "sp": "Agent"}, {"p": 723, "c": 0.9, "s": 270260, "e": 270593, "w": "可以", "sp": "Agent"}, {"p": 724, "c": 0.9, "s": 270593, "e": 270925, "w": "关注", "sp": "Agent"}, {"p": 725, "c": 0.9, "s": 270925, "e": 271257, "w": "使用", "sp": "Agent"}, {"p": 726, "c": 0.9, "s": 271257, "e": 271589, "w": "最后", "sp": "Agent"}, {"p": 727, "c": 0.9, "s": 271589, "e": 271921, "w": "针对", "sp": "Agent"}, {"p": 728, "c": 0.9, "s": 271921, "e": 272254, "w": "本次", "sp": "Agent"}, {"p": 729, "c": 0.9, "s": 272254, "e": 272586, "w": "服务", "sp": "Agent"}, {"p": 730, "c": 0.9, "s": 272586, "e": 272751, "w": "做", "sp": "Agent"}, {"p": 731, "c": 0.9, "s": 272752, "e": 272918, "w": "个", "sp": "Agent"}, {"p": 732, "c": 0.9, "s": 272918, "e": 273416, "w": "满意度", "sp": "Agent"}, {"p": 733, "c": 0.9, "s": 273416, "e": 273748, "w": "评价", "sp": "Agent"}, {"p": 734, "c": 0.9, "s": 273748, "e": 273914, "w": "也", "sp": "Agent"}, {"p": 735, "c": 0.9, "s": 273915, "e": 274247, "w": "祝您", "sp": "Agent"}, {"p": 736, "c": 0.9, "s": 274247, "e": 274579, "w": "生活", "sp": "Agent"}, {"p": 737, "c": 0.9, "s": 274579, "e": 274911, "w": "愉快", "sp": "Agent"}, {"p": 738, "c": 0.9, "s": 274911, "e": 275077, "w": "好", "sp": "Agent"}, {"p": 739, "c": 0.9, "s": 275077, "e": 275410, "w": "再见", "sp": "Agent"}, {"p": 740, "c": 0.9, "s": 275770, "e": 276240, "w": "嗯", "sp": "Customer"}, {"p": 741, "c": 0.9, "s": 276240, "e": 276710, "w": "好", "sp": "Customer"}, {"p": 742, "c": 0.9, "s": 276710, "e": 277180, "w": "的", "sp": "Customer"}, {"p": 743, "c": 0.9, "s": 277250, "e": 277710, "w": "好", "sp": "Agent"}, {"p": 744, "c": 0.9, "s": 277710, "e": 278169, "w": "的", "sp": "Agent"}, {"p": 745, "c": 0.9, "s": 279790, "e": 280119, "w": "请", "sp": "Agent"}, {"p": 746, "c": 0.9, "s": 280119, "e": 280448, "w": "对", "sp": "Agent"}, {"p": 747, "c": 0.9, "s": 280448, "e": 281107, "w": "本次", "sp": "Agent"}, {"p": 748, "c": 0.9, "s": 281107, "e": 281766, "w": "服务", "sp": "Agent"}, {"p": 749, "c": 0.9, "s": 281766, "e": 282095, "w": "做", "sp": "Agent"}, {"p": 750, "c": 0.9, "s": 282096, "e": 282755, "w": "评价", "sp": "Agent"}, {"p": 751, "c": 0.9, "s": 282755, "e": 283414, "w": "非常", "sp": "Agent"}, {"p": 752, "c": 0.9, "s": 283414, "e": 284073, "w": "满意", "sp": "Agent"}, {"p": 753, "c": 0.9, "s": 284073, "e": 284402, "w": "请", "sp": "Agent"}, {"p": 754, "c": 0.9, "s": 284402, "e": 284732, "w": "按", "sp": "Agent"}, {"p": 755, "c": 0.9, "s": 284732, "e": 285061, "w": "一", "sp": "Agent"}, {"p": 756, "c": 0.9, "s": 285061, "e": 285720, "w": "满意", "sp": "Agent"}, {"p": 757, "c": 0.9, "s": 285720, "e": 286050, "w": "请", "sp": "Agent"}, {"p": 758, "c": 0.9, "s": 286650, "e": 287636, "w": "感谢您", "sp": "Agent"}, {"p": 759, "c": 0.9, "s": 287636, "e": 287965, "w": "的", "sp": "Agent"}, {"p": 760, "c": 0.9, "s": 287965, "e": 288622, "w": "来电", "sp": "Agent"}, {"p": 761, "c": 0.9, "s": 288622, "e": 289280, "w": "再见", "sp": "Agent"}]}, "plainText": "六 零三 八\n你\n号\n缺 钱\n为您服务\n他 妈 在 为啥 你 说\n下午 好 大厅 售后 很 高兴 为您服务 请问 有 什么 需要 帮助 的 吗\n哎 你好 那个 我 报修 下 空调\n嗯 您 是 用户 本人 来电 报修 吗\n对 对 其实 我 家里 就是说 空调 嘛 就 刚\n是\n装 的 嘛 就是说 外 机 好像 听到 有 一些 声音 比较 奇怪\n驻外 地 异 想 什么 一直 想 吗\n就是 偶尔 会 吧 因为 毕竟 新装 的 嘛 就是 麻烦 过来 检查 一下 的话\n好 的\n我们\n了解\n我 也 不\n您\n懂\n您\n他们\n说 我 给 您 备注 一下 信息 是 加热 装 空调 解脱 解 的 呀\n呃 一拖 五 的 吧 差不多\n一 托 五 的 是 吗 然后 外 机 一 箱 是 吧\n对 对\n好 的\n对\n那 先生 我 给 您 备注 清楚 那 到时候 收 上门 联系 您 是 吗\n呃 联系 我 就 可以 了\n那 您 提供 一下 您 的 联系 方式 我 给 您 备注 一下 信息\n嗯 可以\n你 说 一下\n没\n我 给\n需求\n你 来 看看 对\n幺\n联系\n五七\n电话 是 呃 幺\n二\n五七\n五七 幺 幺 五二\n幺 五七 幺 幺 五二\n零六 幺 零\n零六 幺 零 是 吧 幺 五七 幺 幺 五 二 零六 幺 零 那 您 贵姓 呢 我 给 您 备注 一下 身份证 号 称呼\n呃 姓 方\n方 什么 方方正正 的 方 吗\n对 方便 的 方 嘛 对\n我 给 您 备注 清楚\n嗯\n稍 等 一下 先生 我 没有 听 清楚 方方正正 的 方 是 吧\n嗯 嗯 对\n那 发现 这个 空调 几 几年 购买 的\n空调 的话 刚\n嗯\n买 的 刚\n刚\n装\n买 的\n好\n就 二 零 二 一年 才 卖 的 是 吗\n对 对 对 就是 我 最近 还 没入 住 就 听见 有声 音 了\n嗯 好 的 我 给 您 备注 清楚 就 联系 这个 幺 五七 幺 幺 五 二 零六 幺 零 这个 号码 就 可以 了 是 吗\n哎 是 的 是 的\n那 具体 上门 维修 的 地址 在 哪个 省 哪个 市 的 呢\n海 福建省 厦门市 湖里 区\n嗯 福建省 是 吧 稍 等 我 给 您 备注 一下 信息 福建省 那个 厦门市 湖里 区 是 吗\n对\n玻璃 器 然后 哪 条 路 多少 号 什么 小区 的\n元 昌 星 海湾\n元 昌 是 吗 一元 两 元 的 元 吗\n就是 那个 原来 的 原 三点水 那个 原\n三点水 的 一个 院 是 吧 昌 是 繁荣昌盛\n对\n的 昌 两个 日子 的 昌 吗\n对 鑫 是 那个 三个 金 那个 鑫 嘛 海 是\n嗯\n海边\n三个\n的 海\n九 嗯 延昌 星海 是 吗 小 青\n关\n吗\n材料\n元 是 元 昌 新海 是 吗\n青 海湾\n呃 原 昌 新海 湾 是 吧\n对\n几 栋 几 零 几 呢\n一 百一 十七号 幺 零 二\n一 百一 十七号 是 吧 然后 幺 零六 是 吧\n二 零零 二\n幺 零零 二 是 吧\n对\n只要 这 上面 地址 就 福建 厦门 湖里 区 的 一个 原 昌 新 海湾 一百一十 七号 幺 零零 二 就 可以 了 是 吗\n嗯 是 的\n好 的 我 给 您 备注 清楚 那 机器 产品 的 一个 型号 您 对 这 一方面 清楚 吗\n加油站 空调 啊\n呃 它 是 邮箱 英文字母 如果 您 清楚 就 说 一下 不 清楚 到时候 让 师傅 上门 去 看 可以 吗\n哦 这个 我们 不 清楚\n嗯 那 疫情 期间 这边 小区 可以 正常 接入 吗 我 给 您 备注 下 信息\n可以 这个 可以 没 问题\n运行 的 外资 也 是 专门 放在 外面 平台 上 的 是 吗\n嗯 是 的\n给 您 看到 之后 最快 上门 的 时间 三月 十 四号 也 就是 明天 的 时间 可以 吗\n嗯 可以\n好 的 我 给 您 备注 清楚 那 您 这个 是 去年 才 购买 的 空调 还 在 质保 期内 书 上 呢 需要 提供 一下 发票 和 购机 合同 到时候 收据 前 会 提前 先 跟 您 电话 联系 的 您 手机 保持 畅通 您 看 还有 什么 其他 可以 再 帮助 到 您 的\n嗯 没有 谢谢\n嗯 好 的 那 大厅 也 有 开通 微 信 公众 号 惊喜 保安 的 服务 欢迎您 后期 也 可以 关注 使用 最后 针对 本次 服务 做 个 满意度 评价 也 祝您 生活 愉快 好 再见\n嗯 好 的\n好 的 请 对 本次 服务 做 评价 非常 满意 请 按 一 满意 请 感谢您 的 来电 再见", "plainTextTime": {"verbatims": [{"s": 5000, "e": 7475, "w": "六 零三 八", "sp": "Agent"}, {"s": 7260, "e": 7557, "w": "你", "sp": "Customer"}, {"s": 7475, "e": 8094, "w": "号", "sp": "Agent"}, {"s": 7557, "e": 8151, "w": "缺 钱", "sp": "Customer"}, {"s": 8094, "e": 10570, "w": "为您服务", "sp": "Agent"}, {"s": 8151, "e": 10230, "w": "他 妈 在 为啥 你 说", "sp": "Customer"}, {"s": 10960, "e": 15200, "w": "下午 好 大厅 售后 很 高兴 为您服务 请问 有 什么 需要 帮助 的 吗", "sp": "Agent"}, {"s": 16170, "e": 19210, "w": "哎 你好 那个 我 报修 下 空调", "sp": "Customer"}, {"s": 19390, "e": 21980, "w": "嗯 您 是 用户 本人 来电 报修 吗", "sp": "Agent"}, {"s": 22200, "e": 25587, "w": "对 对 其实 我 家里 就是说 空调 嘛 就 刚", "sp": "Customer"}, {"s": 25570, "e": 26460, "w": "是", "sp": "Agent"}, {"s": 25587, "e": 30330, "w": "装 的 嘛 就是说 外 机 好像 听到 有 一些 声音 比较 奇怪", "sp": "Customer"}, {"s": 31620, "e": 34600, "w": "驻外 地 异 想 什么 一直 想 吗", "sp": "Agent"}, {"s": 35600, "e": 40371, "w": "就是 偶尔 会 吧 因为 毕竟 新装 的 嘛 就是 麻烦 过来 检查 一下 的话", "sp": "Customer"}, {"s": 40110, "e": 40627, "w": "好 的", "sp": "Agent"}, {"s": 40371, "e": 40738, "w": "我们", "sp": "Customer"}, {"s": 40627, "e": 41143, "w": "了解", "sp": "Agent"}, {"s": 40738, "e": 41288, "w": "我 也 不", "sp": "Customer"}, {"s": 41144, "e": 41402, "w": "您", "sp": "Agent"}, {"s": 41289, "e": 41472, "w": "懂", "sp": "Customer"}, {"s": 41402, "e": 41661, "w": "您", "sp": "Agent"}, {"s": 41472, "e": 41840, "w": "他们", "sp": "Customer"}, {"s": 41661, "e": 45890, "w": "说 我 给 您 备注 一下 信息 是 加热 装 空调 解脱 解 的 呀", "sp": "Agent"}, {"s": 46450, "e": 49680, "w": "呃 一拖 五 的 吧 差不多", "sp": "Customer"}, {"s": 49010, "e": 52070, "w": "一 托 五 的 是 吗 然后 外 机 一 箱 是 吧", "sp": "Agent"}, {"s": 52230, "e": 53130, "w": "对 对", "sp": "Customer"}, {"s": 52790, "e": 53175, "w": "好 的", "sp": "Agent"}, {"s": 53130, "e": 53580, "w": "对", "sp": "Customer"}, {"s": 53175, "e": 57410, "w": "那 先生 我 给 您 备注 清楚 那 到时候 收 上门 联系 您 是 吗", "sp": "Agent"}, {"s": 57880, "e": 59620, "w": "呃 联系 我 就 可以 了", "sp": "Customer"}, {"s": 59700, "e": 63160, "w": "那 您 提供 一下 您 的 联系 方式 我 给 您 备注 一下 信息", "sp": "Agent"}, {"s": 63750, "e": 65620, "w": "嗯 可以", "sp": "Customer"}, {"s": 65640, "e": 66488, "w": "你 说 一下", "sp": "Agent"}, {"s": 66450, "e": 66846, "w": "没", "sp": "Customer"}, {"s": 66488, "e": 66911, "w": "我 给", "sp": "Agent"}, {"s": 66846, "e": 67640, "w": "需求", "sp": "Customer"}, {"s": 66912, "e": 68768, "w": "你 来 看看 对", "sp": "Agent"}, {"s": 68470, "e": 68936, "w": "幺", "sp": "Customer"}, {"s": 68768, "e": 69383, "w": "联系", "sp": "Agent"}, {"s": 68936, "e": 69869, "w": "五七", "sp": "Customer"}, {"s": 69384, "e": 70923, "w": "电话 是 呃 幺", "sp": "Agent"}, {"s": 70840, "e": 71253, "w": "二", "sp": "Customer"}, {"s": 70924, "e": 71540, "w": "五七", "sp": "Agent"}, {"s": 71253, "e": 73810, "w": "五七 幺 幺 五二", "sp": "Customer"}, {"s": 74420, "e": 76530, "w": "幺 五七 幺 幺 五二", "sp": "Agent"}, {"s": 77070, "e": 78600, "w": "零六 幺 零", "sp": "Customer"}, {"s": 78960, "e": 85420, "w": "零六 幺 零 是 吧 幺 五七 幺 幺 五 二 零六 幺 零 那 您 贵姓 呢 我 给 您 备注 一下 身份证 号 称呼", "sp": "Agent"}, {"s": 85340, "e": 86820, "w": "呃 姓 方", "sp": "Customer"}, {"s": 87530, "e": 90020, "w": "方 什么 方方正正 的 方 吗", "sp": "Agent"}, {"s": 90930, "e": 92890, "w": "对 方便 的 方 嘛 对", "sp": "Customer"}, {"s": 93690, "e": 95520, "w": "我 给 您 备注 清楚", "sp": "Agent"}, {"s": 95980, "e": 97050, "w": "嗯", "sp": "Customer"}, {"s": 98300, "e": 101800, "w": "稍 等 一下 先生 我 没有 听 清楚 方方正正 的 方 是 吧", "sp": "Agent"}, {"s": 102040, "e": 103509, "w": "嗯 嗯 对", "sp": "Customer"}, {"s": 103630, "e": 106700, "w": "那 发现 这个 空调 几 几年 购买 的", "sp": "Agent"}, {"s": 107650, "e": 110259, "w": "空调 的话 刚", "sp": "Customer"}, {"s": 109850, "e": 110850, "w": "嗯", "sp": "Agent"}, {"s": 110260, "e": 111843, "w": "买 的 刚", "sp": "Customer"}, {"s": 111670, "e": 111917, "w": "刚", "sp": "Agent"}, {"s": 111843, "e": 112246, "w": "装", "sp": "Customer"}, {"s": 111917, "e": 112413, "w": "买 的", "sp": "Agent"}, {"s": 112246, "e": 112650, "w": "好", "sp": "Customer"}, {"s": 112413, "e": 115140, "w": "就 二 零 二 一年 才 卖 的 是 吗", "sp": "Agent"}, {"s": 115520, "e": 119360, "w": "对 对 对 就是 我 最近 还 没入 住 就 听见 有声 音 了", "sp": "Customer"}, {"s": 119420, "e": 125600, "w": "嗯 好 的 我 给 您 备注 清楚 就 联系 这个 幺 五七 幺 幺 五 二 零六 幺 零 这个 号码 就 可以 了 是 吗", "sp": "Agent"}, {"s": 125610, "e": 127330, "w": "哎 是 的 是 的", "sp": "Customer"}, {"s": 127510, "e": 131300, "w": "那 具体 上门 维修 的 地址 在 哪个 省 哪个 市 的 呢", "sp": "Agent"}, {"s": 132230, "e": 135100, "w": "海 福建省 厦门市 湖里 区", "sp": "Customer"}, {"s": 135430, "e": 143690, "w": "嗯 福建省 是 吧 稍 等 我 给 您 备注 一下 信息 福建省 那个 厦门市 湖里 区 是 吗", "sp": "Agent"}, {"s": 143970, "e": 144960, "w": "对", "sp": "Customer"}, {"s": 145780, "e": 148780, "w": "玻璃 器 然后 哪 条 路 多少 号 什么 小区 的", "sp": "Agent"}, {"s": 149150, "e": 151120, "w": "元 昌 星 海湾", "sp": "Customer"}, {"s": 151600, "e": 154580, "w": "元 昌 是 吗 一元 两 元 的 元 吗", "sp": "Agent"}, {"s": 154980, "e": 159000, "w": "就是 那个 原来 的 原 三点水 那个 原", "sp": "Customer"}, {"s": 159170, "e": 162438, "w": "三点水 的 一个 院 是 吧 昌 是 繁荣昌盛", "sp": "Agent"}, {"s": 161570, "e": 162490, "w": "对", "sp": "Customer"}, {"s": 162438, "e": 164400, "w": "的 昌 两个 日子 的 昌 吗", "sp": "Agent"}, {"s": 164550, "e": 167427, "w": "对 鑫 是 那个 三个 金 那个 鑫 嘛 海 是", "sp": "Customer"}, {"s": 167370, "e": 167771, "w": "嗯", "sp": "Agent"}, {"s": 167427, "e": 167838, "w": "海边", "sp": "Customer"}, {"s": 167771, "e": 168575, "w": "三个", "sp": "Agent"}, {"s": 167838, "e": 168250, "w": "的 海", "sp": "Customer"}, {"s": 168575, "e": 173075, "w": "九 嗯 延昌 星海 是 吗 小 青", "sp": "Agent"}, {"s": 172730, "e": 173213, "w": "关", "sp": "Customer"}, {"s": 173076, "e": 173520, "w": "吗", "sp": "Agent"}, {"s": 173213, "e": 174180, "w": "材料", "sp": "Customer"}, {"s": 176810, "e": 179340, "w": "元 是 元 昌 新海 是 吗", "sp": "Agent"}, {"s": 179660, "e": 181000, "w": "青 海湾", "sp": "Customer"}, {"s": 181340, "e": 183830, "w": "呃 原 昌 新海 湾 是 吧", "sp": "Agent"}, {"s": 184200, "e": 185140, "w": "对", "sp": "Customer"}, {"s": 185290, "e": 187080, "w": "几 栋 几 零 几 呢", "sp": "Agent"}, {"s": 187590, "e": 189970, "w": "一 百一 十七号 幺 零 二", "sp": "Customer"}, {"s": 190330, "e": 196470, "w": "一 百一 十七号 是 吧 然后 幺 零六 是 吧", "sp": "Agent"}, {"s": 196930, "e": 198140, "w": "二 零零 二", "sp": "Customer"}, {"s": 198490, "e": 200360, "w": "幺 零零 二 是 吧", "sp": "Agent"}, {"s": 200600, "e": 201570, "w": "对", "sp": "Customer"}, {"s": 201790, "e": 209410, "w": "只要 这 上面 地址 就 福建 厦门 湖里 区 的 一个 原 昌 新 海湾 一百一十 七号 幺 零零 二 就 可以 了 是 吗", "sp": "Agent"}, {"s": 209600, "e": 210840, "w": "嗯 是 的", "sp": "Customer"}, {"s": 211000, "e": 216510, "w": "好 的 我 给 您 备注 清楚 那 机器 产品 的 一个 型号 您 对 这 一方面 清楚 吗", "sp": "Agent"}, {"s": 218590, "e": 219950, "w": "加油站 空调 啊", "sp": "Customer"}, {"s": 220380, "e": 225900, "w": "呃 它 是 邮箱 英文字母 如果 您 清楚 就 说 一下 不 清楚 到时候 让 师傅 上门 去 看 可以 吗", "sp": "Agent"}, {"s": 226570, "e": 228390, "w": "哦 这个 我们 不 清楚", "sp": "Customer"}, {"s": 228670, "e": 233500, "w": "嗯 那 疫情 期间 这边 小区 可以 正常 接入 吗 我 给 您 备注 下 信息", "sp": "Agent"}, {"s": 233820, "e": 236030, "w": "可以 这个 可以 没 问题", "sp": "Customer"}, {"s": 236280, "e": 239860, "w": "运行 的 外资 也 是 专门 放在 外面 平台 上 的 是 吗", "sp": "Agent"}, {"s": 240300, "e": 241700, "w": "嗯 是 的", "sp": "Customer"}, {"s": 242090, "e": 247320, "w": "给 您 看到 之后 最快 上门 的 时间 三月 十 四号 也 就是 明天 的 时间 可以 吗", "sp": "Agent"}, {"s": 247860, "e": 249170, "w": "嗯 可以", "sp": "Customer"}, {"s": 249370, "e": 263200, "w": "好 的 我 给 您 备注 清楚 那 您 这个 是 去年 才 购买 的 空调 还 在 质保 期内 书 上 呢 需要 提供 一下 发票 和 购机 合同 到时候 收据 前 会 提前 先 跟 您 电话 联系 的 您 手机 保持 畅通 您 看 还有 什么 其他 可以 再 帮助 到 您 的", "sp": "Agent"}, {"s": 263810, "e": 265400, "w": "嗯 没有 谢谢", "sp": "Customer"}, {"s": 265610, "e": 275410, "w": "嗯 好 的 那 大厅 也 有 开通 微 信 公众 号 惊喜 保安 的 服务 欢迎您 后期 也 可以 关注 使用 最后 针对 本次 服务 做 个 满意度 评价 也 祝您 生活 愉快 好 再见", "sp": "Agent"}, {"s": 275770, "e": 277180, "w": "嗯 好 的", "sp": "Customer"}, {"s": 277250, "e": 289280, "w": "好 的 请 对 本次 服务 做 评价 非常 满意 请 按 一 满意 请 感谢您 的 来电 再见", "sp": "Agent"}]}, "aqm": {"greeting": {"greeting_said": "为您服务, 售后, 高兴, 请问, 需要, 帮助", "n_greeting_said": 6, "score": 1}, "closing": {"closing_said": "再见", "n_closing_said": 1, "score": 0}, "speed": {"speed_max": 6.16, "n_words": 34, "words": "呃 它 是 邮箱 英文字母 如果 您 清楚 就 说 一下 不 清楚 到时候 让 师傅 上门 去 看 可以 吗", "start": 220380, "end": 225900}}}