{"mediaId": "2022031317242154078300200000549202", "status": "Success", "dateCreated": "2022-03-21T18:45:50Z", "contentType": "audio/x-wav", "channels": "future use", "length": 190, "metadata": {"Sid": 10174, "Site_id": 783, "Audio_ch_num": 5492, "Audio_module_num": 783002, "Audio_start_time_gmt": "2022-03-13T09:21:11.063+08:00", "Transaction_id": "2022031317242154078300200000549202", "ContactID": "9204480178610000022", "Personal_id": "0", "Direction": 0, "Local_audio_start_time": "2022-03-13T17:21:11.063+08:00", "Local_audio_end_time": "2022-03-13T17:24:21.063+08:00", "Total_hold_time": "0", "Pbx_login_id": "", "Ani": "90102155368221", "Extension": "155368221", "String_extension": "90102155368221", "Switch_call_id": "SIP/AUDIO/083E1600-C577-544A-0CA6-5EF74E84DBB4", "Switch_id": "783000001", "Duration_seconds": 190, "Wrapup_time_in_seconds": "0", "Dnis": "15960890905", "Number_of_conferences": "0", "Number_of_holds": "0", "Number_of_transfers": "0", "Percent_of_agent_call": "83", "Percent_of_other_call": "38", "Percent_of_mutual_silence": "53", "Num_of_agent_cross": "13", "Num_of_other_cross": "13", "IsException": 0}, "transcript_detailed": {"words": [{"p": 1, "c": 0.9, "s": 3620, "e": 4835, "w": "六零", "sp": "Agent"}, {"p": 2, "c": 0.9, "s": 4835, "e": 5443, "w": "二", "sp": "Agent"}, {"p": 3, "c": 0.9, "s": 5443, "e": 6658, "w": "一号", "sp": "Agent"}, {"p": 4, "c": 0.9, "s": 6658, "e": 9090, "w": "为您服务", "sp": "Agent"}, {"p": 5, "c": 0.9, "s": 9370, "e": 9530, "w": "晚", "sp": "Agent"}, {"p": 6, "c": 0.9, "s": 9530, "e": 9849, "w": "上好", "sp": "Agent"}, {"p": 7, "c": 0.9, "s": 9850, "e": 10170, "w": "大街", "sp": "Agent"}, {"p": 8, "c": 0.9, "s": 10170, "e": 10490, "w": "售后", "sp": "Agent"}, {"p": 9, "c": 0.9, "s": 10490, "e": 10650, "w": "很", "sp": "Agent"}, {"p": 10, "c": 0.9, "s": 10650, "e": 10969, "w": "高兴", "sp": "Agent"}, {"p": 11, "c": 0.9, "s": 10970, "e": 11610, "w": "为您服务", "sp": "Agent"}, {"p": 12, "c": 0.9, "s": 11610, "e": 11929, "w": "请问", "sp": "Agent"}, {"p": 13, "c": 0.9, "s": 11930, "e": 12090, "w": "有", "sp": "Agent"}, {"p": 14, "c": 0.9, "s": 12090, "e": 12410, "w": "什么", "sp": "Agent"}, {"p": 15, "c": 0.9, "s": 12410, "e": 12730, "w": "可以", "sp": "Agent"}, {"p": 16, "c": 0.9, "s": 12730, "e": 12889, "w": "帮", "sp": "Agent"}, {"p": 17, "c": 0.9, "s": 12860, "e": 13460, "w": "不是", "sp": "Customer"}, {"p": 18, "c": 0.9, "s": 12890, "e": 13050, "w": "您", "sp": "Agent"}, {"p": 19, "c": 0.9, "s": 13460, "e": 13760, "w": "很", "sp": "Customer"}, {"p": 20, "c": 0.9, "s": 13760, "e": 14060, "w": "早", "sp": "Customer"}, {"p": 21, "c": 0.9, "s": 14840, "e": 15031, "w": "嗯", "sp": "Agent"}, {"p": 22, "c": 0.9, "s": 15031, "e": 15222, "w": "好", "sp": "Agent"}, {"p": 23, "c": 0.9, "s": 15222, "e": 15413, "w": "的", "sp": "Agent"}, {"p": 24, "c": 0.9, "s": 15413, "e": 15604, "w": "您", "sp": "Agent"}, {"p": 25, "c": 0.9, "s": 15604, "e": 15795, "w": "是", "sp": "Agent"}, {"p": 26, "c": 0.9, "s": 15795, "e": 15986, "w": "帮", "sp": "Agent"}, {"p": 27, "c": 0.9, "s": 15986, "e": 16368, "w": "用户", "sp": "Agent"}, {"p": 28, "c": 0.9, "s": 16368, "e": 16559, "w": "代", "sp": "Agent"}, {"p": 29, "c": 0.9, "s": 16559, "e": 16750, "w": "报", "sp": "Agent"}, {"p": 30, "c": 0.9, "s": 16750, "e": 16941, "w": "的", "sp": "Agent"}, {"p": 31, "c": 0.9, "s": 16941, "e": 17323, "w": "还是", "sp": "Agent"}, {"p": 32, "c": 0.9, "s": 17323, "e": 17705, "w": "自己", "sp": "Agent"}, {"p": 33, "c": 0.9, "s": 17705, "e": 17896, "w": "家", "sp": "Agent"}, {"p": 34, "c": 0.9, "s": 17860, "e": 18100, "w": "对", "sp": "Customer"}, {"p": 35, "c": 0.9, "s": 17896, "e": 18087, "w": "的", "sp": "Agent"}, {"p": 36, "c": 0.9, "s": 18087, "e": 18470, "w": "分享", "sp": "Agent"}, {"p": 37, "c": 0.9, "s": 18100, "e": 18340, "w": "对", "sp": "Customer"}, {"p": 38, "c": 0.9, "s": 18340, "e": 18580, "w": "对", "sp": "Customer"}, {"p": 39, "c": 0.9, "s": 18580, "e": 18820, "w": "对", "sp": "Customer"}, {"p": 40, "c": 0.9, "s": 18820, "e": 19060, "w": "对", "sp": "Customer"}, {"p": 41, "c": 0.9, "s": 19060, "e": 19300, "w": "用", "sp": "Customer"}, {"p": 42, "c": 0.9, "s": 19300, "e": 19779, "w": "得到", "sp": "Customer"}, {"p": 43, "c": 0.9, "s": 19410, "e": 19625, "w": "代", "sp": "Agent"}, {"p": 44, "c": 0.9, "s": 19625, "e": 19841, "w": "报", "sp": "Agent"}, {"p": 45, "c": 0.9, "s": 19780, "e": 20020, "w": "嗯", "sp": "Customer"}, {"p": 46, "c": 0.9, "s": 19841, "e": 20056, "w": "好", "sp": "Agent"}, {"p": 47, "c": 0.9, "s": 20056, "e": 20272, "w": "的", "sp": "Agent"}, {"p": 48, "c": 0.9, "s": 20272, "e": 20703, "w": "请问", "sp": "Agent"}, {"p": 49, "c": 0.9, "s": 20703, "e": 21349, "w": "到时候", "sp": "Agent"}, {"p": 50, "c": 0.9, "s": 21350, "e": 21781, "w": "联系", "sp": "Agent"}, {"p": 51, "c": 0.9, "s": 21781, "e": 21996, "w": "您", "sp": "Agent"}, {"p": 52, "c": 0.9, "s": 21996, "e": 22427, "w": "还是", "sp": "Agent"}, {"p": 53, "c": 0.9, "s": 22427, "e": 22858, "w": "联系", "sp": "Agent"}, {"p": 54, "c": 0.9, "s": 22858, "e": 23289, "w": "用户", "sp": "Agent"}, {"p": 55, "c": 0.9, "s": 23320, "e": 23581, "w": "嗯", "sp": "Customer"}, {"p": 56, "c": 0.9, "s": 23581, "e": 24105, "w": "联系", "sp": "Customer"}, {"p": 57, "c": 0.9, "s": 24105, "e": 24628, "w": "用户", "sp": "Customer"}, {"p": 58, "c": 0.9, "s": 24628, "e": 24890, "w": "吧", "sp": "Customer"}, {"p": 59, "c": 0.9, "s": 24950, "e": 25164, "w": "好", "sp": "Agent"}, {"p": 60, "c": 0.9, "s": 25164, "e": 25378, "w": "的", "sp": "Agent"}, {"p": 61, "c": 0.9, "s": 25378, "e": 25806, "w": "请问", "sp": "Agent"}, {"p": 62, "c": 0.9, "s": 25806, "e": 26235, "w": "用户", "sp": "Agent"}, {"p": 63, "c": 0.9, "s": 26235, "e": 26663, "w": "贵姓", "sp": "Agent"}, {"p": 64, "c": 0.9, "s": 26663, "e": 27091, "w": "怎么", "sp": "Agent"}, {"p": 65, "c": 0.9, "s": 27091, "e": 27520, "w": "称呼", "sp": "Agent"}, {"p": 66, "c": 0.9, "s": 28970, "e": 29733, "w": "呃", "sp": "Customer"}, {"p": 67, "c": 0.9, "s": 29733, "e": 30496, "w": "姓", "sp": "Customer"}, {"p": 68, "c": 0.9, "s": 30496, "e": 31260, "w": "李", "sp": "Customer"}, {"p": 69, "c": 0.9, "s": 32210, "e": 32695, "w": "李", "sp": "Agent"}, {"p": 70, "c": 0.9, "s": 32695, "e": 34150, "w": "木子李", "sp": "Agent"}, {"p": 71, "c": 0.9, "s": 34850, "e": 35275, "w": "林", "sp": "Customer"}, {"p": 72, "c": 0.9, "s": 35276, "e": 36130, "w": "先生", "sp": "Customer"}, {"p": 73, "c": 0.9, "s": 36410, "e": 36616, "w": "算", "sp": "Customer"}, {"p": 74, "c": 0.9, "s": 36616, "e": 36822, "w": "算", "sp": "Customer"}, {"p": 75, "c": 0.9, "s": 36620, "e": 37160, "w": "你", "sp": "Agent"}, {"p": 76, "c": 0.9, "s": 36822, "e": 37028, "w": "算", "sp": "Customer"}, {"p": 77, "c": 0.9, "s": 37028, "e": 37440, "w": "就是", "sp": "Customer"}, {"p": 78, "c": 0.9, "s": 37160, "e": 37700, "w": "是", "sp": "Agent"}, {"p": 79, "c": 0.9, "s": 37440, "e": 37646, "w": "先", "sp": "Customer"}, {"p": 80, "c": 0.9, "s": 37646, "e": 38058, "w": "联系", "sp": "Customer"}, {"p": 81, "c": 0.9, "s": 37700, "e": 38240, "w": "吗", "sp": "Agent"}, {"p": 82, "c": 0.9, "s": 38058, "e": 38264, "w": "我", "sp": "Customer"}, {"p": 83, "c": 0.9, "s": 38264, "e": 38470, "w": "嘛", "sp": "Customer"}, {"p": 84, "c": 0.9, "s": 38920, "e": 39112, "w": "你", "sp": "Customer"}, {"p": 85, "c": 0.9, "s": 38960, "e": 39197, "w": "好", "sp": "Agent"}, {"p": 86, "c": 0.9, "s": 39112, "e": 39304, "w": "叫", "sp": "Customer"}, {"p": 87, "c": 0.9, "s": 39197, "e": 39434, "w": "的", "sp": "Agent"}, {"p": 88, "c": 0.9, "s": 39304, "e": 39496, "w": "赵", "sp": "Customer"}, {"p": 89, "c": 0.9, "s": 39434, "e": 39670, "w": "您", "sp": "Agent"}, {"p": 90, "c": 0.9, "s": 39496, "e": 39689, "w": "伟", "sp": "Customer"}, {"p": 91, "c": 0.9, "s": 39671, "e": 40145, "w": "贵姓", "sp": "Agent"}, {"p": 92, "c": 0.9, "s": 39689, "e": 40073, "w": "这边", "sp": "Customer"}, {"p": 93, "c": 0.9, "s": 40073, "e": 40458, "w": "联系", "sp": "Customer"}, {"p": 94, "c": 0.9, "s": 40145, "e": 40619, "w": "怎么", "sp": "Agent"}, {"p": 95, "c": 0.9, "s": 40458, "e": 40650, "w": "我", "sp": "Customer"}, {"p": 96, "c": 0.9, "s": 40619, "e": 41093, "w": "称呼", "sp": "Agent"}, {"p": 97, "c": 0.9, "s": 40650, "e": 40843, "w": "吧", "sp": "Customer"}, {"p": 98, "c": 0.9, "s": 40843, "e": 41226, "w": "因为", "sp": "Customer"}, {"p": 99, "c": 0.9, "s": 41093, "e": 41329, "w": "您", "sp": "Agent"}, {"p": 100, "c": 0.9, "s": 41227, "e": 41420, "w": "他", "sp": "Customer"}, {"p": 101, "c": 0.9, "s": 42080, "e": 42305, "w": "呃", "sp": "Customer"}, {"p": 102, "c": 0.9, "s": 42305, "e": 42530, "w": "姓", "sp": "Customer"}, {"p": 103, "c": 0.9, "s": 42530, "e": 42756, "w": "陈", "sp": "Customer"}, {"p": 104, "c": 0.9, "s": 42756, "e": 43206, "w": "这个", "sp": "Customer"}, {"p": 105, "c": 0.9, "s": 43206, "e": 43432, "w": "还", "sp": "Customer"}, {"p": 106, "c": 0.9, "s": 43432, "e": 43656, "w": "没", "sp": "Customer"}, {"p": 107, "c": 0.9, "s": 43657, "e": 44108, "w": "交交", "sp": "Customer"}, {"p": 108, "c": 0.9, "s": 44108, "e": 44333, "w": "给", "sp": "Customer"}, {"p": 109, "c": 0.9, "s": 44333, "e": 44784, "w": "用户", "sp": "Customer"}, {"p": 110, "c": 0.9, "s": 44784, "e": 45235, "w": "所以", "sp": "Customer"}, {"p": 111, "c": 0.9, "s": 45235, "e": 45460, "w": "你", "sp": "Customer"}, {"p": 112, "c": 0.9, "s": 45460, "e": 45911, "w": "不要", "sp": "Customer"}, {"p": 113, "c": 0.9, "s": 45911, "e": 46362, "w": "不要", "sp": "Customer"}, {"p": 114, "c": 0.9, "s": 46120, "e": 46426, "w": "好", "sp": "Agent"}, {"p": 115, "c": 0.9, "s": 46362, "e": 46586, "w": "留", "sp": "Customer"}, {"p": 116, "c": 0.9, "s": 46426, "e": 46732, "w": "的", "sp": "Agent"}, {"p": 117, "c": 0.9, "s": 46587, "e": 47038, "w": "用户", "sp": "Customer"}, {"p": 118, "c": 0.9, "s": 46732, "e": 47038, "w": "陈", "sp": "Agent"}, {"p": 119, "c": 0.9, "s": 47038, "e": 47262, "w": "的", "sp": "Customer"}, {"p": 120, "c": 0.9, "s": 47038, "e": 47649, "w": "先生", "sp": "Agent"}, {"p": 121, "c": 0.9, "s": 47263, "e": 47714, "w": "电话", "sp": "Customer"}, {"p": 122, "c": 0.9, "s": 47714, "e": 47940, "w": "吗", "sp": "Customer"}, {"p": 123, "c": 0.9, "s": 48150, "e": 48623, "w": "请问", "sp": "Agent"}, {"p": 124, "c": 0.9, "s": 48400, "e": 49340, "w": "嗯", "sp": "Customer"}, {"p": 125, "c": 0.9, "s": 48623, "e": 49096, "w": "联系", "sp": "Agent"}, {"p": 126, "c": 0.9, "s": 49096, "e": 49333, "w": "您", "sp": "Agent"}, {"p": 127, "c": 0.9, "s": 49333, "e": 49570, "w": "的", "sp": "Agent"}, {"p": 128, "c": 0.9, "s": 49570, "e": 50280, "w": "手机号", "sp": "Agent"}, {"p": 129, "c": 0.9, "s": 50280, "e": 50516, "w": "是", "sp": "Agent"}, {"p": 130, "c": 0.9, "s": 50516, "e": 50989, "w": "多少", "sp": "Agent"}, {"p": 131, "c": 0.9, "s": 51880, "e": 52245, "w": "呃", "sp": "Customer"}, {"p": 132, "c": 0.9, "s": 52245, "e": 52610, "w": "幺", "sp": "Customer"}, {"p": 133, "c": 0.9, "s": 52610, "e": 53340, "w": "五九", "sp": "Customer"}, {"p": 134, "c": 0.9, "s": 54070, "e": 54510, "w": "幺", "sp": "Agent"}, {"p": 135, "c": 0.9, "s": 54510, "e": 55390, "w": "五九", "sp": "Agent"}, {"p": 136, "c": 0.9, "s": 56700, "e": 57245, "w": "啊", "sp": "Customer"}, {"p": 137, "c": 0.9, "s": 57245, "e": 57789, "w": "对", "sp": "Customer"}, {"p": 138, "c": 0.9, "s": 58550, "e": 58948, "w": "幺", "sp": "Agent"}, {"p": 139, "c": 0.9, "s": 58948, "e": 59744, "w": "五九", "sp": "Agent"}, {"p": 140, "c": 0.9, "s": 59744, "e": 60540, "w": "六零", "sp": "Agent"}, {"p": 141, "c": 0.9, "s": 61120, "e": 61383, "w": "八", "sp": "Customer"}, {"p": 142, "c": 0.9, "s": 61383, "e": 61910, "w": "九零", "sp": "Customer"}, {"p": 143, "c": 0.9, "s": 61910, "e": 62436, "w": "九零", "sp": "Customer"}, {"p": 144, "c": 0.9, "s": 62436, "e": 62700, "w": "五", "sp": "Customer"}, {"p": 145, "c": 0.9, "s": 63050, "e": 63361, "w": "稍", "sp": "Agent"}, {"p": 146, "c": 0.9, "s": 63361, "e": 63672, "w": "等", "sp": "Agent"}, {"p": 147, "c": 0.9, "s": 63672, "e": 63983, "w": "幺", "sp": "Agent"}, {"p": 148, "c": 0.9, "s": 63983, "e": 64605, "w": "五九", "sp": "Agent"}, {"p": 149, "c": 0.9, "s": 64605, "e": 65227, "w": "六零", "sp": "Agent"}, {"p": 150, "c": 0.9, "s": 65226, "e": 65850, "w": "多少", "sp": "Agent"}, {"p": 151, "c": 0.9, "s": 66560, "e": 67235, "w": "六零", "sp": "Customer"}, {"p": 152, "c": 0.9, "s": 67235, "e": 67910, "w": "八九", "sp": "Customer"}, {"p": 153, "c": 0.9, "s": 68040, "e": 68825, "w": "六零", "sp": "Agent"}, {"p": 154, "c": 0.9, "s": 68825, "e": 69610, "w": "八九", "sp": "Agent"}, {"p": 155, "c": 0.9, "s": 70010, "e": 70345, "w": "零", "sp": "Customer"}, {"p": 156, "c": 0.9, "s": 70345, "e": 71015, "w": "九零", "sp": "Customer"}, {"p": 157, "c": 0.9, "s": 71015, "e": 71350, "w": "五", "sp": "Customer"}, {"p": 158, "c": 0.9, "s": 71730, "e": 71989, "w": "零", "sp": "Agent"}, {"p": 159, "c": 0.9, "s": 71989, "e": 72507, "w": "九零", "sp": "Agent"}, {"p": 160, "c": 0.9, "s": 72507, "e": 72766, "w": "五", "sp": "Agent"}, {"p": 161, "c": 0.9, "s": 72766, "e": 73026, "w": "好", "sp": "Agent"}, {"p": 162, "c": 0.9, "s": 73026, "e": 73285, "w": "的", "sp": "Agent"}, {"p": 163, "c": 0.9, "s": 73285, "e": 73544, "w": "再", "sp": "Agent"}, {"p": 164, "c": 0.9, "s": 73544, "e": 73803, "w": "跟", "sp": "Agent"}, {"p": 165, "c": 0.9, "s": 73803, "e": 74062, "w": "您", "sp": "Agent"}, {"p": 166, "c": 0.9, "s": 74062, "e": 74580, "w": "核对", "sp": "Agent"}, {"p": 167, "c": 0.9, "s": 74581, "e": 75099, "w": "一下", "sp": "Agent"}, {"p": 168, "c": 0.9, "s": 75099, "e": 75358, "w": "幺", "sp": "Agent"}, {"p": 169, "c": 0.9, "s": 75358, "e": 75877, "w": "五九", "sp": "Agent"}, {"p": 170, "c": 0.9, "s": 75877, "e": 76395, "w": "六零", "sp": "Agent"}, {"p": 171, "c": 0.9, "s": 76395, "e": 76913, "w": "八九", "sp": "Agent"}, {"p": 172, "c": 0.9, "s": 76914, "e": 77432, "w": "九零", "sp": "Agent"}, {"p": 173, "c": 0.9, "s": 77432, "e": 77950, "w": "九零", "sp": "Agent"}, {"p": 174, "c": 0.9, "s": 77950, "e": 78210, "w": "五", "sp": "Agent"}, {"p": 175, "c": 0.9, "s": 78740, "e": 79689, "w": "嗯", "sp": "Customer"}, {"p": 176, "c": 0.9, "s": 79900, "e": 80204, "w": "对", "sp": "Agent"}, {"p": 177, "c": 0.9, "s": 80204, "e": 80509, "w": "吗", "sp": "Agent"}, {"p": 178, "c": 0.9, "s": 80509, "e": 80814, "w": "好", "sp": "Agent"}, {"p": 179, "c": 0.9, "s": 80814, "e": 81118, "w": "的", "sp": "Agent"}, {"p": 180, "c": 0.9, "s": 81118, "e": 81728, "w": "请问", "sp": "Agent"}, {"p": 181, "c": 0.9, "s": 81728, "e": 82337, "w": "地址", "sp": "Agent"}, {"p": 182, "c": 0.9, "s": 82337, "e": 82642, "w": "在", "sp": "Agent"}, {"p": 183, "c": 0.9, "s": 82642, "e": 83556, "w": "福建省", "sp": "Agent"}, {"p": 184, "c": 0.9, "s": 83556, "e": 84470, "w": "龙岩市", "sp": "Agent"}, {"p": 185, "c": 0.9, "s": 83600, "e": 84590, "w": "福建省", "sp": "Customer"}, {"p": 186, "c": 0.9, "s": 84590, "e": 85579, "w": "龙岩市", "sp": "Customer"}, {"p": 187, "c": 0.9, "s": 85580, "e": 86240, "w": "新罗", "sp": "Customer"}, {"p": 188, "c": 0.9, "s": 85870, "e": 86880, "w": "嗯", "sp": "Agent"}, {"p": 189, "c": 0.9, "s": 86240, "e": 86570, "w": "区", "sp": "Customer"}, {"p": 190, "c": 0.9, "s": 87260, "e": 88012, "w": "金额", "sp": "Agent"}, {"p": 191, "c": 0.9, "s": 88012, "e": 88764, "w": "七号", "sp": "Agent"}, {"p": 192, "c": 0.9, "s": 88764, "e": 89140, "w": "的", "sp": "Agent"}, {"p": 193, "c": 0.9, "s": 90610, "e": 90942, "w": "嗯", "sp": "Agent"}, {"p": 194, "c": 0.9, "s": 90710, "e": 91790, "w": "嗯", "sp": "Customer"}, {"p": 195, "c": 0.9, "s": 90942, "e": 91606, "w": "详细", "sp": "Agent"}, {"p": 196, "c": 0.9, "s": 91606, "e": 92270, "w": "地址", "sp": "Agent"}, {"p": 197, "c": 0.9, "s": 92070, "e": 92458, "w": "呃", "sp": "Customer"}, {"p": 198, "c": 0.9, "s": 92458, "e": 93234, "w": "龙岩", "sp": "Customer"}, {"p": 199, "c": 0.9, "s": 93234, "e": 94010, "w": "大道", "sp": "Customer"}, {"p": 200, "c": 0.9, "s": 94920, "e": 95306, "w": "稍", "sp": "Agent"}, {"p": 201, "c": 0.9, "s": 95306, "e": 95693, "w": "等", "sp": "Agent"}, {"p": 202, "c": 0.9, "s": 95693, "e": 96466, "w": "龙岩", "sp": "Agent"}, {"p": 203, "c": 0.9, "s": 96466, "e": 97240, "w": "大道", "sp": "Agent"}, {"p": 204, "c": 0.9, "s": 97960, "e": 98472, "w": "嗯", "sp": "Customer"}, {"p": 205, "c": 0.9, "s": 98472, "e": 99496, "w": "龙桥", "sp": "Customer"}, {"p": 206, "c": 0.9, "s": 99460, "e": 100370, "w": "嗯", "sp": "Agent"}, {"p": 207, "c": 0.9, "s": 99496, "e": 100008, "w": "岳", "sp": "Customer"}, {"p": 208, "c": 0.9, "s": 100008, "e": 100520, "w": "府", "sp": "Customer"}, {"p": 209, "c": 0.9, "s": 101160, "e": 101568, "w": "荣", "sp": "Agent"}, {"p": 210, "c": 0.9, "s": 101568, "e": 101977, "w": "是", "sp": "Agent"}, {"p": 211, "c": 0.9, "s": 101977, "e": 102794, "w": "光荣", "sp": "Agent"}, {"p": 212, "c": 0.9, "s": 102794, "e": 103201, "w": "的", "sp": "Agent"}, {"p": 213, "c": 0.9, "s": 103180, "e": 103524, "w": "龙", "sp": "Customer"}, {"p": 214, "c": 0.9, "s": 103202, "e": 103611, "w": "荣", "sp": "Agent"}, {"p": 215, "c": 0.9, "s": 103524, "e": 104212, "w": "龙哥", "sp": "Customer"}, {"p": 216, "c": 0.9, "s": 103611, "e": 104020, "w": "吗", "sp": "Agent"}, {"p": 217, "c": 0.9, "s": 104212, "e": 104556, "w": "的", "sp": "Customer"}, {"p": 218, "c": 0.9, "s": 104556, "e": 104900, "w": "龙", "sp": "Customer"}, {"p": 219, "c": 0.9, "s": 105270, "e": 105930, "w": "华侨", "sp": "Customer"}, {"p": 220, "c": 0.9, "s": 105360, "e": 106038, "w": "融合", "sp": "Agent"}, {"p": 221, "c": 0.9, "s": 105930, "e": 106260, "w": "的", "sp": "Customer"}, {"p": 222, "c": 0.9, "s": 106038, "e": 106378, "w": "的", "sp": "Agent"}, {"p": 223, "c": 0.9, "s": 106260, "e": 106590, "w": "侨", "sp": "Customer"}, {"p": 224, "c": 0.9, "s": 106378, "e": 106716, "w": "融", "sp": "Agent"}, {"p": 225, "c": 0.9, "s": 106717, "e": 107057, "w": "好", "sp": "Agent"}, {"p": 226, "c": 0.9, "s": 107057, "e": 107396, "w": "的", "sp": "Agent"}, {"p": 227, "c": 0.9, "s": 107396, "e": 108075, "w": "华侨", "sp": "Agent"}, {"p": 228, "c": 0.9, "s": 107800, "e": 108276, "w": "嗯", "sp": "Customer"}, {"p": 229, "c": 0.9, "s": 108075, "e": 108414, "w": "的", "sp": "Agent"}, {"p": 230, "c": 0.9, "s": 108276, "e": 109230, "w": "企业", "sp": "Customer"}, {"p": 231, "c": 0.9, "s": 108415, "e": 108754, "w": "侨", "sp": "Agent"}, {"p": 232, "c": 0.9, "s": 108754, "e": 109093, "w": "融", "sp": "Agent"}, {"p": 233, "c": 0.9, "s": 109094, "e": 109433, "w": "侨", "sp": "Agent"}, {"p": 234, "c": 0.9, "s": 109230, "e": 109706, "w": "的", "sp": "Customer"}, {"p": 235, "c": 0.9, "s": 109433, "e": 109772, "w": "业", "sp": "Agent"}, {"p": 236, "c": 0.9, "s": 109706, "e": 110183, "w": "业", "sp": "Customer"}, {"p": 237, "c": 0.9, "s": 109773, "e": 110112, "w": "甫", "sp": "Agent"}, {"p": 238, "c": 0.9, "s": 110112, "e": 110791, "w": "职业", "sp": "Agent"}, {"p": 239, "c": 0.9, "s": 110183, "e": 110659, "w": "嗯", "sp": "Customer"}, {"p": 240, "c": 0.9, "s": 110791, "e": 111131, "w": "的", "sp": "Agent"}, {"p": 241, "c": 0.9, "s": 111131, "e": 111469, "w": "业", "sp": "Agent"}, {"p": 242, "c": 0.9, "s": 111470, "e": 111810, "w": "嗯", "sp": "Agent"}, {"p": 243, "c": 0.9, "s": 111510, "e": 112470, "w": "好", "sp": "Customer"}, {"p": 244, "c": 0.9, "s": 112360, "e": 113450, "w": "移动", "sp": "Agent"}, {"p": 245, "c": 0.9, "s": 112950, "e": 113594, "w": "蝴蝶", "sp": "Customer"}, {"p": 246, "c": 0.9, "s": 113595, "e": 113917, "w": "的", "sp": "Customer"}, {"p": 247, "c": 0.9, "s": 113917, "e": 114240, "w": "蝴", "sp": "Customer"}, {"p": 248, "c": 0.9, "s": 114610, "e": 115438, "w": "十一号", "sp": "Customer"}, {"p": 249, "c": 0.9, "s": 115438, "e": 115715, "w": "楼", "sp": "Customer"}, {"p": 250, "c": 0.9, "s": 115715, "e": 115991, "w": "二", "sp": "Customer"}, {"p": 251, "c": 0.9, "s": 115991, "e": 116543, "w": "五零", "sp": "Customer"}, {"p": 252, "c": 0.9, "s": 116500, "e": 117508, "w": "十一号", "sp": "Agent"}, {"p": 253, "c": 0.9, "s": 116543, "e": 116820, "w": "幺", "sp": "Customer"}, {"p": 254, "c": 0.9, "s": 117508, "e": 117845, "w": "楼", "sp": "Agent"}, {"p": 255, "c": 0.9, "s": 117845, "e": 118181, "w": "二", "sp": "Agent"}, {"p": 256, "c": 0.9, "s": 118181, "e": 118853, "w": "五零", "sp": "Agent"}, {"p": 257, "c": 0.9, "s": 118853, "e": 119189, "w": "幺", "sp": "Agent"}, {"p": 258, "c": 0.9, "s": 119780, "e": 120700, "w": "对", "sp": "Customer"}, {"p": 259, "c": 0.9, "s": 119810, "e": 120032, "w": "好", "sp": "Agent"}, {"p": 260, "c": 0.9, "s": 120032, "e": 120254, "w": "的", "sp": "Agent"}, {"p": 261, "c": 0.9, "s": 120254, "e": 120476, "w": "再", "sp": "Agent"}, {"p": 262, "c": 0.9, "s": 120476, "e": 120698, "w": "跟", "sp": "Agent"}, {"p": 263, "c": 0.9, "s": 120698, "e": 120920, "w": "您", "sp": "Agent"}, {"p": 264, "c": 0.9, "s": 120920, "e": 121364, "w": "核对", "sp": "Agent"}, {"p": 265, "c": 0.9, "s": 121364, "e": 121808, "w": "一下", "sp": "Agent"}, {"p": 266, "c": 0.9, "s": 121808, "e": 122030, "w": "在", "sp": "Agent"}, {"p": 267, "c": 0.9, "s": 122030, "e": 122696, "w": "福建省", "sp": "Agent"}, {"p": 268, "c": 0.9, "s": 122696, "e": 123362, "w": "龙岩市", "sp": "Agent"}, {"p": 269, "c": 0.9, "s": 123362, "e": 123806, "w": "新罗", "sp": "Agent"}, {"p": 270, "c": 0.9, "s": 123806, "e": 124028, "w": "区", "sp": "Agent"}, {"p": 271, "c": 0.9, "s": 124028, "e": 124472, "w": "龙岩", "sp": "Agent"}, {"p": 272, "c": 0.9, "s": 124472, "e": 124916, "w": "大道", "sp": "Agent"}, {"p": 273, "c": 0.9, "s": 124916, "e": 125360, "w": "龙桥", "sp": "Agent"}, {"p": 274, "c": 0.9, "s": 125360, "e": 125804, "w": "乐府", "sp": "Agent"}, {"p": 275, "c": 0.9, "s": 125804, "e": 126470, "w": "十一号", "sp": "Agent"}, {"p": 276, "c": 0.9, "s": 126470, "e": 126692, "w": "楼", "sp": "Agent"}, {"p": 277, "c": 0.9, "s": 126692, "e": 126914, "w": "二", "sp": "Agent"}, {"p": 278, "c": 0.9, "s": 126914, "e": 127358, "w": "五零", "sp": "Agent"}, {"p": 279, "c": 0.9, "s": 127358, "e": 127580, "w": "幺", "sp": "Agent"}, {"p": 280, "c": 0.9, "s": 128369, "e": 128638, "w": "对", "sp": "Agent"}, {"p": 281, "c": 0.9, "s": 128639, "e": 128908, "w": "吗", "sp": "Agent"}, {"p": 282, "c": 0.9, "s": 128908, "e": 129177, "w": "好", "sp": "Agent"}, {"p": 283, "c": 0.9, "s": 129177, "e": 129446, "w": "的", "sp": "Agent"}, {"p": 284, "c": 0.9, "s": 129446, "e": 129985, "w": "空调", "sp": "Agent"}, {"p": 285, "c": 0.9, "s": 129940, "e": 130960, "w": "对", "sp": "Customer"}, {"p": 286, "c": 0.9, "s": 129985, "e": 130254, "w": "的", "sp": "Agent"}, {"p": 287, "c": 0.9, "s": 130254, "e": 130793, "w": "型号", "sp": "Agent"}, {"p": 288, "c": 0.9, "s": 130793, "e": 131062, "w": "您", "sp": "Agent"}, {"p": 289, "c": 0.9, "s": 131062, "e": 131599, "w": "记得", "sp": "Agent"}, {"p": 290, "c": 0.9, "s": 131600, "e": 131870, "w": "吗", "sp": "Agent"}, {"p": 291, "c": 0.9, "s": 132160, "e": 132760, "w": "现在", "sp": "Customer"}, {"p": 292, "c": 0.9, "s": 132760, "e": 133060, "w": "装", "sp": "Customer"}, {"p": 293, "c": 0.9, "s": 133060, "e": 133660, "w": "空调", "sp": "Customer"}, {"p": 294, "c": 0.9, "s": 134410, "e": 134881, "w": "几个", "sp": "Agent"}, {"p": 295, "c": 0.9, "s": 134881, "e": 135351, "w": "几个", "sp": "Agent"}, {"p": 296, "c": 0.9, "s": 135352, "e": 135823, "w": "几个", "sp": "Agent"}, {"p": 297, "c": 0.9, "s": 135823, "e": 136530, "w": "出风口", "sp": "Agent"}, {"p": 298, "c": 0.9, "s": 137130, "e": 137618, "w": "一周", "sp": "Customer"}, {"p": 299, "c": 0.9, "s": 137618, "e": 137862, "w": "一", "sp": "Customer"}, {"p": 300, "c": 0.9, "s": 137862, "e": 138351, "w": "周一", "sp": "Customer"}, {"p": 301, "c": 0.9, "s": 138351, "e": 138840, "w": "周五", "sp": "Customer"}, {"p": 302, "c": 0.9, "s": 139080, "e": 139668, "w": "一千五", "sp": "Agent"}, {"p": 303, "c": 0.9, "s": 139668, "e": 139864, "w": "好", "sp": "Agent"}, {"p": 304, "c": 0.9, "s": 139864, "e": 140060, "w": "的", "sp": "Agent"}, {"p": 305, "c": 0.9, "s": 140060, "e": 140453, "w": "什么", "sp": "Agent"}, {"p": 306, "c": 0.9, "s": 140453, "e": 140845, "w": "时候", "sp": "Agent"}, {"p": 307, "c": 0.9, "s": 140845, "e": 141237, "w": "购买", "sp": "Agent"}, {"p": 308, "c": 0.9, "s": 141237, "e": 141433, "w": "的", "sp": "Agent"}, {"p": 309, "c": 0.9, "s": 141433, "e": 141630, "w": "呢", "sp": "Agent"}, {"p": 310, "c": 0.9, "s": 142260, "e": 142515, "w": "呃", "sp": "Customer"}, {"p": 311, "c": 0.9, "s": 142516, "e": 143028, "w": "去年", "sp": "Customer"}, {"p": 312, "c": 0.9, "s": 143028, "e": 143285, "w": "才", "sp": "Customer"}, {"p": 313, "c": 0.9, "s": 143285, "e": 143541, "w": "做", "sp": "Customer"}, {"p": 314, "c": 0.9, "s": 143541, "e": 143797, "w": "的", "sp": "Customer"}, {"p": 315, "c": 0.9, "s": 143797, "e": 144053, "w": "是", "sp": "Customer"}, {"p": 316, "c": 0.9, "s": 144053, "e": 144310, "w": "吧", "sp": "Customer"}, {"p": 317, "c": 0.9, "s": 145130, "e": 145314, "w": "嗯", "sp": "Agent"}, {"p": 318, "c": 0.9, "s": 145314, "e": 145498, "w": "稍", "sp": "Agent"}, {"p": 319, "c": 0.9, "s": 145498, "e": 145682, "w": "等", "sp": "Agent"}, {"p": 320, "c": 0.9, "s": 145682, "e": 146050, "w": "一下", "sp": "Agent"}, {"p": 321, "c": 0.9, "s": 146050, "e": 146418, "w": "去年", "sp": "Agent"}, {"p": 322, "c": 0.9, "s": 146418, "e": 146603, "w": "那", "sp": "Agent"}, {"p": 323, "c": 0.9, "s": 146603, "e": 146787, "w": "您", "sp": "Agent"}, {"p": 324, "c": 0.9, "s": 146787, "e": 146971, "w": "让", "sp": "Agent"}, {"p": 325, "c": 0.9, "s": 146971, "e": 147338, "w": "用户", "sp": "Agent"}, {"p": 326, "c": 0.9, "s": 147339, "e": 147523, "w": "找", "sp": "Agent"}, {"p": 327, "c": 0.9, "s": 147523, "e": 147890, "w": "一下", "sp": "Agent"}, {"p": 328, "c": 0.9, "s": 147891, "e": 148260, "w": "发票", "sp": "Agent"}, {"p": 329, "c": 0.9, "s": 148260, "e": 148627, "w": "或者", "sp": "Agent"}, {"p": 330, "c": 0.9, "s": 148628, "e": 148996, "w": "合同", "sp": "Agent"}, {"p": 331, "c": 0.9, "s": 148996, "e": 149180, "w": "给", "sp": "Agent"}, {"p": 332, "c": 0.9, "s": 149180, "e": 149549, "w": "师傅", "sp": "Agent"}, {"p": 333, "c": 0.9, "s": 149549, "e": 149733, "w": "看", "sp": "Agent"}, {"p": 334, "c": 0.9, "s": 149733, "e": 150101, "w": "一下", "sp": "Agent"}, {"p": 335, "c": 0.9, "s": 150101, "e": 150469, "w": "请问", "sp": "Agent"}, {"p": 336, "c": 0.9, "s": 150469, "e": 150653, "w": "是", "sp": "Agent"}, {"p": 337, "c": 0.9, "s": 150653, "e": 151022, "w": "外资", "sp": "Agent"}, {"p": 338, "c": 0.9, "s": 151022, "e": 151206, "w": "有", "sp": "Agent"}, {"p": 339, "c": 0.9, "s": 151090, "e": 152110, "w": "嗯", "sp": "Customer"}, {"p": 340, "c": 0.9, "s": 151206, "e": 151390, "w": "放", "sp": "Agent"}, {"p": 341, "c": 0.9, "s": 151390, "e": 151758, "w": "外资", "sp": "Agent"}, {"p": 342, "c": 0.9, "s": 151758, "e": 151942, "w": "的", "sp": "Agent"}, {"p": 343, "c": 0.9, "s": 151942, "e": 152311, "w": "平台", "sp": "Agent"}, {"p": 344, "c": 0.9, "s": 152311, "e": 152495, "w": "吗", "sp": "Agent"}, {"p": 345, "c": 0.9, "s": 152495, "e": 152862, "w": "还是", "sp": "Agent"}, {"p": 346, "c": 0.9, "s": 152863, "e": 153047, "w": "在", "sp": "Agent"}, {"p": 347, "c": 0.9, "s": 153047, "e": 153231, "w": "船", "sp": "Agent"}, {"p": 348, "c": 0.9, "s": 153150, "e": 153680, "w": "没有", "sp": "Customer"}, {"p": 349, "c": 0.9, "s": 153231, "e": 153600, "w": "上面", "sp": "Agent"}, {"p": 350, "c": 0.9, "s": 153680, "e": 153944, "w": "有", "sp": "Customer"}, {"p": 351, "c": 0.9, "s": 153945, "e": 154475, "w": "设置", "sp": "Customer"}, {"p": 352, "c": 0.9, "s": 154475, "e": 155005, "w": "平台", "sp": "Customer"}, {"p": 353, "c": 0.9, "s": 155005, "e": 155270, "w": "啊", "sp": "Customer"}, {"p": 354, "c": 0.9, "s": 155070, "e": 155273, "w": "平", "sp": "Agent"}, {"p": 355, "c": 0.9, "s": 155273, "e": 155680, "w": "台上", "sp": "Agent"}, {"p": 356, "c": 0.9, "s": 155680, "e": 155883, "w": "好", "sp": "Agent"}, {"p": 357, "c": 0.9, "s": 155884, "e": 156087, "w": "的", "sp": "Agent"}, {"p": 358, "c": 0.9, "s": 156087, "e": 156495, "w": "现在", "sp": "Agent"}, {"p": 359, "c": 0.9, "s": 156495, "e": 156902, "w": "出现", "sp": "Agent"}, {"p": 360, "c": 0.9, "s": 156902, "e": 157308, "w": "什么", "sp": "Agent"}, {"p": 361, "c": 0.9, "s": 157309, "e": 157716, "w": "问题", "sp": "Agent"}, {"p": 362, "c": 0.9, "s": 157716, "e": 157920, "w": "了", "sp": "Agent"}, {"p": 363, "c": 0.9, "s": 158070, "e": 158572, "w": "累计", "sp": "Customer"}, {"p": 364, "c": 0.9, "s": 158572, "e": 158823, "w": "被", "sp": "Customer"}, {"p": 365, "c": 0.9, "s": 158823, "e": 159326, "w": "累计", "sp": "Customer"}, {"p": 366, "c": 0.9, "s": 159326, "e": 159577, "w": "有", "sp": "Customer"}, {"p": 367, "c": 0.9, "s": 159577, "e": 160080, "w": "声音", "sp": "Customer"}, {"p": 368, "c": 0.9, "s": 160170, "e": 160367, "w": "内", "sp": "Agent"}, {"p": 369, "c": 0.9, "s": 160367, "e": 160565, "w": "机", "sp": "Agent"}, {"p": 370, "c": 0.9, "s": 160565, "e": 160960, "w": "噪音", "sp": "Agent"}, {"p": 371, "c": 0.9, "s": 160960, "e": 161158, "w": "好", "sp": "Agent"}, {"p": 372, "c": 0.9, "s": 161158, "e": 161356, "w": "的", "sp": "Agent"}, {"p": 373, "c": 0.9, "s": 161356, "e": 161751, "w": "最快", "sp": "Agent"}, {"p": 374, "c": 0.9, "s": 161751, "e": 162146, "w": "可以", "sp": "Agent"}, {"p": 375, "c": 0.9, "s": 162146, "e": 162344, "w": "约", "sp": "Agent"}, {"p": 376, "c": 0.9, "s": 162344, "e": 162542, "w": "到", "sp": "Agent"}, {"p": 377, "c": 0.9, "s": 162542, "e": 162937, "w": "明天", "sp": "Agent"}, {"p": 378, "c": 0.9, "s": 162937, "e": 163135, "w": "的", "sp": "Agent"}, {"p": 379, "c": 0.9, "s": 163135, "e": 163530, "w": "明天", "sp": "Agent"}, {"p": 380, "c": 0.9, "s": 163530, "e": 163728, "w": "您", "sp": "Agent"}, {"p": 381, "c": 0.9, "s": 163728, "e": 164123, "w": "方便", "sp": "Agent"}, {"p": 382, "c": 0.9, "s": 164123, "e": 164321, "w": "吗", "sp": "Agent"}, {"p": 383, "c": 0.9, "s": 164321, "e": 164914, "w": "有没有", "sp": "Agent"}, {"p": 384, "c": 0.9, "s": 164914, "e": 165310, "w": "时间", "sp": "Agent"}, {"p": 385, "c": 0.9, "s": 165920, "e": 166340, "w": "可以", "sp": "Customer"}, {"p": 386, "c": 0.9, "s": 166340, "e": 166760, "w": "可以", "sp": "Customer"}, {"p": 387, "c": 0.9, "s": 166760, "e": 167180, "w": "可以", "sp": "Customer"}, {"p": 388, "c": 0.9, "s": 167180, "e": 167599, "w": "可以", "sp": "Customer"}, {"p": 389, "c": 0.9, "s": 167350, "e": 167591, "w": "好", "sp": "Agent"}, {"p": 390, "c": 0.9, "s": 167591, "e": 167832, "w": "的", "sp": "Agent"}, {"p": 391, "c": 0.9, "s": 167600, "e": 168020, "w": "可以", "sp": "Customer"}, {"p": 392, "c": 0.9, "s": 167832, "e": 168314, "w": "由于", "sp": "Agent"}, {"p": 393, "c": 0.9, "s": 168020, "e": 168230, "w": "嗯", "sp": "Customer"}, {"p": 394, "c": 0.9, "s": 168314, "e": 168795, "w": "疫情", "sp": "Agent"}, {"p": 395, "c": 0.9, "s": 168796, "e": 169278, "w": "防控", "sp": "Agent"}, {"p": 396, "c": 0.9, "s": 169278, "e": 169760, "w": "现在", "sp": "Agent"}, {"p": 397, "c": 0.9, "s": 169760, "e": 170241, "w": "小区", "sp": "Agent"}, {"p": 398, "c": 0.9, "s": 170242, "e": 170724, "w": "可以", "sp": "Agent"}, {"p": 399, "c": 0.9, "s": 170724, "e": 170965, "w": "让", "sp": "Agent"}, {"p": 400, "c": 0.9, "s": 170965, "e": 171446, "w": "师傅", "sp": "Agent"}, {"p": 401, "c": 0.9, "s": 171447, "e": 171929, "w": "进去", "sp": "Agent"}, {"p": 402, "c": 0.9, "s": 171929, "e": 172170, "w": "吗", "sp": "Agent"}, {"p": 403, "c": 0.9, "s": 172640, "e": 173250, "w": "可以", "sp": "Customer"}, {"p": 404, "c": 0.9, "s": 173250, "e": 173860, "w": "可以", "sp": "Customer"}, {"p": 405, "c": 0.9, "s": 173700, "e": 173882, "w": "可", "sp": "Agent"}, {"p": 406, "c": 0.9, "s": 173882, "e": 174248, "w": "以是", "sp": "Agent"}, {"p": 407, "c": 0.9, "s": 174248, "e": 174430, "w": "吗", "sp": "Agent"}, {"p": 408, "c": 0.9, "s": 174430, "e": 174612, "w": "好", "sp": "Agent"}, {"p": 409, "c": 0.9, "s": 174613, "e": 174796, "w": "的", "sp": "Agent"}, {"p": 410, "c": 0.9, "s": 174796, "e": 175161, "w": "那边", "sp": "Agent"}, {"p": 411, "c": 0.9, "s": 175161, "e": 175526, "w": "稍后", "sp": "Agent"}, {"p": 412, "c": 0.9, "s": 175526, "e": 175709, "w": "有", "sp": "Agent"}, {"p": 413, "c": 0.9, "s": 175709, "e": 176074, "w": "开通", "sp": "Agent"}, {"p": 414, "c": 0.9, "s": 176074, "e": 176257, "w": "微", "sp": "Agent"}, {"p": 415, "c": 0.9, "s": 176257, "e": 176440, "w": "信", "sp": "Agent"}, {"p": 416, "c": 0.9, "s": 176440, "e": 176805, "w": "公众", "sp": "Agent"}, {"p": 417, "c": 0.9, "s": 176805, "e": 176987, "w": "号", "sp": "Agent"}, {"p": 418, "c": 0.9, "s": 176988, "e": 177536, "w": "欢迎您", "sp": "Agent"}, {"p": 419, "c": 0.9, "s": 177536, "e": 177901, "w": "关注", "sp": "Agent"}, {"p": 420, "c": 0.9, "s": 177901, "e": 178267, "w": "麻烦", "sp": "Agent"}, {"p": 421, "c": 0.9, "s": 178267, "e": 178632, "w": "稍后", "sp": "Agent"}, {"p": 422, "c": 0.9, "s": 178632, "e": 178815, "w": "对", "sp": "Agent"}, {"p": 423, "c": 0.9, "s": 178815, "e": 179180, "w": "本次", "sp": "Agent"}, {"p": 424, "c": 0.9, "s": 179180, "e": 179545, "w": "通话", "sp": "Agent"}, {"p": 425, "c": 0.9, "s": 179545, "e": 179911, "w": "进行", "sp": "Agent"}, {"p": 426, "c": 0.9, "s": 179911, "e": 180276, "w": "一个", "sp": "Agent"}, {"p": 427, "c": 0.9, "s": 180276, "e": 180641, "w": "评价", "sp": "Agent"}, {"p": 428, "c": 0.9, "s": 180641, "e": 181007, "w": "可以", "sp": "Agent"}, {"p": 429, "c": 0.9, "s": 181007, "e": 181190, "w": "吗", "sp": "Agent"}, {"p": 430, "c": 0.9, "s": 181350, "e": 182026, "w": "可以", "sp": "Customer"}, {"p": 431, "c": 0.9, "s": 182026, "e": 182702, "w": "可以", "sp": "Customer"}, {"p": 432, "c": 0.9, "s": 182440, "e": 182673, "w": "好", "sp": "Agent"}, {"p": 433, "c": 0.9, "s": 182673, "e": 182907, "w": "的", "sp": "Agent"}, {"p": 434, "c": 0.9, "s": 182702, "e": 183040, "w": "嗯", "sp": "Customer"}, {"p": 435, "c": 0.9, "s": 182907, "e": 183841, "w": "非常感谢", "sp": "Agent"}, {"p": 436, "c": 0.9, "s": 183841, "e": 184308, "w": "祝您", "sp": "Agent"}, {"p": 437, "c": 0.9, "s": 184308, "e": 184775, "w": "生活", "sp": "Agent"}, {"p": 438, "c": 0.9, "s": 184640, "e": 185145, "w": "嗯", "sp": "Customer"}, {"p": 439, "c": 0.9, "s": 184775, "e": 185241, "w": "愉快", "sp": "Agent"}, {"p": 440, "c": 0.9, "s": 185145, "e": 185650, "w": "好", "sp": "Customer"}, {"p": 441, "c": 0.9, "s": 185242, "e": 185710, "w": "再见", "sp": "Agent"}, {"p": 442, "c": 0.9, "s": 185650, "e": 186155, "w": "嗯", "sp": "Customer"}, {"p": 443, "c": 0.9, "s": 186155, "e": 186660, "w": "嗯", "sp": "Customer"}, {"p": 444, "c": 0.9, "s": 189060, "e": 189840, "w": "感谢您", "sp": "Agent"}, {"p": 445, "c": 0.9, "s": 189840, "e": 190099, "w": "的", "sp": "Agent"}, {"p": 446, "c": 0.9, "s": 190100, "e": 190360, "w": "来", "sp": "Agent"}]}, "plainText": "六零 二 一号 为您服务 晚 上好 大街 售后 很 高兴 为您服务 请问 有 什么 可以 帮\n不是\n您\n很 早\n嗯 好 的 您 是 帮 用户 代 报 的 还是 自己 家\n对\n的 分享\n对 对 对 对 用 得到\n代 报\n嗯\n好 的 请问 到时候 联系 您 还是 联系 用户\n嗯 联系 用户 吧\n好 的 请问 用户 贵姓 怎么 称呼\n呃 姓 李\n李 木子李\n林 先生 算 算\n你\n算 就是\n是\n先 联系\n吗\n我 嘛 你\n好\n叫\n的\n赵\n您\n伟\n贵姓\n这边 联系\n怎么\n我\n称呼\n吧 因为\n您\n他 呃 姓 陈 这个 还 没 交交 给 用户 所以 你 不要 不要\n好\n留\n的\n用户\n陈\n的\n先生\n电话 吗\n请问\n嗯\n联系 您 的 手机号 是 多少\n呃 幺 五九\n幺 五九\n啊 对\n幺 五九 六零\n八 九零 九零 五\n稍 等 幺 五九 六零 多少\n六零 八九\n六零 八九\n零 九零 五\n零 九零 五 好 的 再 跟 您 核对 一下 幺 五九 六零 八九 九零 九零 五\n嗯\n对 吗 好 的 请问 地址 在 福建省 龙岩市\n福建省 龙岩市 新罗\n嗯\n区\n金额 七号 的 嗯\n嗯\n详细 地址\n呃 龙岩 大道\n稍 等 龙岩 大道\n嗯 龙桥\n嗯\n岳 府\n荣 是 光荣 的\n龙\n荣\n龙哥\n吗\n的 龙 华侨\n融合\n的\n的\n侨\n融 好 的 华侨\n嗯\n的\n企业\n侨 融 侨\n的\n业\n业\n甫 职业\n嗯\n的 业 嗯\n好\n移动\n蝴蝶 的 蝴 十一号 楼 二 五零\n十一号\n幺\n楼 二 五零 幺\n对\n好 的 再 跟 您 核对 一下 在 福建省 龙岩市 新罗 区 龙岩 大道 龙桥 乐府 十一号 楼 二 五零 幺 对 吗 好 的 空调\n对\n的 型号 您 记得 吗\n现在 装 空调\n几个 几个 几个 出风口\n一周 一 周一 周五\n一千五 好 的 什么 时候 购买 的 呢\n呃 去年 才 做 的 是 吧\n嗯 稍 等 一下 去年 那 您 让 用户 找 一下 发票 或者 合同 给 师傅 看 一下 请问 是 外资 有\n嗯\n放 外资 的 平台 吗 还是 在 船\n没有\n上面\n有 设置 平台 啊\n平 台上 好 的 现在 出现 什么 问题 了\n累计 被 累计 有 声音\n内 机 噪音 好 的 最快 可以 约 到 明天 的 明天 您 方便 吗 有没有 时间\n可以 可以 可以 可以\n好 的\n可以\n由于\n嗯\n疫情 防控 现在 小区 可以 让 师傅 进去 吗\n可以 可以\n可 以是 吗 好 的 那边 稍后 有 开通 微 信 公众 号 欢迎您 关注 麻烦 稍后 对 本次 通话 进行 一个 评价 可以 吗\n可以 可以\n好 的\n嗯\n非常感谢 祝您 生活\n嗯\n愉快\n好\n再见\n嗯 嗯\n感谢您 的 来", "plainTextTime": {"verbatims": [{"s": 3620, "e": 12889, "w": "六零 二 一号 为您服务 晚 上好 大街 售后 很 高兴 为您服务 请问 有 什么 可以 帮", "sp": "Agent"}, {"s": 12860, "e": 13460, "w": "不是", "sp": "Customer"}, {"s": 12890, "e": 13050, "w": "您", "sp": "Agent"}, {"s": 13460, "e": 14060, "w": "很 早", "sp": "Customer"}, {"s": 14840, "e": 17896, "w": "嗯 好 的 您 是 帮 用户 代 报 的 还是 自己 家", "sp": "Agent"}, {"s": 17860, "e": 18100, "w": "对", "sp": "Customer"}, {"s": 17896, "e": 18470, "w": "的 分享", "sp": "Agent"}, {"s": 18100, "e": 19779, "w": "对 对 对 对 用 得到", "sp": "Customer"}, {"s": 19410, "e": 19841, "w": "代 报", "sp": "Agent"}, {"s": 19780, "e": 20020, "w": "嗯", "sp": "Customer"}, {"s": 19841, "e": 23289, "w": "好 的 请问 到时候 联系 您 还是 联系 用户", "sp": "Agent"}, {"s": 23320, "e": 24890, "w": "嗯 联系 用户 吧", "sp": "Customer"}, {"s": 24950, "e": 27520, "w": "好 的 请问 用户 贵姓 怎么 称呼", "sp": "Agent"}, {"s": 28970, "e": 31260, "w": "呃 姓 李", "sp": "Customer"}, {"s": 32210, "e": 34150, "w": "李 木子李", "sp": "Agent"}, {"s": 34850, "e": 36822, "w": "林 先生 算 算", "sp": "Customer"}, {"s": 36620, "e": 37160, "w": "你", "sp": "Agent"}, {"s": 36822, "e": 37440, "w": "算 就是", "sp": "Customer"}, {"s": 37160, "e": 37700, "w": "是", "sp": "Agent"}, {"s": 37440, "e": 38058, "w": "先 联系", "sp": "Customer"}, {"s": 37700, "e": 38240, "w": "吗", "sp": "Agent"}, {"s": 38058, "e": 39112, "w": "我 嘛 你", "sp": "Customer"}, {"s": 38960, "e": 39197, "w": "好", "sp": "Agent"}, {"s": 39112, "e": 39304, "w": "叫", "sp": "Customer"}, {"s": 39197, "e": 39434, "w": "的", "sp": "Agent"}, {"s": 39304, "e": 39496, "w": "赵", "sp": "Customer"}, {"s": 39434, "e": 39670, "w": "您", "sp": "Agent"}, {"s": 39496, "e": 39689, "w": "伟", "sp": "Customer"}, {"s": 39671, "e": 40145, "w": "贵姓", "sp": "Agent"}, {"s": 39689, "e": 40458, "w": "这边 联系", "sp": "Customer"}, {"s": 40145, "e": 40619, "w": "怎么", "sp": "Agent"}, {"s": 40458, "e": 40650, "w": "我", "sp": "Customer"}, {"s": 40619, "e": 41093, "w": "称呼", "sp": "Agent"}, {"s": 40650, "e": 41226, "w": "吧 因为", "sp": "Customer"}, {"s": 41093, "e": 41329, "w": "您", "sp": "Agent"}, {"s": 41227, "e": 46362, "w": "他 呃 姓 陈 这个 还 没 交交 给 用户 所以 你 不要 不要", "sp": "Customer"}, {"s": 46120, "e": 46426, "w": "好", "sp": "Agent"}, {"s": 46362, "e": 46586, "w": "留", "sp": "Customer"}, {"s": 46426, "e": 46732, "w": "的", "sp": "Agent"}, {"s": 46587, "e": 47038, "w": "用户", "sp": "Customer"}, {"s": 46732, "e": 47038, "w": "陈", "sp": "Agent"}, {"s": 47038, "e": 47262, "w": "的", "sp": "Customer"}, {"s": 47038, "e": 47649, "w": "先生", "sp": "Agent"}, {"s": 47263, "e": 47940, "w": "电话 吗", "sp": "Customer"}, {"s": 48150, "e": 48623, "w": "请问", "sp": "Agent"}, {"s": 48400, "e": 49340, "w": "嗯", "sp": "Customer"}, {"s": 48623, "e": 50989, "w": "联系 您 的 手机号 是 多少", "sp": "Agent"}, {"s": 51880, "e": 53340, "w": "呃 幺 五九", "sp": "Customer"}, {"s": 54070, "e": 55390, "w": "幺 五九", "sp": "Agent"}, {"s": 56700, "e": 57789, "w": "啊 对", "sp": "Customer"}, {"s": 58550, "e": 60540, "w": "幺 五九 六零", "sp": "Agent"}, {"s": 61120, "e": 62700, "w": "八 九零 九零 五", "sp": "Customer"}, {"s": 63050, "e": 65850, "w": "稍 等 幺 五九 六零 多少", "sp": "Agent"}, {"s": 66560, "e": 67910, "w": "六零 八九", "sp": "Customer"}, {"s": 68040, "e": 69610, "w": "六零 八九", "sp": "Agent"}, {"s": 70010, "e": 71350, "w": "零 九零 五", "sp": "Customer"}, {"s": 71730, "e": 78210, "w": "零 九零 五 好 的 再 跟 您 核对 一下 幺 五九 六零 八九 九零 九零 五", "sp": "Agent"}, {"s": 78740, "e": 79689, "w": "嗯", "sp": "Customer"}, {"s": 79900, "e": 84470, "w": "对 吗 好 的 请问 地址 在 福建省 龙岩市", "sp": "Agent"}, {"s": 83600, "e": 86240, "w": "福建省 龙岩市 新罗", "sp": "Customer"}, {"s": 85870, "e": 86880, "w": "嗯", "sp": "Agent"}, {"s": 86240, "e": 86570, "w": "区", "sp": "Customer"}, {"s": 87260, "e": 90942, "w": "金额 七号 的 嗯", "sp": "Agent"}, {"s": 90710, "e": 91790, "w": "嗯", "sp": "Customer"}, {"s": 90942, "e": 92270, "w": "详细 地址", "sp": "Agent"}, {"s": 92070, "e": 94010, "w": "呃 龙岩 大道", "sp": "Customer"}, {"s": 94920, "e": 97240, "w": "稍 等 龙岩 大道", "sp": "Agent"}, {"s": 97960, "e": 99496, "w": "嗯 龙桥", "sp": "Customer"}, {"s": 99460, "e": 100370, "w": "嗯", "sp": "Agent"}, {"s": 99496, "e": 100520, "w": "岳 府", "sp": "Customer"}, {"s": 101160, "e": 103201, "w": "荣 是 光荣 的", "sp": "Agent"}, {"s": 103180, "e": 103524, "w": "龙", "sp": "Customer"}, {"s": 103202, "e": 103611, "w": "荣", "sp": "Agent"}, {"s": 103524, "e": 104212, "w": "龙哥", "sp": "Customer"}, {"s": 103611, "e": 104020, "w": "吗", "sp": "Agent"}, {"s": 104212, "e": 105930, "w": "的 龙 华侨", "sp": "Customer"}, {"s": 105360, "e": 106038, "w": "融合", "sp": "Agent"}, {"s": 105930, "e": 106260, "w": "的", "sp": "Customer"}, {"s": 106038, "e": 106378, "w": "的", "sp": "Agent"}, {"s": 106260, "e": 106590, "w": "侨", "sp": "Customer"}, {"s": 106378, "e": 108075, "w": "融 好 的 华侨", "sp": "Agent"}, {"s": 107800, "e": 108276, "w": "嗯", "sp": "Customer"}, {"s": 108075, "e": 108414, "w": "的", "sp": "Agent"}, {"s": 108276, "e": 109230, "w": "企业", "sp": "Customer"}, {"s": 108415, "e": 109433, "w": "侨 融 侨", "sp": "Agent"}, {"s": 109230, "e": 109706, "w": "的", "sp": "Customer"}, {"s": 109433, "e": 109772, "w": "业", "sp": "Agent"}, {"s": 109706, "e": 110183, "w": "业", "sp": "Customer"}, {"s": 109773, "e": 110791, "w": "甫 职业", "sp": "Agent"}, {"s": 110183, "e": 110659, "w": "嗯", "sp": "Customer"}, {"s": 110791, "e": 111810, "w": "的 业 嗯", "sp": "Agent"}, {"s": 111510, "e": 112470, "w": "好", "sp": "Customer"}, {"s": 112360, "e": 113450, "w": "移动", "sp": "Agent"}, {"s": 112950, "e": 116543, "w": "蝴蝶 的 蝴 十一号 楼 二 五零", "sp": "Customer"}, {"s": 116500, "e": 117508, "w": "十一号", "sp": "Agent"}, {"s": 116543, "e": 116820, "w": "幺", "sp": "Customer"}, {"s": 117508, "e": 119189, "w": "楼 二 五零 幺", "sp": "Agent"}, {"s": 119780, "e": 120700, "w": "对", "sp": "Customer"}, {"s": 119810, "e": 129985, "w": "好 的 再 跟 您 核对 一下 在 福建省 龙岩市 新罗 区 龙岩 大道 龙桥 乐府 十一号 楼 二 五零 幺 对 吗 好 的 空调", "sp": "Agent"}, {"s": 129940, "e": 130960, "w": "对", "sp": "Customer"}, {"s": 129985, "e": 131870, "w": "的 型号 您 记得 吗", "sp": "Agent"}, {"s": 132160, "e": 133660, "w": "现在 装 空调", "sp": "Customer"}, {"s": 134410, "e": 136530, "w": "几个 几个 几个 出风口", "sp": "Agent"}, {"s": 137130, "e": 138840, "w": "一周 一 周一 周五", "sp": "Customer"}, {"s": 139080, "e": 141630, "w": "一千五 好 的 什么 时候 购买 的 呢", "sp": "Agent"}, {"s": 142260, "e": 144310, "w": "呃 去年 才 做 的 是 吧", "sp": "Customer"}, {"s": 145130, "e": 151206, "w": "嗯 稍 等 一下 去年 那 您 让 用户 找 一下 发票 或者 合同 给 师傅 看 一下 请问 是 外资 有", "sp": "Agent"}, {"s": 151090, "e": 152110, "w": "嗯", "sp": "Customer"}, {"s": 151206, "e": 153231, "w": "放 外资 的 平台 吗 还是 在 船", "sp": "Agent"}, {"s": 153150, "e": 153680, "w": "没有", "sp": "Customer"}, {"s": 153231, "e": 153600, "w": "上面", "sp": "Agent"}, {"s": 153680, "e": 155270, "w": "有 设置 平台 啊", "sp": "Customer"}, {"s": 155070, "e": 157920, "w": "平 台上 好 的 现在 出现 什么 问题 了", "sp": "Agent"}, {"s": 158070, "e": 160080, "w": "累计 被 累计 有 声音", "sp": "Customer"}, {"s": 160170, "e": 165310, "w": "内 机 噪音 好 的 最快 可以 约 到 明天 的 明天 您 方便 吗 有没有 时间", "sp": "Agent"}, {"s": 165920, "e": 167599, "w": "可以 可以 可以 可以", "sp": "Customer"}, {"s": 167350, "e": 167832, "w": "好 的", "sp": "Agent"}, {"s": 167600, "e": 168020, "w": "可以", "sp": "Customer"}, {"s": 167832, "e": 168314, "w": "由于", "sp": "Agent"}, {"s": 168020, "e": 168230, "w": "嗯", "sp": "Customer"}, {"s": 168314, "e": 172170, "w": "疫情 防控 现在 小区 可以 让 师傅 进去 吗", "sp": "Agent"}, {"s": 172640, "e": 173860, "w": "可以 可以", "sp": "Customer"}, {"s": 173700, "e": 181190, "w": "可 以是 吗 好 的 那边 稍后 有 开通 微 信 公众 号 欢迎您 关注 麻烦 稍后 对 本次 通话 进行 一个 评价 可以 吗", "sp": "Agent"}, {"s": 181350, "e": 182702, "w": "可以 可以", "sp": "Customer"}, {"s": 182440, "e": 182907, "w": "好 的", "sp": "Agent"}, {"s": 182702, "e": 183040, "w": "嗯", "sp": "Customer"}, {"s": 182907, "e": 184775, "w": "非常感谢 祝您 生活", "sp": "Agent"}, {"s": 184640, "e": 185145, "w": "嗯", "sp": "Customer"}, {"s": 184775, "e": 185241, "w": "愉快", "sp": "Agent"}, {"s": 185145, "e": 185650, "w": "好", "sp": "Customer"}, {"s": 185242, "e": 185710, "w": "再见", "sp": "Agent"}, {"s": 185650, "e": 186660, "w": "嗯 嗯", "sp": "Customer"}, {"s": 189060, "e": 190360, "w": "感谢您 的 来", "sp": "Agent"}]}, "aqm": {"greeting": {"greeting_said": "为您服务, 售后, 高兴, 请问", "n_greeting_said": 4, "score": 1}, "closing": {"closing_said": "祝您, 生活, 愉快, 再见", "n_closing_said": 4, "score": 1}, "speed": {"speed_max": 5.47, "n_words": 41, "words": "可 以是 吗 好 的 那边 稍后 有 开通 微 信 公众 号 欢迎您 关注 麻烦 稍后 对 本次 通话 进行 一个 评价 可以 吗", "start": 173700, "end": 181190}}}