{"mediaId": "2022031317335229978300200000549502", "status": "Success", "dateCreated": "2022-03-21T18:45:50Z", "contentType": "audio/x-wav", "channels": "future use", "length": 258, "metadata": {"Sid": 10178, "Site_id": 783, "Audio_ch_num": 5495, "Audio_module_num": 783002, "Audio_start_time_gmt": "2022-03-13T09:29:33.91+08:00", "Transaction_id": "2022031317335229978300200000549502", "ContactID": "9204480184320000022", "Personal_id": "0", "Direction": 0, "Local_audio_start_time": "2022-03-13T17:29:33.91+08:00", "Local_audio_end_time": "2022-03-13T17:33:51.91+08:00", "Total_hold_time": "0", "Pbx_login_id": "", "Ani": "90102155368221", "Extension": "155368221", "String_extension": "90102155368221", "Switch_call_id": "SIP/AUDIO/2F3E1600-46B5-FF83-65A3-0A1825BD8636", "Switch_id": "783000001", "Duration_seconds": 258, "Wrapup_time_in_seconds": "0", "Dnis": "18522157864", "Number_of_conferences": "0", "Number_of_holds": "0", "Number_of_transfers": "0", "Percent_of_agent_call": "78", "Percent_of_other_call": "79", "Percent_of_mutual_silence": "97", "Num_of_agent_cross": "5", "Num_of_other_cross": "3", "IsException": 0}, "transcript_detailed": {"words": [{"p": 1, "c": 0.9, "s": 3700, "e": 4269, "w": "六零", "sp": "Agent"}, {"p": 2, "c": 0.9, "s": 4269, "e": 4554, "w": "二", "sp": "Agent"}, {"p": 3, "c": 0.9, "s": 4554, "e": 5124, "w": "三号", "sp": "Agent"}, {"p": 4, "c": 0.9, "s": 5124, "e": 6263, "w": "为您服务", "sp": "Agent"}, {"p": 5, "c": 0.9, "s": 6263, "e": 6833, "w": "上午", "sp": "Agent"}, {"p": 6, "c": 0.9, "s": 6833, "e": 7118, "w": "好", "sp": "Agent"}, {"p": 7, "c": 0.9, "s": 7118, "e": 7402, "w": "八", "sp": "Agent"}, {"p": 8, "c": 0.9, "s": 7402, "e": 7972, "w": "零三", "sp": "Agent"}, {"p": 9, "c": 0.9, "s": 7972, "e": 8257, "w": "号", "sp": "Agent"}, {"p": 10, "c": 0.9, "s": 8257, "e": 8542, "w": "很", "sp": "Agent"}, {"p": 11, "c": 0.9, "s": 8542, "e": 9111, "w": "高兴", "sp": "Agent"}, {"p": 12, "c": 0.9, "s": 9111, "e": 10251, "w": "为您服务", "sp": "Agent"}, {"p": 13, "c": 0.9, "s": 10251, "e": 10820, "w": "请问", "sp": "Agent"}, {"p": 14, "c": 0.9, "s": 10820, "e": 11389, "w": "什么", "sp": "Agent"}, {"p": 15, "c": 0.9, "s": 11390, "e": 11960, "w": "可以", "sp": "Agent"}, {"p": 16, "c": 0.9, "s": 11880, "e": 12163, "w": "哎", "sp": "Customer"}, {"p": 17, "c": 0.9, "s": 11960, "e": 12245, "w": "帮", "sp": "Agent"}, {"p": 18, "c": 0.9, "s": 12163, "e": 12730, "w": "你好", "sp": "Customer"}, {"p": 19, "c": 0.9, "s": 12245, "e": 12530, "w": "您", "sp": "Agent"}, {"p": 20, "c": 0.9, "s": 12730, "e": 13297, "w": "那个", "sp": "Customer"}, {"p": 21, "c": 0.9, "s": 13297, "e": 13581, "w": "我", "sp": "Customer"}, {"p": 22, "c": 0.9, "s": 13581, "e": 13864, "w": "有", "sp": "Customer"}, {"p": 23, "c": 0.9, "s": 13864, "e": 14431, "w": "两台", "sp": "Customer"}, {"p": 24, "c": 0.9, "s": 14431, "e": 14998, "w": "大型", "sp": "Customer"}, {"p": 25, "c": 0.9, "s": 14998, "e": 15565, "w": "空调", "sp": "Customer"}, {"p": 26, "c": 0.9, "s": 15565, "e": 16132, "w": "准备", "sp": "Customer"}, {"p": 27, "c": 0.9, "s": 16132, "e": 16700, "w": "拆机", "sp": "Customer"}, {"p": 28, "c": 0.9, "s": 17980, "e": 18486, "w": "拆机", "sp": "Agent"}, {"p": 29, "c": 0.9, "s": 18486, "e": 18992, "w": "的话", "sp": "Agent"}, {"p": 30, "c": 0.9, "s": 18992, "e": 19498, "w": "现在", "sp": "Agent"}, {"p": 31, "c": 0.9, "s": 19498, "e": 19751, "w": "拆", "sp": "Agent"}, {"p": 32, "c": 0.9, "s": 19752, "e": 20258, "w": "后面", "sp": "Agent"}, {"p": 33, "c": 0.9, "s": 20258, "e": 20511, "w": "要", "sp": "Agent"}, {"p": 34, "c": 0.9, "s": 20511, "e": 21017, "w": "提取", "sp": "Agent"}, {"p": 35, "c": 0.9, "s": 21017, "e": 21271, "w": "S", "sp": "Agent"}, {"p": 36, "c": 0.9, "s": 21271, "e": 21524, "w": "P", "sp": "Agent"}, {"p": 37, "c": 0.9, "s": 21524, "e": 21777, "w": "的", "sp": "Agent"}, {"p": 38, "c": 0.9, "s": 21777, "e": 22283, "w": "这个", "sp": "Agent"}, {"p": 39, "c": 0.9, "s": 22283, "e": 22536, "w": "装", "sp": "Agent"}, {"p": 40, "c": 0.9, "s": 22536, "e": 22789, "w": "吗", "sp": "Agent"}, {"p": 41, "c": 0.9, "s": 23680, "e": 23988, "w": "嗯", "sp": "Customer"}, {"p": 42, "c": 0.9, "s": 23988, "e": 24297, "w": "我", "sp": "Customer"}, {"p": 43, "c": 0.9, "s": 24297, "e": 24606, "w": "短", "sp": "Customer"}, {"p": 44, "c": 0.9, "s": 24606, "e": 25223, "w": "时间", "sp": "Customer"}, {"p": 45, "c": 0.9, "s": 25223, "e": 25532, "w": "先", "sp": "Customer"}, {"p": 46, "c": 0.9, "s": 25532, "e": 25841, "w": "不", "sp": "Customer"}, {"p": 47, "c": 0.9, "s": 25841, "e": 26149, "w": "装", "sp": "Customer"}, {"p": 48, "c": 0.9, "s": 26149, "e": 26458, "w": "先", "sp": "Customer"}, {"p": 49, "c": 0.9, "s": 26458, "e": 27075, "w": "放在", "sp": "Customer"}, {"p": 50, "c": 0.9, "s": 27075, "e": 27693, "w": "一个", "sp": "Customer"}, {"p": 51, "c": 0.9, "s": 27693, "e": 28310, "w": "那个", "sp": "Customer"}, {"p": 52, "c": 0.9, "s": 28310, "e": 29236, "w": "空房子", "sp": "Customer"}, {"p": 53, "c": 0.9, "s": 29236, "e": 29545, "w": "里", "sp": "Customer"}, {"p": 54, "c": 0.9, "s": 29545, "e": 30163, "w": "然后", "sp": "Customer"}, {"p": 55, "c": 0.9, "s": 30163, "e": 30471, "w": "呃", "sp": "Customer"}, {"p": 56, "c": 0.9, "s": 30471, "e": 30780, "w": "过", "sp": "Customer"}, {"p": 57, "c": 0.9, "s": 30780, "e": 31397, "w": "一段", "sp": "Customer"}, {"p": 58, "c": 0.9, "s": 31397, "e": 32015, "w": "时间", "sp": "Customer"}, {"p": 59, "c": 0.9, "s": 32015, "e": 32632, "w": "新房", "sp": "Customer"}, {"p": 60, "c": 0.9, "s": 32632, "e": 32941, "w": "装", "sp": "Customer"}, {"p": 61, "c": 0.9, "s": 32941, "e": 33558, "w": "修好", "sp": "Customer"}, {"p": 62, "c": 0.9, "s": 33558, "e": 33866, "w": "再", "sp": "Customer"}, {"p": 63, "c": 0.9, "s": 33867, "e": 34176, "w": "装", "sp": "Customer"}, {"p": 64, "c": 0.9, "s": 34176, "e": 34793, "w": "这样", "sp": "Customer"}, {"p": 65, "c": 0.9, "s": 34793, "e": 35411, "w": "可以", "sp": "Customer"}, {"p": 66, "c": 0.9, "s": 35411, "e": 35719, "w": "吗", "sp": "Customer"}, {"p": 67, "c": 0.9, "s": 35820, "e": 35987, "w": "嗯", "sp": "Agent"}, {"p": 68, "c": 0.9, "s": 35987, "e": 36321, "w": "可以", "sp": "Agent"}, {"p": 69, "c": 0.9, "s": 36321, "e": 36488, "w": "的", "sp": "Agent"}, {"p": 70, "c": 0.9, "s": 36488, "e": 36655, "w": "那", "sp": "Agent"}, {"p": 71, "c": 0.9, "s": 36655, "e": 36822, "w": "我", "sp": "Agent"}, {"p": 72, "c": 0.9, "s": 36822, "e": 37156, "w": "这边", "sp": "Agent"}, {"p": 73, "c": 0.9, "s": 37156, "e": 37323, "w": "去", "sp": "Agent"}, {"p": 74, "c": 0.9, "s": 37323, "e": 37657, "w": "关注", "sp": "Agent"}, {"p": 75, "c": 0.9, "s": 37657, "e": 37991, "w": "一下", "sp": "Agent"}, {"p": 76, "c": 0.9, "s": 37991, "e": 38326, "w": "因为", "sp": "Agent"}, {"p": 77, "c": 0.9, "s": 38326, "e": 38493, "w": "让", "sp": "Agent"}, {"p": 78, "c": 0.9, "s": 38493, "e": 38827, "w": "师傅", "sp": "Agent"}, {"p": 79, "c": 0.9, "s": 38827, "e": 39161, "w": "上门", "sp": "Agent"}, {"p": 80, "c": 0.9, "s": 39161, "e": 39495, "w": "拆机", "sp": "Agent"}, {"p": 81, "c": 0.9, "s": 39495, "e": 39829, "w": "的话", "sp": "Agent"}, {"p": 82, "c": 0.9, "s": 39829, "e": 40163, "w": "这个", "sp": "Agent"}, {"p": 83, "c": 0.9, "s": 40163, "e": 40329, "w": "是", "sp": "Agent"}, {"p": 84, "c": 0.9, "s": 40330, "e": 40498, "w": "要", "sp": "Agent"}, {"p": 85, "c": 0.9, "s": 40498, "e": 40832, "w": "收取", "sp": "Agent"}, {"p": 86, "c": 0.9, "s": 40832, "e": 41166, "w": "费用", "sp": "Agent"}, {"p": 87, "c": 0.9, "s": 41166, "e": 41333, "w": "的", "sp": "Agent"}, {"p": 88, "c": 0.9, "s": 41333, "e": 41500, "w": "要", "sp": "Agent"}, {"p": 89, "c": 0.9, "s": 41500, "e": 41834, "w": "提前", "sp": "Agent"}, {"p": 90, "c": 0.9, "s": 41834, "e": 42001, "w": "和", "sp": "Agent"}, {"p": 91, "c": 0.9, "s": 42001, "e": 42168, "w": "您", "sp": "Agent"}, {"p": 92, "c": 0.9, "s": 42168, "e": 42335, "w": "说", "sp": "Agent"}, {"p": 93, "c": 0.9, "s": 42335, "e": 42670, "w": "一下", "sp": "Agent"}, {"p": 94, "c": 0.9, "s": 43060, "e": 43323, "w": "哦", "sp": "Customer"}, {"p": 95, "c": 0.9, "s": 43323, "e": 43850, "w": "大概", "sp": "Customer"}, {"p": 96, "c": 0.9, "s": 43850, "e": 44113, "w": "是", "sp": "Customer"}, {"p": 97, "c": 0.9, "s": 44113, "e": 44640, "w": "什么", "sp": "Customer"}, {"p": 98, "c": 0.9, "s": 44640, "e": 45166, "w": "费用", "sp": "Customer"}, {"p": 99, "c": 0.9, "s": 45166, "e": 45430, "w": "啊", "sp": "Customer"}, {"p": 100, "c": 0.9, "s": 45600, "e": 45760, "w": "嗯", "sp": "Agent"}, {"p": 101, "c": 0.9, "s": 45760, "e": 46079, "w": "具体", "sp": "Agent"}, {"p": 102, "c": 0.9, "s": 46080, "e": 46400, "w": "价格", "sp": "Agent"}, {"p": 103, "c": 0.9, "s": 46400, "e": 46720, "w": "的话", "sp": "Agent"}, {"p": 104, "c": 0.9, "s": 46720, "e": 47040, "w": "因为", "sp": "Agent"}, {"p": 105, "c": 0.9, "s": 47040, "e": 47360, "w": "坐席", "sp": "Agent"}, {"p": 106, "c": 0.9, "s": 47360, "e": 47520, "w": "是", "sp": "Agent"}, {"p": 107, "c": 0.9, "s": 47520, "e": 47680, "w": "不", "sp": "Agent"}, {"p": 108, "c": 0.9, "s": 47680, "e": 48000, "w": "参与", "sp": "Agent"}, {"p": 109, "c": 0.9, "s": 48000, "e": 48320, "w": "报价", "sp": "Agent"}, {"p": 110, "c": 0.9, "s": 48320, "e": 48480, "w": "的", "sp": "Agent"}, {"p": 111, "c": 0.9, "s": 48480, "e": 48800, "w": "这边", "sp": "Agent"}, {"p": 112, "c": 0.9, "s": 48800, "e": 49120, "w": "登记", "sp": "Agent"}, {"p": 113, "c": 0.9, "s": 49120, "e": 49440, "w": "一下", "sp": "Agent"}, {"p": 114, "c": 0.9, "s": 49440, "e": 49920, "w": "到时候", "sp": "Agent"}, {"p": 115, "c": 0.9, "s": 49920, "e": 50079, "w": "有", "sp": "Agent"}, {"p": 116, "c": 0.9, "s": 50080, "e": 50400, "w": "师傅", "sp": "Agent"}, {"p": 117, "c": 0.9, "s": 50400, "e": 50720, "w": "提前", "sp": "Agent"}, {"p": 118, "c": 0.9, "s": 50720, "e": 50880, "w": "和", "sp": "Agent"}, {"p": 119, "c": 0.9, "s": 50880, "e": 51040, "w": "您", "sp": "Agent"}, {"p": 120, "c": 0.9, "s": 51040, "e": 51360, "w": "电话", "sp": "Agent"}, {"p": 121, "c": 0.9, "s": 51360, "e": 51680, "w": "联系", "sp": "Agent"}, {"p": 122, "c": 0.9, "s": 51680, "e": 52000, "w": "报价", "sp": "Agent"}, {"p": 123, "c": 0.9, "s": 52000, "e": 52160, "w": "您", "sp": "Agent"}, {"p": 124, "c": 0.9, "s": 52160, "e": 52480, "w": "觉得", "sp": "Agent"}, {"p": 125, "c": 0.9, "s": 52480, "e": 52800, "w": "合适", "sp": "Agent"}, {"p": 126, "c": 0.9, "s": 52800, "e": 53120, "w": "的话", "sp": "Agent"}, {"p": 127, "c": 0.9, "s": 53120, "e": 53280, "w": "再", "sp": "Agent"}, {"p": 128, "c": 0.9, "s": 53280, "e": 53600, "w": "安排", "sp": "Agent"}, {"p": 129, "c": 0.9, "s": 53600, "e": 53920, "w": "上门", "sp": "Agent"}, {"p": 130, "c": 0.9, "s": 54870, "e": 55122, "w": "好", "sp": "Customer"}, {"p": 131, "c": 0.9, "s": 55123, "e": 55377, "w": "的", "sp": "Customer"}, {"p": 132, "c": 0.9, "s": 55377, "e": 55631, "w": "他", "sp": "Customer"}, {"p": 133, "c": 0.9, "s": 55631, "e": 56138, "w": "多多", "sp": "Customer"}, {"p": 134, "c": 0.9, "s": 56138, "e": 56900, "w": "长时间", "sp": "Customer"}, {"p": 135, "c": 0.9, "s": 56900, "e": 57153, "w": "之", "sp": "Customer"}, {"p": 136, "c": 0.9, "s": 57153, "e": 57661, "w": "内能", "sp": "Customer"}, {"p": 137, "c": 0.9, "s": 57661, "e": 58168, "w": "联系", "sp": "Customer"}, {"p": 138, "c": 0.9, "s": 58168, "e": 58422, "w": "我", "sp": "Customer"}, {"p": 139, "c": 0.9, "s": 58422, "e": 58930, "w": "要是", "sp": "Customer"}, {"p": 140, "c": 0.9, "s": 59250, "e": 59780, "w": "那个", "sp": "Customer"}, {"p": 141, "c": 0.9, "s": 59690, "e": 60043, "w": "嗯", "sp": "Agent"}, {"p": 142, "c": 0.9, "s": 59780, "e": 60045, "w": "您", "sp": "Customer"}, {"p": 143, "c": 0.9, "s": 60043, "e": 60750, "w": "就是", "sp": "Agent"}, {"p": 144, "c": 0.9, "s": 60045, "e": 60309, "w": "下", "sp": "Customer"}, {"p": 145, "c": 0.9, "s": 60310, "e": 60575, "w": "完", "sp": "Customer"}, {"p": 146, "c": 0.9, "s": 60575, "e": 60840, "w": "单", "sp": "Customer"}, {"p": 147, "c": 0.9, "s": 60840, "e": 61370, "w": "之后", "sp": "Customer"}, {"p": 148, "c": 0.9, "s": 61620, "e": 61788, "w": "那", "sp": "Agent"}, {"p": 149, "c": 0.9, "s": 61788, "e": 62123, "w": "晚上", "sp": "Agent"}, {"p": 150, "c": 0.9, "s": 62124, "e": 62461, "w": "过后", "sp": "Agent"}, {"p": 151, "c": 0.9, "s": 62461, "e": 62798, "w": "的话", "sp": "Agent"}, {"p": 152, "c": 0.9, "s": 62798, "e": 63134, "w": "因为", "sp": "Agent"}, {"p": 153, "c": 0.9, "s": 63134, "e": 63471, "w": "今天", "sp": "Agent"}, {"p": 154, "c": 0.9, "s": 63471, "e": 63807, "w": "可能", "sp": "Agent"}, {"p": 155, "c": 0.9, "s": 63807, "e": 63975, "w": "会", "sp": "Agent"}, {"p": 156, "c": 0.9, "s": 63976, "e": 64312, "w": "比较", "sp": "Agent"}, {"p": 157, "c": 0.9, "s": 64311, "e": 64480, "w": "晚", "sp": "Agent"}, {"p": 158, "c": 0.9, "s": 64481, "e": 64649, "w": "那", "sp": "Agent"}, {"p": 159, "c": 0.9, "s": 64649, "e": 64817, "w": "那", "sp": "Agent"}, {"p": 160, "c": 0.9, "s": 64817, "e": 65154, "w": "明天", "sp": "Agent"}, {"p": 161, "c": 0.9, "s": 65154, "e": 65489, "w": "可以", "sp": "Agent"}, {"p": 162, "c": 0.9, "s": 65489, "e": 65826, "w": "等待", "sp": "Agent"}, {"p": 163, "c": 0.9, "s": 65827, "e": 66164, "w": "一下", "sp": "Agent"}, {"p": 164, "c": 0.9, "s": 66164, "e": 66332, "w": "您", "sp": "Agent"}, {"p": 165, "c": 0.9, "s": 66332, "e": 66668, "w": "地址", "sp": "Agent"}, {"p": 166, "c": 0.9, "s": 66668, "e": 66837, "w": "那", "sp": "Agent"}, {"p": 167, "c": 0.9, "s": 66837, "e": 67005, "w": "我", "sp": "Agent"}, {"p": 168, "c": 0.9, "s": 67005, "e": 67173, "w": "先", "sp": "Agent"}, {"p": 169, "c": 0.9, "s": 67173, "e": 67509, "w": "登记", "sp": "Agent"}, {"p": 170, "c": 0.9, "s": 67510, "e": 67847, "w": "一下", "sp": "Agent"}, {"p": 171, "c": 0.9, "s": 67847, "e": 68015, "w": "看", "sp": "Agent"}, {"p": 172, "c": 0.9, "s": 68015, "e": 68351, "w": "一下", "sp": "Agent"}, {"p": 173, "c": 0.9, "s": 68351, "e": 68687, "w": "能否", "sp": "Agent"}, {"p": 174, "c": 0.9, "s": 68688, "e": 69025, "w": "安排", "sp": "Agent"}, {"p": 175, "c": 0.9, "s": 68690, "e": 68998, "w": "哎", "sp": "Customer"}, {"p": 176, "c": 0.9, "s": 68998, "e": 69614, "w": "好好", "sp": "Customer"}, {"p": 177, "c": 0.9, "s": 69025, "e": 69193, "w": "在", "sp": "Agent"}, {"p": 178, "c": 0.9, "s": 69193, "e": 69530, "w": "明天", "sp": "Agent"}, {"p": 179, "c": 0.9, "s": 69614, "e": 69922, "w": "好", "sp": "Customer"}, {"p": 180, "c": 0.9, "s": 69922, "e": 70230, "w": "没", "sp": "Customer"}, {"p": 181, "c": 0.9, "s": 70231, "e": 70847, "w": "问题", "sp": "Customer"}, {"p": 182, "c": 0.9, "s": 70847, "e": 71464, "w": "明天", "sp": "Customer"}, {"p": 183, "c": 0.9, "s": 71464, "e": 72079, "w": "联系", "sp": "Customer"}, {"p": 184, "c": 0.9, "s": 72080, "e": 72388, "w": "我", "sp": "Customer"}, {"p": 185, "c": 0.9, "s": 72388, "e": 72697, "w": "就", "sp": "Customer"}, {"p": 186, "c": 0.9, "s": 72697, "e": 73005, "w": "行", "sp": "Customer"}, {"p": 187, "c": 0.9, "s": 73005, "e": 73312, "w": "没", "sp": "Customer"}, {"p": 188, "c": 0.9, "s": 73220, "e": 73457, "w": "嗯", "sp": "Agent"}, {"p": 189, "c": 0.9, "s": 73313, "e": 73930, "w": "问题", "sp": "Customer"}, {"p": 190, "c": 0.9, "s": 73457, "e": 73695, "w": "好", "sp": "Agent"}, {"p": 191, "c": 0.9, "s": 73695, "e": 73932, "w": "那", "sp": "Agent"}, {"p": 192, "c": 0.9, "s": 73932, "e": 74170, "w": "请", "sp": "Agent"}, {"p": 193, "c": 0.9, "s": 74170, "e": 74407, "w": "嗯", "sp": "Agent"}, {"p": 194, "c": 0.9, "s": 74407, "e": 74645, "w": "那", "sp": "Agent"}, {"p": 195, "c": 0.9, "s": 74645, "e": 75119, "w": "请问", "sp": "Agent"}, {"p": 196, "c": 0.9, "s": 75120, "e": 75357, "w": "您", "sp": "Agent"}, {"p": 197, "c": 0.9, "s": 75357, "e": 75832, "w": "贵姓", "sp": "Agent"}, {"p": 198, "c": 0.9, "s": 75832, "e": 76070, "w": "呢", "sp": "Agent"}, {"p": 199, "c": 0.9, "s": 76450, "e": 76840, "w": "免", "sp": "Customer"}, {"p": 200, "c": 0.9, "s": 76840, "e": 77619, "w": "贵姓", "sp": "Customer"}, {"p": 201, "c": 0.9, "s": 77620, "e": 78010, "w": "张", "sp": "Customer"}, {"p": 202, "c": 0.9, "s": 78390, "e": 78572, "w": "嗯", "sp": "Agent"}, {"p": 203, "c": 0.9, "s": 78572, "e": 78754, "w": "张", "sp": "Agent"}, {"p": 204, "c": 0.9, "s": 78754, "e": 79118, "w": "先生", "sp": "Agent"}, {"p": 205, "c": 0.9, "s": 79119, "e": 79484, "w": "您好", "sp": "Agent"}, {"p": 206, "c": 0.9, "s": 79484, "e": 79848, "w": "因为", "sp": "Agent"}, {"p": 207, "c": 0.9, "s": 79848, "e": 80213, "w": "现在", "sp": "Agent"}, {"p": 208, "c": 0.9, "s": 80213, "e": 80577, "w": "系统", "sp": "Agent"}, {"p": 209, "c": 0.9, "s": 80578, "e": 80942, "w": "更新", "sp": "Agent"}, {"p": 210, "c": 0.9, "s": 80942, "e": 81489, "w": "看不到", "sp": "Agent"}, {"p": 211, "c": 0.9, "s": 81489, "e": 81672, "w": "您", "sp": "Agent"}, {"p": 212, "c": 0.9, "s": 81672, "e": 82218, "w": "手机号", "sp": "Agent"}, {"p": 213, "c": 0.9, "s": 82219, "e": 82583, "w": "麻烦", "sp": "Agent"}, {"p": 214, "c": 0.9, "s": 82583, "e": 82766, "w": "您", "sp": "Agent"}, {"p": 215, "c": 0.9, "s": 82766, "e": 83312, "w": "手机号", "sp": "Agent"}, {"p": 216, "c": 0.9, "s": 83313, "e": 83495, "w": "说", "sp": "Agent"}, {"p": 217, "c": 0.9, "s": 83495, "e": 83860, "w": "一下", "sp": "Agent"}, {"p": 218, "c": 0.9, "s": 84310, "e": 84560, "w": "哦", "sp": "Customer"}, {"p": 219, "c": 0.9, "s": 84560, "e": 84810, "w": "是", "sp": "Customer"}, {"p": 220, "c": 0.9, "s": 84810, "e": 85060, "w": "我", "sp": "Customer"}, {"p": 221, "c": 0.9, "s": 85060, "e": 85560, "w": "现在", "sp": "Customer"}, {"p": 222, "c": 0.9, "s": 85560, "e": 85810, "w": "打", "sp": "Customer"}, {"p": 223, "c": 0.9, "s": 85810, "e": 86060, "w": "的", "sp": "Customer"}, {"p": 224, "c": 0.9, "s": 86060, "e": 86560, "w": "这个", "sp": "Customer"}, {"p": 225, "c": 0.9, "s": 86560, "e": 86810, "w": "号", "sp": "Customer"}, {"p": 226, "c": 0.9, "s": 86810, "e": 87310, "w": "还是", "sp": "Customer"}, {"p": 227, "c": 0.9, "s": 87310, "e": 87810, "w": "当时", "sp": "Customer"}, {"p": 228, "c": 0.9, "s": 87810, "e": 88060, "w": "我", "sp": "Customer"}, {"p": 229, "c": 0.9, "s": 88060, "e": 88310, "w": "买", "sp": "Customer"}, {"p": 230, "c": 0.9, "s": 88760, "e": 89170, "w": "嗯", "sp": "Agent"}, {"p": 231, "c": 0.9, "s": 89090, "e": 89331, "w": "您", "sp": "Customer"}, {"p": 232, "c": 0.9, "s": 89170, "e": 89580, "w": "都", "sp": "Agent"}, {"p": 233, "c": 0.9, "s": 89332, "e": 89574, "w": "就", "sp": "Customer"}, {"p": 234, "c": 0.9, "s": 89574, "e": 89815, "w": "留", "sp": "Customer"}, {"p": 235, "c": 0.9, "s": 89580, "e": 90400, "w": "可以", "sp": "Agent"}, {"p": 236, "c": 0.9, "s": 89816, "e": 90058, "w": "我", "sp": "Customer"}, {"p": 237, "c": 0.9, "s": 90058, "e": 90542, "w": "电话", "sp": "Customer"}, {"p": 238, "c": 0.9, "s": 90400, "e": 90810, "w": "的", "sp": "Agent"}, {"p": 239, "c": 0.9, "s": 90542, "e": 90784, "w": "吧", "sp": "Customer"}, {"p": 240, "c": 0.9, "s": 90784, "e": 91025, "w": "幺", "sp": "Customer"}, {"p": 241, "c": 0.9, "s": 91026, "e": 91510, "w": "八五", "sp": "Customer"}, {"p": 242, "c": 0.9, "s": 91730, "e": 92097, "w": "嗯", "sp": "Agent"}, {"p": 243, "c": 0.9, "s": 92097, "e": 92465, "w": "幺", "sp": "Agent"}, {"p": 244, "c": 0.9, "s": 92465, "e": 93200, "w": "八五", "sp": "Agent"}, {"p": 245, "c": 0.9, "s": 93690, "e": 94583, "w": "二二", "sp": "Customer"}, {"p": 246, "c": 0.9, "s": 94583, "e": 95030, "w": "幺", "sp": "Customer"}, {"p": 247, "c": 0.9, "s": 95700, "e": 96368, "w": "二二", "sp": "Agent"}, {"p": 248, "c": 0.9, "s": 96368, "e": 96701, "w": "幺", "sp": "Agent"}, {"p": 249, "c": 0.9, "s": 96702, "e": 97036, "w": "是", "sp": "Agent"}, {"p": 250, "c": 0.9, "s": 97036, "e": 97370, "w": "吗", "sp": "Agent"}, {"p": 251, "c": 0.9, "s": 97770, "e": 98180, "w": "五", "sp": "Customer"}, {"p": 252, "c": 0.9, "s": 98180, "e": 99000, "w": "七八", "sp": "Customer"}, {"p": 253, "c": 0.9, "s": 99000, "e": 99820, "w": "六四", "sp": "Customer"}, {"p": 254, "c": 0.9, "s": 100770, "e": 101205, "w": "七八", "sp": "Agent"}, {"p": 255, "c": 0.9, "s": 101206, "e": 101643, "w": "六四", "sp": "Agent"}, {"p": 256, "c": 0.9, "s": 101643, "e": 101861, "w": "好", "sp": "Agent"}, {"p": 257, "c": 0.9, "s": 101861, "e": 102080, "w": "的", "sp": "Agent"}, {"p": 258, "c": 0.9, "s": 102080, "e": 102298, "w": "呃", "sp": "Agent"}, {"p": 259, "c": 0.9, "s": 102298, "e": 102734, "w": "请问", "sp": "Agent"}, {"p": 260, "c": 0.9, "s": 102735, "e": 103390, "w": "到时候", "sp": "Agent"}, {"p": 261, "c": 0.9, "s": 103390, "e": 103826, "w": "收货", "sp": "Agent"}, {"p": 262, "c": 0.9, "s": 103826, "e": 104262, "w": "上门", "sp": "Agent"}, {"p": 263, "c": 0.9, "s": 104263, "e": 104481, "w": "的", "sp": "Agent"}, {"p": 264, "c": 0.9, "s": 104481, "e": 104918, "w": "开机", "sp": "Agent"}, {"p": 265, "c": 0.9, "s": 104918, "e": 105136, "w": "的", "sp": "Agent"}, {"p": 266, "c": 0.9, "s": 105136, "e": 105573, "w": "地址", "sp": "Agent"}, {"p": 267, "c": 0.9, "s": 105573, "e": 105791, "w": "是", "sp": "Agent"}, {"p": 268, "c": 0.9, "s": 105791, "e": 106010, "w": "在", "sp": "Agent"}, {"p": 269, "c": 0.9, "s": 106410, "e": 106858, "w": "嗯", "sp": "Customer"}, {"p": 270, "c": 0.9, "s": 106858, "e": 108204, "w": "天津市", "sp": "Customer"}, {"p": 271, "c": 0.9, "s": 108204, "e": 108652, "w": "河", "sp": "Customer"}, {"p": 272, "c": 0.9, "s": 108652, "e": 109550, "w": "北区", "sp": "Customer"}, {"p": 273, "c": 0.9, "s": 116150, "e": 117255, "w": "天津市", "sp": "Agent"}, {"p": 274, "c": 0.9, "s": 117255, "e": 117624, "w": "河", "sp": "Agent"}, {"p": 275, "c": 0.9, "s": 117624, "e": 118361, "w": "北区", "sp": "Agent"}, {"p": 276, "c": 0.9, "s": 118361, "e": 118730, "w": "吗", "sp": "Agent"}, {"p": 277, "c": 0.9, "s": 119150, "e": 120300, "w": "对", "sp": "Customer"}, {"p": 278, "c": 0.9, "s": 120490, "e": 120854, "w": "嗯", "sp": "Agent"}, {"p": 279, "c": 0.9, "s": 120820, "e": 121610, "w": "黄河", "sp": "Customer"}, {"p": 280, "c": 0.9, "s": 120855, "e": 121220, "w": "好", "sp": "Agent"}, {"p": 281, "c": 0.9, "s": 121220, "e": 121585, "w": "的", "sp": "Agent"}, {"p": 282, "c": 0.9, "s": 121585, "e": 121950, "w": "哎", "sp": "Agent"}, {"p": 283, "c": 0.9, "s": 121610, "e": 122005, "w": "的", "sp": "Customer"}, {"p": 284, "c": 0.9, "s": 122005, "e": 122399, "w": "河", "sp": "Customer"}, {"p": 285, "c": 0.9, "s": 122400, "e": 122795, "w": "北", "sp": "Customer"}, {"p": 286, "c": 0.9, "s": 122795, "e": 123585, "w": "东北", "sp": "Customer"}, {"p": 287, "c": 0.9, "s": 123585, "e": 123979, "w": "的", "sp": "Customer"}, {"p": 288, "c": 0.9, "s": 123980, "e": 124770, "w": "北河", "sp": "Customer"}, {"p": 289, "c": 0.9, "s": 124770, "e": 125560, "w": "北区", "sp": "Customer"}, {"p": 290, "c": 0.9, "s": 128429, "e": 128679, "w": "嗯", "sp": "Agent"}, {"p": 291, "c": 0.9, "s": 128679, "e": 129179, "w": "还有", "sp": "Agent"}, {"p": 292, "c": 0.9, "s": 129179, "e": 129429, "w": "呢", "sp": "Agent"}, {"p": 293, "c": 0.9, "s": 130070, "e": 131450, "w": "嗯", "sp": "Customer"}, {"p": 294, "c": 0.9, "s": 131730, "e": 132640, "w": "南口", "sp": "Customer"}, {"p": 295, "c": 0.9, "s": 132640, "e": 133095, "w": "路", "sp": "Customer"}, {"p": 296, "c": 0.9, "s": 133095, "e": 134005, "w": "盛景", "sp": "Customer"}, {"p": 297, "c": 0.9, "s": 134005, "e": 134460, "w": "道", "sp": "Customer"}, {"p": 298, "c": 0.9, "s": 134840, "e": 135584, "w": "南浦", "sp": "Agent"}, {"p": 299, "c": 0.9, "s": 135585, "e": 135957, "w": "路", "sp": "Agent"}, {"p": 300, "c": 0.9, "s": 135957, "e": 136702, "w": "盛景", "sp": "Agent"}, {"p": 301, "c": 0.9, "s": 136702, "e": 137075, "w": "道", "sp": "Agent"}, {"p": 302, "c": 0.9, "s": 137075, "e": 137446, "w": "是", "sp": "Agent"}, {"p": 303, "c": 0.9, "s": 137447, "e": 137820, "w": "吗", "sp": "Agent"}, {"p": 304, "c": 0.9, "s": 138060, "e": 139130, "w": "对", "sp": "Customer"}, {"p": 305, "c": 0.9, "s": 140090, "e": 140325, "w": "盛", "sp": "Agent"}, {"p": 306, "c": 0.9, "s": 140326, "e": 140562, "w": "是", "sp": "Agent"}, {"p": 307, "c": 0.9, "s": 140562, "e": 141034, "w": "盛大", "sp": "Agent"}, {"p": 308, "c": 0.9, "s": 141034, "e": 141269, "w": "的", "sp": "Agent"}, {"p": 309, "c": 0.9, "s": 141270, "e": 141506, "w": "盛", "sp": "Agent"}, {"p": 310, "c": 0.9, "s": 141506, "e": 141743, "w": "吗", "sp": "Agent"}, {"p": 311, "c": 0.9, "s": 141743, "e": 141978, "w": "就", "sp": "Agent"}, {"p": 312, "c": 0.9, "s": 141979, "e": 142451, "w": "盛开", "sp": "Agent"}, {"p": 313, "c": 0.9, "s": 142390, "e": 143030, "w": "胜利", "sp": "Customer"}, {"p": 314, "c": 0.9, "s": 142451, "e": 142923, "w": "那个", "sp": "Agent"}, {"p": 315, "c": 0.9, "s": 142923, "e": 143160, "w": "盛", "sp": "Agent"}, {"p": 316, "c": 0.9, "s": 143030, "e": 143350, "w": "的", "sp": "Customer"}, {"p": 317, "c": 0.9, "s": 143350, "e": 143670, "w": "胜", "sp": "Customer"}, {"p": 318, "c": 0.9, "s": 143670, "e": 144310, "w": "景色", "sp": "Customer"}, {"p": 319, "c": 0.9, "s": 144310, "e": 144630, "w": "的", "sp": "Customer"}, {"p": 320, "c": 0.9, "s": 144630, "e": 144950, "w": "景", "sp": "Customer"}, {"p": 321, "c": 0.9, "s": 147410, "e": 148163, "w": "还有", "sp": "Agent"}, {"p": 322, "c": 0.9, "s": 148163, "e": 148540, "w": "吗", "sp": "Agent"}, {"p": 323, "c": 0.9, "s": 149850, "e": 150330, "w": "嗯", "sp": "Customer"}, {"p": 324, "c": 0.9, "s": 150330, "e": 150810, "w": "汇", "sp": "Customer"}, {"p": 325, "c": 0.9, "s": 150810, "e": 151770, "w": "景园", "sp": "Customer"}, {"p": 326, "c": 0.9, "s": 152230, "e": 152821, "w": "智慧", "sp": "Customer"}, {"p": 327, "c": 0.9, "s": 152822, "e": 153118, "w": "的", "sp": "Customer"}, {"p": 328, "c": 0.9, "s": 153118, "e": 153415, "w": "慧", "sp": "Customer"}, {"p": 329, "c": 0.9, "s": 153415, "e": 154006, "w": "景色", "sp": "Customer"}, {"p": 330, "c": 0.9, "s": 154007, "e": 154303, "w": "的", "sp": "Customer"}, {"p": 331, "c": 0.9, "s": 154303, "e": 154599, "w": "景", "sp": "Customer"}, {"p": 332, "c": 0.9, "s": 160880, "e": 161613, "w": "还有", "sp": "Agent"}, {"p": 333, "c": 0.9, "s": 161613, "e": 161980, "w": "吗", "sp": "Agent"}, {"p": 334, "c": 0.9, "s": 162920, "e": 163632, "w": "四号", "sp": "Customer"}, {"p": 335, "c": 0.9, "s": 163632, "e": 163988, "w": "楼", "sp": "Customer"}, {"p": 336, "c": 0.9, "s": 163988, "e": 164701, "w": "三门", "sp": "Customer"}, {"p": 337, "c": 0.9, "s": 164701, "e": 165057, "w": "三", "sp": "Customer"}, {"p": 338, "c": 0.9, "s": 165057, "e": 165413, "w": "零", "sp": "Customer"}, {"p": 339, "c": 0.9, "s": 165413, "e": 165769, "w": "二", "sp": "Customer"}, {"p": 340, "c": 0.9, "s": 170760, "e": 171670, "w": "嗯", "sp": "Customer"}, {"p": 341, "c": 0.9, "s": 171380, "e": 171611, "w": "呃", "sp": "Agent"}, {"p": 342, "c": 0.9, "s": 171611, "e": 172073, "w": "现在", "sp": "Agent"}, {"p": 343, "c": 0.9, "s": 172074, "e": 172306, "w": "要", "sp": "Agent"}, {"p": 344, "c": 0.9, "s": 172306, "e": 172537, "w": "拆", "sp": "Agent"}, {"p": 345, "c": 0.9, "s": 172537, "e": 172769, "w": "的", "sp": "Agent"}, {"p": 346, "c": 0.9, "s": 172769, "e": 173000, "w": "是", "sp": "Agent"}, {"p": 347, "c": 0.9, "s": 173001, "e": 173464, "w": "加入", "sp": "Agent"}, {"p": 348, "c": 0.9, "s": 173464, "e": 173695, "w": "装", "sp": "Agent"}, {"p": 349, "c": 0.9, "s": 173695, "e": 174158, "w": "空调", "sp": "Agent"}, {"p": 350, "c": 0.9, "s": 174158, "e": 174390, "w": "吗", "sp": "Agent"}, {"p": 351, "c": 0.9, "s": 174390, "e": 174853, "w": "还是", "sp": "Agent"}, {"p": 352, "c": 0.9, "s": 174853, "e": 175316, "w": "挂机", "sp": "Agent"}, {"p": 353, "c": 0.9, "s": 175316, "e": 175780, "w": "进行", "sp": "Agent"}, {"p": 354, "c": 0.9, "s": 175950, "e": 176222, "w": "嗯", "sp": "Customer"}, {"p": 355, "c": 0.9, "s": 176222, "e": 176494, "w": "一", "sp": "Customer"}, {"p": 356, "c": 0.9, "s": 176494, "e": 176766, "w": "台", "sp": "Customer"}, {"p": 357, "c": 0.9, "s": 176766, "e": 177311, "w": "柜机", "sp": "Customer"}, {"p": 358, "c": 0.9, "s": 177311, "e": 177583, "w": "一", "sp": "Customer"}, {"p": 359, "c": 0.9, "s": 177583, "e": 177855, "w": "台", "sp": "Customer"}, {"p": 360, "c": 0.9, "s": 177855, "e": 178400, "w": "挂机", "sp": "Customer"}, {"p": 361, "c": 0.9, "s": 179550, "e": 179751, "w": "嗯", "sp": "Agent"}, {"p": 362, "c": 0.9, "s": 179751, "e": 179952, "w": "是", "sp": "Agent"}, {"p": 363, "c": 0.9, "s": 179952, "e": 180355, "w": "什么", "sp": "Agent"}, {"p": 364, "c": 0.9, "s": 180355, "e": 180758, "w": "时间", "sp": "Agent"}, {"p": 365, "c": 0.9, "s": 180758, "e": 181161, "w": "购买", "sp": "Agent"}, {"p": 366, "c": 0.9, "s": 181161, "e": 181362, "w": "的", "sp": "Agent"}, {"p": 367, "c": 0.9, "s": 181362, "e": 181564, "w": "呢", "sp": "Agent"}, {"p": 368, "c": 0.9, "s": 181564, "e": 181765, "w": "还", "sp": "Agent"}, {"p": 369, "c": 0.9, "s": 181765, "e": 182168, "w": "记得", "sp": "Agent"}, {"p": 370, "c": 0.9, "s": 182168, "e": 182370, "w": "吗", "sp": "Agent"}, {"p": 371, "c": 0.9, "s": 182310, "e": 183045, "w": "嗯", "sp": "Customer"}, {"p": 372, "c": 0.9, "s": 183045, "e": 183780, "w": "二", "sp": "Customer"}, {"p": 373, "c": 0.9, "s": 183780, "e": 184515, "w": "零", "sp": "Customer"}, {"p": 374, "c": 0.9, "s": 184515, "e": 185250, "w": "一", "sp": "Customer"}, {"p": 375, "c": 0.9, "s": 186480, "e": 186823, "w": "二", "sp": "Customer"}, {"p": 376, "c": 0.9, "s": 186823, "e": 187166, "w": "零", "sp": "Customer"}, {"p": 377, "c": 0.9, "s": 187166, "e": 187510, "w": "一", "sp": "Customer"}, {"p": 378, "c": 0.9, "s": 187510, "e": 188196, "w": "五年", "sp": "Customer"}, {"p": 379, "c": 0.9, "s": 188196, "e": 188540, "w": "二", "sp": "Customer"}, {"p": 380, "c": 0.9, "s": 188540, "e": 188883, "w": "零", "sp": "Customer"}, {"p": 381, "c": 0.9, "s": 188883, "e": 189226, "w": "一", "sp": "Customer"}, {"p": 382, "c": 0.9, "s": 189226, "e": 189913, "w": "五年", "sp": "Customer"}, {"p": 383, "c": 0.9, "s": 189913, "e": 190599, "w": "四月", "sp": "Customer"}, {"p": 384, "c": 0.9, "s": 191080, "e": 191880, "w": "然后", "sp": "Customer"}, {"p": 385, "c": 0.9, "s": 191550, "e": 192050, "w": "然后", "sp": "Agent"}, {"p": 386, "c": 0.9, "s": 191880, "e": 192280, "w": "是", "sp": "Customer"}, {"p": 387, "c": 0.9, "s": 192050, "e": 192550, "w": "外地", "sp": "Agent"}, {"p": 388, "c": 0.9, "s": 192280, "e": 193080, "w": "八月", "sp": "Customer"}, {"p": 389, "c": 0.9, "s": 192550, "e": 192800, "w": "是", "sp": "Agent"}, {"p": 390, "c": 0.9, "s": 193490, "e": 193974, "w": "八月", "sp": "Customer"}, {"p": 391, "c": 0.9, "s": 193974, "e": 194216, "w": "装", "sp": "Customer"}, {"p": 392, "c": 0.9, "s": 194216, "e": 194458, "w": "的", "sp": "Customer"}, {"p": 393, "c": 0.9, "s": 194458, "e": 194941, "w": "八月", "sp": "Customer"}, {"p": 394, "c": 0.9, "s": 194942, "e": 195427, "w": "或者", "sp": "Customer"}, {"p": 395, "c": 0.9, "s": 195427, "e": 195911, "w": "九月", "sp": "Customer"}, {"p": 396, "c": 0.9, "s": 195911, "e": 196153, "w": "装", "sp": "Customer"}, {"p": 397, "c": 0.9, "s": 196153, "e": 196395, "w": "的", "sp": "Customer"}, {"p": 398, "c": 0.9, "s": 196395, "e": 196637, "w": "装", "sp": "Customer"}, {"p": 399, "c": 0.9, "s": 196637, "e": 197122, "w": "那个", "sp": "Customer"}, {"p": 400, "c": 0.9, "s": 197122, "e": 197364, "w": "买", "sp": "Customer"}, {"p": 401, "c": 0.9, "s": 197364, "e": 197606, "w": "完", "sp": "Customer"}, {"p": 402, "c": 0.9, "s": 197606, "e": 197848, "w": "了", "sp": "Customer"}, {"p": 403, "c": 0.9, "s": 197848, "e": 198332, "w": "之后", "sp": "Customer"}, {"p": 404, "c": 0.9, "s": 198332, "e": 198575, "w": "有", "sp": "Customer"}, {"p": 405, "c": 0.9, "s": 198575, "e": 199058, "w": "半年", "sp": "Customer"}, {"p": 406, "c": 0.9, "s": 199059, "e": 199301, "w": "没", "sp": "Customer"}, {"p": 407, "c": 0.9, "s": 199301, "e": 199543, "w": "让", "sp": "Customer"}, {"p": 408, "c": 0.9, "s": 199543, "e": 199785, "w": "他", "sp": "Customer"}, {"p": 409, "c": 0.9, "s": 199785, "e": 200270, "w": "送货", "sp": "Customer"}, {"p": 410, "c": 0.9, "s": 201200, "e": 201426, "w": "V", "sp": "Agent"}, {"p": 411, "c": 0.9, "s": 201426, "e": 201653, "w": "I", "sp": "Agent"}, {"p": 412, "c": 0.9, "s": 201653, "e": 201880, "w": "P", "sp": "Agent"}, {"p": 413, "c": 0.9, "s": 201880, "e": 202106, "w": "是", "sp": "Agent"}, {"p": 414, "c": 0.9, "s": 202106, "e": 202560, "w": "放在", "sp": "Agent"}, {"p": 415, "c": 0.9, "s": 202560, "e": 203013, "w": "平台", "sp": "Agent"}, {"p": 416, "c": 0.9, "s": 203013, "e": 203240, "w": "吗", "sp": "Agent"}, {"p": 417, "c": 0.9, "s": 203240, "e": 203693, "w": "还是", "sp": "Agent"}, {"p": 418, "c": 0.9, "s": 203693, "e": 204146, "w": "放在", "sp": "Agent"}, {"p": 419, "c": 0.9, "s": 204146, "e": 204599, "w": "外卡", "sp": "Agent"}, {"p": 420, "c": 0.9, "s": 204600, "e": 204826, "w": "呢", "sp": "Agent"}, {"p": 421, "c": 0.9, "s": 204740, "e": 205394, "w": "那个", "sp": "Customer"}, {"p": 422, "c": 0.9, "s": 204826, "e": 205053, "w": "外", "sp": "Agent"}, {"p": 423, "c": 0.9, "s": 205053, "e": 205280, "w": "机", "sp": "Agent"}, {"p": 424, "c": 0.9, "s": 205394, "e": 206048, "w": "放在", "sp": "Customer"}, {"p": 425, "c": 0.9, "s": 206048, "e": 206702, "w": "平台", "sp": "Customer"}, {"p": 426, "c": 0.9, "s": 206702, "e": 207030, "w": "上", "sp": "Customer"}, {"p": 427, "c": 0.9, "s": 207670, "e": 207859, "w": "呃", "sp": "Agent"}, {"p": 428, "c": 0.9, "s": 207859, "e": 208237, "w": "师傅", "sp": "Agent"}, {"p": 429, "c": 0.9, "s": 208237, "e": 208616, "w": "现在", "sp": "Agent"}, {"p": 430, "c": 0.9, "s": 208616, "e": 208994, "w": "上门", "sp": "Agent"}, {"p": 431, "c": 0.9, "s": 208994, "e": 209372, "w": "就是", "sp": "Agent"}, {"p": 432, "c": 0.9, "s": 209372, "e": 209750, "w": "三月", "sp": "Agent"}, {"p": 433, "c": 0.9, "s": 209751, "e": 210129, "w": "十三", "sp": "Agent"}, {"p": 434, "c": 0.9, "s": 210129, "e": 210508, "w": "三月", "sp": "Agent"}, {"p": 435, "c": 0.9, "s": 210508, "e": 210696, "w": "十", "sp": "Agent"}, {"p": 436, "c": 0.9, "s": 210697, "e": 211075, "w": "四号", "sp": "Agent"}, {"p": 437, "c": 0.9, "s": 211075, "e": 211264, "w": "就", "sp": "Agent"}, {"p": 438, "c": 0.9, "s": 211264, "e": 211643, "w": "明天", "sp": "Agent"}, {"p": 439, "c": 0.9, "s": 211643, "e": 212210, "w": "到时候", "sp": "Agent"}, {"p": 440, "c": 0.9, "s": 212210, "e": 212400, "w": "也", "sp": "Agent"}, {"p": 441, "c": 0.9, "s": 212400, "e": 212588, "w": "是", "sp": "Agent"}, {"p": 442, "c": 0.9, "s": 212589, "e": 212967, "w": "明天", "sp": "Agent"}, {"p": 443, "c": 0.9, "s": 212967, "e": 213155, "w": "和", "sp": "Agent"}, {"p": 444, "c": 0.9, "s": 213156, "e": 213535, "w": "先生", "sp": "Agent"}, {"p": 445, "c": 0.9, "s": 213535, "e": 213724, "w": "您", "sp": "Agent"}, {"p": 446, "c": 0.9, "s": 213724, "e": 214102, "w": "联系", "sp": "Agent"}, {"p": 447, "c": 0.9, "s": 214102, "e": 214481, "w": "因为", "sp": "Agent"}, {"p": 448, "c": 0.9, "s": 214481, "e": 214859, "w": "疫情", "sp": "Agent"}, {"p": 449, "c": 0.9, "s": 214859, "e": 215237, "w": "防控", "sp": "Agent"}, {"p": 450, "c": 0.9, "s": 215238, "e": 215616, "w": "小区", "sp": "Agent"}, {"p": 451, "c": 0.9, "s": 215616, "e": 215805, "w": "是", "sp": "Agent"}, {"p": 452, "c": 0.9, "s": 215805, "e": 216183, "w": "方便", "sp": "Agent"}, {"p": 453, "c": 0.9, "s": 216184, "e": 216562, "w": "深度", "sp": "Agent"}, {"p": 454, "c": 0.9, "s": 216562, "e": 216940, "w": "进入", "sp": "Agent"}, {"p": 455, "c": 0.9, "s": 216940, "e": 217130, "w": "吗", "sp": "Agent"}, {"p": 456, "c": 0.9, "s": 217510, "e": 217745, "w": "啊", "sp": "Customer"}, {"p": 457, "c": 0.9, "s": 217746, "e": 218220, "w": "可以", "sp": "Customer"}, {"p": 458, "c": 0.9, "s": 218220, "e": 218693, "w": "进入", "sp": "Customer"}, {"p": 459, "c": 0.9, "s": 218693, "e": 219166, "w": "现在", "sp": "Customer"}, {"p": 460, "c": 0.9, "s": 219166, "e": 219640, "w": "我们", "sp": "Customer"}, {"p": 461, "c": 0.9, "s": 219640, "e": 219875, "w": "这", "sp": "Customer"}, {"p": 462, "c": 0.9, "s": 219876, "e": 220113, "w": "没", "sp": "Customer"}, {"p": 463, "c": 0.9, "s": 220113, "e": 220350, "w": "还", "sp": "Customer"}, {"p": 464, "c": 0.9, "s": 220350, "e": 220823, "w": "没有", "sp": "Customer"}, {"p": 465, "c": 0.9, "s": 220823, "e": 221296, "w": "那个", "sp": "Customer"}, {"p": 466, "c": 0.9, "s": 221296, "e": 221770, "w": "什么", "sp": "Customer"}, {"p": 467, "c": 0.9, "s": 221920, "e": 222097, "w": "嗯", "sp": "Agent"}, {"p": 468, "c": 0.9, "s": 222097, "e": 222274, "w": "好", "sp": "Agent"}, {"p": 469, "c": 0.9, "s": 222274, "e": 222451, "w": "您", "sp": "Agent"}, {"p": 470, "c": 0.9, "s": 222451, "e": 222628, "w": "看", "sp": "Agent"}, {"p": 471, "c": 0.9, "s": 222628, "e": 222982, "w": "还有", "sp": "Agent"}, {"p": 472, "c": 0.9, "s": 222982, "e": 223336, "w": "其他", "sp": "Agent"}, {"p": 473, "c": 0.9, "s": 223336, "e": 223690, "w": "需要", "sp": "Agent"}, {"p": 474, "c": 0.9, "s": 223690, "e": 224044, "w": "帮助", "sp": "Agent"}, {"p": 475, "c": 0.9, "s": 224044, "e": 224221, "w": "吗", "sp": "Agent"}, {"p": 476, "c": 0.9, "s": 224221, "e": 224575, "w": "已经", "sp": "Agent"}, {"p": 477, "c": 0.9, "s": 224575, "e": 224752, "w": "是", "sp": "Agent"}, {"p": 478, "c": 0.9, "s": 224752, "e": 225106, "w": "登记", "sp": "Agent"}, {"p": 479, "c": 0.9, "s": 225106, "e": 225283, "w": "好", "sp": "Agent"}, {"p": 480, "c": 0.9, "s": 225283, "e": 225460, "w": "了", "sp": "Agent"}, {"p": 481, "c": 0.9, "s": 226230, "e": 226459, "w": "您", "sp": "Customer"}, {"p": 482, "c": 0.9, "s": 226459, "e": 226688, "w": "您", "sp": "Customer"}, {"p": 483, "c": 0.9, "s": 226688, "e": 227147, "w": "再说", "sp": "Customer"}, {"p": 484, "c": 0.9, "s": 227147, "e": 227606, "w": "一下", "sp": "Customer"}, {"p": 485, "c": 0.9, "s": 227606, "e": 228523, "w": "电话号码", "sp": "Customer"}, {"p": 486, "c": 0.9, "s": 228523, "e": 228752, "w": "我", "sp": "Customer"}, {"p": 487, "c": 0.9, "s": 228753, "e": 228982, "w": "再", "sp": "Customer"}, {"p": 488, "c": 0.9, "s": 228982, "e": 229441, "w": "确认", "sp": "Customer"}, {"p": 489, "c": 0.9, "s": 229441, "e": 229900, "w": "一下", "sp": "Customer"}, {"p": 490, "c": 0.9, "s": 230160, "e": 230463, "w": "对", "sp": "Agent"}, {"p": 491, "c": 0.9, "s": 230463, "e": 230765, "w": "幺", "sp": "Agent"}, {"p": 492, "c": 0.9, "s": 230766, "e": 231373, "w": "八五", "sp": "Agent"}, {"p": 493, "c": 0.9, "s": 231373, "e": 231980, "w": "二二", "sp": "Agent"}, {"p": 494, "c": 0.9, "s": 231980, "e": 232282, "w": "幺", "sp": "Agent"}, {"p": 495, "c": 0.9, "s": 232283, "e": 232586, "w": "五", "sp": "Agent"}, {"p": 496, "c": 0.9, "s": 232586, "e": 233193, "w": "七八", "sp": "Agent"}, {"p": 497, "c": 0.9, "s": 233193, "e": 233799, "w": "六四", "sp": "Agent"}, {"p": 498, "c": 0.9, "s": 234150, "e": 234379, "w": "对", "sp": "Customer"}, {"p": 499, "c": 0.9, "s": 234380, "e": 234840, "w": "没错", "sp": "Customer"}, {"p": 500, "c": 0.9, "s": 234840, "e": 235300, "w": "没错", "sp": "Customer"}, {"p": 501, "c": 0.9, "s": 235300, "e": 235530, "w": "好", "sp": "Customer"}, {"p": 502, "c": 0.9, "s": 235530, "e": 235760, "w": "了", "sp": "Customer"}, {"p": 503, "c": 0.9, "s": 235760, "e": 235989, "w": "没", "sp": "Customer"}, {"p": 504, "c": 0.9, "s": 235990, "e": 236450, "w": "没有", "sp": "Customer"}, {"p": 505, "c": 0.9, "s": 236450, "e": 236910, "w": "别的", "sp": "Customer"}, {"p": 506, "c": 0.9, "s": 236910, "e": 237140, "w": "事", "sp": "Customer"}, {"p": 507, "c": 0.9, "s": 237140, "e": 237370, "w": "了", "sp": "Customer"}, {"p": 508, "c": 0.9, "s": 237630, "e": 237785, "w": "嗯", "sp": "Agent"}, {"p": 509, "c": 0.9, "s": 237785, "e": 237940, "w": "好", "sp": "Agent"}, {"p": 510, "c": 0.9, "s": 237940, "e": 238095, "w": "的", "sp": "Agent"}, {"p": 511, "c": 0.9, "s": 237980, "e": 238950, "w": "嗯", "sp": "Customer"}, {"p": 512, "c": 0.9, "s": 238095, "e": 238251, "w": "那", "sp": "Agent"}, {"p": 513, "c": 0.9, "s": 238251, "e": 238406, "w": "您", "sp": "Agent"}, {"p": 514, "c": 0.9, "s": 238406, "e": 238716, "w": "这边", "sp": "Agent"}, {"p": 515, "c": 0.9, "s": 238716, "e": 238872, "w": "有", "sp": "Agent"}, {"p": 516, "c": 0.9, "s": 238872, "e": 239181, "w": "退出", "sp": "Agent"}, {"p": 517, "c": 0.9, "s": 239182, "e": 239337, "w": "微", "sp": "Agent"}, {"p": 518, "c": 0.9, "s": 239337, "e": 239493, "w": "信", "sp": "Agent"}, {"p": 519, "c": 0.9, "s": 239493, "e": 239803, "w": "公众", "sp": "Agent"}, {"p": 520, "c": 0.9, "s": 239803, "e": 239958, "w": "号", "sp": "Agent"}, {"p": 521, "c": 0.9, "s": 239958, "e": 240269, "w": "欢迎", "sp": "Agent"}, {"p": 522, "c": 0.9, "s": 240269, "e": 240579, "w": "关注", "sp": "Agent"}, {"p": 523, "c": 0.9, "s": 240579, "e": 240890, "w": "使用", "sp": "Agent"}, {"p": 524, "c": 0.9, "s": 240890, "e": 241045, "w": "请", "sp": "Agent"}, {"p": 525, "c": 0.9, "s": 241045, "e": 241200, "w": "您", "sp": "Agent"}, {"p": 526, "c": 0.9, "s": 241200, "e": 241356, "w": "对", "sp": "Agent"}, {"p": 527, "c": 0.9, "s": 241356, "e": 241666, "w": "本次", "sp": "Agent"}, {"p": 528, "c": 0.9, "s": 241666, "e": 241977, "w": "服务", "sp": "Agent"}, {"p": 529, "c": 0.9, "s": 241977, "e": 242132, "w": "做", "sp": "Agent"}, {"p": 530, "c": 0.9, "s": 242132, "e": 242287, "w": "个", "sp": "Agent"}, {"p": 531, "c": 0.9, "s": 242287, "e": 242598, "w": "评价", "sp": "Agent"}, {"p": 532, "c": 0.9, "s": 242598, "e": 242908, "w": "祝您", "sp": "Agent"}, {"p": 533, "c": 0.9, "s": 242908, "e": 243219, "w": "生活", "sp": "Agent"}, {"p": 534, "c": 0.9, "s": 243219, "e": 243528, "w": "愉快", "sp": "Agent"}, {"p": 535, "c": 0.9, "s": 243529, "e": 243840, "w": "再见", "sp": "Agent"}, {"p": 536, "c": 0.9, "s": 243660, "e": 244140, "w": "哎", "sp": "Customer"}, {"p": 537, "c": 0.9, "s": 244140, "e": 245100, "w": "再见", "sp": "Customer"}, {"p": 538, "c": 0.9, "s": 245620, "e": 245944, "w": "请", "sp": "Agent"}, {"p": 539, "c": 0.9, "s": 245944, "e": 246268, "w": "对", "sp": "Agent"}, {"p": 540, "c": 0.9, "s": 246268, "e": 246916, "w": "本次", "sp": "Agent"}, {"p": 541, "c": 0.9, "s": 246916, "e": 247565, "w": "服务", "sp": "Agent"}, {"p": 542, "c": 0.9, "s": 247565, "e": 247889, "w": "做", "sp": "Agent"}, {"p": 543, "c": 0.9, "s": 247889, "e": 248537, "w": "评价", "sp": "Agent"}, {"p": 544, "c": 0.9, "s": 248537, "e": 249185, "w": "非常", "sp": "Agent"}, {"p": 545, "c": 0.9, "s": 249185, "e": 249834, "w": "满意", "sp": "Agent"}, {"p": 546, "c": 0.9, "s": 249834, "e": 250158, "w": "请", "sp": "Agent"}, {"p": 547, "c": 0.9, "s": 250158, "e": 250482, "w": "按", "sp": "Agent"}, {"p": 548, "c": 0.9, "s": 250482, "e": 250806, "w": "一", "sp": "Agent"}, {"p": 549, "c": 0.9, "s": 250806, "e": 251455, "w": "满意", "sp": "Agent"}, {"p": 550, "c": 0.9, "s": 251455, "e": 251779, "w": "请", "sp": "Agent"}, {"p": 551, "c": 0.9, "s": 251779, "e": 252103, "w": "按", "sp": "Agent"}, {"p": 552, "c": 0.9, "s": 252103, "e": 252427, "w": "一", "sp": "Agent"}, {"p": 553, "c": 0.9, "s": 252427, "e": 253075, "w": "满意", "sp": "Agent"}, {"p": 554, "c": 0.9, "s": 253075, "e": 253400, "w": "请", "sp": "Agent"}, {"p": 555, "c": 0.9, "s": 253780, "e": 254765, "w": "感谢您", "sp": "Agent"}, {"p": 556, "c": 0.9, "s": 254766, "e": 255095, "w": "的", "sp": "Agent"}, {"p": 557, "c": 0.9, "s": 255095, "e": 255752, "w": "来电", "sp": "Agent"}, {"p": 558, "c": 0.9, "s": 255752, "e": 256410, "w": "再见", "sp": "Agent"}]}, "plainText": "六零 二 三号 为您服务 上午 好 八 零三 号 很 高兴 为您服务 请问 什么 可以\n哎\n帮\n你好\n您\n那个 我 有 两台 大型 空调 准备 拆机\n拆机 的话 现在 拆 后面 要 提取 S P 的 这个 装 吗\n嗯 我 短 时间 先 不 装 先 放在 一个 那个 空房子 里 然后 呃 过 一段 时间 新房 装 修好 再 装 这样 可以 吗\n嗯 可以 的 那 我 这边 去 关注 一下 因为 让 师傅 上门 拆机 的话 这个 是 要 收取 费用 的 要 提前 和 您 说 一下\n哦 大概 是 什么 费用 啊\n嗯 具体 价格 的话 因为 坐席 是 不 参与 报价 的 这边 登记 一下 到时候 有 师傅 提前 和 您 电话 联系 报价 您 觉得 合适 的话 再 安排 上门\n好 的 他 多多 长时间 之 内能 联系 我 要是 那个\n嗯\n您\n就是\n下 完 单 之后\n那 晚上 过后 的话 因为 今天 可能 会 比较 晚 那 那 明天 可以 等待 一下 您 地址 那 我 先 登记 一下 看 一下 能否 安排\n哎 好好\n在 明天\n好 没 问题 明天 联系 我 就 行 没\n嗯\n问题\n好 那 请 嗯 那 请问 您 贵姓 呢\n免 贵姓 张\n嗯 张 先生 您好 因为 现在 系统 更新 看不到 您 手机号 麻烦 您 手机号 说 一下\n哦 是 我 现在 打 的 这个 号 还是 当时 我 买\n嗯\n您\n都\n就 留\n可以\n我 电话\n的\n吧 幺 八五\n嗯 幺 八五\n二二 幺\n二二 幺 是 吗\n五 七八 六四\n七八 六四 好 的 呃 请问 到时候 收货 上门 的 开机 的 地址 是 在\n嗯 天津市 河 北区\n天津市 河 北区 吗\n对\n嗯\n黄河\n好 的 哎\n的 河 北 东北 的 北河 北区\n嗯 还有 呢\n嗯 南口 路 盛景 道\n南浦 路 盛景 道 是 吗\n对\n盛 是 盛大 的 盛 吗 就 盛开\n胜利\n那个 盛\n的 胜 景色 的 景\n还有 吗\n嗯 汇 景园 智慧 的 慧 景色 的 景\n还有 吗\n四号 楼 三门 三 零 二 嗯\n呃 现在 要 拆 的 是 加入 装 空调 吗 还是 挂机 进行\n嗯 一 台 柜机 一 台 挂机\n嗯 是 什么 时间 购买 的 呢 还 记得 吗\n嗯 二 零 一 二 零 一 五年 二 零 一 五年 四月 然后\n然后\n是\n外地\n八月\n是\n八月 装 的 八月 或者 九月 装 的 装 那个 买 完 了 之后 有 半年 没 让 他 送货\nV I P 是 放在 平台 吗 还是 放在 外卡 呢\n那个\n外 机\n放在 平台 上\n呃 师傅 现在 上门 就是 三月 十三 三月 十 四号 就 明天 到时候 也 是 明天 和 先生 您 联系 因为 疫情 防控 小区 是 方便 深度 进入 吗\n啊 可以 进入 现在 我们 这 没 还 没有 那个 什么\n嗯 好 您 看 还有 其他 需要 帮助 吗 已经 是 登记 好 了\n您 您 再说 一下 电话号码 我 再 确认 一下\n对 幺 八五 二二 幺 五 七八 六四\n对 没错 没错 好 了 没 没有 别的 事 了\n嗯 好 的\n嗯\n那 您 这边 有 退出 微 信 公众 号 欢迎 关注 使用 请 您 对 本次 服务 做 个 评价 祝您 生活 愉快 再见\n哎 再见\n请 对 本次 服务 做 评价 非常 满意 请 按 一 满意 请 按 一 满意 请 感谢您 的 来电 再见", "plainTextTime": {"verbatims": [{"s": 3700, "e": 11960, "w": "六零 二 三号 为您服务 上午 好 八 零三 号 很 高兴 为您服务 请问 什么 可以", "sp": "Agent"}, {"s": 11880, "e": 12163, "w": "哎", "sp": "Customer"}, {"s": 11960, "e": 12245, "w": "帮", "sp": "Agent"}, {"s": 12163, "e": 12730, "w": "你好", "sp": "Customer"}, {"s": 12245, "e": 12530, "w": "您", "sp": "Agent"}, {"s": 12730, "e": 16700, "w": "那个 我 有 两台 大型 空调 准备 拆机", "sp": "Customer"}, {"s": 17980, "e": 22789, "w": "拆机 的话 现在 拆 后面 要 提取 S P 的 这个 装 吗", "sp": "Agent"}, {"s": 23680, "e": 35719, "w": "嗯 我 短 时间 先 不 装 先 放在 一个 那个 空房子 里 然后 呃 过 一段 时间 新房 装 修好 再 装 这样 可以 吗", "sp": "Customer"}, {"s": 35820, "e": 42670, "w": "嗯 可以 的 那 我 这边 去 关注 一下 因为 让 师傅 上门 拆机 的话 这个 是 要 收取 费用 的 要 提前 和 您 说 一下", "sp": "Agent"}, {"s": 43060, "e": 45430, "w": "哦 大概 是 什么 费用 啊", "sp": "Customer"}, {"s": 45600, "e": 53920, "w": "嗯 具体 价格 的话 因为 坐席 是 不 参与 报价 的 这边 登记 一下 到时候 有 师傅 提前 和 您 电话 联系 报价 您 觉得 合适 的话 再 安排 上门", "sp": "Agent"}, {"s": 54870, "e": 59780, "w": "好 的 他 多多 长时间 之 内能 联系 我 要是 那个", "sp": "Customer"}, {"s": 59690, "e": 60043, "w": "嗯", "sp": "Agent"}, {"s": 59780, "e": 60045, "w": "您", "sp": "Customer"}, {"s": 60043, "e": 60750, "w": "就是", "sp": "Agent"}, {"s": 60045, "e": 61370, "w": "下 完 单 之后", "sp": "Customer"}, {"s": 61620, "e": 69025, "w": "那 晚上 过后 的话 因为 今天 可能 会 比较 晚 那 那 明天 可以 等待 一下 您 地址 那 我 先 登记 一下 看 一下 能否 安排", "sp": "Agent"}, {"s": 68690, "e": 69614, "w": "哎 好好", "sp": "Customer"}, {"s": 69025, "e": 69530, "w": "在 明天", "sp": "Agent"}, {"s": 69614, "e": 73312, "w": "好 没 问题 明天 联系 我 就 行 没", "sp": "Customer"}, {"s": 73220, "e": 73457, "w": "嗯", "sp": "Agent"}, {"s": 73313, "e": 73930, "w": "问题", "sp": "Customer"}, {"s": 73457, "e": 76070, "w": "好 那 请 嗯 那 请问 您 贵姓 呢", "sp": "Agent"}, {"s": 76450, "e": 78010, "w": "免 贵姓 张", "sp": "Customer"}, {"s": 78390, "e": 83860, "w": "嗯 张 先生 您好 因为 现在 系统 更新 看不到 您 手机号 麻烦 您 手机号 说 一下", "sp": "Agent"}, {"s": 84310, "e": 88310, "w": "哦 是 我 现在 打 的 这个 号 还是 当时 我 买", "sp": "Customer"}, {"s": 88760, "e": 89170, "w": "嗯", "sp": "Agent"}, {"s": 89090, "e": 89331, "w": "您", "sp": "Customer"}, {"s": 89170, "e": 89580, "w": "都", "sp": "Agent"}, {"s": 89332, "e": 89815, "w": "就 留", "sp": "Customer"}, {"s": 89580, "e": 90400, "w": "可以", "sp": "Agent"}, {"s": 89816, "e": 90542, "w": "我 电话", "sp": "Customer"}, {"s": 90400, "e": 90810, "w": "的", "sp": "Agent"}, {"s": 90542, "e": 91510, "w": "吧 幺 八五", "sp": "Customer"}, {"s": 91730, "e": 93200, "w": "嗯 幺 八五", "sp": "Agent"}, {"s": 93690, "e": 95030, "w": "二二 幺", "sp": "Customer"}, {"s": 95700, "e": 97370, "w": "二二 幺 是 吗", "sp": "Agent"}, {"s": 97770, "e": 99820, "w": "五 七八 六四", "sp": "Customer"}, {"s": 100770, "e": 106010, "w": "七八 六四 好 的 呃 请问 到时候 收货 上门 的 开机 的 地址 是 在", "sp": "Agent"}, {"s": 106410, "e": 109550, "w": "嗯 天津市 河 北区", "sp": "Customer"}, {"s": 116150, "e": 118730, "w": "天津市 河 北区 吗", "sp": "Agent"}, {"s": 119150, "e": 120300, "w": "对", "sp": "Customer"}, {"s": 120490, "e": 120854, "w": "嗯", "sp": "Agent"}, {"s": 120820, "e": 121610, "w": "黄河", "sp": "Customer"}, {"s": 120855, "e": 121950, "w": "好 的 哎", "sp": "Agent"}, {"s": 121610, "e": 125560, "w": "的 河 北 东北 的 北河 北区", "sp": "Customer"}, {"s": 128429, "e": 129429, "w": "嗯 还有 呢", "sp": "Agent"}, {"s": 130070, "e": 134460, "w": "嗯 南口 路 盛景 道", "sp": "Customer"}, {"s": 134840, "e": 137820, "w": "南浦 路 盛景 道 是 吗", "sp": "Agent"}, {"s": 138060, "e": 139130, "w": "对", "sp": "Customer"}, {"s": 140090, "e": 142451, "w": "盛 是 盛大 的 盛 吗 就 盛开", "sp": "Agent"}, {"s": 142390, "e": 143030, "w": "胜利", "sp": "Customer"}, {"s": 142451, "e": 143160, "w": "那个 盛", "sp": "Agent"}, {"s": 143030, "e": 144950, "w": "的 胜 景色 的 景", "sp": "Customer"}, {"s": 147410, "e": 148540, "w": "还有 吗", "sp": "Agent"}, {"s": 149850, "e": 154599, "w": "嗯 汇 景园 智慧 的 慧 景色 的 景", "sp": "Customer"}, {"s": 160880, "e": 161980, "w": "还有 吗", "sp": "Agent"}, {"s": 162920, "e": 171670, "w": "四号 楼 三门 三 零 二 嗯", "sp": "Customer"}, {"s": 171380, "e": 175780, "w": "呃 现在 要 拆 的 是 加入 装 空调 吗 还是 挂机 进行", "sp": "Agent"}, {"s": 175950, "e": 178400, "w": "嗯 一 台 柜机 一 台 挂机", "sp": "Customer"}, {"s": 179550, "e": 182370, "w": "嗯 是 什么 时间 购买 的 呢 还 记得 吗", "sp": "Agent"}, {"s": 182310, "e": 191880, "w": "嗯 二 零 一 二 零 一 五年 二 零 一 五年 四月 然后", "sp": "Customer"}, {"s": 191550, "e": 192050, "w": "然后", "sp": "Agent"}, {"s": 191880, "e": 192280, "w": "是", "sp": "Customer"}, {"s": 192050, "e": 192550, "w": "外地", "sp": "Agent"}, {"s": 192280, "e": 193080, "w": "八月", "sp": "Customer"}, {"s": 192550, "e": 192800, "w": "是", "sp": "Agent"}, {"s": 193490, "e": 200270, "w": "八月 装 的 八月 或者 九月 装 的 装 那个 买 完 了 之后 有 半年 没 让 他 送货", "sp": "Customer"}, {"s": 201200, "e": 204826, "w": "V I P 是 放在 平台 吗 还是 放在 外卡 呢", "sp": "Agent"}, {"s": 204740, "e": 205394, "w": "那个", "sp": "Customer"}, {"s": 204826, "e": 205280, "w": "外 机", "sp": "Agent"}, {"s": 205394, "e": 207030, "w": "放在 平台 上", "sp": "Customer"}, {"s": 207670, "e": 217130, "w": "呃 师傅 现在 上门 就是 三月 十三 三月 十 四号 就 明天 到时候 也 是 明天 和 先生 您 联系 因为 疫情 防控 小区 是 方便 深度 进入 吗", "sp": "Agent"}, {"s": 217510, "e": 221770, "w": "啊 可以 进入 现在 我们 这 没 还 没有 那个 什么", "sp": "Customer"}, {"s": 221920, "e": 225460, "w": "嗯 好 您 看 还有 其他 需要 帮助 吗 已经 是 登记 好 了", "sp": "Agent"}, {"s": 226230, "e": 229900, "w": "您 您 再说 一下 电话号码 我 再 确认 一下", "sp": "Customer"}, {"s": 230160, "e": 233799, "w": "对 幺 八五 二二 幺 五 七八 六四", "sp": "Agent"}, {"s": 234150, "e": 237370, "w": "对 没错 没错 好 了 没 没有 别的 事 了", "sp": "Customer"}, {"s": 237630, "e": 238095, "w": "嗯 好 的", "sp": "Agent"}, {"s": 237980, "e": 238950, "w": "嗯", "sp": "Customer"}, {"s": 238095, "e": 243840, "w": "那 您 这边 有 退出 微 信 公众 号 欢迎 关注 使用 请 您 对 本次 服务 做 个 评价 祝您 生活 愉快 再见", "sp": "Agent"}, {"s": 243660, "e": 245100, "w": "哎 再见", "sp": "Customer"}, {"s": 245620, "e": 256410, "w": "请 对 本次 服务 做 评价 非常 满意 请 按 一 满意 请 按 一 满意 请 感谢您 的 来电 再见", "sp": "Agent"}]}, "aqm": {"greeting": {"greeting_said": "为您服务, 高兴, 请问", "n_greeting_said": 3, "score": 1}, "closing": {"closing_said": "再见", "n_closing_said": 1, "score": 0}, "speed": {"speed_max": 6.44, "n_words": 37, "words": "那 您 这边 有 退出 微 信 公众 号 欢迎 关注 使用 请 您 对 本次 服务 做 个 评价 祝您 生活 愉快 再见", "start": 238095, "end": 243840}}}