{"mediaId": "2022031316044736278300100000535502", "status": "Success", "dateCreated": "2022-03-21T18:45:50Z", "contentType": "audio/x-wav", "channels": "future use", "length": 149, "metadata": {"Sid": 10102, "Site_id": 783, "Audio_ch_num": 5355, "Audio_module_num": 783001, "Audio_start_time_gmt": "2022-03-13T08:02:18.477+08:00", "Transaction_id": "2022031316044736278300100000535502", "ContactID": "9204480130870000012", "Personal_id": "0", "Direction": 0, "Local_audio_start_time": "2022-03-13T16:02:18.477+08:00", "Local_audio_end_time": "2022-03-13T16:04:47.477+08:00", "Total_hold_time": "0", "Pbx_login_id": "", "Ani": "90102155368221", "Extension": "155368221", "String_extension": "90102155368221", "Switch_call_id": "SIP/AUDIO/2F3E1600-46B5-8980-F146-ED7568B6B9FF", "Switch_id": "783000001", "Duration_seconds": 149, "Wrapup_time_in_seconds": "0", "Dnis": "13564965202", "Number_of_conferences": "0", "Number_of_holds": "0", "Number_of_transfers": "0", "Percent_of_agent_call": "28", "Percent_of_other_call": "57", "Percent_of_mutual_silence": "29", "Num_of_agent_cross": "15", "Num_of_other_cross": "15", "IsException": 0}, "transcript_detailed": {"words": [{"p": 1, "c": 0.9, "s": 3480, "e": 4697, "w": "六零", "sp": "Agent"}, {"p": 2, "c": 0.9, "s": 4697, "e": 5306, "w": "二", "sp": "Agent"}, {"p": 3, "c": 0.9, "s": 5306, "e": 6524, "w": "一号", "sp": "Agent"}, {"p": 4, "c": 0.9, "s": 6524, "e": 8960, "w": "为您服务", "sp": "Agent"}, {"p": 5, "c": 0.9, "s": 9250, "e": 9569, "w": "下午", "sp": "Agent"}, {"p": 6, "c": 0.9, "s": 9569, "e": 9728, "w": "好", "sp": "Agent"}, {"p": 7, "c": 0.9, "s": 9728, "e": 10047, "w": "大街", "sp": "Agent"}, {"p": 8, "c": 0.9, "s": 10047, "e": 10366, "w": "售后", "sp": "Agent"}, {"p": 9, "c": 0.9, "s": 10366, "e": 10526, "w": "很", "sp": "Agent"}, {"p": 10, "c": 0.9, "s": 10526, "e": 10845, "w": "高兴", "sp": "Agent"}, {"p": 11, "c": 0.9, "s": 10845, "e": 11483, "w": "为您服务", "sp": "Agent"}, {"p": 12, "c": 0.9, "s": 11483, "e": 11802, "w": "请问", "sp": "Agent"}, {"p": 13, "c": 0.9, "s": 11803, "e": 11962, "w": "有", "sp": "Agent"}, {"p": 14, "c": 0.9, "s": 11962, "e": 12281, "w": "什么", "sp": "Agent"}, {"p": 15, "c": 0.9, "s": 12090, "e": 12380, "w": "啊", "sp": "Customer"}, {"p": 16, "c": 0.9, "s": 12281, "e": 12600, "w": "可以", "sp": "Agent"}, {"p": 17, "c": 0.9, "s": 12380, "e": 12670, "w": "我", "sp": "Customer"}, {"p": 18, "c": 0.9, "s": 12600, "e": 12760, "w": "帮", "sp": "Agent"}, {"p": 19, "c": 0.9, "s": 12670, "e": 12960, "w": "问", "sp": "Customer"}, {"p": 20, "c": 0.9, "s": 12760, "e": 12920, "w": "您", "sp": "Agent"}, {"p": 21, "c": 0.9, "s": 12960, "e": 13250, "w": "呃", "sp": "Customer"}, {"p": 22, "c": 0.9, "s": 13250, "e": 13540, "w": "我", "sp": "Customer"}, {"p": 23, "c": 0.9, "s": 13540, "e": 14120, "w": "咨询", "sp": "Customer"}, {"p": 24, "c": 0.9, "s": 14120, "e": 14700, "w": "一个", "sp": "Customer"}, {"p": 25, "c": 0.9, "s": 14700, "e": 15280, "w": "事情", "sp": "Customer"}, {"p": 26, "c": 0.9, "s": 15370, "e": 15765, "w": "嗯", "sp": "Agent"}, {"p": 27, "c": 0.9, "s": 15560, "e": 15772, "w": "你", "sp": "Customer"}, {"p": 28, "c": 0.9, "s": 15765, "e": 16160, "w": "您", "sp": "Agent"}, {"p": 29, "c": 0.9, "s": 15772, "e": 15984, "w": "稍", "sp": "Customer"}, {"p": 30, "c": 0.9, "s": 15984, "e": 16408, "w": "等等", "sp": "Customer"}, {"p": 31, "c": 0.9, "s": 16160, "e": 16555, "w": "请", "sp": "Agent"}, {"p": 32, "c": 0.9, "s": 16408, "e": 16620, "w": "我", "sp": "Customer"}, {"p": 33, "c": 0.9, "s": 16555, "e": 16950, "w": "说", "sp": "Agent"}, {"p": 34, "c": 0.9, "s": 16620, "e": 17045, "w": "咨询", "sp": "Customer"}, {"p": 35, "c": 0.9, "s": 17045, "e": 17257, "w": "个", "sp": "Customer"}, {"p": 36, "c": 0.9, "s": 17257, "e": 17681, "w": "事情", "sp": "Customer"}, {"p": 37, "c": 0.9, "s": 17681, "e": 17893, "w": "呃", "sp": "Customer"}, {"p": 38, "c": 0.9, "s": 17893, "e": 18105, "w": "我", "sp": "Customer"}, {"p": 39, "c": 0.9, "s": 18105, "e": 18529, "w": "中央", "sp": "Customer"}, {"p": 40, "c": 0.9, "s": 18530, "e": 18954, "w": "空调", "sp": "Customer"}, {"p": 41, "c": 0.9, "s": 18954, "e": 19378, "w": "那个", "sp": "Customer"}, {"p": 42, "c": 0.9, "s": 19378, "e": 19802, "w": "上面", "sp": "Customer"}, {"p": 43, "c": 0.9, "s": 19802, "e": 20227, "w": "不是", "sp": "Customer"}, {"p": 44, "c": 0.9, "s": 20227, "e": 20439, "w": "呃", "sp": "Customer"}, {"p": 45, "c": 0.9, "s": 20439, "e": 20862, "w": "不是", "sp": "Customer"}, {"p": 46, "c": 0.9, "s": 20863, "e": 21075, "w": "有", "sp": "Customer"}, {"p": 47, "c": 0.9, "s": 21075, "e": 21500, "w": "那个", "sp": "Customer"}, {"p": 48, "c": 0.9, "s": 21500, "e": 21924, "w": "面板", "sp": "Customer"}, {"p": 49, "c": 0.9, "s": 21924, "e": 22136, "w": "的", "sp": "Customer"}, {"p": 50, "c": 0.9, "s": 22136, "e": 22348, "w": "吗", "sp": "Customer"}, {"p": 51, "c": 0.9, "s": 22348, "e": 22772, "w": "然后", "sp": "Customer"}, {"p": 52, "c": 0.9, "s": 22772, "e": 22984, "w": "呢", "sp": "Customer"}, {"p": 53, "c": 0.9, "s": 22985, "e": 23621, "w": "家里人", "sp": "Customer"}, {"p": 54, "c": 0.9, "s": 23621, "e": 23833, "w": "不", "sp": "Customer"}, {"p": 55, "c": 0.9, "s": 23833, "e": 24257, "w": "小心", "sp": "Customer"}, {"p": 56, "c": 0.9, "s": 24257, "e": 24682, "w": "大概", "sp": "Customer"}, {"p": 57, "c": 0.9, "s": 24682, "e": 25105, "w": "大概", "sp": "Customer"}, {"p": 58, "c": 0.9, "s": 25106, "e": 25318, "w": "蹭", "sp": "Customer"}, {"p": 59, "c": 0.9, "s": 25318, "e": 25530, "w": "到", "sp": "Customer"}, {"p": 60, "c": 0.9, "s": 25530, "e": 25742, "w": "了", "sp": "Customer"}, {"p": 61, "c": 0.9, "s": 25742, "e": 26167, "w": "然后", "sp": "Customer"}, {"p": 62, "c": 0.9, "s": 26167, "e": 26591, "w": "现在", "sp": "Customer"}, {"p": 63, "c": 0.9, "s": 26400, "e": 27460, "w": "嗯", "sp": "Agent"}, {"p": 64, "c": 0.9, "s": 26591, "e": 27015, "w": "就是", "sp": "Customer"}, {"p": 65, "c": 0.9, "s": 27015, "e": 27227, "w": "跳", "sp": "Customer"}, {"p": 66, "c": 0.9, "s": 27227, "e": 27651, "w": "出来", "sp": "Customer"}, {"p": 67, "c": 0.9, "s": 27652, "e": 28076, "w": "代码", "sp": "Customer"}, {"p": 68, "c": 0.9, "s": 28076, "e": 28288, "w": "零", "sp": "Customer"}, {"p": 69, "c": 0.9, "s": 28288, "e": 28500, "w": "幺", "sp": "Customer"}, {"p": 70, "c": 0.9, "s": 28500, "e": 28712, "w": "零", "sp": "Customer"}, {"p": 71, "c": 0.9, "s": 28712, "e": 29137, "w": "这个", "sp": "Customer"}, {"p": 72, "c": 0.9, "s": 29137, "e": 29560, "w": "东西", "sp": "Customer"}, {"p": 73, "c": 0.9, "s": 29561, "e": 29985, "w": "怎么", "sp": "Customer"}, {"p": 74, "c": 0.9, "s": 29985, "e": 30197, "w": "弄", "sp": "Customer"}, {"p": 75, "c": 0.9, "s": 30197, "e": 30410, "w": "掉", "sp": "Customer"}, {"p": 76, "c": 0.9, "s": 31300, "e": 31556, "w": "零", "sp": "Agent"}, {"p": 77, "c": 0.9, "s": 31556, "e": 31813, "w": "幺", "sp": "Agent"}, {"p": 78, "c": 0.9, "s": 31813, "e": 32069, "w": "零", "sp": "Agent"}, {"p": 79, "c": 0.9, "s": 32069, "e": 32326, "w": "您", "sp": "Agent"}, {"p": 80, "c": 0.9, "s": 32326, "e": 32582, "w": "看", "sp": "Agent"}, {"p": 81, "c": 0.9, "s": 32582, "e": 33095, "w": "一下", "sp": "Agent"}, {"p": 82, "c": 0.9, "s": 33095, "e": 33608, "w": "那个", "sp": "Agent"}, {"p": 83, "c": 0.9, "s": 33390, "e": 33815, "w": "对", "sp": "Customer"}, {"p": 84, "c": 0.9, "s": 33608, "e": 33865, "w": "零", "sp": "Agent"}, {"p": 85, "c": 0.9, "s": 33815, "e": 34239, "w": "呀", "sp": "Customer"}, {"p": 86, "c": 0.9, "s": 33865, "e": 34634, "w": "是不是", "sp": "Agent"}, {"p": 87, "c": 0.9, "s": 34240, "e": 35090, "w": "然后", "sp": "Customer"}, {"p": 88, "c": 0.9, "s": 34634, "e": 35147, "w": "没有", "sp": "Agent"}, {"p": 89, "c": 0.9, "s": 35147, "e": 35660, "w": "封口", "sp": "Agent"}, {"p": 90, "c": 0.9, "s": 35660, "e": 35917, "w": "是", "sp": "Agent"}, {"p": 91, "c": 0.9, "s": 35917, "e": 36430, "w": "一个", "sp": "Agent"}, {"p": 92, "c": 0.9, "s": 36710, "e": 37090, "w": "有", "sp": "Agent"}, {"p": 93, "c": 0.9, "s": 37090, "e": 37850, "w": "衣服", "sp": "Agent"}, {"p": 94, "c": 0.9, "s": 37850, "e": 38230, "w": "的", "sp": "Agent"}, {"p": 95, "c": 0.9, "s": 39540, "e": 39751, "w": "哦", "sp": "Customer"}, {"p": 96, "c": 0.9, "s": 39751, "e": 39961, "w": "你", "sp": "Customer"}, {"p": 97, "c": 0.9, "s": 39962, "e": 40174, "w": "让", "sp": "Customer"}, {"p": 98, "c": 0.9, "s": 40174, "e": 40385, "w": "我", "sp": "Customer"}, {"p": 99, "c": 0.9, "s": 40385, "e": 40808, "w": "看看", "sp": "Customer"}, {"p": 100, "c": 0.9, "s": 40808, "e": 41018, "w": "有", "sp": "Customer"}, {"p": 101, "c": 0.9, "s": 41019, "e": 41442, "w": "可能", "sp": "Customer"}, {"p": 102, "c": 0.9, "s": 41442, "e": 41653, "w": "是", "sp": "Customer"}, {"p": 103, "c": 0.9, "s": 41653, "e": 41864, "w": "U", "sp": "Customer"}, {"p": 104, "c": 0.9, "s": 41864, "e": 42076, "w": "幺", "sp": "Customer"}, {"p": 105, "c": 0.9, "s": 42076, "e": 42287, "w": "零", "sp": "Customer"}, {"p": 106, "c": 0.9, "s": 42287, "e": 42497, "w": "的", "sp": "Customer"}, {"p": 107, "c": 0.9, "s": 42498, "e": 42710, "w": "吧", "sp": "Customer"}, {"p": 108, "c": 0.9, "s": 43050, "e": 44079, "w": "嗯", "sp": "Agent"}, {"p": 109, "c": 0.9, "s": 44000, "e": 44297, "w": "嗯", "sp": "Customer"}, {"p": 110, "c": 0.9, "s": 44297, "e": 44891, "w": "不是", "sp": "Customer"}, {"p": 111, "c": 0.9, "s": 44891, "e": 45189, "w": "他", "sp": "Customer"}, {"p": 112, "c": 0.9, "s": 45189, "e": 45486, "w": "他", "sp": "Customer"}, {"p": 113, "c": 0.9, "s": 45486, "e": 46080, "w": "就是", "sp": "Customer"}, {"p": 114, "c": 0.9, "s": 46080, "e": 46378, "w": "零", "sp": "Customer"}, {"p": 115, "c": 0.9, "s": 46378, "e": 46675, "w": "幺", "sp": "Customer"}, {"p": 116, "c": 0.9, "s": 46675, "e": 46972, "w": "零", "sp": "Customer"}, {"p": 117, "c": 0.9, "s": 46972, "e": 47270, "w": "嘛", "sp": "Customer"}, {"p": 118, "c": 0.9, "s": 48210, "e": 48586, "w": "哎", "sp": "Customer"}, {"p": 119, "c": 0.9, "s": 48530, "e": 48760, "w": "好", "sp": "Agent"}, {"p": 120, "c": 0.9, "s": 48586, "e": 48962, "w": "我", "sp": "Customer"}, {"p": 121, "c": 0.9, "s": 48760, "e": 48989, "w": "的", "sp": "Agent"}, {"p": 122, "c": 0.9, "s": 48963, "e": 49340, "w": "的", "sp": "Customer"}, {"p": 123, "c": 0.9, "s": 48990, "e": 49220, "w": "那", "sp": "Agent"}, {"p": 124, "c": 0.9, "s": 49220, "e": 49450, "w": "您", "sp": "Agent"}, {"p": 125, "c": 0.9, "s": 49450, "e": 49680, "w": "有", "sp": "Agent"}, {"p": 126, "c": 0.9, "s": 49680, "e": 49910, "w": "试", "sp": "Agent"}, {"p": 127, "c": 0.9, "s": 49910, "e": 50140, "w": "过", "sp": "Agent"}, {"p": 128, "c": 0.9, "s": 50140, "e": 50600, "w": "断电", "sp": "Agent"}, {"p": 129, "c": 0.9, "s": 50600, "e": 51059, "w": "重启", "sp": "Agent"}, {"p": 130, "c": 0.9, "s": 51060, "e": 51520, "w": "一下", "sp": "Agent"}, {"p": 131, "c": 0.9, "s": 51520, "e": 51750, "w": "吗", "sp": "Agent"}, {"p": 132, "c": 0.9, "s": 52030, "e": 52735, "w": "怎么", "sp": "Customer"}, {"p": 133, "c": 0.9, "s": 52735, "e": 53087, "w": "充", "sp": "Customer"}, {"p": 134, "c": 0.9, "s": 53087, "e": 53440, "w": "钱", "sp": "Customer"}, {"p": 135, "c": 0.9, "s": 53570, "e": 53836, "w": "这", "sp": "Agent"}, {"p": 136, "c": 0.9, "s": 53837, "e": 54105, "w": "把", "sp": "Agent"}, {"p": 137, "c": 0.9, "s": 54105, "e": 54640, "w": "空调", "sp": "Agent"}, {"p": 138, "c": 0.9, "s": 54640, "e": 54906, "w": "的", "sp": "Agent"}, {"p": 139, "c": 0.9, "s": 54907, "e": 55175, "w": "总", "sp": "Agent"}, {"p": 140, "c": 0.9, "s": 55175, "e": 55710, "w": "电源", "sp": "Agent"}, {"p": 141, "c": 0.9, "s": 55710, "e": 55976, "w": "你", "sp": "Agent"}, {"p": 142, "c": 0.9, "s": 55977, "e": 56245, "w": "是", "sp": "Agent"}, {"p": 143, "c": 0.9, "s": 56245, "e": 56780, "w": "中央", "sp": "Agent"}, {"p": 144, "c": 0.9, "s": 56780, "e": 57315, "w": "空调", "sp": "Agent"}, {"p": 145, "c": 0.9, "s": 57315, "e": 57581, "w": "对", "sp": "Agent"}, {"p": 146, "c": 0.9, "s": 57582, "e": 57850, "w": "吗", "sp": "Agent"}, {"p": 147, "c": 0.9, "s": 58020, "e": 58262, "w": "对", "sp": "Customer"}, {"p": 148, "c": 0.9, "s": 58262, "e": 58504, "w": "的", "sp": "Customer"}, {"p": 149, "c": 0.9, "s": 58504, "e": 58746, "w": "对", "sp": "Customer"}, {"p": 150, "c": 0.9, "s": 58746, "e": 58988, "w": "的", "sp": "Customer"}, {"p": 151, "c": 0.9, "s": 58988, "e": 59230, "w": "总", "sp": "Customer"}, {"p": 152, "c": 0.9, "s": 59230, "e": 59472, "w": "你", "sp": "Customer"}, {"p": 153, "c": 0.9, "s": 59240, "e": 59503, "w": "嗯", "sp": "Agent"}, {"p": 154, "c": 0.9, "s": 59472, "e": 59714, "w": "的", "sp": "Customer"}, {"p": 155, "c": 0.9, "s": 59503, "e": 59766, "w": "您", "sp": "Agent"}, {"p": 156, "c": 0.9, "s": 59714, "e": 60198, "w": "意思", "sp": "Customer"}, {"p": 157, "c": 0.9, "s": 59766, "e": 60030, "w": "找", "sp": "Agent"}, {"p": 158, "c": 0.9, "s": 60030, "e": 60556, "w": "一下", "sp": "Agent"}, {"p": 159, "c": 0.9, "s": 60198, "e": 60925, "w": "就是说", "sp": "Customer"}, {"p": 160, "c": 0.9, "s": 60556, "e": 61083, "w": "客厅", "sp": "Agent"}, {"p": 161, "c": 0.9, "s": 60925, "e": 61167, "w": "要", "sp": "Customer"}, {"p": 162, "c": 0.9, "s": 61083, "e": 61873, "w": "配电箱", "sp": "Agent"}, {"p": 163, "c": 0.9, "s": 61167, "e": 61409, "w": "把", "sp": "Customer"}, {"p": 164, "c": 0.9, "s": 61409, "e": 61893, "w": "工资", "sp": "Customer"}, {"p": 165, "c": 0.9, "s": 61873, "e": 62400, "w": "里面", "sp": "Agent"}, {"p": 166, "c": 0.9, "s": 61893, "e": 62135, "w": "开", "sp": "Customer"}, {"p": 167, "c": 0.9, "s": 62135, "e": 62620, "w": "开发", "sp": "Customer"}, {"p": 168, "c": 0.9, "s": 63210, "e": 63402, "w": "呃", "sp": "Customer"}, {"p": 169, "c": 0.9, "s": 63402, "e": 63595, "w": "我", "sp": "Customer"}, {"p": 170, "c": 0.9, "s": 63595, "e": 63981, "w": "知道", "sp": "Customer"}, {"p": 171, "c": 0.9, "s": 63981, "e": 64173, "w": "你", "sp": "Customer"}, {"p": 172, "c": 0.9, "s": 64174, "e": 64367, "w": "的", "sp": "Customer"}, {"p": 173, "c": 0.9, "s": 64366, "e": 64752, "w": "意思", "sp": "Customer"}, {"p": 174, "c": 0.9, "s": 64752, "e": 65331, "w": "就是说", "sp": "Customer"}, {"p": 175, "c": 0.9, "s": 65331, "e": 65524, "w": "要", "sp": "Customer"}, {"p": 176, "c": 0.9, "s": 65524, "e": 65717, "w": "把", "sp": "Customer"}, {"p": 177, "c": 0.9, "s": 65717, "e": 66102, "w": "那个", "sp": "Customer"}, {"p": 178, "c": 0.9, "s": 66102, "e": 66488, "w": "空气", "sp": "Customer"}, {"p": 179, "c": 0.9, "s": 66488, "e": 66874, "w": "开关", "sp": "Customer"}, {"p": 180, "c": 0.9, "s": 66874, "e": 67260, "w": "关掉", "sp": "Customer"}, {"p": 181, "c": 0.9, "s": 67240, "e": 67558, "w": "嗯", "sp": "Agent"}, {"p": 182, "c": 0.9, "s": 67558, "e": 67876, "w": "再", "sp": "Agent"}, {"p": 183, "c": 0.9, "s": 67876, "e": 68194, "w": "过", "sp": "Agent"}, {"p": 184, "c": 0.9, "s": 68194, "e": 69467, "w": "十五分钟", "sp": "Agent"}, {"p": 185, "c": 0.9, "s": 68860, "e": 69450, "w": "是", "sp": "Customer"}, {"p": 186, "c": 0.9, "s": 69450, "e": 70039, "w": "吧", "sp": "Customer"}, {"p": 187, "c": 0.9, "s": 69467, "e": 70103, "w": "重启", "sp": "Agent"}, {"p": 188, "c": 0.9, "s": 70103, "e": 70740, "w": "一下", "sp": "Agent"}, {"p": 189, "c": 0.9, "s": 71380, "e": 72454, "w": "十五分钟", "sp": "Customer"}, {"p": 190, "c": 0.9, "s": 72455, "e": 72992, "w": "重启", "sp": "Customer"}, {"p": 191, "c": 0.9, "s": 72992, "e": 73530, "w": "一下", "sp": "Customer"}, {"p": 192, "c": 0.9, "s": 73670, "e": 74710, "w": "对", "sp": "Agent"}, {"p": 193, "c": 0.9, "s": 75060, "e": 76159, "w": "啊", "sp": "Customer"}, {"p": 194, "c": 0.9, "s": 76510, "e": 76785, "w": "我", "sp": "Customer"}, {"p": 195, "c": 0.9, "s": 76785, "e": 77060, "w": "先", "sp": "Customer"}, {"p": 196, "c": 0.9, "s": 76820, "e": 77310, "w": "如果", "sp": "Agent"}, {"p": 197, "c": 0.9, "s": 77060, "e": 77884, "w": "试试看", "sp": "Customer"}, {"p": 198, "c": 0.9, "s": 77310, "e": 77800, "w": "还是", "sp": "Agent"}, {"p": 199, "c": 0.9, "s": 77801, "e": 78291, "w": "不行", "sp": "Agent"}, {"p": 200, "c": 0.9, "s": 77885, "e": 78160, "w": "吧", "sp": "Customer"}, {"p": 201, "c": 0.9, "s": 78291, "e": 78782, "w": "的话", "sp": "Agent"}, {"p": 202, "c": 0.9, "s": 78782, "e": 79027, "w": "就", "sp": "Agent"}, {"p": 203, "c": 0.9, "s": 79027, "e": 79518, "w": "需要", "sp": "Agent"}, {"p": 204, "c": 0.9, "s": 79518, "e": 79763, "w": "去", "sp": "Agent"}, {"p": 205, "c": 0.9, "s": 79763, "e": 80254, "w": "上门", "sp": "Agent"}, {"p": 206, "c": 0.9, "s": 80254, "e": 80743, "w": "检查", "sp": "Agent"}, {"p": 207, "c": 0.9, "s": 80744, "e": 80990, "w": "了", "sp": "Agent"}, {"p": 208, "c": 0.9, "s": 82230, "e": 82500, "w": "我", "sp": "Customer"}, {"p": 209, "c": 0.9, "s": 82500, "e": 83040, "w": "知道", "sp": "Customer"}, {"p": 210, "c": 0.9, "s": 83040, "e": 83580, "w": "因为", "sp": "Customer"}, {"p": 211, "c": 0.9, "s": 83580, "e": 84120, "w": "因为", "sp": "Customer"}, {"p": 212, "c": 0.9, "s": 84050, "e": 84990, "w": "嗯", "sp": "Agent"}, {"p": 213, "c": 0.9, "s": 84120, "e": 84660, "w": "其实", "sp": "Customer"}, {"p": 214, "c": 0.9, "s": 84660, "e": 85200, "w": "就是", "sp": "Customer"}, {"p": 215, "c": 0.9, "s": 85200, "e": 85469, "w": "其", "sp": "Customer"}, {"p": 216, "c": 0.9, "s": 85470, "e": 86010, "w": "实是", "sp": "Customer"}, {"p": 217, "c": 0.9, "s": 86010, "e": 86550, "w": "碰到", "sp": "Customer"}, {"p": 218, "c": 0.9, "s": 86550, "e": 86820, "w": "了", "sp": "Customer"}, {"p": 219, "c": 0.9, "s": 87860, "e": 88353, "w": "没", "sp": "Customer"}, {"p": 220, "c": 0.9, "s": 88353, "e": 89833, "w": "有没有", "sp": "Customer"}, {"p": 221, "c": 0.9, "s": 89833, "e": 90820, "w": "真的", "sp": "Customer"}, {"p": 222, "c": 0.9, "s": 91370, "e": 91810, "w": "了解", "sp": "Agent"}, {"p": 223, "c": 0.9, "s": 91810, "e": 92030, "w": "那", "sp": "Agent"}, {"p": 224, "c": 0.9, "s": 92030, "e": 92251, "w": "您", "sp": "Agent"}, {"p": 225, "c": 0.9, "s": 92251, "e": 92471, "w": "先", "sp": "Agent"}, {"p": 226, "c": 0.9, "s": 92471, "e": 92691, "w": "试", "sp": "Agent"}, {"p": 227, "c": 0.9, "s": 92691, "e": 93132, "w": "一下", "sp": "Agent"}, {"p": 228, "c": 0.9, "s": 93132, "e": 93572, "w": "如果", "sp": "Agent"}, {"p": 229, "c": 0.9, "s": 93572, "e": 94013, "w": "打开", "sp": "Agent"}, {"p": 230, "c": 0.9, "s": 94013, "e": 94453, "w": "之后", "sp": "Agent"}, {"p": 231, "c": 0.9, "s": 94453, "e": 94894, "w": "还是", "sp": "Agent"}, {"p": 232, "c": 0.9, "s": 94894, "e": 95114, "w": "有", "sp": "Agent"}, {"p": 233, "c": 0.9, "s": 95114, "e": 95554, "w": "故障", "sp": "Agent"}, {"p": 234, "c": 0.9, "s": 95554, "e": 95995, "w": "代码", "sp": "Agent"}, {"p": 235, "c": 0.9, "s": 95995, "e": 96435, "w": "的话", "sp": "Agent"}, {"p": 236, "c": 0.9, "s": 96435, "e": 96656, "w": "那", "sp": "Agent"}, {"p": 237, "c": 0.9, "s": 96656, "e": 97096, "w": "就是", "sp": "Agent"}, {"p": 238, "c": 0.9, "s": 97096, "e": 97537, "w": "需要", "sp": "Agent"}, {"p": 239, "c": 0.9, "s": 97537, "e": 97977, "w": "上门", "sp": "Agent"}, {"p": 240, "c": 0.9, "s": 97977, "e": 98197, "w": "的", "sp": "Agent"}, {"p": 241, "c": 0.9, "s": 98197, "e": 98418, "w": "他", "sp": "Agent"}, {"p": 242, "c": 0.9, "s": 98418, "e": 98858, "w": "这个", "sp": "Agent"}, {"p": 243, "c": 0.9, "s": 98858, "e": 99299, "w": "就是", "sp": "Agent"}, {"p": 244, "c": 0.9, "s": 99299, "e": 99519, "w": "有", "sp": "Agent"}, {"p": 245, "c": 0.9, "s": 99519, "e": 99959, "w": "故障", "sp": "Agent"}, {"p": 246, "c": 0.9, "s": 99610, "e": 99807, "w": "啊", "sp": "Customer"}, {"p": 247, "c": 0.9, "s": 99807, "e": 100005, "w": "我", "sp": "Customer"}, {"p": 248, "c": 0.9, "s": 99959, "e": 100180, "w": "的", "sp": "Agent"}, {"p": 249, "c": 0.9, "s": 100005, "e": 100399, "w": "明白", "sp": "Customer"}, {"p": 250, "c": 0.9, "s": 100400, "e": 100597, "w": "了", "sp": "Customer"}, {"p": 251, "c": 0.9, "s": 100597, "e": 100795, "w": "好", "sp": "Customer"}, {"p": 252, "c": 0.9, "s": 100795, "e": 100992, "w": "的", "sp": "Customer"}, {"p": 253, "c": 0.9, "s": 100992, "e": 101189, "w": "我", "sp": "Customer"}, {"p": 254, "c": 0.9, "s": 101190, "e": 101387, "w": "先", "sp": "Customer"}, {"p": 255, "c": 0.9, "s": 101387, "e": 101980, "w": "试试看", "sp": "Customer"}, {"p": 256, "c": 0.9, "s": 101980, "e": 102177, "w": "吧", "sp": "Customer"}, {"p": 257, "c": 0.9, "s": 102177, "e": 102375, "w": "啊", "sp": "Customer"}, {"p": 258, "c": 0.9, "s": 102375, "e": 102770, "w": "因为", "sp": "Customer"}, {"p": 259, "c": 0.9, "s": 102770, "e": 103164, "w": "因为", "sp": "Customer"}, {"p": 260, "c": 0.9, "s": 103165, "e": 103757, "w": "差不多", "sp": "Customer"}, {"p": 261, "c": 0.9, "s": 103300, "e": 103826, "w": "嗯", "sp": "Agent"}, {"p": 262, "c": 0.9, "s": 103757, "e": 103955, "w": "的", "sp": "Customer"}, {"p": 263, "c": 0.9, "s": 103826, "e": 104353, "w": "好", "sp": "Agent"}, {"p": 264, "c": 0.9, "s": 103955, "e": 104350, "w": "东西", "sp": "Customer"}, {"p": 265, "c": 0.9, "s": 104350, "e": 104547, "w": "按", "sp": "Customer"}, {"p": 266, "c": 0.9, "s": 104353, "e": 104880, "w": "的", "sp": "Agent"}, {"p": 267, "c": 0.9, "s": 104547, "e": 104941, "w": "任何", "sp": "Customer"}, {"p": 268, "c": 0.9, "s": 104942, "e": 105337, "w": "东西", "sp": "Customer"}, {"p": 269, "c": 0.9, "s": 105337, "e": 105731, "w": "任何", "sp": "Customer"}, {"p": 270, "c": 0.9, "s": 105732, "e": 105930, "w": "东", "sp": "Customer"}, {"p": 271, "c": 0.9, "s": 105930, "e": 106325, "w": "西都", "sp": "Customer"}, {"p": 272, "c": 0.9, "s": 106325, "e": 106719, "w": "没有", "sp": "Customer"}, {"p": 273, "c": 0.9, "s": 106720, "e": 107115, "w": "反应", "sp": "Customer"}, {"p": 274, "c": 0.9, "s": 107115, "e": 107312, "w": "的", "sp": "Customer"}, {"p": 275, "c": 0.9, "s": 107312, "e": 107509, "w": "啊", "sp": "Customer"}, {"p": 276, "c": 0.9, "s": 109280, "e": 109484, "w": "那", "sp": "Agent"}, {"p": 277, "c": 0.9, "s": 109484, "e": 109689, "w": "您", "sp": "Agent"}, {"p": 278, "c": 0.9, "s": 109689, "e": 109894, "w": "看", "sp": "Agent"}, {"p": 279, "c": 0.9, "s": 109894, "e": 110302, "w": "一下", "sp": "Agent"}, {"p": 280, "c": 0.9, "s": 110010, "e": 110620, "w": "啊", "sp": "Customer"}, {"p": 281, "c": 0.9, "s": 110303, "e": 110508, "w": "钥", "sp": "Agent"}, {"p": 282, "c": 0.9, "s": 110508, "e": 110918, "w": "就是", "sp": "Agent"}, {"p": 283, "c": 0.9, "s": 110620, "e": 111230, "w": "我", "sp": "Customer"}, {"p": 284, "c": 0.9, "s": 110918, "e": 111326, "w": "面板", "sp": "Agent"}, {"p": 285, "c": 0.9, "s": 111327, "e": 111532, "w": "上", "sp": "Agent"}, {"p": 286, "c": 0.9, "s": 111532, "e": 112146, "w": "有没有", "sp": "Agent"}, {"p": 287, "c": 0.9, "s": 112146, "e": 112556, "w": "一个", "sp": "Agent"}, {"p": 288, "c": 0.9, "s": 112556, "e": 112965, "w": "钥匙", "sp": "Agent"}, {"p": 289, "c": 0.9, "s": 112965, "e": 113170, "w": "的", "sp": "Agent"}, {"p": 290, "c": 0.9, "s": 113170, "e": 113580, "w": "标志", "sp": "Agent"}, {"p": 291, "c": 0.9, "s": 114430, "e": 114667, "w": "呃", "sp": "Customer"}, {"p": 292, "c": 0.9, "s": 114667, "e": 114905, "w": "我", "sp": "Customer"}, {"p": 293, "c": 0.9, "s": 114905, "e": 115380, "w": "现在", "sp": "Customer"}, {"p": 294, "c": 0.9, "s": 115380, "e": 115855, "w": "关掉", "sp": "Customer"}, {"p": 295, "c": 0.9, "s": 115856, "e": 116093, "w": "了", "sp": "Customer"}, {"p": 296, "c": 0.9, "s": 116093, "e": 116569, "w": "钥匙", "sp": "Customer"}, {"p": 297, "c": 0.9, "s": 116569, "e": 117044, "w": "钥匙", "sp": "Customer"}, {"p": 298, "c": 0.9, "s": 117044, "e": 117520, "w": "没有", "sp": "Customer"}, {"p": 299, "c": 0.9, "s": 117570, "e": 118010, "w": "没有", "sp": "Agent"}, {"p": 300, "c": 0.9, "s": 118010, "e": 118230, "w": "是", "sp": "Agent"}, {"p": 301, "c": 0.9, "s": 118230, "e": 118450, "w": "吧", "sp": "Agent"}, {"p": 302, "c": 0.9, "s": 118450, "e": 118670, "w": "那", "sp": "Agent"}, {"p": 303, "c": 0.9, "s": 118670, "e": 118890, "w": "您", "sp": "Agent"}, {"p": 304, "c": 0.9, "s": 118890, "e": 119770, "w": "断断续续", "sp": "Agent"}, {"p": 305, "c": 0.9, "s": 119250, "e": 120320, "w": "嗯", "sp": "Customer"}, {"p": 306, "c": 0.9, "s": 119770, "e": 119990, "w": "试", "sp": "Agent"}, {"p": 307, "c": 0.9, "s": 119990, "e": 120430, "w": "一下", "sp": "Agent"}, {"p": 308, "c": 0.9, "s": 120940, "e": 121476, "w": "好好", "sp": "Customer"}, {"p": 309, "c": 0.9, "s": 121476, "e": 121743, "w": "我", "sp": "Customer"}, {"p": 310, "c": 0.9, "s": 121744, "e": 122012, "w": "先", "sp": "Customer"}, {"p": 311, "c": 0.9, "s": 122012, "e": 122816, "w": "试试看", "sp": "Customer"}, {"p": 312, "c": 0.9, "s": 122270, "e": 122477, "w": "嗯", "sp": "Agent"}, {"p": 313, "c": 0.9, "s": 122477, "e": 122684, "w": "好", "sp": "Agent"}, {"p": 314, "c": 0.9, "s": 122684, "e": 122891, "w": "的", "sp": "Agent"}, {"p": 315, "c": 0.9, "s": 122816, "e": 123084, "w": "好", "sp": "Customer"}, {"p": 316, "c": 0.9, "s": 122891, "e": 123098, "w": "嗯", "sp": "Agent"}, {"p": 317, "c": 0.9, "s": 123084, "e": 123352, "w": "的", "sp": "Customer"}, {"p": 318, "c": 0.9, "s": 123098, "e": 123306, "w": "那", "sp": "Agent"}, {"p": 319, "c": 0.9, "s": 123306, "e": 123720, "w": "先生", "sp": "Agent"}, {"p": 320, "c": 0.9, "s": 123352, "e": 123619, "w": "好", "sp": "Customer"}, {"p": 321, "c": 0.9, "s": 123620, "e": 123888, "w": "的", "sp": "Customer"}, {"p": 322, "c": 0.9, "s": 123720, "e": 123927, "w": "嗯", "sp": "Agent"}, {"p": 323, "c": 0.9, "s": 123888, "e": 124156, "w": "好", "sp": "Customer"}, {"p": 324, "c": 0.9, "s": 123927, "e": 124135, "w": "不", "sp": "Agent"}, {"p": 325, "c": 0.9, "s": 124135, "e": 124549, "w": "客气", "sp": "Agent"}, {"p": 326, "c": 0.9, "s": 124156, "e": 124423, "w": "的", "sp": "Customer"}, {"p": 327, "c": 0.9, "s": 124424, "e": 124960, "w": "谢谢", "sp": "Customer"}, {"p": 328, "c": 0.9, "s": 124549, "e": 124756, "w": "的", "sp": "Agent"}, {"p": 329, "c": 0.9, "s": 124756, "e": 124964, "w": "那", "sp": "Agent"}, {"p": 330, "c": 0.9, "s": 124960, "e": 125229, "w": "啊", "sp": "Customer"}, {"p": 331, "c": 0.9, "s": 124964, "e": 125378, "w": "先生", "sp": "Agent"}, {"p": 332, "c": 0.9, "s": 125229, "e": 125765, "w": "谢谢", "sp": "Customer"}, {"p": 333, "c": 0.9, "s": 125378, "e": 125792, "w": "稍后", "sp": "Agent"}, {"p": 334, "c": 0.9, "s": 125765, "e": 126033, "w": "嗯", "sp": "Customer"}, {"p": 335, "c": 0.9, "s": 125792, "e": 126000, "w": "也", "sp": "Agent"}, {"p": 336, "c": 0.9, "s": 126000, "e": 126414, "w": "开通", "sp": "Agent"}, {"p": 337, "c": 0.9, "s": 126033, "e": 126300, "w": "嗯", "sp": "Customer"}, {"p": 338, "c": 0.9, "s": 126301, "e": 126569, "w": "嗯", "sp": "Customer"}, {"p": 339, "c": 0.9, "s": 126414, "e": 126621, "w": "微", "sp": "Agent"}, {"p": 340, "c": 0.9, "s": 126569, "e": 126837, "w": "好", "sp": "Customer"}, {"p": 341, "c": 0.9, "s": 126621, "e": 126829, "w": "信", "sp": "Agent"}, {"p": 342, "c": 0.9, "s": 126829, "e": 127243, "w": "公众", "sp": "Agent"}, {"p": 343, "c": 0.9, "s": 126837, "e": 127373, "w": "好好", "sp": "Customer"}, {"p": 344, "c": 0.9, "s": 127243, "e": 127450, "w": "号", "sp": "Agent"}, {"p": 345, "c": 0.9, "s": 127373, "e": 127909, "w": "拜拜", "sp": "Customer"}, {"p": 346, "c": 0.9, "s": 127450, "e": 127865, "w": "欢迎", "sp": "Agent"}, {"p": 347, "c": 0.9, "s": 127865, "e": 128278, "w": "关注", "sp": "Agent"}, {"p": 348, "c": 0.9, "s": 127909, "e": 128177, "w": "嗯", "sp": "Customer"}, {"p": 349, "c": 0.9, "s": 128177, "e": 128445, "w": "嗯", "sp": "Customer"}, {"p": 350, "c": 0.9, "s": 128279, "e": 128694, "w": "麻烦", "sp": "Agent"}, {"p": 351, "c": 0.9, "s": 128445, "e": 128713, "w": "嗯", "sp": "Customer"}, {"p": 352, "c": 0.9, "s": 128694, "e": 129108, "w": "稍后", "sp": "Agent"}, {"p": 353, "c": 0.9, "s": 128713, "e": 128981, "w": "嗯", "sp": "Customer"}, {"p": 354, "c": 0.9, "s": 128981, "e": 129250, "w": "嗯", "sp": "Customer"}, {"p": 355, "c": 0.9, "s": 129108, "e": 129315, "w": "对", "sp": "Agent"}, {"p": 356, "c": 0.9, "s": 129315, "e": 129729, "w": "本次", "sp": "Agent"}, {"p": 357, "c": 0.9, "s": 129530, "e": 129936, "w": "嗯", "sp": "Customer"}, {"p": 358, "c": 0.9, "s": 129729, "e": 130144, "w": "通话", "sp": "Agent"}, {"p": 359, "c": 0.9, "s": 129936, "e": 130343, "w": "嗯", "sp": "Customer"}, {"p": 360, "c": 0.9, "s": 130144, "e": 130558, "w": "进行", "sp": "Agent"}, {"p": 361, "c": 0.9, "s": 130343, "e": 130750, "w": "嗯", "sp": "Customer"}, {"p": 362, "c": 0.9, "s": 130559, "e": 130973, "w": "一个", "sp": "Agent"}, {"p": 363, "c": 0.9, "s": 130973, "e": 131388, "w": "评价", "sp": "Agent"}, {"p": 364, "c": 0.9, "s": 131388, "e": 131802, "w": "可以", "sp": "Agent"}, {"p": 365, "c": 0.9, "s": 131640, "e": 132313, "w": "哎", "sp": "Customer"}, {"p": 366, "c": 0.9, "s": 131802, "e": 132010, "w": "吗", "sp": "Agent"}, {"p": 367, "c": 0.9, "s": 132313, "e": 133660, "w": "好好", "sp": "Customer"}, {"p": 368, "c": 0.9, "s": 132590, "e": 132830, "w": "嗯", "sp": "Agent"}, {"p": 369, "c": 0.9, "s": 132830, "e": 133070, "w": "好", "sp": "Agent"}, {"p": 370, "c": 0.9, "s": 133070, "e": 133310, "w": "的", "sp": "Agent"}, {"p": 371, "c": 0.9, "s": 133310, "e": 133790, "w": "祝您", "sp": "Agent"}, {"p": 372, "c": 0.9, "s": 133790, "e": 134269, "w": "生活", "sp": "Agent"}, {"p": 373, "c": 0.9, "s": 134270, "e": 134750, "w": "愉快", "sp": "Agent"}, {"p": 374, "c": 0.9, "s": 134750, "e": 135230, "w": "再见", "sp": "Agent"}, {"p": 375, "c": 0.9, "s": 135340, "e": 136480, "w": "嗯", "sp": "Customer"}, {"p": 376, "c": 0.9, "s": 136980, "e": 137265, "w": "请", "sp": "Agent"}, {"p": 377, "c": 0.9, "s": 137266, "e": 137553, "w": "对", "sp": "Agent"}, {"p": 378, "c": 0.9, "s": 137553, "e": 138125, "w": "本次", "sp": "Agent"}, {"p": 379, "c": 0.9, "s": 138126, "e": 138700, "w": "服务", "sp": "Agent"}, {"p": 380, "c": 0.9, "s": 138700, "e": 138986, "w": "做", "sp": "Agent"}, {"p": 381, "c": 0.9, "s": 138986, "e": 139560, "w": "评价", "sp": "Agent"}, {"p": 382, "c": 0.9, "s": 139840, "e": 140528, "w": "非常", "sp": "Agent"}, {"p": 383, "c": 0.9, "s": 140528, "e": 141216, "w": "满意", "sp": "Agent"}, {"p": 384, "c": 0.9, "s": 141216, "e": 141560, "w": "请", "sp": "Agent"}, {"p": 385, "c": 0.9, "s": 141560, "e": 141903, "w": "按", "sp": "Agent"}, {"p": 386, "c": 0.9, "s": 141904, "e": 142248, "w": "一", "sp": "Agent"}, {"p": 387, "c": 0.9, "s": 142248, "e": 142936, "w": "满意", "sp": "Agent"}, {"p": 388, "c": 0.9, "s": 142936, "e": 143280, "w": "请", "sp": "Agent"}, {"p": 389, "c": 0.9, "s": 144280, "e": 145258, "w": "感谢您", "sp": "Agent"}, {"p": 390, "c": 0.9, "s": 145258, "e": 145584, "w": "的", "sp": "Agent"}, {"p": 391, "c": 0.9, "s": 145585, "e": 146237, "w": "来电", "sp": "Agent"}, {"p": 392, "c": 0.9, "s": 146237, "e": 146890, "w": "再见", "sp": "Agent"}]}, "plainText": "六零 二 一号 为您服务 下午 好 大街 售后 很 高兴 为您服务 请问 有 什么\n啊\n可以\n我\n帮\n问\n您\n呃 我 咨询 一个 事情\n嗯\n你\n您\n稍 等等\n请\n我\n说\n咨询 个 事情 呃 我 中央 空调 那个 上面 不是 呃 不是 有 那个 面板 的 吗 然后 呢 家里人 不 小心 大概 大概 蹭 到 了 然后 现在\n嗯\n就是 跳 出来 代码 零 幺 零 这个 东西 怎么 弄 掉\n零 幺 零 您 看 一下 那个\n对\n零\n呀\n是不是\n然后\n没有 封口 是 一个 有 衣服 的\n哦 你 让 我 看看 有 可能 是 U 幺 零 的 吧\n嗯\n嗯 不是 他 他 就是 零 幺 零 嘛 哎\n好\n我\n的\n的\n那 您 有 试 过 断电 重启 一下 吗\n怎么 充 钱\n这 把 空调 的 总 电源 你 是 中央 空调 对 吗\n对 的 对 的 总 你\n嗯\n的\n您\n意思\n找 一下\n就是说\n客厅\n要\n配电箱\n把 工资\n里面\n开 开发 呃 我 知道 你 的 意思 就是说 要 把 那个 空气 开关 关掉\n嗯 再 过 十五分钟\n是 吧\n重启 一下\n十五分钟 重启 一下\n对\n啊 我 先\n如果\n试试看\n还是 不行\n吧\n的话 就 需要 去 上门 检查 了\n我 知道 因为 因为\n嗯\n其实 就是 其 实是 碰到 了 没 有没有 真的\n了解 那 您 先 试 一下 如果 打开 之后 还是 有 故障 代码 的话 那 就是 需要 上门 的 他 这个 就是 有 故障\n啊 我\n的\n明白 了 好 的 我 先 试试看 吧 啊 因为 因为 差不多\n嗯\n的\n好\n东西 按\n的\n任何 东西 任何 东 西都 没有 反应 的 啊\n那 您 看 一下\n啊\n钥 就是\n我\n面板 上 有没有 一个 钥匙 的 标志\n呃 我 现在 关掉 了 钥匙 钥匙 没有\n没有 是 吧 那 您 断断续续\n嗯\n试 一下\n好好 我 先 试试看\n嗯 好 的\n好\n嗯\n的\n那 先生\n好 的\n嗯\n好\n不 客气\n的 谢谢\n的 那\n啊\n先生\n谢谢\n稍后\n嗯\n也 开通\n嗯 嗯\n微\n好\n信 公众\n好好\n号\n拜拜\n欢迎 关注\n嗯 嗯\n麻烦\n嗯\n稍后\n嗯 嗯\n对 本次\n嗯\n通话\n嗯\n进行\n嗯\n一个 评价 可以\n哎\n吗\n好好\n嗯 好 的 祝您 生活 愉快 再见\n嗯\n请 对 本次 服务 做 评价 非常 满意 请 按 一 满意 请 感谢您 的 来电 再见", "plainTextTime": {"verbatims": [{"s": 3480, "e": 12281, "w": "六零 二 一号 为您服务 下午 好 大街 售后 很 高兴 为您服务 请问 有 什么", "sp": "Agent"}, {"s": 12090, "e": 12380, "w": "啊", "sp": "Customer"}, {"s": 12281, "e": 12600, "w": "可以", "sp": "Agent"}, {"s": 12380, "e": 12670, "w": "我", "sp": "Customer"}, {"s": 12600, "e": 12760, "w": "帮", "sp": "Agent"}, {"s": 12670, "e": 12960, "w": "问", "sp": "Customer"}, {"s": 12760, "e": 12920, "w": "您", "sp": "Agent"}, {"s": 12960, "e": 15280, "w": "呃 我 咨询 一个 事情", "sp": "Customer"}, {"s": 15370, "e": 15765, "w": "嗯", "sp": "Agent"}, {"s": 15560, "e": 15772, "w": "你", "sp": "Customer"}, {"s": 15765, "e": 16160, "w": "您", "sp": "Agent"}, {"s": 15772, "e": 16408, "w": "稍 等等", "sp": "Customer"}, {"s": 16160, "e": 16555, "w": "请", "sp": "Agent"}, {"s": 16408, "e": 16620, "w": "我", "sp": "Customer"}, {"s": 16555, "e": 16950, "w": "说", "sp": "Agent"}, {"s": 16620, "e": 26591, "w": "咨询 个 事情 呃 我 中央 空调 那个 上面 不是 呃 不是 有 那个 面板 的 吗 然后 呢 家里人 不 小心 大概 大概 蹭 到 了 然后 现在", "sp": "Customer"}, {"s": 26400, "e": 27460, "w": "嗯", "sp": "Agent"}, {"s": 26591, "e": 30410, "w": "就是 跳 出来 代码 零 幺 零 这个 东西 怎么 弄 掉", "sp": "Customer"}, {"s": 31300, "e": 33608, "w": "零 幺 零 您 看 一下 那个", "sp": "Agent"}, {"s": 33390, "e": 33815, "w": "对", "sp": "Customer"}, {"s": 33608, "e": 33865, "w": "零", "sp": "Agent"}, {"s": 33815, "e": 34239, "w": "呀", "sp": "Customer"}, {"s": 33865, "e": 34634, "w": "是不是", "sp": "Agent"}, {"s": 34240, "e": 35090, "w": "然后", "sp": "Customer"}, {"s": 34634, "e": 38230, "w": "没有 封口 是 一个 有 衣服 的", "sp": "Agent"}, {"s": 39540, "e": 42710, "w": "哦 你 让 我 看看 有 可能 是 U 幺 零 的 吧", "sp": "Customer"}, {"s": 43050, "e": 44079, "w": "嗯", "sp": "Agent"}, {"s": 44000, "e": 48586, "w": "嗯 不是 他 他 就是 零 幺 零 嘛 哎", "sp": "Customer"}, {"s": 48530, "e": 48760, "w": "好", "sp": "Agent"}, {"s": 48586, "e": 48962, "w": "我", "sp": "Customer"}, {"s": 48760, "e": 48989, "w": "的", "sp": "Agent"}, {"s": 48963, "e": 49340, "w": "的", "sp": "Customer"}, {"s": 48990, "e": 51750, "w": "那 您 有 试 过 断电 重启 一下 吗", "sp": "Agent"}, {"s": 52030, "e": 53440, "w": "怎么 充 钱", "sp": "Customer"}, {"s": 53570, "e": 57850, "w": "这 把 空调 的 总 电源 你 是 中央 空调 对 吗", "sp": "Agent"}, {"s": 58020, "e": 59472, "w": "对 的 对 的 总 你", "sp": "Customer"}, {"s": 59240, "e": 59503, "w": "嗯", "sp": "Agent"}, {"s": 59472, "e": 59714, "w": "的", "sp": "Customer"}, {"s": 59503, "e": 59766, "w": "您", "sp": "Agent"}, {"s": 59714, "e": 60198, "w": "意思", "sp": "Customer"}, {"s": 59766, "e": 60556, "w": "找 一下", "sp": "Agent"}, {"s": 60198, "e": 60925, "w": "就是说", "sp": "Customer"}, {"s": 60556, "e": 61083, "w": "客厅", "sp": "Agent"}, {"s": 60925, "e": 61167, "w": "要", "sp": "Customer"}, {"s": 61083, "e": 61873, "w": "配电箱", "sp": "Agent"}, {"s": 61167, "e": 61893, "w": "把 工资", "sp": "Customer"}, {"s": 61873, "e": 62400, "w": "里面", "sp": "Agent"}, {"s": 61893, "e": 67260, "w": "开 开发 呃 我 知道 你 的 意思 就是说 要 把 那个 空气 开关 关掉", "sp": "Customer"}, {"s": 67240, "e": 69467, "w": "嗯 再 过 十五分钟", "sp": "Agent"}, {"s": 68860, "e": 70039, "w": "是 吧", "sp": "Customer"}, {"s": 69467, "e": 70740, "w": "重启 一下", "sp": "Agent"}, {"s": 71380, "e": 73530, "w": "十五分钟 重启 一下", "sp": "Customer"}, {"s": 73670, "e": 74710, "w": "对", "sp": "Agent"}, {"s": 75060, "e": 77060, "w": "啊 我 先", "sp": "Customer"}, {"s": 76820, "e": 77310, "w": "如果", "sp": "Agent"}, {"s": 77060, "e": 77884, "w": "试试看", "sp": "Customer"}, {"s": 77310, "e": 78291, "w": "还是 不行", "sp": "Agent"}, {"s": 77885, "e": 78160, "w": "吧", "sp": "Customer"}, {"s": 78291, "e": 80990, "w": "的话 就 需要 去 上门 检查 了", "sp": "Agent"}, {"s": 82230, "e": 84120, "w": "我 知道 因为 因为", "sp": "Customer"}, {"s": 84050, "e": 84990, "w": "嗯", "sp": "Agent"}, {"s": 84120, "e": 90820, "w": "其实 就是 其 实是 碰到 了 没 有没有 真的", "sp": "Customer"}, {"s": 91370, "e": 99959, "w": "了解 那 您 先 试 一下 如果 打开 之后 还是 有 故障 代码 的话 那 就是 需要 上门 的 他 这个 就是 有 故障", "sp": "Agent"}, {"s": 99610, "e": 100005, "w": "啊 我", "sp": "Customer"}, {"s": 99959, "e": 100180, "w": "的", "sp": "Agent"}, {"s": 100005, "e": 103757, "w": "明白 了 好 的 我 先 试试看 吧 啊 因为 因为 差不多", "sp": "Customer"}, {"s": 103300, "e": 103826, "w": "嗯", "sp": "Agent"}, {"s": 103757, "e": 103955, "w": "的", "sp": "Customer"}, {"s": 103826, "e": 104353, "w": "好", "sp": "Agent"}, {"s": 103955, "e": 104547, "w": "东西 按", "sp": "Customer"}, {"s": 104353, "e": 104880, "w": "的", "sp": "Agent"}, {"s": 104547, "e": 107509, "w": "任何 东西 任何 东 西都 没有 反应 的 啊", "sp": "Customer"}, {"s": 109280, "e": 110302, "w": "那 您 看 一下", "sp": "Agent"}, {"s": 110010, "e": 110620, "w": "啊", "sp": "Customer"}, {"s": 110303, "e": 110918, "w": "钥 就是", "sp": "Agent"}, {"s": 110620, "e": 111230, "w": "我", "sp": "Customer"}, {"s": 110918, "e": 113580, "w": "面板 上 有没有 一个 钥匙 的 标志", "sp": "Agent"}, {"s": 114430, "e": 117520, "w": "呃 我 现在 关掉 了 钥匙 钥匙 没有", "sp": "Customer"}, {"s": 117570, "e": 119770, "w": "没有 是 吧 那 您 断断续续", "sp": "Agent"}, {"s": 119250, "e": 120320, "w": "嗯", "sp": "Customer"}, {"s": 119770, "e": 120430, "w": "试 一下", "sp": "Agent"}, {"s": 120940, "e": 122816, "w": "好好 我 先 试试看", "sp": "Customer"}, {"s": 122270, "e": 122891, "w": "嗯 好 的", "sp": "Agent"}, {"s": 122816, "e": 123084, "w": "好", "sp": "Customer"}, {"s": 122891, "e": 123098, "w": "嗯", "sp": "Agent"}, {"s": 123084, "e": 123352, "w": "的", "sp": "Customer"}, {"s": 123098, "e": 123720, "w": "那 先生", "sp": "Agent"}, {"s": 123352, "e": 123888, "w": "好 的", "sp": "Customer"}, {"s": 123720, "e": 123927, "w": "嗯", "sp": "Agent"}, {"s": 123888, "e": 124156, "w": "好", "sp": "Customer"}, {"s": 123927, "e": 124549, "w": "不 客气", "sp": "Agent"}, {"s": 124156, "e": 124960, "w": "的 谢谢", "sp": "Customer"}, {"s": 124549, "e": 124964, "w": "的 那", "sp": "Agent"}, {"s": 124960, "e": 125229, "w": "啊", "sp": "Customer"}, {"s": 124964, "e": 125378, "w": "先生", "sp": "Agent"}, {"s": 125229, "e": 125765, "w": "谢谢", "sp": "Customer"}, {"s": 125378, "e": 125792, "w": "稍后", "sp": "Agent"}, {"s": 125765, "e": 126033, "w": "嗯", "sp": "Customer"}, {"s": 125792, "e": 126414, "w": "也 开通", "sp": "Agent"}, {"s": 126033, "e": 126569, "w": "嗯 嗯", "sp": "Customer"}, {"s": 126414, "e": 126621, "w": "微", "sp": "Agent"}, {"s": 126569, "e": 126837, "w": "好", "sp": "Customer"}, {"s": 126621, "e": 127243, "w": "信 公众", "sp": "Agent"}, {"s": 126837, "e": 127373, "w": "好好", "sp": "Customer"}, {"s": 127243, "e": 127450, "w": "号", "sp": "Agent"}, {"s": 127373, "e": 127909, "w": "拜拜", "sp": "Customer"}, {"s": 127450, "e": 128278, "w": "欢迎 关注", "sp": "Agent"}, {"s": 127909, "e": 128445, "w": "嗯 嗯", "sp": "Customer"}, {"s": 128279, "e": 128694, "w": "麻烦", "sp": "Agent"}, {"s": 128445, "e": 128713, "w": "嗯", "sp": "Customer"}, {"s": 128694, "e": 129108, "w": "稍后", "sp": "Agent"}, {"s": 128713, "e": 129250, "w": "嗯 嗯", "sp": "Customer"}, {"s": 129108, "e": 129729, "w": "对 本次", "sp": "Agent"}, {"s": 129530, "e": 129936, "w": "嗯", "sp": "Customer"}, {"s": 129729, "e": 130144, "w": "通话", "sp": "Agent"}, {"s": 129936, "e": 130343, "w": "嗯", "sp": "Customer"}, {"s": 130144, "e": 130558, "w": "进行", "sp": "Agent"}, {"s": 130343, "e": 130750, "w": "嗯", "sp": "Customer"}, {"s": 130559, "e": 131802, "w": "一个 评价 可以", "sp": "Agent"}, {"s": 131640, "e": 132313, "w": "哎", "sp": "Customer"}, {"s": 131802, "e": 132010, "w": "吗", "sp": "Agent"}, {"s": 132313, "e": 133660, "w": "好好", "sp": "Customer"}, {"s": 132590, "e": 135230, "w": "嗯 好 的 祝您 生活 愉快 再见", "sp": "Agent"}, {"s": 135340, "e": 136480, "w": "嗯", "sp": "Customer"}, {"s": 136980, "e": 146890, "w": "请 对 本次 服务 做 评价 非常 满意 请 按 一 满意 请 感谢您 的 来电 再见", "sp": "Agent"}]}, "aqm": {"greeting": {"greeting_said": "为您服务, 售后, 高兴, 请问", "n_greeting_said": 4, "score": 1}, "closing": {"closing_said": "生活, 愉快, 再见", "n_closing_said": 3, "score": 1}, "speed": {"speed_max": 4.89, "n_words": 5, "words": "那 您 看 一下", "start": 109280, "end": 110302}}}