{"mediaId": "2022031317445527678300200000550602", "status": "Success", "dateCreated": "2022-03-21T18:45:50Z", "contentType": "audio/x-wav", "channels": "future use", "length": 82, "metadata": {"Sid": 10189, "Site_id": 783, "Audio_ch_num": 5506, "Audio_module_num": 783002, "Audio_start_time_gmt": "2022-03-13T09:43:33.613+08:00", "Transaction_id": "2022031317445527678300200000550602", "ContactID": "9204480190950000022", "Personal_id": "0", "Direction": 0, "Local_audio_start_time": "2022-03-13T17:43:33.613+08:00", "Local_audio_end_time": "2022-03-13T17:44:55.613+08:00", "Total_hold_time": "0", "Pbx_login_id": "", "Ani": "90102155368221", "Extension": "155368221", "String_extension": "90102155368221", "Switch_call_id": "SIP/AUDIO/083E1600-C577-20D4-3F63-5A78B092227C", "Switch_id": "783000001", "Duration_seconds": 82, "Wrapup_time_in_seconds": "0", "Dnis": "18621773186", "Number_of_conferences": "0", "Number_of_holds": "0", "Number_of_transfers": "0", "Percent_of_agent_call": "35", "Percent_of_other_call": "21", "Percent_of_mutual_silence": "19", "Num_of_agent_cross": "5", "Num_of_other_cross": "6", "IsException": 0}, "transcript_detailed": {"words": [{"p": 1, "c": 0.9, "s": 3920, "e": 5886, "w": "六零", "sp": "Agent"}, {"p": 2, "c": 0.9, "s": 5886, "e": 6870, "w": "二", "sp": "Agent"}, {"p": 3, "c": 0.9, "s": 7500, "e": 7876, "w": "号", "sp": "Agent"}, {"p": 4, "c": 0.9, "s": 7876, "e": 9380, "w": "为您服务", "sp": "Agent"}, {"p": 5, "c": 0.9, "s": 10240, "e": 10414, "w": "晚", "sp": "Agent"}, {"p": 6, "c": 0.9, "s": 10414, "e": 10763, "w": "上好", "sp": "Agent"}, {"p": 7, "c": 0.9, "s": 10763, "e": 10938, "w": "大", "sp": "Agent"}, {"p": 8, "c": 0.9, "s": 10938, "e": 11287, "w": "金书", "sp": "Agent"}, {"p": 9, "c": 0.9, "s": 11287, "e": 11460, "w": "很", "sp": "Agent"}, {"p": 10, "c": 0.9, "s": 11461, "e": 11810, "w": "高兴", "sp": "Agent"}, {"p": 11, "c": 0.9, "s": 11810, "e": 12509, "w": "为您服务", "sp": "Agent"}, {"p": 12, "c": 0.9, "s": 12509, "e": 12858, "w": "请问", "sp": "Agent"}, {"p": 13, "c": 0.9, "s": 12858, "e": 13032, "w": "有", "sp": "Agent"}, {"p": 14, "c": 0.9, "s": 13032, "e": 13381, "w": "什么", "sp": "Agent"}, {"p": 15, "c": 0.9, "s": 13381, "e": 13730, "w": "可以", "sp": "Agent"}, {"p": 16, "c": 0.9, "s": 13730, "e": 13905, "w": "帮", "sp": "Agent"}, {"p": 17, "c": 0.9, "s": 13905, "e": 14080, "w": "您", "sp": "Agent"}, {"p": 18, "c": 0.9, "s": 13990, "e": 14219, "w": "哎", "sp": "Customer"}, {"p": 19, "c": 0.9, "s": 14220, "e": 14682, "w": "你好", "sp": "Customer"}, {"p": 20, "c": 0.9, "s": 14682, "e": 15143, "w": "就是", "sp": "Customer"}, {"p": 21, "c": 0.9, "s": 15143, "e": 15374, "w": "我", "sp": "Customer"}, {"p": 22, "c": 0.9, "s": 15374, "e": 15835, "w": "这边", "sp": "Customer"}, {"p": 23, "c": 0.9, "s": 15835, "e": 16066, "w": "我", "sp": "Customer"}, {"p": 24, "c": 0.9, "s": 16066, "e": 16296, "w": "想", "sp": "Customer"}, {"p": 25, "c": 0.9, "s": 16296, "e": 16527, "w": "买", "sp": "Customer"}, {"p": 26, "c": 0.9, "s": 16527, "e": 16989, "w": "一些", "sp": "Customer"}, {"p": 27, "c": 0.9, "s": 16989, "e": 17219, "w": "买", "sp": "Customer"}, {"p": 28, "c": 0.9, "s": 17219, "e": 17450, "w": "一", "sp": "Customer"}, {"p": 29, "c": 0.9, "s": 17450, "e": 17681, "w": "台", "sp": "Customer"}, {"p": 30, "c": 0.9, "s": 17681, "e": 18142, "w": "那个", "sp": "Customer"}, {"p": 31, "c": 0.9, "s": 18142, "e": 18603, "w": "船上", "sp": "Customer"}, {"p": 32, "c": 0.9, "s": 18603, "e": 18834, "w": "用", "sp": "Customer"}, {"p": 33, "c": 0.9, "s": 18834, "e": 19065, "w": "的", "sp": "Customer"}, {"p": 34, "c": 0.9, "s": 19065, "e": 19526, "w": "这种", "sp": "Customer"}, {"p": 35, "c": 0.9, "s": 19220, "e": 20250, "w": "嗯", "sp": "Agent"}, {"p": 36, "c": 0.9, "s": 19526, "e": 19987, "w": "船用", "sp": "Customer"}, {"p": 37, "c": 0.9, "s": 19988, "e": 20449, "w": "空调", "sp": "Customer"}, {"p": 38, "c": 0.9, "s": 20449, "e": 20680, "w": "啊", "sp": "Customer"}, {"p": 39, "c": 0.9, "s": 20680, "e": 21141, "w": "这个", "sp": "Customer"}, {"p": 40, "c": 0.9, "s": 21141, "e": 21603, "w": "大型", "sp": "Customer"}, {"p": 41, "c": 0.9, "s": 21603, "e": 21833, "w": "的", "sp": "Customer"}, {"p": 42, "c": 0.9, "s": 21833, "e": 22295, "w": "这个", "sp": "Customer"}, {"p": 43, "c": 0.9, "s": 22295, "e": 22525, "w": "嗯", "sp": "Customer"}, {"p": 44, "c": 0.9, "s": 22525, "e": 22756, "w": "该", "sp": "Customer"}, {"p": 45, "c": 0.9, "s": 22756, "e": 22987, "w": "找", "sp": "Customer"}, {"p": 46, "c": 0.9, "s": 22987, "e": 23217, "w": "谁", "sp": "Customer"}, {"p": 47, "c": 0.9, "s": 23217, "e": 23678, "w": "联系", "sp": "Customer"}, {"p": 48, "c": 0.9, "s": 23679, "e": 23910, "w": "啊", "sp": "Customer"}, {"p": 49, "c": 0.9, "s": 24610, "e": 24849, "w": "你", "sp": "Agent"}, {"p": 50, "c": 0.9, "s": 24849, "e": 25327, "w": "想要", "sp": "Agent"}, {"p": 51, "c": 0.9, "s": 25327, "e": 25805, "w": "购买", "sp": "Agent"}, {"p": 52, "c": 0.9, "s": 25805, "e": 26044, "w": "全", "sp": "Agent"}, {"p": 53, "c": 0.9, "s": 26044, "e": 26283, "w": "用", "sp": "Agent"}, {"p": 54, "c": 0.9, "s": 26283, "e": 26761, "w": "空调", "sp": "Agent"}, {"p": 55, "c": 0.9, "s": 26761, "e": 27000, "w": "是", "sp": "Agent"}, {"p": 56, "c": 0.9, "s": 27000, "e": 27240, "w": "吗", "sp": "Agent"}, {"p": 57, "c": 0.9, "s": 27230, "e": 28270, "w": "对", "sp": "Customer"}, {"p": 58, "c": 0.9, "s": 28340, "e": 28583, "w": "您", "sp": "Agent"}, {"p": 59, "c": 0.9, "s": 28583, "e": 28826, "w": "稍", "sp": "Agent"}, {"p": 60, "c": 0.9, "s": 28826, "e": 29069, "w": "等", "sp": "Agent"}, {"p": 61, "c": 0.9, "s": 29069, "e": 29312, "w": "我", "sp": "Agent"}, {"p": 62, "c": 0.9, "s": 29312, "e": 29555, "w": "帮", "sp": "Agent"}, {"p": 63, "c": 0.9, "s": 29555, "e": 29798, "w": "您", "sp": "Agent"}, {"p": 64, "c": 0.9, "s": 29798, "e": 30041, "w": "看", "sp": "Agent"}, {"p": 65, "c": 0.9, "s": 30041, "e": 30527, "w": "一下", "sp": "Agent"}, {"p": 66, "c": 0.9, "s": 30527, "e": 30770, "w": "您", "sp": "Agent"}, {"p": 67, "c": 0.9, "s": 30770, "e": 31256, "w": "方便", "sp": "Agent"}, {"p": 68, "c": 0.9, "s": 31256, "e": 31499, "w": "记", "sp": "Agent"}, {"p": 69, "c": 0.9, "s": 31499, "e": 31985, "w": "一下", "sp": "Agent"}, {"p": 70, "c": 0.9, "s": 31985, "e": 32471, "w": "这个", "sp": "Agent"}, {"p": 71, "c": 0.9, "s": 32471, "e": 32957, "w": "常用", "sp": "Agent"}, {"p": 72, "c": 0.9, "s": 32957, "e": 33443, "w": "电话", "sp": "Agent"}, {"p": 73, "c": 0.9, "s": 33443, "e": 33686, "w": "的", "sp": "Agent"}, {"p": 74, "c": 0.9, "s": 33686, "e": 34172, "w": "一个", "sp": "Agent"}, {"p": 75, "c": 0.9, "s": 34172, "e": 34658, "w": "号码", "sp": "Agent"}, {"p": 76, "c": 0.9, "s": 34658, "e": 34901, "w": "吗", "sp": "Agent"}, {"p": 77, "c": 0.9, "s": 34901, "e": 35144, "w": "您", "sp": "Agent"}, {"p": 78, "c": 0.9, "s": 35144, "e": 35630, "w": "联系", "sp": "Agent"}, {"p": 79, "c": 0.9, "s": 35290, "e": 35627, "w": "嗯", "sp": "Customer"}, {"p": 80, "c": 0.9, "s": 35627, "e": 35964, "w": "好", "sp": "Customer"}, {"p": 81, "c": 0.9, "s": 35630, "e": 35873, "w": "这", "sp": "Agent"}, {"p": 82, "c": 0.9, "s": 35873, "e": 36360, "w": "个人", "sp": "Agent"}, {"p": 83, "c": 0.9, "s": 35964, "e": 36301, "w": "的", "sp": "Customer"}, {"p": 84, "c": 0.9, "s": 36301, "e": 36638, "w": "好", "sp": "Customer"}, {"p": 85, "c": 0.9, "s": 36638, "e": 36975, "w": "的", "sp": "Customer"}, {"p": 86, "c": 0.9, "s": 36975, "e": 37312, "w": "好", "sp": "Customer"}, {"p": 87, "c": 0.9, "s": 37040, "e": 37360, "w": "嗯", "sp": "Agent"}, {"p": 88, "c": 0.9, "s": 37312, "e": 37650, "w": "的", "sp": "Customer"}, {"p": 89, "c": 0.9, "s": 37360, "e": 37680, "w": "您", "sp": "Agent"}, {"p": 90, "c": 0.9, "s": 37680, "e": 38000, "w": "记", "sp": "Agent"}, {"p": 91, "c": 0.9, "s": 38000, "e": 38640, "w": "一下", "sp": "Agent"}, {"p": 92, "c": 0.9, "s": 38640, "e": 38960, "w": "是", "sp": "Agent"}, {"p": 93, "c": 0.9, "s": 38960, "e": 39280, "w": "幺", "sp": "Agent"}, {"p": 94, "c": 0.9, "s": 39280, "e": 39920, "w": "三三", "sp": "Agent"}, {"p": 95, "c": 0.9, "s": 40160, "e": 40643, "w": "幺", "sp": "Customer"}, {"p": 96, "c": 0.9, "s": 40643, "e": 41610, "w": "三三", "sp": "Customer"}, {"p": 97, "c": 0.9, "s": 42090, "e": 42577, "w": "零", "sp": "Agent"}, {"p": 98, "c": 0.9, "s": 42577, "e": 43065, "w": "幺", "sp": "Agent"}, {"p": 99, "c": 0.9, "s": 43065, "e": 44039, "w": "六零", "sp": "Agent"}, {"p": 100, "c": 0.9, "s": 44180, "e": 44617, "w": "零", "sp": "Customer"}, {"p": 101, "c": 0.9, "s": 44617, "e": 45055, "w": "幺", "sp": "Customer"}, {"p": 102, "c": 0.9, "s": 45055, "e": 45930, "w": "六零", "sp": "Customer"}, {"p": 103, "c": 0.9, "s": 47240, "e": 47592, "w": "对", "sp": "Agent"}, {"p": 104, "c": 0.9, "s": 47592, "e": 48295, "w": "二三", "sp": "Agent"}, {"p": 105, "c": 0.9, "s": 48296, "e": 49000, "w": "零六", "sp": "Agent"}, {"p": 106, "c": 0.9, "s": 49370, "e": 50077, "w": "二三", "sp": "Customer"}, {"p": 107, "c": 0.9, "s": 50077, "e": 50784, "w": "零六", "sp": "Customer"}, {"p": 108, "c": 0.9, "s": 50784, "e": 51138, "w": "嗯", "sp": "Customer"}, {"p": 109, "c": 0.9, "s": 51138, "e": 51491, "w": "好", "sp": "Customer"}, {"p": 110, "c": 0.9, "s": 51491, "e": 51845, "w": "的", "sp": "Customer"}, {"p": 111, "c": 0.9, "s": 51570, "e": 51975, "w": "对", "sp": "Agent"}, {"p": 112, "c": 0.9, "s": 51845, "e": 52199, "w": "他", "sp": "Customer"}, {"p": 113, "c": 0.9, "s": 51976, "e": 52788, "w": "然后", "sp": "Agent"}, {"p": 114, "c": 0.9, "s": 52199, "e": 52906, "w": "贵姓", "sp": "Customer"}, {"p": 115, "c": 0.9, "s": 52788, "e": 53600, "w": "还有", "sp": "Agent"}, {"p": 116, "c": 0.9, "s": 52906, "e": 53260, "w": "啊", "sp": "Customer"}, {"p": 117, "c": 0.9, "s": 53600, "e": 54413, "w": "一个", "sp": "Agent"}, {"p": 118, "c": 0.9, "s": 54413, "e": 54818, "w": "做", "sp": "Agent"}, {"p": 119, "c": 0.9, "s": 54819, "e": 55225, "w": "呃", "sp": "Agent"}, {"p": 120, "c": 0.9, "s": 55070, "e": 55403, "w": "啊", "sp": "Customer"}, {"p": 121, "c": 0.9, "s": 55225, "e": 55630, "w": "张", "sp": "Agent"}, {"p": 122, "c": 0.9, "s": 55403, "e": 55736, "w": "他", "sp": "Customer"}, {"p": 123, "c": 0.9, "s": 55631, "e": 56037, "w": "张", "sp": "Agent"}, {"p": 124, "c": 0.9, "s": 55736, "e": 56070, "w": "是", "sp": "Customer"}, {"p": 125, "c": 0.9, "s": 56037, "e": 56850, "w": "先生", "sp": "Agent"}, {"p": 126, "c": 0.9, "s": 57060, "e": 57321, "w": "啊", "sp": "Customer"}, {"p": 127, "c": 0.9, "s": 57321, "e": 57843, "w": "长期", "sp": "Customer"}, {"p": 128, "c": 0.9, "s": 57844, "e": 58367, "w": "政策", "sp": "Customer"}, {"p": 129, "c": 0.9, "s": 58367, "e": 58628, "w": "好", "sp": "Customer"}, {"p": 130, "c": 0.9, "s": 58570, "e": 58775, "w": "对", "sp": "Agent"}, {"p": 131, "c": 0.9, "s": 58628, "e": 58890, "w": "的", "sp": "Customer"}, {"p": 132, "c": 0.9, "s": 58775, "e": 59186, "w": "然后", "sp": "Agent"}, {"p": 133, "c": 0.9, "s": 59186, "e": 59597, "w": "号码", "sp": "Agent"}, {"p": 134, "c": 0.9, "s": 59597, "e": 60008, "w": "还有", "sp": "Agent"}, {"p": 135, "c": 0.9, "s": 60008, "e": 60419, "w": "一个", "sp": "Agent"}, {"p": 136, "c": 0.9, "s": 60419, "e": 60829, "w": "座机", "sp": "Agent"}, {"p": 137, "c": 0.9, "s": 60830, "e": 61240, "w": "号码", "sp": "Agent"}, {"p": 138, "c": 0.9, "s": 61240, "e": 61446, "w": "您", "sp": "Agent"}, {"p": 139, "c": 0.9, "s": 61446, "e": 61857, "w": "方便", "sp": "Agent"}, {"p": 140, "c": 0.9, "s": 61857, "e": 62062, "w": "记", "sp": "Agent"}, {"p": 141, "c": 0.9, "s": 62062, "e": 62268, "w": "吗", "sp": "Agent"}, {"p": 142, "c": 0.9, "s": 62268, "e": 62473, "w": "是", "sp": "Agent"}, {"p": 143, "c": 0.9, "s": 62473, "e": 62679, "w": "零", "sp": "Agent"}, {"p": 144, "c": 0.9, "s": 62679, "e": 62884, "w": "二", "sp": "Agent"}, {"p": 145, "c": 0.9, "s": 62884, "e": 63090, "w": "幺", "sp": "Agent"}, {"p": 146, "c": 0.9, "s": 63230, "e": 64036, "w": "应该", "sp": "Customer"}, {"p": 147, "c": 0.9, "s": 63670, "e": 64073, "w": "零", "sp": "Agent"}, {"p": 148, "c": 0.9, "s": 64036, "e": 64440, "w": "有", "sp": "Customer"}, {"p": 149, "c": 0.9, "s": 64073, "e": 64477, "w": "二", "sp": "Agent"}, {"p": 150, "c": 0.9, "s": 64477, "e": 64881, "w": "幺", "sp": "Agent"}, {"p": 151, "c": 0.9, "s": 64882, "e": 65691, "w": "六三", "sp": "Agent"}, {"p": 152, "c": 0.9, "s": 65691, "e": 66500, "w": "二二", "sp": "Agent"}, {"p": 153, "c": 0.9, "s": 66710, "e": 67435, "w": "一三", "sp": "Customer"}, {"p": 154, "c": 0.9, "s": 67435, "e": 68159, "w": "二二", "sp": "Customer"}, {"p": 155, "c": 0.9, "s": 68600, "e": 68997, "w": "四", "sp": "Agent"}, {"p": 156, "c": 0.9, "s": 68997, "e": 69395, "w": "幺", "sp": "Agent"}, {"p": 157, "c": 0.9, "s": 69395, "e": 70189, "w": "九八", "sp": "Agent"}, {"p": 158, "c": 0.9, "s": 70510, "e": 70880, "w": "四", "sp": "Customer"}, {"p": 159, "c": 0.9, "s": 70880, "e": 71250, "w": "幺", "sp": "Customer"}, {"p": 160, "c": 0.9, "s": 71250, "e": 71990, "w": "九八", "sp": "Customer"}, {"p": 161, "c": 0.9, "s": 71990, "e": 72360, "w": "好", "sp": "Customer"}, {"p": 162, "c": 0.9, "s": 72360, "e": 72730, "w": "的", "sp": "Customer"}, {"p": 163, "c": 0.9, "s": 73580, "e": 73789, "w": "对", "sp": "Agent"}, {"p": 164, "c": 0.9, "s": 73789, "e": 74207, "w": "女士", "sp": "Agent"}, {"p": 165, "c": 0.9, "s": 74207, "e": 74416, "w": "您", "sp": "Agent"}, {"p": 166, "c": 0.9, "s": 74416, "e": 74834, "w": "稍后", "sp": "Agent"}, {"p": 167, "c": 0.9, "s": 74834, "e": 75253, "w": "咨询", "sp": "Agent"}, {"p": 168, "c": 0.9, "s": 75253, "e": 75671, "w": "一下", "sp": "Agent"}, {"p": 169, "c": 0.9, "s": 75671, "e": 75880, "w": "嗯", "sp": "Agent"}, {"p": 170, "c": 0.9, "s": 75880, "e": 76298, "w": "还有", "sp": "Agent"}, {"p": 171, "c": 0.9, "s": 76298, "e": 76715, "w": "其他", "sp": "Agent"}, {"p": 172, "c": 0.9, "s": 76716, "e": 76926, "w": "的", "sp": "Agent"}, {"p": 173, "c": 0.9, "s": 76926, "e": 77344, "w": "能够", "sp": "Agent"}, {"p": 174, "c": 0.9, "s": 77344, "e": 77553, "w": "帮", "sp": "Agent"}, {"p": 175, "c": 0.9, "s": 77553, "e": 77762, "w": "到", "sp": "Agent"}, {"p": 176, "c": 0.9, "s": 77762, "e": 77971, "w": "您", "sp": "Agent"}, {"p": 177, "c": 0.9, "s": 77971, "e": 78180, "w": "的", "sp": "Agent"}, {"p": 178, "c": 0.9, "s": 78180, "e": 78390, "w": "吗", "sp": "Agent"}, {"p": 179, "c": 0.9, "s": 79030, "e": 79196, "w": "嗯", "sp": "Agent"}, {"p": 180, "c": 0.9, "s": 79196, "e": 79362, "w": "好", "sp": "Agent"}, {"p": 181, "c": 0.9, "s": 79362, "e": 79528, "w": "的", "sp": "Agent"}, {"p": 182, "c": 0.9, "s": 79528, "e": 79694, "w": "那", "sp": "Agent"}, {"p": 183, "c": 0.9, "s": 79694, "e": 80026, "w": "这边", "sp": "Agent"}, {"p": 184, "c": 0.9, "s": 80026, "e": 80358, "w": "稍后", "sp": "Agent"}, {"p": 185, "c": 0.9, "s": 80358, "e": 80524, "w": "也", "sp": "Agent"}, {"p": 186, "c": 0.9, "s": 80524, "e": 80856, "w": "开通", "sp": "Agent"}, {"p": 187, "c": 0.9, "s": 80856, "e": 81022, "w": "微", "sp": "Agent"}, {"p": 188, "c": 0.9, "s": 81022, "e": 81188, "w": "信", "sp": "Agent"}, {"p": 189, "c": 0.9, "s": 81188, "e": 81520, "w": "公众", "sp": "Agent"}]}, "plainText": "六零 二 号 为您服务 晚 上好 大 金书 很 高兴 为您服务 请问 有 什么 可以 帮 您\n哎 你好 就是 我 这边 我 想 买 一些 买 一 台 那个 船上 用 的 这种\n嗯\n船用 空调 啊 这个 大型 的 这个 嗯 该 找 谁 联系 啊\n你 想要 购买 全 用 空调 是 吗\n对\n您 稍 等 我 帮 您 看 一下 您 方便 记 一下 这个 常用 电话 的 一个 号码 吗 您 联系\n嗯 好\n这 个人\n的 好 的 好\n嗯\n的\n您 记 一下 是 幺 三三\n幺 三三\n零 幺 六零\n零 幺 六零\n对 二三 零六\n二三 零六 嗯 好 的\n对\n他\n然后\n贵姓\n还有\n啊\n一个 做 呃\n啊\n张\n他\n张\n是\n先生\n啊 长期 政策 好\n对\n的\n然后 号码 还有 一个 座机 号码 您 方便 记 吗 是 零 二 幺\n应该\n零\n有\n二 幺 六三 二二\n一三 二二\n四 幺 九八\n四 幺 九八 好 的\n对 女士 您 稍后 咨询 一下 嗯 还有 其他 的 能够 帮 到 您 的 吗 嗯 好 的 那 这边 稍后 也 开通 微 信 公众", "plainTextTime": {"verbatims": [{"s": 3920, "e": 14080, "w": "六零 二 号 为您服务 晚 上好 大 金书 很 高兴 为您服务 请问 有 什么 可以 帮 您", "sp": "Agent"}, {"s": 13990, "e": 19526, "w": "哎 你好 就是 我 这边 我 想 买 一些 买 一 台 那个 船上 用 的 这种", "sp": "Customer"}, {"s": 19220, "e": 20250, "w": "嗯", "sp": "Agent"}, {"s": 19526, "e": 23910, "w": "船用 空调 啊 这个 大型 的 这个 嗯 该 找 谁 联系 啊", "sp": "Customer"}, {"s": 24610, "e": 27240, "w": "你 想要 购买 全 用 空调 是 吗", "sp": "Agent"}, {"s": 27230, "e": 28270, "w": "对", "sp": "Customer"}, {"s": 28340, "e": 35630, "w": "您 稍 等 我 帮 您 看 一下 您 方便 记 一下 这个 常用 电话 的 一个 号码 吗 您 联系", "sp": "Agent"}, {"s": 35290, "e": 35964, "w": "嗯 好", "sp": "Customer"}, {"s": 35630, "e": 36360, "w": "这 个人", "sp": "Agent"}, {"s": 35964, "e": 37312, "w": "的 好 的 好", "sp": "Customer"}, {"s": 37040, "e": 37360, "w": "嗯", "sp": "Agent"}, {"s": 37312, "e": 37650, "w": "的", "sp": "Customer"}, {"s": 37360, "e": 39920, "w": "您 记 一下 是 幺 三三", "sp": "Agent"}, {"s": 40160, "e": 41610, "w": "幺 三三", "sp": "Customer"}, {"s": 42090, "e": 44039, "w": "零 幺 六零", "sp": "Agent"}, {"s": 44180, "e": 45930, "w": "零 幺 六零", "sp": "Customer"}, {"s": 47240, "e": 49000, "w": "对 二三 零六", "sp": "Agent"}, {"s": 49370, "e": 51845, "w": "二三 零六 嗯 好 的", "sp": "Customer"}, {"s": 51570, "e": 51975, "w": "对", "sp": "Agent"}, {"s": 51845, "e": 52199, "w": "他", "sp": "Customer"}, {"s": 51976, "e": 52788, "w": "然后", "sp": "Agent"}, {"s": 52199, "e": 52906, "w": "贵姓", "sp": "Customer"}, {"s": 52788, "e": 53600, "w": "还有", "sp": "Agent"}, {"s": 52906, "e": 53260, "w": "啊", "sp": "Customer"}, {"s": 53600, "e": 55225, "w": "一个 做 呃", "sp": "Agent"}, {"s": 55070, "e": 55403, "w": "啊", "sp": "Customer"}, {"s": 55225, "e": 55630, "w": "张", "sp": "Agent"}, {"s": 55403, "e": 55736, "w": "他", "sp": "Customer"}, {"s": 55631, "e": 56037, "w": "张", "sp": "Agent"}, {"s": 55736, "e": 56070, "w": "是", "sp": "Customer"}, {"s": 56037, "e": 56850, "w": "先生", "sp": "Agent"}, {"s": 57060, "e": 58628, "w": "啊 长期 政策 好", "sp": "Customer"}, {"s": 58570, "e": 58775, "w": "对", "sp": "Agent"}, {"s": 58628, "e": 58890, "w": "的", "sp": "Customer"}, {"s": 58775, "e": 63090, "w": "然后 号码 还有 一个 座机 号码 您 方便 记 吗 是 零 二 幺", "sp": "Agent"}, {"s": 63230, "e": 64036, "w": "应该", "sp": "Customer"}, {"s": 63670, "e": 64073, "w": "零", "sp": "Agent"}, {"s": 64036, "e": 64440, "w": "有", "sp": "Customer"}, {"s": 64073, "e": 66500, "w": "二 幺 六三 二二", "sp": "Agent"}, {"s": 66710, "e": 68159, "w": "一三 二二", "sp": "Customer"}, {"s": 68600, "e": 70189, "w": "四 幺 九八", "sp": "Agent"}, {"s": 70510, "e": 72730, "w": "四 幺 九八 好 的", "sp": "Customer"}, {"s": 73580, "e": 81520, "w": "对 女士 您 稍后 咨询 一下 嗯 还有 其他 的 能够 帮 到 您 的 吗 嗯 好 的 那 这边 稍后 也 开通 微 信 公众", "sp": "Agent"}]}, "aqm": {"greeting": {"greeting_said": "为您服务, 高兴, 请问", "n_greeting_said": 3, "score": 1}, "closing": {"closing_said": "您", "n_closing_said": 1, "score": 0}, "speed": {"speed_max": 4.87, "n_words": 21, "words": "然后 号码 还有 一个 座机 号码 您 方便 记 吗 是 零 二 幺", "start": 58775, "end": 63090}}}