{"mediaId": "2022031318182470478300200000551102", "status": "Success", "dateCreated": "2022-03-21T18:45:50Z", "contentType": "audio/x-wav", "channels": "future use", "length": 229, "metadata": {"Sid": 10198, "Site_id": 783, "Audio_ch_num": 5511, "Audio_module_num": 783002, "Audio_start_time_gmt": "2022-03-13T10:14:36.02+08:00", "Transaction_id": "2022031318182470478300200000551102", "ContactID": "9204480211040000022", "Personal_id": "0", "Direction": 0, "Local_audio_start_time": "2022-03-13T18:14:36.02+08:00", "Local_audio_end_time": "2022-03-13T18:18:25.02+08:00", "Total_hold_time": "0", "Pbx_login_id": "", "Ani": "90102155368221", "Extension": "155368221", "String_extension": "90102155368221", "Switch_call_id": "SIP/AUDIO/083E1600-C577-24A1-1DF9-C9D7F497175B", "Switch_id": "783000001", "Duration_seconds": 229, "Wrapup_time_in_seconds": "0", "Dnis": "18012862015", "Number_of_conferences": "0", "Number_of_holds": "0", "Number_of_transfers": "0", "Percent_of_agent_call": "92", "Percent_of_other_call": "43", "Percent_of_mutual_silence": "83", "Num_of_agent_cross": "13", "Num_of_other_cross": "2", "IsException": 0}, "transcript_detailed": {"words": [{"p": 1, "c": 0.9, "s": 63960, "e": 64568, "w": "六", "sp": "Agent"}, {"p": 2, "c": 0.9, "s": 64568, "e": 65786, "w": "零三", "sp": "Agent"}, {"p": 3, "c": 0.9, "s": 65786, "e": 66395, "w": "八", "sp": "Agent"}, {"p": 4, "c": 0.9, "s": 66395, "e": 67004, "w": "号", "sp": "Agent"}, {"p": 5, "c": 0.9, "s": 67004, "e": 69439, "w": "为您服务", "sp": "Agent"}, {"p": 6, "c": 0.9, "s": 70330, "e": 70662, "w": "下午", "sp": "Agent"}, {"p": 7, "c": 0.9, "s": 70662, "e": 70828, "w": "好", "sp": "Agent"}, {"p": 8, "c": 0.9, "s": 70828, "e": 71160, "w": "大厅", "sp": "Agent"}, {"p": 9, "c": 0.9, "s": 71160, "e": 71492, "w": "售后", "sp": "Agent"}, {"p": 10, "c": 0.9, "s": 71492, "e": 71658, "w": "很", "sp": "Agent"}, {"p": 11, "c": 0.9, "s": 71658, "e": 71990, "w": "高兴", "sp": "Agent"}, {"p": 12, "c": 0.9, "s": 71990, "e": 72654, "w": "为您服务", "sp": "Agent"}, {"p": 13, "c": 0.9, "s": 72654, "e": 72986, "w": "请问", "sp": "Agent"}, {"p": 14, "c": 0.9, "s": 72986, "e": 73152, "w": "有", "sp": "Agent"}, {"p": 15, "c": 0.9, "s": 73152, "e": 73484, "w": "什么", "sp": "Agent"}, {"p": 16, "c": 0.9, "s": 73484, "e": 73816, "w": "需要", "sp": "Agent"}, {"p": 17, "c": 0.9, "s": 73816, "e": 74148, "w": "帮助", "sp": "Agent"}, {"p": 18, "c": 0.9, "s": 74148, "e": 74314, "w": "的", "sp": "Agent"}, {"p": 19, "c": 0.9, "s": 74314, "e": 74480, "w": "呢", "sp": "Agent"}, {"p": 20, "c": 0.9, "s": 74520, "e": 74745, "w": "哎", "sp": "Customer"}, {"p": 21, "c": 0.9, "s": 74746, "e": 75200, "w": "我家", "sp": "Customer"}, {"p": 22, "c": 0.9, "s": 75200, "e": 75425, "w": "的", "sp": "Customer"}, {"p": 23, "c": 0.9, "s": 75426, "e": 75880, "w": "一个", "sp": "Customer"}, {"p": 24, "c": 0.9, "s": 75880, "e": 76333, "w": "空调", "sp": "Customer"}, {"p": 25, "c": 0.9, "s": 76333, "e": 76786, "w": "怎么", "sp": "Customer"}, {"p": 26, "c": 0.9, "s": 76786, "e": 77013, "w": "开", "sp": "Customer"}, {"p": 27, "c": 0.9, "s": 77013, "e": 77240, "w": "不", "sp": "Customer"}, {"p": 28, "c": 0.9, "s": 77240, "e": 77693, "w": "起来", "sp": "Customer"}, {"p": 29, "c": 0.9, "s": 77693, "e": 77920, "w": "了", "sp": "Customer"}, {"p": 30, "c": 0.9, "s": 78340, "e": 78550, "w": "是", "sp": "Agent"}, {"p": 31, "c": 0.9, "s": 78551, "e": 78974, "w": "家用", "sp": "Agent"}, {"p": 32, "c": 0.9, "s": 78974, "e": 79185, "w": "的", "sp": "Agent"}, {"p": 33, "c": 0.9, "s": 79185, "e": 79396, "w": "装", "sp": "Agent"}, {"p": 34, "c": 0.9, "s": 79396, "e": 79819, "w": "空调", "sp": "Agent"}, {"p": 35, "c": 0.9, "s": 79819, "e": 80030, "w": "吗", "sp": "Agent"}, {"p": 36, "c": 0.9, "s": 80030, "e": 80452, "w": "还是", "sp": "Agent"}, {"p": 37, "c": 0.9, "s": 80430, "e": 80703, "w": "对", "sp": "Customer"}, {"p": 38, "c": 0.9, "s": 80453, "e": 80876, "w": "挂机", "sp": "Agent"}, {"p": 39, "c": 0.9, "s": 80703, "e": 80977, "w": "对", "sp": "Customer"}, {"p": 40, "c": 0.9, "s": 80876, "e": 81298, "w": "柜子", "sp": "Agent"}, {"p": 41, "c": 0.9, "s": 80977, "e": 81524, "w": "家用", "sp": "Customer"}, {"p": 42, "c": 0.9, "s": 81298, "e": 81509, "w": "呢", "sp": "Agent"}, {"p": 43, "c": 0.9, "s": 81525, "e": 81799, "w": "的", "sp": "Customer"}, {"p": 44, "c": 0.9, "s": 81799, "e": 82346, "w": "中央", "sp": "Customer"}, {"p": 45, "c": 0.9, "s": 82346, "e": 82894, "w": "空调", "sp": "Customer"}, {"p": 46, "c": 0.9, "s": 82894, "e": 83168, "w": "一", "sp": "Customer"}, {"p": 47, "c": 0.9, "s": 83160, "e": 83439, "w": "嗯", "sp": "Agent"}, {"p": 48, "c": 0.9, "s": 83168, "e": 83442, "w": "图", "sp": "Customer"}, {"p": 49, "c": 0.9, "s": 83439, "e": 83718, "w": "加", "sp": "Agent"}, {"p": 50, "c": 0.9, "s": 83442, "e": 83716, "w": "二", "sp": "Customer"}, {"p": 51, "c": 0.9, "s": 83716, "e": 83990, "w": "的", "sp": "Customer"}, {"p": 52, "c": 0.9, "s": 83718, "e": 83997, "w": "嗯", "sp": "Agent"}, {"p": 53, "c": 0.9, "s": 83997, "e": 84556, "w": "加入", "sp": "Agent"}, {"p": 54, "c": 0.9, "s": 84556, "e": 85394, "w": "城管局", "sp": "Agent"}, {"p": 55, "c": 0.9, "s": 85394, "e": 85673, "w": "一", "sp": "Agent"}, {"p": 56, "c": 0.9, "s": 85673, "e": 85951, "w": "托", "sp": "Agent"}, {"p": 57, "c": 0.9, "s": 85952, "e": 86232, "w": "二", "sp": "Agent"}, {"p": 58, "c": 0.9, "s": 86232, "e": 86511, "w": "的", "sp": "Agent"}, {"p": 59, "c": 0.9, "s": 86511, "e": 86790, "w": "是", "sp": "Agent"}, {"p": 60, "c": 0.9, "s": 86790, "e": 87070, "w": "吧", "sp": "Agent"}, {"p": 61, "c": 0.9, "s": 86840, "e": 87270, "w": "对", "sp": "Customer"}, {"p": 62, "c": 0.9, "s": 87270, "e": 87700, "w": "对", "sp": "Customer"}, {"p": 63, "c": 0.9, "s": 87700, "e": 88130, "w": "对", "sp": "Customer"}, {"p": 64, "c": 0.9, "s": 87850, "e": 88082, "w": "嗯", "sp": "Agent"}, {"p": 65, "c": 0.9, "s": 88082, "e": 88548, "w": "出现", "sp": "Agent"}, {"p": 66, "c": 0.9, "s": 88548, "e": 88781, "w": "什", "sp": "Agent"}, {"p": 67, "c": 0.9, "s": 88781, "e": 89014, "w": "就", "sp": "Agent"}, {"p": 68, "c": 0.9, "s": 89014, "e": 89247, "w": "不", "sp": "Agent"}, {"p": 69, "c": 0.9, "s": 89247, "e": 89712, "w": "运转", "sp": "Agent"}, {"p": 70, "c": 0.9, "s": 89712, "e": 89945, "w": "了", "sp": "Agent"}, {"p": 71, "c": 0.9, "s": 89945, "e": 90178, "w": "吗", "sp": "Agent"}, {"p": 72, "c": 0.9, "s": 90178, "e": 90644, "w": "还是", "sp": "Agent"}, {"p": 73, "c": 0.9, "s": 90644, "e": 91110, "w": "什么", "sp": "Agent"}, {"p": 74, "c": 0.9, "s": 91690, "e": 91943, "w": "它", "sp": "Customer"}, {"p": 75, "c": 0.9, "s": 91943, "e": 92451, "w": "好像", "sp": "Customer"}, {"p": 76, "c": 0.9, "s": 92451, "e": 92958, "w": "就是", "sp": "Customer"}, {"p": 77, "c": 0.9, "s": 92958, "e": 93212, "w": "按", "sp": "Customer"}, {"p": 78, "c": 0.9, "s": 93212, "e": 93720, "w": "上去", "sp": "Customer"}, {"p": 79, "c": 0.9, "s": 93720, "e": 94227, "w": "就是", "sp": "Customer"}, {"p": 80, "c": 0.9, "s": 94227, "e": 94735, "w": "就是", "sp": "Customer"}, {"p": 81, "c": 0.9, "s": 94735, "e": 95243, "w": "正在", "sp": "Customer"}, {"p": 82, "c": 0.9, "s": 95243, "e": 95750, "w": "转速", "sp": "Customer"}, {"p": 83, "c": 0.9, "s": 95750, "e": 96004, "w": "但", "sp": "Customer"}, {"p": 84, "c": 0.9, "s": 96004, "e": 96257, "w": "这", "sp": "Customer"}, {"p": 85, "c": 0.9, "s": 96258, "e": 96512, "w": "是", "sp": "Customer"}, {"p": 86, "c": 0.9, "s": 96512, "e": 97019, "w": "不应", "sp": "Customer"}, {"p": 87, "c": 0.9, "s": 97019, "e": 97272, "w": "转", "sp": "Customer"}, {"p": 88, "c": 0.9, "s": 97273, "e": 97781, "w": "好像", "sp": "Customer"}, {"p": 89, "c": 0.9, "s": 97410, "e": 97667, "w": "是", "sp": "Agent"}, {"p": 90, "c": 0.9, "s": 97667, "e": 98439, "w": "有没有", "sp": "Agent"}, {"p": 91, "c": 0.9, "s": 97781, "e": 98034, "w": "外", "sp": "Customer"}, {"p": 92, "c": 0.9, "s": 98034, "e": 98287, "w": "机", "sp": "Customer"}, {"p": 93, "c": 0.9, "s": 98288, "e": 98542, "w": "没", "sp": "Customer"}, {"p": 94, "c": 0.9, "s": 98439, "e": 98953, "w": "显示", "sp": "Agent"}, {"p": 95, "c": 0.9, "s": 98542, "e": 99050, "w": "声音", "sp": "Customer"}, {"p": 96, "c": 0.9, "s": 98953, "e": 99468, "w": "故障", "sp": "Agent"}, {"p": 97, "c": 0.9, "s": 99468, "e": 99982, "w": "代码", "sp": "Agent"}, {"p": 98, "c": 0.9, "s": 99982, "e": 100240, "w": "呢", "sp": "Agent"}, {"p": 99, "c": 0.9, "s": 100520, "e": 100771, "w": "看", "sp": "Customer"}, {"p": 100, "c": 0.9, "s": 100771, "e": 101274, "w": "代码", "sp": "Customer"}, {"p": 101, "c": 0.9, "s": 101274, "e": 101525, "w": "在", "sp": "Customer"}, {"p": 102, "c": 0.9, "s": 101525, "e": 102028, "w": "哪里", "sp": "Customer"}, {"p": 103, "c": 0.9, "s": 102028, "e": 102280, "w": "看", "sp": "Customer"}, {"p": 104, "c": 0.9, "s": 102420, "e": 102629, "w": "就", "sp": "Agent"}, {"p": 105, "c": 0.9, "s": 102629, "e": 103048, "w": "面板", "sp": "Agent"}, {"p": 106, "c": 0.9, "s": 103048, "e": 103257, "w": "上", "sp": "Agent"}, {"p": 107, "c": 0.9, "s": 103257, "e": 103676, "w": "没有", "sp": "Agent"}, {"p": 108, "c": 0.9, "s": 103676, "e": 104094, "w": "显示", "sp": "Agent"}, {"p": 109, "c": 0.9, "s": 104094, "e": 104513, "w": "故障", "sp": "Agent"}, {"p": 110, "c": 0.9, "s": 104513, "e": 104932, "w": "代码", "sp": "Agent"}, {"p": 111, "c": 0.9, "s": 104932, "e": 105350, "w": "之类", "sp": "Agent"}, {"p": 112, "c": 0.9, "s": 105350, "e": 105560, "w": "的", "sp": "Agent"}, {"p": 113, "c": 0.9, "s": 106820, "e": 107080, "w": "网", "sp": "Customer"}, {"p": 114, "c": 0.9, "s": 107080, "e": 107340, "w": "商", "sp": "Customer"}, {"p": 115, "c": 0.9, "s": 107340, "e": 107600, "w": "贷", "sp": "Customer"}, {"p": 116, "c": 0.9, "s": 107600, "e": 108119, "w": "好像", "sp": "Customer"}, {"p": 117, "c": 0.9, "s": 108120, "e": 108640, "w": "没有", "sp": "Customer"}, {"p": 118, "c": 0.9, "s": 108640, "e": 108900, "w": "啊", "sp": "Customer"}, {"p": 119, "c": 0.9, "s": 108960, "e": 109227, "w": "就", "sp": "Agent"}, {"p": 120, "c": 0.9, "s": 109227, "e": 109762, "w": "直接", "sp": "Agent"}, {"p": 121, "c": 0.9, "s": 109330, "e": 109588, "w": "它", "sp": "Customer"}, {"p": 122, "c": 0.9, "s": 109588, "e": 109847, "w": "会", "sp": "Customer"}, {"p": 123, "c": 0.9, "s": 109762, "e": 110030, "w": "就", "sp": "Agent"}, {"p": 124, "c": 0.9, "s": 109847, "e": 110365, "w": "显示", "sp": "Customer"}, {"p": 125, "c": 0.9, "s": 110030, "e": 110832, "w": "一拖二", "sp": "Agent"}, {"p": 126, "c": 0.9, "s": 110365, "e": 110623, "w": "的", "sp": "Customer"}, {"p": 127, "c": 0.9, "s": 110623, "e": 111400, "w": "比如说", "sp": "Customer"}, {"p": 128, "c": 0.9, "s": 110832, "e": 111100, "w": "的", "sp": "Agent"}, {"p": 129, "c": 0.9, "s": 112370, "e": 113480, "w": "嗯", "sp": "Customer"}, {"p": 130, "c": 0.9, "s": 113480, "e": 113681, "w": "嗯", "sp": "Agent"}, {"p": 131, "c": 0.9, "s": 113681, "e": 113882, "w": "就", "sp": "Agent"}, {"p": 132, "c": 0.9, "s": 113882, "e": 114285, "w": "面板", "sp": "Agent"}, {"p": 133, "c": 0.9, "s": 114285, "e": 114487, "w": "上", "sp": "Agent"}, {"p": 134, "c": 0.9, "s": 114487, "e": 114687, "w": "就", "sp": "Agent"}, {"p": 135, "c": 0.9, "s": 114688, "e": 115091, "w": "直接", "sp": "Agent"}, {"p": 136, "c": 0.9, "s": 115091, "e": 115494, "w": "就是", "sp": "Agent"}, {"p": 137, "c": 0.9, "s": 115494, "e": 115897, "w": "没有", "sp": "Agent"}, {"p": 138, "c": 0.9, "s": 115897, "e": 116300, "w": "任何", "sp": "Agent"}, {"p": 139, "c": 0.9, "s": 116300, "e": 116501, "w": "的", "sp": "Agent"}, {"p": 140, "c": 0.9, "s": 116501, "e": 116904, "w": "显示", "sp": "Agent"}, {"p": 141, "c": 0.9, "s": 116904, "e": 117307, "w": "然后", "sp": "Agent"}, {"p": 142, "c": 0.9, "s": 117307, "e": 117710, "w": "空调", "sp": "Agent"}, {"p": 143, "c": 0.9, "s": 117710, "e": 117910, "w": "就", "sp": "Agent"}, {"p": 144, "c": 0.9, "s": 117911, "e": 118112, "w": "不", "sp": "Agent"}, {"p": 145, "c": 0.9, "s": 118112, "e": 118515, "w": "运转", "sp": "Agent"}, {"p": 146, "c": 0.9, "s": 118515, "e": 118717, "w": "了", "sp": "Agent"}, {"p": 147, "c": 0.9, "s": 118717, "e": 118918, "w": "是", "sp": "Agent"}, {"p": 148, "c": 0.9, "s": 118918, "e": 119120, "w": "吗", "sp": "Agent"}, {"p": 149, "c": 0.9, "s": 118940, "e": 119125, "w": "对", "sp": "Customer"}, {"p": 150, "c": 0.9, "s": 119125, "e": 119496, "w": "面板", "sp": "Customer"}, {"p": 151, "c": 0.9, "s": 119496, "e": 119681, "w": "上", "sp": "Customer"}, {"p": 152, "c": 0.9, "s": 119681, "e": 119867, "w": "我", "sp": "Customer"}, {"p": 153, "c": 0.9, "s": 119867, "e": 120238, "w": "看到", "sp": "Customer"}, {"p": 154, "c": 0.9, "s": 120238, "e": 120423, "w": "他", "sp": "Customer"}, {"p": 155, "c": 0.9, "s": 120423, "e": 120608, "w": "调", "sp": "Customer"}, {"p": 156, "c": 0.9, "s": 120609, "e": 120794, "w": "的", "sp": "Customer"}, {"p": 157, "c": 0.9, "s": 120794, "e": 121165, "w": "现在", "sp": "Customer"}, {"p": 158, "c": 0.9, "s": 121165, "e": 121350, "w": "调", "sp": "Customer"}, {"p": 159, "c": 0.9, "s": 121350, "e": 121535, "w": "的", "sp": "Customer"}, {"p": 160, "c": 0.9, "s": 121536, "e": 121721, "w": "我", "sp": "Customer"}, {"p": 161, "c": 0.9, "s": 121721, "e": 122092, "w": "刚才", "sp": "Customer"}, {"p": 162, "c": 0.9, "s": 122092, "e": 122278, "w": "他", "sp": "Customer"}, {"p": 163, "c": 0.9, "s": 122278, "e": 122463, "w": "发", "sp": "Customer"}, {"p": 164, "c": 0.9, "s": 122463, "e": 122648, "w": "了", "sp": "Customer"}, {"p": 165, "c": 0.9, "s": 122649, "e": 123020, "w": "一个", "sp": "Customer"}, {"p": 166, "c": 0.9, "s": 123020, "e": 123204, "w": "给", "sp": "Customer"}, {"p": 167, "c": 0.9, "s": 123205, "e": 123390, "w": "我", "sp": "Customer"}, {"p": 168, "c": 0.9, "s": 123390, "e": 123576, "w": "啊", "sp": "Customer"}, {"p": 169, "c": 0.9, "s": 123576, "e": 123760, "w": "他", "sp": "Customer"}, {"p": 170, "c": 0.9, "s": 123761, "e": 123947, "w": "调", "sp": "Customer"}, {"p": 171, "c": 0.9, "s": 123947, "e": 124132, "w": "的", "sp": "Customer"}, {"p": 172, "c": 0.9, "s": 124132, "e": 124318, "w": "是", "sp": "Customer"}, {"p": 173, "c": 0.9, "s": 124318, "e": 124503, "w": "自", "sp": "Customer"}, {"p": 174, "c": 0.9, "s": 124503, "e": 124688, "w": "热", "sp": "Customer"}, {"p": 175, "c": 0.9, "s": 124689, "e": 124874, "w": "的", "sp": "Customer"}, {"p": 176, "c": 0.9, "s": 124874, "e": 125060, "w": "他", "sp": "Customer"}, {"p": 177, "c": 0.9, "s": 125060, "e": 125430, "w": "上面", "sp": "Customer"}, {"p": 178, "c": 0.9, "s": 125430, "e": 125616, "w": "有", "sp": "Customer"}, {"p": 179, "c": 0.9, "s": 125616, "e": 125987, "w": "一个", "sp": "Customer"}, {"p": 180, "c": 0.9, "s": 125987, "e": 126543, "w": "温度计", "sp": "Customer"}, {"p": 181, "c": 0.9, "s": 126543, "e": 126914, "w": "一样", "sp": "Customer"}, {"p": 182, "c": 0.9, "s": 126914, "e": 127100, "w": "的", "sp": "Customer"}, {"p": 183, "c": 0.9, "s": 127100, "e": 127470, "w": "二十", "sp": "Customer"}, {"p": 184, "c": 0.9, "s": 127470, "e": 127841, "w": "六度", "sp": "Customer"}, {"p": 185, "c": 0.9, "s": 127841, "e": 128212, "w": "这个", "sp": "Customer"}, {"p": 186, "c": 0.9, "s": 128212, "e": 128398, "w": "是", "sp": "Customer"}, {"p": 187, "c": 0.9, "s": 128397, "e": 128769, "w": "正常", "sp": "Customer"}, {"p": 188, "c": 0.9, "s": 128769, "e": 128953, "w": "的", "sp": "Customer"}, {"p": 189, "c": 0.9, "s": 128953, "e": 129140, "w": "吧", "sp": "Customer"}, {"p": 190, "c": 0.9, "s": 129950, "e": 130192, "w": "嗯", "sp": "Agent"}, {"p": 191, "c": 0.9, "s": 130192, "e": 130677, "w": "这个", "sp": "Agent"}, {"p": 192, "c": 0.9, "s": 130677, "e": 130919, "w": "是", "sp": "Agent"}, {"p": 193, "c": 0.9, "s": 130919, "e": 131404, "w": "正常", "sp": "Agent"}, {"p": 194, "c": 0.9, "s": 131404, "e": 131646, "w": "的", "sp": "Agent"}, {"p": 195, "c": 0.9, "s": 131646, "e": 132131, "w": "就是", "sp": "Agent"}, {"p": 196, "c": 0.9, "s": 132131, "e": 132614, "w": "不出", "sp": "Agent"}, {"p": 197, "c": 0.9, "s": 132615, "e": 132858, "w": "风", "sp": "Agent"}, {"p": 198, "c": 0.9, "s": 132858, "e": 133100, "w": "吗", "sp": "Agent"}, {"p": 199, "c": 0.9, "s": 133100, "e": 133585, "w": "还是", "sp": "Agent"}, {"p": 200, "c": 0.9, "s": 133585, "e": 134070, "w": "什么", "sp": "Agent"}, {"p": 201, "c": 0.9, "s": 134350, "e": 134586, "w": "嗯", "sp": "Customer"}, {"p": 202, "c": 0.9, "s": 134586, "e": 135059, "w": "没有", "sp": "Customer"}, {"p": 203, "c": 0.9, "s": 135059, "e": 135531, "w": "声音", "sp": "Customer"}, {"p": 204, "c": 0.9, "s": 135531, "e": 135768, "w": "啊", "sp": "Customer"}, {"p": 205, "c": 0.9, "s": 135768, "e": 136004, "w": "也", "sp": "Customer"}, {"p": 206, "c": 0.9, "s": 136004, "e": 136477, "w": "不出", "sp": "Customer"}, {"p": 207, "c": 0.9, "s": 136477, "e": 136713, "w": "风", "sp": "Customer"}, {"p": 208, "c": 0.9, "s": 136713, "e": 136950, "w": "啊", "sp": "Customer"}, {"p": 209, "c": 0.9, "s": 137180, "e": 137512, "w": "了解", "sp": "Agent"}, {"p": 210, "c": 0.9, "s": 137512, "e": 137678, "w": "您", "sp": "Agent"}, {"p": 211, "c": 0.9, "s": 137678, "e": 137844, "w": "的", "sp": "Agent"}, {"p": 212, "c": 0.9, "s": 137844, "e": 138176, "w": "意思", "sp": "Agent"}, {"p": 213, "c": 0.9, "s": 138177, "e": 138343, "w": "了", "sp": "Agent"}, {"p": 214, "c": 0.9, "s": 138343, "e": 138509, "w": "我", "sp": "Agent"}, {"p": 215, "c": 0.9, "s": 138509, "e": 138675, "w": "给", "sp": "Agent"}, {"p": 216, "c": 0.9, "s": 138675, "e": 138841, "w": "您", "sp": "Agent"}, {"p": 217, "c": 0.9, "s": 138841, "e": 139174, "w": "备注", "sp": "Agent"}, {"p": 218, "c": 0.9, "s": 139174, "e": 139506, "w": "清楚", "sp": "Agent"}, {"p": 219, "c": 0.9, "s": 139506, "e": 139672, "w": "给", "sp": "Agent"}, {"p": 220, "c": 0.9, "s": 139672, "e": 139839, "w": "您", "sp": "Agent"}, {"p": 221, "c": 0.9, "s": 139839, "e": 140171, "w": "安排", "sp": "Agent"}, {"p": 222, "c": 0.9, "s": 140171, "e": 140503, "w": "师傅", "sp": "Agent"}, {"p": 223, "c": 0.9, "s": 140503, "e": 140836, "w": "上门", "sp": "Agent"}, {"p": 224, "c": 0.9, "s": 140836, "e": 141002, "w": "看", "sp": "Agent"}, {"p": 225, "c": 0.9, "s": 141002, "e": 141334, "w": "一下", "sp": "Agent"}, {"p": 226, "c": 0.9, "s": 141334, "e": 141667, "w": "具体", "sp": "Agent"}, {"p": 227, "c": 0.9, "s": 141667, "e": 141999, "w": "什么", "sp": "Agent"}, {"p": 228, "c": 0.9, "s": 141999, "e": 142331, "w": "原因", "sp": "Agent"}, {"p": 229, "c": 0.9, "s": 142331, "e": 142663, "w": "可以", "sp": "Agent"}, {"p": 230, "c": 0.9, "s": 142664, "e": 142830, "w": "吧", "sp": "Agent"}, {"p": 231, "c": 0.9, "s": 142830, "e": 143162, "w": "耽误", "sp": "Agent"}, {"p": 232, "c": 0.9, "s": 143162, "e": 143329, "w": "您", "sp": "Agent"}, {"p": 233, "c": 0.9, "s": 143329, "e": 143495, "w": "几", "sp": "Agent"}, {"p": 234, "c": 0.9, "s": 143495, "e": 143827, "w": "分钟", "sp": "Agent"}, {"p": 235, "c": 0.9, "s": 143827, "e": 144159, "w": "时间", "sp": "Agent"}, {"p": 236, "c": 0.9, "s": 144440, "e": 144674, "w": "您", "sp": "Agent"}, {"p": 237, "c": 0.9, "s": 144674, "e": 144907, "w": "是", "sp": "Agent"}, {"p": 238, "c": 0.9, "s": 144680, "e": 145079, "w": "这个", "sp": "Customer"}, {"p": 239, "c": 0.9, "s": 144908, "e": 145376, "w": "用户", "sp": "Agent"}, {"p": 240, "c": 0.9, "s": 145080, "e": 145480, "w": "上面", "sp": "Customer"}, {"p": 241, "c": 0.9, "s": 145376, "e": 145844, "w": "本人", "sp": "Agent"}, {"p": 242, "c": 0.9, "s": 145480, "e": 145680, "w": "要", "sp": "Customer"}, {"p": 243, "c": 0.9, "s": 145680, "e": 146079, "w": "不要", "sp": "Customer"}, {"p": 244, "c": 0.9, "s": 145844, "e": 146312, "w": "来电", "sp": "Agent"}, {"p": 245, "c": 0.9, "s": 146080, "e": 146480, "w": "收费", "sp": "Customer"}, {"p": 246, "c": 0.9, "s": 146312, "e": 146545, "w": "帮", "sp": "Agent"}, {"p": 247, "c": 0.9, "s": 146480, "e": 146680, "w": "的", "sp": "Customer"}, {"p": 248, "c": 0.9, "s": 146546, "e": 146780, "w": "您", "sp": "Agent"}, {"p": 249, "c": 0.9, "s": 147070, "e": 147299, "w": "哦", "sp": "Agent"}, {"p": 250, "c": 0.9, "s": 147299, "e": 147528, "w": "您", "sp": "Agent"}, {"p": 251, "c": 0.9, "s": 147528, "e": 147757, "w": "是", "sp": "Agent"}, {"p": 252, "c": 0.9, "s": 147757, "e": 147986, "w": "几", "sp": "Agent"}, {"p": 253, "c": 0.9, "s": 147986, "e": 148443, "w": "几年", "sp": "Agent"}, {"p": 254, "c": 0.9, "s": 148444, "e": 148902, "w": "购买", "sp": "Agent"}, {"p": 255, "c": 0.9, "s": 148902, "e": 149131, "w": "的", "sp": "Agent"}, {"p": 256, "c": 0.9, "s": 149131, "e": 149360, "w": "呢", "sp": "Agent"}, {"p": 257, "c": 0.9, "s": 149960, "e": 150182, "w": "我", "sp": "Customer"}, {"p": 258, "c": 0.9, "s": 150182, "e": 150627, "w": "好像", "sp": "Customer"}, {"p": 259, "c": 0.9, "s": 150627, "e": 150849, "w": "买", "sp": "Customer"}, {"p": 260, "c": 0.9, "s": 150849, "e": 151071, "w": "了", "sp": "Customer"}, {"p": 261, "c": 0.9, "s": 151071, "e": 151516, "w": "好好", "sp": "Customer"}, {"p": 262, "c": 0.9, "s": 151516, "e": 151961, "w": "几年", "sp": "Customer"}, {"p": 263, "c": 0.9, "s": 151961, "e": 152183, "w": "了", "sp": "Customer"}, {"p": 264, "c": 0.9, "s": 152183, "e": 152406, "w": "吧", "sp": "Customer"}, {"p": 265, "c": 0.9, "s": 152406, "e": 152850, "w": "应该", "sp": "Customer"}, {"p": 266, "c": 0.9, "s": 152850, "e": 153295, "w": "这个", "sp": "Customer"}, {"p": 267, "c": 0.9, "s": 153295, "e": 153740, "w": "保修", "sp": "Customer"}, {"p": 268, "c": 0.9, "s": 153380, "e": 154450, "w": "有", "sp": "Agent"}, {"p": 269, "c": 0.9, "s": 153740, "e": 154185, "w": "多长", "sp": "Customer"}, {"p": 270, "c": 0.9, "s": 154185, "e": 154630, "w": "时间", "sp": "Customer"}, {"p": 271, "c": 0.9, "s": 155130, "e": 155484, "w": "这个", "sp": "Agent"}, {"p": 272, "c": 0.9, "s": 155484, "e": 155661, "w": "如", "sp": "Agent"}, {"p": 273, "c": 0.9, "s": 155661, "e": 156015, "w": "空调", "sp": "Agent"}, {"p": 274, "c": 0.9, "s": 156016, "e": 156370, "w": "的话", "sp": "Agent"}, {"p": 275, "c": 0.9, "s": 156370, "e": 156547, "w": "呢", "sp": "Agent"}, {"p": 276, "c": 0.9, "s": 156548, "e": 156902, "w": "加上", "sp": "Agent"}, {"p": 277, "c": 0.9, "s": 156902, "e": 157256, "w": "那个", "sp": "Agent"}, {"p": 278, "c": 0.9, "s": 157257, "e": 157611, "w": "空调", "sp": "Agent"}, {"p": 279, "c": 0.9, "s": 157611, "e": 157965, "w": "质保", "sp": "Agent"}, {"p": 280, "c": 0.9, "s": 157966, "e": 158143, "w": "期", "sp": "Agent"}, {"p": 281, "c": 0.9, "s": 158143, "e": 158321, "w": "是", "sp": "Agent"}, {"p": 282, "c": 0.9, "s": 158321, "e": 158675, "w": "三年", "sp": "Agent"}, {"p": 283, "c": 0.9, "s": 158675, "e": 158852, "w": "的", "sp": "Agent"}, {"p": 284, "c": 0.9, "s": 158852, "e": 159384, "w": "如果说", "sp": "Agent"}, {"p": 285, "c": 0.9, "s": 159384, "e": 159739, "w": "空调", "sp": "Agent"}, {"p": 286, "c": 0.9, "s": 159739, "e": 159916, "w": "的", "sp": "Agent"}, {"p": 287, "c": 0.9, "s": 159916, "e": 160271, "w": "一个", "sp": "Agent"}, {"p": 288, "c": 0.9, "s": 160271, "e": 160625, "w": "购买", "sp": "Agent"}, {"p": 289, "c": 0.9, "s": 160625, "e": 160803, "w": "的", "sp": "Agent"}, {"p": 290, "c": 0.9, "s": 160803, "e": 161157, "w": "时间", "sp": "Agent"}, {"p": 291, "c": 0.9, "s": 161157, "e": 161512, "w": "超过", "sp": "Agent"}, {"p": 292, "c": 0.9, "s": 161512, "e": 161866, "w": "三年", "sp": "Agent"}, {"p": 293, "c": 0.9, "s": 161866, "e": 162221, "w": "以上", "sp": "Agent"}, {"p": 294, "c": 0.9, "s": 162221, "e": 162575, "w": "事故", "sp": "Agent"}, {"p": 295, "c": 0.9, "s": 162575, "e": 162930, "w": "上门", "sp": "Agent"}, {"p": 296, "c": 0.9, "s": 162930, "e": 163107, "w": "会", "sp": "Agent"}, {"p": 297, "c": 0.9, "s": 163107, "e": 163461, "w": "产生", "sp": "Agent"}, {"p": 298, "c": 0.9, "s": 163462, "e": 163816, "w": "费用", "sp": "Agent"}, {"p": 299, "c": 0.9, "s": 163816, "e": 163993, "w": "但", "sp": "Agent"}, {"p": 300, "c": 0.9, "s": 163994, "e": 164348, "w": "之前", "sp": "Agent"}, {"p": 301, "c": 0.9, "s": 164348, "e": 164526, "w": "都", "sp": "Agent"}, {"p": 302, "c": 0.9, "s": 164526, "e": 164703, "w": "会", "sp": "Agent"}, {"p": 303, "c": 0.9, "s": 164703, "e": 165057, "w": "提前", "sp": "Agent"}, {"p": 304, "c": 0.9, "s": 165057, "e": 165235, "w": "跟", "sp": "Agent"}, {"p": 305, "c": 0.9, "s": 165235, "e": 165589, "w": "用户", "sp": "Agent"}, {"p": 306, "c": 0.9, "s": 165589, "e": 165767, "w": "见", "sp": "Agent"}, {"p": 307, "c": 0.9, "s": 165767, "e": 166121, "w": "来电", "sp": "Agent"}, {"p": 308, "c": 0.9, "s": 166121, "e": 166476, "w": "报价", "sp": "Agent"}, {"p": 309, "c": 0.9, "s": 166476, "e": 166653, "w": "的", "sp": "Agent"}, {"p": 310, "c": 0.9, "s": 166653, "e": 167008, "w": "用户", "sp": "Agent"}, {"p": 311, "c": 0.9, "s": 167008, "e": 167362, "w": "认可", "sp": "Agent"}, {"p": 312, "c": 0.9, "s": 167362, "e": 167717, "w": "过后", "sp": "Agent"}, {"p": 313, "c": 0.9, "s": 167717, "e": 167894, "w": "才", "sp": "Agent"}, {"p": 314, "c": 0.9, "s": 167894, "e": 168071, "w": "才", "sp": "Agent"}, {"p": 315, "c": 0.9, "s": 168071, "e": 168249, "w": "会", "sp": "Agent"}, {"p": 316, "c": 0.9, "s": 168249, "e": 168426, "w": "嗯", "sp": "Agent"}, {"p": 317, "c": 0.9, "s": 168426, "e": 168780, "w": "事故", "sp": "Agent"}, {"p": 318, "c": 0.9, "s": 168780, "e": 168958, "w": "才", "sp": "Agent"}, {"p": 319, "c": 0.9, "s": 168958, "e": 169135, "w": "会", "sp": "Agent"}, {"p": 320, "c": 0.9, "s": 169135, "e": 169489, "w": "上门", "sp": "Agent"}, {"p": 321, "c": 0.9, "s": 169870, "e": 170185, "w": "哦", "sp": "Customer"}, {"p": 322, "c": 0.9, "s": 170186, "e": 170502, "w": "那", "sp": "Customer"}, {"p": 323, "c": 0.9, "s": 170502, "e": 171134, "w": "肯定", "sp": "Customer"}, {"p": 324, "c": 0.9, "s": 171134, "e": 171766, "w": "三年", "sp": "Customer"}, {"p": 325, "c": 0.9, "s": 171766, "e": 172398, "w": "肯定", "sp": "Customer"}, {"p": 326, "c": 0.9, "s": 172398, "e": 172713, "w": "不", "sp": "Customer"}, {"p": 327, "c": 0.9, "s": 172714, "e": 173030, "w": "去", "sp": "Customer"}, {"p": 328, "c": 0.9, "s": 173480, "e": 173830, "w": "三年", "sp": "Agent"}, {"p": 329, "c": 0.9, "s": 173830, "e": 174181, "w": "不久", "sp": "Agent"}, {"p": 330, "c": 0.9, "s": 174181, "e": 174356, "w": "了", "sp": "Agent"}, {"p": 331, "c": 0.9, "s": 174356, "e": 174532, "w": "是", "sp": "Agent"}, {"p": 332, "c": 0.9, "s": 174532, "e": 174707, "w": "吧", "sp": "Agent"}, {"p": 333, "c": 0.9, "s": 174707, "e": 174883, "w": "那", "sp": "Agent"}, {"p": 334, "c": 0.9, "s": 174883, "e": 175058, "w": "您", "sp": "Agent"}, {"p": 335, "c": 0.9, "s": 175058, "e": 175233, "w": "看", "sp": "Agent"}, {"p": 336, "c": 0.9, "s": 175233, "e": 175584, "w": "是否", "sp": "Agent"}, {"p": 337, "c": 0.9, "s": 175400, "e": 176439, "w": "嗯", "sp": "Customer"}, {"p": 338, "c": 0.9, "s": 175584, "e": 175935, "w": "需要", "sp": "Agent"}, {"p": 339, "c": 0.9, "s": 175935, "e": 176110, "w": "给", "sp": "Agent"}, {"p": 340, "c": 0.9, "s": 176110, "e": 176286, "w": "您", "sp": "Agent"}, {"p": 341, "c": 0.9, "s": 176286, "e": 176636, "w": "安排", "sp": "Agent"}, {"p": 342, "c": 0.9, "s": 176636, "e": 176987, "w": "师傅", "sp": "Agent"}, {"p": 343, "c": 0.9, "s": 176987, "e": 177338, "w": "上门", "sp": "Agent"}, {"p": 344, "c": 0.9, "s": 177338, "e": 177513, "w": "看", "sp": "Agent"}, {"p": 345, "c": 0.9, "s": 177513, "e": 177864, "w": "一下", "sp": "Agent"}, {"p": 346, "c": 0.9, "s": 177864, "e": 178040, "w": "呢", "sp": "Agent"}, {"p": 347, "c": 0.9, "s": 178570, "e": 178743, "w": "哦", "sp": "Customer"}, {"p": 348, "c": 0.9, "s": 178743, "e": 178916, "w": "我", "sp": "Customer"}, {"p": 349, "c": 0.9, "s": 178916, "e": 179089, "w": "先", "sp": "Customer"}, {"p": 350, "c": 0.9, "s": 179089, "e": 179262, "w": "让", "sp": "Customer"}, {"p": 351, "c": 0.9, "s": 179262, "e": 179609, "w": "他们", "sp": "Customer"}, {"p": 352, "c": 0.9, "s": 179609, "e": 179954, "w": "自己", "sp": "Customer"}, {"p": 353, "c": 0.9, "s": 179955, "e": 180128, "w": "调", "sp": "Customer"}, {"p": 354, "c": 0.9, "s": 180128, "e": 180474, "w": "一下", "sp": "Customer"}, {"p": 355, "c": 0.9, "s": 180474, "e": 180648, "w": "我", "sp": "Customer"}, {"p": 356, "c": 0.9, "s": 180648, "e": 180821, "w": "说", "sp": "Customer"}, {"p": 357, "c": 0.9, "s": 180821, "e": 180994, "w": "我", "sp": "Customer"}, {"p": 358, "c": 0.9, "s": 180994, "e": 181340, "w": "房子", "sp": "Customer"}, {"p": 359, "c": 0.9, "s": 181340, "e": 181687, "w": "租给", "sp": "Customer"}, {"p": 360, "c": 0.9, "s": 181687, "e": 182032, "w": "人家", "sp": "Customer"}, {"p": 361, "c": 0.9, "s": 182033, "e": 182206, "w": "了", "sp": "Customer"}, {"p": 362, "c": 0.9, "s": 182206, "e": 182379, "w": "他", "sp": "Customer"}, {"p": 363, "c": 0.9, "s": 182379, "e": 182552, "w": "都", "sp": "Customer"}, {"p": 364, "c": 0.9, "s": 182552, "e": 182726, "w": "说", "sp": "Customer"}, {"p": 365, "c": 0.9, "s": 182726, "e": 183071, "w": "不好", "sp": "Customer"}, {"p": 366, "c": 0.9, "s": 183072, "e": 183245, "w": "用", "sp": "Customer"}, {"p": 367, "c": 0.9, "s": 183245, "e": 183418, "w": "了", "sp": "Customer"}, {"p": 368, "c": 0.9, "s": 183418, "e": 183591, "w": "我", "sp": "Customer"}, {"p": 369, "c": 0.9, "s": 183591, "e": 183765, "w": "也", "sp": "Customer"}, {"p": 370, "c": 0.9, "s": 183765, "e": 183938, "w": "我", "sp": "Customer"}, {"p": 371, "c": 0.9, "s": 183938, "e": 184111, "w": "也", "sp": "Customer"}, {"p": 372, "c": 0.9, "s": 184111, "e": 184284, "w": "不", "sp": "Customer"}, {"p": 373, "c": 0.9, "s": 184284, "e": 184629, "w": "知道", "sp": "Customer"}, {"p": 374, "c": 0.9, "s": 184630, "e": 184977, "w": "什么", "sp": "Customer"}, {"p": 375, "c": 0.9, "s": 184977, "e": 185323, "w": "什么", "sp": "Customer"}, {"p": 376, "c": 0.9, "s": 185323, "e": 185670, "w": "意思", "sp": "Customer"}, {"p": 377, "c": 0.9, "s": 185950, "e": 186153, "w": "嗯", "sp": "Agent"}, {"p": 378, "c": 0.9, "s": 186153, "e": 186357, "w": "那", "sp": "Agent"}, {"p": 379, "c": 0.9, "s": 186357, "e": 186560, "w": "您", "sp": "Agent"}, {"p": 380, "c": 0.9, "s": 186561, "e": 186765, "w": "要", "sp": "Agent"}, {"p": 381, "c": 0.9, "s": 186765, "e": 186968, "w": "不", "sp": "Agent"}, {"p": 382, "c": 0.9, "s": 186968, "e": 187172, "w": "先", "sp": "Agent"}, {"p": 383, "c": 0.9, "s": 187172, "e": 187375, "w": "嗯", "sp": "Agent"}, {"p": 384, "c": 0.9, "s": 187376, "e": 187580, "w": "看", "sp": "Agent"}, {"p": 385, "c": 0.9, "s": 187580, "e": 187987, "w": "一下", "sp": "Agent"}, {"p": 386, "c": 0.9, "s": 187987, "e": 188395, "w": "然后", "sp": "Agent"}, {"p": 387, "c": 0.9, "s": 188395, "e": 188803, "w": "看看", "sp": "Agent"}, {"p": 388, "c": 0.9, "s": 188803, "e": 189209, "w": "一下", "sp": "Agent"}, {"p": 389, "c": 0.9, "s": 189210, "e": 189618, "w": "面板", "sp": "Agent"}, {"p": 390, "c": 0.9, "s": 189618, "e": 189821, "w": "上", "sp": "Agent"}, {"p": 391, "c": 0.9, "s": 189822, "e": 190433, "w": "有没有", "sp": "Agent"}, {"p": 392, "c": 0.9, "s": 190433, "e": 190637, "w": "呃", "sp": "Agent"}, {"p": 393, "c": 0.9, "s": 190637, "e": 191043, "w": "什么", "sp": "Agent"}, {"p": 394, "c": 0.9, "s": 191044, "e": 191452, "w": "故障", "sp": "Agent"}, {"p": 395, "c": 0.9, "s": 191452, "e": 191860, "w": "代码", "sp": "Agent"}, {"p": 396, "c": 0.9, "s": 191860, "e": 192267, "w": "之类", "sp": "Agent"}, {"p": 397, "c": 0.9, "s": 192267, "e": 192471, "w": "的", "sp": "Agent"}, {"p": 398, "c": 0.9, "s": 192471, "e": 192877, "w": "或者", "sp": "Agent"}, {"p": 399, "c": 0.9, "s": 192878, "e": 193082, "w": "说", "sp": "Agent"}, {"p": 400, "c": 0.9, "s": 193082, "e": 193490, "w": "关机", "sp": "Agent"}, {"p": 401, "c": 0.9, "s": 193490, "e": 193897, "w": "重启", "sp": "Agent"}, {"p": 402, "c": 0.9, "s": 193897, "e": 194305, "w": "一下", "sp": "Agent"}, {"p": 403, "c": 0.9, "s": 194305, "e": 194713, "w": "如果", "sp": "Agent"}, {"p": 404, "c": 0.9, "s": 194713, "e": 195120, "w": "后期", "sp": "Agent"}, {"p": 405, "c": 0.9, "s": 195120, "e": 195528, "w": "不行", "sp": "Agent"}, {"p": 406, "c": 0.9, "s": 195528, "e": 195935, "w": "的话", "sp": "Agent"}, {"p": 407, "c": 0.9, "s": 195935, "e": 196139, "w": "您", "sp": "Agent"}, {"p": 408, "c": 0.9, "s": 196139, "e": 196343, "w": "再", "sp": "Agent"}, {"p": 409, "c": 0.9, "s": 196343, "e": 196751, "w": "来电", "sp": "Agent"}, {"p": 410, "c": 0.9, "s": 196751, "e": 197158, "w": "报修", "sp": "Agent"}, {"p": 411, "c": 0.9, "s": 197158, "e": 197566, "w": "可以", "sp": "Agent"}, {"p": 412, "c": 0.9, "s": 197566, "e": 197769, "w": "吗", "sp": "Agent"}, {"p": 413, "c": 0.9, "s": 197710, "e": 197978, "w": "嗯", "sp": "Customer"}, {"p": 414, "c": 0.9, "s": 197978, "e": 198246, "w": "好", "sp": "Customer"}, {"p": 415, "c": 0.9, "s": 198246, "e": 198514, "w": "的", "sp": "Customer"}, {"p": 416, "c": 0.9, "s": 198514, "e": 198782, "w": "好", "sp": "Customer"}, {"p": 417, "c": 0.9, "s": 198782, "e": 199050, "w": "的", "sp": "Customer"}, {"p": 418, "c": 0.9, "s": 199100, "e": 199260, "w": "好", "sp": "Agent"}, {"p": 419, "c": 0.9, "s": 199260, "e": 199420, "w": "的", "sp": "Agent"}, {"p": 420, "c": 0.9, "s": 199420, "e": 199580, "w": "那", "sp": "Agent"}, {"p": 421, "c": 0.9, "s": 199580, "e": 199900, "w": "先生", "sp": "Agent"}, {"p": 422, "c": 0.9, "s": 199900, "e": 200060, "w": "您", "sp": "Agent"}, {"p": 423, "c": 0.9, "s": 200060, "e": 200220, "w": "看", "sp": "Agent"}, {"p": 424, "c": 0.9, "s": 200220, "e": 200540, "w": "还有", "sp": "Agent"}, {"p": 425, "c": 0.9, "s": 200540, "e": 200860, "w": "什么", "sp": "Agent"}, {"p": 426, "c": 0.9, "s": 200860, "e": 201180, "w": "其他", "sp": "Agent"}, {"p": 427, "c": 0.9, "s": 201180, "e": 201500, "w": "可以", "sp": "Agent"}, {"p": 428, "c": 0.9, "s": 201500, "e": 201660, "w": "再", "sp": "Agent"}, {"p": 429, "c": 0.9, "s": 201660, "e": 201820, "w": "帮", "sp": "Agent"}, {"p": 430, "c": 0.9, "s": 201820, "e": 201980, "w": "到", "sp": "Agent"}, {"p": 431, "c": 0.9, "s": 201980, "e": 202140, "w": "您", "sp": "Agent"}, {"p": 432, "c": 0.9, "s": 202140, "e": 202300, "w": "的", "sp": "Agent"}, {"p": 433, "c": 0.9, "s": 202370, "e": 202724, "w": "啊", "sp": "Customer"}, {"p": 434, "c": 0.9, "s": 202725, "e": 203435, "w": "没有", "sp": "Customer"}, {"p": 435, "c": 0.9, "s": 203435, "e": 203790, "w": "了", "sp": "Customer"}, {"p": 436, "c": 0.9, "s": 203860, "e": 204027, "w": "嗯", "sp": "Agent"}, {"p": 437, "c": 0.9, "s": 204027, "e": 204194, "w": "好", "sp": "Agent"}, {"p": 438, "c": 0.9, "s": 204195, "e": 204362, "w": "的", "sp": "Agent"}, {"p": 439, "c": 0.9, "s": 204362, "e": 204697, "w": "那大", "sp": "Agent"}, {"p": 440, "c": 0.9, "s": 204697, "e": 205032, "w": "经营", "sp": "Agent"}, {"p": 441, "c": 0.9, "s": 205032, "e": 205367, "w": "的话", "sp": "Agent"}, {"p": 442, "c": 0.9, "s": 205367, "e": 205535, "w": "也", "sp": "Agent"}, {"p": 443, "c": 0.9, "s": 205535, "e": 205702, "w": "有", "sp": "Agent"}, {"p": 444, "c": 0.9, "s": 205702, "e": 206038, "w": "开通", "sp": "Agent"}, {"p": 445, "c": 0.9, "s": 206038, "e": 206205, "w": "微", "sp": "Agent"}, {"p": 446, "c": 0.9, "s": 206205, "e": 206373, "w": "信", "sp": "Agent"}, {"p": 447, "c": 0.9, "s": 206373, "e": 206708, "w": "公众", "sp": "Agent"}, {"p": 448, "c": 0.9, "s": 206708, "e": 206875, "w": "号", "sp": "Agent"}, {"p": 449, "c": 0.9, "s": 206875, "e": 207210, "w": "惊喜", "sp": "Agent"}, {"p": 450, "c": 0.9, "s": 207210, "e": 207545, "w": "保安", "sp": "Agent"}, {"p": 451, "c": 0.9, "s": 207545, "e": 207713, "w": "的", "sp": "Agent"}, {"p": 452, "c": 0.9, "s": 207713, "e": 208048, "w": "服务", "sp": "Agent"}, {"p": 453, "c": 0.9, "s": 208048, "e": 208551, "w": "欢迎您", "sp": "Agent"}, {"p": 454, "c": 0.9, "s": 208551, "e": 208886, "w": "后期", "sp": "Agent"}, {"p": 455, "c": 0.9, "s": 208886, "e": 209053, "w": "也", "sp": "Agent"}, {"p": 456, "c": 0.9, "s": 209053, "e": 209388, "w": "可以", "sp": "Agent"}, {"p": 457, "c": 0.9, "s": 209388, "e": 209723, "w": "关注", "sp": "Agent"}, {"p": 458, "c": 0.9, "s": 209723, "e": 210059, "w": "使用", "sp": "Agent"}, {"p": 459, "c": 0.9, "s": 210059, "e": 210394, "w": "最后", "sp": "Agent"}, {"p": 460, "c": 0.9, "s": 210060, "e": 211010, "w": "嗯", "sp": "Customer"}, {"p": 461, "c": 0.9, "s": 210394, "e": 210729, "w": "针对", "sp": "Agent"}, {"p": 462, "c": 0.9, "s": 210729, "e": 211064, "w": "本次", "sp": "Agent"}, {"p": 463, "c": 0.9, "s": 211064, "e": 211399, "w": "服务", "sp": "Agent"}, {"p": 464, "c": 0.9, "s": 211399, "e": 211566, "w": "做", "sp": "Agent"}, {"p": 465, "c": 0.9, "s": 211566, "e": 211734, "w": "个", "sp": "Agent"}, {"p": 466, "c": 0.9, "s": 211734, "e": 212237, "w": "满意度", "sp": "Agent"}, {"p": 467, "c": 0.9, "s": 212237, "e": 212572, "w": "评价", "sp": "Agent"}, {"p": 468, "c": 0.9, "s": 212370, "e": 213420, "w": "嗯", "sp": "Customer"}, {"p": 469, "c": 0.9, "s": 212572, "e": 212739, "w": "也", "sp": "Agent"}, {"p": 470, "c": 0.9, "s": 212739, "e": 213074, "w": "祝您", "sp": "Agent"}, {"p": 471, "c": 0.9, "s": 213074, "e": 213409, "w": "生活", "sp": "Agent"}, {"p": 472, "c": 0.9, "s": 213409, "e": 213744, "w": "愉快", "sp": "Agent"}, {"p": 473, "c": 0.9, "s": 213744, "e": 214080, "w": "再见", "sp": "Agent"}, {"p": 474, "c": 0.9, "s": 217820, "e": 218151, "w": "请", "sp": "Agent"}, {"p": 475, "c": 0.9, "s": 218151, "e": 218483, "w": "对", "sp": "Agent"}, {"p": 476, "c": 0.9, "s": 218483, "e": 219146, "w": "本次", "sp": "Agent"}, {"p": 477, "c": 0.9, "s": 219146, "e": 219810, "w": "服务", "sp": "Agent"}, {"p": 478, "c": 0.9, "s": 219810, "e": 220140, "w": "做", "sp": "Agent"}, {"p": 479, "c": 0.9, "s": 220141, "e": 220805, "w": "评价", "sp": "Agent"}, {"p": 480, "c": 0.9, "s": 220805, "e": 221467, "w": "非常", "sp": "Agent"}, {"p": 481, "c": 0.9, "s": 221468, "e": 222131, "w": "满意", "sp": "Agent"}, {"p": 482, "c": 0.9, "s": 222131, "e": 222463, "w": "请", "sp": "Agent"}, {"p": 483, "c": 0.9, "s": 222463, "e": 222795, "w": "按", "sp": "Agent"}, {"p": 484, "c": 0.9, "s": 222795, "e": 223125, "w": "一", "sp": "Agent"}, {"p": 485, "c": 0.9, "s": 223126, "e": 223790, "w": "满意", "sp": "Agent"}, {"p": 486, "c": 0.9, "s": 223790, "e": 224120, "w": "请", "sp": "Agent"}, {"p": 487, "c": 0.9, "s": 224121, "e": 224453, "w": "按", "sp": "Agent"}, {"p": 488, "c": 0.9, "s": 224453, "e": 224785, "w": "二", "sp": "Agent"}, {"p": 489, "c": 0.9, "s": 224785, "e": 225448, "w": "一般", "sp": "Agent"}, {"p": 490, "c": 0.9, "s": 225448, "e": 225780, "w": "三", "sp": "Agent"}, {"p": 491, "c": 0.9, "s": 226640, "e": 227432, "w": "感谢您", "sp": "Agent"}, {"p": 492, "c": 0.9, "s": 227432, "e": 227697, "w": "的", "sp": "Agent"}, {"p": 493, "c": 0.9, "s": 227697, "e": 228225, "w": "来电", "sp": "Agent"}, {"p": 494, "c": 0.9, "s": 228225, "e": 228490, "w": "再", "sp": "Agent"}]}, "plainText": "六 零三 八 号 为您服务 下午 好 大厅 售后 很 高兴 为您服务 请问 有 什么 需要 帮助 的 呢\n哎 我家 的 一个 空调 怎么 开 不 起来 了\n是 家用 的 装 空调 吗 还是\n对\n挂机\n对\n柜子\n家用\n呢\n的 中央 空调 一\n嗯\n图\n加\n二 的\n嗯 加入 城管局 一 托 二 的 是 吧\n对 对 对\n嗯 出现 什 就 不 运转 了 吗 还是 什么\n它 好像 就是 按 上去 就是 就是 正在 转速 但 这 是 不应 转 好像\n是 有没有\n外 机 没\n显示\n声音\n故障 代码 呢\n看 代码 在 哪里 看\n就 面板 上 没有 显示 故障 代码 之类 的\n网 商 贷 好像 没有 啊\n就 直接\n它 会\n就\n显示\n一拖二\n的 比如说\n的\n嗯\n嗯 就 面板 上 就 直接 就是 没有 任何 的 显示 然后 空调 就 不 运转 了 是 吗\n对 面板 上 我 看到 他 调 的 现在 调 的 我 刚才 他 发 了 一个 给 我 啊 他 调 的 是 自 热 的 他 上面 有 一个 温度计 一样 的 二十 六度 这个 是 正常 的 吧\n嗯 这个 是 正常 的 就是 不出 风 吗 还是 什么\n嗯 没有 声音 啊 也 不出 风 啊\n了解 您 的 意思 了 我 给 您 备注 清楚 给 您 安排 师傅 上门 看 一下 具体 什么 原因 可以 吧 耽误 您 几 分钟 时间 您 是\n这个\n用户\n上面\n本人\n要 不要\n来电\n收费\n帮\n的\n您 哦 您 是 几 几年 购买 的 呢\n我 好像 买 了 好好 几年 了 吧 应该 这个 保修\n有\n多长 时间\n这个 如 空调 的话 呢 加上 那个 空调 质保 期 是 三年 的 如果说 空调 的 一个 购买 的 时间 超过 三年 以上 事故 上门 会 产生 费用 但 之前 都 会 提前 跟 用户 见 来电 报价 的 用户 认可 过后 才 才 会 嗯 事故 才 会 上门\n哦 那 肯定 三年 肯定 不 去\n三年 不久 了 是 吧 那 您 看 是否\n嗯\n需要 给 您 安排 师傅 上门 看 一下 呢\n哦 我 先 让 他们 自己 调 一下 我 说 我 房子 租给 人家 了 他 都 说 不好 用 了 我 也 我 也 不 知道 什么 什么 意思\n嗯 那 您 要 不 先 嗯 看 一下 然后 看看 一下 面板 上 有没有 呃 什么 故障 代码 之类 的 或者 说 关机 重启 一下 如果 后期 不行 的话 您 再 来电 报修 可以 吗\n嗯 好 的 好 的\n好 的 那 先生 您 看 还有 什么 其他 可以 再 帮 到 您 的\n啊 没有 了\n嗯 好 的 那大 经营 的话 也 有 开通 微 信 公众 号 惊喜 保安 的 服务 欢迎您 后期 也 可以 关注 使用 最后\n嗯\n针对 本次 服务 做 个 满意度 评价\n嗯\n也 祝您 生活 愉快 再见 请 对 本次 服务 做 评价 非常 满意 请 按 一 满意 请 按 二 一般 三 感谢您 的 来电 再", "plainTextTime": {"verbatims": [{"s": 63960, "e": 74480, "w": "六 零三 八 号 为您服务 下午 好 大厅 售后 很 高兴 为您服务 请问 有 什么 需要 帮助 的 呢", "sp": "Agent"}, {"s": 74520, "e": 77920, "w": "哎 我家 的 一个 空调 怎么 开 不 起来 了", "sp": "Customer"}, {"s": 78340, "e": 80452, "w": "是 家用 的 装 空调 吗 还是", "sp": "Agent"}, {"s": 80430, "e": 80703, "w": "对", "sp": "Customer"}, {"s": 80453, "e": 80876, "w": "挂机", "sp": "Agent"}, {"s": 80703, "e": 80977, "w": "对", "sp": "Customer"}, {"s": 80876, "e": 81298, "w": "柜子", "sp": "Agent"}, {"s": 80977, "e": 81524, "w": "家用", "sp": "Customer"}, {"s": 81298, "e": 81509, "w": "呢", "sp": "Agent"}, {"s": 81525, "e": 83168, "w": "的 中央 空调 一", "sp": "Customer"}, {"s": 83160, "e": 83439, "w": "嗯", "sp": "Agent"}, {"s": 83168, "e": 83442, "w": "图", "sp": "Customer"}, {"s": 83439, "e": 83718, "w": "加", "sp": "Agent"}, {"s": 83442, "e": 83990, "w": "二 的", "sp": "Customer"}, {"s": 83718, "e": 87070, "w": "嗯 加入 城管局 一 托 二 的 是 吧", "sp": "Agent"}, {"s": 86840, "e": 88130, "w": "对 对 对", "sp": "Customer"}, {"s": 87850, "e": 91110, "w": "嗯 出现 什 就 不 运转 了 吗 还是 什么", "sp": "Agent"}, {"s": 91690, "e": 97781, "w": "它 好像 就是 按 上去 就是 就是 正在 转速 但 这 是 不应 转 好像", "sp": "Customer"}, {"s": 97410, "e": 98439, "w": "是 有没有", "sp": "Agent"}, {"s": 97781, "e": 98542, "w": "外 机 没", "sp": "Customer"}, {"s": 98439, "e": 98953, "w": "显示", "sp": "Agent"}, {"s": 98542, "e": 99050, "w": "声音", "sp": "Customer"}, {"s": 98953, "e": 100240, "w": "故障 代码 呢", "sp": "Agent"}, {"s": 100520, "e": 102280, "w": "看 代码 在 哪里 看", "sp": "Customer"}, {"s": 102420, "e": 105560, "w": "就 面板 上 没有 显示 故障 代码 之类 的", "sp": "Agent"}, {"s": 106820, "e": 108900, "w": "网 商 贷 好像 没有 啊", "sp": "Customer"}, {"s": 108960, "e": 109762, "w": "就 直接", "sp": "Agent"}, {"s": 109330, "e": 109847, "w": "它 会", "sp": "Customer"}, {"s": 109762, "e": 110030, "w": "就", "sp": "Agent"}, {"s": 109847, "e": 110365, "w": "显示", "sp": "Customer"}, {"s": 110030, "e": 110832, "w": "一拖二", "sp": "Agent"}, {"s": 110365, "e": 111400, "w": "的 比如说", "sp": "Customer"}, {"s": 110832, "e": 111100, "w": "的", "sp": "Agent"}, {"s": 112370, "e": 113480, "w": "嗯", "sp": "Customer"}, {"s": 113480, "e": 119120, "w": "嗯 就 面板 上 就 直接 就是 没有 任何 的 显示 然后 空调 就 不 运转 了 是 吗", "sp": "Agent"}, {"s": 118940, "e": 129140, "w": "对 面板 上 我 看到 他 调 的 现在 调 的 我 刚才 他 发 了 一个 给 我 啊 他 调 的 是 自 热 的 他 上面 有 一个 温度计 一样 的 二十 六度 这个 是 正常 的 吧", "sp": "Customer"}, {"s": 129950, "e": 134070, "w": "嗯 这个 是 正常 的 就是 不出 风 吗 还是 什么", "sp": "Agent"}, {"s": 134350, "e": 136950, "w": "嗯 没有 声音 啊 也 不出 风 啊", "sp": "Customer"}, {"s": 137180, "e": 144907, "w": "了解 您 的 意思 了 我 给 您 备注 清楚 给 您 安排 师傅 上门 看 一下 具体 什么 原因 可以 吧 耽误 您 几 分钟 时间 您 是", "sp": "Agent"}, {"s": 144680, "e": 145079, "w": "这个", "sp": "Customer"}, {"s": 144908, "e": 145376, "w": "用户", "sp": "Agent"}, {"s": 145080, "e": 145480, "w": "上面", "sp": "Customer"}, {"s": 145376, "e": 145844, "w": "本人", "sp": "Agent"}, {"s": 145480, "e": 146079, "w": "要 不要", "sp": "Customer"}, {"s": 145844, "e": 146312, "w": "来电", "sp": "Agent"}, {"s": 146080, "e": 146480, "w": "收费", "sp": "Customer"}, {"s": 146312, "e": 146545, "w": "帮", "sp": "Agent"}, {"s": 146480, "e": 146680, "w": "的", "sp": "Customer"}, {"s": 146546, "e": 149360, "w": "您 哦 您 是 几 几年 购买 的 呢", "sp": "Agent"}, {"s": 149960, "e": 153740, "w": "我 好像 买 了 好好 几年 了 吧 应该 这个 保修", "sp": "Customer"}, {"s": 153380, "e": 154450, "w": "有", "sp": "Agent"}, {"s": 153740, "e": 154630, "w": "多长 时间", "sp": "Customer"}, {"s": 155130, "e": 169489, "w": "这个 如 空调 的话 呢 加上 那个 空调 质保 期 是 三年 的 如果说 空调 的 一个 购买 的 时间 超过 三年 以上 事故 上门 会 产生 费用 但 之前 都 会 提前 跟 用户 见 来电 报价 的 用户 认可 过后 才 才 会 嗯 事故 才 会 上门", "sp": "Agent"}, {"s": 169870, "e": 173030, "w": "哦 那 肯定 三年 肯定 不 去", "sp": "Customer"}, {"s": 173480, "e": 175584, "w": "三年 不久 了 是 吧 那 您 看 是否", "sp": "Agent"}, {"s": 175400, "e": 176439, "w": "嗯", "sp": "Customer"}, {"s": 175584, "e": 178040, "w": "需要 给 您 安排 师傅 上门 看 一下 呢", "sp": "Agent"}, {"s": 178570, "e": 185670, "w": "哦 我 先 让 他们 自己 调 一下 我 说 我 房子 租给 人家 了 他 都 说 不好 用 了 我 也 我 也 不 知道 什么 什么 意思", "sp": "Customer"}, {"s": 185950, "e": 197769, "w": "嗯 那 您 要 不 先 嗯 看 一下 然后 看看 一下 面板 上 有没有 呃 什么 故障 代码 之类 的 或者 说 关机 重启 一下 如果 后期 不行 的话 您 再 来电 报修 可以 吗", "sp": "Agent"}, {"s": 197710, "e": 199050, "w": "嗯 好 的 好 的", "sp": "Customer"}, {"s": 199100, "e": 202300, "w": "好 的 那 先生 您 看 还有 什么 其他 可以 再 帮 到 您 的", "sp": "Agent"}, {"s": 202370, "e": 203790, "w": "啊 没有 了", "sp": "Customer"}, {"s": 203860, "e": 210394, "w": "嗯 好 的 那大 经营 的话 也 有 开通 微 信 公众 号 惊喜 保安 的 服务 欢迎您 后期 也 可以 关注 使用 最后", "sp": "Agent"}, {"s": 210060, "e": 211010, "w": "嗯", "sp": "Customer"}, {"s": 210394, "e": 212572, "w": "针对 本次 服务 做 个 满意度 评价", "sp": "Agent"}, {"s": 212370, "e": 213420, "w": "嗯", "sp": "Customer"}, {"s": 212572, "e": 228490, "w": "也 祝您 生活 愉快 再见 请 对 本次 服务 做 评价 非常 满意 请 按 一 满意 请 按 二 一般 三 感谢您 的 来电 再", "sp": "Agent"}]}, "aqm": {"greeting": {"greeting_said": "为您服务, 售后, 高兴, 请问, 需要, 帮助", "n_greeting_said": 6, "score": 1}, "closing": {"closing_said": "", "n_closing_said": 0, "score": 0}, "speed": {"speed_max": 6.25, "n_words": 20, "words": "好 的 那 先生 您 看 还有 什么 其他 可以 再 帮 到 您 的", "start": 199100, "end": 202300}}}