{"mediaId": "2022031317510241078300100000542802", "status": "Success", "dateCreated": "2022-03-21T18:45:50Z", "contentType": "audio/x-wav", "channels": "future use", "length": 186, "metadata": {"Sid": 10191, "Site_id": 783, "Audio_ch_num": 5428, "Audio_module_num": 783001, "Audio_start_time_gmt": "2022-03-13T09:47:56.567+08:00", "Transaction_id": "2022031317510241078300100000542802", "ContactID": "9204480194620000012", "Personal_id": "0", "Direction": 0, "Local_audio_start_time": "2022-03-13T17:47:56.567+08:00", "Local_audio_end_time": "2022-03-13T17:51:02.567+08:00", "Total_hold_time": "0", "Pbx_login_id": "", "Ani": "90102155368221", "Extension": "155368221", "String_extension": "90102155368221", "Switch_call_id": "SIP/AUDIO/2F3E1600-46B5-1753-E48D-AF8BA5951D34", "Switch_id": "783000001", "Duration_seconds": 186, "Wrapup_time_in_seconds": "0", "Dnis": "13771785681", "Number_of_conferences": "0", "Number_of_holds": "0", "Number_of_transfers": "0", "Percent_of_agent_call": "75", "Percent_of_other_call": "48", "Percent_of_mutual_silence": "38", "Num_of_agent_cross": "12", "Num_of_other_cross": "18", "IsException": 0}, "transcript_detailed": {"words": [{"p": 1, "c": 0.9, "s": 4210, "e": 5432, "w": "六零", "sp": "Agent"}, {"p": 2, "c": 0.9, "s": 5432, "e": 6043, "w": "二", "sp": "Agent"}, {"p": 3, "c": 0.9, "s": 6043, "e": 7265, "w": "一号", "sp": "Agent"}, {"p": 4, "c": 0.9, "s": 7265, "e": 9710, "w": "为您服务", "sp": "Agent"}, {"p": 5, "c": 0.9, "s": 12600, "e": 12793, "w": "晚", "sp": "Agent"}, {"p": 6, "c": 0.9, "s": 12793, "e": 13179, "w": "上好", "sp": "Agent"}, {"p": 7, "c": 0.9, "s": 13179, "e": 13565, "w": "在线", "sp": "Agent"}, {"p": 8, "c": 0.9, "s": 13565, "e": 13952, "w": "售后", "sp": "Agent"}, {"p": 9, "c": 0.9, "s": 13952, "e": 14144, "w": "很", "sp": "Agent"}, {"p": 10, "c": 0.9, "s": 14145, "e": 14531, "w": "高兴", "sp": "Agent"}, {"p": 11, "c": 0.9, "s": 14531, "e": 15304, "w": "为您服务", "sp": "Agent"}, {"p": 12, "c": 0.9, "s": 15304, "e": 15690, "w": "请问", "sp": "Agent"}, {"p": 13, "c": 0.9, "s": 15690, "e": 16077, "w": "什么", "sp": "Agent"}, {"p": 14, "c": 0.9, "s": 15710, "e": 16153, "w": "哎", "sp": "Customer"}, {"p": 15, "c": 0.9, "s": 16077, "e": 16463, "w": "可以", "sp": "Agent"}, {"p": 16, "c": 0.9, "s": 16153, "e": 17039, "w": "你好", "sp": "Customer"}, {"p": 17, "c": 0.9, "s": 16463, "e": 16656, "w": "帮", "sp": "Agent"}, {"p": 18, "c": 0.9, "s": 16656, "e": 16850, "w": "您", "sp": "Agent"}, {"p": 19, "c": 0.9, "s": 17320, "e": 17586, "w": "我", "sp": "Customer"}, {"p": 20, "c": 0.9, "s": 17586, "e": 17853, "w": "想", "sp": "Customer"}, {"p": 21, "c": 0.9, "s": 17853, "e": 18387, "w": "那个", "sp": "Customer"}, {"p": 22, "c": 0.9, "s": 18080, "e": 18573, "w": "嗯", "sp": "Agent"}, {"p": 23, "c": 0.9, "s": 18387, "e": 18919, "w": "咨询", "sp": "Customer"}, {"p": 24, "c": 0.9, "s": 18573, "e": 19560, "w": "你好", "sp": "Agent"}, {"p": 25, "c": 0.9, "s": 18920, "e": 19187, "w": "个", "sp": "Customer"}, {"p": 26, "c": 0.9, "s": 19187, "e": 19721, "w": "问题", "sp": "Customer"}, {"p": 27, "c": 0.9, "s": 19721, "e": 20254, "w": "就是", "sp": "Customer"}, {"p": 28, "c": 0.9, "s": 20100, "e": 20523, "w": "您", "sp": "Agent"}, {"p": 29, "c": 0.9, "s": 20254, "e": 20521, "w": "我", "sp": "Customer"}, {"p": 30, "c": 0.9, "s": 20521, "e": 21055, "w": "家里", "sp": "Customer"}, {"p": 31, "c": 0.9, "s": 20523, "e": 20946, "w": "请", "sp": "Agent"}, {"p": 32, "c": 0.9, "s": 20946, "e": 21369, "w": "说", "sp": "Agent"}, {"p": 33, "c": 0.9, "s": 21055, "e": 21321, "w": "订", "sp": "Customer"}, {"p": 34, "c": 0.9, "s": 21321, "e": 21588, "w": "了", "sp": "Customer"}, {"p": 35, "c": 0.9, "s": 21588, "e": 22122, "w": "那个", "sp": "Customer"}, {"p": 36, "c": 0.9, "s": 22122, "e": 22654, "w": "大厅", "sp": "Customer"}, {"p": 37, "c": 0.9, "s": 22655, "e": 23189, "w": "大厅", "sp": "Customer"}, {"p": 38, "c": 0.9, "s": 23189, "e": 23456, "w": "的", "sp": "Customer"}, {"p": 39, "c": 0.9, "s": 23456, "e": 23988, "w": "空调", "sp": "Customer"}, {"p": 40, "c": 0.9, "s": 23880, "e": 24939, "w": "嗯", "sp": "Agent"}, {"p": 41, "c": 0.9, "s": 23989, "e": 24523, "w": "然后", "sp": "Customer"}, {"p": 42, "c": 0.9, "s": 24523, "e": 24790, "w": "呢", "sp": "Customer"}, {"p": 43, "c": 0.9, "s": 25070, "e": 25298, "w": "发", "sp": "Customer"}, {"p": 44, "c": 0.9, "s": 25298, "e": 25755, "w": "过来", "sp": "Customer"}, {"p": 45, "c": 0.9, "s": 25755, "e": 25984, "w": "帮", "sp": "Customer"}, {"p": 46, "c": 0.9, "s": 25984, "e": 26441, "w": "我们", "sp": "Customer"}, {"p": 47, "c": 0.9, "s": 26441, "e": 26898, "w": "安装", "sp": "Customer"}, {"p": 48, "c": 0.9, "s": 26898, "e": 27355, "w": "空调", "sp": "Customer"}, {"p": 49, "c": 0.9, "s": 27355, "e": 27812, "w": "前台", "sp": "Customer"}, {"p": 50, "c": 0.9, "s": 27812, "e": 28041, "w": "用", "sp": "Customer"}, {"p": 51, "c": 0.9, "s": 28041, "e": 28270, "w": "的", "sp": "Customer"}, {"p": 52, "c": 0.9, "s": 28270, "e": 28727, "w": "管线", "sp": "Customer"}, {"p": 53, "c": 0.9, "s": 28727, "e": 29184, "w": "就是", "sp": "Customer"}, {"p": 54, "c": 0.9, "s": 29184, "e": 29641, "w": "铜管", "sp": "Customer"}, {"p": 55, "c": 0.9, "s": 29641, "e": 29870, "w": "的", "sp": "Customer"}, {"p": 56, "c": 0.9, "s": 30150, "e": 30941, "w": "官方", "sp": "Customer"}, {"p": 57, "c": 0.9, "s": 30941, "e": 31732, "w": "指定", "sp": "Customer"}, {"p": 58, "c": 0.9, "s": 31732, "e": 32128, "w": "的", "sp": "Customer"}, {"p": 59, "c": 0.9, "s": 32127, "e": 32920, "w": "品牌", "sp": "Customer"}, {"p": 60, "c": 0.9, "s": 33170, "e": 33537, "w": "嗯", "sp": "Agent"}, {"p": 61, "c": 0.9, "s": 33537, "e": 34272, "w": "就是", "sp": "Agent"}, {"p": 62, "c": 0.9, "s": 34272, "e": 35008, "w": "想要", "sp": "Agent"}, {"p": 63, "c": 0.9, "s": 34580, "e": 35750, "w": "然后", "sp": "Customer"}, {"p": 64, "c": 0.9, "s": 35008, "e": 35375, "w": "问", "sp": "Agent"}, {"p": 65, "c": 0.9, "s": 35375, "e": 36110, "w": "一下", "sp": "Agent"}, {"p": 66, "c": 0.9, "s": 36110, "e": 36846, "w": "就是", "sp": "Agent"}, {"p": 67, "c": 0.9, "s": 36846, "e": 37213, "w": "用", "sp": "Agent"}, {"p": 68, "c": 0.9, "s": 37170, "e": 38050, "w": "嗯", "sp": "Customer"}, {"p": 69, "c": 0.9, "s": 37213, "e": 37581, "w": "的", "sp": "Agent"}, {"p": 70, "c": 0.9, "s": 37581, "e": 37949, "w": "同", "sp": "Agent"}, {"p": 71, "c": 0.9, "s": 37949, "e": 38316, "w": "款", "sp": "Agent"}, {"p": 72, "c": 0.9, "s": 38316, "e": 38684, "w": "是", "sp": "Agent"}, {"p": 73, "c": 0.9, "s": 38684, "e": 39419, "w": "哪些", "sp": "Agent"}, {"p": 74, "c": 0.9, "s": 39419, "e": 40154, "w": "品牌", "sp": "Agent"}, {"p": 75, "c": 0.9, "s": 39770, "e": 40208, "w": "不是", "sp": "Customer"}, {"p": 76, "c": 0.9, "s": 40154, "e": 40522, "w": "是", "sp": "Agent"}, {"p": 77, "c": 0.9, "s": 40208, "e": 40647, "w": "不是", "sp": "Customer"}, {"p": 78, "c": 0.9, "s": 40522, "e": 40890, "w": "吗", "sp": "Agent"}, {"p": 79, "c": 0.9, "s": 40647, "e": 41086, "w": "不对", "sp": "Customer"}, {"p": 80, "c": 0.9, "s": 41086, "e": 41524, "w": "不是", "sp": "Customer"}, {"p": 81, "c": 0.9, "s": 41525, "e": 41964, "w": "你们", "sp": "Customer"}, {"p": 82, "c": 0.9, "s": 41964, "e": 42183, "w": "官", "sp": "Customer"}, {"p": 83, "c": 0.9, "s": 42183, "e": 42403, "w": "网", "sp": "Customer"}, {"p": 84, "c": 0.9, "s": 42403, "e": 42842, "w": "不是", "sp": "Customer"}, {"p": 85, "c": 0.9, "s": 42842, "e": 43061, "w": "会", "sp": "Customer"}, {"p": 86, "c": 0.9, "s": 43061, "e": 43281, "w": "有", "sp": "Customer"}, {"p": 87, "c": 0.9, "s": 43281, "e": 43719, "w": "指定", "sp": "Customer"}, {"p": 88, "c": 0.9, "s": 43720, "e": 43939, "w": "的", "sp": "Customer"}, {"p": 89, "c": 0.9, "s": 43939, "e": 44158, "w": "呃", "sp": "Customer"}, {"p": 90, "c": 0.9, "s": 44158, "e": 44378, "w": "主", "sp": "Customer"}, {"p": 91, "c": 0.9, "s": 44378, "e": 44597, "w": "主", "sp": "Customer"}, {"p": 92, "c": 0.9, "s": 44597, "e": 44817, "w": "材", "sp": "Customer"}, {"p": 93, "c": 0.9, "s": 44817, "e": 45036, "w": "的", "sp": "Customer"}, {"p": 94, "c": 0.9, "s": 45036, "e": 45475, "w": "那个", "sp": "Customer"}, {"p": 95, "c": 0.9, "s": 45475, "e": 45913, "w": "品牌", "sp": "Customer"}, {"p": 96, "c": 0.9, "s": 45914, "e": 46133, "w": "和", "sp": "Customer"}, {"p": 97, "c": 0.9, "s": 46133, "e": 46572, "w": "型号", "sp": "Customer"}, {"p": 98, "c": 0.9, "s": 46572, "e": 46792, "w": "的", "sp": "Customer"}, {"p": 99, "c": 0.9, "s": 46792, "e": 47011, "w": "嘛", "sp": "Customer"}, {"p": 100, "c": 0.9, "s": 47011, "e": 47231, "w": "对", "sp": "Customer"}, {"p": 101, "c": 0.9, "s": 47231, "e": 47670, "w": "不对", "sp": "Customer"}, {"p": 102, "c": 0.9, "s": 47690, "e": 48879, "w": "嗯", "sp": "Agent"}, {"p": 103, "c": 0.9, "s": 49190, "e": 49659, "w": "那么", "sp": "Customer"}, {"p": 104, "c": 0.9, "s": 49659, "e": 49894, "w": "我", "sp": "Customer"}, {"p": 105, "c": 0.9, "s": 49894, "e": 50363, "w": "发现", "sp": "Customer"}, {"p": 106, "c": 0.9, "s": 50363, "e": 50598, "w": "给", "sp": "Customer"}, {"p": 107, "c": 0.9, "s": 50598, "e": 50833, "w": "我", "sp": "Customer"}, {"p": 108, "c": 0.9, "s": 50833, "e": 51068, "w": "来", "sp": "Customer"}, {"p": 109, "c": 0.9, "s": 51068, "e": 51302, "w": "装", "sp": "Customer"}, {"p": 110, "c": 0.9, "s": 51302, "e": 51537, "w": "的", "sp": "Customer"}, {"p": 111, "c": 0.9, "s": 51537, "e": 52007, "w": "那个", "sp": "Customer"}, {"p": 112, "c": 0.9, "s": 52007, "e": 52241, "w": "人", "sp": "Customer"}, {"p": 113, "c": 0.9, "s": 52241, "e": 52476, "w": "呢", "sp": "Customer"}, {"p": 114, "c": 0.9, "s": 52476, "e": 52946, "w": "不是", "sp": "Customer"}, {"p": 115, "c": 0.9, "s": 52946, "e": 53180, "w": "用", "sp": "Customer"}, {"p": 116, "c": 0.9, "s": 53180, "e": 53415, "w": "的", "sp": "Customer"}, {"p": 117, "c": 0.9, "s": 53415, "e": 53885, "w": "指定", "sp": "Customer"}, {"p": 118, "c": 0.9, "s": 53885, "e": 54120, "w": "的", "sp": "Customer"}, {"p": 119, "c": 0.9, "s": 54720, "e": 54999, "w": "呃", "sp": "Customer"}, {"p": 120, "c": 0.9, "s": 54999, "e": 55557, "w": "品牌", "sp": "Customer"}, {"p": 121, "c": 0.9, "s": 55557, "e": 55836, "w": "和", "sp": "Customer"}, {"p": 122, "c": 0.9, "s": 55640, "e": 56940, "w": "平台", "sp": "Agent"}, {"p": 123, "c": 0.9, "s": 55836, "e": 56394, "w": "型号", "sp": "Customer"}, {"p": 124, "c": 0.9, "s": 56395, "e": 56674, "w": "呃", "sp": "Customer"}, {"p": 125, "c": 0.9, "s": 56674, "e": 57232, "w": "那么", "sp": "Customer"}, {"p": 126, "c": 0.9, "s": 57232, "e": 57789, "w": "这个", "sp": "Customer"}, {"p": 127, "c": 0.9, "s": 57790, "e": 58070, "w": "会", "sp": "Customer"}, {"p": 128, "c": 0.9, "s": 58070, "e": 58628, "w": "不会", "sp": "Customer"}, {"p": 129, "c": 0.9, "s": 58390, "e": 59420, "w": "嗯", "sp": "Agent"}, {"p": 130, "c": 0.9, "s": 58628, "e": 59185, "w": "影响", "sp": "Customer"}, {"p": 131, "c": 0.9, "s": 59186, "e": 59465, "w": "我", "sp": "Customer"}, {"p": 132, "c": 0.9, "s": 59465, "e": 60024, "w": "这个", "sp": "Customer"}, {"p": 133, "c": 0.9, "s": 60024, "e": 60581, "w": "机器", "sp": "Customer"}, {"p": 134, "c": 0.9, "s": 60582, "e": 60861, "w": "的", "sp": "Customer"}, {"p": 135, "c": 0.9, "s": 60861, "e": 61420, "w": "保修", "sp": "Customer"}, {"p": 136, "c": 0.9, "s": 61170, "e": 62289, "w": "嗯", "sp": "Agent"}, {"p": 137, "c": 0.9, "s": 63130, "e": 63377, "w": "啊", "sp": "Customer"}, {"p": 138, "c": 0.9, "s": 63377, "e": 63625, "w": "会", "sp": "Customer"}, {"p": 139, "c": 0.9, "s": 63510, "e": 64324, "w": "保修", "sp": "Agent"}, {"p": 140, "c": 0.9, "s": 63625, "e": 64121, "w": "不会", "sp": "Customer"}, {"p": 141, "c": 0.9, "s": 64121, "e": 64616, "w": "不能", "sp": "Customer"}, {"p": 142, "c": 0.9, "s": 64324, "e": 64731, "w": "是", "sp": "Agent"}, {"p": 143, "c": 0.9, "s": 64615, "e": 65112, "w": "入网", "sp": "Customer"}, {"p": 144, "c": 0.9, "s": 64732, "e": 65140, "w": "吗", "sp": "Agent"}, {"p": 145, "c": 0.9, "s": 65112, "e": 65360, "w": "的", "sp": "Customer"}, {"p": 146, "c": 0.9, "s": 65640, "e": 65965, "w": "嗯", "sp": "Customer"}, {"p": 147, "c": 0.9, "s": 65966, "e": 66293, "w": "好", "sp": "Customer"}, {"p": 148, "c": 0.9, "s": 66293, "e": 66620, "w": "的", "sp": "Customer"}, {"p": 149, "c": 0.9, "s": 66590, "e": 66789, "w": "好", "sp": "Agent"}, {"p": 150, "c": 0.9, "s": 66790, "e": 66990, "w": "的", "sp": "Agent"}, {"p": 151, "c": 0.9, "s": 66990, "e": 67390, "w": "保修", "sp": "Agent"}, {"p": 152, "c": 0.9, "s": 67390, "e": 67790, "w": "的话", "sp": "Agent"}, {"p": 153, "c": 0.9, "s": 67790, "e": 67990, "w": "是", "sp": "Agent"}, {"p": 154, "c": 0.9, "s": 67990, "e": 68189, "w": "您", "sp": "Agent"}, {"p": 155, "c": 0.9, "s": 68190, "e": 68390, "w": "是", "sp": "Agent"}, {"p": 156, "c": 0.9, "s": 68390, "e": 68790, "w": "中央", "sp": "Agent"}, {"p": 157, "c": 0.9, "s": 68790, "e": 69190, "w": "空调", "sp": "Agent"}, {"p": 158, "c": 0.9, "s": 69190, "e": 69590, "w": "的话", "sp": "Agent"}, {"p": 159, "c": 0.9, "s": 69590, "e": 69789, "w": "是", "sp": "Agent"}, {"p": 160, "c": 0.9, "s": 69790, "e": 70190, "w": "按照", "sp": "Agent"}, {"p": 161, "c": 0.9, "s": 70190, "e": 70590, "w": "发票", "sp": "Agent"}, {"p": 162, "c": 0.9, "s": 70590, "e": 70990, "w": "或者", "sp": "Agent"}, {"p": 163, "c": 0.9, "s": 70990, "e": 71189, "w": "是", "sp": "Agent"}, {"p": 164, "c": 0.9, "s": 71190, "e": 71590, "w": "购机", "sp": "Agent"}, {"p": 165, "c": 0.9, "s": 71590, "e": 71990, "w": "合同", "sp": "Agent"}, {"p": 166, "c": 0.9, "s": 71990, "e": 72390, "w": "时间", "sp": "Agent"}, {"p": 167, "c": 0.9, "s": 72390, "e": 72790, "w": "进行", "sp": "Agent"}, {"p": 168, "c": 0.9, "s": 72790, "e": 73190, "w": "保修", "sp": "Agent"}, {"p": 169, "c": 0.9, "s": 73190, "e": 73390, "w": "的", "sp": "Agent"}, {"p": 170, "c": 0.9, "s": 74020, "e": 74253, "w": "跟", "sp": "Customer"}, {"p": 171, "c": 0.9, "s": 74253, "e": 74720, "w": "政府", "sp": "Customer"}, {"p": 172, "c": 0.9, "s": 74720, "e": 74953, "w": "他", "sp": "Customer"}, {"p": 173, "c": 0.9, "s": 74953, "e": 75653, "w": "没关系", "sp": "Customer"}, {"p": 174, "c": 0.9, "s": 75653, "e": 75886, "w": "是", "sp": "Customer"}, {"p": 175, "c": 0.9, "s": 75886, "e": 76120, "w": "吧", "sp": "Customer"}, {"p": 176, "c": 0.9, "s": 77650, "e": 78123, "w": "福彩", "sp": "Agent"}, {"p": 177, "c": 0.9, "s": 78123, "e": 78596, "w": "的话", "sp": "Agent"}, {"p": 178, "c": 0.9, "s": 78596, "e": 78833, "w": "那", "sp": "Agent"}, {"p": 179, "c": 0.9, "s": 78833, "e": 79070, "w": "我", "sp": "Agent"}, {"p": 180, "c": 0.9, "s": 79070, "e": 79306, "w": "帮", "sp": "Agent"}, {"p": 181, "c": 0.9, "s": 79306, "e": 79543, "w": "您", "sp": "Agent"}, {"p": 182, "c": 0.9, "s": 79543, "e": 80016, "w": "转接", "sp": "Agent"}, {"p": 183, "c": 0.9, "s": 80016, "e": 80726, "w": "销售部", "sp": "Agent"}, {"p": 184, "c": 0.9, "s": 80726, "e": 80963, "w": "门", "sp": "Agent"}, {"p": 185, "c": 0.9, "s": 80963, "e": 81436, "w": "咨询", "sp": "Agent"}, {"p": 186, "c": 0.9, "s": 81436, "e": 81909, "w": "一下", "sp": "Agent"}, {"p": 187, "c": 0.9, "s": 81910, "e": 82383, "w": "可以", "sp": "Agent"}, {"p": 188, "c": 0.9, "s": 82383, "e": 82620, "w": "吗", "sp": "Agent"}, {"p": 189, "c": 0.9, "s": 82620, "e": 82856, "w": "你", "sp": "Agent"}, {"p": 190, "c": 0.9, "s": 82856, "e": 83093, "w": "有", "sp": "Agent"}, {"p": 191, "c": 0.9, "s": 83093, "e": 83330, "w": "问", "sp": "Agent"}, {"p": 192, "c": 0.9, "s": 83140, "e": 83906, "w": "可以", "sp": "Customer"}, {"p": 193, "c": 0.9, "s": 83330, "e": 83566, "w": "过", "sp": "Agent"}, {"p": 194, "c": 0.9, "s": 83566, "e": 84276, "w": "经销商", "sp": "Agent"}, {"p": 195, "c": 0.9, "s": 83906, "e": 84290, "w": "呀", "sp": "Customer"}, {"p": 196, "c": 0.9, "s": 84276, "e": 84513, "w": "吗", "sp": "Agent"}, {"p": 197, "c": 0.9, "s": 84513, "e": 84986, "w": "这个", "sp": "Agent"}, {"p": 198, "c": 0.9, "s": 84986, "e": 85460, "w": "问题", "sp": "Agent"}, {"p": 199, "c": 0.9, "s": 85740, "e": 85906, "w": "我", "sp": "Customer"}, {"p": 200, "c": 0.9, "s": 85906, "e": 86072, "w": "就", "sp": "Customer"}, {"p": 201, "c": 0.9, "s": 86072, "e": 86238, "w": "我", "sp": "Customer"}, {"p": 202, "c": 0.9, "s": 86238, "e": 86404, "w": "查", "sp": "Customer"}, {"p": 203, "c": 0.9, "s": 86404, "e": 86570, "w": "了", "sp": "Customer"}, {"p": 204, "c": 0.9, "s": 86570, "e": 86902, "w": "一下", "sp": "Customer"}, {"p": 205, "c": 0.9, "s": 86902, "e": 87234, "w": "这个", "sp": "Customer"}, {"p": 206, "c": 0.9, "s": 87234, "e": 87732, "w": "经销商", "sp": "Customer"}, {"p": 207, "c": 0.9, "s": 87620, "e": 88580, "w": "嗯", "sp": "Agent"}, {"p": 208, "c": 0.9, "s": 87732, "e": 87898, "w": "他", "sp": "Customer"}, {"p": 209, "c": 0.9, "s": 87898, "e": 88064, "w": "妈", "sp": "Customer"}, {"p": 210, "c": 0.9, "s": 88064, "e": 88230, "w": "的", "sp": "Customer"}, {"p": 211, "c": 0.9, "s": 88230, "e": 88562, "w": "不在", "sp": "Customer"}, {"p": 212, "c": 0.9, "s": 88562, "e": 88728, "w": "大", "sp": "Customer"}, {"p": 213, "c": 0.9, "s": 88728, "e": 89060, "w": "大厅", "sp": "Customer"}, {"p": 214, "c": 0.9, "s": 89060, "e": 89226, "w": "的", "sp": "Customer"}, {"p": 215, "c": 0.9, "s": 89226, "e": 89558, "w": "那个", "sp": "Customer"}, {"p": 216, "c": 0.9, "s": 89558, "e": 90056, "w": "经销商", "sp": "Customer"}, {"p": 217, "c": 0.9, "s": 90056, "e": 90388, "w": "名目", "sp": "Customer"}, {"p": 218, "c": 0.9, "s": 90388, "e": 90720, "w": "里面", "sp": "Customer"}, {"p": 219, "c": 0.9, "s": 91150, "e": 91382, "w": "好", "sp": "Agent"}, {"p": 220, "c": 0.9, "s": 91382, "e": 91614, "w": "的", "sp": "Agent"}, {"p": 221, "c": 0.9, "s": 91614, "e": 91846, "w": "那", "sp": "Agent"}, {"p": 222, "c": 0.9, "s": 91846, "e": 92078, "w": "您", "sp": "Agent"}, {"p": 223, "c": 0.9, "s": 92078, "e": 92542, "w": "提供", "sp": "Agent"}, {"p": 224, "c": 0.9, "s": 92542, "e": 93007, "w": "一下", "sp": "Agent"}, {"p": 225, "c": 0.9, "s": 93007, "e": 93239, "w": "您", "sp": "Agent"}, {"p": 226, "c": 0.9, "s": 93239, "e": 93471, "w": "的", "sp": "Agent"}, {"p": 227, "c": 0.9, "s": 93471, "e": 94400, "w": "手机号码", "sp": "Agent"}, {"p": 228, "c": 0.9, "s": 95190, "e": 95485, "w": "就", "sp": "Customer"}, {"p": 229, "c": 0.9, "s": 95485, "e": 96075, "w": "这个", "sp": "Customer"}, {"p": 230, "c": 0.9, "s": 96075, "e": 96369, "w": "呀", "sp": "Customer"}, {"p": 231, "c": 0.9, "s": 96870, "e": 97058, "w": "嗯", "sp": "Agent"}, {"p": 232, "c": 0.9, "s": 97058, "e": 97247, "w": "您", "sp": "Agent"}, {"p": 233, "c": 0.9, "s": 97247, "e": 97625, "w": "方便", "sp": "Agent"}, {"p": 234, "c": 0.9, "s": 97625, "e": 98003, "w": "提供", "sp": "Agent"}, {"p": 235, "c": 0.9, "s": 97830, "e": 98690, "w": "就是", "sp": "Customer"}, {"p": 236, "c": 0.9, "s": 98003, "e": 98381, "w": "一下", "sp": "Agent"}, {"p": 237, "c": 0.9, "s": 98381, "e": 98570, "w": "吗", "sp": "Agent"}, {"p": 238, "c": 0.9, "s": 98570, "e": 98947, "w": "因为", "sp": "Agent"}, {"p": 239, "c": 0.9, "s": 98690, "e": 99120, "w": "我", "sp": "Customer"}, {"p": 240, "c": 0.9, "s": 98947, "e": 99325, "w": "我们", "sp": "Agent"}, {"p": 241, "c": 0.9, "s": 99325, "e": 99702, "w": "这个", "sp": "Agent"}, {"p": 242, "c": 0.9, "s": 99703, "e": 100081, "w": "现在", "sp": "Agent"}, {"p": 243, "c": 0.9, "s": 100081, "e": 100836, "w": "来电显示", "sp": "Agent"}, {"p": 244, "c": 0.9, "s": 100836, "e": 101025, "w": "不", "sp": "Agent"}, {"p": 245, "c": 0.9, "s": 101025, "e": 101403, "w": "显示", "sp": "Agent"}, {"p": 246, "c": 0.9, "s": 101403, "e": 101781, "w": "号码", "sp": "Agent"}, {"p": 247, "c": 0.9, "s": 101781, "e": 101970, "w": "了", "sp": "Agent"}, {"p": 248, "c": 0.9, "s": 103040, "e": 103330, "w": "幺", "sp": "Customer"}, {"p": 249, "c": 0.9, "s": 103330, "e": 103912, "w": "三七", "sp": "Customer"}, {"p": 250, "c": 0.9, "s": 103912, "e": 104494, "w": "七一", "sp": "Customer"}, {"p": 251, "c": 0.9, "s": 104494, "e": 105076, "w": "一七", "sp": "Customer"}, {"p": 252, "c": 0.9, "s": 104540, "e": 104997, "w": "幺", "sp": "Agent"}, {"p": 253, "c": 0.9, "s": 104997, "e": 105455, "w": "三", "sp": "Agent"}, {"p": 254, "c": 0.9, "s": 105076, "e": 105658, "w": "八五", "sp": "Customer"}, {"p": 255, "c": 0.9, "s": 105455, "e": 106370, "w": "七七", "sp": "Agent"}, {"p": 256, "c": 0.9, "s": 105658, "e": 106240, "w": "六八", "sp": "Customer"}, {"p": 257, "c": 0.9, "s": 106720, "e": 107420, "w": "一七", "sp": "Customer"}, {"p": 258, "c": 0.9, "s": 106850, "e": 107197, "w": "稍", "sp": "Agent"}, {"p": 259, "c": 0.9, "s": 107197, "e": 107544, "w": "等", "sp": "Agent"}, {"p": 260, "c": 0.9, "s": 107420, "e": 108119, "w": "八五", "sp": "Customer"}, {"p": 261, "c": 0.9, "s": 107544, "e": 107891, "w": "幺", "sp": "Agent"}, {"p": 262, "c": 0.9, "s": 107891, "e": 108238, "w": "三", "sp": "Agent"}, {"p": 263, "c": 0.9, "s": 108238, "e": 108932, "w": "七七", "sp": "Agent"}, {"p": 264, "c": 0.9, "s": 108932, "e": 109279, "w": "幺", "sp": "Agent"}, {"p": 265, "c": 0.9, "s": 109279, "e": 109973, "w": "七八", "sp": "Agent"}, {"p": 266, "c": 0.9, "s": 109380, "e": 110280, "w": "嗯", "sp": "Customer"}, {"p": 267, "c": 0.9, "s": 109973, "e": 110320, "w": "五", "sp": "Agent"}, {"p": 268, "c": 0.9, "s": 111550, "e": 112190, "w": "三六", "sp": "Customer"}, {"p": 269, "c": 0.9, "s": 112190, "e": 112830, "w": "八一", "sp": "Customer"}, {"p": 270, "c": 0.9, "s": 113330, "e": 113716, "w": "六", "sp": "Agent"}, {"p": 271, "c": 0.9, "s": 113716, "e": 114488, "w": "八一", "sp": "Agent"}, {"p": 272, "c": 0.9, "s": 114488, "e": 114874, "w": "好", "sp": "Agent"}, {"p": 273, "c": 0.9, "s": 114874, "e": 115260, "w": "的", "sp": "Agent"}, {"p": 274, "c": 0.9, "s": 115670, "e": 115951, "w": "再", "sp": "Agent"}, {"p": 275, "c": 0.9, "s": 115951, "e": 116232, "w": "跟", "sp": "Agent"}, {"p": 276, "c": 0.9, "s": 116233, "e": 116515, "w": "您", "sp": "Agent"}, {"p": 277, "c": 0.9, "s": 116515, "e": 117078, "w": "核对", "sp": "Agent"}, {"p": 278, "c": 0.9, "s": 117078, "e": 117641, "w": "一下", "sp": "Agent"}, {"p": 279, "c": 0.9, "s": 117641, "e": 117923, "w": "幺", "sp": "Agent"}, {"p": 280, "c": 0.9, "s": 117923, "e": 118204, "w": "三", "sp": "Agent"}, {"p": 281, "c": 0.9, "s": 118205, "e": 118768, "w": "七七", "sp": "Agent"}, {"p": 282, "c": 0.9, "s": 118768, "e": 119049, "w": "幺", "sp": "Agent"}, {"p": 283, "c": 0.9, "s": 119050, "e": 119613, "w": "七八", "sp": "Agent"}, {"p": 284, "c": 0.9, "s": 119613, "e": 119895, "w": "五", "sp": "Agent"}, {"p": 285, "c": 0.9, "s": 119895, "e": 120458, "w": "六八", "sp": "Agent"}, {"p": 286, "c": 0.9, "s": 120458, "e": 120740, "w": "幺", "sp": "Agent"}, {"p": 287, "c": 0.9, "s": 121150, "e": 121546, "w": "啊", "sp": "Customer"}, {"p": 288, "c": 0.9, "s": 121546, "e": 121943, "w": "对", "sp": "Customer"}, {"p": 289, "c": 0.9, "s": 121943, "e": 122340, "w": "的", "sp": "Customer"}, {"p": 290, "c": 0.9, "s": 122600, "e": 122785, "w": "嗯", "sp": "Agent"}, {"p": 291, "c": 0.9, "s": 122786, "e": 122972, "w": "好", "sp": "Agent"}, {"p": 292, "c": 0.9, "s": 122972, "e": 123159, "w": "的", "sp": "Agent"}, {"p": 293, "c": 0.9, "s": 123159, "e": 123904, "w": "不好意思", "sp": "Agent"}, {"p": 294, "c": 0.9, "s": 123904, "e": 124277, "w": "先生", "sp": "Agent"}, {"p": 295, "c": 0.9, "s": 124277, "e": 124650, "w": "现在", "sp": "Agent"}, {"p": 296, "c": 0.9, "s": 124650, "e": 125023, "w": "销售", "sp": "Agent"}, {"p": 297, "c": 0.9, "s": 125023, "e": 125396, "w": "部门", "sp": "Agent"}, {"p": 298, "c": 0.9, "s": 125396, "e": 125769, "w": "已经", "sp": "Agent"}, {"p": 299, "c": 0.9, "s": 125769, "e": 126141, "w": "下班", "sp": "Agent"}, {"p": 300, "c": 0.9, "s": 126141, "e": 126327, "w": "了", "sp": "Agent"}, {"p": 301, "c": 0.9, "s": 126328, "e": 126701, "w": "他们", "sp": "Agent"}, {"p": 302, "c": 0.9, "s": 126701, "e": 127074, "w": "五点", "sp": "Agent"}, {"p": 303, "c": 0.9, "s": 127074, "e": 127632, "w": "四十五", "sp": "Agent"}, {"p": 304, "c": 0.9, "s": 127633, "e": 128006, "w": "下班", "sp": "Agent"}, {"p": 305, "c": 0.9, "s": 128006, "e": 128192, "w": "您", "sp": "Agent"}, {"p": 306, "c": 0.9, "s": 128192, "e": 128565, "w": "方便", "sp": "Agent"}, {"p": 307, "c": 0.9, "s": 128565, "e": 128938, "w": "的话", "sp": "Agent"}, {"p": 308, "c": 0.9, "s": 128938, "e": 129311, "w": "明天", "sp": "Agent"}, {"p": 309, "c": 0.9, "s": 129311, "e": 129683, "w": "早上", "sp": "Agent"}, {"p": 310, "c": 0.9, "s": 129683, "e": 130056, "w": "九点", "sp": "Agent"}, {"p": 311, "c": 0.9, "s": 130056, "e": 130429, "w": "之后", "sp": "Agent"}, {"p": 312, "c": 0.9, "s": 130429, "e": 130802, "w": "拨打", "sp": "Agent"}, {"p": 313, "c": 0.9, "s": 130802, "e": 131175, "w": "一下", "sp": "Agent"}, {"p": 314, "c": 0.9, "s": 131175, "e": 131361, "w": "四", "sp": "Agent"}, {"p": 315, "c": 0.9, "s": 131361, "e": 131734, "w": "零零", "sp": "Agent"}, {"p": 316, "c": 0.9, "s": 131734, "e": 131920, "w": "八", "sp": "Agent"}, {"p": 317, "c": 0.9, "s": 131920, "e": 132107, "w": "二", "sp": "Agent"}, {"p": 318, "c": 0.9, "s": 132107, "e": 132293, "w": "零", "sp": "Agent"}, {"p": 319, "c": 0.9, "s": 132293, "e": 132666, "w": "六二", "sp": "Agent"}, {"p": 320, "c": 0.9, "s": 132666, "e": 133039, "w": "六六", "sp": "Agent"}, {"p": 321, "c": 0.9, "s": 133039, "e": 133412, "w": "这个", "sp": "Agent"}, {"p": 322, "c": 0.9, "s": 133412, "e": 133785, "w": "号码", "sp": "Agent"}, {"p": 323, "c": 0.9, "s": 133785, "e": 133971, "w": "吗", "sp": "Agent"}, {"p": 324, "c": 0.9, "s": 133971, "e": 134344, "w": "这个", "sp": "Agent"}, {"p": 325, "c": 0.9, "s": 134344, "e": 134530, "w": "是", "sp": "Agent"}, {"p": 326, "c": 0.9, "s": 134530, "e": 134903, "w": "我们", "sp": "Agent"}, {"p": 327, "c": 0.9, "s": 134903, "e": 135276, "w": "大厅", "sp": "Agent"}, {"p": 328, "c": 0.9, "s": 135276, "e": 135462, "w": "的", "sp": "Agent"}, {"p": 329, "c": 0.9, "s": 135462, "e": 135835, "w": "销售", "sp": "Agent"}, {"p": 330, "c": 0.9, "s": 135835, "e": 136208, "w": "电话", "sp": "Agent"}, {"p": 331, "c": 0.9, "s": 136208, "e": 136394, "w": "是", "sp": "Agent"}, {"p": 332, "c": 0.9, "s": 136395, "e": 136767, "w": "监管", "sp": "Agent"}, {"p": 333, "c": 0.9, "s": 136767, "e": 137140, "w": "安装", "sp": "Agent"}, {"p": 334, "c": 0.9, "s": 137140, "e": 137513, "w": "问题", "sp": "Agent"}, {"p": 335, "c": 0.9, "s": 137513, "e": 137700, "w": "的", "sp": "Agent"}, {"p": 336, "c": 0.9, "s": 137850, "e": 138406, "w": "六二", "sp": "Customer"}, {"p": 337, "c": 0.9, "s": 138406, "e": 138963, "w": "六六", "sp": "Customer"}, {"p": 338, "c": 0.9, "s": 138963, "e": 139241, "w": "是", "sp": "Customer"}, {"p": 339, "c": 0.9, "s": 139241, "e": 139520, "w": "吧", "sp": "Customer"}, {"p": 340, "c": 0.9, "s": 139640, "e": 139842, "w": "对", "sp": "Agent"}, {"p": 341, "c": 0.9, "s": 139842, "e": 140045, "w": "四", "sp": "Agent"}, {"p": 342, "c": 0.9, "s": 140045, "e": 140451, "w": "零零", "sp": "Agent"}, {"p": 343, "c": 0.9, "s": 140451, "e": 140654, "w": "八", "sp": "Agent"}, {"p": 344, "c": 0.9, "s": 140654, "e": 140857, "w": "二", "sp": "Agent"}, {"p": 345, "c": 0.9, "s": 140857, "e": 141060, "w": "零", "sp": "Agent"}, {"p": 346, "c": 0.9, "s": 141060, "e": 141466, "w": "六二", "sp": "Agent"}, {"p": 347, "c": 0.9, "s": 141466, "e": 141872, "w": "六六", "sp": "Agent"}, {"p": 348, "c": 0.9, "s": 141872, "e": 142278, "w": "明天", "sp": "Agent"}, {"p": 349, "c": 0.9, "s": 142278, "e": 142683, "w": "早上", "sp": "Agent"}, {"p": 350, "c": 0.9, "s": 142683, "e": 143089, "w": "拨通", "sp": "Agent"}, {"p": 351, "c": 0.9, "s": 143089, "e": 143495, "w": "之后", "sp": "Agent"}, {"p": 352, "c": 0.9, "s": 143495, "e": 143698, "w": "按", "sp": "Agent"}, {"p": 353, "c": 0.9, "s": 143698, "e": 144104, "w": "一号", "sp": "Agent"}, {"p": 354, "c": 0.9, "s": 144104, "e": 144307, "w": "键", "sp": "Agent"}, {"p": 355, "c": 0.9, "s": 144307, "e": 144713, "w": "一号", "sp": "Agent"}, {"p": 356, "c": 0.9, "s": 144713, "e": 144916, "w": "键", "sp": "Agent"}, {"p": 357, "c": 0.9, "s": 144916, "e": 145119, "w": "是", "sp": "Agent"}, {"p": 358, "c": 0.9, "s": 145119, "e": 145727, "w": "销售部", "sp": "Agent"}, {"p": 359, "c": 0.9, "s": 145727, "e": 145930, "w": "门", "sp": "Agent"}, {"p": 360, "c": 0.9, "s": 145930, "e": 146336, "w": "他们", "sp": "Agent"}, {"p": 361, "c": 0.9, "s": 146336, "e": 146742, "w": "专门", "sp": "Agent"}, {"p": 362, "c": 0.9, "s": 146742, "e": 147148, "w": "监管", "sp": "Agent"}, {"p": 363, "c": 0.9, "s": 147148, "e": 147554, "w": "安装", "sp": "Agent"}, {"p": 364, "c": 0.9, "s": 147554, "e": 147960, "w": "问题", "sp": "Agent"}, {"p": 365, "c": 0.9, "s": 148300, "e": 148677, "w": "你们", "sp": "Customer"}, {"p": 366, "c": 0.9, "s": 148677, "e": 149054, "w": "销售", "sp": "Customer"}, {"p": 367, "c": 0.9, "s": 149054, "e": 149431, "w": "好像", "sp": "Customer"}, {"p": 368, "c": 0.9, "s": 149431, "e": 149620, "w": "我", "sp": "Customer"}, {"p": 369, "c": 0.9, "s": 149620, "e": 149808, "w": "看", "sp": "Customer"}, {"p": 370, "c": 0.9, "s": 149800, "e": 150690, "w": "嗯", "sp": "Agent"}, {"p": 371, "c": 0.9, "s": 149808, "e": 150186, "w": "电话", "sp": "Customer"}, {"p": 372, "c": 0.9, "s": 150186, "e": 150374, "w": "里", "sp": "Customer"}, {"p": 373, "c": 0.9, "s": 150374, "e": 150752, "w": "只有", "sp": "Customer"}, {"p": 374, "c": 0.9, "s": 150752, "e": 151129, "w": "九点", "sp": "Customer"}, {"p": 375, "c": 0.9, "s": 151129, "e": 151317, "w": "到", "sp": "Customer"}, {"p": 376, "c": 0.9, "s": 151317, "e": 151883, "w": "十一点", "sp": "Customer"}, {"p": 377, "c": 0.9, "s": 151883, "e": 152071, "w": "多", "sp": "Customer"}, {"p": 378, "c": 0.9, "s": 152072, "e": 152261, "w": "才", "sp": "Customer"}, {"p": 379, "c": 0.9, "s": 152261, "e": 152449, "w": "是", "sp": "Customer"}, {"p": 380, "c": 0.9, "s": 152449, "e": 152826, "w": "这个", "sp": "Customer"}, {"p": 381, "c": 0.9, "s": 152826, "e": 153204, "w": "销售", "sp": "Customer"}, {"p": 382, "c": 0.9, "s": 153204, "e": 153392, "w": "的", "sp": "Customer"}, {"p": 383, "c": 0.9, "s": 153392, "e": 153770, "w": "问题", "sp": "Customer"}, {"p": 384, "c": 0.9, "s": 154200, "e": 154800, "w": "时间", "sp": "Customer"}, {"p": 385, "c": 0.9, "s": 154800, "e": 155400, "w": "服务", "sp": "Customer"}, {"p": 386, "c": 0.9, "s": 155400, "e": 156000, "w": "时间", "sp": "Customer"}, {"p": 387, "c": 0.9, "s": 156230, "e": 156443, "w": "呃", "sp": "Agent"}, {"p": 388, "c": 0.9, "s": 156443, "e": 156870, "w": "时间", "sp": "Agent"}, {"p": 389, "c": 0.9, "s": 156871, "e": 157298, "w": "他们", "sp": "Agent"}, {"p": 390, "c": 0.9, "s": 157298, "e": 157512, "w": "是", "sp": "Agent"}, {"p": 391, "c": 0.9, "s": 157512, "e": 157939, "w": "早上", "sp": "Agent"}, {"p": 392, "c": 0.9, "s": 157939, "e": 158153, "w": "的", "sp": "Agent"}, {"p": 393, "c": 0.9, "s": 158153, "e": 158580, "w": "九点", "sp": "Agent"}, {"p": 394, "c": 0.9, "s": 158580, "e": 158794, "w": "到", "sp": "Agent"}, {"p": 395, "c": 0.9, "s": 158794, "e": 159221, "w": "晚上", "sp": "Agent"}, {"p": 396, "c": 0.9, "s": 159221, "e": 159648, "w": "五点", "sp": "Agent"}, {"p": 397, "c": 0.9, "s": 159648, "e": 160290, "w": "四十五", "sp": "Agent"}, {"p": 398, "c": 0.9, "s": 160650, "e": 160847, "w": "啊", "sp": "Customer"}, {"p": 399, "c": 0.9, "s": 160847, "e": 161242, "w": "五点", "sp": "Customer"}, {"p": 400, "c": 0.9, "s": 161242, "e": 161637, "w": "四十", "sp": "Customer"}, {"p": 401, "c": 0.9, "s": 161637, "e": 161834, "w": "我", "sp": "Customer"}, {"p": 402, "c": 0.9, "s": 161835, "e": 162032, "w": "看", "sp": "Customer"}, {"p": 403, "c": 0.9, "s": 162032, "e": 162230, "w": "了", "sp": "Customer"}, {"p": 404, "c": 0.9, "s": 162230, "e": 162625, "w": "一会", "sp": "Customer"}, {"p": 405, "c": 0.9, "s": 162625, "e": 163020, "w": "晚上", "sp": "Customer"}, {"p": 406, "c": 0.9, "s": 163370, "e": 163873, "w": "嗯", "sp": "Agent"}, {"p": 407, "c": 0.9, "s": 163873, "e": 164376, "w": "对", "sp": "Agent"}, {"p": 408, "c": 0.9, "s": 164376, "e": 164880, "w": "的", "sp": "Agent"}, {"p": 409, "c": 0.9, "s": 165220, "e": 165465, "w": "啊", "sp": "Customer"}, {"p": 410, "c": 0.9, "s": 165465, "e": 165709, "w": "好", "sp": "Customer"}, {"p": 411, "c": 0.9, "s": 165710, "e": 165955, "w": "的", "sp": "Customer"}, {"p": 412, "c": 0.9, "s": 165955, "e": 166445, "w": "谢谢", "sp": "Customer"}, {"p": 413, "c": 0.9, "s": 166445, "e": 166690, "w": "你", "sp": "Customer"}, {"p": 414, "c": 0.9, "s": 166530, "e": 166739, "w": "嗯", "sp": "Agent"}, {"p": 415, "c": 0.9, "s": 166739, "e": 166949, "w": "好", "sp": "Agent"}, {"p": 416, "c": 0.9, "s": 166949, "e": 167158, "w": "的", "sp": "Agent"}, {"p": 417, "c": 0.9, "s": 167158, "e": 167368, "w": "不", "sp": "Agent"}, {"p": 418, "c": 0.9, "s": 167368, "e": 167787, "w": "客气", "sp": "Agent"}, {"p": 419, "c": 0.9, "s": 167787, "e": 167997, "w": "的", "sp": "Agent"}, {"p": 420, "c": 0.9, "s": 167997, "e": 168416, "w": "麻烦", "sp": "Agent"}, {"p": 421, "c": 0.9, "s": 168416, "e": 168835, "w": "稍后", "sp": "Agent"}, {"p": 422, "c": 0.9, "s": 168835, "e": 169045, "w": "对", "sp": "Agent"}, {"p": 423, "c": 0.9, "s": 169045, "e": 169464, "w": "本次", "sp": "Agent"}, {"p": 424, "c": 0.9, "s": 169464, "e": 169883, "w": "通话", "sp": "Agent"}, {"p": 425, "c": 0.9, "s": 169883, "e": 170302, "w": "进行", "sp": "Agent"}, {"p": 426, "c": 0.9, "s": 170302, "e": 170722, "w": "一个", "sp": "Agent"}, {"p": 427, "c": 0.9, "s": 170722, "e": 171141, "w": "评价", "sp": "Agent"}, {"p": 428, "c": 0.9, "s": 171141, "e": 171560, "w": "可以", "sp": "Agent"}, {"p": 429, "c": 0.9, "s": 171560, "e": 171770, "w": "吗", "sp": "Agent"}, {"p": 430, "c": 0.9, "s": 171950, "e": 172415, "w": "好", "sp": "Customer"}, {"p": 431, "c": 0.9, "s": 172415, "e": 172879, "w": "的", "sp": "Customer"}, {"p": 432, "c": 0.9, "s": 172900, "e": 173140, "w": "嗯", "sp": "Agent"}, {"p": 433, "c": 0.9, "s": 173141, "e": 173383, "w": "好", "sp": "Agent"}, {"p": 434, "c": 0.9, "s": 173383, "e": 173625, "w": "的", "sp": "Agent"}, {"p": 435, "c": 0.9, "s": 173625, "e": 174109, "w": "祝您", "sp": "Agent"}, {"p": 436, "c": 0.9, "s": 174109, "e": 174592, "w": "生活", "sp": "Agent"}, {"p": 437, "c": 0.9, "s": 174592, "e": 175075, "w": "愉快", "sp": "Agent"}, {"p": 438, "c": 0.9, "s": 175076, "e": 175560, "w": "再见", "sp": "Agent"}, {"p": 439, "c": 0.9, "s": 175750, "e": 176123, "w": "好", "sp": "Customer"}, {"p": 440, "c": 0.9, "s": 176123, "e": 176870, "w": "再见", "sp": "Customer"}, {"p": 441, "c": 0.9, "s": 177310, "e": 177599, "w": "请", "sp": "Agent"}, {"p": 442, "c": 0.9, "s": 177600, "e": 177890, "w": "对", "sp": "Agent"}, {"p": 443, "c": 0.9, "s": 177890, "e": 178470, "w": "本次", "sp": "Agent"}, {"p": 444, "c": 0.9, "s": 178470, "e": 179050, "w": "服务", "sp": "Agent"}, {"p": 445, "c": 0.9, "s": 179050, "e": 179340, "w": "做", "sp": "Agent"}, {"p": 446, "c": 0.9, "s": 179340, "e": 179920, "w": "评价", "sp": "Agent"}, {"p": 447, "c": 0.9, "s": 180200, "e": 180854, "w": "非常", "sp": "Agent"}, {"p": 448, "c": 0.9, "s": 180854, "e": 181508, "w": "满意", "sp": "Agent"}, {"p": 449, "c": 0.9, "s": 181508, "e": 181834, "w": "请", "sp": "Agent"}, {"p": 450, "c": 0.9, "s": 181835, "e": 182162, "w": "按", "sp": "Agent"}, {"p": 451, "c": 0.9, "s": 182162, "e": 182489, "w": "一", "sp": "Agent"}, {"p": 452, "c": 0.9, "s": 182489, "e": 183143, "w": "满意", "sp": "Agent"}, {"p": 453, "c": 0.9, "s": 183143, "e": 183470, "w": "请", "sp": "Agent"}, {"p": 454, "c": 0.9, "s": 183990, "e": 184820, "w": "感谢您", "sp": "Agent"}, {"p": 455, "c": 0.9, "s": 184820, "e": 185096, "w": "的", "sp": "Agent"}, {"p": 456, "c": 0.9, "s": 185096, "e": 185650, "w": "来电", "sp": "Agent"}]}, "plainText": "六零 二 一号 为您服务 晚 上好 在线 售后 很 高兴 为您服务 请问 什么\n哎\n可以\n你好\n帮 您\n我 想 那个\n嗯\n咨询\n你好\n个 问题 就是\n您\n我 家里\n请 说\n订 了 那个 大厅 大厅 的 空调\n嗯\n然后 呢 发 过来 帮 我们 安装 空调 前台 用 的 管线 就是 铜管 的 官方 指定 的 品牌\n嗯 就是 想要\n然后\n问 一下 就是 用\n嗯\n的 同 款 是 哪些 品牌\n不是\n是\n不是\n吗\n不对 不是 你们 官 网 不是 会 有 指定 的 呃 主 主 材 的 那个 品牌 和 型号 的 嘛 对 不对\n嗯\n那么 我 发现 给 我 来 装 的 那个 人 呢 不是 用 的 指定 的 呃 品牌 和\n平台\n型号 呃 那么 这个 会 不会\n嗯\n影响 我 这个 机器 的 保修\n嗯\n啊 会\n保修\n不会 不能\n是\n入网\n吗\n的 嗯 好 的\n好 的 保修 的话 是 您 是 中央 空调 的话 是 按照 发票 或者 是 购机 合同 时间 进行 保修 的\n跟 政府 他 没关系 是 吧\n福彩 的话 那 我 帮 您 转接 销售部 门 咨询 一下 可以 吗 你 有 问\n可以\n过 经销商\n呀\n吗 这个 问题\n我 就 我 查 了 一下 这个 经销商\n嗯\n他 妈 的 不在 大 大厅 的 那个 经销商 名目 里面\n好 的 那 您 提供 一下 您 的 手机号码\n就 这个 呀\n嗯 您 方便 提供\n就是\n一下 吗 因为\n我\n我们 这个 现在 来电显示 不 显示 号码 了\n幺 三七 七一 一七\n幺 三\n八五\n七七\n六八 一七\n稍 等\n八五\n幺 三 七七 幺 七八\n嗯\n五\n三六 八一\n六 八一 好 的 再 跟 您 核对 一下 幺 三 七七 幺 七八 五 六八 幺\n啊 对 的\n嗯 好 的 不好意思 先生 现在 销售 部门 已经 下班 了 他们 五点 四十五 下班 您 方便 的话 明天 早上 九点 之后 拨打 一下 四 零零 八 二 零 六二 六六 这个 号码 吗 这个 是 我们 大厅 的 销售 电话 是 监管 安装 问题 的\n六二 六六 是 吧\n对 四 零零 八 二 零 六二 六六 明天 早上 拨通 之后 按 一号 键 一号 键 是 销售部 门 他们 专门 监管 安装 问题\n你们 销售 好像 我 看\n嗯\n电话 里 只有 九点 到 十一点 多 才 是 这个 销售 的 问题 时间 服务 时间\n呃 时间 他们 是 早上 的 九点 到 晚上 五点 四十五\n啊 五点 四十 我 看 了 一会 晚上\n嗯 对 的\n啊 好 的 谢谢 你\n嗯 好 的 不 客气 的 麻烦 稍后 对 本次 通话 进行 一个 评价 可以 吗\n好 的\n嗯 好 的 祝您 生活 愉快 再见\n好 再见\n请 对 本次 服务 做 评价 非常 满意 请 按 一 满意 请 感谢您 的 来电", "plainTextTime": {"verbatims": [{"s": 4210, "e": 16077, "w": "六零 二 一号 为您服务 晚 上好 在线 售后 很 高兴 为您服务 请问 什么", "sp": "Agent"}, {"s": 15710, "e": 16153, "w": "哎", "sp": "Customer"}, {"s": 16077, "e": 16463, "w": "可以", "sp": "Agent"}, {"s": 16153, "e": 17039, "w": "你好", "sp": "Customer"}, {"s": 16463, "e": 16850, "w": "帮 您", "sp": "Agent"}, {"s": 17320, "e": 18387, "w": "我 想 那个", "sp": "Customer"}, {"s": 18080, "e": 18573, "w": "嗯", "sp": "Agent"}, {"s": 18387, "e": 18919, "w": "咨询", "sp": "Customer"}, {"s": 18573, "e": 19560, "w": "你好", "sp": "Agent"}, {"s": 18920, "e": 20254, "w": "个 问题 就是", "sp": "Customer"}, {"s": 20100, "e": 20523, "w": "您", "sp": "Agent"}, {"s": 20254, "e": 21055, "w": "我 家里", "sp": "Customer"}, {"s": 20523, "e": 21369, "w": "请 说", "sp": "Agent"}, {"s": 21055, "e": 23988, "w": "订 了 那个 大厅 大厅 的 空调", "sp": "Customer"}, {"s": 23880, "e": 24939, "w": "嗯", "sp": "Agent"}, {"s": 23989, "e": 32920, "w": "然后 呢 发 过来 帮 我们 安装 空调 前台 用 的 管线 就是 铜管 的 官方 指定 的 品牌", "sp": "Customer"}, {"s": 33170, "e": 35008, "w": "嗯 就是 想要", "sp": "Agent"}, {"s": 34580, "e": 35750, "w": "然后", "sp": "Customer"}, {"s": 35008, "e": 37213, "w": "问 一下 就是 用", "sp": "Agent"}, {"s": 37170, "e": 38050, "w": "嗯", "sp": "Customer"}, {"s": 37213, "e": 40154, "w": "的 同 款 是 哪些 品牌", "sp": "Agent"}, {"s": 39770, "e": 40208, "w": "不是", "sp": "Customer"}, {"s": 40154, "e": 40522, "w": "是", "sp": "Agent"}, {"s": 40208, "e": 40647, "w": "不是", "sp": "Customer"}, {"s": 40522, "e": 40890, "w": "吗", "sp": "Agent"}, {"s": 40647, "e": 47670, "w": "不对 不是 你们 官 网 不是 会 有 指定 的 呃 主 主 材 的 那个 品牌 和 型号 的 嘛 对 不对", "sp": "Customer"}, {"s": 47690, "e": 48879, "w": "嗯", "sp": "Agent"}, {"s": 49190, "e": 55836, "w": "那么 我 发现 给 我 来 装 的 那个 人 呢 不是 用 的 指定 的 呃 品牌 和", "sp": "Customer"}, {"s": 55640, "e": 56940, "w": "平台", "sp": "Agent"}, {"s": 55836, "e": 58628, "w": "型号 呃 那么 这个 会 不会", "sp": "Customer"}, {"s": 58390, "e": 59420, "w": "嗯", "sp": "Agent"}, {"s": 58628, "e": 61420, "w": "影响 我 这个 机器 的 保修", "sp": "Customer"}, {"s": 61170, "e": 62289, "w": "嗯", "sp": "Agent"}, {"s": 63130, "e": 63625, "w": "啊 会", "sp": "Customer"}, {"s": 63510, "e": 64324, "w": "保修", "sp": "Agent"}, {"s": 63625, "e": 64616, "w": "不会 不能", "sp": "Customer"}, {"s": 64324, "e": 64731, "w": "是", "sp": "Agent"}, {"s": 64615, "e": 65112, "w": "入网", "sp": "Customer"}, {"s": 64732, "e": 65140, "w": "吗", "sp": "Agent"}, {"s": 65112, "e": 66620, "w": "的 嗯 好 的", "sp": "Customer"}, {"s": 66590, "e": 73390, "w": "好 的 保修 的话 是 您 是 中央 空调 的话 是 按照 发票 或者 是 购机 合同 时间 进行 保修 的", "sp": "Agent"}, {"s": 74020, "e": 76120, "w": "跟 政府 他 没关系 是 吧", "sp": "Customer"}, {"s": 77650, "e": 83330, "w": "福彩 的话 那 我 帮 您 转接 销售部 门 咨询 一下 可以 吗 你 有 问", "sp": "Agent"}, {"s": 83140, "e": 83906, "w": "可以", "sp": "Customer"}, {"s": 83330, "e": 84276, "w": "过 经销商", "sp": "Agent"}, {"s": 83906, "e": 84290, "w": "呀", "sp": "Customer"}, {"s": 84276, "e": 85460, "w": "吗 这个 问题", "sp": "Agent"}, {"s": 85740, "e": 87732, "w": "我 就 我 查 了 一下 这个 经销商", "sp": "Customer"}, {"s": 87620, "e": 88580, "w": "嗯", "sp": "Agent"}, {"s": 87732, "e": 90720, "w": "他 妈 的 不在 大 大厅 的 那个 经销商 名目 里面", "sp": "Customer"}, {"s": 91150, "e": 94400, "w": "好 的 那 您 提供 一下 您 的 手机号码", "sp": "Agent"}, {"s": 95190, "e": 96369, "w": "就 这个 呀", "sp": "Customer"}, {"s": 96870, "e": 98003, "w": "嗯 您 方便 提供", "sp": "Agent"}, {"s": 97830, "e": 98690, "w": "就是", "sp": "Customer"}, {"s": 98003, "e": 98947, "w": "一下 吗 因为", "sp": "Agent"}, {"s": 98690, "e": 99120, "w": "我", "sp": "Customer"}, {"s": 98947, "e": 101970, "w": "我们 这个 现在 来电显示 不 显示 号码 了", "sp": "Agent"}, {"s": 103040, "e": 105076, "w": "幺 三七 七一 一七", "sp": "Customer"}, {"s": 104540, "e": 105455, "w": "幺 三", "sp": "Agent"}, {"s": 105076, "e": 105658, "w": "八五", "sp": "Customer"}, {"s": 105455, "e": 106370, "w": "七七", "sp": "Agent"}, {"s": 105658, "e": 107420, "w": "六八 一七", "sp": "Customer"}, {"s": 106850, "e": 107544, "w": "稍 等", "sp": "Agent"}, {"s": 107420, "e": 108119, "w": "八五", "sp": "Customer"}, {"s": 107544, "e": 109973, "w": "幺 三 七七 幺 七八", "sp": "Agent"}, {"s": 109380, "e": 110280, "w": "嗯", "sp": "Customer"}, {"s": 109973, "e": 110320, "w": "五", "sp": "Agent"}, {"s": 111550, "e": 112830, "w": "三六 八一", "sp": "Customer"}, {"s": 113330, "e": 120740, "w": "六 八一 好 的 再 跟 您 核对 一下 幺 三 七七 幺 七八 五 六八 幺", "sp": "Agent"}, {"s": 121150, "e": 122340, "w": "啊 对 的", "sp": "Customer"}, {"s": 122600, "e": 137700, "w": "嗯 好 的 不好意思 先生 现在 销售 部门 已经 下班 了 他们 五点 四十五 下班 您 方便 的话 明天 早上 九点 之后 拨打 一下 四 零零 八 二 零 六二 六六 这个 号码 吗 这个 是 我们 大厅 的 销售 电话 是 监管 安装 问题 的", "sp": "Agent"}, {"s": 137850, "e": 139520, "w": "六二 六六 是 吧", "sp": "Customer"}, {"s": 139640, "e": 147960, "w": "对 四 零零 八 二 零 六二 六六 明天 早上 拨通 之后 按 一号 键 一号 键 是 销售部 门 他们 专门 监管 安装 问题", "sp": "Agent"}, {"s": 148300, "e": 149808, "w": "你们 销售 好像 我 看", "sp": "Customer"}, {"s": 149800, "e": 150690, "w": "嗯", "sp": "Agent"}, {"s": 149808, "e": 156000, "w": "电话 里 只有 九点 到 十一点 多 才 是 这个 销售 的 问题 时间 服务 时间", "sp": "Customer"}, {"s": 156230, "e": 160290, "w": "呃 时间 他们 是 早上 的 九点 到 晚上 五点 四十五", "sp": "Agent"}, {"s": 160650, "e": 163020, "w": "啊 五点 四十 我 看 了 一会 晚上", "sp": "Customer"}, {"s": 163370, "e": 164880, "w": "嗯 对 的", "sp": "Agent"}, {"s": 165220, "e": 166690, "w": "啊 好 的 谢谢 你", "sp": "Customer"}, {"s": 166530, "e": 171770, "w": "嗯 好 的 不 客气 的 麻烦 稍后 对 本次 通话 进行 一个 评价 可以 吗", "sp": "Agent"}, {"s": 171950, "e": 172879, "w": "好 的", "sp": "Customer"}, {"s": 172900, "e": 175560, "w": "嗯 好 的 祝您 生活 愉快 再见", "sp": "Agent"}, {"s": 175750, "e": 176870, "w": "好 再见", "sp": "Customer"}, {"s": 177310, "e": 185650, "w": "请 对 本次 服务 做 评价 非常 满意 请 按 一 满意 请 感谢您 的 来电", "sp": "Agent"}]}, "aqm": {"greeting": {"greeting_said": "为您服务, 售后, 高兴, 请问", "n_greeting_said": 4, "score": 1}, "closing": {"closing_said": "祝您, 生活, 愉快, 再见", "n_closing_said": 4, "score": 1}, "speed": {"speed_max": 5.36, "n_words": 81, "words": "嗯 好 的 不好意思 先生 现在 销售 部门 已经 下班 了 他们 五点 四十五 下班 您 方便 的话 明天 早上 九点 之后 拨打 一下 四 零零 八 二 零 六二 六六 这个 号码 吗 这个 是 我们 大厅 的 销售 电话 是 监管 安装 问题 的", "start": 122600, "end": 137700}}}