{"mediaId": "2022031313594010578300100000530102", "status": "Success", "dateCreated": "2022-03-21T18:45:50Z", "contentType": "audio/x-wav", "channels": "future use", "length": 240, "metadata": {"Sid": 10000, "Site_id": 783, "Audio_ch_num": 5301, "Audio_module_num": 783001, "Audio_start_time_gmt": "2022-03-13T05:55:40.013+08:00", "Transaction_id": "2022031313594010578300100000530102", "ContactID": "9204480055800000012", "Personal_id": "0", "Direction": 0, "Local_audio_start_time": "2022-03-13T13:55:40.013+08:00", "Local_audio_end_time": "2022-03-13T13:59:40.013+08:00", "Total_hold_time": "0", "Pbx_login_id": "", "Ani": "90102155368221", "Extension": "155368221", "String_extension": "90102155368221", "Switch_call_id": "SIP/AUDIO/083E1600-C577-51FE-D561-B1F2DA35AF2C", "Switch_id": "783000001", "Duration_seconds": 240, "Wrapup_time_in_seconds": "0", "Dnis": "13564233147", "Number_of_conferences": "0", "Number_of_holds": "0", "Number_of_transfers": "0", "Percent_of_agent_call": "73", "Percent_of_other_call": "53", "Percent_of_mutual_silence": "42", "Num_of_agent_cross": "18", "Num_of_other_cross": "39", "IsException": 0}, "transcript_detailed": {"words": [{"p": 1, "c": 0.9, "s": 5350, "e": 5984, "w": "六零", "sp": "Agent"}, {"p": 2, "c": 0.9, "s": 5985, "e": 6620, "w": "二六", "sp": "Agent"}, {"p": 3, "c": 0.9, "s": 6620, "e": 6937, "w": "号", "sp": "Agent"}, {"p": 4, "c": 0.9, "s": 6938, "e": 8209, "w": "为您服务", "sp": "Agent"}, {"p": 5, "c": 0.9, "s": 8209, "e": 8844, "w": "您好", "sp": "Agent"}, {"p": 6, "c": 0.9, "s": 8844, "e": 9479, "w": "大厅", "sp": "Agent"}, {"p": 7, "c": 0.9, "s": 9479, "e": 10115, "w": "售后", "sp": "Agent"}, {"p": 8, "c": 0.9, "s": 10115, "e": 10432, "w": "很", "sp": "Agent"}, {"p": 9, "c": 0.9, "s": 10432, "e": 11068, "w": "高兴", "sp": "Agent"}, {"p": 10, "c": 0.9, "s": 11068, "e": 12337, "w": "为您服务", "sp": "Agent"}, {"p": 11, "c": 0.9, "s": 12338, "e": 12974, "w": "请问", "sp": "Agent"}, {"p": 12, "c": 0.9, "s": 12974, "e": 13291, "w": "有", "sp": "Agent"}, {"p": 13, "c": 0.9, "s": 13291, "e": 13927, "w": "什么", "sp": "Agent"}, {"p": 14, "c": 0.9, "s": 13730, "e": 13997, "w": "哎", "sp": "Customer"}, {"p": 15, "c": 0.9, "s": 13927, "e": 14562, "w": "可以", "sp": "Agent"}, {"p": 16, "c": 0.9, "s": 13998, "e": 14267, "w": "我", "sp": "Customer"}, {"p": 17, "c": 0.9, "s": 14267, "e": 14536, "w": "问", "sp": "Customer"}, {"p": 18, "c": 0.9, "s": 14536, "e": 15074, "w": "一下", "sp": "Customer"}, {"p": 19, "c": 0.9, "s": 14562, "e": 14880, "w": "帮", "sp": "Agent"}, {"p": 20, "c": 0.9, "s": 15074, "e": 15611, "w": "你们", "sp": "Customer"}, {"p": 21, "c": 0.9, "s": 15611, "e": 16149, "w": "就是", "sp": "Customer"}, {"p": 22, "c": 0.9, "s": 16149, "e": 16687, "w": "大金", "sp": "Customer"}, {"p": 23, "c": 0.9, "s": 16687, "e": 16955, "w": "叫", "sp": "Customer"}, {"p": 24, "c": 0.9, "s": 16955, "e": 17493, "w": "大金", "sp": "Customer"}, {"p": 25, "c": 0.9, "s": 17493, "e": 18031, "w": "空调", "sp": "Customer"}, {"p": 26, "c": 0.9, "s": 18031, "e": 18300, "w": "装", "sp": "Customer"}, {"p": 27, "c": 0.9, "s": 18300, "e": 18837, "w": "空调", "sp": "Customer"}, {"p": 28, "c": 0.9, "s": 18837, "e": 19375, "w": "就是", "sp": "Customer"}, {"p": 29, "c": 0.9, "s": 19375, "e": 19644, "w": "装", "sp": "Customer"}, {"p": 30, "c": 0.9, "s": 19480, "e": 20609, "w": "嗯", "sp": "Agent"}, {"p": 31, "c": 0.9, "s": 19644, "e": 20181, "w": "空调", "sp": "Customer"}, {"p": 32, "c": 0.9, "s": 20181, "e": 20719, "w": "当中", "sp": "Customer"}, {"p": 33, "c": 0.9, "s": 20719, "e": 20987, "w": "要", "sp": "Customer"}, {"p": 34, "c": 0.9, "s": 20988, "e": 21525, "w": "需要", "sp": "Customer"}, {"p": 35, "c": 0.9, "s": 21525, "e": 22063, "w": "什么", "sp": "Customer"}, {"p": 36, "c": 0.9, "s": 22063, "e": 22601, "w": "费用", "sp": "Customer"}, {"p": 37, "c": 0.9, "s": 22601, "e": 22869, "w": "吗", "sp": "Customer"}, {"p": 38, "c": 0.9, "s": 24280, "e": 24660, "w": "安装", "sp": "Agent"}, {"p": 39, "c": 0.9, "s": 24660, "e": 25039, "w": "的话", "sp": "Agent"}, {"p": 40, "c": 0.9, "s": 25040, "e": 25231, "w": "是", "sp": "Agent"}, {"p": 41, "c": 0.9, "s": 25231, "e": 25421, "w": "由", "sp": "Agent"}, {"p": 42, "c": 0.9, "s": 25421, "e": 25991, "w": "经销商", "sp": "Agent"}, {"p": 43, "c": 0.9, "s": 25992, "e": 26372, "w": "负责", "sp": "Agent"}, {"p": 44, "c": 0.9, "s": 26372, "e": 26562, "w": "的", "sp": "Agent"}, {"p": 45, "c": 0.9, "s": 26562, "e": 26943, "w": "就是", "sp": "Agent"}, {"p": 46, "c": 0.9, "s": 26943, "e": 27133, "w": "您", "sp": "Agent"}, {"p": 47, "c": 0.9, "s": 27133, "e": 27323, "w": "在", "sp": "Agent"}, {"p": 48, "c": 0.9, "s": 27323, "e": 27704, "w": "哪里", "sp": "Agent"}, {"p": 49, "c": 0.9, "s": 27704, "e": 27894, "w": "买", "sp": "Agent"}, {"p": 50, "c": 0.9, "s": 27894, "e": 28084, "w": "的", "sp": "Agent"}, {"p": 51, "c": 0.9, "s": 28084, "e": 28465, "w": "哪里", "sp": "Agent"}, {"p": 52, "c": 0.9, "s": 28465, "e": 28845, "w": "负责", "sp": "Agent"}, {"p": 53, "c": 0.9, "s": 28845, "e": 29226, "w": "安装", "sp": "Agent"}, {"p": 54, "c": 0.9, "s": 29226, "e": 29605, "w": "这个", "sp": "Agent"}, {"p": 55, "c": 0.9, "s": 29560, "e": 30500, "w": "对", "sp": "Customer"}, {"p": 56, "c": 0.9, "s": 29606, "e": 29797, "w": "您", "sp": "Agent"}, {"p": 57, "c": 0.9, "s": 29797, "e": 30177, "w": "直接", "sp": "Agent"}, {"p": 58, "c": 0.9, "s": 30177, "e": 30367, "w": "跟", "sp": "Agent"}, {"p": 59, "c": 0.9, "s": 30367, "e": 30938, "w": "经销商", "sp": "Agent"}, {"p": 60, "c": 0.9, "s": 30938, "e": 31319, "w": "沟通", "sp": "Agent"}, {"p": 61, "c": 0.9, "s": 31319, "e": 31509, "w": "就", "sp": "Agent"}, {"p": 62, "c": 0.9, "s": 31509, "e": 31699, "w": "好", "sp": "Agent"}, {"p": 63, "c": 0.9, "s": 31699, "e": 31889, "w": "了", "sp": "Agent"}, {"p": 64, "c": 0.9, "s": 31889, "e": 32080, "w": "嗯", "sp": "Agent"}, {"p": 65, "c": 0.9, "s": 31960, "e": 32168, "w": "那", "sp": "Customer"}, {"p": 66, "c": 0.9, "s": 32168, "e": 32587, "w": "应该", "sp": "Customer"}, {"p": 67, "c": 0.9, "s": 32588, "e": 33006, "w": "你们", "sp": "Customer"}, {"p": 68, "c": 0.9, "s": 33006, "e": 33425, "w": "大厅", "sp": "Customer"}, {"p": 69, "c": 0.9, "s": 33425, "e": 33634, "w": "有", "sp": "Customer"}, {"p": 70, "c": 0.9, "s": 33634, "e": 34052, "w": "统一", "sp": "Customer"}, {"p": 71, "c": 0.9, "s": 34053, "e": 34262, "w": "的", "sp": "Customer"}, {"p": 72, "c": 0.9, "s": 34262, "e": 35100, "w": "售后服务", "sp": "Customer"}, {"p": 73, "c": 0.9, "s": 35100, "e": 35309, "w": "就", "sp": "Customer"}, {"p": 74, "c": 0.9, "s": 35309, "e": 35727, "w": "应该", "sp": "Customer"}, {"p": 75, "c": 0.9, "s": 35728, "e": 35937, "w": "收", "sp": "Customer"}, {"p": 76, "c": 0.9, "s": 35937, "e": 36356, "w": "多少", "sp": "Customer"}, {"p": 77, "c": 0.9, "s": 36356, "e": 36774, "w": "什么", "sp": "Customer"}, {"p": 78, "c": 0.9, "s": 36775, "e": 37193, "w": "费用", "sp": "Customer"}, {"p": 79, "c": 0.9, "s": 37193, "e": 37612, "w": "就是", "sp": "Customer"}, {"p": 80, "c": 0.9, "s": 37612, "e": 37821, "w": "门", "sp": "Customer"}, {"p": 81, "c": 0.9, "s": 37821, "e": 38239, "w": "费用", "sp": "Customer"}, {"p": 82, "c": 0.9, "s": 38240, "e": 38450, "w": "呀", "sp": "Customer"}, {"p": 83, "c": 0.9, "s": 38650, "e": 39072, "w": "大厅", "sp": "Agent"}, {"p": 84, "c": 0.9, "s": 38730, "e": 39690, "w": "啊", "sp": "Customer"}, {"p": 85, "c": 0.9, "s": 39072, "e": 39495, "w": "这边", "sp": "Agent"}, {"p": 86, "c": 0.9, "s": 39495, "e": 39707, "w": "是", "sp": "Agent"}, {"p": 87, "c": 0.9, "s": 39707, "e": 39918, "w": "只", "sp": "Agent"}, {"p": 88, "c": 0.9, "s": 39918, "e": 40341, "w": "负责", "sp": "Agent"}, {"p": 89, "c": 0.9, "s": 40341, "e": 40764, "w": "售后", "sp": "Agent"}, {"p": 90, "c": 0.9, "s": 40764, "e": 41187, "w": "维修", "sp": "Agent"}, {"p": 91, "c": 0.9, "s": 41187, "e": 41610, "w": "关于", "sp": "Agent"}, {"p": 92, "c": 0.9, "s": 41610, "e": 42032, "w": "安装", "sp": "Agent"}, {"p": 93, "c": 0.9, "s": 42032, "e": 42455, "w": "的话", "sp": "Agent"}, {"p": 94, "c": 0.9, "s": 42455, "e": 42667, "w": "是", "sp": "Agent"}, {"p": 95, "c": 0.9, "s": 42667, "e": 42878, "w": "由", "sp": "Agent"}, {"p": 96, "c": 0.9, "s": 42878, "e": 43511, "w": "经销商", "sp": "Agent"}, {"p": 97, "c": 0.9, "s": 43512, "e": 43935, "w": "负责", "sp": "Agent"}, {"p": 98, "c": 0.9, "s": 43935, "e": 44147, "w": "的", "sp": "Agent"}, {"p": 99, "c": 0.9, "s": 44147, "e": 44570, "w": "女士", "sp": "Agent"}, {"p": 100, "c": 0.9, "s": 45000, "e": 45300, "w": "那", "sp": "Customer"}, {"p": 101, "c": 0.9, "s": 45300, "e": 45600, "w": "那", "sp": "Customer"}, {"p": 102, "c": 0.9, "s": 45601, "e": 46203, "w": "售后", "sp": "Customer"}, {"p": 103, "c": 0.9, "s": 46203, "e": 47406, "w": "售后服务", "sp": "Customer"}, {"p": 104, "c": 0.9, "s": 47406, "e": 48008, "w": "你们", "sp": "Customer"}, {"p": 105, "c": 0.9, "s": 48008, "e": 48610, "w": "大厅", "sp": "Customer"}, {"p": 106, "c": 0.9, "s": 48610, "e": 48911, "w": "也", "sp": "Customer"}, {"p": 107, "c": 0.9, "s": 48911, "e": 49211, "w": "要", "sp": "Customer"}, {"p": 108, "c": 0.9, "s": 49212, "e": 49513, "w": "管", "sp": "Customer"}, {"p": 109, "c": 0.9, "s": 49513, "e": 49813, "w": "的", "sp": "Customer"}, {"p": 110, "c": 0.9, "s": 49813, "e": 50114, "w": "呀", "sp": "Customer"}, {"p": 111, "c": 0.9, "s": 50114, "e": 50716, "w": "应该", "sp": "Customer"}, {"p": 112, "c": 0.9, "s": 50716, "e": 51017, "w": "说", "sp": "Customer"}, {"p": 113, "c": 0.9, "s": 50870, "e": 51417, "w": "如果说", "sp": "Agent"}, {"p": 114, "c": 0.9, "s": 51017, "e": 51317, "w": "你", "sp": "Customer"}, {"p": 115, "c": 0.9, "s": 51318, "e": 51619, "w": "说", "sp": "Customer"}, {"p": 116, "c": 0.9, "s": 51417, "e": 51599, "w": "您", "sp": "Agent"}, {"p": 117, "c": 0.9, "s": 51599, "e": 51781, "w": "是", "sp": "Agent"}, {"p": 118, "c": 0.9, "s": 51619, "e": 51920, "w": "呢", "sp": "Customer"}, {"p": 119, "c": 0.9, "s": 51781, "e": 51963, "w": "对", "sp": "Agent"}, {"p": 120, "c": 0.9, "s": 51964, "e": 52511, "w": "经销商", "sp": "Agent"}, {"p": 121, "c": 0.9, "s": 52511, "e": 52693, "w": "有", "sp": "Agent"}, {"p": 122, "c": 0.9, "s": 52693, "e": 53058, "w": "相关", "sp": "Agent"}, {"p": 123, "c": 0.9, "s": 53058, "e": 53421, "w": "这个", "sp": "Agent"}, {"p": 124, "c": 0.9, "s": 53422, "e": 53787, "w": "情况", "sp": "Agent"}, {"p": 125, "c": 0.9, "s": 53787, "e": 54152, "w": "需要", "sp": "Agent"}, {"p": 126, "c": 0.9, "s": 54152, "e": 54516, "w": "反馈", "sp": "Agent"}, {"p": 127, "c": 0.9, "s": 54516, "e": 54881, "w": "的话", "sp": "Agent"}, {"p": 128, "c": 0.9, "s": 54881, "e": 55063, "w": "呢", "sp": "Agent"}, {"p": 129, "c": 0.9, "s": 55063, "e": 55246, "w": "我", "sp": "Agent"}, {"p": 130, "c": 0.9, "s": 55246, "e": 55609, "w": "可以", "sp": "Agent"}, {"p": 131, "c": 0.9, "s": 55610, "e": 55793, "w": "帮", "sp": "Agent"}, {"p": 132, "c": 0.9, "s": 55793, "e": 55975, "w": "您", "sp": "Agent"}, {"p": 133, "c": 0.9, "s": 55975, "e": 56340, "w": "转接", "sp": "Agent"}, {"p": 134, "c": 0.9, "s": 56340, "e": 56522, "w": "给", "sp": "Agent"}, {"p": 135, "c": 0.9, "s": 56522, "e": 56887, "w": "我们", "sp": "Agent"}, {"p": 136, "c": 0.9, "s": 56887, "e": 57252, "w": "专门", "sp": "Agent"}, {"p": 137, "c": 0.9, "s": 57252, "e": 57615, "w": "负责", "sp": "Agent"}, {"p": 138, "c": 0.9, "s": 57616, "e": 57981, "w": "管理", "sp": "Agent"}, {"p": 139, "c": 0.9, "s": 57981, "e": 58528, "w": "经销商", "sp": "Agent"}, {"p": 140, "c": 0.9, "s": 58528, "e": 58710, "w": "的", "sp": "Agent"}, {"p": 141, "c": 0.9, "s": 58710, "e": 59075, "w": "服务", "sp": "Agent"}, {"p": 142, "c": 0.9, "s": 59075, "e": 59257, "w": "门", "sp": "Agent"}, {"p": 143, "c": 0.9, "s": 59257, "e": 59440, "w": "那", "sp": "Agent"}, {"p": 144, "c": 0.9, "s": 59440, "e": 59621, "w": "您", "sp": "Agent"}, {"p": 145, "c": 0.9, "s": 59622, "e": 59987, "w": "接到", "sp": "Agent"}, {"p": 146, "c": 0.9, "s": 59987, "e": 60350, "w": "音乐", "sp": "Agent"}, {"p": 147, "c": 0.9, "s": 60351, "e": 60716, "w": "不要", "sp": "Agent"}, {"p": 148, "c": 0.9, "s": 60716, "e": 61081, "w": "挂机", "sp": "Agent"}, {"p": 149, "c": 0.9, "s": 61081, "e": 61263, "w": "我", "sp": "Agent"}, {"p": 150, "c": 0.9, "s": 61263, "e": 61445, "w": "帮", "sp": "Agent"}, {"p": 151, "c": 0.9, "s": 61445, "e": 61628, "w": "您", "sp": "Agent"}, {"p": 152, "c": 0.9, "s": 61628, "e": 61991, "w": "转接", "sp": "Agent"}, {"p": 153, "c": 0.9, "s": 61950, "e": 62290, "w": "啊", "sp": "Customer"}, {"p": 154, "c": 0.9, "s": 61992, "e": 62175, "w": "下", "sp": "Agent"}, {"p": 155, "c": 0.9, "s": 62175, "e": 62357, "w": "好", "sp": "Agent"}, {"p": 156, "c": 0.9, "s": 62290, "e": 62970, "w": "好好", "sp": "Customer"}, {"p": 157, "c": 0.9, "s": 62357, "e": 62539, "w": "吗", "sp": "Agent"}, {"p": 158, "c": 0.9, "s": 62970, "e": 63650, "w": "好好", "sp": "Customer"}, {"p": 159, "c": 0.9, "s": 63160, "e": 63382, "w": "嗯", "sp": "Agent"}, {"p": 160, "c": 0.9, "s": 63382, "e": 63827, "w": "麻烦", "sp": "Agent"}, {"p": 161, "c": 0.9, "s": 63650, "e": 63990, "w": "我", "sp": "Customer"}, {"p": 162, "c": 0.9, "s": 63827, "e": 64272, "w": "听到", "sp": "Agent"}, {"p": 163, "c": 0.9, "s": 63990, "e": 64330, "w": "问", "sp": "Customer"}, {"p": 164, "c": 0.9, "s": 64272, "e": 64717, "w": "音乐", "sp": "Agent"}, {"p": 165, "c": 0.9, "s": 64717, "e": 65162, "w": "不要", "sp": "Agent"}, {"p": 166, "c": 0.9, "s": 65162, "e": 65607, "w": "挂机", "sp": "Agent"}, {"p": 167, "c": 0.9, "s": 65480, "e": 66175, "w": "嗯", "sp": "Customer"}, {"p": 168, "c": 0.9, "s": 65607, "e": 65830, "w": "请", "sp": "Agent"}, {"p": 169, "c": 0.9, "s": 65830, "e": 66052, "w": "稍", "sp": "Agent"}, {"p": 170, "c": 0.9, "s": 66052, "e": 66275, "w": "等", "sp": "Agent"}, {"p": 171, "c": 0.9, "s": 66175, "e": 66870, "w": "嗯", "sp": "Customer"}, {"p": 172, "c": 0.9, "s": 66275, "e": 66720, "w": "一下", "sp": "Agent"}, {"p": 173, "c": 0.9, "s": 70860, "e": 71859, "w": "维修费", "sp": "Customer"}, {"p": 174, "c": 0.9, "s": 71859, "e": 72192, "w": "达", "sp": "Customer"}, {"p": 175, "c": 0.9, "s": 72192, "e": 72525, "w": "五", "sp": "Customer"}, {"p": 176, "c": 0.9, "s": 72525, "e": 73191, "w": "千三", "sp": "Customer"}, {"p": 177, "c": 0.9, "s": 73191, "e": 73524, "w": "三", "sp": "Customer"}, {"p": 178, "c": 0.9, "s": 73524, "e": 74190, "w": "千三", "sp": "Customer"}, {"p": 179, "c": 0.9, "s": 74560, "e": 74899, "w": "不", "sp": "Customer"}, {"p": 180, "c": 0.9, "s": 74900, "e": 75580, "w": "方便", "sp": "Customer"}, {"p": 181, "c": 0.9, "s": 90780, "e": 92020, "w": "嗯", "sp": "Agent"}, {"p": 182, "c": 0.9, "s": 101240, "e": 101625, "w": "没", "sp": "Customer"}, {"p": 183, "c": 0.9, "s": 101625, "e": 102395, "w": "空空", "sp": "Customer"}, {"p": 184, "c": 0.9, "s": 102395, "e": 102780, "w": "呀", "sp": "Customer"}, {"p": 185, "c": 0.9, "s": 103060, "e": 103979, "w": "是", "sp": "Customer"}, {"p": 186, "c": 0.9, "s": 108100, "e": 108424, "w": "我", "sp": "Customer"}, {"p": 187, "c": 0.9, "s": 108425, "e": 108750, "w": "操", "sp": "Customer"}, {"p": 188, "c": 0.9, "s": 108750, "e": 109075, "w": "你", "sp": "Customer"}, {"p": 189, "c": 0.9, "s": 109075, "e": 109399, "w": "呀", "sp": "Customer"}, {"p": 190, "c": 0.9, "s": 109400, "e": 109725, "w": "好", "sp": "Customer"}, {"p": 191, "c": 0.9, "s": 109725, "e": 110049, "w": "呀", "sp": "Customer"}, {"p": 192, "c": 0.9, "s": 110780, "e": 111113, "w": "您好", "sp": "Agent"}, {"p": 193, "c": 0.9, "s": 111113, "e": 111447, "w": "电话", "sp": "Agent"}, {"p": 194, "c": 0.9, "s": 111447, "e": 111781, "w": "已经", "sp": "Agent"}, {"p": 195, "c": 0.9, "s": 111781, "e": 112114, "w": "转接", "sp": "Agent"}, {"p": 196, "c": 0.9, "s": 112114, "e": 112448, "w": "成功", "sp": "Agent"}, {"p": 197, "c": 0.9, "s": 112448, "e": 112782, "w": "请问", "sp": "Agent"}, {"p": 198, "c": 0.9, "s": 112782, "e": 112948, "w": "有", "sp": "Agent"}, {"p": 199, "c": 0.9, "s": 112948, "e": 113282, "w": "什么", "sp": "Agent"}, {"p": 200, "c": 0.9, "s": 113282, "e": 113616, "w": "可以", "sp": "Agent"}, {"p": 201, "c": 0.9, "s": 113616, "e": 113783, "w": "帮", "sp": "Agent"}, {"p": 202, "c": 0.9, "s": 113783, "e": 113950, "w": "您", "sp": "Agent"}, {"p": 203, "c": 0.9, "s": 114070, "e": 114368, "w": "哎", "sp": "Customer"}, {"p": 204, "c": 0.9, "s": 114368, "e": 114667, "w": "我", "sp": "Customer"}, {"p": 205, "c": 0.9, "s": 114667, "e": 114966, "w": "问", "sp": "Customer"}, {"p": 206, "c": 0.9, "s": 114966, "e": 115564, "w": "一下", "sp": "Customer"}, {"p": 207, "c": 0.9, "s": 115564, "e": 115863, "w": "啊", "sp": "Customer"}, {"p": 208, "c": 0.9, "s": 115863, "e": 116461, "w": "就是", "sp": "Customer"}, {"p": 209, "c": 0.9, "s": 116461, "e": 117059, "w": "你们", "sp": "Customer"}, {"p": 210, "c": 0.9, "s": 117059, "e": 117358, "w": "大", "sp": "Customer"}, {"p": 211, "c": 0.9, "s": 117358, "e": 117657, "w": "的", "sp": "Customer"}, {"p": 212, "c": 0.9, "s": 117657, "e": 117956, "w": "买", "sp": "Customer"}, {"p": 213, "c": 0.9, "s": 117956, "e": 118255, "w": "大", "sp": "Customer"}, {"p": 214, "c": 0.9, "s": 118255, "e": 118554, "w": "的", "sp": "Customer"}, {"p": 215, "c": 0.9, "s": 118554, "e": 119152, "w": "空调", "sp": "Customer"}, {"p": 216, "c": 0.9, "s": 119152, "e": 119451, "w": "到", "sp": "Customer"}, {"p": 217, "c": 0.9, "s": 119451, "e": 119750, "w": "到", "sp": "Customer"}, {"p": 218, "c": 0.9, "s": 120030, "e": 120320, "w": "说", "sp": "Customer"}, {"p": 219, "c": 0.9, "s": 120320, "e": 120900, "w": "什么", "sp": "Customer"}, {"p": 220, "c": 0.9, "s": 121750, "e": 122413, "w": "一天", "sp": "Customer"}, {"p": 221, "c": 0.9, "s": 122100, "e": 123150, "w": "嗯", "sp": "Agent"}, {"p": 222, "c": 0.9, "s": 122413, "e": 123077, "w": "就是", "sp": "Customer"}, {"p": 223, "c": 0.9, "s": 123077, "e": 123740, "w": "我们", "sp": "Customer"}, {"p": 224, "c": 0.9, "s": 123740, "e": 124404, "w": "就是", "sp": "Customer"}, {"p": 225, "c": 0.9, "s": 124404, "e": 125067, "w": "顾客", "sp": "Customer"}, {"p": 226, "c": 0.9, "s": 125067, "e": 125731, "w": "需要", "sp": "Customer"}, {"p": 227, "c": 0.9, "s": 125731, "e": 126062, "w": "出", "sp": "Customer"}, {"p": 228, "c": 0.9, "s": 126062, "e": 126726, "w": "什么", "sp": "Customer"}, {"p": 229, "c": 0.9, "s": 126726, "e": 127390, "w": "费用", "sp": "Customer"}, {"p": 230, "c": 0.9, "s": 129320, "e": 130133, "w": "是不是", "sp": "Customer"}, {"p": 231, "c": 0.9, "s": 130132, "e": 130405, "w": "跟", "sp": "Customer"}, {"p": 232, "c": 0.9, "s": 130405, "e": 130675, "w": "我", "sp": "Customer"}, {"p": 233, "c": 0.9, "s": 130675, "e": 130946, "w": "说", "sp": "Customer"}, {"p": 234, "c": 0.9, "s": 130947, "e": 131490, "w": "一下", "sp": "Customer"}, {"p": 235, "c": 0.9, "s": 133250, "e": 133729, "w": "安装", "sp": "Agent"}, {"p": 236, "c": 0.9, "s": 133729, "e": 134208, "w": "销售", "sp": "Agent"}, {"p": 237, "c": 0.9, "s": 134208, "e": 134446, "w": "的", "sp": "Agent"}, {"p": 238, "c": 0.9, "s": 134447, "e": 134927, "w": "费用", "sp": "Agent"}, {"p": 239, "c": 0.9, "s": 134927, "e": 135406, "w": "女士", "sp": "Agent"}, {"p": 240, "c": 0.9, "s": 135406, "e": 135645, "w": "您", "sp": "Agent"}, {"p": 241, "c": 0.9, "s": 135645, "e": 136124, "w": "现在", "sp": "Agent"}, {"p": 242, "c": 0.9, "s": 136124, "e": 136364, "w": "是", "sp": "Agent"}, {"p": 243, "c": 0.9, "s": 136364, "e": 136843, "w": "遇到", "sp": "Agent"}, {"p": 244, "c": 0.9, "s": 136843, "e": 137322, "w": "什么", "sp": "Agent"}, {"p": 245, "c": 0.9, "s": 137322, "e": 137801, "w": "问题", "sp": "Agent"}, {"p": 246, "c": 0.9, "s": 137801, "e": 138041, "w": "您", "sp": "Agent"}, {"p": 247, "c": 0.9, "s": 138041, "e": 138281, "w": "是", "sp": "Agent"}, {"p": 248, "c": 0.9, "s": 138281, "e": 138520, "w": "在", "sp": "Agent"}, {"p": 249, "c": 0.9, "s": 138520, "e": 138760, "w": "这", "sp": "Agent"}, {"p": 250, "c": 0.9, "s": 138760, "e": 139239, "w": "关于", "sp": "Agent"}, {"p": 251, "c": 0.9, "s": 139239, "e": 139718, "w": "这个", "sp": "Agent"}, {"p": 252, "c": 0.9, "s": 139718, "e": 140197, "w": "中央", "sp": "Agent"}, {"p": 253, "c": 0.9, "s": 140197, "e": 140676, "w": "空调", "sp": "Agent"}, {"p": 254, "c": 0.9, "s": 140676, "e": 140916, "w": "的", "sp": "Agent"}, {"p": 255, "c": 0.9, "s": 140916, "e": 141395, "w": "安装", "sp": "Agent"}, {"p": 256, "c": 0.9, "s": 141395, "e": 141635, "w": "的", "sp": "Agent"}, {"p": 257, "c": 0.9, "s": 141635, "e": 142114, "w": "过程", "sp": "Agent"}, {"p": 258, "c": 0.9, "s": 142114, "e": 142353, "w": "中", "sp": "Agent"}, {"p": 259, "c": 0.9, "s": 142353, "e": 142832, "w": "遇到", "sp": "Agent"}, {"p": 260, "c": 0.9, "s": 142832, "e": 143072, "w": "了", "sp": "Agent"}, {"p": 261, "c": 0.9, "s": 143072, "e": 143551, "w": "额外", "sp": "Agent"}, {"p": 262, "c": 0.9, "s": 143340, "e": 143722, "w": "对", "sp": "Customer"}, {"p": 263, "c": 0.9, "s": 143551, "e": 144030, "w": "收费", "sp": "Agent"}, {"p": 264, "c": 0.9, "s": 143722, "e": 144105, "w": "呀", "sp": "Customer"}, {"p": 265, "c": 0.9, "s": 144030, "e": 144510, "w": "还是", "sp": "Agent"}, {"p": 266, "c": 0.9, "s": 144105, "e": 144487, "w": "我", "sp": "Customer"}, {"p": 267, "c": 0.9, "s": 144487, "e": 144870, "w": "就", "sp": "Customer"}, {"p": 268, "c": 0.9, "s": 145150, "e": 145631, "w": "所以", "sp": "Customer"}, {"p": 269, "c": 0.9, "s": 145631, "e": 146112, "w": "所以", "sp": "Customer"}, {"p": 270, "c": 0.9, "s": 146112, "e": 146353, "w": "我", "sp": "Customer"}, {"p": 271, "c": 0.9, "s": 146353, "e": 146593, "w": "问", "sp": "Customer"}, {"p": 272, "c": 0.9, "s": 146593, "e": 147074, "w": "一下", "sp": "Customer"}, {"p": 273, "c": 0.9, "s": 147074, "e": 147556, "w": "你们", "sp": "Customer"}, {"p": 274, "c": 0.9, "s": 147556, "e": 148037, "w": "应该", "sp": "Customer"}, {"p": 275, "c": 0.9, "s": 148037, "e": 148518, "w": "大厅", "sp": "Customer"}, {"p": 276, "c": 0.9, "s": 148518, "e": 148999, "w": "空调", "sp": "Customer"}, {"p": 277, "c": 0.9, "s": 148999, "e": 149480, "w": "应该", "sp": "Customer"}, {"p": 278, "c": 0.9, "s": 149481, "e": 149962, "w": "规定", "sp": "Customer"}, {"p": 279, "c": 0.9, "s": 149962, "e": 150202, "w": "要", "sp": "Customer"}, {"p": 280, "c": 0.9, "s": 150202, "e": 150443, "w": "收", "sp": "Customer"}, {"p": 281, "c": 0.9, "s": 150443, "e": 150924, "w": "什么", "sp": "Customer"}, {"p": 282, "c": 0.9, "s": 150924, "e": 151405, "w": "费用", "sp": "Customer"}, {"p": 283, "c": 0.9, "s": 151406, "e": 151646, "w": "啊", "sp": "Customer"}, {"p": 284, "c": 0.9, "s": 151646, "e": 152127, "w": "安装", "sp": "Customer"}, {"p": 285, "c": 0.9, "s": 152127, "e": 152368, "w": "我", "sp": "Customer"}, {"p": 286, "c": 0.9, "s": 152368, "e": 152849, "w": "认为", "sp": "Customer"}, {"p": 287, "c": 0.9, "s": 152849, "e": 153090, "w": "是", "sp": "Customer"}, {"p": 288, "c": 0.9, "s": 153090, "e": 153571, "w": "安装", "sp": "Customer"}, {"p": 289, "c": 0.9, "s": 153571, "e": 154052, "w": "就是", "sp": "Customer"}, {"p": 290, "c": 0.9, "s": 154052, "e": 154534, "w": "管子", "sp": "Customer"}, {"p": 291, "c": 0.9, "s": 154534, "e": 155015, "w": "加长", "sp": "Customer"}, {"p": 292, "c": 0.9, "s": 155015, "e": 155255, "w": "要", "sp": "Customer"}, {"p": 293, "c": 0.9, "s": 155255, "e": 155496, "w": "收", "sp": "Customer"}, {"p": 294, "c": 0.9, "s": 155496, "e": 155977, "w": "费用", "sp": "Customer"}, {"p": 295, "c": 0.9, "s": 155977, "e": 156218, "w": "的", "sp": "Customer"}, {"p": 296, "c": 0.9, "s": 156218, "e": 156459, "w": "对", "sp": "Customer"}, {"p": 297, "c": 0.9, "s": 156459, "e": 156699, "w": "吧", "sp": "Customer"}, {"p": 298, "c": 0.9, "s": 156699, "e": 157180, "w": "还有", "sp": "Customer"}, {"p": 299, "c": 0.9, "s": 157180, "e": 157661, "w": "就是", "sp": "Customer"}, {"p": 300, "c": 0.9, "s": 157662, "e": 158143, "w": "就是", "sp": "Customer"}, {"p": 301, "c": 0.9, "s": 158143, "e": 158384, "w": "呃", "sp": "Customer"}, {"p": 302, "c": 0.9, "s": 158384, "e": 158865, "w": "就是", "sp": "Customer"}, {"p": 303, "c": 0.9, "s": 158865, "e": 159346, "w": "什么", "sp": "Customer"}, {"p": 304, "c": 0.9, "s": 159346, "e": 159827, "w": "就是", "sp": "Customer"}, {"p": 305, "c": 0.9, "s": 159827, "e": 160068, "w": "叫", "sp": "Customer"}, {"p": 306, "c": 0.9, "s": 160068, "e": 160790, "w": "三脚架", "sp": "Customer"}, {"p": 307, "c": 0.9, "s": 160790, "e": 161271, "w": "就是", "sp": "Customer"}, {"p": 308, "c": 0.9, "s": 161271, "e": 161752, "w": "我们", "sp": "Customer"}, {"p": 309, "c": 0.9, "s": 161752, "e": 162233, "w": "没有", "sp": "Customer"}, {"p": 310, "c": 0.9, "s": 162233, "e": 162715, "w": "我们", "sp": "Customer"}, {"p": 311, "c": 0.9, "s": 162715, "e": 162955, "w": "要", "sp": "Customer"}, {"p": 312, "c": 0.9, "s": 162955, "e": 163196, "w": "出", "sp": "Customer"}, {"p": 313, "c": 0.9, "s": 163196, "e": 163677, "w": "费用", "sp": "Customer"}, {"p": 314, "c": 0.9, "s": 163677, "e": 163918, "w": "的", "sp": "Customer"}, {"p": 315, "c": 0.9, "s": 163918, "e": 164158, "w": "对", "sp": "Customer"}, {"p": 316, "c": 0.9, "s": 164158, "e": 164399, "w": "吧", "sp": "Customer"}, {"p": 317, "c": 0.9, "s": 164399, "e": 164880, "w": "这个", "sp": "Customer"}, {"p": 318, "c": 0.9, "s": 164880, "e": 165361, "w": "应该", "sp": "Customer"}, {"p": 319, "c": 0.9, "s": 165361, "e": 165842, "w": "必须", "sp": "Customer"}, {"p": 320, "c": 0.9, "s": 165843, "e": 166083, "w": "的", "sp": "Customer"}, {"p": 321, "c": 0.9, "s": 166083, "e": 166564, "w": "但是", "sp": "Customer"}, {"p": 322, "c": 0.9, "s": 166565, "e": 167046, "w": "还要", "sp": "Customer"}, {"p": 323, "c": 0.9, "s": 167046, "e": 167286, "w": "出", "sp": "Customer"}, {"p": 324, "c": 0.9, "s": 167286, "e": 167767, "w": "什么", "sp": "Customer"}, {"p": 325, "c": 0.9, "s": 167768, "e": 168249, "w": "费用", "sp": "Customer"}, {"p": 326, "c": 0.9, "s": 168249, "e": 168489, "w": "呢", "sp": "Customer"}, {"p": 327, "c": 0.9, "s": 170000, "e": 170169, "w": "呃", "sp": "Agent"}, {"p": 328, "c": 0.9, "s": 170169, "e": 170507, "w": "女士", "sp": "Agent"}, {"p": 329, "c": 0.9, "s": 170507, "e": 170676, "w": "是", "sp": "Agent"}, {"p": 330, "c": 0.9, "s": 170676, "e": 171014, "w": "这样", "sp": "Agent"}, {"p": 331, "c": 0.9, "s": 171014, "e": 171183, "w": "的", "sp": "Agent"}, {"p": 332, "c": 0.9, "s": 171183, "e": 171521, "w": "关于", "sp": "Agent"}, {"p": 333, "c": 0.9, "s": 171521, "e": 171860, "w": "这个", "sp": "Agent"}, {"p": 334, "c": 0.9, "s": 171860, "e": 172198, "w": "安装", "sp": "Agent"}, {"p": 335, "c": 0.9, "s": 172198, "e": 172536, "w": "费用", "sp": "Agent"}, {"p": 336, "c": 0.9, "s": 172536, "e": 172874, "w": "的话", "sp": "Agent"}, {"p": 337, "c": 0.9, "s": 172874, "e": 173043, "w": "我", "sp": "Agent"}, {"p": 338, "c": 0.9, "s": 173043, "e": 173382, "w": "没有", "sp": "Agent"}, {"p": 339, "c": 0.9, "s": 173382, "e": 173720, "w": "一个", "sp": "Agent"}, {"p": 340, "c": 0.9, "s": 173720, "e": 174058, "w": "具体", "sp": "Agent"}, {"p": 341, "c": 0.9, "s": 174058, "e": 174396, "w": "标准", "sp": "Agent"}, {"p": 342, "c": 0.9, "s": 174396, "e": 174565, "w": "的", "sp": "Agent"}, {"p": 343, "c": 0.9, "s": 174565, "e": 174904, "w": "具体", "sp": "Agent"}, {"p": 344, "c": 0.9, "s": 174904, "e": 175073, "w": "以", "sp": "Agent"}, {"p": 345, "c": 0.9, "s": 175073, "e": 175580, "w": "经销商", "sp": "Agent"}, {"p": 346, "c": 0.9, "s": 175580, "e": 175918, "w": "为准", "sp": "Agent"}, {"p": 347, "c": 0.9, "s": 175918, "e": 176256, "w": "如果", "sp": "Agent"}, {"p": 348, "c": 0.9, "s": 176256, "e": 176425, "w": "您", "sp": "Agent"}, {"p": 349, "c": 0.9, "s": 176425, "e": 176595, "w": "是", "sp": "Agent"}, {"p": 350, "c": 0.9, "s": 176595, "e": 176933, "w": "觉得", "sp": "Agent"}, {"p": 351, "c": 0.9, "s": 176933, "e": 177440, "w": "经销商", "sp": "Agent"}, {"p": 352, "c": 0.9, "s": 177440, "e": 177778, "w": "这边", "sp": "Agent"}, {"p": 353, "c": 0.9, "s": 177778, "e": 177947, "w": "是", "sp": "Agent"}, {"p": 354, "c": 0.9, "s": 177947, "e": 178117, "w": "呃", "sp": "Agent"}, {"p": 355, "c": 0.9, "s": 178117, "e": 178286, "w": "有", "sp": "Agent"}, {"p": 356, "c": 0.9, "s": 178286, "e": 178624, "w": "恶意", "sp": "Agent"}, {"p": 357, "c": 0.9, "s": 178624, "e": 178961, "w": "消费", "sp": "Agent"}, {"p": 358, "c": 0.9, "s": 178962, "e": 179131, "w": "的", "sp": "Agent"}, {"p": 359, "c": 0.9, "s": 179131, "e": 179469, "w": "现象", "sp": "Agent"}, {"p": 360, "c": 0.9, "s": 179469, "e": 179638, "w": "我", "sp": "Agent"}, {"p": 361, "c": 0.9, "s": 179638, "e": 179977, "w": "这边", "sp": "Agent"}, {"p": 362, "c": 0.9, "s": 179977, "e": 180315, "w": "可以", "sp": "Agent"}, {"p": 363, "c": 0.9, "s": 180315, "e": 180484, "w": "帮", "sp": "Agent"}, {"p": 364, "c": 0.9, "s": 180484, "e": 180653, "w": "您", "sp": "Agent"}, {"p": 365, "c": 0.9, "s": 180653, "e": 180991, "w": "记录", "sp": "Agent"}, {"p": 366, "c": 0.9, "s": 180991, "e": 181330, "w": "反馈", "sp": "Agent"}, {"p": 367, "c": 0.9, "s": 182180, "e": 182620, "w": "不是", "sp": "Customer"}, {"p": 368, "c": 0.9, "s": 182621, "e": 182842, "w": "我", "sp": "Customer"}, {"p": 369, "c": 0.9, "s": 182842, "e": 183284, "w": "因为", "sp": "Customer"}, {"p": 370, "c": 0.9, "s": 183284, "e": 183504, "w": "我", "sp": "Customer"}, {"p": 371, "c": 0.9, "s": 183505, "e": 183726, "w": "不", "sp": "Customer"}, {"p": 372, "c": 0.9, "s": 183726, "e": 184168, "w": "知道", "sp": "Customer"}, {"p": 373, "c": 0.9, "s": 184168, "e": 184389, "w": "各", "sp": "Customer"}, {"p": 374, "c": 0.9, "s": 184389, "e": 184831, "w": "各家", "sp": "Customer"}, {"p": 375, "c": 0.9, "s": 184831, "e": 185273, "w": "我们", "sp": "Customer"}, {"p": 376, "c": 0.9, "s": 185273, "e": 185713, "w": "因为", "sp": "Customer"}, {"p": 377, "c": 0.9, "s": 185714, "e": 186377, "w": "为什么", "sp": "Customer"}, {"p": 378, "c": 0.9, "s": 186377, "e": 186819, "w": "我们", "sp": "Customer"}, {"p": 379, "c": 0.9, "s": 186819, "e": 187261, "w": "前面", "sp": "Customer"}, {"p": 380, "c": 0.9, "s": 187261, "e": 187482, "w": "招", "sp": "Customer"}, {"p": 381, "c": 0.9, "s": 187482, "e": 187702, "w": "了", "sp": "Customer"}, {"p": 382, "c": 0.9, "s": 187703, "e": 188145, "w": "一个", "sp": "Customer"}, {"p": 383, "c": 0.9, "s": 188145, "e": 188587, "w": "就是", "sp": "Customer"}, {"p": 384, "c": 0.9, "s": 188587, "e": 189470, "w": "格力空调", "sp": "Customer"}, {"p": 385, "c": 0.9, "s": 189470, "e": 189691, "w": "嘛", "sp": "Customer"}, {"p": 386, "c": 0.9, "s": 189691, "e": 189911, "w": "一", "sp": "Customer"}, {"p": 387, "c": 0.9, "s": 189912, "e": 190354, "w": "一样", "sp": "Customer"}, {"p": 388, "c": 0.9, "s": 190354, "e": 190575, "w": "的", "sp": "Customer"}, {"p": 389, "c": 0.9, "s": 190575, "e": 191459, "w": "格力空调", "sp": "Customer"}, {"p": 390, "c": 0.9, "s": 191459, "e": 191900, "w": "就是", "sp": "Customer"}, {"p": 391, "c": 0.9, "s": 191900, "e": 192120, "w": "它", "sp": "Customer"}, {"p": 392, "c": 0.9, "s": 192121, "e": 192563, "w": "安装", "sp": "Customer"}, {"p": 393, "c": 0.9, "s": 192563, "e": 192784, "w": "的", "sp": "Customer"}, {"p": 394, "c": 0.9, "s": 192784, "e": 193226, "w": "时候", "sp": "Customer"}, {"p": 395, "c": 0.9, "s": 193226, "e": 193446, "w": "就", "sp": "Customer"}, {"p": 396, "c": 0.9, "s": 193447, "e": 193668, "w": "不", "sp": "Customer"}, {"p": 397, "c": 0.9, "s": 193668, "e": 193889, "w": "收", "sp": "Customer"}, {"p": 398, "c": 0.9, "s": 193889, "e": 194331, "w": "任何", "sp": "Customer"}, {"p": 399, "c": 0.9, "s": 194331, "e": 194773, "w": "费用", "sp": "Customer"}, {"p": 400, "c": 0.9, "s": 194773, "e": 194993, "w": "的", "sp": "Customer"}, {"p": 401, "c": 0.9, "s": 194994, "e": 195435, "w": "因为", "sp": "Customer"}, {"p": 402, "c": 0.9, "s": 195435, "e": 195877, "w": "我们", "sp": "Customer"}, {"p": 403, "c": 0.9, "s": 195877, "e": 196319, "w": "管子", "sp": "Customer"}, {"p": 404, "c": 0.9, "s": 196319, "e": 196761, "w": "不要", "sp": "Customer"}, {"p": 405, "c": 0.9, "s": 196761, "e": 197203, "w": "加长", "sp": "Customer"}, {"p": 406, "c": 0.9, "s": 197203, "e": 197645, "w": "而且", "sp": "Customer"}, {"p": 407, "c": 0.9, "s": 197645, "e": 197866, "w": "呃", "sp": "Customer"}, {"p": 408, "c": 0.9, "s": 197866, "e": 198308, "w": "就是", "sp": "Customer"}, {"p": 409, "c": 0.9, "s": 198308, "e": 198528, "w": "呃", "sp": "Customer"}, {"p": 410, "c": 0.9, "s": 198528, "e": 198970, "w": "就是", "sp": "Customer"}, {"p": 411, "c": 0.9, "s": 198970, "e": 199412, "w": "室外", "sp": "Customer"}, {"p": 412, "c": 0.9, "s": 199412, "e": 199854, "w": "就是", "sp": "Customer"}, {"p": 413, "c": 0.9, "s": 199854, "e": 200075, "w": "都", "sp": "Customer"}, {"p": 414, "c": 0.9, "s": 200075, "e": 200295, "w": "有", "sp": "Customer"}, {"p": 415, "c": 0.9, "s": 200296, "e": 200517, "w": "的", "sp": "Customer"}, {"p": 416, "c": 0.9, "s": 200517, "e": 200737, "w": "都", "sp": "Customer"}, {"p": 417, "c": 0.9, "s": 200738, "e": 200959, "w": "不", "sp": "Customer"}, {"p": 418, "c": 0.9, "s": 200959, "e": 201401, "w": "需要", "sp": "Customer"}, {"p": 419, "c": 0.9, "s": 201401, "e": 201842, "w": "费用", "sp": "Customer"}, {"p": 420, "c": 0.9, "s": 201842, "e": 202062, "w": "他", "sp": "Customer"}, {"p": 421, "c": 0.9, "s": 202063, "e": 202505, "w": "就是", "sp": "Customer"}, {"p": 422, "c": 0.9, "s": 202505, "e": 202947, "w": "后面", "sp": "Customer"}, {"p": 423, "c": 0.9, "s": 202947, "e": 203168, "w": "就", "sp": "Customer"}, {"p": 424, "c": 0.9, "s": 203168, "e": 203389, "w": "叫", "sp": "Customer"}, {"p": 425, "c": 0.9, "s": 203389, "e": 203831, "w": "我们", "sp": "Customer"}, {"p": 426, "c": 0.9, "s": 203831, "e": 204273, "w": "就是", "sp": "Customer"}, {"p": 427, "c": 0.9, "s": 204273, "e": 204715, "w": "那个", "sp": "Customer"}, {"p": 428, "c": 0.9, "s": 204715, "e": 205155, "w": "就是", "sp": "Customer"}, {"p": 429, "c": 0.9, "s": 205156, "e": 205598, "w": "室外", "sp": "Customer"}, {"p": 430, "c": 0.9, "s": 205598, "e": 206040, "w": "就是", "sp": "Customer"}, {"p": 431, "c": 0.9, "s": 206040, "e": 206260, "w": "包", "sp": "Customer"}, {"p": 432, "c": 0.9, "s": 206261, "e": 206703, "w": "管子", "sp": "Customer"}, {"p": 433, "c": 0.9, "s": 206703, "e": 206924, "w": "的", "sp": "Customer"}, {"p": 434, "c": 0.9, "s": 206924, "e": 207144, "w": "那", "sp": "Customer"}, {"p": 435, "c": 0.9, "s": 207145, "e": 207366, "w": "就", "sp": "Customer"}, {"p": 436, "c": 0.9, "s": 207366, "e": 207808, "w": "防晒", "sp": "Customer"}, {"p": 437, "c": 0.9, "s": 207808, "e": 208028, "w": "的", "sp": "Customer"}, {"p": 438, "c": 0.9, "s": 208029, "e": 208470, "w": "这个", "sp": "Customer"}, {"p": 439, "c": 0.9, "s": 208470, "e": 208912, "w": "就是", "sp": "Customer"}, {"p": 440, "c": 0.9, "s": 208912, "e": 209354, "w": "这个", "sp": "Customer"}, {"p": 441, "c": 0.9, "s": 209354, "e": 209575, "w": "包", "sp": "Customer"}, {"p": 442, "c": 0.9, "s": 209575, "e": 209795, "w": "呢", "sp": "Customer"}, {"p": 443, "c": 0.9, "s": 209796, "e": 210238, "w": "我们", "sp": "Customer"}, {"p": 444, "c": 0.9, "s": 210238, "e": 210459, "w": "是", "sp": "Customer"}, {"p": 445, "c": 0.9, "s": 210459, "e": 210901, "w": "认可", "sp": "Customer"}, {"p": 446, "c": 0.9, "s": 210901, "e": 211122, "w": "的", "sp": "Customer"}, {"p": 447, "c": 0.9, "s": 211122, "e": 211562, "w": "这个", "sp": "Customer"}, {"p": 448, "c": 0.9, "s": 211563, "e": 212005, "w": "费用", "sp": "Customer"}, {"p": 449, "c": 0.9, "s": 212005, "e": 212447, "w": "因为", "sp": "Customer"}, {"p": 450, "c": 0.9, "s": 212447, "e": 212889, "w": "他们", "sp": "Customer"}, {"p": 451, "c": 0.9, "s": 212889, "e": 213331, "w": "他们", "sp": "Customer"}, {"p": 452, "c": 0.9, "s": 213331, "e": 213551, "w": "是", "sp": "Customer"}, {"p": 453, "c": 0.9, "s": 213552, "e": 213773, "w": "出", "sp": "Customer"}, {"p": 454, "c": 0.9, "s": 213773, "e": 214215, "w": "六十", "sp": "Customer"}, {"p": 455, "c": 0.9, "s": 214215, "e": 214435, "w": "块", "sp": "Customer"}, {"p": 456, "c": 0.9, "s": 214436, "e": 214877, "w": "你们", "sp": "Customer"}, {"p": 457, "c": 0.9, "s": 214877, "e": 215319, "w": "大厅", "sp": "Customer"}, {"p": 458, "c": 0.9, "s": 215319, "e": 215761, "w": "他们", "sp": "Customer"}, {"p": 459, "c": 0.9, "s": 215761, "e": 215982, "w": "说", "sp": "Customer"}, {"p": 460, "c": 0.9, "s": 215982, "e": 216424, "w": "七十", "sp": "Customer"}, {"p": 461, "c": 0.9, "s": 216424, "e": 216644, "w": "块", "sp": "Customer"}, {"p": 462, "c": 0.9, "s": 216645, "e": 217087, "w": "我们", "sp": "Customer"}, {"p": 463, "c": 0.9, "s": 217087, "e": 217308, "w": "也", "sp": "Customer"}, {"p": 464, "c": 0.9, "s": 217308, "e": 217750, "w": "认可", "sp": "Customer"}, {"p": 465, "c": 0.9, "s": 218030, "e": 218247, "w": "也", "sp": "Customer"}, {"p": 466, "c": 0.9, "s": 218247, "e": 218683, "w": "认可", "sp": "Customer"}, {"p": 467, "c": 0.9, "s": 218683, "e": 219119, "w": "八十", "sp": "Customer"}, {"p": 468, "c": 0.9, "s": 219119, "e": 219555, "w": "块钱", "sp": "Customer"}, {"p": 469, "c": 0.9, "s": 219555, "e": 220208, "w": "无所谓", "sp": "Customer"}, {"p": 470, "c": 0.9, "s": 220208, "e": 220426, "w": "对", "sp": "Customer"}, {"p": 471, "c": 0.9, "s": 220426, "e": 220644, "w": "吧", "sp": "Customer"}, {"p": 472, "c": 0.9, "s": 220644, "e": 221080, "w": "这个", "sp": "Customer"}, {"p": 473, "c": 0.9, "s": 221080, "e": 221515, "w": "因为", "sp": "Customer"}, {"p": 474, "c": 0.9, "s": 221515, "e": 221951, "w": "防晒", "sp": "Customer"}, {"p": 475, "c": 0.9, "s": 221951, "e": 222169, "w": "嘛", "sp": "Customer"}, {"p": 476, "c": 0.9, "s": 222169, "e": 222605, "w": "但是", "sp": "Customer"}, {"p": 477, "c": 0.9, "s": 222605, "e": 223041, "w": "前面", "sp": "Customer"}, {"p": 478, "c": 0.9, "s": 223041, "e": 223694, "w": "是不是", "sp": "Customer"}, {"p": 479, "c": 0.9, "s": 223694, "e": 223912, "w": "我", "sp": "Customer"}, {"p": 480, "c": 0.9, "s": 223912, "e": 224348, "w": "认为", "sp": "Customer"}, {"p": 481, "c": 0.9, "s": 224348, "e": 224784, "w": "就是", "sp": "Customer"}, {"p": 482, "c": 0.9, "s": 224784, "e": 225437, "w": "是不是", "sp": "Customer"}, {"p": 483, "c": 0.9, "s": 225437, "e": 225873, "w": "你们", "sp": "Customer"}, {"p": 484, "c": 0.9, "s": 225873, "e": 226309, "w": "应该", "sp": "Customer"}, {"p": 485, "c": 0.9, "s": 226309, "e": 226527, "w": "要", "sp": "Customer"}, {"p": 486, "c": 0.9, "s": 226527, "e": 226743, "w": "出", "sp": "Customer"}, {"p": 487, "c": 0.9, "s": 226744, "e": 227180, "w": "一个", "sp": "Customer"}, {"p": 488, "c": 0.9, "s": 227180, "e": 227616, "w": "什么", "sp": "Customer"}, {"p": 489, "c": 0.9, "s": 227616, "e": 228052, "w": "操作", "sp": "Customer"}, {"p": 490, "c": 0.9, "s": 228052, "e": 228270, "w": "费", "sp": "Customer"}, {"p": 491, "c": 0.9, "s": 228550, "e": 228972, "w": "操作", "sp": "Customer"}, {"p": 492, "c": 0.9, "s": 228972, "e": 229183, "w": "费", "sp": "Customer"}, {"p": 493, "c": 0.9, "s": 229183, "e": 229605, "w": "当中", "sp": "Customer"}, {"p": 494, "c": 0.9, "s": 229605, "e": 229816, "w": "我", "sp": "Customer"}, {"p": 495, "c": 0.9, "s": 229816, "e": 230027, "w": "是", "sp": "Customer"}, {"p": 496, "c": 0.9, "s": 230027, "e": 230450, "w": "因为", "sp": "Customer"}, {"p": 497, "c": 0.9, "s": 230450, "e": 230661, "w": "我", "sp": "Customer"}, {"p": 498, "c": 0.9, "s": 230661, "e": 230872, "w": "没", "sp": "Customer"}, {"p": 499, "c": 0.9, "s": 230872, "e": 231293, "w": "从来", "sp": "Customer"}, {"p": 500, "c": 0.9, "s": 231294, "e": 231505, "w": "没", "sp": "Customer"}, {"p": 501, "c": 0.9, "s": 231505, "e": 231927, "w": "碰到", "sp": "Customer"}, {"p": 502, "c": 0.9, "s": 231927, "e": 232138, "w": "过", "sp": "Customer"}, {"p": 503, "c": 0.9, "s": 232138, "e": 232350, "w": "要", "sp": "Customer"}, {"p": 504, "c": 0.9, "s": 232350, "e": 232772, "w": "操作", "sp": "Customer"}, {"p": 505, "c": 0.9, "s": 232772, "e": 232983, "w": "费", "sp": "Customer"}, {"p": 506, "c": 0.9, "s": 232983, "e": 233194, "w": "我", "sp": "Customer"}, {"p": 507, "c": 0.9, "s": 233194, "e": 233405, "w": "是", "sp": "Customer"}, {"p": 508, "c": 0.9, "s": 233405, "e": 233827, "w": "认为", "sp": "Customer"}, {"p": 509, "c": 0.9, "s": 233827, "e": 234250, "w": "这个", "sp": "Customer"}, {"p": 510, "c": 0.9, "s": 234250, "e": 234672, "w": "操作", "sp": "Customer"}, {"p": 511, "c": 0.9, "s": 234672, "e": 235094, "w": "就是", "sp": "Customer"}, {"p": 512, "c": 0.9, "s": 235094, "e": 235515, "w": "安装", "sp": "Customer"}, {"p": 513, "c": 0.9, "s": 235516, "e": 235727, "w": "是", "sp": "Customer"}, {"p": 514, "c": 0.9, "s": 235727, "e": 236150, "w": "免费", "sp": "Customer"}, {"p": 515, "c": 0.9, "s": 236150, "e": 236571, "w": "安装", "sp": "Customer"}, {"p": 516, "c": 0.9, "s": 236572, "e": 236783, "w": "的", "sp": "Customer"}, {"p": 517, "c": 0.9, "s": 236783, "e": 236994, "w": "我", "sp": "Customer"}, {"p": 518, "c": 0.9, "s": 236994, "e": 237205, "w": "是", "sp": "Customer"}, {"p": 519, "c": 0.9, "s": 237205, "e": 237627, "w": "这样", "sp": "Customer"}, {"p": 520, "c": 0.9, "s": 237627, "e": 237838, "w": "想", "sp": "Customer"}, {"p": 521, "c": 0.9, "s": 237838, "e": 238050, "w": "的", "sp": "Customer"}, {"p": 522, "c": 0.9, "s": 238050, "e": 238472, "w": "知道", "sp": "Customer"}, {"p": 523, "c": 0.9, "s": 238472, "e": 238683, "w": "吧", "sp": "Customer"}, {"p": 524, "c": 0.9, "s": 238683, "e": 238894, "w": "我", "sp": "Customer"}, {"p": 525, "c": 0.9, "s": 238894, "e": 239105, "w": "对", "sp": "Customer"}, {"p": 526, "c": 0.9, "s": 239105, "e": 239527, "w": "这个", "sp": "Customer"}, {"p": 527, "c": 0.9, "s": 239527, "e": 239950, "w": "操作", "sp": "Customer"}]}, "plainText": "六零 二六 号 为您服务 您好 大厅 售后 很 高兴 为您服务 请问 有 什么\n哎\n可以\n我 问 一下\n帮\n你们 就是 大金 叫 大金 空调 装 空调 就是 装\n嗯\n空调 当中 要 需要 什么 费用 吗\n安装 的话 是 由 经销商 负责 的 就是 您 在 哪里 买 的 哪里 负责 安装 这个\n对\n您 直接 跟 经销商 沟通 就 好 了 嗯\n那 应该 你们 大厅 有 统一 的 售后服务 就 应该 收 多少 什么 费用 就是 门 费用 呀\n大厅\n啊\n这边 是 只 负责 售后 维修 关于 安装 的话 是 由 经销商 负责 的 女士\n那 那 售后 售后服务 你们 大厅 也 要 管 的 呀 应该 说\n如果说\n你 说\n您 是\n呢\n对 经销商 有 相关 这个 情况 需要 反馈 的话 呢 我 可以 帮 您 转接 给 我们 专门 负责 管理 经销商 的 服务 门 那 您 接到 音乐 不要 挂机 我 帮 您 转接\n啊\n下 好\n好好\n吗\n好好\n嗯 麻烦\n我\n听到\n问\n音乐 不要 挂机\n嗯\n请 稍 等\n嗯\n一下\n维修费 达 五 千三 三 千三 不 方便\n嗯\n没 空空 呀 是 我 操 你 呀 好 呀\n您好 电话 已经 转接 成功 请问 有 什么 可以 帮 您\n哎 我 问 一下 啊 就是 你们 大 的 买 大 的 空调 到 到 说 什么 一天\n嗯\n就是 我们 就是 顾客 需要 出 什么 费用 是不是 跟 我 说 一下\n安装 销售 的 费用 女士 您 现在 是 遇到 什么 问题 您 是 在 这 关于 这个 中央 空调 的 安装 的 过程 中 遇到 了 额外\n对\n收费\n呀\n还是\n我 就 所以 所以 我 问 一下 你们 应该 大厅 空调 应该 规定 要 收 什么 费用 啊 安装 我 认为 是 安装 就是 管子 加长 要 收 费用 的 对 吧 还有 就是 就是 呃 就是 什么 就是 叫 三脚架 就是 我们 没有 我们 要 出 费用 的 对 吧 这个 应该 必须 的 但是 还要 出 什么 费用 呢\n呃 女士 是 这样 的 关于 这个 安装 费用 的话 我 没有 一个 具体 标准 的 具体 以 经销商 为准 如果 您 是 觉得 经销商 这边 是 呃 有 恶意 消费 的 现象 我 这边 可以 帮 您 记录 反馈\n不是 我 因为 我 不 知道 各 各家 我们 因为 为什么 我们 前面 招 了 一个 就是 格力空调 嘛 一 一样 的 格力空调 就是 它 安装 的 时候 就 不 收 任何 费用 的 因为 我们 管子 不要 加长 而且 呃 就是 呃 就是 室外 就是 都 有 的 都 不 需要 费用 他 就是 后面 就 叫 我们 就是 那个 就是 室外 就是 包 管子 的 那 就 防晒 的 这个 就是 这个 包 呢 我们 是 认可 的 这个 费用 因为 他们 他们 是 出 六十 块 你们 大厅 他们 说 七十 块 我们 也 认可 也 认可 八十 块钱 无所谓 对 吧 这个 因为 防晒 嘛 但是 前面 是不是 我 认为 就是 是不是 你们 应该 要 出 一个 什么 操作 费 操作 费 当中 我 是 因为 我 没 从来 没 碰到 过 要 操作 费 我 是 认为 这个 操作 就是 安装 是 免费 安装 的 我 是 这样 想 的 知道 吧 我 对 这个 操作", "plainTextTime": {"verbatims": [{"s": 5350, "e": 13927, "w": "六零 二六 号 为您服务 您好 大厅 售后 很 高兴 为您服务 请问 有 什么", "sp": "Agent"}, {"s": 13730, "e": 13997, "w": "哎", "sp": "Customer"}, {"s": 13927, "e": 14562, "w": "可以", "sp": "Agent"}, {"s": 13998, "e": 15074, "w": "我 问 一下", "sp": "Customer"}, {"s": 14562, "e": 14880, "w": "帮", "sp": "Agent"}, {"s": 15074, "e": 19644, "w": "你们 就是 大金 叫 大金 空调 装 空调 就是 装", "sp": "Customer"}, {"s": 19480, "e": 20609, "w": "嗯", "sp": "Agent"}, {"s": 19644, "e": 22869, "w": "空调 当中 要 需要 什么 费用 吗", "sp": "Customer"}, {"s": 24280, "e": 29605, "w": "安装 的话 是 由 经销商 负责 的 就是 您 在 哪里 买 的 哪里 负责 安装 这个", "sp": "Agent"}, {"s": 29560, "e": 30500, "w": "对", "sp": "Customer"}, {"s": 29606, "e": 32080, "w": "您 直接 跟 经销商 沟通 就 好 了 嗯", "sp": "Agent"}, {"s": 31960, "e": 38450, "w": "那 应该 你们 大厅 有 统一 的 售后服务 就 应该 收 多少 什么 费用 就是 门 费用 呀", "sp": "Customer"}, {"s": 38650, "e": 39072, "w": "大厅", "sp": "Agent"}, {"s": 38730, "e": 39690, "w": "啊", "sp": "Customer"}, {"s": 39072, "e": 44570, "w": "这边 是 只 负责 售后 维修 关于 安装 的话 是 由 经销商 负责 的 女士", "sp": "Agent"}, {"s": 45000, "e": 51017, "w": "那 那 售后 售后服务 你们 大厅 也 要 管 的 呀 应该 说", "sp": "Customer"}, {"s": 50870, "e": 51417, "w": "如果说", "sp": "Agent"}, {"s": 51017, "e": 51619, "w": "你 说", "sp": "Customer"}, {"s": 51417, "e": 51781, "w": "您 是", "sp": "Agent"}, {"s": 51619, "e": 51920, "w": "呢", "sp": "Customer"}, {"s": 51781, "e": 61991, "w": "对 经销商 有 相关 这个 情况 需要 反馈 的话 呢 我 可以 帮 您 转接 给 我们 专门 负责 管理 经销商 的 服务 门 那 您 接到 音乐 不要 挂机 我 帮 您 转接", "sp": "Agent"}, {"s": 61950, "e": 62290, "w": "啊", "sp": "Customer"}, {"s": 61992, "e": 62357, "w": "下 好", "sp": "Agent"}, {"s": 62290, "e": 62970, "w": "好好", "sp": "Customer"}, {"s": 62357, "e": 62539, "w": "吗", "sp": "Agent"}, {"s": 62970, "e": 63650, "w": "好好", "sp": "Customer"}, {"s": 63160, "e": 63827, "w": "嗯 麻烦", "sp": "Agent"}, {"s": 63650, "e": 63990, "w": "我", "sp": "Customer"}, {"s": 63827, "e": 64272, "w": "听到", "sp": "Agent"}, {"s": 63990, "e": 64330, "w": "问", "sp": "Customer"}, {"s": 64272, "e": 65607, "w": "音乐 不要 挂机", "sp": "Agent"}, {"s": 65480, "e": 66175, "w": "嗯", "sp": "Customer"}, {"s": 65607, "e": 66275, "w": "请 稍 等", "sp": "Agent"}, {"s": 66175, "e": 66870, "w": "嗯", "sp": "Customer"}, {"s": 66275, "e": 66720, "w": "一下", "sp": "Agent"}, {"s": 70860, "e": 75580, "w": "维修费 达 五 千三 三 千三 不 方便", "sp": "Customer"}, {"s": 90780, "e": 92020, "w": "嗯", "sp": "Agent"}, {"s": 101240, "e": 110049, "w": "没 空空 呀 是 我 操 你 呀 好 呀", "sp": "Customer"}, {"s": 110780, "e": 113950, "w": "您好 电话 已经 转接 成功 请问 有 什么 可以 帮 您", "sp": "Agent"}, {"s": 114070, "e": 122413, "w": "哎 我 问 一下 啊 就是 你们 大 的 买 大 的 空调 到 到 说 什么 一天", "sp": "Customer"}, {"s": 122100, "e": 123150, "w": "嗯", "sp": "Agent"}, {"s": 122413, "e": 131490, "w": "就是 我们 就是 顾客 需要 出 什么 费用 是不是 跟 我 说 一下", "sp": "Customer"}, {"s": 133250, "e": 143551, "w": "安装 销售 的 费用 女士 您 现在 是 遇到 什么 问题 您 是 在 这 关于 这个 中央 空调 的 安装 的 过程 中 遇到 了 额外", "sp": "Agent"}, {"s": 143340, "e": 143722, "w": "对", "sp": "Customer"}, {"s": 143551, "e": 144030, "w": "收费", "sp": "Agent"}, {"s": 143722, "e": 144105, "w": "呀", "sp": "Customer"}, {"s": 144030, "e": 144510, "w": "还是", "sp": "Agent"}, {"s": 144105, "e": 168489, "w": "我 就 所以 所以 我 问 一下 你们 应该 大厅 空调 应该 规定 要 收 什么 费用 啊 安装 我 认为 是 安装 就是 管子 加长 要 收 费用 的 对 吧 还有 就是 就是 呃 就是 什么 就是 叫 三脚架 就是 我们 没有 我们 要 出 费用 的 对 吧 这个 应该 必须 的 但是 还要 出 什么 费用 呢", "sp": "Customer"}, {"s": 170000, "e": 181330, "w": "呃 女士 是 这样 的 关于 这个 安装 费用 的话 我 没有 一个 具体 标准 的 具体 以 经销商 为准 如果 您 是 觉得 经销商 这边 是 呃 有 恶意 消费 的 现象 我 这边 可以 帮 您 记录 反馈", "sp": "Agent"}, {"s": 182180, "e": 239950, "w": "不是 我 因为 我 不 知道 各 各家 我们 因为 为什么 我们 前面 招 了 一个 就是 格力空调 嘛 一 一样 的 格力空调 就是 它 安装 的 时候 就 不 收 任何 费用 的 因为 我们 管子 不要 加长 而且 呃 就是 呃 就是 室外 就是 都 有 的 都 不 需要 费用 他 就是 后面 就 叫 我们 就是 那个 就是 室外 就是 包 管子 的 那 就 防晒 的 这个 就是 这个 包 呢 我们 是 认可 的 这个 费用 因为 他们 他们 是 出 六十 块 你们 大厅 他们 说 七十 块 我们 也 认可 也 认可 八十 块钱 无所谓 对 吧 这个 因为 防晒 嘛 但是 前面 是不是 我 认为 就是 是不是 你们 应该 要 出 一个 什么 操作 费 操作 费 当中 我 是 因为 我 没 从来 没 碰到 过 要 操作 费 我 是 认为 这个 操作 就是 安装 是 免费 安装 的 我 是 这样 想 的 知道 吧 我 对 这个 操作", "sp": "Customer"}]}, "aqm": {"greeting": {"greeting_said": "为您服务, 您好, 售后, 高兴, 请问", "n_greeting_said": 5, "score": 1}, "closing": {"closing_said": "您", "n_closing_said": 1, "score": 0}, "speed": {"speed_max": 5.99, "n_words": 19, "words": "您好 电话 已经 转接 成功 请问 有 什么 可以 帮 您", "start": 110780, "end": 113950}}}