{"mediaId": "2022031316222589978300200000543302", "status": "Success", "dateCreated": "2022-03-21T18:45:50Z", "contentType": "audio/x-wav", "channels": "future use", "length": 368, "metadata": {"Sid": 10120, "Site_id": 783, "Audio_ch_num": 5433, "Audio_module_num": 783002, "Audio_start_time_gmt": "2022-03-13T08:16:17.643+08:00", "Transaction_id": "2022031316222589978300200000543302", "ContactID": "9204480141450000022", "Personal_id": "0", "Direction": 0, "Local_audio_start_time": "2022-03-13T16:16:17.643+08:00", "Local_audio_end_time": "2022-03-13T16:22:25.643+08:00", "Total_hold_time": "0", "Pbx_login_id": "", "Ani": "90102155368221", "Extension": "155368221", "String_extension": "90102155368221", "Switch_call_id": "SIP/AUDIO/2F3E1600-46B5-AA4B-825B-AEA2D44DCBFA", "Switch_id": "783000001", "Duration_seconds": 368, "Wrapup_time_in_seconds": "0", "Dnis": "13924923712", "Number_of_conferences": "0", "Number_of_holds": "0", "Number_of_transfers": "0", "Percent_of_agent_call": "131", "Percent_of_other_call": "89", "Percent_of_mutual_silence": "137", "Num_of_agent_cross": "11", "Num_of_other_cross": "8", "IsException": 0}, "transcript_detailed": {"words": [{"p": 1, "c": 0.9, "s": 49950, "e": 51158, "w": "六零", "sp": "Agent"}, {"p": 2, "c": 0.9, "s": 51158, "e": 51763, "w": "二", "sp": "Agent"}, {"p": 3, "c": 0.9, "s": 51763, "e": 52972, "w": "一号", "sp": "Agent"}, {"p": 4, "c": 0.9, "s": 52972, "e": 55390, "w": "为您服务", "sp": "Agent"}, {"p": 5, "c": 0.9, "s": 56760, "e": 57100, "w": "下午", "sp": "Agent"}, {"p": 6, "c": 0.9, "s": 57100, "e": 57271, "w": "好", "sp": "Agent"}, {"p": 7, "c": 0.9, "s": 57271, "e": 57441, "w": "大", "sp": "Agent"}, {"p": 8, "c": 0.9, "s": 57441, "e": 57782, "w": "金生", "sp": "Agent"}, {"p": 9, "c": 0.9, "s": 57782, "e": 57953, "w": "很", "sp": "Agent"}, {"p": 10, "c": 0.9, "s": 57953, "e": 58294, "w": "高兴", "sp": "Agent"}, {"p": 11, "c": 0.9, "s": 58294, "e": 58975, "w": "为您服务", "sp": "Agent"}, {"p": 12, "c": 0.9, "s": 58975, "e": 59316, "w": "请问", "sp": "Agent"}, {"p": 13, "c": 0.9, "s": 59316, "e": 59487, "w": "有", "sp": "Agent"}, {"p": 14, "c": 0.9, "s": 59487, "e": 59828, "w": "什么", "sp": "Agent"}, {"p": 15, "c": 0.9, "s": 59828, "e": 60169, "w": "可以", "sp": "Agent"}, {"p": 16, "c": 0.9, "s": 60169, "e": 60338, "w": "帮", "sp": "Agent"}, {"p": 17, "c": 0.9, "s": 60339, "e": 60510, "w": "您", "sp": "Agent"}, {"p": 18, "c": 0.9, "s": 61320, "e": 61561, "w": "我", "sp": "Customer"}, {"p": 19, "c": 0.9, "s": 61561, "e": 62043, "w": "这里", "sp": "Customer"}, {"p": 20, "c": 0.9, "s": 62043, "e": 62284, "w": "有", "sp": "Customer"}, {"p": 21, "c": 0.9, "s": 62284, "e": 62767, "w": "一部", "sp": "Customer"}, {"p": 22, "c": 0.9, "s": 62767, "e": 63008, "w": "很", "sp": "Customer"}, {"p": 23, "c": 0.9, "s": 63008, "e": 63249, "w": "旧", "sp": "Customer"}, {"p": 24, "c": 0.9, "s": 63249, "e": 63490, "w": "的", "sp": "Customer"}, {"p": 25, "c": 0.9, "s": 63490, "e": 63972, "w": "大连", "sp": "Customer"}, {"p": 26, "c": 0.9, "s": 63972, "e": 64455, "w": "空调", "sp": "Customer"}, {"p": 27, "c": 0.9, "s": 64455, "e": 64937, "w": "需要", "sp": "Customer"}, {"p": 28, "c": 0.9, "s": 64936, "e": 65420, "w": "报修", "sp": "Customer"}, {"p": 29, "c": 0.9, "s": 65650, "e": 65868, "w": "嗯", "sp": "Agent"}, {"p": 30, "c": 0.9, "s": 65868, "e": 66087, "w": "好", "sp": "Agent"}, {"p": 31, "c": 0.9, "s": 66087, "e": 66306, "w": "的", "sp": "Agent"}, {"p": 32, "c": 0.9, "s": 66306, "e": 66525, "w": "您", "sp": "Agent"}, {"p": 33, "c": 0.9, "s": 66525, "e": 66744, "w": "是", "sp": "Agent"}, {"p": 34, "c": 0.9, "s": 66744, "e": 66963, "w": "帮", "sp": "Agent"}, {"p": 35, "c": 0.9, "s": 66963, "e": 67401, "w": "用户", "sp": "Agent"}, {"p": 36, "c": 0.9, "s": 67401, "e": 67620, "w": "代", "sp": "Agent"}, {"p": 37, "c": 0.9, "s": 67620, "e": 67839, "w": "报", "sp": "Agent"}, {"p": 38, "c": 0.9, "s": 67839, "e": 68058, "w": "的", "sp": "Agent"}, {"p": 39, "c": 0.9, "s": 68058, "e": 68496, "w": "还是", "sp": "Agent"}, {"p": 40, "c": 0.9, "s": 68496, "e": 68934, "w": "自己", "sp": "Agent"}, {"p": 41, "c": 0.9, "s": 68934, "e": 69153, "w": "家", "sp": "Agent"}, {"p": 42, "c": 0.9, "s": 69153, "e": 69372, "w": "的", "sp": "Agent"}, {"p": 43, "c": 0.9, "s": 69372, "e": 69810, "w": "空调", "sp": "Agent"}, {"p": 44, "c": 0.9, "s": 70390, "e": 70886, "w": "自己", "sp": "Customer"}, {"p": 45, "c": 0.9, "s": 70886, "e": 71383, "w": "家里", "sp": "Customer"}, {"p": 46, "c": 0.9, "s": 71383, "e": 71880, "w": "空调", "sp": "Customer"}, {"p": 47, "c": 0.9, "s": 72130, "e": 72394, "w": "好", "sp": "Agent"}, {"p": 48, "c": 0.9, "s": 72394, "e": 72658, "w": "的", "sp": "Agent"}, {"p": 49, "c": 0.9, "s": 72658, "e": 73186, "w": "请问", "sp": "Agent"}, {"p": 50, "c": 0.9, "s": 73186, "e": 73450, "w": "您", "sp": "Agent"}, {"p": 51, "c": 0.9, "s": 73450, "e": 73979, "w": "贵姓", "sp": "Agent"}, {"p": 52, "c": 0.9, "s": 73979, "e": 74507, "w": "怎么", "sp": "Agent"}, {"p": 53, "c": 0.9, "s": 74507, "e": 75035, "w": "称呼", "sp": "Agent"}, {"p": 54, "c": 0.9, "s": 75035, "e": 75300, "w": "您", "sp": "Agent"}, {"p": 55, "c": 0.9, "s": 76170, "e": 76475, "w": "姓", "sp": "Customer"}, {"p": 56, "c": 0.9, "s": 76475, "e": 76780, "w": "彭", "sp": "Customer"}, {"p": 57, "c": 0.9, "s": 76780, "e": 77695, "w": "彭德怀", "sp": "Customer"}, {"p": 58, "c": 0.9, "s": 77695, "e": 78305, "w": "那个", "sp": "Customer"}, {"p": 59, "c": 0.9, "s": 78305, "e": 78610, "w": "彭", "sp": "Customer"}, {"p": 60, "c": 0.9, "s": 78890, "e": 79157, "w": "好", "sp": "Agent"}, {"p": 61, "c": 0.9, "s": 79157, "e": 79423, "w": "的", "sp": "Agent"}, {"p": 62, "c": 0.9, "s": 79424, "e": 79691, "w": "黄", "sp": "Agent"}, {"p": 63, "c": 0.9, "s": 79691, "e": 80225, "w": "先生", "sp": "Agent"}, {"p": 64, "c": 0.9, "s": 80225, "e": 80758, "w": "困难", "sp": "Agent"}, {"p": 65, "c": 0.9, "s": 80759, "e": 81293, "w": "现在", "sp": "Agent"}, {"p": 66, "c": 0.9, "s": 81293, "e": 81560, "w": "是", "sp": "Agent"}, {"p": 67, "c": 0.9, "s": 81560, "e": 82093, "w": "出现", "sp": "Agent"}, {"p": 68, "c": 0.9, "s": 82094, "e": 82628, "w": "什么", "sp": "Agent"}, {"p": 69, "c": 0.9, "s": 82628, "e": 83161, "w": "问题", "sp": "Agent"}, {"p": 70, "c": 0.9, "s": 83162, "e": 83430, "w": "了", "sp": "Agent"}, {"p": 71, "c": 0.9, "s": 83830, "e": 84038, "w": "嗯", "sp": "Customer"}, {"p": 72, "c": 0.9, "s": 84038, "e": 84246, "w": "他", "sp": "Customer"}, {"p": 73, "c": 0.9, "s": 84246, "e": 84454, "w": "开", "sp": "Customer"}, {"p": 74, "c": 0.9, "s": 84454, "e": 84662, "w": "了", "sp": "Customer"}, {"p": 75, "c": 0.9, "s": 84662, "e": 85079, "w": "一段", "sp": "Customer"}, {"p": 76, "c": 0.9, "s": 85079, "e": 85495, "w": "时间", "sp": "Customer"}, {"p": 77, "c": 0.9, "s": 85495, "e": 85912, "w": "大概", "sp": "Customer"}, {"p": 78, "c": 0.9, "s": 85912, "e": 86120, "w": "一", "sp": "Customer"}, {"p": 79, "c": 0.9, "s": 86120, "e": 86536, "w": "两个", "sp": "Customer"}, {"p": 80, "c": 0.9, "s": 86536, "e": 86953, "w": "小时", "sp": "Customer"}, {"p": 81, "c": 0.9, "s": 86953, "e": 87369, "w": "之后", "sp": "Customer"}, {"p": 82, "c": 0.9, "s": 87240, "e": 87973, "w": "嗯", "sp": "Agent"}, {"p": 83, "c": 0.9, "s": 87369, "e": 87577, "w": "吧", "sp": "Customer"}, {"p": 84, "c": 0.9, "s": 87577, "e": 87785, "w": "他", "sp": "Customer"}, {"p": 85, "c": 0.9, "s": 87785, "e": 88202, "w": "那个", "sp": "Customer"}, {"p": 86, "c": 0.9, "s": 87973, "e": 88706, "w": "好", "sp": "Agent"}, {"p": 87, "c": 0.9, "s": 88202, "e": 88618, "w": "电源", "sp": "Customer"}, {"p": 88, "c": 0.9, "s": 88618, "e": 88826, "w": "灯", "sp": "Customer"}, {"p": 89, "c": 0.9, "s": 88706, "e": 89440, "w": "嗯", "sp": "Agent"}, {"p": 90, "c": 0.9, "s": 88827, "e": 89035, "w": "呢", "sp": "Customer"}, {"p": 91, "c": 0.9, "s": 89035, "e": 89243, "w": "也", "sp": "Customer"}, {"p": 92, "c": 0.9, "s": 89243, "e": 89451, "w": "会", "sp": "Customer"}, {"p": 93, "c": 0.9, "s": 89451, "e": 89868, "w": "闪烁", "sp": "Customer"}, {"p": 94, "c": 0.9, "s": 89868, "e": 90284, "w": "然后", "sp": "Customer"}, {"p": 95, "c": 0.9, "s": 90284, "e": 90700, "w": "之前", "sp": "Customer"}, {"p": 96, "c": 0.9, "s": 90670, "e": 91680, "w": "嗯", "sp": "Agent"}, {"p": 97, "c": 0.9, "s": 90700, "e": 90909, "w": "给", "sp": "Customer"}, {"p": 98, "c": 0.9, "s": 90909, "e": 91325, "w": "你们", "sp": "Customer"}, {"p": 99, "c": 0.9, "s": 91325, "e": 91741, "w": "同事", "sp": "Customer"}, {"p": 100, "c": 0.9, "s": 91741, "e": 92158, "w": "打过", "sp": "Customer"}, {"p": 101, "c": 0.9, "s": 92158, "e": 92574, "w": "电话", "sp": "Customer"}, {"p": 102, "c": 0.9, "s": 92574, "e": 92991, "w": "你们", "sp": "Customer"}, {"p": 103, "c": 0.9, "s": 92991, "e": 93407, "w": "同事", "sp": "Customer"}, {"p": 104, "c": 0.9, "s": 93407, "e": 93615, "w": "说", "sp": "Customer"}, {"p": 105, "c": 0.9, "s": 93615, "e": 93824, "w": "是", "sp": "Customer"}, {"p": 106, "c": 0.9, "s": 93824, "e": 94240, "w": "外挂", "sp": "Customer"}, {"p": 107, "c": 0.9, "s": 94240, "e": 94656, "w": "那个", "sp": "Customer"}, {"p": 108, "c": 0.9, "s": 94656, "e": 95073, "w": "外面", "sp": "Customer"}, {"p": 109, "c": 0.9, "s": 95073, "e": 95281, "w": "的", "sp": "Customer"}, {"p": 110, "c": 0.9, "s": 95281, "e": 95697, "w": "不急", "sp": "Customer"}, {"p": 111, "c": 0.9, "s": 95697, "e": 95906, "w": "跟", "sp": "Customer"}, {"p": 112, "c": 0.9, "s": 95906, "e": 96322, "w": "里面", "sp": "Customer"}, {"p": 113, "c": 0.9, "s": 96322, "e": 96530, "w": "的", "sp": "Customer"}, {"p": 114, "c": 0.9, "s": 96530, "e": 96947, "w": "不急", "sp": "Customer"}, {"p": 115, "c": 0.9, "s": 96947, "e": 97155, "w": "他", "sp": "Customer"}, {"p": 116, "c": 0.9, "s": 97155, "e": 97571, "w": "那个", "sp": "Customer"}, {"p": 117, "c": 0.9, "s": 97571, "e": 97988, "w": "线路", "sp": "Customer"}, {"p": 118, "c": 0.9, "s": 97988, "e": 98404, "w": "接触", "sp": "Customer"}, {"p": 119, "c": 0.9, "s": 98404, "e": 98821, "w": "不了", "sp": "Customer"}, {"p": 120, "c": 0.9, "s": 98821, "e": 99237, "w": "还是", "sp": "Customer"}, {"p": 121, "c": 0.9, "s": 99237, "e": 99862, "w": "怎么样", "sp": "Customer"}, {"p": 122, "c": 0.9, "s": 99862, "e": 100070, "w": "让", "sp": "Customer"}, {"p": 123, "c": 0.9, "s": 100070, "e": 100278, "w": "我", "sp": "Customer"}, {"p": 124, "c": 0.9, "s": 100278, "e": 100486, "w": "断", "sp": "Customer"}, {"p": 125, "c": 0.9, "s": 100486, "e": 100903, "w": "电源", "sp": "Customer"}, {"p": 126, "c": 0.9, "s": 100903, "e": 101111, "w": "断", "sp": "Customer"}, {"p": 127, "c": 0.9, "s": 101111, "e": 101527, "w": "半个", "sp": "Customer"}, {"p": 128, "c": 0.9, "s": 101370, "e": 102550, "w": "嗯", "sp": "Agent"}, {"p": 129, "c": 0.9, "s": 101527, "e": 101944, "w": "小时", "sp": "Customer"}, {"p": 130, "c": 0.9, "s": 101944, "e": 102152, "w": "后", "sp": "Customer"}, {"p": 131, "c": 0.9, "s": 102152, "e": 102568, "w": "重新", "sp": "Customer"}, {"p": 132, "c": 0.9, "s": 102568, "e": 102985, "w": "重新", "sp": "Customer"}, {"p": 133, "c": 0.9, "s": 102985, "e": 103401, "w": "开启", "sp": "Customer"}, {"p": 134, "c": 0.9, "s": 103401, "e": 103609, "w": "嘛", "sp": "Customer"}, {"p": 135, "c": 0.9, "s": 103609, "e": 103818, "w": "试", "sp": "Customer"}, {"p": 136, "c": 0.9, "s": 103818, "e": 104026, "w": "过", "sp": "Customer"}, {"p": 137, "c": 0.9, "s": 103980, "e": 105040, "w": "嗯", "sp": "Agent"}, {"p": 138, "c": 0.9, "s": 104026, "e": 104442, "w": "这个", "sp": "Customer"}, {"p": 139, "c": 0.9, "s": 104442, "e": 104859, "w": "方法", "sp": "Customer"}, {"p": 140, "c": 0.9, "s": 104859, "e": 105067, "w": "但", "sp": "Customer"}, {"p": 141, "c": 0.9, "s": 105067, "e": 105483, "w": "就是", "sp": "Customer"}, {"p": 142, "c": 0.9, "s": 105483, "e": 105691, "w": "它", "sp": "Customer"}, {"p": 143, "c": 0.9, "s": 105691, "e": 106108, "w": "大概", "sp": "Customer"}, {"p": 144, "c": 0.9, "s": 106108, "e": 106316, "w": "一", "sp": "Customer"}, {"p": 145, "c": 0.9, "s": 106316, "e": 106732, "w": "两个", "sp": "Customer"}, {"p": 146, "c": 0.9, "s": 106732, "e": 107149, "w": "小时", "sp": "Customer"}, {"p": 147, "c": 0.9, "s": 107149, "e": 107565, "w": "之后", "sp": "Customer"}, {"p": 148, "c": 0.9, "s": 107565, "e": 107774, "w": "它", "sp": "Customer"}, {"p": 149, "c": 0.9, "s": 107774, "e": 107982, "w": "又", "sp": "Customer"}, {"p": 150, "c": 0.9, "s": 107982, "e": 108190, "w": "会", "sp": "Customer"}, {"p": 151, "c": 0.9, "s": 108190, "e": 108606, "w": "出现", "sp": "Customer"}, {"p": 152, "c": 0.9, "s": 108606, "e": 109023, "w": "那个", "sp": "Customer"}, {"p": 153, "c": 0.9, "s": 109023, "e": 109439, "w": "问题", "sp": "Customer"}, {"p": 154, "c": 0.9, "s": 109439, "e": 109856, "w": "开始", "sp": "Customer"}, {"p": 155, "c": 0.9, "s": 109856, "e": 110272, "w": "闪烁", "sp": "Customer"}, {"p": 156, "c": 0.9, "s": 110272, "e": 110688, "w": "然后", "sp": "Customer"}, {"p": 157, "c": 0.9, "s": 110688, "e": 110897, "w": "呢", "sp": "Customer"}, {"p": 158, "c": 0.9, "s": 110897, "e": 111105, "w": "就", "sp": "Customer"}, {"p": 159, "c": 0.9, "s": 111105, "e": 111313, "w": "不", "sp": "Customer"}, {"p": 160, "c": 0.9, "s": 111313, "e": 111730, "w": "工作", "sp": "Customer"}, {"p": 161, "c": 0.9, "s": 112410, "e": 112794, "w": "就是", "sp": "Agent"}, {"p": 162, "c": 0.9, "s": 112794, "e": 113179, "w": "正常", "sp": "Agent"}, {"p": 163, "c": 0.9, "s": 113179, "e": 113563, "w": "生活", "sp": "Agent"}, {"p": 164, "c": 0.9, "s": 113563, "e": 113948, "w": "工作", "sp": "Agent"}, {"p": 165, "c": 0.9, "s": 113948, "e": 114140, "w": "好", "sp": "Agent"}, {"p": 166, "c": 0.9, "s": 114140, "e": 114333, "w": "的", "sp": "Agent"}, {"p": 167, "c": 0.9, "s": 114333, "e": 114525, "w": "那", "sp": "Agent"}, {"p": 168, "c": 0.9, "s": 114525, "e": 114717, "w": "您", "sp": "Agent"}, {"p": 169, "c": 0.9, "s": 114717, "e": 115102, "w": "这边", "sp": "Agent"}, {"p": 170, "c": 0.9, "s": 115102, "e": 115486, "w": "车子", "sp": "Agent"}, {"p": 171, "c": 0.9, "s": 115486, "e": 115871, "w": "上门", "sp": "Agent"}, {"p": 172, "c": 0.9, "s": 115871, "e": 116063, "w": "看", "sp": "Agent"}, {"p": 173, "c": 0.9, "s": 116063, "e": 116448, "w": "一下", "sp": "Agent"}, {"p": 174, "c": 0.9, "s": 116448, "e": 116833, "w": "联系", "sp": "Agent"}, {"p": 175, "c": 0.9, "s": 116833, "e": 117025, "w": "您", "sp": "Agent"}, {"p": 176, "c": 0.9, "s": 117025, "e": 117410, "w": "请问", "sp": "Agent"}, {"p": 177, "c": 0.9, "s": 117410, "e": 117794, "w": "师傅", "sp": "Agent"}, {"p": 178, "c": 0.9, "s": 117794, "e": 118179, "w": "联系", "sp": "Agent"}, {"p": 179, "c": 0.9, "s": 118179, "e": 118371, "w": "您", "sp": "Agent"}, {"p": 180, "c": 0.9, "s": 118371, "e": 118563, "w": "的", "sp": "Agent"}, {"p": 181, "c": 0.9, "s": 118563, "e": 119140, "w": "手机号", "sp": "Agent"}, {"p": 182, "c": 0.9, "s": 119140, "e": 119333, "w": "是", "sp": "Agent"}, {"p": 183, "c": 0.9, "s": 119333, "e": 119717, "w": "多少", "sp": "Agent"}, {"p": 184, "c": 0.9, "s": 119717, "e": 119910, "w": "啊", "sp": "Agent"}, {"p": 185, "c": 0.9, "s": 122000, "e": 122530, "w": "联系", "sp": "Customer"}, {"p": 186, "c": 0.9, "s": 122530, "e": 122795, "w": "的", "sp": "Customer"}, {"p": 187, "c": 0.9, "s": 122795, "e": 123854, "w": "手机号码", "sp": "Customer"}, {"p": 188, "c": 0.9, "s": 123855, "e": 124385, "w": "没错", "sp": "Customer"}, {"p": 189, "c": 0.9, "s": 124000, "e": 125060, "w": "嗯", "sp": "Agent"}, {"p": 190, "c": 0.9, "s": 124385, "e": 124650, "w": "给", "sp": "Customer"}, {"p": 191, "c": 0.9, "s": 124650, "e": 124915, "w": "我", "sp": "Customer"}, {"p": 192, "c": 0.9, "s": 124915, "e": 125180, "w": "啊", "sp": "Customer"}, {"p": 193, "c": 0.9, "s": 126590, "e": 127330, "w": "联系人", "sp": "Agent"}, {"p": 194, "c": 0.9, "s": 127331, "e": 128072, "w": "手机号", "sp": "Agent"}, {"p": 195, "c": 0.9, "s": 128072, "e": 128320, "w": "您", "sp": "Agent"}, {"p": 196, "c": 0.9, "s": 128320, "e": 128567, "w": "的", "sp": "Agent"}, {"p": 197, "c": 0.9, "s": 128567, "e": 129308, "w": "手机号", "sp": "Agent"}, {"p": 198, "c": 0.9, "s": 129308, "e": 129554, "w": "是", "sp": "Agent"}, {"p": 199, "c": 0.9, "s": 129554, "e": 130049, "w": "多少", "sp": "Agent"}, {"p": 200, "c": 0.9, "s": 132340, "e": 132752, "w": "幺", "sp": "Customer"}, {"p": 201, "c": 0.9, "s": 132753, "e": 133580, "w": "三九", "sp": "Customer"}, {"p": 202, "c": 0.9, "s": 133820, "e": 134313, "w": "幺", "sp": "Agent"}, {"p": 203, "c": 0.9, "s": 134313, "e": 135300, "w": "三九", "sp": "Agent"}, {"p": 204, "c": 0.9, "s": 137430, "e": 137745, "w": "幺", "sp": "Agent"}, {"p": 205, "c": 0.9, "s": 137746, "e": 138378, "w": "三九", "sp": "Agent"}, {"p": 206, "c": 0.9, "s": 138378, "e": 139010, "w": "多少", "sp": "Agent"}, {"p": 207, "c": 0.9, "s": 139910, "e": 140333, "w": "二", "sp": "Customer"}, {"p": 208, "c": 0.9, "s": 140333, "e": 141180, "w": "四九", "sp": "Customer"}, {"p": 209, "c": 0.9, "s": 141320, "e": 141833, "w": "幺", "sp": "Agent"}, {"p": 210, "c": 0.9, "s": 141833, "e": 142859, "w": "四九", "sp": "Agent"}, {"p": 211, "c": 0.9, "s": 143310, "e": 144530, "w": "二十九", "sp": "Customer"}, {"p": 212, "c": 0.9, "s": 145880, "e": 146232, "w": "二", "sp": "Agent"}, {"p": 213, "c": 0.9, "s": 146232, "e": 146935, "w": "四九", "sp": "Agent"}, {"p": 214, "c": 0.9, "s": 146936, "e": 147288, "w": "好", "sp": "Agent"}, {"p": 215, "c": 0.9, "s": 147288, "e": 147640, "w": "的", "sp": "Agent"}, {"p": 216, "c": 0.9, "s": 149450, "e": 149851, "w": "二", "sp": "Customer"}, {"p": 217, "c": 0.9, "s": 149852, "e": 150656, "w": "三七", "sp": "Customer"}, {"p": 218, "c": 0.9, "s": 150656, "e": 151058, "w": "幺", "sp": "Customer"}, {"p": 219, "c": 0.9, "s": 151058, "e": 151459, "w": "二", "sp": "Customer"}, {"p": 220, "c": 0.9, "s": 151690, "e": 152219, "w": "二三", "sp": "Agent"}, {"p": 221, "c": 0.9, "s": 152219, "e": 152484, "w": "七", "sp": "Agent"}, {"p": 222, "c": 0.9, "s": 152484, "e": 152749, "w": "幺", "sp": "Agent"}, {"p": 223, "c": 0.9, "s": 152749, "e": 153014, "w": "二", "sp": "Agent"}, {"p": 224, "c": 0.9, "s": 153014, "e": 153278, "w": "好", "sp": "Agent"}, {"p": 225, "c": 0.9, "s": 153278, "e": 153543, "w": "的", "sp": "Agent"}, {"p": 226, "c": 0.9, "s": 153543, "e": 153808, "w": "再", "sp": "Agent"}, {"p": 227, "c": 0.9, "s": 153808, "e": 154073, "w": "跟", "sp": "Agent"}, {"p": 228, "c": 0.9, "s": 154073, "e": 154338, "w": "您", "sp": "Agent"}, {"p": 229, "c": 0.9, "s": 154338, "e": 154867, "w": "核对", "sp": "Agent"}, {"p": 230, "c": 0.9, "s": 154867, "e": 155397, "w": "一下", "sp": "Agent"}, {"p": 231, "c": 0.9, "s": 155397, "e": 155662, "w": "幺", "sp": "Agent"}, {"p": 232, "c": 0.9, "s": 155662, "e": 156191, "w": "三九", "sp": "Agent"}, {"p": 233, "c": 0.9, "s": 156191, "e": 156721, "w": "二四", "sp": "Agent"}, {"p": 234, "c": 0.9, "s": 156721, "e": 157250, "w": "九二", "sp": "Agent"}, {"p": 235, "c": 0.9, "s": 157250, "e": 157780, "w": "三七", "sp": "Agent"}, {"p": 236, "c": 0.9, "s": 157780, "e": 158045, "w": "幺", "sp": "Agent"}, {"p": 237, "c": 0.9, "s": 158045, "e": 158310, "w": "二", "sp": "Agent"}, {"p": 238, "c": 0.9, "s": 159260, "e": 160400, "w": "对", "sp": "Customer"}, {"p": 239, "c": 0.9, "s": 159560, "e": 159785, "w": "对", "sp": "Agent"}, {"p": 240, "c": 0.9, "s": 159785, "e": 160011, "w": "吗", "sp": "Agent"}, {"p": 241, "c": 0.9, "s": 160011, "e": 160237, "w": "好", "sp": "Agent"}, {"p": 242, "c": 0.9, "s": 160237, "e": 160463, "w": "的", "sp": "Agent"}, {"p": 243, "c": 0.9, "s": 160463, "e": 160915, "w": "请问", "sp": "Agent"}, {"p": 244, "c": 0.9, "s": 160915, "e": 161366, "w": "上门", "sp": "Agent"}, {"p": 245, "c": 0.9, "s": 161320, "e": 162340, "w": "对", "sp": "Customer"}, {"p": 246, "c": 0.9, "s": 161367, "e": 161818, "w": "地址", "sp": "Agent"}, {"p": 247, "c": 0.9, "s": 161818, "e": 162043, "w": "在", "sp": "Agent"}, {"p": 248, "c": 0.9, "s": 162044, "e": 162496, "w": "哪个", "sp": "Agent"}, {"p": 249, "c": 0.9, "s": 162496, "e": 162722, "w": "省", "sp": "Agent"}, {"p": 250, "c": 0.9, "s": 162722, "e": 163174, "w": "哪个", "sp": "Agent"}, {"p": 251, "c": 0.9, "s": 163174, "e": 163400, "w": "市", "sp": "Agent"}, {"p": 252, "c": 0.9, "s": 164950, "e": 165472, "w": "在", "sp": "Customer"}, {"p": 253, "c": 0.9, "s": 165472, "e": 167041, "w": "广东省", "sp": "Customer"}, {"p": 254, "c": 0.9, "s": 167041, "e": 168610, "w": "中山市", "sp": "Customer"}, {"p": 255, "c": 0.9, "s": 167110, "e": 168490, "w": "广东省", "sp": "Agent"}, {"p": 256, "c": 0.9, "s": 169040, "e": 170590, "w": "中山市", "sp": "Agent"}, {"p": 257, "c": 0.9, "s": 171720, "e": 172210, "w": "港", "sp": "Customer"}, {"p": 258, "c": 0.9, "s": 172210, "e": 173190, "w": "口镇", "sp": "Customer"}, {"p": 259, "c": 0.9, "s": 175160, "e": 175508, "w": "稍", "sp": "Agent"}, {"p": 260, "c": 0.9, "s": 175508, "e": 175856, "w": "等", "sp": "Agent"}, {"p": 261, "c": 0.9, "s": 175856, "e": 176552, "w": "一下", "sp": "Agent"}, {"p": 262, "c": 0.9, "s": 176552, "e": 176900, "w": "啊", "sp": "Agent"}, {"p": 263, "c": 0.9, "s": 177940, "e": 178410, "w": "航空", "sp": "Agent"}, {"p": 264, "c": 0.9, "s": 178410, "e": 178645, "w": "路", "sp": "Agent"}, {"p": 265, "c": 0.9, "s": 178645, "e": 178880, "w": "的", "sp": "Agent"}, {"p": 266, "c": 0.9, "s": 178880, "e": 179115, "w": "好", "sp": "Agent"}, {"p": 267, "c": 0.9, "s": 179115, "e": 179350, "w": "的", "sp": "Agent"}, {"p": 268, "c": 0.9, "s": 179350, "e": 179820, "w": "详细", "sp": "Agent"}, {"p": 269, "c": 0.9, "s": 179820, "e": 180290, "w": "地址", "sp": "Agent"}, {"p": 270, "c": 0.9, "s": 182860, "e": 183550, "w": "世纪", "sp": "Customer"}, {"p": 271, "c": 0.9, "s": 183550, "e": 184240, "w": "东路", "sp": "Customer"}, {"p": 272, "c": 0.9, "s": 184240, "e": 184930, "w": "多少", "sp": "Customer"}, {"p": 273, "c": 0.9, "s": 184930, "e": 185275, "w": "号", "sp": "Customer"}, {"p": 274, "c": 0.9, "s": 185275, "e": 185965, "w": "忘记", "sp": "Customer"}, {"p": 275, "c": 0.9, "s": 185965, "e": 186310, "w": "在", "sp": "Customer"}, {"p": 276, "c": 0.9, "s": 186310, "e": 187000, "w": "这个", "sp": "Customer"}, {"p": 277, "c": 0.9, "s": 187000, "e": 187690, "w": "保利", "sp": "Customer"}, {"p": 278, "c": 0.9, "s": 187690, "e": 188380, "w": "国际", "sp": "Customer"}, {"p": 279, "c": 0.9, "s": 188380, "e": 189070, "w": "广场", "sp": "Customer"}, {"p": 280, "c": 0.9, "s": 189930, "e": 191060, "w": "保利", "sp": "Agent"}, {"p": 281, "c": 0.9, "s": 191060, "e": 192190, "w": "国际", "sp": "Agent"}, {"p": 282, "c": 0.9, "s": 192190, "e": 193320, "w": "广场", "sp": "Agent"}, {"p": 283, "c": 0.9, "s": 194960, "e": 196090, "w": "举报", "sp": "Agent"}, {"p": 284, "c": 0.9, "s": 195160, "e": 195660, "w": "宜", "sp": "Customer"}, {"p": 285, "c": 0.9, "s": 195660, "e": 196160, "w": "邦", "sp": "Customer"}, {"p": 286, "c": 0.9, "s": 196160, "e": 197160, "w": "花园", "sp": "Customer"}, {"p": 287, "c": 0.9, "s": 197640, "e": 198018, "w": "怡", "sp": "Agent"}, {"p": 288, "c": 0.9, "s": 198018, "e": 198396, "w": "是", "sp": "Agent"}, {"p": 289, "c": 0.9, "s": 198396, "e": 199152, "w": "哪个", "sp": "Agent"}, {"p": 290, "c": 0.9, "s": 199152, "e": 199530, "w": "怡", "sp": "Agent"}, {"p": 291, "c": 0.9, "s": 200630, "e": 200846, "w": "怡", "sp": "Customer"}, {"p": 292, "c": 0.9, "s": 200846, "e": 201062, "w": "是", "sp": "Customer"}, {"p": 293, "c": 0.9, "s": 201062, "e": 201494, "w": "那个", "sp": "Customer"}, {"p": 294, "c": 0.9, "s": 201494, "e": 201710, "w": "竖", "sp": "Customer"}, {"p": 295, "c": 0.9, "s": 201710, "e": 201926, "w": "心", "sp": "Customer"}, {"p": 296, "c": 0.9, "s": 201926, "e": 202142, "w": "旁", "sp": "Customer"}, {"p": 297, "c": 0.9, "s": 202143, "e": 202575, "w": "一个", "sp": "Customer"}, {"p": 298, "c": 0.9, "s": 202575, "e": 202791, "w": "台", "sp": "Customer"}, {"p": 299, "c": 0.9, "s": 202791, "e": 203007, "w": "阶", "sp": "Customer"}, {"p": 300, "c": 0.9, "s": 203007, "e": 203223, "w": "的", "sp": "Customer"}, {"p": 301, "c": 0.9, "s": 203223, "e": 203440, "w": "仪", "sp": "Customer"}, {"p": 302, "c": 0.9, "s": 203590, "e": 203905, "w": "好", "sp": "Agent"}, {"p": 303, "c": 0.9, "s": 203906, "e": 204223, "w": "的", "sp": "Agent"}, {"p": 304, "c": 0.9, "s": 204223, "e": 204540, "w": "芳", "sp": "Agent"}, {"p": 305, "c": 0.9, "s": 204370, "e": 204709, "w": "怡", "sp": "Customer"}, {"p": 306, "c": 0.9, "s": 204540, "e": 204855, "w": "呢", "sp": "Agent"}, {"p": 307, "c": 0.9, "s": 204710, "e": 205050, "w": "人", "sp": "Customer"}, {"p": 308, "c": 0.9, "s": 204856, "e": 205490, "w": "芳草", "sp": "Agent"}, {"p": 309, "c": 0.9, "s": 205050, "e": 205390, "w": "的", "sp": "Customer"}, {"p": 310, "c": 0.9, "s": 205390, "e": 205730, "w": "怡", "sp": "Customer"}, {"p": 311, "c": 0.9, "s": 205490, "e": 205806, "w": "的", "sp": "Agent"}, {"p": 312, "c": 0.9, "s": 205806, "e": 206123, "w": "芳", "sp": "Agent"}, {"p": 313, "c": 0.9, "s": 206123, "e": 206440, "w": "吗", "sp": "Agent"}, {"p": 314, "c": 0.9, "s": 207100, "e": 208012, "w": "正方形", "sp": "Customer"}, {"p": 315, "c": 0.9, "s": 208012, "e": 208316, "w": "的", "sp": "Customer"}, {"p": 316, "c": 0.9, "s": 208316, "e": 208620, "w": "方", "sp": "Customer"}, {"p": 317, "c": 0.9, "s": 209070, "e": 209512, "w": "好", "sp": "Agent"}, {"p": 318, "c": 0.9, "s": 209512, "e": 209954, "w": "的", "sp": "Agent"}, {"p": 319, "c": 0.9, "s": 209955, "e": 210397, "w": "余", "sp": "Agent"}, {"p": 320, "c": 0.9, "s": 210397, "e": 210840, "w": "芳", "sp": "Agent"}, {"p": 321, "c": 0.9, "s": 211630, "e": 213070, "w": "花园", "sp": "Customer"}, {"p": 322, "c": 0.9, "s": 213240, "e": 214600, "w": "花园", "sp": "Agent"}, {"p": 323, "c": 0.9, "s": 216440, "e": 216681, "w": "四", "sp": "Customer"}, {"p": 324, "c": 0.9, "s": 216681, "e": 216922, "w": "期", "sp": "Customer"}, {"p": 325, "c": 0.9, "s": 216922, "e": 217163, "w": "你", "sp": "Customer"}, {"p": 326, "c": 0.9, "s": 217163, "e": 217403, "w": "看", "sp": "Customer"}, {"p": 327, "c": 0.9, "s": 217404, "e": 217645, "w": "下", "sp": "Customer"}, {"p": 328, "c": 0.9, "s": 217645, "e": 217886, "w": "能", "sp": "Customer"}, {"p": 329, "c": 0.9, "s": 217886, "e": 218368, "w": "不能", "sp": "Customer"}, {"p": 330, "c": 0.9, "s": 218090, "e": 219700, "w": "四七", "sp": "Agent"}, {"p": 331, "c": 0.9, "s": 218368, "e": 218609, "w": "查", "sp": "Customer"}, {"p": 332, "c": 0.9, "s": 218609, "e": 218849, "w": "到", "sp": "Customer"}, {"p": 333, "c": 0.9, "s": 222470, "e": 223138, "w": "日期", "sp": "Agent"}, {"p": 334, "c": 0.9, "s": 223138, "e": 223806, "w": "然后", "sp": "Agent"}, {"p": 335, "c": 0.9, "s": 223806, "e": 224140, "w": "呢", "sp": "Agent"}, {"p": 336, "c": 0.9, "s": 225080, "e": 226347, "w": "五十九", "sp": "Customer"}, {"p": 337, "c": 0.9, "s": 226347, "e": 226770, "w": "栋", "sp": "Customer"}, {"p": 338, "c": 0.9, "s": 227270, "e": 228290, "w": "五十九", "sp": "Agent"}, {"p": 339, "c": 0.9, "s": 228290, "e": 228629, "w": "栋", "sp": "Agent"}, {"p": 340, "c": 0.9, "s": 229530, "e": 229934, "w": "三", "sp": "Customer"}, {"p": 341, "c": 0.9, "s": 229934, "e": 230338, "w": "幺", "sp": "Customer"}, {"p": 342, "c": 0.9, "s": 230338, "e": 231146, "w": "零三", "sp": "Customer"}, {"p": 343, "c": 0.9, "s": 231146, "e": 231550, "w": "号", "sp": "Customer"}, {"p": 344, "c": 0.9, "s": 231760, "e": 232041, "w": "三", "sp": "Agent"}, {"p": 345, "c": 0.9, "s": 232041, "e": 232322, "w": "幺", "sp": "Agent"}, {"p": 346, "c": 0.9, "s": 232322, "e": 232885, "w": "零三", "sp": "Agent"}, {"p": 347, "c": 0.9, "s": 232885, "e": 233166, "w": "号", "sp": "Agent"}, {"p": 348, "c": 0.9, "s": 233166, "e": 233448, "w": "好", "sp": "Agent"}, {"p": 349, "c": 0.9, "s": 233448, "e": 233729, "w": "的", "sp": "Agent"}, {"p": 350, "c": 0.9, "s": 233729, "e": 234010, "w": "再", "sp": "Agent"}, {"p": 351, "c": 0.9, "s": 234010, "e": 234292, "w": "跟", "sp": "Agent"}, {"p": 352, "c": 0.9, "s": 234292, "e": 234573, "w": "您", "sp": "Agent"}, {"p": 353, "c": 0.9, "s": 234573, "e": 235136, "w": "核对", "sp": "Agent"}, {"p": 354, "c": 0.9, "s": 235136, "e": 235698, "w": "一下", "sp": "Agent"}, {"p": 355, "c": 0.9, "s": 235698, "e": 235980, "w": "在", "sp": "Agent"}, {"p": 356, "c": 0.9, "s": 235980, "e": 236823, "w": "广东省", "sp": "Agent"}, {"p": 357, "c": 0.9, "s": 236824, "e": 237668, "w": "中山市", "sp": "Agent"}, {"p": 358, "c": 0.9, "s": 237668, "e": 237949, "w": "港", "sp": "Agent"}, {"p": 359, "c": 0.9, "s": 237949, "e": 238512, "w": "口镇", "sp": "Agent"}, {"p": 360, "c": 0.9, "s": 238512, "e": 239073, "w": "保利", "sp": "Agent"}, {"p": 361, "c": 0.9, "s": 239074, "e": 239637, "w": "国际", "sp": "Agent"}, {"p": 362, "c": 0.9, "s": 239637, "e": 240200, "w": "广场", "sp": "Agent"}, {"p": 363, "c": 0.9, "s": 240200, "e": 240481, "w": "余", "sp": "Agent"}, {"p": 364, "c": 0.9, "s": 240481, "e": 240762, "w": "芳", "sp": "Agent"}, {"p": 365, "c": 0.9, "s": 240762, "e": 241325, "w": "花园", "sp": "Agent"}, {"p": 366, "c": 0.9, "s": 241325, "e": 241606, "w": "四", "sp": "Agent"}, {"p": 367, "c": 0.9, "s": 241606, "e": 241888, "w": "期", "sp": "Agent"}, {"p": 368, "c": 0.9, "s": 241888, "e": 242732, "w": "五十九", "sp": "Agent"}, {"p": 369, "c": 0.9, "s": 242732, "e": 243013, "w": "栋", "sp": "Agent"}, {"p": 370, "c": 0.9, "s": 243013, "e": 243294, "w": "三", "sp": "Agent"}, {"p": 371, "c": 0.9, "s": 243294, "e": 243576, "w": "幺", "sp": "Agent"}, {"p": 372, "c": 0.9, "s": 243576, "e": 244138, "w": "零三", "sp": "Agent"}, {"p": 373, "c": 0.9, "s": 244138, "e": 244420, "w": "号", "sp": "Agent"}, {"p": 374, "c": 0.9, "s": 245870, "e": 246415, "w": "对", "sp": "Agent"}, {"p": 375, "c": 0.9, "s": 246370, "e": 247390, "w": "对", "sp": "Customer"}, {"p": 376, "c": 0.9, "s": 246415, "e": 246959, "w": "吗", "sp": "Agent"}, {"p": 377, "c": 0.9, "s": 247950, "e": 248211, "w": "嗯", "sp": "Agent"}, {"p": 378, "c": 0.9, "s": 248211, "e": 248472, "w": "好", "sp": "Agent"}, {"p": 379, "c": 0.9, "s": 248472, "e": 248733, "w": "的", "sp": "Agent"}, {"p": 380, "c": 0.9, "s": 248733, "e": 248994, "w": "稍", "sp": "Agent"}, {"p": 381, "c": 0.9, "s": 248994, "e": 249255, "w": "等", "sp": "Agent"}, {"p": 382, "c": 0.9, "s": 249255, "e": 249777, "w": "一下", "sp": "Agent"}, {"p": 383, "c": 0.9, "s": 249777, "e": 250038, "w": "约", "sp": "Agent"}, {"p": 384, "c": 0.9, "s": 250038, "e": 250299, "w": "到", "sp": "Agent"}, {"p": 385, "c": 0.9, "s": 250299, "e": 250821, "w": "最快", "sp": "Agent"}, {"p": 386, "c": 0.9, "s": 250821, "e": 251082, "w": "是", "sp": "Agent"}, {"p": 387, "c": 0.9, "s": 251082, "e": 251605, "w": "可以", "sp": "Agent"}, {"p": 388, "c": 0.9, "s": 251605, "e": 251866, "w": "约", "sp": "Agent"}, {"p": 389, "c": 0.9, "s": 251866, "e": 252127, "w": "到", "sp": "Agent"}, {"p": 390, "c": 0.9, "s": 252127, "e": 252649, "w": "明天", "sp": "Agent"}, {"p": 391, "c": 0.9, "s": 252649, "e": 252910, "w": "的", "sp": "Agent"}, {"p": 392, "c": 0.9, "s": 252910, "e": 253432, "w": "明天", "sp": "Agent"}, {"p": 393, "c": 0.9, "s": 253432, "e": 253954, "w": "用户", "sp": "Agent"}, {"p": 394, "c": 0.9, "s": 253954, "e": 254215, "w": "您", "sp": "Agent"}, {"p": 395, "c": 0.9, "s": 254215, "e": 254476, "w": "有", "sp": "Agent"}, {"p": 396, "c": 0.9, "s": 254476, "e": 254998, "w": "时间", "sp": "Agent"}, {"p": 397, "c": 0.9, "s": 254998, "e": 255260, "w": "吗", "sp": "Agent"}, {"p": 398, "c": 0.9, "s": 256350, "e": 257030, "w": "明天", "sp": "Customer"}, {"p": 399, "c": 0.9, "s": 257030, "e": 257709, "w": "什么", "sp": "Customer"}, {"p": 400, "c": 0.9, "s": 257709, "e": 258389, "w": "时间", "sp": "Customer"}, {"p": 401, "c": 0.9, "s": 257799, "e": 258071, "w": "嗯", "sp": "Agent"}, {"p": 402, "c": 0.9, "s": 258071, "e": 258617, "w": "具体", "sp": "Agent"}, {"p": 403, "c": 0.9, "s": 258618, "e": 259164, "w": "时间", "sp": "Agent"}, {"p": 404, "c": 0.9, "s": 259164, "e": 259437, "w": "是", "sp": "Agent"}, {"p": 405, "c": 0.9, "s": 259437, "e": 259982, "w": "不会", "sp": "Agent"}, {"p": 406, "c": 0.9, "s": 259982, "e": 260801, "w": "打电话", "sp": "Agent"}, {"p": 407, "c": 0.9, "s": 260801, "e": 261074, "w": "再", "sp": "Agent"}, {"p": 408, "c": 0.9, "s": 261074, "e": 261347, "w": "约", "sp": "Agent"}, {"p": 409, "c": 0.9, "s": 261346, "e": 261620, "w": "的", "sp": "Agent"}, {"p": 410, "c": 0.9, "s": 262180, "e": 262637, "w": "可以", "sp": "Customer"}, {"p": 411, "c": 0.9, "s": 262637, "e": 262866, "w": "啊", "sp": "Customer"}, {"p": 412, "c": 0.9, "s": 262866, "e": 263095, "w": "让", "sp": "Customer"}, {"p": 413, "c": 0.9, "s": 263095, "e": 263323, "w": "他", "sp": "Customer"}, {"p": 414, "c": 0.9, "s": 263323, "e": 263781, "w": "过来", "sp": "Customer"}, {"p": 415, "c": 0.9, "s": 263330, "e": 263586, "w": "嗯", "sp": "Agent"}, {"p": 416, "c": 0.9, "s": 263587, "e": 263844, "w": "好", "sp": "Agent"}, {"p": 417, "c": 0.9, "s": 263781, "e": 264010, "w": "吧", "sp": "Customer"}, {"p": 418, "c": 0.9, "s": 263844, "e": 264102, "w": "的", "sp": "Agent"}, {"p": 419, "c": 0.9, "s": 264102, "e": 264358, "w": "您", "sp": "Agent"}, {"p": 420, "c": 0.9, "s": 264359, "e": 264616, "w": "是", "sp": "Agent"}, {"p": 421, "c": 0.9, "s": 264616, "e": 265131, "w": "中央", "sp": "Agent"}, {"p": 422, "c": 0.9, "s": 265131, "e": 265646, "w": "空调", "sp": "Agent"}, {"p": 423, "c": 0.9, "s": 265646, "e": 266160, "w": "还是", "sp": "Agent"}, {"p": 424, "c": 0.9, "s": 266160, "e": 266675, "w": "挂机", "sp": "Agent"}, {"p": 425, "c": 0.9, "s": 266675, "e": 266931, "w": "贵", "sp": "Agent"}, {"p": 426, "c": 0.9, "s": 266932, "e": 267190, "w": "机", "sp": "Agent"}, {"p": 427, "c": 0.9, "s": 268350, "e": 269500, "w": "挂机", "sp": "Customer"}, {"p": 428, "c": 0.9, "s": 269750, "e": 269936, "w": "啊", "sp": "Agent"}, {"p": 429, "c": 0.9, "s": 269936, "e": 270122, "w": "行", "sp": "Agent"}, {"p": 430, "c": 0.9, "s": 270122, "e": 270308, "w": "好", "sp": "Agent"}, {"p": 431, "c": 0.9, "s": 270308, "e": 270495, "w": "的", "sp": "Agent"}, {"p": 432, "c": 0.9, "s": 270495, "e": 270681, "w": "是", "sp": "Agent"}, {"p": 433, "c": 0.9, "s": 270681, "e": 271053, "w": "什么", "sp": "Agent"}, {"p": 434, "c": 0.9, "s": 271053, "e": 271426, "w": "时候", "sp": "Agent"}, {"p": 435, "c": 0.9, "s": 271426, "e": 271798, "w": "购买", "sp": "Agent"}, {"p": 436, "c": 0.9, "s": 271798, "e": 271985, "w": "的", "sp": "Agent"}, {"p": 437, "c": 0.9, "s": 271985, "e": 272171, "w": "还", "sp": "Agent"}, {"p": 438, "c": 0.9, "s": 272171, "e": 272543, "w": "记得", "sp": "Agent"}, {"p": 439, "c": 0.9, "s": 272543, "e": 272730, "w": "吗", "sp": "Agent"}, {"p": 440, "c": 0.9, "s": 274220, "e": 274518, "w": "嗯", "sp": "Customer"}, {"p": 441, "c": 0.9, "s": 274518, "e": 274816, "w": "不", "sp": "Customer"}, {"p": 442, "c": 0.9, "s": 274816, "e": 275412, "w": "记得", "sp": "Customer"}, {"p": 443, "c": 0.9, "s": 275412, "e": 275710, "w": "了", "sp": "Customer"}, {"p": 444, "c": 0.9, "s": 275870, "e": 276740, "w": "嗯", "sp": "Agent"}, {"p": 445, "c": 0.9, "s": 277130, "e": 277362, "w": "不", "sp": "Agent"}, {"p": 446, "c": 0.9, "s": 277362, "e": 277826, "w": "记得", "sp": "Agent"}, {"p": 447, "c": 0.9, "s": 277826, "e": 278522, "w": "有没有", "sp": "Agent"}, {"p": 448, "c": 0.9, "s": 278523, "e": 278988, "w": "超过", "sp": "Agent"}, {"p": 449, "c": 0.9, "s": 278988, "e": 279453, "w": "三年", "sp": "Agent"}, {"p": 450, "c": 0.9, "s": 279453, "e": 280150, "w": "保修期", "sp": "Agent"}, {"p": 451, "c": 0.9, "s": 281070, "e": 281300, "w": "那", "sp": "Customer"}, {"p": 452, "c": 0.9, "s": 281300, "e": 281759, "w": "肯定", "sp": "Customer"}, {"p": 453, "c": 0.9, "s": 281760, "e": 282220, "w": "已经", "sp": "Customer"}, {"p": 454, "c": 0.9, "s": 282220, "e": 282680, "w": "超过", "sp": "Customer"}, {"p": 455, "c": 0.9, "s": 282680, "e": 282910, "w": "了", "sp": "Customer"}, {"p": 456, "c": 0.9, "s": 282920, "e": 283121, "w": "好", "sp": "Agent"}, {"p": 457, "c": 0.9, "s": 283121, "e": 283322, "w": "的", "sp": "Agent"}, {"p": 458, "c": 0.9, "s": 283322, "e": 283725, "w": "如果", "sp": "Agent"}, {"p": 459, "c": 0.9, "s": 283725, "e": 283927, "w": "过", "sp": "Agent"}, {"p": 460, "c": 0.9, "s": 283927, "e": 284128, "w": "保", "sp": "Agent"}, {"p": 461, "c": 0.9, "s": 284128, "e": 284732, "w": "是不是", "sp": "Agent"}, {"p": 462, "c": 0.9, "s": 284732, "e": 285135, "w": "上门", "sp": "Agent"}, {"p": 463, "c": 0.9, "s": 285135, "e": 285337, "w": "会", "sp": "Agent"}, {"p": 464, "c": 0.9, "s": 285337, "e": 285740, "w": "收费", "sp": "Agent"}, {"p": 465, "c": 0.9, "s": 285740, "e": 285940, "w": "的", "sp": "Agent"}, {"p": 466, "c": 0.9, "s": 285941, "e": 286142, "w": "您", "sp": "Agent"}, {"p": 467, "c": 0.9, "s": 286142, "e": 286344, "w": "跟", "sp": "Agent"}, {"p": 468, "c": 0.9, "s": 286344, "e": 286747, "w": "师傅", "sp": "Agent"}, {"p": 469, "c": 0.9, "s": 286747, "e": 287150, "w": "确认", "sp": "Agent"}, {"p": 470, "c": 0.9, "s": 287150, "e": 287552, "w": "一下", "sp": "Agent"}, {"p": 471, "c": 0.9, "s": 287552, "e": 287955, "w": "费用", "sp": "Agent"}, {"p": 472, "c": 0.9, "s": 287955, "e": 288156, "w": "嗯", "sp": "Agent"}, {"p": 473, "c": 0.9, "s": 288157, "e": 288560, "w": "请问", "sp": "Agent"}, {"p": 474, "c": 0.9, "s": 288560, "e": 288761, "w": "是", "sp": "Agent"}, {"p": 475, "c": 0.9, "s": 288720, "e": 289695, "w": "上班", "sp": "Customer"}, {"p": 476, "c": 0.9, "s": 288761, "e": 288961, "w": "外", "sp": "Agent"}, {"p": 477, "c": 0.9, "s": 288962, "e": 289164, "w": "机", "sp": "Agent"}, {"p": 478, "c": 0.9, "s": 289164, "e": 289365, "w": "有", "sp": "Agent"}, {"p": 479, "c": 0.9, "s": 289365, "e": 289567, "w": "放", "sp": "Agent"}, {"p": 480, "c": 0.9, "s": 289567, "e": 289767, "w": "外", "sp": "Agent"}, {"p": 481, "c": 0.9, "s": 289695, "e": 290670, "w": "的话", "sp": "Customer"}, {"p": 482, "c": 0.9, "s": 289768, "e": 289970, "w": "机", "sp": "Agent"}, {"p": 483, "c": 0.9, "s": 289970, "e": 290171, "w": "的", "sp": "Agent"}, {"p": 484, "c": 0.9, "s": 290171, "e": 290574, "w": "平台", "sp": "Agent"}, {"p": 485, "c": 0.9, "s": 290574, "e": 290775, "w": "吗", "sp": "Agent"}, {"p": 486, "c": 0.9, "s": 290775, "e": 291178, "w": "还是", "sp": "Agent"}, {"p": 487, "c": 0.9, "s": 291178, "e": 291380, "w": "嗯", "sp": "Agent"}, {"p": 488, "c": 0.9, "s": 291640, "e": 291942, "w": "呃", "sp": "Customer"}, {"p": 489, "c": 0.9, "s": 291942, "e": 292547, "w": "上门", "sp": "Customer"}, {"p": 490, "c": 0.9, "s": 292547, "e": 292850, "w": "是", "sp": "Customer"}, {"p": 491, "c": 0.9, "s": 292850, "e": 293455, "w": "怎么", "sp": "Customer"}, {"p": 492, "c": 0.9, "s": 293455, "e": 294060, "w": "收费", "sp": "Customer"}, {"p": 493, "c": 0.9, "s": 293750, "e": 293986, "w": "嗯", "sp": "Agent"}, {"p": 494, "c": 0.9, "s": 293986, "e": 294222, "w": "是", "sp": "Agent"}, {"p": 495, "c": 0.9, "s": 294222, "e": 294694, "w": "不会", "sp": "Agent"}, {"p": 496, "c": 0.9, "s": 294695, "e": 295168, "w": "提前", "sp": "Agent"}, {"p": 497, "c": 0.9, "s": 295168, "e": 295639, "w": "联系", "sp": "Agent"}, {"p": 498, "c": 0.9, "s": 295640, "e": 296113, "w": "报价", "sp": "Agent"}, {"p": 499, "c": 0.9, "s": 296113, "e": 296350, "w": "的", "sp": "Agent"}, {"p": 500, "c": 0.9, "s": 296350, "e": 296586, "w": "您", "sp": "Agent"}, {"p": 501, "c": 0.9, "s": 296586, "e": 297059, "w": "认可", "sp": "Agent"}, {"p": 502, "c": 0.9, "s": 297059, "e": 297530, "w": "的话", "sp": "Agent"}, {"p": 503, "c": 0.9, "s": 297531, "e": 297768, "w": "是", "sp": "Agent"}, {"p": 504, "c": 0.9, "s": 297768, "e": 298240, "w": "不在", "sp": "Agent"}, {"p": 505, "c": 0.9, "s": 298240, "e": 298712, "w": "上门", "sp": "Agent"}, {"p": 506, "c": 0.9, "s": 298713, "e": 298950, "w": "的", "sp": "Agent"}, {"p": 507, "c": 0.9, "s": 300190, "e": 300753, "w": "哦", "sp": "Customer"}, {"p": 508, "c": 0.9, "s": 300753, "e": 301315, "w": "好", "sp": "Customer"}, {"p": 509, "c": 0.9, "s": 301316, "e": 301880, "w": "的", "sp": "Customer"}, {"p": 510, "c": 0.9, "s": 302070, "e": 302303, "w": "嗯", "sp": "Agent"}, {"p": 511, "c": 0.9, "s": 302303, "e": 302537, "w": "好", "sp": "Agent"}, {"p": 512, "c": 0.9, "s": 302537, "e": 302770, "w": "的", "sp": "Agent"}, {"p": 513, "c": 0.9, "s": 302770, "e": 303004, "w": "您", "sp": "Agent"}, {"p": 514, "c": 0.9, "s": 303004, "e": 303238, "w": "在", "sp": "Agent"}, {"p": 515, "c": 0.9, "s": 303238, "e": 303939, "w": "室外机", "sp": "Agent"}, {"p": 516, "c": 0.9, "s": 303939, "e": 304172, "w": "有", "sp": "Agent"}, {"p": 517, "c": 0.9, "s": 304172, "e": 304406, "w": "放", "sp": "Agent"}, {"p": 518, "c": 0.9, "s": 304406, "e": 304640, "w": "外", "sp": "Agent"}, {"p": 519, "c": 0.9, "s": 304640, "e": 304873, "w": "机", "sp": "Agent"}, {"p": 520, "c": 0.9, "s": 304873, "e": 305107, "w": "的", "sp": "Agent"}, {"p": 521, "c": 0.9, "s": 305107, "e": 305574, "w": "平台", "sp": "Agent"}, {"p": 522, "c": 0.9, "s": 305574, "e": 305808, "w": "吗", "sp": "Agent"}, {"p": 523, "c": 0.9, "s": 305808, "e": 306275, "w": "还是", "sp": "Agent"}, {"p": 524, "c": 0.9, "s": 306275, "e": 306509, "w": "在", "sp": "Agent"}, {"p": 525, "c": 0.9, "s": 306509, "e": 306976, "w": "床上", "sp": "Agent"}, {"p": 526, "c": 0.9, "s": 306976, "e": 307210, "w": "面", "sp": "Agent"}, {"p": 527, "c": 0.9, "s": 310750, "e": 311720, "w": "呃", "sp": "Customer"}, {"p": 528, "c": 0.9, "s": 311720, "e": 313660, "w": "外企", "sp": "Customer"}, {"p": 529, "c": 0.9, "s": 313240, "e": 314300, "w": "嗯", "sp": "Agent"}, {"p": 530, "c": 0.9, "s": 314010, "e": 314290, "w": "看", "sp": "Customer"}, {"p": 531, "c": 0.9, "s": 314290, "e": 314850, "w": "一下", "sp": "Customer"}, {"p": 532, "c": 0.9, "s": 315130, "e": 315386, "w": "我", "sp": "Customer"}, {"p": 533, "c": 0.9, "s": 315386, "e": 315642, "w": "的", "sp": "Customer"}, {"p": 534, "c": 0.9, "s": 315643, "e": 316157, "w": "爸爸", "sp": "Customer"}, {"p": 535, "c": 0.9, "s": 316157, "e": 316671, "w": "今年", "sp": "Customer"}, {"p": 536, "c": 0.9, "s": 316671, "e": 316927, "w": "买", "sp": "Customer"}, {"p": 537, "c": 0.9, "s": 316928, "e": 317442, "w": "房子", "sp": "Customer"}, {"p": 538, "c": 0.9, "s": 317442, "e": 317698, "w": "还", "sp": "Customer"}, {"p": 539, "c": 0.9, "s": 317699, "e": 317956, "w": "出", "sp": "Customer"}, {"p": 540, "c": 0.9, "s": 317956, "e": 318470, "w": "名气", "sp": "Customer"}, {"p": 541, "c": 0.9, "s": 319700, "e": 320440, "w": "全民", "sp": "Customer"}, {"p": 542, "c": 0.9, "s": 320440, "e": 320810, "w": "都", "sp": "Customer"}, {"p": 543, "c": 0.9, "s": 320810, "e": 321180, "w": "在", "sp": "Customer"}, {"p": 544, "c": 0.9, "s": 321180, "e": 321550, "w": "拼", "sp": "Customer"}, {"p": 545, "c": 0.9, "s": 321550, "e": 321919, "w": "多", "sp": "Customer"}, {"p": 546, "c": 0.9, "s": 322490, "e": 322940, "w": "他", "sp": "Customer"}, {"p": 547, "c": 0.9, "s": 322941, "e": 323392, "w": "有", "sp": "Customer"}, {"p": 548, "c": 0.9, "s": 323392, "e": 324294, "w": "一个", "sp": "Customer"}, {"p": 549, "c": 0.9, "s": 324294, "e": 324745, "w": "嗯", "sp": "Customer"}, {"p": 550, "c": 0.9, "s": 324745, "e": 325195, "w": "大", "sp": "Customer"}, {"p": 551, "c": 0.9, "s": 325196, "e": 325647, "w": "的", "sp": "Customer"}, {"p": 552, "c": 0.9, "s": 325647, "e": 326550, "w": "地方", "sp": "Customer"}, {"p": 553, "c": 0.9, "s": 327510, "e": 328058, "w": "不是", "sp": "Customer"}, {"p": 554, "c": 0.9, "s": 327600, "e": 327865, "w": "好", "sp": "Agent"}, {"p": 555, "c": 0.9, "s": 327865, "e": 328130, "w": "的", "sp": "Agent"}, {"p": 556, "c": 0.9, "s": 328058, "e": 328607, "w": "不是", "sp": "Customer"}, {"p": 557, "c": 0.9, "s": 328131, "e": 328663, "w": "由于", "sp": "Agent"}, {"p": 558, "c": 0.9, "s": 328607, "e": 329156, "w": "外挂", "sp": "Customer"}, {"p": 559, "c": 0.9, "s": 328663, "e": 329195, "w": "疫情", "sp": "Agent"}, {"p": 560, "c": 0.9, "s": 329156, "e": 329431, "w": "在", "sp": "Customer"}, {"p": 561, "c": 0.9, "s": 329195, "e": 329461, "w": "好", "sp": "Agent"}, {"p": 562, "c": 0.9, "s": 329431, "e": 329980, "w": "墙上", "sp": "Customer"}, {"p": 563, "c": 0.9, "s": 329461, "e": 329727, "w": "的", "sp": "Agent"}, {"p": 564, "c": 0.9, "s": 329727, "e": 330259, "w": "疫情", "sp": "Agent"}, {"p": 565, "c": 0.9, "s": 330259, "e": 330791, "w": "防控", "sp": "Agent"}, {"p": 566, "c": 0.9, "s": 330791, "e": 331056, "w": "的", "sp": "Agent"}, {"p": 567, "c": 0.9, "s": 330950, "e": 332090, "w": "嗯", "sp": "Customer"}, {"p": 568, "c": 0.9, "s": 331057, "e": 331588, "w": "原因", "sp": "Agent"}, {"p": 569, "c": 0.9, "s": 331588, "e": 332120, "w": "现在", "sp": "Agent"}, {"p": 570, "c": 0.9, "s": 332120, "e": 332652, "w": "小区", "sp": "Agent"}, {"p": 571, "c": 0.9, "s": 332652, "e": 333184, "w": "可以", "sp": "Agent"}, {"p": 572, "c": 0.9, "s": 333184, "e": 333449, "w": "让", "sp": "Agent"}, {"p": 573, "c": 0.9, "s": 333450, "e": 333982, "w": "师傅", "sp": "Agent"}, {"p": 574, "c": 0.9, "s": 333982, "e": 334514, "w": "进去", "sp": "Agent"}, {"p": 575, "c": 0.9, "s": 334514, "e": 334780, "w": "吗", "sp": "Agent"}, {"p": 576, "c": 0.9, "s": 335720, "e": 336184, "w": "可以", "sp": "Customer"}, {"p": 577, "c": 0.9, "s": 336184, "e": 336416, "w": "呀", "sp": "Customer"}, {"p": 578, "c": 0.9, "s": 336416, "e": 336647, "w": "我", "sp": "Customer"}, {"p": 579, "c": 0.9, "s": 336648, "e": 336881, "w": "是", "sp": "Customer"}, {"p": 580, "c": 0.9, "s": 336881, "e": 337345, "w": "小区", "sp": "Customer"}, {"p": 581, "c": 0.9, "s": 337030, "e": 337218, "w": "可", "sp": "Agent"}, {"p": 582, "c": 0.9, "s": 337218, "e": 337595, "w": "以是", "sp": "Agent"}, {"p": 583, "c": 0.9, "s": 337345, "e": 337810, "w": "可以", "sp": "Customer"}, {"p": 584, "c": 0.9, "s": 337595, "e": 337784, "w": "吗", "sp": "Agent"}, {"p": 585, "c": 0.9, "s": 337784, "e": 337972, "w": "好", "sp": "Agent"}, {"p": 586, "c": 0.9, "s": 337972, "e": 338160, "w": "的", "sp": "Agent"}, {"p": 587, "c": 0.9, "s": 338161, "e": 338350, "w": "那", "sp": "Agent"}, {"p": 588, "c": 0.9, "s": 338350, "e": 338727, "w": "这边", "sp": "Agent"}, {"p": 589, "c": 0.9, "s": 338727, "e": 339104, "w": "稍后", "sp": "Agent"}, {"p": 590, "c": 0.9, "s": 338940, "e": 339950, "w": "喂", "sp": "Customer"}, {"p": 591, "c": 0.9, "s": 339104, "e": 339292, "w": "也", "sp": "Agent"}, {"p": 592, "c": 0.9, "s": 339292, "e": 339669, "w": "开通", "sp": "Agent"}, {"p": 593, "c": 0.9, "s": 339670, "e": 339858, "w": "微", "sp": "Agent"}, {"p": 594, "c": 0.9, "s": 339858, "e": 340047, "w": "信", "sp": "Agent"}, {"p": 595, "c": 0.9, "s": 340047, "e": 340424, "w": "公众", "sp": "Agent"}, {"p": 596, "c": 0.9, "s": 340424, "e": 340612, "w": "号", "sp": "Agent"}, {"p": 597, "c": 0.9, "s": 340612, "e": 341178, "w": "欢迎您", "sp": "Agent"}, {"p": 598, "c": 0.9, "s": 341178, "e": 341555, "w": "关注", "sp": "Agent"}, {"p": 599, "c": 0.9, "s": 341555, "e": 341932, "w": "麻烦", "sp": "Agent"}, {"p": 600, "c": 0.9, "s": 341932, "e": 342310, "w": "稍后", "sp": "Agent"}, {"p": 601, "c": 0.9, "s": 342310, "e": 342498, "w": "对", "sp": "Agent"}, {"p": 602, "c": 0.9, "s": 342498, "e": 342875, "w": "本次", "sp": "Agent"}, {"p": 603, "c": 0.9, "s": 342875, "e": 343252, "w": "通话", "sp": "Agent"}, {"p": 604, "c": 0.9, "s": 343252, "e": 343630, "w": "进行", "sp": "Agent"}, {"p": 605, "c": 0.9, "s": 343630, "e": 344007, "w": "一个", "sp": "Agent"}, {"p": 606, "c": 0.9, "s": 344007, "e": 344384, "w": "评价", "sp": "Agent"}, {"p": 607, "c": 0.9, "s": 344384, "e": 344761, "w": "可以", "sp": "Agent"}, {"p": 608, "c": 0.9, "s": 344761, "e": 344949, "w": "吗", "sp": "Agent"}, {"p": 609, "c": 0.9, "s": 345700, "e": 346170, "w": "好", "sp": "Customer"}, {"p": 610, "c": 0.9, "s": 346170, "e": 346640, "w": "的", "sp": "Customer"}, {"p": 611, "c": 0.9, "s": 346850, "e": 347064, "w": "嗯", "sp": "Agent"}, {"p": 612, "c": 0.9, "s": 347064, "e": 347278, "w": "好", "sp": "Agent"}, {"p": 613, "c": 0.9, "s": 347278, "e": 347493, "w": "的", "sp": "Agent"}, {"p": 614, "c": 0.9, "s": 347493, "e": 348350, "w": "非常感谢", "sp": "Agent"}, {"p": 615, "c": 0.9, "s": 348350, "e": 348565, "w": "您", "sp": "Agent"}, {"p": 616, "c": 0.9, "s": 348565, "e": 348993, "w": "祝您", "sp": "Agent"}, {"p": 617, "c": 0.9, "s": 348993, "e": 349422, "w": "生活", "sp": "Agent"}, {"p": 618, "c": 0.9, "s": 349422, "e": 349850, "w": "愉快", "sp": "Agent"}, {"p": 619, "c": 0.9, "s": 349851, "e": 350280, "w": "再见", "sp": "Agent"}, {"p": 620, "c": 0.9, "s": 350800, "e": 351193, "w": "嗯", "sp": "Customer"}, {"p": 621, "c": 0.9, "s": 351193, "e": 351979, "w": "再见", "sp": "Customer"}, {"p": 622, "c": 0.9, "s": 351990, "e": 352323, "w": "请", "sp": "Agent"}, {"p": 623, "c": 0.9, "s": 352323, "e": 352656, "w": "对", "sp": "Agent"}, {"p": 624, "c": 0.9, "s": 352656, "e": 353322, "w": "本次", "sp": "Agent"}, {"p": 625, "c": 0.9, "s": 353322, "e": 353987, "w": "服务", "sp": "Agent"}, {"p": 626, "c": 0.9, "s": 353988, "e": 354321, "w": "做", "sp": "Agent"}, {"p": 627, "c": 0.9, "s": 354321, "e": 354987, "w": "评价", "sp": "Agent"}, {"p": 628, "c": 0.9, "s": 354987, "e": 355654, "w": "非常", "sp": "Agent"}, {"p": 629, "c": 0.9, "s": 355654, "e": 356319, "w": "满意", "sp": "Agent"}, {"p": 630, "c": 0.9, "s": 356320, "e": 356653, "w": "请", "sp": "Agent"}, {"p": 631, "c": 0.9, "s": 356653, "e": 356986, "w": "按", "sp": "Agent"}, {"p": 632, "c": 0.9, "s": 356986, "e": 357319, "w": "一", "sp": "Agent"}, {"p": 633, "c": 0.9, "s": 357319, "e": 357985, "w": "满意", "sp": "Agent"}, {"p": 634, "c": 0.9, "s": 357985, "e": 358318, "w": "请", "sp": "Agent"}, {"p": 635, "c": 0.9, "s": 358318, "e": 358652, "w": "按", "sp": "Agent"}, {"p": 636, "c": 0.9, "s": 358652, "e": 358985, "w": "二", "sp": "Agent"}, {"p": 637, "c": 0.9, "s": 358985, "e": 359650, "w": "一般", "sp": "Agent"}, {"p": 638, "c": 0.9, "s": 359651, "e": 359984, "w": "请", "sp": "Agent"}, {"p": 639, "c": 0.9, "s": 359984, "e": 360317, "w": "按", "sp": "Agent"}, {"p": 640, "c": 0.9, "s": 360317, "e": 360650, "w": "三", "sp": "Agent"}, {"p": 641, "c": 0.9, "s": 360650, "e": 360983, "w": "不", "sp": "Agent"}, {"p": 642, "c": 0.9, "s": 360983, "e": 361650, "w": "满意", "sp": "Agent"}, {"p": 643, "c": 0.9, "s": 363690, "e": 364672, "w": "感谢您", "sp": "Agent"}, {"p": 644, "c": 0.9, "s": 364672, "e": 365000, "w": "的", "sp": "Agent"}, {"p": 645, "c": 0.9, "s": 365000, "e": 365655, "w": "来电", "sp": "Agent"}, {"p": 646, "c": 0.9, "s": 365655, "e": 366310, "w": "再见", "sp": "Agent"}]}, "plainText": "六零 二 一号 为您服务 下午 好 大 金生 很 高兴 为您服务 请问 有 什么 可以 帮 您\n我 这里 有 一部 很 旧 的 大连 空调 需要 报修\n嗯 好 的 您 是 帮 用户 代 报 的 还是 自己 家 的 空调\n自己 家里 空调\n好 的 请问 您 贵姓 怎么 称呼 您\n姓 彭 彭德怀 那个 彭\n好 的 黄 先生 困难 现在 是 出现 什么 问题 了\n嗯 他 开 了 一段 时间 大概 一 两个 小时 之后\n嗯\n吧 他 那个\n好\n电源 灯\n嗯\n呢 也 会 闪烁 然后 之前\n嗯\n给 你们 同事 打过 电话 你们 同事 说 是 外挂 那个 外面 的 不急 跟 里面 的 不急 他 那个 线路 接触 不了 还是 怎么样 让 我 断 电源 断 半个\n嗯\n小时 后 重新 重新 开启 嘛 试 过\n嗯\n这个 方法 但 就是 它 大概 一 两个 小时 之后 它 又 会 出现 那个 问题 开始 闪烁 然后 呢 就 不 工作\n就是 正常 生活 工作 好 的 那 您 这边 车子 上门 看 一下 联系 您 请问 师傅 联系 您 的 手机号 是 多少 啊\n联系 的 手机号码 没错\n嗯\n给 我 啊\n联系人 手机号 您 的 手机号 是 多少\n幺 三九\n幺 三九 幺 三九 多少\n二 四九\n幺 四九\n二十九\n二 四九 好 的\n二 三七 幺 二\n二三 七 幺 二 好 的 再 跟 您 核对 一下 幺 三九 二四 九二 三七 幺 二\n对\n对 吗 好 的 请问 上门\n对\n地址 在 哪个 省 哪个 市\n在 广东省 中山市\n广东省 中山市\n港 口镇\n稍 等 一下 啊 航空 路 的 好 的 详细 地址\n世纪 东路 多少 号 忘记 在 这个 保利 国际 广场\n保利 国际 广场 举报\n宜 邦 花园\n怡 是 哪个 怡\n怡 是 那个 竖 心 旁 一个 台 阶 的 仪\n好 的 芳\n怡\n呢\n人\n芳草\n的 怡\n的 芳 吗\n正方形 的 方\n好 的 余 芳\n花园\n花园\n四 期 你 看 下 能 不能\n四七\n查 到\n日期 然后 呢\n五十九 栋\n五十九 栋\n三 幺 零三 号\n三 幺 零三 号 好 的 再 跟 您 核对 一下 在 广东省 中山市 港 口镇 保利 国际 广场 余 芳 花园 四 期 五十九 栋 三 幺 零三 号 对\n对\n吗 嗯 好 的 稍 等 一下 约 到 最快 是 可以 约 到 明天 的 明天 用户 您 有 时间 吗\n明天 什么 时间\n嗯 具体 时间 是 不会 打电话 再 约 的\n可以 啊 让 他 过来\n嗯 好\n吧\n的 您 是 中央 空调 还是 挂机 贵 机\n挂机\n啊 行 好 的 是 什么 时候 购买 的 还 记得 吗\n嗯 不 记得 了\n嗯 不 记得 有没有 超过 三年 保修期\n那 肯定 已经 超过 了\n好 的 如果 过 保 是不是 上门 会 收费 的 您 跟 师傅 确认 一下 费用 嗯 请问 是\n上班\n外 机 有 放 外\n的话\n机 的 平台 吗 还是 嗯\n呃 上门 是 怎么 收费\n嗯 是 不会 提前 联系 报价 的 您 认可 的话 是 不在 上门 的\n哦 好 的\n嗯 好 的 您 在 室外机 有 放 外 机 的 平台 吗 还是 在 床上 面\n呃 外企\n嗯\n看 一下 我 的 爸爸 今年 买 房子 还 出 名气 全民 都 在 拼 多 他 有 一个 嗯 大 的 地方 不是\n好 的\n不是\n由于\n外挂\n疫情\n在\n好\n墙上\n的 疫情 防控 的\n嗯\n原因 现在 小区 可以 让 师傅 进去 吗\n可以 呀 我 是 小区\n可 以是\n可以\n吗 好 的 那 这边 稍后\n喂\n也 开通 微 信 公众 号 欢迎您 关注 麻烦 稍后 对 本次 通话 进行 一个 评价 可以 吗\n好 的\n嗯 好 的 非常感谢 您 祝您 生活 愉快 再见\n嗯 再见\n请 对 本次 服务 做 评价 非常 满意 请 按 一 满意 请 按 二 一般 请 按 三 不 满意 感谢您 的 来电 再见", "plainTextTime": {"verbatims": [{"s": 49950, "e": 60510, "w": "六零 二 一号 为您服务 下午 好 大 金生 很 高兴 为您服务 请问 有 什么 可以 帮 您", "sp": "Agent"}, {"s": 61320, "e": 65420, "w": "我 这里 有 一部 很 旧 的 大连 空调 需要 报修", "sp": "Customer"}, {"s": 65650, "e": 69810, "w": "嗯 好 的 您 是 帮 用户 代 报 的 还是 自己 家 的 空调", "sp": "Agent"}, {"s": 70390, "e": 71880, "w": "自己 家里 空调", "sp": "Customer"}, {"s": 72130, "e": 75300, "w": "好 的 请问 您 贵姓 怎么 称呼 您", "sp": "Agent"}, {"s": 76170, "e": 78610, "w": "姓 彭 彭德怀 那个 彭", "sp": "Customer"}, {"s": 78890, "e": 83430, "w": "好 的 黄 先生 困难 现在 是 出现 什么 问题 了", "sp": "Agent"}, {"s": 83830, "e": 87369, "w": "嗯 他 开 了 一段 时间 大概 一 两个 小时 之后", "sp": "Customer"}, {"s": 87240, "e": 87973, "w": "嗯", "sp": "Agent"}, {"s": 87369, "e": 88202, "w": "吧 他 那个", "sp": "Customer"}, {"s": 87973, "e": 88706, "w": "好", "sp": "Agent"}, {"s": 88202, "e": 88826, "w": "电源 灯", "sp": "Customer"}, {"s": 88706, "e": 89440, "w": "嗯", "sp": "Agent"}, {"s": 88827, "e": 90700, "w": "呢 也 会 闪烁 然后 之前", "sp": "Customer"}, {"s": 90670, "e": 91680, "w": "嗯", "sp": "Agent"}, {"s": 90700, "e": 101527, "w": "给 你们 同事 打过 电话 你们 同事 说 是 外挂 那个 外面 的 不急 跟 里面 的 不急 他 那个 线路 接触 不了 还是 怎么样 让 我 断 电源 断 半个", "sp": "Customer"}, {"s": 101370, "e": 102550, "w": "嗯", "sp": "Agent"}, {"s": 101527, "e": 104026, "w": "小时 后 重新 重新 开启 嘛 试 过", "sp": "Customer"}, {"s": 103980, "e": 105040, "w": "嗯", "sp": "Agent"}, {"s": 104026, "e": 111730, "w": "这个 方法 但 就是 它 大概 一 两个 小时 之后 它 又 会 出现 那个 问题 开始 闪烁 然后 呢 就 不 工作", "sp": "Customer"}, {"s": 112410, "e": 119910, "w": "就是 正常 生活 工作 好 的 那 您 这边 车子 上门 看 一下 联系 您 请问 师傅 联系 您 的 手机号 是 多少 啊", "sp": "Agent"}, {"s": 122000, "e": 124385, "w": "联系 的 手机号码 没错", "sp": "Customer"}, {"s": 124000, "e": 125060, "w": "嗯", "sp": "Agent"}, {"s": 124385, "e": 125180, "w": "给 我 啊", "sp": "Customer"}, {"s": 126590, "e": 130049, "w": "联系人 手机号 您 的 手机号 是 多少", "sp": "Agent"}, {"s": 132340, "e": 133580, "w": "幺 三九", "sp": "Customer"}, {"s": 133820, "e": 139010, "w": "幺 三九 幺 三九 多少", "sp": "Agent"}, {"s": 139910, "e": 141180, "w": "二 四九", "sp": "Customer"}, {"s": 141320, "e": 142859, "w": "幺 四九", "sp": "Agent"}, {"s": 143310, "e": 144530, "w": "二十九", "sp": "Customer"}, {"s": 145880, "e": 147640, "w": "二 四九 好 的", "sp": "Agent"}, {"s": 149450, "e": 151459, "w": "二 三七 幺 二", "sp": "Customer"}, {"s": 151690, "e": 158310, "w": "二三 七 幺 二 好 的 再 跟 您 核对 一下 幺 三九 二四 九二 三七 幺 二", "sp": "Agent"}, {"s": 159260, "e": 160400, "w": "对", "sp": "Customer"}, {"s": 159560, "e": 161366, "w": "对 吗 好 的 请问 上门", "sp": "Agent"}, {"s": 161320, "e": 162340, "w": "对", "sp": "Customer"}, {"s": 161367, "e": 163400, "w": "地址 在 哪个 省 哪个 市", "sp": "Agent"}, {"s": 164950, "e": 168610, "w": "在 广东省 中山市", "sp": "Customer"}, {"s": 167110, "e": 170590, "w": "广东省 中山市", "sp": "Agent"}, {"s": 171720, "e": 173190, "w": "港 口镇", "sp": "Customer"}, {"s": 175160, "e": 180290, "w": "稍 等 一下 啊 航空 路 的 好 的 详细 地址", "sp": "Agent"}, {"s": 182860, "e": 189070, "w": "世纪 东路 多少 号 忘记 在 这个 保利 国际 广场", "sp": "Customer"}, {"s": 189930, "e": 196090, "w": "保利 国际 广场 举报", "sp": "Agent"}, {"s": 195160, "e": 197160, "w": "宜 邦 花园", "sp": "Customer"}, {"s": 197640, "e": 199530, "w": "怡 是 哪个 怡", "sp": "Agent"}, {"s": 200630, "e": 203440, "w": "怡 是 那个 竖 心 旁 一个 台 阶 的 仪", "sp": "Customer"}, {"s": 203590, "e": 204540, "w": "好 的 芳", "sp": "Agent"}, {"s": 204370, "e": 204709, "w": "怡", "sp": "Customer"}, {"s": 204540, "e": 204855, "w": "呢", "sp": "Agent"}, {"s": 204710, "e": 205050, "w": "人", "sp": "Customer"}, {"s": 204856, "e": 205490, "w": "芳草", "sp": "Agent"}, {"s": 205050, "e": 205730, "w": "的 怡", "sp": "Customer"}, {"s": 205490, "e": 206440, "w": "的 芳 吗", "sp": "Agent"}, {"s": 207100, "e": 208620, "w": "正方形 的 方", "sp": "Customer"}, {"s": 209070, "e": 210840, "w": "好 的 余 芳", "sp": "Agent"}, {"s": 211630, "e": 213070, "w": "花园", "sp": "Customer"}, {"s": 213240, "e": 214600, "w": "花园", "sp": "Agent"}, {"s": 216440, "e": 218368, "w": "四 期 你 看 下 能 不能", "sp": "Customer"}, {"s": 218090, "e": 219700, "w": "四七", "sp": "Agent"}, {"s": 218368, "e": 218849, "w": "查 到", "sp": "Customer"}, {"s": 222470, "e": 224140, "w": "日期 然后 呢", "sp": "Agent"}, {"s": 225080, "e": 226770, "w": "五十九 栋", "sp": "Customer"}, {"s": 227270, "e": 228629, "w": "五十九 栋", "sp": "Agent"}, {"s": 229530, "e": 231550, "w": "三 幺 零三 号", "sp": "Customer"}, {"s": 231760, "e": 246415, "w": "三 幺 零三 号 好 的 再 跟 您 核对 一下 在 广东省 中山市 港 口镇 保利 国际 广场 余 芳 花园 四 期 五十九 栋 三 幺 零三 号 对", "sp": "Agent"}, {"s": 246370, "e": 247390, "w": "对", "sp": "Customer"}, {"s": 246415, "e": 255260, "w": "吗 嗯 好 的 稍 等 一下 约 到 最快 是 可以 约 到 明天 的 明天 用户 您 有 时间 吗", "sp": "Agent"}, {"s": 256350, "e": 258389, "w": "明天 什么 时间", "sp": "Customer"}, {"s": 257799, "e": 261620, "w": "嗯 具体 时间 是 不会 打电话 再 约 的", "sp": "Agent"}, {"s": 262180, "e": 263781, "w": "可以 啊 让 他 过来", "sp": "Customer"}, {"s": 263330, "e": 263844, "w": "嗯 好", "sp": "Agent"}, {"s": 263781, "e": 264010, "w": "吧", "sp": "Customer"}, {"s": 263844, "e": 267190, "w": "的 您 是 中央 空调 还是 挂机 贵 机", "sp": "Agent"}, {"s": 268350, "e": 269500, "w": "挂机", "sp": "Customer"}, {"s": 269750, "e": 272730, "w": "啊 行 好 的 是 什么 时候 购买 的 还 记得 吗", "sp": "Agent"}, {"s": 274220, "e": 275710, "w": "嗯 不 记得 了", "sp": "Customer"}, {"s": 275870, "e": 280150, "w": "嗯 不 记得 有没有 超过 三年 保修期", "sp": "Agent"}, {"s": 281070, "e": 282910, "w": "那 肯定 已经 超过 了", "sp": "Customer"}, {"s": 282920, "e": 288761, "w": "好 的 如果 过 保 是不是 上门 会 收费 的 您 跟 师傅 确认 一下 费用 嗯 请问 是", "sp": "Agent"}, {"s": 288720, "e": 289695, "w": "上班", "sp": "Customer"}, {"s": 288761, "e": 289767, "w": "外 机 有 放 外", "sp": "Agent"}, {"s": 289695, "e": 290670, "w": "的话", "sp": "Customer"}, {"s": 289768, "e": 291380, "w": "机 的 平台 吗 还是 嗯", "sp": "Agent"}, {"s": 291640, "e": 294060, "w": "呃 上门 是 怎么 收费", "sp": "Customer"}, {"s": 293750, "e": 298950, "w": "嗯 是 不会 提前 联系 报价 的 您 认可 的话 是 不在 上门 的", "sp": "Agent"}, {"s": 300190, "e": 301880, "w": "哦 好 的", "sp": "Customer"}, {"s": 302070, "e": 307210, "w": "嗯 好 的 您 在 室外机 有 放 外 机 的 平台 吗 还是 在 床上 面", "sp": "Agent"}, {"s": 310750, "e": 313660, "w": "呃 外企", "sp": "Customer"}, {"s": 313240, "e": 314300, "w": "嗯", "sp": "Agent"}, {"s": 314010, "e": 328058, "w": "看 一下 我 的 爸爸 今年 买 房子 还 出 名气 全民 都 在 拼 多 他 有 一个 嗯 大 的 地方 不是", "sp": "Customer"}, {"s": 327600, "e": 328130, "w": "好 的", "sp": "Agent"}, {"s": 328058, "e": 328607, "w": "不是", "sp": "Customer"}, {"s": 328131, "e": 328663, "w": "由于", "sp": "Agent"}, {"s": 328607, "e": 329156, "w": "外挂", "sp": "Customer"}, {"s": 328663, "e": 329195, "w": "疫情", "sp": "Agent"}, {"s": 329156, "e": 329431, "w": "在", "sp": "Customer"}, {"s": 329195, "e": 329461, "w": "好", "sp": "Agent"}, {"s": 329431, "e": 329980, "w": "墙上", "sp": "Customer"}, {"s": 329461, "e": 331056, "w": "的 疫情 防控 的", "sp": "Agent"}, {"s": 330950, "e": 332090, "w": "嗯", "sp": "Customer"}, {"s": 331057, "e": 334780, "w": "原因 现在 小区 可以 让 师傅 进去 吗", "sp": "Agent"}, {"s": 335720, "e": 337345, "w": "可以 呀 我 是 小区", "sp": "Customer"}, {"s": 337030, "e": 337595, "w": "可 以是", "sp": "Agent"}, {"s": 337345, "e": 337810, "w": "可以", "sp": "Customer"}, {"s": 337595, "e": 339104, "w": "吗 好 的 那 这边 稍后", "sp": "Agent"}, {"s": 338940, "e": 339950, "w": "喂", "sp": "Customer"}, {"s": 339104, "e": 344949, "w": "也 开通 微 信 公众 号 欢迎您 关注 麻烦 稍后 对 本次 通话 进行 一个 评价 可以 吗", "sp": "Agent"}, {"s": 345700, "e": 346640, "w": "好 的", "sp": "Customer"}, {"s": 346850, "e": 350280, "w": "嗯 好 的 非常感谢 您 祝您 生活 愉快 再见", "sp": "Agent"}, {"s": 350800, "e": 351979, "w": "嗯 再见", "sp": "Customer"}, {"s": 351990, "e": 366310, "w": "请 对 本次 服务 做 评价 非常 满意 请 按 一 满意 请 按 二 一般 请 按 三 不 满意 感谢您 的 来电 再见", "sp": "Agent"}]}, "aqm": {"greeting": {"greeting_said": "为您服务, 高兴, 请问", "n_greeting_said": 3, "score": 1}, "closing": {"closing_said": "再见", "n_closing_said": 1, "score": 0}, "speed": {"speed_max": 5.37, "n_words": 16, "words": "啊 行 好 的 是 什么 时候 购买 的 还 记得 吗", "start": 269750, "end": 272730}}}