{"mediaId": "2022031314304238478300100000531702", "status": "Success", "dateCreated": "2022-03-21T18:45:50Z", "contentType": "audio/x-wav", "channels": "future use", "length": 163, "metadata": {"Sid": 10036, "Site_id": 783, "Audio_ch_num": 5317, "Audio_module_num": 783001, "Audio_start_time_gmt": "2022-03-13T06:27:59.553+08:00", "Transaction_id": "2022031314304238478300100000531702", "ContactID": "9204480074420000012", "Personal_id": "0", "Direction": 0, "Local_audio_start_time": "2022-03-13T14:27:59.553+08:00", "Local_audio_end_time": "2022-03-13T14:30:42.553+08:00", "Total_hold_time": "0", "Pbx_login_id": "", "Ani": "90102155368221", "Extension": "155368221", "String_extension": "90102155368221", "Switch_call_id": "SIP/AUDIO/083E1600-C577-4EF2-EECD-E10B14B395D5", "Switch_id": "783000001", "Duration_seconds": 163, "Wrapup_time_in_seconds": "0", "Dnis": "13585758759", "Number_of_conferences": "0", "Number_of_holds": "0", "Number_of_transfers": "0", "Percent_of_agent_call": "83", "Percent_of_other_call": "30", "Percent_of_mutual_silence": "45", "Num_of_agent_cross": "2", "Num_of_other_cross": "8", "IsException": 0}, "transcript_detailed": {"words": [{"p": 1, "c": 0.9, "s": 4170, "e": 6163, "w": "六零", "sp": "Agent"}, {"p": 2, "c": 0.9, "s": 6163, "e": 7160, "w": "二", "sp": "Agent"}, {"p": 3, "c": 0.9, "s": 7830, "e": 8202, "w": "号", "sp": "Agent"}, {"p": 4, "c": 0.9, "s": 8202, "e": 9690, "w": "为您服务", "sp": "Agent"}, {"p": 5, "c": 0.9, "s": 11000, "e": 11347, "w": "下午", "sp": "Agent"}, {"p": 6, "c": 0.9, "s": 11347, "e": 11521, "w": "好", "sp": "Agent"}, {"p": 7, "c": 0.9, "s": 11521, "e": 11868, "w": "在线", "sp": "Agent"}, {"p": 8, "c": 0.9, "s": 11869, "e": 12217, "w": "售后", "sp": "Agent"}, {"p": 9, "c": 0.9, "s": 12217, "e": 12391, "w": "很", "sp": "Agent"}, {"p": 10, "c": 0.9, "s": 12391, "e": 12738, "w": "高兴", "sp": "Agent"}, {"p": 11, "c": 0.9, "s": 12739, "e": 13434, "w": "为您服务", "sp": "Agent"}, {"p": 12, "c": 0.9, "s": 13434, "e": 13782, "w": "请问", "sp": "Agent"}, {"p": 13, "c": 0.9, "s": 13782, "e": 13955, "w": "有", "sp": "Agent"}, {"p": 14, "c": 0.9, "s": 13956, "e": 14304, "w": "什么", "sp": "Agent"}, {"p": 15, "c": 0.9, "s": 14304, "e": 14651, "w": "可以", "sp": "Agent"}, {"p": 16, "c": 0.9, "s": 14652, "e": 14826, "w": "帮", "sp": "Agent"}, {"p": 17, "c": 0.9, "s": 14820, "e": 15049, "w": "哎", "sp": "Customer"}, {"p": 18, "c": 0.9, "s": 14826, "e": 15000, "w": "您", "sp": "Agent"}, {"p": 19, "c": 0.9, "s": 15050, "e": 15511, "w": "你好", "sp": "Customer"}, {"p": 20, "c": 0.9, "s": 15511, "e": 15742, "w": "我", "sp": "Customer"}, {"p": 21, "c": 0.9, "s": 15742, "e": 16202, "w": "想要", "sp": "Customer"}, {"p": 22, "c": 0.9, "s": 15990, "e": 17080, "w": "嗯", "sp": "Agent"}, {"p": 23, "c": 0.9, "s": 16202, "e": 16432, "w": "问", "sp": "Customer"}, {"p": 24, "c": 0.9, "s": 16433, "e": 16894, "w": "一下", "sp": "Customer"}, {"p": 25, "c": 0.9, "s": 16894, "e": 17585, "w": "就是说", "sp": "Customer"}, {"p": 26, "c": 0.9, "s": 17586, "e": 18047, "w": "我家", "sp": "Customer"}, {"p": 27, "c": 0.9, "s": 18047, "e": 18508, "w": "之前", "sp": "Customer"}, {"p": 28, "c": 0.9, "s": 18508, "e": 18969, "w": "这个", "sp": "Customer"}, {"p": 29, "c": 0.9, "s": 18969, "e": 19430, "w": "大厅", "sp": "Customer"}, {"p": 30, "c": 0.9, "s": 19430, "e": 19891, "w": "风扇", "sp": "Customer"}, {"p": 31, "c": 0.9, "s": 19891, "e": 20122, "w": "买", "sp": "Customer"}, {"p": 32, "c": 0.9, "s": 20122, "e": 20352, "w": "了", "sp": "Customer"}, {"p": 33, "c": 0.9, "s": 20352, "e": 20813, "w": "之后", "sp": "Customer"}, {"p": 34, "c": 0.9, "s": 20813, "e": 21274, "w": "现在", "sp": "Customer"}, {"p": 35, "c": 0.9, "s": 21274, "e": 21735, "w": "因为", "sp": "Customer"}, {"p": 36, "c": 0.9, "s": 21735, "e": 21966, "w": "家", "sp": "Customer"}, {"p": 37, "c": 0.9, "s": 21966, "e": 22427, "w": "里面", "sp": "Customer"}, {"p": 38, "c": 0.9, "s": 22427, "e": 22888, "w": "装修", "sp": "Customer"}, {"p": 39, "c": 0.9, "s": 22888, "e": 23118, "w": "把", "sp": "Customer"}, {"p": 40, "c": 0.9, "s": 23118, "e": 23580, "w": "大厅", "sp": "Customer"}, {"p": 41, "c": 0.9, "s": 23570, "e": 24520, "w": "嗯", "sp": "Agent"}, {"p": 42, "c": 0.9, "s": 23580, "e": 24041, "w": "空调", "sp": "Customer"}, {"p": 43, "c": 0.9, "s": 24041, "e": 24271, "w": "给", "sp": "Customer"}, {"p": 44, "c": 0.9, "s": 24271, "e": 24732, "w": "拆掉", "sp": "Customer"}, {"p": 45, "c": 0.9, "s": 24732, "e": 24963, "w": "了", "sp": "Customer"}, {"p": 46, "c": 0.9, "s": 24963, "e": 25424, "w": "现在", "sp": "Customer"}, {"p": 47, "c": 0.9, "s": 25424, "e": 25885, "w": "需要", "sp": "Customer"}, {"p": 48, "c": 0.9, "s": 25670, "e": 26200, "w": "发", "sp": "Agent"}, {"p": 49, "c": 0.9, "s": 25885, "e": 26346, "w": "重新", "sp": "Customer"}, {"p": 50, "c": 0.9, "s": 26200, "e": 27260, "w": "上去", "sp": "Agent"}, {"p": 51, "c": 0.9, "s": 26346, "e": 26807, "w": "安装", "sp": "Customer"}, {"p": 52, "c": 0.9, "s": 26807, "e": 27036, "w": "能", "sp": "Customer"}, {"p": 53, "c": 0.9, "s": 27037, "e": 27498, "w": "不能", "sp": "Customer"}, {"p": 54, "c": 0.9, "s": 27498, "e": 27729, "w": "再", "sp": "Customer"}, {"p": 55, "c": 0.9, "s": 27540, "e": 27740, "w": "好", "sp": "Agent"}, {"p": 56, "c": 0.9, "s": 27729, "e": 27960, "w": "对", "sp": "Customer"}, {"p": 57, "c": 0.9, "s": 27740, "e": 27940, "w": "的", "sp": "Agent"}, {"p": 58, "c": 0.9, "s": 27940, "e": 28140, "w": "那", "sp": "Agent"}, {"p": 59, "c": 0.9, "s": 28140, "e": 28341, "w": "我", "sp": "Agent"}, {"p": 60, "c": 0.9, "s": 28341, "e": 28541, "w": "帮", "sp": "Agent"}, {"p": 61, "c": 0.9, "s": 28541, "e": 28741, "w": "您", "sp": "Agent"}, {"p": 62, "c": 0.9, "s": 28741, "e": 29141, "w": "登记", "sp": "Agent"}, {"p": 63, "c": 0.9, "s": 29142, "e": 29542, "w": "然后", "sp": "Agent"}, {"p": 64, "c": 0.9, "s": 29542, "e": 29742, "w": "是", "sp": "Agent"}, {"p": 65, "c": 0.9, "s": 29742, "e": 30143, "w": "需要", "sp": "Agent"}, {"p": 66, "c": 0.9, "s": 30143, "e": 30543, "w": "收费", "sp": "Agent"}, {"p": 67, "c": 0.9, "s": 30543, "e": 30744, "w": "的", "sp": "Agent"}, {"p": 68, "c": 0.9, "s": 30744, "e": 31144, "w": "师傅", "sp": "Agent"}, {"p": 69, "c": 0.9, "s": 31144, "e": 31344, "w": "会", "sp": "Agent"}, {"p": 70, "c": 0.9, "s": 31344, "e": 31744, "w": "提前", "sp": "Agent"}, {"p": 71, "c": 0.9, "s": 31745, "e": 32145, "w": "联系", "sp": "Agent"}, {"p": 72, "c": 0.9, "s": 32145, "e": 32346, "w": "您", "sp": "Agent"}, {"p": 73, "c": 0.9, "s": 32346, "e": 32746, "w": "报价", "sp": "Agent"}, {"p": 74, "c": 0.9, "s": 32745, "e": 32946, "w": "您", "sp": "Agent"}, {"p": 75, "c": 0.9, "s": 32946, "e": 33347, "w": "认可", "sp": "Agent"}, {"p": 76, "c": 0.9, "s": 33347, "e": 33747, "w": "的话", "sp": "Agent"}, {"p": 77, "c": 0.9, "s": 33747, "e": 33948, "w": "是", "sp": "Agent"}, {"p": 78, "c": 0.9, "s": 33948, "e": 34148, "w": "不", "sp": "Agent"}, {"p": 79, "c": 0.9, "s": 34148, "e": 34348, "w": "带", "sp": "Agent"}, {"p": 80, "c": 0.9, "s": 34348, "e": 34749, "w": "上门", "sp": "Agent"}, {"p": 81, "c": 0.9, "s": 34749, "e": 34949, "w": "的", "sp": "Agent"}, {"p": 82, "c": 0.9, "s": 34949, "e": 35349, "w": "可以", "sp": "Agent"}, {"p": 83, "c": 0.9, "s": 35349, "e": 35550, "w": "吗", "sp": "Agent"}, {"p": 84, "c": 0.9, "s": 35350, "e": 35580, "w": "对", "sp": "Customer"}, {"p": 85, "c": 0.9, "s": 35581, "e": 35812, "w": "的", "sp": "Customer"}, {"p": 86, "c": 0.9, "s": 35812, "e": 36275, "w": "当然", "sp": "Customer"}, {"p": 87, "c": 0.9, "s": 36275, "e": 36507, "w": "没", "sp": "Customer"}, {"p": 88, "c": 0.9, "s": 36507, "e": 36970, "w": "问题", "sp": "Customer"}, {"p": 89, "c": 0.9, "s": 37390, "e": 37640, "w": "嗯", "sp": "Agent"}, {"p": 90, "c": 0.9, "s": 37640, "e": 37891, "w": "好", "sp": "Agent"}, {"p": 91, "c": 0.9, "s": 37891, "e": 38142, "w": "的", "sp": "Agent"}, {"p": 92, "c": 0.9, "s": 38142, "e": 38392, "w": "您", "sp": "Agent"}, {"p": 93, "c": 0.9, "s": 38393, "e": 38895, "w": "贵姓", "sp": "Agent"}, {"p": 94, "c": 0.9, "s": 38895, "e": 39397, "w": "怎么", "sp": "Agent"}, {"p": 95, "c": 0.9, "s": 39397, "e": 39899, "w": "称呼", "sp": "Agent"}, {"p": 96, "c": 0.9, "s": 39770, "e": 40127, "w": "啊", "sp": "Customer"}, {"p": 97, "c": 0.9, "s": 39899, "e": 40149, "w": "您", "sp": "Agent"}, {"p": 98, "c": 0.9, "s": 40127, "e": 40485, "w": "我", "sp": "Customer"}, {"p": 99, "c": 0.9, "s": 40485, "e": 40842, "w": "姓", "sp": "Customer"}, {"p": 100, "c": 0.9, "s": 40842, "e": 41200, "w": "周", "sp": "Customer"}, {"p": 101, "c": 0.9, "s": 41890, "e": 42242, "w": "稍", "sp": "Agent"}, {"p": 102, "c": 0.9, "s": 42242, "e": 42595, "w": "等", "sp": "Agent"}, {"p": 103, "c": 0.9, "s": 42595, "e": 43300, "w": "一下", "sp": "Agent"}, {"p": 104, "c": 0.9, "s": 44990, "e": 45212, "w": "稍", "sp": "Agent"}, {"p": 105, "c": 0.9, "s": 45212, "e": 45434, "w": "等", "sp": "Agent"}, {"p": 106, "c": 0.9, "s": 45434, "e": 45656, "w": "好", "sp": "Agent"}, {"p": 107, "c": 0.9, "s": 45656, "e": 45878, "w": "的", "sp": "Agent"}, {"p": 108, "c": 0.9, "s": 45878, "e": 46544, "w": "周先生", "sp": "Agent"}, {"p": 109, "c": 0.9, "s": 46544, "e": 46988, "w": "请问", "sp": "Agent"}, {"p": 110, "c": 0.9, "s": 46988, "e": 47433, "w": "联系", "sp": "Agent"}, {"p": 111, "c": 0.9, "s": 47433, "e": 47655, "w": "您", "sp": "Agent"}, {"p": 112, "c": 0.9, "s": 47655, "e": 47877, "w": "的", "sp": "Agent"}, {"p": 113, "c": 0.9, "s": 47877, "e": 48543, "w": "手机号", "sp": "Agent"}, {"p": 114, "c": 0.9, "s": 48543, "e": 48765, "w": "是", "sp": "Agent"}, {"p": 115, "c": 0.9, "s": 48765, "e": 49210, "w": "多少", "sp": "Agent"}, {"p": 116, "c": 0.9, "s": 49100, "e": 49680, "w": "幺", "sp": "Customer"}, {"p": 117, "c": 0.9, "s": 49680, "e": 50840, "w": "三五", "sp": "Customer"}, {"p": 118, "c": 0.9, "s": 50770, "e": 51216, "w": "幺", "sp": "Agent"}, {"p": 119, "c": 0.9, "s": 51216, "e": 52110, "w": "三五", "sp": "Agent"}, {"p": 120, "c": 0.9, "s": 52250, "e": 53235, "w": "八五", "sp": "Customer"}, {"p": 121, "c": 0.9, "s": 53235, "e": 54220, "w": "七五", "sp": "Customer"}, {"p": 122, "c": 0.9, "s": 54400, "e": 55235, "w": "八五", "sp": "Agent"}, {"p": 123, "c": 0.9, "s": 55235, "e": 56070, "w": "七五", "sp": "Agent"}, {"p": 124, "c": 0.9, "s": 56180, "e": 56510, "w": "他", "sp": "Customer"}, {"p": 125, "c": 0.9, "s": 56510, "e": 56840, "w": "去", "sp": "Customer"}, {"p": 126, "c": 0.9, "s": 56840, "e": 57170, "w": "不", "sp": "Customer"}, {"p": 127, "c": 0.9, "s": 57170, "e": 57500, "w": "去", "sp": "Customer"}, {"p": 128, "c": 0.9, "s": 58340, "e": 58786, "w": "嗯", "sp": "Agent"}, {"p": 129, "c": 0.9, "s": 58786, "e": 59680, "w": "多少", "sp": "Agent"}, {"p": 130, "c": 0.9, "s": 60140, "e": 60950, "w": "八七", "sp": "Customer"}, {"p": 131, "c": 0.9, "s": 60950, "e": 61760, "w": "五九", "sp": "Customer"}, {"p": 132, "c": 0.9, "s": 61950, "e": 62443, "w": "八七", "sp": "Agent"}, {"p": 133, "c": 0.9, "s": 62443, "e": 62937, "w": "五九", "sp": "Agent"}, {"p": 134, "c": 0.9, "s": 62937, "e": 63184, "w": "再", "sp": "Agent"}, {"p": 135, "c": 0.9, "s": 63184, "e": 63429, "w": "跟", "sp": "Agent"}, {"p": 136, "c": 0.9, "s": 63430, "e": 63677, "w": "您", "sp": "Agent"}, {"p": 137, "c": 0.9, "s": 63677, "e": 64170, "w": "核对", "sp": "Agent"}, {"p": 138, "c": 0.9, "s": 64170, "e": 64665, "w": "一下", "sp": "Agent"}, {"p": 139, "c": 0.9, "s": 64665, "e": 64911, "w": "幺", "sp": "Agent"}, {"p": 140, "c": 0.9, "s": 64911, "e": 65405, "w": "三五", "sp": "Agent"}, {"p": 141, "c": 0.9, "s": 65405, "e": 65899, "w": "八五", "sp": "Agent"}, {"p": 142, "c": 0.9, "s": 65899, "e": 66392, "w": "七五", "sp": "Agent"}, {"p": 143, "c": 0.9, "s": 66392, "e": 66886, "w": "八七", "sp": "Agent"}, {"p": 144, "c": 0.9, "s": 66886, "e": 67380, "w": "五九", "sp": "Agent"}, {"p": 145, "c": 0.9, "s": 68430, "e": 68720, "w": "行", "sp": "Agent"}, {"p": 146, "c": 0.9, "s": 68720, "e": 69010, "w": "吧", "sp": "Agent"}, {"p": 147, "c": 0.9, "s": 69010, "e": 69300, "w": "好", "sp": "Agent"}, {"p": 148, "c": 0.9, "s": 69300, "e": 69590, "w": "的", "sp": "Agent"}, {"p": 149, "c": 0.9, "s": 69590, "e": 69880, "w": "稍", "sp": "Agent"}, {"p": 150, "c": 0.9, "s": 69880, "e": 70170, "w": "等", "sp": "Agent"}, {"p": 151, "c": 0.9, "s": 71260, "e": 71655, "w": "稍", "sp": "Agent"}, {"p": 152, "c": 0.9, "s": 71655, "e": 72049, "w": "等", "sp": "Agent"}, {"p": 153, "c": 0.9, "s": 72050, "e": 72840, "w": "一下", "sp": "Agent"}, {"p": 154, "c": 0.9, "s": 73150, "e": 73680, "w": "请问", "sp": "Agent"}, {"p": 155, "c": 0.9, "s": 73680, "e": 74211, "w": "上班", "sp": "Agent"}, {"p": 156, "c": 0.9, "s": 74211, "e": 74742, "w": "地址", "sp": "Agent"}, {"p": 157, "c": 0.9, "s": 74742, "e": 75007, "w": "在", "sp": "Agent"}, {"p": 158, "c": 0.9, "s": 75007, "e": 75803, "w": "上海市", "sp": "Agent"}, {"p": 159, "c": 0.9, "s": 75803, "e": 76334, "w": "徐汇", "sp": "Agent"}, {"p": 160, "c": 0.9, "s": 76334, "e": 76600, "w": "区", "sp": "Agent"}, {"p": 161, "c": 0.9, "s": 80010, "e": 80283, "w": "对", "sp": "Agent"}, {"p": 162, "c": 0.9, "s": 80283, "e": 80829, "w": "徐汇", "sp": "Agent"}, {"p": 163, "c": 0.9, "s": 80830, "e": 81104, "w": "区", "sp": "Agent"}, {"p": 164, "c": 0.9, "s": 81104, "e": 81377, "w": "漕", "sp": "Agent"}, {"p": 165, "c": 0.9, "s": 81377, "e": 81651, "w": "溪", "sp": "Agent"}, {"p": 166, "c": 0.9, "s": 81651, "e": 82198, "w": "北路", "sp": "Agent"}, {"p": 167, "c": 0.9, "s": 82198, "e": 83018, "w": "二十八", "sp": "Agent"}, {"p": 168, "c": 0.9, "s": 83018, "e": 83292, "w": "号", "sp": "Agent"}, {"p": 169, "c": 0.9, "s": 83292, "e": 83839, "w": "二楼", "sp": "Agent"}, {"p": 170, "c": 0.9, "s": 83839, "e": 84385, "w": "一座", "sp": "Agent"}, {"p": 171, "c": 0.9, "s": 84386, "e": 84659, "w": "是", "sp": "Agent"}, {"p": 172, "c": 0.9, "s": 84659, "e": 85205, "w": "这里", "sp": "Agent"}, {"p": 173, "c": 0.9, "s": 85206, "e": 85480, "w": "吗", "sp": "Agent"}, {"p": 174, "c": 0.9, "s": 87360, "e": 87660, "w": "是", "sp": "Agent"}, {"p": 175, "c": 0.9, "s": 87660, "e": 88260, "w": "这里", "sp": "Agent"}, {"p": 176, "c": 0.9, "s": 88260, "e": 88560, "w": "吗", "sp": "Agent"}, {"p": 177, "c": 0.9, "s": 88490, "e": 88952, "w": "是", "sp": "Customer"}, {"p": 178, "c": 0.9, "s": 88953, "e": 89416, "w": "是", "sp": "Customer"}, {"p": 179, "c": 0.9, "s": 89416, "e": 89880, "w": "是", "sp": "Customer"}, {"p": 180, "c": 0.9, "s": 89840, "e": 90159, "w": "嗯", "sp": "Agent"}, {"p": 181, "c": 0.9, "s": 90160, "e": 90481, "w": "好", "sp": "Agent"}, {"p": 182, "c": 0.9, "s": 90481, "e": 90802, "w": "的", "sp": "Agent"}, {"p": 183, "c": 0.9, "s": 90802, "e": 91443, "w": "然后", "sp": "Agent"}, {"p": 184, "c": 0.9, "s": 91443, "e": 91764, "w": "是", "sp": "Agent"}, {"p": 185, "c": 0.9, "s": 91764, "e": 92085, "w": "一", "sp": "Agent"}, {"p": 186, "c": 0.9, "s": 92085, "e": 92405, "w": "台", "sp": "Agent"}, {"p": 187, "c": 0.9, "s": 92405, "e": 93047, "w": "挂机", "sp": "Agent"}, {"p": 188, "c": 0.9, "s": 93047, "e": 93367, "w": "嘛", "sp": "Agent"}, {"p": 189, "c": 0.9, "s": 93367, "e": 93687, "w": "要", "sp": "Agent"}, {"p": 190, "c": 0.9, "s": 93688, "e": 94330, "w": "装机", "sp": "Agent"}, {"p": 191, "c": 0.9, "s": 94520, "e": 95750, "w": "呃", "sp": "Customer"}, {"p": 192, "c": 0.9, "s": 94740, "e": 95435, "w": "还有", "sp": "Agent"}, {"p": 193, "c": 0.9, "s": 95435, "e": 96130, "w": "柜子", "sp": "Agent"}, {"p": 194, "c": 0.9, "s": 96130, "e": 96674, "w": "被子", "sp": "Customer"}, {"p": 195, "c": 0.9, "s": 96675, "e": 97221, "w": "就是", "sp": "Customer"}, {"p": 196, "c": 0.9, "s": 97221, "e": 97767, "w": "那个", "sp": "Customer"}, {"p": 197, "c": 0.9, "s": 97767, "e": 98312, "w": "站立", "sp": "Customer"}, {"p": 198, "c": 0.9, "s": 98312, "e": 98857, "w": "站立", "sp": "Customer"}, {"p": 199, "c": 0.9, "s": 98858, "e": 99131, "w": "柜", "sp": "Customer"}, {"p": 200, "c": 0.9, "s": 99131, "e": 99404, "w": "的", "sp": "Customer"}, {"p": 201, "c": 0.9, "s": 99310, "e": 99855, "w": "柜子", "sp": "Agent"}, {"p": 202, "c": 0.9, "s": 99404, "e": 99950, "w": "那种", "sp": "Customer"}, {"p": 203, "c": 0.9, "s": 99856, "e": 100129, "w": "嗯", "sp": "Agent"}, {"p": 204, "c": 0.9, "s": 100129, "e": 100402, "w": "好", "sp": "Agent"}, {"p": 205, "c": 0.9, "s": 100402, "e": 100675, "w": "的", "sp": "Agent"}, {"p": 206, "c": 0.9, "s": 100675, "e": 101222, "w": "请问", "sp": "Agent"}, {"p": 207, "c": 0.9, "s": 101222, "e": 101495, "w": "是", "sp": "Agent"}, {"p": 208, "c": 0.9, "s": 101495, "e": 102041, "w": "什么", "sp": "Agent"}, {"p": 209, "c": 0.9, "s": 102041, "e": 102587, "w": "时候", "sp": "Agent"}, {"p": 210, "c": 0.9, "s": 102587, "e": 103133, "w": "购买", "sp": "Agent"}, {"p": 211, "c": 0.9, "s": 103134, "e": 103407, "w": "的", "sp": "Agent"}, {"p": 212, "c": 0.9, "s": 103407, "e": 103680, "w": "还", "sp": "Agent"}, {"p": 213, "c": 0.9, "s": 103680, "e": 104226, "w": "记得", "sp": "Agent"}, {"p": 214, "c": 0.9, "s": 104226, "e": 104500, "w": "吗", "sp": "Agent"}, {"p": 215, "c": 0.9, "s": 109920, "e": 111210, "w": "嗯", "sp": "Customer"}, {"p": 216, "c": 0.9, "s": 111530, "e": 111955, "w": "不用", "sp": "Customer"}, {"p": 217, "c": 0.9, "s": 111955, "e": 112381, "w": "就要", "sp": "Customer"}, {"p": 218, "c": 0.9, "s": 112381, "e": 112593, "w": "几", "sp": "Customer"}, {"p": 219, "c": 0.9, "s": 112594, "e": 113020, "w": "年前", "sp": "Customer"}, {"p": 220, "c": 0.9, "s": 113020, "e": 113446, "w": "三四", "sp": "Customer"}, {"p": 221, "c": 0.9, "s": 113446, "e": 113872, "w": "年前", "sp": "Customer"}, {"p": 222, "c": 0.9, "s": 113850, "e": 114750, "w": "嗯", "sp": "Agent"}, {"p": 223, "c": 0.9, "s": 113872, "e": 114085, "w": "吧", "sp": "Customer"}, {"p": 224, "c": 0.9, "s": 114085, "e": 114511, "w": "三四", "sp": "Customer"}, {"p": 225, "c": 0.9, "s": 114511, "e": 114937, "w": "年前", "sp": "Customer"}, {"p": 226, "c": 0.9, "s": 114937, "e": 115149, "w": "吧", "sp": "Customer"}, {"p": 227, "c": 0.9, "s": 115570, "e": 115779, "w": "好", "sp": "Agent"}, {"p": 228, "c": 0.9, "s": 115779, "e": 115988, "w": "的", "sp": "Agent"}, {"p": 229, "c": 0.9, "s": 115988, "e": 116616, "w": "没关系", "sp": "Agent"}, {"p": 230, "c": 0.9, "s": 116616, "e": 116825, "w": "那", "sp": "Agent"}, {"p": 231, "c": 0.9, "s": 116825, "e": 117243, "w": "请问", "sp": "Agent"}, {"p": 232, "c": 0.9, "s": 117244, "e": 117453, "w": "是", "sp": "Agent"}, {"p": 233, "c": 0.9, "s": 117453, "e": 117663, "w": "外", "sp": "Agent"}, {"p": 234, "c": 0.9, "s": 117663, "e": 117872, "w": "机", "sp": "Agent"}, {"p": 235, "c": 0.9, "s": 117872, "e": 118081, "w": "有", "sp": "Agent"}, {"p": 236, "c": 0.9, "s": 118081, "e": 118291, "w": "放", "sp": "Agent"}, {"p": 237, "c": 0.9, "s": 118291, "e": 118500, "w": "外", "sp": "Agent"}, {"p": 238, "c": 0.9, "s": 118500, "e": 118709, "w": "机", "sp": "Agent"}, {"p": 239, "c": 0.9, "s": 118709, "e": 118918, "w": "的", "sp": "Agent"}, {"p": 240, "c": 0.9, "s": 118918, "e": 119337, "w": "平台", "sp": "Agent"}, {"p": 241, "c": 0.9, "s": 119337, "e": 119546, "w": "吗", "sp": "Agent"}, {"p": 242, "c": 0.9, "s": 119546, "e": 119965, "w": "还是", "sp": "Agent"}, {"p": 243, "c": 0.9, "s": 119965, "e": 120173, "w": "在", "sp": "Agent"}, {"p": 244, "c": 0.9, "s": 120174, "e": 120593, "w": "楼顶", "sp": "Agent"}, {"p": 245, "c": 0.9, "s": 120593, "e": 121012, "w": "还是", "sp": "Agent"}, {"p": 246, "c": 0.9, "s": 121012, "e": 121221, "w": "在", "sp": "Agent"}, {"p": 247, "c": 0.9, "s": 121221, "e": 121640, "w": "地面", "sp": "Agent"}, {"p": 248, "c": 0.9, "s": 122130, "e": 122324, "w": "啊", "sp": "Customer"}, {"p": 249, "c": 0.9, "s": 122324, "e": 122518, "w": "有", "sp": "Customer"}, {"p": 250, "c": 0.9, "s": 122518, "e": 122713, "w": "他", "sp": "Customer"}, {"p": 251, "c": 0.9, "s": 122713, "e": 122907, "w": "有", "sp": "Customer"}, {"p": 252, "c": 0.9, "s": 122907, "e": 123296, "w": "这个", "sp": "Customer"}, {"p": 253, "c": 0.9, "s": 123296, "e": 123685, "w": "平台", "sp": "Customer"}, {"p": 254, "c": 0.9, "s": 123540, "e": 123920, "w": "平台", "sp": "Agent"}, {"p": 255, "c": 0.9, "s": 123685, "e": 123880, "w": "的", "sp": "Customer"}, {"p": 256, "c": 0.9, "s": 123920, "e": 124111, "w": "上", "sp": "Agent"}, {"p": 257, "c": 0.9, "s": 124111, "e": 124301, "w": "好", "sp": "Agent"}, {"p": 258, "c": 0.9, "s": 124301, "e": 124492, "w": "的", "sp": "Agent"}, {"p": 259, "c": 0.9, "s": 124492, "e": 124872, "w": "最快", "sp": "Agent"}, {"p": 260, "c": 0.9, "s": 124873, "e": 125254, "w": "可以", "sp": "Agent"}, {"p": 261, "c": 0.9, "s": 125254, "e": 125444, "w": "约", "sp": "Agent"}, {"p": 262, "c": 0.9, "s": 125444, "e": 125635, "w": "到", "sp": "Agent"}, {"p": 263, "c": 0.9, "s": 125635, "e": 126016, "w": "明天", "sp": "Agent"}, {"p": 264, "c": 0.9, "s": 126016, "e": 126206, "w": "的", "sp": "Agent"}, {"p": 265, "c": 0.9, "s": 126206, "e": 126587, "w": "明天", "sp": "Agent"}, {"p": 266, "c": 0.9, "s": 126587, "e": 126778, "w": "您", "sp": "Agent"}, {"p": 267, "c": 0.9, "s": 126778, "e": 126968, "w": "有", "sp": "Agent"}, {"p": 268, "c": 0.9, "s": 126968, "e": 127349, "w": "时间", "sp": "Agent"}, {"p": 269, "c": 0.9, "s": 127349, "e": 127540, "w": "吗", "sp": "Agent"}, {"p": 270, "c": 0.9, "s": 127360, "e": 127654, "w": "有", "sp": "Customer"}, {"p": 271, "c": 0.9, "s": 127654, "e": 128242, "w": "这样", "sp": "Customer"}, {"p": 272, "c": 0.9, "s": 128242, "e": 128830, "w": "一个", "sp": "Customer"}, {"p": 273, "c": 0.9, "s": 128729, "e": 128950, "w": "好", "sp": "Agent"}, {"p": 274, "c": 0.9, "s": 128950, "e": 129170, "w": "的", "sp": "Agent"}, {"p": 275, "c": 0.9, "s": 129170, "e": 129610, "w": "由于", "sp": "Agent"}, {"p": 276, "c": 0.9, "s": 129610, "e": 130050, "w": "疫情", "sp": "Agent"}, {"p": 277, "c": 0.9, "s": 130050, "e": 130491, "w": "防控", "sp": "Agent"}, {"p": 278, "c": 0.9, "s": 130492, "e": 130933, "w": "正在", "sp": "Agent"}, {"p": 279, "c": 0.9, "s": 130933, "e": 131373, "w": "单位", "sp": "Agent"}, {"p": 280, "c": 0.9, "s": 131373, "e": 131814, "w": "就是", "sp": "Agent"}, {"p": 281, "c": 0.9, "s": 131814, "e": 132254, "w": "单位", "sp": "Agent"}, {"p": 282, "c": 0.9, "s": 132255, "e": 132475, "w": "的", "sp": "Agent"}, {"p": 283, "c": 0.9, "s": 132475, "e": 132916, "w": "空调", "sp": "Agent"}, {"p": 284, "c": 0.9, "s": 132916, "e": 133136, "w": "是", "sp": "Agent"}, {"p": 285, "c": 0.9, "s": 133136, "e": 133356, "w": "吗", "sp": "Agent"}, {"p": 286, "c": 0.9, "s": 133356, "e": 133797, "w": "单位", "sp": "Agent"}, {"p": 287, "c": 0.9, "s": 133797, "e": 134237, "w": "可以", "sp": "Agent"}, {"p": 288, "c": 0.9, "s": 134238, "e": 134458, "w": "让", "sp": "Agent"}, {"p": 289, "c": 0.9, "s": 134458, "e": 134898, "w": "设置", "sp": "Agent"}, {"p": 290, "c": 0.9, "s": 134899, "e": 135339, "w": "地区", "sp": "Agent"}, {"p": 291, "c": 0.9, "s": 135339, "e": 135560, "w": "吗", "sp": "Agent"}, {"p": 292, "c": 0.9, "s": 137760, "e": 138082, "w": "我", "sp": "Customer"}, {"p": 293, "c": 0.9, "s": 138082, "e": 138727, "w": "不退", "sp": "Customer"}, {"p": 294, "c": 0.9, "s": 138727, "e": 139050, "w": "的", "sp": "Customer"}, {"p": 295, "c": 0.9, "s": 139190, "e": 139538, "w": "可以", "sp": "Agent"}, {"p": 296, "c": 0.9, "s": 139538, "e": 139711, "w": "的", "sp": "Agent"}, {"p": 297, "c": 0.9, "s": 139712, "e": 139887, "w": "是", "sp": "Agent"}, {"p": 298, "c": 0.9, "s": 139887, "e": 140060, "w": "吗", "sp": "Agent"}, {"p": 299, "c": 0.9, "s": 140061, "e": 140235, "w": "好", "sp": "Agent"}, {"p": 300, "c": 0.9, "s": 140235, "e": 140410, "w": "的", "sp": "Agent"}, {"p": 301, "c": 0.9, "s": 140410, "e": 140758, "w": "那边", "sp": "Agent"}, {"p": 302, "c": 0.9, "s": 140758, "e": 141107, "w": "现在", "sp": "Agent"}, {"p": 303, "c": 0.9, "s": 141107, "e": 141280, "w": "也", "sp": "Agent"}, {"p": 304, "c": 0.9, "s": 141281, "e": 141456, "w": "有", "sp": "Agent"}, {"p": 305, "c": 0.9, "s": 141456, "e": 141804, "w": "亲子", "sp": "Agent"}, {"p": 306, "c": 0.9, "s": 141804, "e": 142153, "w": "保养", "sp": "Agent"}, {"p": 307, "c": 0.9, "s": 142153, "e": 142327, "w": "的", "sp": "Agent"}, {"p": 308, "c": 0.9, "s": 142327, "e": 142676, "w": "服务", "sp": "Agent"}, {"p": 309, "c": 0.9, "s": 142676, "e": 142849, "w": "您", "sp": "Agent"}, {"p": 310, "c": 0.9, "s": 142850, "e": 143199, "w": "后期", "sp": "Agent"}, {"p": 311, "c": 0.9, "s": 143199, "e": 143373, "w": "有", "sp": "Agent"}, {"p": 312, "c": 0.9, "s": 143373, "e": 143722, "w": "需要", "sp": "Agent"}, {"p": 313, "c": 0.9, "s": 143722, "e": 144071, "w": "可以", "sp": "Agent"}, {"p": 314, "c": 0.9, "s": 144071, "e": 144419, "w": "随时", "sp": "Agent"}, {"p": 315, "c": 0.9, "s": 144419, "e": 144768, "w": "来电", "sp": "Agent"}, {"p": 316, "c": 0.9, "s": 144768, "e": 145117, "w": "来电", "sp": "Agent"}, {"p": 317, "c": 0.9, "s": 145117, "e": 145465, "w": "稍后", "sp": "Agent"}, {"p": 318, "c": 0.9, "s": 145465, "e": 145640, "w": "也", "sp": "Agent"}, {"p": 319, "c": 0.9, "s": 145640, "e": 145988, "w": "开通", "sp": "Agent"}, {"p": 320, "c": 0.9, "s": 145988, "e": 146163, "w": "微", "sp": "Agent"}, {"p": 321, "c": 0.9, "s": 146163, "e": 146336, "w": "信", "sp": "Agent"}, {"p": 322, "c": 0.9, "s": 146337, "e": 146686, "w": "公众", "sp": "Agent"}, {"p": 323, "c": 0.9, "s": 146686, "e": 146860, "w": "号", "sp": "Agent"}, {"p": 324, "c": 0.9, "s": 146860, "e": 147383, "w": "欢迎您", "sp": "Agent"}, {"p": 325, "c": 0.9, "s": 147383, "e": 147732, "w": "关注", "sp": "Agent"}, {"p": 326, "c": 0.9, "s": 147732, "e": 148080, "w": "麻烦", "sp": "Agent"}, {"p": 327, "c": 0.9, "s": 148080, "e": 148429, "w": "稍后", "sp": "Agent"}, {"p": 328, "c": 0.9, "s": 148429, "e": 148603, "w": "对", "sp": "Agent"}, {"p": 329, "c": 0.9, "s": 148603, "e": 148952, "w": "本次", "sp": "Agent"}, {"p": 330, "c": 0.9, "s": 148952, "e": 149301, "w": "通话", "sp": "Agent"}, {"p": 331, "c": 0.9, "s": 149301, "e": 149649, "w": "进行", "sp": "Agent"}, {"p": 332, "c": 0.9, "s": 149649, "e": 149998, "w": "一个", "sp": "Agent"}, {"p": 333, "c": 0.9, "s": 149998, "e": 150347, "w": "评价", "sp": "Agent"}, {"p": 334, "c": 0.9, "s": 150347, "e": 150695, "w": "可以", "sp": "Agent"}, {"p": 335, "c": 0.9, "s": 150695, "e": 150870, "w": "吗", "sp": "Agent"}, {"p": 336, "c": 0.9, "s": 150880, "e": 151100, "w": "啊", "sp": "Customer"}, {"p": 337, "c": 0.9, "s": 151100, "e": 151320, "w": "好", "sp": "Customer"}, {"p": 338, "c": 0.9, "s": 151320, "e": 151540, "w": "的", "sp": "Customer"}, {"p": 339, "c": 0.9, "s": 151540, "e": 151760, "w": "啊", "sp": "Customer"}, {"p": 340, "c": 0.9, "s": 151690, "e": 151906, "w": "嗯", "sp": "Agent"}, {"p": 341, "c": 0.9, "s": 151760, "e": 152200, "w": "谢谢", "sp": "Customer"}, {"p": 342, "c": 0.9, "s": 151906, "e": 152122, "w": "好", "sp": "Agent"}, {"p": 343, "c": 0.9, "s": 152122, "e": 152338, "w": "的", "sp": "Agent"}, {"p": 344, "c": 0.9, "s": 152338, "e": 153202, "w": "非常感谢", "sp": "Agent"}, {"p": 345, "c": 0.9, "s": 153202, "e": 153418, "w": "不", "sp": "Agent"}, {"p": 346, "c": 0.9, "s": 153418, "e": 153851, "w": "客气", "sp": "Agent"}, {"p": 347, "c": 0.9, "s": 153851, "e": 154283, "w": "祝您", "sp": "Agent"}, {"p": 348, "c": 0.9, "s": 154283, "e": 154715, "w": "生活", "sp": "Agent"}, {"p": 349, "c": 0.9, "s": 154715, "e": 155147, "w": "愉快", "sp": "Agent"}, {"p": 350, "c": 0.9, "s": 155147, "e": 155580, "w": "再见", "sp": "Agent"}, {"p": 351, "c": 0.9, "s": 157280, "e": 157566, "w": "请", "sp": "Agent"}, {"p": 352, "c": 0.9, "s": 157566, "e": 157853, "w": "对", "sp": "Agent"}, {"p": 353, "c": 0.9, "s": 157853, "e": 158426, "w": "本次", "sp": "Agent"}, {"p": 354, "c": 0.9, "s": 158426, "e": 159000, "w": "服务", "sp": "Agent"}, {"p": 355, "c": 0.9, "s": 159000, "e": 159286, "w": "做", "sp": "Agent"}, {"p": 356, "c": 0.9, "s": 159286, "e": 159860, "w": "评价", "sp": "Agent"}, {"p": 357, "c": 0.9, "s": 161180, "e": 161969, "w": "感谢您", "sp": "Agent"}, {"p": 358, "c": 0.9, "s": 161970, "e": 162233, "w": "的", "sp": "Agent"}, {"p": 359, "c": 0.9, "s": 162233, "e": 162760, "w": "来电", "sp": "Agent"}]}, "plainText": "六零 二 号 为您服务 下午 好 在线 售后 很 高兴 为您服务 请问 有 什么 可以 帮\n哎\n您\n你好 我 想要\n嗯\n问 一下 就是说 我家 之前 这个 大厅 风扇 买 了 之后 现在 因为 家 里面 装修 把 大厅\n嗯\n空调 给 拆掉 了 现在 需要\n发\n重新\n上去\n安装 能 不能 再\n好\n对\n的 那 我 帮 您 登记 然后 是 需要 收费 的 师傅 会 提前 联系 您 报价 您 认可 的话 是 不 带 上门 的 可以 吗\n对 的 当然 没 问题\n嗯 好 的 您 贵姓 怎么 称呼\n啊\n您\n我 姓 周\n稍 等 一下 稍 等 好 的 周先生 请问 联系 您 的 手机号 是 多少\n幺 三五\n幺 三五\n八五 七五\n八五 七五\n他 去 不 去\n嗯 多少\n八七 五九\n八七 五九 再 跟 您 核对 一下 幺 三五 八五 七五 八七 五九 行 吧 好 的 稍 等 稍 等 一下 请问 上班 地址 在 上海市 徐汇 区 对 徐汇 区 漕 溪 北路 二十八 号 二楼 一座 是 这里 吗 是 这里 吗\n是 是 是\n嗯 好 的 然后 是 一 台 挂机 嘛 要 装机\n呃\n还有 柜子\n被子 就是 那个 站立 站立 柜 的\n柜子\n那种\n嗯 好 的 请问 是 什么 时候 购买 的 还 记得 吗\n嗯 不用 就要 几 年前 三四 年前\n嗯\n吧 三四 年前 吧\n好 的 没关系 那 请问 是 外 机 有 放 外 机 的 平台 吗 还是 在 楼顶 还是 在 地面\n啊 有 他 有 这个 平台\n平台\n的\n上 好 的 最快 可以 约 到 明天 的 明天 您 有 时间 吗\n有 这样 一个\n好 的 由于 疫情 防控 正在 单位 就是 单位 的 空调 是 吗 单位 可以 让 设置 地区 吗\n我 不退 的\n可以 的 是 吗 好 的 那边 现在 也 有 亲子 保养 的 服务 您 后期 有 需要 可以 随时 来电 来电 稍后 也 开通 微 信 公众 号 欢迎您 关注 麻烦 稍后 对 本次 通话 进行 一个 评价 可以 吗\n啊 好 的 啊\n嗯\n谢谢\n好 的 非常感谢 不 客气 祝您 生活 愉快 再见 请 对 本次 服务 做 评价 感谢您 的 来电", "plainTextTime": {"verbatims": [{"s": 4170, "e": 14826, "w": "六零 二 号 为您服务 下午 好 在线 售后 很 高兴 为您服务 请问 有 什么 可以 帮", "sp": "Agent"}, {"s": 14820, "e": 15049, "w": "哎", "sp": "Customer"}, {"s": 14826, "e": 15000, "w": "您", "sp": "Agent"}, {"s": 15050, "e": 16202, "w": "你好 我 想要", "sp": "Customer"}, {"s": 15990, "e": 17080, "w": "嗯", "sp": "Agent"}, {"s": 16202, "e": 23580, "w": "问 一下 就是说 我家 之前 这个 大厅 风扇 买 了 之后 现在 因为 家 里面 装修 把 大厅", "sp": "Customer"}, {"s": 23570, "e": 24520, "w": "嗯", "sp": "Agent"}, {"s": 23580, "e": 25885, "w": "空调 给 拆掉 了 现在 需要", "sp": "Customer"}, {"s": 25670, "e": 26200, "w": "发", "sp": "Agent"}, {"s": 25885, "e": 26346, "w": "重新", "sp": "Customer"}, {"s": 26200, "e": 27260, "w": "上去", "sp": "Agent"}, {"s": 26346, "e": 27729, "w": "安装 能 不能 再", "sp": "Customer"}, {"s": 27540, "e": 27740, "w": "好", "sp": "Agent"}, {"s": 27729, "e": 27960, "w": "对", "sp": "Customer"}, {"s": 27740, "e": 35550, "w": "的 那 我 帮 您 登记 然后 是 需要 收费 的 师傅 会 提前 联系 您 报价 您 认可 的话 是 不 带 上门 的 可以 吗", "sp": "Agent"}, {"s": 35350, "e": 36970, "w": "对 的 当然 没 问题", "sp": "Customer"}, {"s": 37390, "e": 39899, "w": "嗯 好 的 您 贵姓 怎么 称呼", "sp": "Agent"}, {"s": 39770, "e": 40127, "w": "啊", "sp": "Customer"}, {"s": 39899, "e": 40149, "w": "您", "sp": "Agent"}, {"s": 40127, "e": 41200, "w": "我 姓 周", "sp": "Customer"}, {"s": 41890, "e": 49210, "w": "稍 等 一下 稍 等 好 的 周先生 请问 联系 您 的 手机号 是 多少", "sp": "Agent"}, {"s": 49100, "e": 50840, "w": "幺 三五", "sp": "Customer"}, {"s": 50770, "e": 52110, "w": "幺 三五", "sp": "Agent"}, {"s": 52250, "e": 54220, "w": "八五 七五", "sp": "Customer"}, {"s": 54400, "e": 56070, "w": "八五 七五", "sp": "Agent"}, {"s": 56180, "e": 57500, "w": "他 去 不 去", "sp": "Customer"}, {"s": 58340, "e": 59680, "w": "嗯 多少", "sp": "Agent"}, {"s": 60140, "e": 61760, "w": "八七 五九", "sp": "Customer"}, {"s": 61950, "e": 88560, "w": "八七 五九 再 跟 您 核对 一下 幺 三五 八五 七五 八七 五九 行 吧 好 的 稍 等 稍 等 一下 请问 上班 地址 在 上海市 徐汇 区 对 徐汇 区 漕 溪 北路 二十八 号 二楼 一座 是 这里 吗 是 这里 吗", "sp": "Agent"}, {"s": 88490, "e": 89880, "w": "是 是 是", "sp": "Customer"}, {"s": 89840, "e": 94330, "w": "嗯 好 的 然后 是 一 台 挂机 嘛 要 装机", "sp": "Agent"}, {"s": 94520, "e": 95750, "w": "呃", "sp": "Customer"}, {"s": 94740, "e": 96130, "w": "还有 柜子", "sp": "Agent"}, {"s": 96130, "e": 99404, "w": "被子 就是 那个 站立 站立 柜 的", "sp": "Customer"}, {"s": 99310, "e": 99855, "w": "柜子", "sp": "Agent"}, {"s": 99404, "e": 99950, "w": "那种", "sp": "Customer"}, {"s": 99856, "e": 104500, "w": "嗯 好 的 请问 是 什么 时候 购买 的 还 记得 吗", "sp": "Agent"}, {"s": 109920, "e": 113872, "w": "嗯 不用 就要 几 年前 三四 年前", "sp": "Customer"}, {"s": 113850, "e": 114750, "w": "嗯", "sp": "Agent"}, {"s": 113872, "e": 115149, "w": "吧 三四 年前 吧", "sp": "Customer"}, {"s": 115570, "e": 121640, "w": "好 的 没关系 那 请问 是 外 机 有 放 外 机 的 平台 吗 还是 在 楼顶 还是 在 地面", "sp": "Agent"}, {"s": 122130, "e": 123685, "w": "啊 有 他 有 这个 平台", "sp": "Customer"}, {"s": 123540, "e": 123920, "w": "平台", "sp": "Agent"}, {"s": 123685, "e": 123880, "w": "的", "sp": "Customer"}, {"s": 123920, "e": 127540, "w": "上 好 的 最快 可以 约 到 明天 的 明天 您 有 时间 吗", "sp": "Agent"}, {"s": 127360, "e": 128830, "w": "有 这样 一个", "sp": "Customer"}, {"s": 128729, "e": 135560, "w": "好 的 由于 疫情 防控 正在 单位 就是 单位 的 空调 是 吗 单位 可以 让 设置 地区 吗", "sp": "Agent"}, {"s": 137760, "e": 139050, "w": "我 不退 的", "sp": "Customer"}, {"s": 139190, "e": 150870, "w": "可以 的 是 吗 好 的 那边 现在 也 有 亲子 保养 的 服务 您 后期 有 需要 可以 随时 来电 来电 稍后 也 开通 微 信 公众 号 欢迎您 关注 麻烦 稍后 对 本次 通话 进行 一个 评价 可以 吗", "sp": "Agent"}, {"s": 150880, "e": 151760, "w": "啊 好 的 啊", "sp": "Customer"}, {"s": 151690, "e": 151906, "w": "嗯", "sp": "Agent"}, {"s": 151760, "e": 152200, "w": "谢谢", "sp": "Customer"}, {"s": 151906, "e": 162760, "w": "好 的 非常感谢 不 客气 祝您 生活 愉快 再见 请 对 本次 服务 做 评价 感谢您 的 来电", "sp": "Agent"}]}, "aqm": {"greeting": {"greeting_said": "为您服务, 售后, 高兴, 请问", "n_greeting_said": 4, "score": 1}, "closing": {"closing_said": "祝您, 生活, 愉快, 再见", "n_closing_said": 4, "score": 1}, "speed": {"speed_max": 5.74, "n_words": 67, "words": "可以 的 是 吗 好 的 那边 现在 也 有 亲子 保养 的 服务 您 后期 有 需要 可以 随时 来电 来电 稍后 也 开通 微 信 公众 号 欢迎您 关注 麻烦 稍后 对 本次 通话 进行 一个 评价 可以 吗", "start": 139190, "end": 150870}}}