{"mediaId": "2022031314445113678300100000532402", "status": "Success", "dateCreated": "2022-03-21T18:45:50Z", "contentType": "audio/x-wav", "channels": "future use", "length": 315, "metadata": {"Sid": 10046, "Site_id": 783, "Audio_ch_num": 5324, "Audio_module_num": 783001, "Audio_start_time_gmt": "2022-03-13T06:39:36.277+08:00", "Transaction_id": "2022031314445113678300100000532402", "ContactID": "9204480082910000012", "Personal_id": "0", "Direction": 0, "Local_audio_start_time": "2022-03-13T14:39:36.277+08:00", "Local_audio_end_time": "2022-03-13T14:44:51.277+08:00", "Total_hold_time": "0", "Pbx_login_id": "", "Ani": "90102155368221", "Extension": "155368221", "String_extension": "90102155368221", "Switch_call_id": "SIP/AUDIO/083E1600-C577-6205-CB46-79AEB5371904", "Switch_id": "783000001", "Duration_seconds": 315, "Wrapup_time_in_seconds": "0", "Dnis": "13903016404", "Number_of_conferences": "0", "Number_of_holds": "0", "Number_of_transfers": "0", "Percent_of_agent_call": "157", "Percent_of_other_call": "69", "Percent_of_mutual_silence": "59", "Num_of_agent_cross": "16", "Num_of_other_cross": "18", "IsException": 0}, "transcript_detailed": {"words": [{"p": 1, "c": 0.9, "s": 4380, "e": 5595, "w": "六零", "sp": "Agent"}, {"p": 2, "c": 0.9, "s": 5595, "e": 6202, "w": "二", "sp": "Agent"}, {"p": 3, "c": 0.9, "s": 6203, "e": 7418, "w": "六号", "sp": "Agent"}, {"p": 4, "c": 0.9, "s": 7418, "e": 9850, "w": "为您服务", "sp": "Agent"}, {"p": 5, "c": 0.9, "s": 10390, "e": 10775, "w": "下午", "sp": "Agent"}, {"p": 6, "c": 0.9, "s": 10775, "e": 10967, "w": "好", "sp": "Agent"}, {"p": 7, "c": 0.9, "s": 10968, "e": 11353, "w": "大厅", "sp": "Agent"}, {"p": 8, "c": 0.9, "s": 11353, "e": 11738, "w": "售后", "sp": "Agent"}, {"p": 9, "c": 0.9, "s": 11738, "e": 11931, "w": "很", "sp": "Agent"}, {"p": 10, "c": 0.9, "s": 11931, "e": 12316, "w": "高兴", "sp": "Agent"}, {"p": 11, "c": 0.9, "s": 12316, "e": 13087, "w": "为您服务", "sp": "Agent"}, {"p": 12, "c": 0.9, "s": 13087, "e": 13473, "w": "请问", "sp": "Agent"}, {"p": 13, "c": 0.9, "s": 13473, "e": 13665, "w": "有", "sp": "Agent"}, {"p": 14, "c": 0.9, "s": 13665, "e": 14051, "w": "什么", "sp": "Agent"}, {"p": 15, "c": 0.9, "s": 13890, "e": 14182, "w": "哎", "sp": "Customer"}, {"p": 16, "c": 0.9, "s": 14051, "e": 14436, "w": "可以", "sp": "Agent"}, {"p": 17, "c": 0.9, "s": 14182, "e": 14767, "w": "你好", "sp": "Customer"}, {"p": 18, "c": 0.9, "s": 14436, "e": 14821, "w": "帮助", "sp": "Agent"}, {"p": 19, "c": 0.9, "s": 14767, "e": 15352, "w": "这边", "sp": "Customer"}, {"p": 20, "c": 0.9, "s": 14821, "e": 15014, "w": "您", "sp": "Agent"}, {"p": 21, "c": 0.9, "s": 15014, "e": 15207, "w": "的", "sp": "Agent"}, {"p": 22, "c": 0.9, "s": 15207, "e": 15400, "w": "吗", "sp": "Agent"}, {"p": 23, "c": 0.9, "s": 15352, "e": 15645, "w": "是", "sp": "Customer"}, {"p": 24, "c": 0.9, "s": 15645, "e": 16230, "w": "这边", "sp": "Customer"}, {"p": 25, "c": 0.9, "s": 16230, "e": 16522, "w": "是", "sp": "Customer"}, {"p": 26, "c": 0.9, "s": 16522, "e": 17106, "w": "酒店", "sp": "Customer"}, {"p": 27, "c": 0.9, "s": 17107, "e": 17400, "w": "府", "sp": "Customer"}, {"p": 28, "c": 0.9, "s": 17400, "e": 17984, "w": "物业", "sp": "Customer"}, {"p": 29, "c": 0.9, "s": 17985, "e": 18277, "w": "的", "sp": "Customer"}, {"p": 30, "c": 0.9, "s": 18277, "e": 18570, "w": "呃", "sp": "Customer"}, {"p": 31, "c": 0.9, "s": 18570, "e": 18862, "w": "想", "sp": "Customer"}, {"p": 32, "c": 0.9, "s": 18862, "e": 19154, "w": "帮", "sp": "Customer"}, {"p": 33, "c": 0.9, "s": 18990, "e": 20110, "w": "嗯", "sp": "Agent"}, {"p": 34, "c": 0.9, "s": 19155, "e": 19740, "w": "一个", "sp": "Customer"}, {"p": 35, "c": 0.9, "s": 19740, "e": 20324, "w": "业主", "sp": "Customer"}, {"p": 36, "c": 0.9, "s": 20325, "e": 20617, "w": "报", "sp": "Customer"}, {"p": 37, "c": 0.9, "s": 20617, "e": 21202, "w": "一下", "sp": "Customer"}, {"p": 38, "c": 0.9, "s": 21202, "e": 21786, "w": "那个", "sp": "Customer"}, {"p": 39, "c": 0.9, "s": 21787, "e": 22372, "w": "空调", "sp": "Customer"}, {"p": 40, "c": 0.9, "s": 22372, "e": 22664, "w": "的", "sp": "Customer"}, {"p": 41, "c": 0.9, "s": 22665, "e": 23250, "w": "故障", "sp": "Customer"}, {"p": 42, "c": 0.9, "s": 23630, "e": 23835, "w": "好", "sp": "Agent"}, {"p": 43, "c": 0.9, "s": 23835, "e": 24040, "w": "的", "sp": "Agent"}, {"p": 44, "c": 0.9, "s": 24041, "e": 24247, "w": "是", "sp": "Agent"}, {"p": 45, "c": 0.9, "s": 24247, "e": 24658, "w": "物业", "sp": "Agent"}, {"p": 46, "c": 0.9, "s": 24658, "e": 25070, "w": "代办", "sp": "Agent"}, {"p": 47, "c": 0.9, "s": 25070, "e": 25276, "w": "是", "sp": "Agent"}, {"p": 48, "c": 0.9, "s": 25276, "e": 25480, "w": "吗", "sp": "Agent"}, {"p": 49, "c": 0.9, "s": 25481, "e": 25687, "w": "那", "sp": "Agent"}, {"p": 50, "c": 0.9, "s": 25687, "e": 26099, "w": "用户", "sp": "Agent"}, {"p": 51, "c": 0.9, "s": 26099, "e": 26305, "w": "的", "sp": "Agent"}, {"p": 52, "c": 0.9, "s": 26305, "e": 26716, "w": "空调", "sp": "Agent"}, {"p": 53, "c": 0.9, "s": 26520, "e": 27180, "w": "啊", "sp": "Customer"}, {"p": 54, "c": 0.9, "s": 26716, "e": 27128, "w": "出现", "sp": "Agent"}, {"p": 55, "c": 0.9, "s": 27128, "e": 27539, "w": "什么", "sp": "Agent"}, {"p": 56, "c": 0.9, "s": 27180, "e": 27840, "w": "对", "sp": "Customer"}, {"p": 57, "c": 0.9, "s": 27539, "e": 27951, "w": "故障", "sp": "Agent"}, {"p": 58, "c": 0.9, "s": 27951, "e": 28156, "w": "了", "sp": "Agent"}, {"p": 59, "c": 0.9, "s": 28156, "e": 28980, "w": "不好意思", "sp": "Agent"}, {"p": 60, "c": 0.9, "s": 29480, "e": 29888, "w": "现在", "sp": "Customer"}, {"p": 61, "c": 0.9, "s": 29888, "e": 30296, "w": "的话", "sp": "Customer"}, {"p": 62, "c": 0.9, "s": 30296, "e": 30703, "w": "所有", "sp": "Customer"}, {"p": 63, "c": 0.9, "s": 30704, "e": 31112, "w": "房间", "sp": "Customer"}, {"p": 64, "c": 0.9, "s": 31112, "e": 31316, "w": "的", "sp": "Customer"}, {"p": 65, "c": 0.9, "s": 31316, "e": 31725, "w": "那个", "sp": "Customer"}, {"p": 66, "c": 0.9, "s": 31725, "e": 32133, "w": "大厅", "sp": "Customer"}, {"p": 67, "c": 0.9, "s": 32133, "e": 32336, "w": "的", "sp": "Customer"}, {"p": 68, "c": 0.9, "s": 32337, "e": 32745, "w": "面板", "sp": "Customer"}, {"p": 69, "c": 0.9, "s": 32744, "e": 33153, "w": "全部", "sp": "Customer"}, {"p": 70, "c": 0.9, "s": 33153, "e": 33357, "w": "都", "sp": "Customer"}, {"p": 71, "c": 0.9, "s": 33357, "e": 33560, "w": "是", "sp": "Customer"}, {"p": 72, "c": 0.9, "s": 33561, "e": 33766, "w": "写", "sp": "Customer"}, {"p": 73, "c": 0.9, "s": 33766, "e": 33969, "w": "的", "sp": "Customer"}, {"p": 74, "c": 0.9, "s": 33970, "e": 34378, "w": "那个", "sp": "Customer"}, {"p": 75, "c": 0.9, "s": 34378, "e": 34581, "w": "无", "sp": "Customer"}, {"p": 76, "c": 0.9, "s": 34582, "e": 34990, "w": "冷月", "sp": "Customer"}, {"p": 77, "c": 0.9, "s": 34990, "e": 35602, "w": "选择权", "sp": "Customer"}, {"p": 78, "c": 0.9, "s": 35602, "e": 35807, "w": "的", "sp": "Customer"}, {"p": 79, "c": 0.9, "s": 35807, "e": 36215, "w": "然后", "sp": "Customer"}, {"p": 80, "c": 0.9, "s": 36215, "e": 36623, "w": "怎么", "sp": "Customer"}, {"p": 81, "c": 0.9, "s": 36360, "e": 37410, "w": "哦", "sp": "Agent"}, {"p": 82, "c": 0.9, "s": 36623, "e": 36827, "w": "调", "sp": "Customer"}, {"p": 83, "c": 0.9, "s": 36827, "e": 37235, "w": "的话", "sp": "Customer"}, {"p": 84, "c": 0.9, "s": 37235, "e": 37439, "w": "都", "sp": "Customer"}, {"p": 85, "c": 0.9, "s": 37439, "e": 37848, "w": "不行", "sp": "Customer"}, {"p": 86, "c": 0.9, "s": 37848, "e": 38052, "w": "把", "sp": "Customer"}, {"p": 87, "c": 0.9, "s": 38052, "e": 38460, "w": "那个", "sp": "Customer"}, {"p": 88, "c": 0.9, "s": 38460, "e": 38868, "w": "电源", "sp": "Customer"}, {"p": 89, "c": 0.9, "s": 38868, "e": 39072, "w": "关", "sp": "Customer"}, {"p": 90, "c": 0.9, "s": 39072, "e": 39275, "w": "了", "sp": "Customer"}, {"p": 91, "c": 0.9, "s": 39276, "e": 39480, "w": "再", "sp": "Customer"}, {"p": 92, "c": 0.9, "s": 39480, "e": 39684, "w": "开", "sp": "Customer"}, {"p": 93, "c": 0.9, "s": 39684, "e": 40093, "w": "还是", "sp": "Customer"}, {"p": 94, "c": 0.9, "s": 40093, "e": 40501, "w": "出现", "sp": "Customer"}, {"p": 95, "c": 0.9, "s": 40501, "e": 40704, "w": "无", "sp": "Customer"}, {"p": 96, "c": 0.9, "s": 40705, "e": 41113, "w": "冷月", "sp": "Customer"}, {"p": 97, "c": 0.9, "s": 41113, "e": 41725, "w": "选择权", "sp": "Customer"}, {"p": 98, "c": 0.9, "s": 41580, "e": 42011, "w": "就是", "sp": "Agent"}, {"p": 99, "c": 0.9, "s": 41725, "e": 41930, "w": "的", "sp": "Customer"}, {"p": 100, "c": 0.9, "s": 42011, "e": 42659, "w": "第一个", "sp": "Agent"}, {"p": 101, "c": 0.9, "s": 42659, "e": 42875, "w": "前", "sp": "Agent"}, {"p": 102, "c": 0.9, "s": 42875, "e": 43522, "w": "第一个", "sp": "Agent"}, {"p": 103, "c": 0.9, "s": 43522, "e": 43954, "w": "开始", "sp": "Agent"}, {"p": 104, "c": 0.9, "s": 43954, "e": 44170, "w": "的", "sp": "Agent"}, {"p": 105, "c": 0.9, "s": 44170, "e": 44601, "w": "空调", "sp": "Agent"}, {"p": 106, "c": 0.9, "s": 44602, "e": 45033, "w": "面板", "sp": "Agent"}, {"p": 107, "c": 0.9, "s": 45033, "e": 45249, "w": "也", "sp": "Agent"}, {"p": 108, "c": 0.9, "s": 45249, "e": 45681, "w": "没有", "sp": "Agent"}, {"p": 109, "c": 0.9, "s": 45681, "e": 46113, "w": "办法", "sp": "Agent"}, {"p": 110, "c": 0.9, "s": 46113, "e": 46328, "w": "调", "sp": "Agent"}, {"p": 111, "c": 0.9, "s": 46328, "e": 46760, "w": "这种", "sp": "Agent"}, {"p": 112, "c": 0.9, "s": 46760, "e": 47407, "w": "就是说", "sp": "Agent"}, {"p": 113, "c": 0.9, "s": 47408, "e": 47840, "w": "什么", "sp": "Agent"}, {"p": 114, "c": 0.9, "s": 48220, "e": 48708, "w": "可以", "sp": "Customer"}, {"p": 115, "c": 0.9, "s": 48708, "e": 48953, "w": "调", "sp": "Customer"}, {"p": 116, "c": 0.9, "s": 48953, "e": 49441, "w": "但是", "sp": "Customer"}, {"p": 117, "c": 0.9, "s": 49442, "e": 49931, "w": "的话", "sp": "Customer"}, {"p": 118, "c": 0.9, "s": 49931, "e": 50420, "w": "其他", "sp": "Customer"}, {"p": 119, "c": 0.9, "s": 50420, "e": 50907, "w": "房间", "sp": "Customer"}, {"p": 120, "c": 0.9, "s": 50908, "e": 51153, "w": "的", "sp": "Customer"}, {"p": 121, "c": 0.9, "s": 51153, "e": 51642, "w": "面板", "sp": "Customer"}, {"p": 122, "c": 0.9, "s": 51642, "e": 51885, "w": "是", "sp": "Customer"}, {"p": 123, "c": 0.9, "s": 51886, "e": 52375, "w": "不行", "sp": "Customer"}, {"p": 124, "c": 0.9, "s": 52375, "e": 52620, "w": "的", "sp": "Customer"}, {"p": 125, "c": 0.9, "s": 52930, "e": 53112, "w": "对", "sp": "Agent"}, {"p": 126, "c": 0.9, "s": 53112, "e": 53475, "w": "因为", "sp": "Agent"}, {"p": 127, "c": 0.9, "s": 53476, "e": 53841, "w": "这个", "sp": "Agent"}, {"p": 128, "c": 0.9, "s": 53841, "e": 54023, "w": "无", "sp": "Agent"}, {"p": 129, "c": 0.9, "s": 54023, "e": 54386, "w": "冷热", "sp": "Agent"}, {"p": 130, "c": 0.9, "s": 54387, "e": 54934, "w": "选择权", "sp": "Agent"}, {"p": 131, "c": 0.9, "s": 54934, "e": 55115, "w": "是", "sp": "Agent"}, {"p": 132, "c": 0.9, "s": 55116, "e": 55299, "w": "不", "sp": "Agent"}, {"p": 133, "c": 0.9, "s": 55299, "e": 55663, "w": "影响", "sp": "Agent"}, {"p": 134, "c": 0.9, "s": 55663, "e": 56026, "w": "使用", "sp": "Agent"}, {"p": 135, "c": 0.9, "s": 56027, "e": 56210, "w": "的", "sp": "Agent"}, {"p": 136, "c": 0.9, "s": 56210, "e": 56573, "w": "我们", "sp": "Agent"}, {"p": 137, "c": 0.9, "s": 56574, "e": 56756, "w": "的", "sp": "Agent"}, {"p": 138, "c": 0.9, "s": 56756, "e": 57121, "w": "空调", "sp": "Agent"}, {"p": 139, "c": 0.9, "s": 57121, "e": 57302, "w": "呢", "sp": "Agent"}, {"p": 140, "c": 0.9, "s": 57303, "e": 57485, "w": "是", "sp": "Agent"}, {"p": 141, "c": 0.9, "s": 57485, "e": 57668, "w": "嗯", "sp": "Agent"}, {"p": 142, "c": 0.9, "s": 57668, "e": 57850, "w": "一", "sp": "Agent"}, {"p": 143, "c": 0.9, "s": 57850, "e": 58396, "w": "一会儿", "sp": "Agent"}, {"p": 144, "c": 0.9, "s": 58396, "e": 58761, "w": "空调", "sp": "Agent"}, {"p": 145, "c": 0.9, "s": 58761, "e": 59125, "w": "制冷", "sp": "Agent"}, {"p": 146, "c": 0.9, "s": 59125, "e": 59490, "w": "所有", "sp": "Agent"}, {"p": 147, "c": 0.9, "s": 59490, "e": 59672, "w": "的", "sp": "Agent"}, {"p": 148, "c": 0.9, "s": 59672, "e": 59854, "w": "都", "sp": "Agent"}, {"p": 149, "c": 0.9, "s": 59854, "e": 60037, "w": "是", "sp": "Agent"}, {"p": 150, "c": 0.9, "s": 60037, "e": 60400, "w": "制冷", "sp": "Agent"}, {"p": 151, "c": 0.9, "s": 60401, "e": 60766, "w": "一个", "sp": "Agent"}, {"p": 152, "c": 0.9, "s": 60766, "e": 61129, "w": "炙热", "sp": "Agent"}, {"p": 153, "c": 0.9, "s": 61130, "e": 61494, "w": "所有", "sp": "Agent"}, {"p": 154, "c": 0.9, "s": 61494, "e": 61677, "w": "的", "sp": "Agent"}, {"p": 155, "c": 0.9, "s": 61677, "e": 61858, "w": "都", "sp": "Agent"}, {"p": 156, "c": 0.9, "s": 61859, "e": 62041, "w": "是", "sp": "Agent"}, {"p": 157, "c": 0.9, "s": 62041, "e": 62406, "w": "炙热", "sp": "Agent"}, {"p": 158, "c": 0.9, "s": 62406, "e": 62587, "w": "的", "sp": "Agent"}, {"p": 159, "c": 0.9, "s": 62588, "e": 62952, "w": "所以", "sp": "Agent"}, {"p": 160, "c": 0.9, "s": 62952, "e": 63317, "w": "每次", "sp": "Agent"}, {"p": 161, "c": 0.9, "s": 63317, "e": 63681, "w": "开启", "sp": "Agent"}, {"p": 162, "c": 0.9, "s": 63681, "e": 63863, "w": "的", "sp": "Agent"}, {"p": 163, "c": 0.9, "s": 63863, "e": 64227, "w": "时候", "sp": "Agent"}, {"p": 164, "c": 0.9, "s": 64227, "e": 64409, "w": "把", "sp": "Agent"}, {"p": 165, "c": 0.9, "s": 64410, "e": 64957, "w": "第一个", "sp": "Agent"}, {"p": 166, "c": 0.9, "s": 64957, "e": 65321, "w": "开启", "sp": "Agent"}, {"p": 167, "c": 0.9, "s": 65321, "e": 65503, "w": "的", "sp": "Agent"}, {"p": 168, "c": 0.9, "s": 65503, "e": 65868, "w": "面板", "sp": "Agent"}, {"p": 169, "c": 0.9, "s": 65868, "e": 66049, "w": "把", "sp": "Agent"}, {"p": 170, "c": 0.9, "s": 66050, "e": 66233, "w": "它", "sp": "Agent"}, {"p": 171, "c": 0.9, "s": 66233, "e": 66415, "w": "调", "sp": "Agent"}, {"p": 172, "c": 0.9, "s": 66415, "e": 66597, "w": "成", "sp": "Agent"}, {"p": 173, "c": 0.9, "s": 66597, "e": 66779, "w": "您", "sp": "Agent"}, {"p": 174, "c": 0.9, "s": 66779, "e": 67144, "w": "想要", "sp": "Agent"}, {"p": 175, "c": 0.9, "s": 67144, "e": 67326, "w": "的", "sp": "Agent"}, {"p": 176, "c": 0.9, "s": 67326, "e": 67689, "w": "模式", "sp": "Agent"}, {"p": 177, "c": 0.9, "s": 67690, "e": 68055, "w": "这样", "sp": "Agent"}, {"p": 178, "c": 0.9, "s": 68055, "e": 68419, "w": "整机", "sp": "Agent"}, {"p": 179, "c": 0.9, "s": 68419, "e": 68602, "w": "就", "sp": "Agent"}, {"p": 180, "c": 0.9, "s": 68602, "e": 68784, "w": "都", "sp": "Agent"}, {"p": 181, "c": 0.9, "s": 68784, "e": 68965, "w": "是", "sp": "Agent"}, {"p": 182, "c": 0.9, "s": 68966, "e": 69330, "w": "这个", "sp": "Agent"}, {"p": 183, "c": 0.9, "s": 69330, "e": 69695, "w": "模式", "sp": "Agent"}, {"p": 184, "c": 0.9, "s": 69695, "e": 69877, "w": "了", "sp": "Agent"}, {"p": 185, "c": 0.9, "s": 69877, "e": 70242, "w": "其他", "sp": "Agent"}, {"p": 186, "c": 0.9, "s": 70242, "e": 70605, "w": "空调", "sp": "Agent"}, {"p": 187, "c": 0.9, "s": 70606, "e": 70788, "w": "就", "sp": "Agent"}, {"p": 188, "c": 0.9, "s": 70788, "e": 70971, "w": "不", "sp": "Agent"}, {"p": 189, "c": 0.9, "s": 70971, "e": 71335, "w": "需要", "sp": "Agent"}, {"p": 190, "c": 0.9, "s": 71335, "e": 71517, "w": "调", "sp": "Agent"}, {"p": 191, "c": 0.9, "s": 71517, "e": 71700, "w": "的", "sp": "Agent"}, {"p": 192, "c": 0.9, "s": 72150, "e": 72532, "w": "但是", "sp": "Customer"}, {"p": 193, "c": 0.9, "s": 72532, "e": 72723, "w": "他", "sp": "Customer"}, {"p": 194, "c": 0.9, "s": 72723, "e": 73105, "w": "房间", "sp": "Customer"}, {"p": 195, "c": 0.9, "s": 73105, "e": 73488, "w": "那个", "sp": "Customer"}, {"p": 196, "c": 0.9, "s": 73488, "e": 73870, "w": "面板", "sp": "Customer"}, {"p": 197, "c": 0.9, "s": 73870, "e": 74252, "w": "还是", "sp": "Customer"}, {"p": 198, "c": 0.9, "s": 74252, "e": 74443, "w": "写", "sp": "Customer"}, {"p": 199, "c": 0.9, "s": 74443, "e": 74635, "w": "着", "sp": "Customer"}, {"p": 200, "c": 0.9, "s": 74635, "e": 75017, "w": "炙热", "sp": "Customer"}, {"p": 201, "c": 0.9, "s": 75017, "e": 75399, "w": "或者", "sp": "Customer"}, {"p": 202, "c": 0.9, "s": 75399, "e": 75590, "w": "冻", "sp": "Customer"}, {"p": 203, "c": 0.9, "s": 75590, "e": 75781, "w": "风", "sp": "Customer"}, {"p": 204, "c": 0.9, "s": 75781, "e": 75973, "w": "的", "sp": "Customer"}, {"p": 205, "c": 0.9, "s": 75973, "e": 76164, "w": "哦", "sp": "Customer"}, {"p": 206, "c": 0.9, "s": 76164, "e": 76546, "w": "没有", "sp": "Customer"}, {"p": 207, "c": 0.9, "s": 76310, "e": 76527, "w": "对", "sp": "Agent"}, {"p": 208, "c": 0.9, "s": 76527, "e": 76745, "w": "对", "sp": "Agent"}, {"p": 209, "c": 0.9, "s": 76546, "e": 76928, "w": "制冷", "sp": "Customer"}, {"p": 210, "c": 0.9, "s": 76745, "e": 77398, "w": "没关系", "sp": "Agent"}, {"p": 211, "c": 0.9, "s": 76928, "e": 77120, "w": "哦", "sp": "Customer"}, {"p": 212, "c": 0.9, "s": 77398, "e": 77616, "w": "的", "sp": "Agent"}, {"p": 213, "c": 0.9, "s": 77616, "e": 77834, "w": "它", "sp": "Agent"}, {"p": 214, "c": 0.9, "s": 77834, "e": 78270, "w": "显示", "sp": "Agent"}, {"p": 215, "c": 0.9, "s": 78270, "e": 78487, "w": "它", "sp": "Agent"}, {"p": 216, "c": 0.9, "s": 78487, "e": 78705, "w": "是", "sp": "Agent"}, {"p": 217, "c": 0.9, "s": 78705, "e": 78923, "w": "不", "sp": "Agent"}, {"p": 218, "c": 0.9, "s": 78923, "e": 79357, "w": "影响", "sp": "Agent"}, {"p": 219, "c": 0.9, "s": 79358, "e": 79794, "w": "使用", "sp": "Agent"}, {"p": 220, "c": 0.9, "s": 79794, "e": 80012, "w": "的", "sp": "Agent"}, {"p": 221, "c": 0.9, "s": 80012, "e": 80230, "w": "它", "sp": "Agent"}, {"p": 222, "c": 0.9, "s": 80230, "e": 80665, "w": "那个", "sp": "Agent"}, {"p": 223, "c": 0.9, "s": 80665, "e": 81101, "w": "显示", "sp": "Agent"}, {"p": 224, "c": 0.9, "s": 81101, "e": 81318, "w": "是", "sp": "Agent"}, {"p": 225, "c": 0.9, "s": 81318, "e": 81536, "w": "没", "sp": "Agent"}, {"p": 226, "c": 0.9, "s": 81536, "e": 81972, "w": "有用", "sp": "Agent"}, {"p": 227, "c": 0.9, "s": 81972, "e": 82190, "w": "的", "sp": "Agent"}, {"p": 228, "c": 0.9, "s": 84520, "e": 84821, "w": "啊", "sp": "Customer"}, {"p": 229, "c": 0.9, "s": 84821, "e": 85423, "w": "但是", "sp": "Customer"}, {"p": 230, "c": 0.9, "s": 85423, "e": 85725, "w": "他", "sp": "Customer"}, {"p": 231, "c": 0.9, "s": 85725, "e": 86026, "w": "他", "sp": "Customer"}, {"p": 232, "c": 0.9, "s": 86026, "e": 86327, "w": "说", "sp": "Customer"}, {"p": 233, "c": 0.9, "s": 86090, "e": 86732, "w": "对", "sp": "Agent"}, {"p": 234, "c": 0.9, "s": 86327, "e": 86930, "w": "房间", "sp": "Customer"}, {"p": 235, "c": 0.9, "s": 86733, "e": 88020, "w": "就是", "sp": "Agent"}, {"p": 236, "c": 0.9, "s": 86930, "e": 87532, "w": "没有", "sp": "Customer"}, {"p": 237, "c": 0.9, "s": 87532, "e": 87833, "w": "感", "sp": "Customer"}, {"p": 238, "c": 0.9, "s": 87833, "e": 88436, "w": "受到", "sp": "Customer"}, {"p": 239, "c": 0.9, "s": 88436, "e": 89037, "w": "冷气", "sp": "Customer"}, {"p": 240, "c": 0.9, "s": 89038, "e": 89340, "w": "的", "sp": "Customer"}, {"p": 241, "c": 0.9, "s": 89670, "e": 89911, "w": "嗯", "sp": "Agent"}, {"p": 242, "c": 0.9, "s": 89912, "e": 90396, "w": "就是", "sp": "Agent"}, {"p": 243, "c": 0.9, "s": 90396, "e": 90638, "w": "嗯", "sp": "Agent"}, {"p": 244, "c": 0.9, "s": 90638, "e": 91122, "w": "现在", "sp": "Agent"}, {"p": 245, "c": 0.9, "s": 91122, "e": 91364, "w": "您", "sp": "Agent"}, {"p": 246, "c": 0.9, "s": 91364, "e": 91848, "w": "这边", "sp": "Agent"}, {"p": 247, "c": 0.9, "s": 91848, "e": 92332, "w": "室外", "sp": "Agent"}, {"p": 248, "c": 0.9, "s": 92332, "e": 92816, "w": "温度", "sp": "Agent"}, {"p": 249, "c": 0.9, "s": 92816, "e": 93300, "w": "大概", "sp": "Agent"}, {"p": 250, "c": 0.9, "s": 93300, "e": 93542, "w": "在", "sp": "Agent"}, {"p": 251, "c": 0.9, "s": 93542, "e": 94026, "w": "多少", "sp": "Agent"}, {"p": 252, "c": 0.9, "s": 94026, "e": 94268, "w": "度", "sp": "Agent"}, {"p": 253, "c": 0.9, "s": 94268, "e": 94509, "w": "呢", "sp": "Agent"}, {"p": 254, "c": 0.9, "s": 95610, "e": 95868, "w": "呃", "sp": "Customer"}, {"p": 255, "c": 0.9, "s": 95868, "e": 96126, "w": "它", "sp": "Customer"}, {"p": 256, "c": 0.9, "s": 96126, "e": 96643, "w": "那里", "sp": "Customer"}, {"p": 257, "c": 0.9, "s": 96643, "e": 97159, "w": "显示", "sp": "Customer"}, {"p": 258, "c": 0.9, "s": 97160, "e": 97676, "w": "的话", "sp": "Customer"}, {"p": 259, "c": 0.9, "s": 97676, "e": 97935, "w": "是", "sp": "Customer"}, {"p": 260, "c": 0.9, "s": 97935, "e": 98451, "w": "十九", "sp": "Customer"}, {"p": 261, "c": 0.9, "s": 98451, "e": 98710, "w": "的", "sp": "Customer"}, {"p": 262, "c": 0.9, "s": 98710, "e": 99226, "w": "但是", "sp": "Customer"}, {"p": 263, "c": 0.9, "s": 99226, "e": 99485, "w": "我", "sp": "Customer"}, {"p": 264, "c": 0.9, "s": 99485, "e": 99743, "w": "我", "sp": "Customer"}, {"p": 265, "c": 0.9, "s": 99743, "e": 100001, "w": "进", "sp": "Customer"}, {"p": 266, "c": 0.9, "s": 100001, "e": 100260, "w": "家", "sp": "Customer"}, {"p": 267, "c": 0.9, "s": 100260, "e": 100776, "w": "里面", "sp": "Customer"}, {"p": 268, "c": 0.9, "s": 100776, "e": 101293, "w": "的话", "sp": "Customer"}, {"p": 269, "c": 0.9, "s": 101293, "e": 101810, "w": "感觉", "sp": "Customer"}, {"p": 270, "c": 0.9, "s": 101810, "e": 102326, "w": "不了", "sp": "Customer"}, {"p": 271, "c": 0.9, "s": 102326, "e": 102842, "w": "有空", "sp": "Customer"}, {"p": 272, "c": 0.9, "s": 102843, "e": 103101, "w": "调", "sp": "Customer"}, {"p": 273, "c": 0.9, "s": 103101, "e": 103360, "w": "啊", "sp": "Customer"}, {"p": 274, "c": 0.9, "s": 104620, "e": 104822, "w": "好", "sp": "Agent"}, {"p": 275, "c": 0.9, "s": 104822, "e": 105429, "w": "没关系", "sp": "Agent"}, {"p": 276, "c": 0.9, "s": 105429, "e": 105632, "w": "那", "sp": "Agent"}, {"p": 277, "c": 0.9, "s": 105632, "e": 106036, "w": "如果", "sp": "Agent"}, {"p": 278, "c": 0.9, "s": 106036, "e": 106239, "w": "是", "sp": "Agent"}, {"p": 279, "c": 0.9, "s": 106239, "e": 106644, "w": "这样", "sp": "Agent"}, {"p": 280, "c": 0.9, "s": 106644, "e": 107251, "w": "就是说", "sp": "Agent"}, {"p": 281, "c": 0.9, "s": 107251, "e": 107656, "w": "现在", "sp": "Agent"}, {"p": 282, "c": 0.9, "s": 107656, "e": 107858, "w": "您", "sp": "Agent"}, {"p": 283, "c": 0.9, "s": 107858, "e": 108263, "w": "室外", "sp": "Agent"}, {"p": 284, "c": 0.9, "s": 108263, "e": 108668, "w": "温度", "sp": "Agent"}, {"p": 285, "c": 0.9, "s": 108668, "e": 108870, "w": "应", "sp": "Agent"}, {"p": 286, "c": 0.9, "s": 108870, "e": 109275, "w": "该是", "sp": "Agent"}, {"p": 287, "c": 0.9, "s": 109275, "e": 109478, "w": "在", "sp": "Agent"}, {"p": 288, "c": 0.9, "s": 109478, "e": 109680, "w": "二", "sp": "Agent"}, {"p": 289, "c": 0.9, "s": 109680, "e": 110085, "w": "十度", "sp": "Agent"}, {"p": 290, "c": 0.9, "s": 110085, "e": 110490, "w": "左右", "sp": "Agent"}, {"p": 291, "c": 0.9, "s": 110490, "e": 110692, "w": "吗", "sp": "Agent"}, {"p": 292, "c": 0.9, "s": 110692, "e": 111097, "w": "还是", "sp": "Agent"}, {"p": 293, "c": 0.9, "s": 111097, "e": 111300, "w": "说", "sp": "Agent"}, {"p": 294, "c": 0.9, "s": 112630, "e": 112978, "w": "哎", "sp": "Customer"}, {"p": 295, "c": 0.9, "s": 112978, "e": 113326, "w": "对", "sp": "Customer"}, {"p": 296, "c": 0.9, "s": 113326, "e": 113673, "w": "是", "sp": "Customer"}, {"p": 297, "c": 0.9, "s": 113400, "e": 114103, "w": "室外", "sp": "Agent"}, {"p": 298, "c": 0.9, "s": 113674, "e": 114370, "w": "广州", "sp": "Customer"}, {"p": 299, "c": 0.9, "s": 114103, "e": 114806, "w": "温度", "sp": "Agent"}, {"p": 300, "c": 0.9, "s": 114650, "e": 115096, "w": "之外", "sp": "Customer"}, {"p": 301, "c": 0.9, "s": 114806, "e": 115158, "w": "嗯", "sp": "Agent"}, {"p": 302, "c": 0.9, "s": 115096, "e": 115320, "w": "的", "sp": "Customer"}, {"p": 303, "c": 0.9, "s": 115158, "e": 115861, "w": "还是", "sp": "Agent"}, {"p": 304, "c": 0.9, "s": 115320, "e": 115543, "w": "人", "sp": "Customer"}, {"p": 305, "c": 0.9, "s": 115543, "e": 115990, "w": "之外", "sp": "Customer"}, {"p": 306, "c": 0.9, "s": 115861, "e": 116213, "w": "嗯", "sp": "Agent"}, {"p": 307, "c": 0.9, "s": 115990, "e": 116436, "w": "温州", "sp": "Customer"}, {"p": 308, "c": 0.9, "s": 116213, "e": 116564, "w": "就", "sp": "Agent"}, {"p": 309, "c": 0.9, "s": 116436, "e": 116882, "w": "应该", "sp": "Customer"}, {"p": 310, "c": 0.9, "s": 116565, "e": 117268, "w": "比较", "sp": "Agent"}, {"p": 311, "c": 0.9, "s": 116883, "e": 117106, "w": "也", "sp": "Customer"}, {"p": 312, "c": 0.9, "s": 117106, "e": 117330, "w": "要", "sp": "Customer"}, {"p": 313, "c": 0.9, "s": 117268, "e": 117619, "w": "热", "sp": "Agent"}, {"p": 314, "c": 0.9, "s": 118780, "e": 119340, "w": "就是说", "sp": "Agent"}, {"p": 315, "c": 0.9, "s": 119340, "e": 119714, "w": "现在", "sp": "Agent"}, {"p": 316, "c": 0.9, "s": 119714, "e": 120088, "w": "空调", "sp": "Agent"}, {"p": 317, "c": 0.9, "s": 120088, "e": 120462, "w": "除了", "sp": "Agent"}, {"p": 318, "c": 0.9, "s": 120462, "e": 120648, "w": "有", "sp": "Agent"}, {"p": 319, "c": 0.9, "s": 120649, "e": 120836, "w": "无", "sp": "Agent"}, {"p": 320, "c": 0.9, "s": 120836, "e": 121022, "w": "的", "sp": "Agent"}, {"p": 321, "c": 0.9, "s": 121023, "e": 121397, "w": "人选", "sp": "Agent"}, {"p": 322, "c": 0.9, "s": 121397, "e": 121771, "w": "择选", "sp": "Agent"}, {"p": 323, "c": 0.9, "s": 121771, "e": 122145, "w": "以外", "sp": "Agent"}, {"p": 324, "c": 0.9, "s": 122145, "e": 122331, "w": "它", "sp": "Agent"}, {"p": 325, "c": 0.9, "s": 122332, "e": 122706, "w": "还有", "sp": "Agent"}, {"p": 326, "c": 0.9, "s": 122706, "e": 122893, "w": "不", "sp": "Agent"}, {"p": 327, "c": 0.9, "s": 122893, "e": 123267, "w": "制冷", "sp": "Agent"}, {"p": 328, "c": 0.9, "s": 123267, "e": 123453, "w": "的", "sp": "Agent"}, {"p": 329, "c": 0.9, "s": 123454, "e": 123828, "w": "现象", "sp": "Agent"}, {"p": 330, "c": 0.9, "s": 123828, "e": 124015, "w": "是", "sp": "Agent"}, {"p": 331, "c": 0.9, "s": 124015, "e": 124389, "w": "这个", "sp": "Agent"}, {"p": 332, "c": 0.9, "s": 124389, "e": 124763, "w": "意思", "sp": "Agent"}, {"p": 333, "c": 0.9, "s": 124763, "e": 124950, "w": "吗", "sp": "Agent"}, {"p": 334, "c": 0.9, "s": 125240, "e": 125658, "w": "对", "sp": "Customer"}, {"p": 335, "c": 0.9, "s": 125658, "e": 126076, "w": "对", "sp": "Customer"}, {"p": 336, "c": 0.9, "s": 126076, "e": 126493, "w": "对", "sp": "Customer"}, {"p": 337, "c": 0.9, "s": 126494, "e": 126912, "w": "对", "sp": "Customer"}, {"p": 338, "c": 0.9, "s": 126510, "e": 126696, "w": "嗯", "sp": "Agent"}, {"p": 339, "c": 0.9, "s": 126696, "e": 126882, "w": "好", "sp": "Agent"}, {"p": 340, "c": 0.9, "s": 126882, "e": 127254, "w": "确实", "sp": "Agent"}, {"p": 341, "c": 0.9, "s": 126912, "e": 127330, "w": "对", "sp": "Customer"}, {"p": 342, "c": 0.9, "s": 127254, "e": 127627, "w": "非常", "sp": "Agent"}, {"p": 343, "c": 0.9, "s": 127627, "e": 127999, "w": "抱歉", "sp": "Agent"}, {"p": 344, "c": 0.9, "s": 127999, "e": 128185, "w": "了", "sp": "Agent"}, {"p": 345, "c": 0.9, "s": 128185, "e": 128371, "w": "那", "sp": "Agent"}, {"p": 346, "c": 0.9, "s": 128371, "e": 128744, "w": "还是", "sp": "Agent"}, {"p": 347, "c": 0.9, "s": 128744, "e": 128930, "w": "让", "sp": "Agent"}, {"p": 348, "c": 0.9, "s": 128929, "e": 129301, "w": "事故", "sp": "Agent"}, {"p": 349, "c": 0.9, "s": 129302, "e": 129489, "w": "向", "sp": "Agent"}, {"p": 350, "c": 0.9, "s": 129489, "e": 129860, "w": "我们", "sp": "Agent"}, {"p": 351, "c": 0.9, "s": 129860, "e": 130232, "w": "自己", "sp": "Agent"}, {"p": 352, "c": 0.9, "s": 130233, "e": 130606, "w": "检查", "sp": "Agent"}, {"p": 353, "c": 0.9, "s": 130606, "e": 130978, "w": "一下", "sp": "Agent"}, {"p": 354, "c": 0.9, "s": 130978, "e": 131164, "w": "吧", "sp": "Agent"}, {"p": 355, "c": 0.9, "s": 131164, "e": 131537, "w": "请问", "sp": "Agent"}, {"p": 356, "c": 0.9, "s": 131537, "e": 131909, "w": "上门", "sp": "Agent"}, {"p": 357, "c": 0.9, "s": 131790, "e": 132849, "w": "可以", "sp": "Customer"}, {"p": 358, "c": 0.9, "s": 131909, "e": 132280, "w": "我们", "sp": "Agent"}, {"p": 359, "c": 0.9, "s": 132281, "e": 132654, "w": "电话", "sp": "Agent"}, {"p": 360, "c": 0.9, "s": 132654, "e": 133026, "w": "联系", "sp": "Agent"}, {"p": 361, "c": 0.9, "s": 133026, "e": 133399, "w": "联系", "sp": "Agent"}, {"p": 362, "c": 0.9, "s": 133399, "e": 133771, "w": "用户", "sp": "Agent"}, {"p": 363, "c": 0.9, "s": 133771, "e": 133957, "w": "呢", "sp": "Agent"}, {"p": 364, "c": 0.9, "s": 133957, "e": 134143, "w": "嗯", "sp": "Agent"}, {"p": 365, "c": 0.9, "s": 134143, "e": 134330, "w": "嗯", "sp": "Agent"}, {"p": 366, "c": 0.9, "s": 134540, "e": 134728, "w": "呃", "sp": "Customer"}, {"p": 367, "c": 0.9, "s": 134729, "e": 135107, "w": "联系", "sp": "Customer"}, {"p": 368, "c": 0.9, "s": 135107, "e": 135486, "w": "用户", "sp": "Customer"}, {"p": 369, "c": 0.9, "s": 135486, "e": 135674, "w": "吧", "sp": "Customer"}, {"p": 370, "c": 0.9, "s": 135675, "e": 135865, "w": "我", "sp": "Customer"}, {"p": 371, "c": 0.9, "s": 135865, "e": 136054, "w": "给", "sp": "Customer"}, {"p": 372, "c": 0.9, "s": 136054, "e": 136243, "w": "个", "sp": "Customer"}, {"p": 373, "c": 0.9, "s": 136243, "e": 136622, "w": "电话", "sp": "Customer"}, {"p": 374, "c": 0.9, "s": 136622, "e": 136810, "w": "给", "sp": "Customer"}, {"p": 375, "c": 0.9, "s": 136811, "e": 137190, "w": "你们", "sp": "Customer"}, {"p": 376, "c": 0.9, "s": 137040, "e": 137579, "w": "可以", "sp": "Agent"}, {"p": 377, "c": 0.9, "s": 137580, "e": 137850, "w": "的", "sp": "Agent"}, {"p": 378, "c": 0.9, "s": 137850, "e": 138390, "w": "用户", "sp": "Agent"}, {"p": 379, "c": 0.9, "s": 138390, "e": 138930, "w": "贵姓", "sp": "Agent"}, {"p": 380, "c": 0.9, "s": 139850, "e": 140312, "w": "呃", "sp": "Customer"}, {"p": 381, "c": 0.9, "s": 140312, "e": 141236, "w": "用户", "sp": "Customer"}, {"p": 382, "c": 0.9, "s": 141236, "e": 141698, "w": "姓", "sp": "Customer"}, {"p": 383, "c": 0.9, "s": 141698, "e": 142160, "w": "苏", "sp": "Customer"}, {"p": 384, "c": 0.9, "s": 142320, "e": 142688, "w": "苏", "sp": "Agent"}, {"p": 385, "c": 0.9, "s": 142688, "e": 143424, "w": "先生", "sp": "Agent"}, {"p": 386, "c": 0.9, "s": 143424, "e": 143792, "w": "对", "sp": "Agent"}, {"p": 387, "c": 0.9, "s": 143792, "e": 144160, "w": "吧", "sp": "Agent"}, {"p": 388, "c": 0.9, "s": 144610, "e": 144796, "w": "对", "sp": "Customer"}, {"p": 389, "c": 0.9, "s": 144796, "e": 144983, "w": "对", "sp": "Customer"}, {"p": 390, "c": 0.9, "s": 144983, "e": 145170, "w": "对", "sp": "Customer"}, {"p": 391, "c": 0.9, "s": 145170, "e": 145356, "w": "他", "sp": "Customer"}, {"p": 392, "c": 0.9, "s": 145356, "e": 145543, "w": "的", "sp": "Customer"}, {"p": 393, "c": 0.9, "s": 145543, "e": 146290, "w": "电话号码", "sp": "Customer"}, {"p": 394, "c": 0.9, "s": 145910, "e": 146910, "w": "嗯", "sp": "Agent"}, {"p": 395, "c": 0.9, "s": 146290, "e": 146476, "w": "我", "sp": "Customer"}, {"p": 396, "c": 0.9, "s": 146476, "e": 146663, "w": "给", "sp": "Customer"}, {"p": 397, "c": 0.9, "s": 146663, "e": 147036, "w": "一下", "sp": "Customer"}, {"p": 398, "c": 0.9, "s": 147036, "e": 147222, "w": "你", "sp": "Customer"}, {"p": 399, "c": 0.9, "s": 147190, "e": 147497, "w": "嗯", "sp": "Agent"}, {"p": 400, "c": 0.9, "s": 147223, "e": 147410, "w": "吧", "sp": "Customer"}, {"p": 401, "c": 0.9, "s": 147497, "e": 147804, "w": "好", "sp": "Agent"}, {"p": 402, "c": 0.9, "s": 147804, "e": 148418, "w": "麻烦", "sp": "Agent"}, {"p": 403, "c": 0.9, "s": 147850, "e": 148366, "w": "幺", "sp": "Customer"}, {"p": 404, "c": 0.9, "s": 148366, "e": 149400, "w": "八五", "sp": "Customer"}, {"p": 405, "c": 0.9, "s": 148418, "e": 148725, "w": "报", "sp": "Agent"}, {"p": 406, "c": 0.9, "s": 148725, "e": 149340, "w": "一下", "sp": "Agent"}, {"p": 407, "c": 0.9, "s": 149620, "e": 150159, "w": "幺", "sp": "Agent"}, {"p": 408, "c": 0.9, "s": 150160, "e": 151240, "w": "八五", "sp": "Agent"}, {"p": 409, "c": 0.9, "s": 151500, "e": 152360, "w": "六五", "sp": "Customer"}, {"p": 410, "c": 0.9, "s": 152360, "e": 152790, "w": "幺", "sp": "Customer"}, {"p": 411, "c": 0.9, "s": 152790, "e": 153219, "w": "九", "sp": "Customer"}, {"p": 412, "c": 0.9, "s": 153260, "e": 154180, "w": "六五", "sp": "Agent"}, {"p": 413, "c": 0.9, "s": 154180, "e": 154640, "w": "幺", "sp": "Agent"}, {"p": 414, "c": 0.9, "s": 154640, "e": 155100, "w": "九", "sp": "Agent"}, {"p": 415, "c": 0.9, "s": 155340, "e": 155717, "w": "三", "sp": "Customer"}, {"p": 416, "c": 0.9, "s": 155717, "e": 156095, "w": "幺", "sp": "Customer"}, {"p": 417, "c": 0.9, "s": 156095, "e": 156472, "w": "九", "sp": "Customer"}, {"p": 418, "c": 0.9, "s": 156472, "e": 156850, "w": "幺", "sp": "Customer"}, {"p": 419, "c": 0.9, "s": 157150, "e": 157373, "w": "好", "sp": "Agent"}, {"p": 420, "c": 0.9, "s": 157373, "e": 157597, "w": "的", "sp": "Agent"}, {"p": 421, "c": 0.9, "s": 157597, "e": 157821, "w": "我", "sp": "Agent"}, {"p": 422, "c": 0.9, "s": 157821, "e": 158044, "w": "报", "sp": "Agent"}, {"p": 423, "c": 0.9, "s": 158044, "e": 158268, "w": "一", "sp": "Agent"}, {"p": 424, "c": 0.9, "s": 158268, "e": 158492, "w": "遍", "sp": "Agent"}, {"p": 425, "c": 0.9, "s": 158492, "e": 158716, "w": "您", "sp": "Agent"}, {"p": 426, "c": 0.9, "s": 158716, "e": 159163, "w": "核对", "sp": "Agent"}, {"p": 427, "c": 0.9, "s": 159163, "e": 159610, "w": "一下", "sp": "Agent"}, {"p": 428, "c": 0.9, "s": 159610, "e": 159834, "w": "幺", "sp": "Agent"}, {"p": 429, "c": 0.9, "s": 159834, "e": 160282, "w": "八五", "sp": "Agent"}, {"p": 430, "c": 0.9, "s": 160282, "e": 160729, "w": "六五", "sp": "Agent"}, {"p": 431, "c": 0.9, "s": 160729, "e": 160953, "w": "幺", "sp": "Agent"}, {"p": 432, "c": 0.9, "s": 160953, "e": 161400, "w": "九三", "sp": "Agent"}, {"p": 433, "c": 0.9, "s": 161400, "e": 161624, "w": "幺", "sp": "Agent"}, {"p": 434, "c": 0.9, "s": 161624, "e": 161847, "w": "九", "sp": "Agent"}, {"p": 435, "c": 0.9, "s": 161848, "e": 162071, "w": "幺", "sp": "Agent"}, {"p": 436, "c": 0.9, "s": 162071, "e": 162295, "w": "对", "sp": "Agent"}, {"p": 437, "c": 0.9, "s": 162295, "e": 162519, "w": "吧", "sp": "Agent"}, {"p": 438, "c": 0.9, "s": 162519, "e": 162966, "w": "空调", "sp": "Agent"}, {"p": 439, "c": 0.9, "s": 162966, "e": 163190, "w": "的", "sp": "Agent"}, {"p": 440, "c": 0.9, "s": 163190, "e": 163637, "w": "购买", "sp": "Agent"}, {"p": 441, "c": 0.9, "s": 163210, "e": 163458, "w": "对", "sp": "Customer"}, {"p": 442, "c": 0.9, "s": 163458, "e": 163706, "w": "幺", "sp": "Customer"}, {"p": 443, "c": 0.9, "s": 163637, "e": 164084, "w": "时间", "sp": "Agent"}, {"p": 444, "c": 0.9, "s": 163706, "e": 164202, "w": "八五", "sp": "Customer"}, {"p": 445, "c": 0.9, "s": 164085, "e": 164308, "w": "您", "sp": "Agent"}, {"p": 446, "c": 0.9, "s": 164203, "e": 164700, "w": "六五", "sp": "Customer"}, {"p": 447, "c": 0.9, "s": 164308, "e": 164756, "w": "了解", "sp": "Agent"}, {"p": 448, "c": 0.9, "s": 164700, "e": 164948, "w": "幺", "sp": "Customer"}, {"p": 449, "c": 0.9, "s": 164756, "e": 164980, "w": "吗", "sp": "Agent"}, {"p": 450, "c": 0.9, "s": 164948, "e": 165444, "w": "九三", "sp": "Customer"}, {"p": 451, "c": 0.9, "s": 165445, "e": 165693, "w": "幺", "sp": "Customer"}, {"p": 452, "c": 0.9, "s": 165693, "e": 165941, "w": "九", "sp": "Customer"}, {"p": 453, "c": 0.9, "s": 165941, "e": 166189, "w": "幺", "sp": "Customer"}, {"p": 454, "c": 0.9, "s": 166220, "e": 166443, "w": "嗯", "sp": "Agent"}, {"p": 455, "c": 0.9, "s": 166443, "e": 166890, "w": "空调", "sp": "Agent"}, {"p": 456, "c": 0.9, "s": 166890, "e": 167337, "w": "什么", "sp": "Agent"}, {"p": 457, "c": 0.9, "s": 167337, "e": 167785, "w": "时候", "sp": "Agent"}, {"p": 458, "c": 0.9, "s": 167785, "e": 168232, "w": "购买", "sp": "Agent"}, {"p": 459, "c": 0.9, "s": 168232, "e": 168455, "w": "的", "sp": "Agent"}, {"p": 460, "c": 0.9, "s": 168455, "e": 168679, "w": "还", "sp": "Agent"}, {"p": 461, "c": 0.9, "s": 168679, "e": 169126, "w": "记得", "sp": "Agent"}, {"p": 462, "c": 0.9, "s": 169126, "e": 169350, "w": "吗", "sp": "Agent"}, {"p": 463, "c": 0.9, "s": 170150, "e": 170347, "w": "呃", "sp": "Customer"}, {"p": 464, "c": 0.9, "s": 170348, "e": 170546, "w": "都", "sp": "Customer"}, {"p": 465, "c": 0.9, "s": 170546, "e": 170744, "w": "是", "sp": "Customer"}, {"p": 466, "c": 0.9, "s": 170744, "e": 171140, "w": "物业", "sp": "Customer"}, {"p": 467, "c": 0.9, "s": 171140, "e": 171536, "w": "统一", "sp": "Customer"}, {"p": 468, "c": 0.9, "s": 171536, "e": 171931, "w": "安装", "sp": "Customer"}, {"p": 469, "c": 0.9, "s": 171932, "e": 172130, "w": "的", "sp": "Customer"}, {"p": 470, "c": 0.9, "s": 172130, "e": 172329, "w": "就", "sp": "Customer"}, {"p": 471, "c": 0.9, "s": 172329, "e": 172724, "w": "就是", "sp": "Customer"}, {"p": 472, "c": 0.9, "s": 172725, "e": 173319, "w": "开发商", "sp": "Customer"}, {"p": 473, "c": 0.9, "s": 173319, "e": 173715, "w": "统一", "sp": "Customer"}, {"p": 474, "c": 0.9, "s": 173715, "e": 174111, "w": "安装", "sp": "Customer"}, {"p": 475, "c": 0.9, "s": 174111, "e": 174310, "w": "的", "sp": "Customer"}, {"p": 476, "c": 0.9, "s": 174880, "e": 175087, "w": "那", "sp": "Agent"}, {"p": 477, "c": 0.9, "s": 175087, "e": 175295, "w": "家", "sp": "Agent"}, {"p": 478, "c": 0.9, "s": 175295, "e": 175502, "w": "用", "sp": "Agent"}, {"p": 479, "c": 0.9, "s": 175503, "e": 175918, "w": "保修", "sp": "Agent"}, {"p": 480, "c": 0.9, "s": 175918, "e": 176125, "w": "是", "sp": "Agent"}, {"p": 481, "c": 0.9, "s": 176126, "e": 176542, "w": "三年", "sp": "Agent"}, {"p": 482, "c": 0.9, "s": 176542, "e": 176957, "w": "上午", "sp": "Agent"}, {"p": 483, "c": 0.9, "s": 176957, "e": 177165, "w": "是", "sp": "Agent"}, {"p": 484, "c": 0.9, "s": 177165, "e": 177579, "w": "两年", "sp": "Agent"}, {"p": 485, "c": 0.9, "s": 177580, "e": 177996, "w": "如果", "sp": "Agent"}, {"p": 486, "c": 0.9, "s": 177996, "e": 178411, "w": "没有", "sp": "Agent"}, {"p": 487, "c": 0.9, "s": 178411, "e": 178618, "w": "过", "sp": "Agent"}, {"p": 488, "c": 0.9, "s": 178619, "e": 178827, "w": "保", "sp": "Agent"}, {"p": 489, "c": 0.9, "s": 178827, "e": 179241, "w": "提供", "sp": "Agent"}, {"p": 490, "c": 0.9, "s": 179242, "e": 179658, "w": "发票", "sp": "Agent"}, {"p": 491, "c": 0.9, "s": 179658, "e": 179866, "w": "就", "sp": "Agent"}, {"p": 492, "c": 0.9, "s": 179866, "e": 180280, "w": "可以", "sp": "Agent"}, {"p": 493, "c": 0.9, "s": 180281, "e": 180489, "w": "了", "sp": "Agent"}, {"p": 494, "c": 0.9, "s": 180489, "e": 180696, "w": "好", "sp": "Agent"}, {"p": 495, "c": 0.9, "s": 180697, "e": 180904, "w": "的", "sp": "Agent"}, {"p": 496, "c": 0.9, "s": 180904, "e": 181320, "w": "麻烦", "sp": "Agent"}, {"p": 497, "c": 0.9, "s": 181320, "e": 181528, "w": "报", "sp": "Agent"}, {"p": 498, "c": 0.9, "s": 181410, "e": 182410, "w": "可以", "sp": "Customer"}, {"p": 499, "c": 0.9, "s": 181528, "e": 181943, "w": "一下", "sp": "Agent"}, {"p": 500, "c": 0.9, "s": 181943, "e": 182359, "w": "上面", "sp": "Agent"}, {"p": 501, "c": 0.9, "s": 182359, "e": 182566, "w": "的", "sp": "Agent"}, {"p": 502, "c": 0.9, "s": 182566, "e": 182982, "w": "地址", "sp": "Agent"}, {"p": 503, "c": 0.9, "s": 182982, "e": 183189, "w": "吧", "sp": "Agent"}, {"p": 504, "c": 0.9, "s": 183470, "e": 184295, "w": "哪个", "sp": "Agent"}, {"p": 505, "c": 0.9, "s": 183850, "e": 184496, "w": "口头", "sp": "Customer"}, {"p": 506, "c": 0.9, "s": 184295, "e": 184707, "w": "省", "sp": "Agent"}, {"p": 507, "c": 0.9, "s": 184496, "e": 184819, "w": "报", "sp": "Customer"}, {"p": 508, "c": 0.9, "s": 184707, "e": 185120, "w": "呢", "sp": "Agent"}, {"p": 509, "c": 0.9, "s": 184819, "e": 185465, "w": "指定", "sp": "Customer"}, {"p": 510, "c": 0.9, "s": 185465, "e": 185788, "w": "处", "sp": "Customer"}, {"p": 511, "c": 0.9, "s": 185788, "e": 186111, "w": "呃", "sp": "Customer"}, {"p": 512, "c": 0.9, "s": 186111, "e": 187079, "w": "广东省", "sp": "Customer"}, {"p": 513, "c": 0.9, "s": 186490, "e": 187560, "w": "嗯", "sp": "Agent"}, {"p": 514, "c": 0.9, "s": 187080, "e": 188050, "w": "广州市", "sp": "Customer"}, {"p": 515, "c": 0.9, "s": 188100, "e": 189260, "w": "嗯", "sp": "Agent"}, {"p": 516, "c": 0.9, "s": 190200, "e": 190538, "w": "我", "sp": "Customer"}, {"p": 517, "c": 0.9, "s": 190420, "e": 190730, "w": "哪", "sp": "Agent"}, {"p": 518, "c": 0.9, "s": 190538, "e": 191213, "w": "说话", "sp": "Customer"}, {"p": 519, "c": 0.9, "s": 190730, "e": 191349, "w": "一个", "sp": "Agent"}, {"p": 520, "c": 0.9, "s": 191214, "e": 191890, "w": "时间", "sp": "Customer"}, {"p": 521, "c": 0.9, "s": 191350, "e": 191660, "w": "区", "sp": "Agent"}, {"p": 522, "c": 0.9, "s": 191660, "e": 191970, "w": "呢", "sp": "Agent"}, {"p": 523, "c": 0.9, "s": 192700, "e": 193101, "w": "呃", "sp": "Customer"}, {"p": 524, "c": 0.9, "s": 193102, "e": 193907, "w": "荔湾", "sp": "Customer"}, {"p": 525, "c": 0.9, "s": 193907, "e": 194310, "w": "区", "sp": "Customer"}, {"p": 526, "c": 0.9, "s": 194290, "e": 194586, "w": "嗯", "sp": "Agent"}, {"p": 527, "c": 0.9, "s": 194587, "e": 195183, "w": "荔湾", "sp": "Agent"}, {"p": 528, "c": 0.9, "s": 195183, "e": 195481, "w": "区", "sp": "Agent"}, {"p": 529, "c": 0.9, "s": 195481, "e": 196076, "w": "然后", "sp": "Agent"}, {"p": 530, "c": 0.9, "s": 196076, "e": 196970, "w": "葛洲坝", "sp": "Agent"}, {"p": 531, "c": 0.9, "s": 196970, "e": 197565, "w": "的话", "sp": "Agent"}, {"p": 532, "c": 0.9, "s": 197565, "e": 197863, "w": "是", "sp": "Agent"}, {"p": 533, "c": 0.9, "s": 197863, "e": 198756, "w": "草字头", "sp": "Agent"}, {"p": 534, "c": 0.9, "s": 198756, "e": 199054, "w": "的", "sp": "Agent"}, {"p": 535, "c": 0.9, "s": 199054, "e": 199352, "w": "葛", "sp": "Agent"}, {"p": 536, "c": 0.9, "s": 199352, "e": 199650, "w": "吗", "sp": "Agent"}, {"p": 537, "c": 0.9, "s": 199970, "e": 200393, "w": "对", "sp": "Customer"}, {"p": 538, "c": 0.9, "s": 200393, "e": 201240, "w": "没错", "sp": "Customer"}, {"p": 539, "c": 0.9, "s": 201100, "e": 201350, "w": "周", "sp": "Agent"}, {"p": 540, "c": 0.9, "s": 201350, "e": 201600, "w": "带", "sp": "Agent"}, {"p": 541, "c": 0.9, "s": 201600, "e": 201850, "w": "不", "sp": "Agent"}, {"p": 542, "c": 0.9, "s": 201850, "e": 202100, "w": "带", "sp": "Agent"}, {"p": 543, "c": 0.9, "s": 202100, "e": 202850, "w": "三点水", "sp": "Agent"}, {"p": 544, "c": 0.9, "s": 202850, "e": 203100, "w": "的", "sp": "Agent"}, {"p": 545, "c": 0.9, "s": 203100, "e": 203350, "w": "粥", "sp": "Agent"}, {"p": 546, "c": 0.9, "s": 203350, "e": 203600, "w": "呢", "sp": "Agent"}, {"p": 547, "c": 0.9, "s": 204420, "e": 205092, "w": "呃", "sp": "Customer"}, {"p": 548, "c": 0.9, "s": 205092, "e": 205765, "w": "对", "sp": "Customer"}, {"p": 549, "c": 0.9, "s": 205765, "e": 206437, "w": "对", "sp": "Customer"}, {"p": 550, "c": 0.9, "s": 205940, "e": 206154, "w": "嗯", "sp": "Agent"}, {"p": 551, "c": 0.9, "s": 206154, "e": 206583, "w": "然后", "sp": "Agent"}, {"p": 552, "c": 0.9, "s": 206437, "e": 207110, "w": "对", "sp": "Customer"}, {"p": 553, "c": 0.9, "s": 206583, "e": 206797, "w": "罢", "sp": "Agent"}, {"p": 554, "c": 0.9, "s": 206797, "e": 207011, "w": "就", "sp": "Agent"}, {"p": 555, "c": 0.9, "s": 207011, "e": 207226, "w": "土", "sp": "Agent"}, {"p": 556, "c": 0.9, "s": 207226, "e": 207440, "w": "字", "sp": "Agent"}, {"p": 557, "c": 0.9, "s": 207440, "e": 207655, "w": "旁", "sp": "Agent"}, {"p": 558, "c": 0.9, "s": 207655, "e": 207869, "w": "加", "sp": "Agent"}, {"p": 559, "c": 0.9, "s": 207869, "e": 208083, "w": "个", "sp": "Agent"}, {"p": 560, "c": 0.9, "s": 208083, "e": 208512, "w": "宝贝", "sp": "Agent"}, {"p": 561, "c": 0.9, "s": 208512, "e": 208726, "w": "的", "sp": "Agent"}, {"p": 562, "c": 0.9, "s": 208726, "e": 208941, "w": "贝", "sp": "Agent"}, {"p": 563, "c": 0.9, "s": 208941, "e": 209155, "w": "对", "sp": "Agent"}, {"p": 564, "c": 0.9, "s": 209155, "e": 209370, "w": "吧", "sp": "Agent"}, {"p": 565, "c": 0.9, "s": 209820, "e": 210240, "w": "对", "sp": "Customer"}, {"p": 566, "c": 0.9, "s": 210240, "e": 211080, "w": "没错", "sp": "Customer"}, {"p": 567, "c": 0.9, "s": 210920, "e": 211483, "w": "嗯", "sp": "Agent"}, {"p": 568, "c": 0.9, "s": 211483, "e": 212610, "w": "然后", "sp": "Agent"}, {"p": 569, "c": 0.9, "s": 213690, "e": 213993, "w": "紫", "sp": "Customer"}, {"p": 570, "c": 0.9, "s": 213993, "e": 214599, "w": "金属", "sp": "Customer"}, {"p": 571, "c": 0.9, "s": 214600, "e": 215207, "w": "然后", "sp": "Customer"}, {"p": 572, "c": 0.9, "s": 215207, "e": 216118, "w": "葛洲坝", "sp": "Customer"}, {"p": 573, "c": 0.9, "s": 216118, "e": 216420, "w": "紫", "sp": "Customer"}, {"p": 574, "c": 0.9, "s": 216421, "e": 217028, "w": "金属", "sp": "Customer"}, {"p": 575, "c": 0.9, "s": 217028, "e": 217332, "w": "三", "sp": "Customer"}, {"p": 576, "c": 0.9, "s": 217100, "e": 217492, "w": "嗯", "sp": "Agent"}, {"p": 577, "c": 0.9, "s": 217332, "e": 217635, "w": "栋", "sp": "Customer"}, {"p": 578, "c": 0.9, "s": 217492, "e": 217885, "w": "只", "sp": "Agent"}, {"p": 579, "c": 0.9, "s": 217635, "e": 217939, "w": "幺", "sp": "Customer"}, {"p": 580, "c": 0.9, "s": 217885, "e": 218670, "w": "设置", "sp": "Agent"}, {"p": 581, "c": 0.9, "s": 217939, "e": 218241, "w": "四", "sp": "Customer"}, {"p": 582, "c": 0.9, "s": 218242, "e": 218546, "w": "零", "sp": "Customer"}, {"p": 583, "c": 0.9, "s": 218546, "e": 218850, "w": "二", "sp": "Customer"}, {"p": 584, "c": 0.9, "s": 219040, "e": 219333, "w": "好", "sp": "Agent"}, {"p": 585, "c": 0.9, "s": 219333, "e": 219920, "w": "紫色", "sp": "Agent"}, {"p": 586, "c": 0.9, "s": 219920, "e": 220214, "w": "的", "sp": "Agent"}, {"p": 587, "c": 0.9, "s": 220214, "e": 220508, "w": "紫", "sp": "Agent"}, {"p": 588, "c": 0.9, "s": 220508, "e": 221095, "w": "金色", "sp": "Agent"}, {"p": 589, "c": 0.9, "s": 221095, "e": 221389, "w": "的", "sp": "Agent"}, {"p": 590, "c": 0.9, "s": 221389, "e": 221682, "w": "金", "sp": "Agent"}, {"p": 591, "c": 0.9, "s": 221682, "e": 221976, "w": "对", "sp": "Agent"}, {"p": 592, "c": 0.9, "s": 221976, "e": 222270, "w": "吗", "sp": "Agent"}, {"p": 593, "c": 0.9, "s": 222500, "e": 222923, "w": "对", "sp": "Customer"}, {"p": 594, "c": 0.9, "s": 222923, "e": 223770, "w": "没错", "sp": "Customer"}, {"p": 595, "c": 0.9, "s": 224000, "e": 224365, "w": "嗯", "sp": "Agent"}, {"p": 596, "c": 0.9, "s": 224365, "e": 225097, "w": "斧子", "sp": "Agent"}, {"p": 597, "c": 0.9, "s": 225097, "e": 225462, "w": "的", "sp": "Agent"}, {"p": 598, "c": 0.9, "s": 225400, "e": 226680, "w": "禁止", "sp": "Customer"}, {"p": 599, "c": 0.9, "s": 225462, "e": 225828, "w": "斧", "sp": "Agent"}, {"p": 600, "c": 0.9, "s": 225828, "e": 226194, "w": "三", "sp": "Agent"}, {"p": 601, "c": 0.9, "s": 226194, "e": 226560, "w": "栋", "sp": "Agent"}, {"p": 602, "c": 0.9, "s": 227370, "e": 227636, "w": "俊", "sp": "Customer"}, {"p": 603, "c": 0.9, "s": 227636, "e": 227903, "w": "俊", "sp": "Customer"}, {"p": 604, "c": 0.9, "s": 227903, "e": 228170, "w": "是", "sp": "Customer"}, {"p": 605, "c": 0.9, "s": 228170, "e": 228703, "w": "那个", "sp": "Customer"}, {"p": 606, "c": 0.9, "s": 228703, "e": 229236, "w": "耳朵", "sp": "Customer"}, {"p": 607, "c": 0.9, "s": 229236, "e": 229502, "w": "旁", "sp": "Customer"}, {"p": 608, "c": 0.9, "s": 229503, "e": 230036, "w": "那个", "sp": "Customer"}, {"p": 609, "c": 0.9, "s": 230036, "e": 230303, "w": "骏", "sp": "Customer"}, {"p": 610, "c": 0.9, "s": 230303, "e": 230569, "w": "啊", "sp": "Customer"}, {"p": 611, "c": 0.9, "s": 230910, "e": 231253, "w": "啊", "sp": "Agent"}, {"p": 612, "c": 0.9, "s": 231253, "e": 231596, "w": "紫", "sp": "Agent"}, {"p": 613, "c": 0.9, "s": 231596, "e": 231939, "w": "郡", "sp": "Agent"}, {"p": 614, "c": 0.9, "s": 231940, "e": 232283, "w": "府", "sp": "Agent"}, {"p": 615, "c": 0.9, "s": 232283, "e": 232626, "w": "是", "sp": "Agent"}, {"p": 616, "c": 0.9, "s": 232626, "e": 232970, "w": "吗", "sp": "Agent"}, {"p": 617, "c": 0.9, "s": 232970, "e": 233313, "w": "嗯", "sp": "Agent"}, {"p": 618, "c": 0.9, "s": 233313, "e": 233656, "w": "三", "sp": "Agent"}, {"p": 619, "c": 0.9, "s": 233540, "e": 234599, "w": "对", "sp": "Customer"}, {"p": 620, "c": 0.9, "s": 233656, "e": 234000, "w": "栋", "sp": "Agent"}, {"p": 621, "c": 0.9, "s": 235360, "e": 235725, "w": "幺", "sp": "Customer"}, {"p": 622, "c": 0.9, "s": 235725, "e": 236090, "w": "四", "sp": "Customer"}, {"p": 623, "c": 0.9, "s": 236090, "e": 236455, "w": "零", "sp": "Customer"}, {"p": 624, "c": 0.9, "s": 236455, "e": 236820, "w": "二", "sp": "Customer"}, {"p": 625, "c": 0.9, "s": 237010, "e": 237258, "w": "我", "sp": "Agent"}, {"p": 626, "c": 0.9, "s": 237259, "e": 237508, "w": "报", "sp": "Agent"}, {"p": 627, "c": 0.9, "s": 237508, "e": 237756, "w": "一", "sp": "Agent"}, {"p": 628, "c": 0.9, "s": 237757, "e": 238006, "w": "遍", "sp": "Agent"}, {"p": 629, "c": 0.9, "s": 238006, "e": 238504, "w": "麻烦", "sp": "Agent"}, {"p": 630, "c": 0.9, "s": 238504, "e": 239002, "w": "核对", "sp": "Agent"}, {"p": 631, "c": 0.9, "s": 239002, "e": 239500, "w": "一下", "sp": "Agent"}, {"p": 632, "c": 0.9, "s": 239500, "e": 240248, "w": "广东省", "sp": "Agent"}, {"p": 633, "c": 0.9, "s": 240248, "e": 240995, "w": "广州市", "sp": "Agent"}, {"p": 634, "c": 0.9, "s": 240995, "e": 241493, "w": "荔湾", "sp": "Agent"}, {"p": 635, "c": 0.9, "s": 241493, "e": 241741, "w": "区", "sp": "Agent"}, {"p": 636, "c": 0.9, "s": 241742, "e": 242490, "w": "葛洲坝", "sp": "Agent"}, {"p": 637, "c": 0.9, "s": 242490, "e": 242739, "w": "紫", "sp": "Agent"}, {"p": 638, "c": 0.9, "s": 242739, "e": 242987, "w": "郡", "sp": "Agent"}, {"p": 639, "c": 0.9, "s": 242988, "e": 243237, "w": "府", "sp": "Agent"}, {"p": 640, "c": 0.9, "s": 243237, "e": 243486, "w": "三", "sp": "Agent"}, {"p": 641, "c": 0.9, "s": 243486, "e": 243734, "w": "栋", "sp": "Agent"}, {"p": 642, "c": 0.9, "s": 243735, "e": 244233, "w": "一四", "sp": "Agent"}, {"p": 643, "c": 0.9, "s": 244233, "e": 244482, "w": "零", "sp": "Agent"}, {"p": 644, "c": 0.9, "s": 244482, "e": 244730, "w": "二", "sp": "Agent"}, {"p": 645, "c": 0.9, "s": 244731, "e": 244980, "w": "对", "sp": "Agent"}, {"p": 646, "c": 0.9, "s": 244980, "e": 245230, "w": "吧", "sp": "Agent"}, {"p": 647, "c": 0.9, "s": 245480, "e": 245896, "w": "对", "sp": "Customer"}, {"p": 648, "c": 0.9, "s": 245896, "e": 246730, "w": "没错", "sp": "Customer"}, {"p": 649, "c": 0.9, "s": 246500, "e": 246744, "w": "嗯", "sp": "Agent"}, {"p": 650, "c": 0.9, "s": 246744, "e": 247232, "w": "空调", "sp": "Agent"}, {"p": 651, "c": 0.9, "s": 247232, "e": 247476, "w": "的", "sp": "Agent"}, {"p": 652, "c": 0.9, "s": 247477, "e": 247965, "w": "具体", "sp": "Agent"}, {"p": 653, "c": 0.9, "s": 247965, "e": 248454, "w": "型号", "sp": "Agent"}, {"p": 654, "c": 0.9, "s": 248454, "e": 248698, "w": "您", "sp": "Agent"}, {"p": 655, "c": 0.9, "s": 248698, "e": 249187, "w": "了解", "sp": "Agent"}, {"p": 656, "c": 0.9, "s": 249187, "e": 249431, "w": "吗", "sp": "Agent"}, {"p": 657, "c": 0.9, "s": 249431, "e": 249920, "w": "请问", "sp": "Agent"}, {"p": 658, "c": 0.9, "s": 250560, "e": 250826, "w": "呃", "sp": "Customer"}, {"p": 659, "c": 0.9, "s": 250826, "e": 251092, "w": "不", "sp": "Customer"}, {"p": 660, "c": 0.9, "s": 250940, "e": 251629, "w": "如果", "sp": "Agent"}, {"p": 661, "c": 0.9, "s": 251092, "e": 251359, "w": "太", "sp": "Customer"}, {"p": 662, "c": 0.9, "s": 251359, "e": 251892, "w": "清楚", "sp": "Customer"}, {"p": 663, "c": 0.9, "s": 251629, "e": 251972, "w": "不", "sp": "Agent"}, {"p": 664, "c": 0.9, "s": 251892, "e": 252425, "w": "只是", "sp": "Customer"}, {"p": 665, "c": 0.9, "s": 251973, "e": 252663, "w": "了解", "sp": "Agent"}, {"p": 666, "c": 0.9, "s": 252425, "e": 252691, "w": "是", "sp": "Customer"}, {"p": 667, "c": 0.9, "s": 252663, "e": 253006, "w": "那", "sp": "Agent"}, {"p": 668, "c": 0.9, "s": 252691, "e": 252957, "w": "倒", "sp": "Customer"}, {"p": 669, "c": 0.9, "s": 252957, "e": 253224, "w": "是", "sp": "Customer"}, {"p": 670, "c": 0.9, "s": 253007, "e": 253352, "w": "是", "sp": "Agent"}, {"p": 671, "c": 0.9, "s": 253224, "e": 253490, "w": "一", "sp": "Customer"}, {"p": 672, "c": 0.9, "s": 253352, "e": 253696, "w": "装", "sp": "Agent"}, {"p": 673, "c": 0.9, "s": 253490, "e": 253757, "w": "说", "sp": "Customer"}, {"p": 674, "c": 0.9, "s": 253696, "e": 254041, "w": "装", "sp": "Agent"}, {"p": 675, "c": 0.9, "s": 253757, "e": 254023, "w": "是", "sp": "Customer"}, {"p": 676, "c": 0.9, "s": 254023, "e": 254290, "w": "的", "sp": "Customer"}, {"p": 677, "c": 0.9, "s": 254041, "e": 254730, "w": "空调", "sp": "Agent"}, {"p": 678, "c": 0.9, "s": 254730, "e": 255075, "w": "吗", "sp": "Agent"}, {"p": 679, "c": 0.9, "s": 255075, "e": 255420, "w": "嗯", "sp": "Agent"}, {"p": 680, "c": 0.9, "s": 255760, "e": 256026, "w": "应", "sp": "Customer"}, {"p": 681, "c": 0.9, "s": 256026, "e": 256560, "w": "该是", "sp": "Customer"}, {"p": 682, "c": 0.9, "s": 256560, "e": 256825, "w": "一", "sp": "Customer"}, {"p": 683, "c": 0.9, "s": 256825, "e": 257092, "w": "波", "sp": "Customer"}, {"p": 684, "c": 0.9, "s": 257092, "e": 257359, "w": "是", "sp": "Customer"}, {"p": 685, "c": 0.9, "s": 257359, "e": 257625, "w": "吧", "sp": "Customer"}, {"p": 686, "c": 0.9, "s": 257626, "e": 257893, "w": "P", "sp": "Customer"}, {"p": 687, "c": 0.9, "s": 257720, "e": 257927, "w": "嗯", "sp": "Agent"}, {"p": 688, "c": 0.9, "s": 257893, "e": 258160, "w": "P", "sp": "Customer"}, {"p": 689, "c": 0.9, "s": 257927, "e": 258342, "w": "好好", "sp": "Agent"}, {"p": 690, "c": 0.9, "s": 258342, "e": 258551, "w": "那", "sp": "Agent"}, {"p": 691, "c": 0.9, "s": 258551, "e": 258758, "w": "您", "sp": "Agent"}, {"p": 692, "c": 0.9, "s": 258758, "e": 258966, "w": "稍", "sp": "Agent"}, {"p": 693, "c": 0.9, "s": 258966, "e": 259174, "w": "等", "sp": "Agent"}, {"p": 694, "c": 0.9, "s": 259174, "e": 259589, "w": "一下", "sp": "Agent"}, {"p": 695, "c": 0.9, "s": 259588, "e": 259797, "w": "我", "sp": "Agent"}, {"p": 696, "c": 0.9, "s": 259797, "e": 260005, "w": "查", "sp": "Agent"}, {"p": 697, "c": 0.9, "s": 260005, "e": 260420, "w": "一下", "sp": "Agent"}, {"p": 698, "c": 0.9, "s": 260420, "e": 260836, "w": "事故", "sp": "Agent"}, {"p": 699, "c": 0.9, "s": 260836, "e": 261044, "w": "的", "sp": "Agent"}, {"p": 700, "c": 0.9, "s": 261044, "e": 261459, "w": "上门", "sp": "Agent"}, {"p": 701, "c": 0.9, "s": 261459, "e": 261875, "w": "时间", "sp": "Agent"}, {"p": 702, "c": 0.9, "s": 261875, "e": 262290, "w": "外企", "sp": "Agent"}, {"p": 703, "c": 0.9, "s": 262290, "e": 262706, "w": "的话", "sp": "Agent"}, {"p": 704, "c": 0.9, "s": 262706, "e": 262913, "w": "应", "sp": "Agent"}, {"p": 705, "c": 0.9, "s": 262913, "e": 263328, "w": "该是", "sp": "Agent"}, {"p": 706, "c": 0.9, "s": 263329, "e": 263537, "w": "由", "sp": "Agent"}, {"p": 707, "c": 0.9, "s": 263537, "e": 263952, "w": "统一", "sp": "Agent"}, {"p": 708, "c": 0.9, "s": 263952, "e": 264160, "w": "的", "sp": "Agent"}, {"p": 709, "c": 0.9, "s": 264160, "e": 264575, "w": "税务", "sp": "Agent"}, {"p": 710, "c": 0.9, "s": 264575, "e": 264991, "w": "平台", "sp": "Agent"}, {"p": 711, "c": 0.9, "s": 264991, "e": 265406, "w": "放置", "sp": "Agent"}, {"p": 712, "c": 0.9, "s": 265406, "e": 265614, "w": "的", "sp": "Agent"}, {"p": 713, "c": 0.9, "s": 265614, "e": 265822, "w": "对", "sp": "Agent"}, {"p": 714, "c": 0.9, "s": 265822, "e": 266030, "w": "吧", "sp": "Agent"}, {"p": 715, "c": 0.9, "s": 267040, "e": 267330, "w": "你", "sp": "Customer"}, {"p": 716, "c": 0.9, "s": 267330, "e": 267909, "w": "哪里", "sp": "Customer"}, {"p": 717, "c": 0.9, "s": 267910, "e": 268200, "w": "呀", "sp": "Customer"}, {"p": 718, "c": 0.9, "s": 268700, "e": 268956, "w": "外", "sp": "Agent"}, {"p": 719, "c": 0.9, "s": 268956, "e": 269212, "w": "机", "sp": "Agent"}, {"p": 720, "c": 0.9, "s": 269213, "e": 269470, "w": "应", "sp": "Agent"}, {"p": 721, "c": 0.9, "s": 269470, "e": 269984, "w": "该是", "sp": "Agent"}, {"p": 722, "c": 0.9, "s": 269984, "e": 270241, "w": "有", "sp": "Agent"}, {"p": 723, "c": 0.9, "s": 270241, "e": 270755, "w": "设备", "sp": "Agent"}, {"p": 724, "c": 0.9, "s": 270755, "e": 271269, "w": "平台", "sp": "Agent"}, {"p": 725, "c": 0.9, "s": 271269, "e": 271526, "w": "的", "sp": "Agent"}, {"p": 726, "c": 0.9, "s": 271526, "e": 271783, "w": "对", "sp": "Agent"}, {"p": 727, "c": 0.9, "s": 271783, "e": 272039, "w": "吗", "sp": "Agent"}, {"p": 728, "c": 0.9, "s": 272520, "e": 272862, "w": "呃", "sp": "Customer"}, {"p": 729, "c": 0.9, "s": 272862, "e": 273204, "w": "有", "sp": "Customer"}, {"p": 730, "c": 0.9, "s": 273204, "e": 273546, "w": "外", "sp": "Customer"}, {"p": 731, "c": 0.9, "s": 273546, "e": 273888, "w": "机", "sp": "Customer"}, {"p": 732, "c": 0.9, "s": 273888, "e": 274230, "w": "呀", "sp": "Customer"}, {"p": 733, "c": 0.9, "s": 273930, "e": 274162, "w": "嗯", "sp": "Agent"}, {"p": 734, "c": 0.9, "s": 274162, "e": 274625, "w": "看到", "sp": "Agent"}, {"p": 735, "c": 0.9, "s": 274626, "e": 275090, "w": "我们", "sp": "Agent"}, {"p": 736, "c": 0.9, "s": 275090, "e": 275554, "w": "师傅", "sp": "Agent"}, {"p": 737, "c": 0.9, "s": 275554, "e": 276017, "w": "最快", "sp": "Agent"}, {"p": 738, "c": 0.9, "s": 276018, "e": 276250, "w": "是", "sp": "Agent"}, {"p": 739, "c": 0.9, "s": 276250, "e": 276482, "w": "在", "sp": "Agent"}, {"p": 740, "c": 0.9, "s": 276482, "e": 276945, "w": "今天", "sp": "Agent"}, {"p": 741, "c": 0.9, "s": 276946, "e": 277410, "w": "三月", "sp": "Agent"}, {"p": 742, "c": 0.9, "s": 277410, "e": 278106, "w": "十三号", "sp": "Agent"}, {"p": 743, "c": 0.9, "s": 278106, "e": 278337, "w": "就", "sp": "Agent"}, {"p": 744, "c": 0.9, "s": 278338, "e": 278802, "w": "可以", "sp": "Agent"}, {"p": 745, "c": 0.9, "s": 278802, "e": 279266, "w": "上门", "sp": "Agent"}, {"p": 746, "c": 0.9, "s": 279266, "e": 279498, "w": "了", "sp": "Agent"}, {"p": 747, "c": 0.9, "s": 279498, "e": 279729, "w": "苏", "sp": "Agent"}, {"p": 748, "c": 0.9, "s": 279730, "e": 280194, "w": "先生", "sp": "Agent"}, {"p": 749, "c": 0.9, "s": 280194, "e": 280658, "w": "方便", "sp": "Agent"}, {"p": 750, "c": 0.9, "s": 280658, "e": 280889, "w": "吗", "sp": "Agent"}, {"p": 751, "c": 0.9, "s": 281140, "e": 281600, "w": "可以", "sp": "Customer"}, {"p": 752, "c": 0.9, "s": 281600, "e": 281830, "w": "啊", "sp": "Customer"}, {"p": 753, "c": 0.9, "s": 281830, "e": 282289, "w": "现在", "sp": "Customer"}, {"p": 754, "c": 0.9, "s": 281920, "e": 282365, "w": "黄岩", "sp": "Agent"}, {"p": 755, "c": 0.9, "s": 282290, "e": 282750, "w": "有人", "sp": "Customer"}, {"p": 756, "c": 0.9, "s": 282365, "e": 282586, "w": "嗯", "sp": "Agent"}, {"p": 757, "c": 0.9, "s": 282587, "e": 283032, "w": "黄岩", "sp": "Agent"}, {"p": 758, "c": 0.9, "s": 282750, "e": 283210, "w": "在家", "sp": "Customer"}, {"p": 759, "c": 0.9, "s": 283032, "e": 283255, "w": "好", "sp": "Agent"}, {"p": 760, "c": 0.9, "s": 283210, "e": 283440, "w": "里", "sp": "Customer"}, {"p": 761, "c": 0.9, "s": 283255, "e": 283700, "w": "黄岩", "sp": "Agent"}, {"p": 762, "c": 0.9, "s": 283700, "e": 284145, "w": "期间", "sp": "Agent"}, {"p": 763, "c": 0.9, "s": 284145, "e": 284590, "w": "的话", "sp": "Agent"}, {"p": 764, "c": 0.9, "s": 284590, "e": 285035, "w": "小区", "sp": "Agent"}, {"p": 765, "c": 0.9, "s": 285035, "e": 285257, "w": "就", "sp": "Agent"}, {"p": 766, "c": 0.9, "s": 285257, "e": 285702, "w": "可以", "sp": "Agent"}, {"p": 767, "c": 0.9, "s": 285702, "e": 286147, "w": "正常", "sp": "Agent"}, {"p": 768, "c": 0.9, "s": 286147, "e": 286592, "w": "上门", "sp": "Agent"}, {"p": 769, "c": 0.9, "s": 286592, "e": 286815, "w": "的", "sp": "Agent"}, {"p": 770, "c": 0.9, "s": 286815, "e": 287037, "w": "对", "sp": "Agent"}, {"p": 771, "c": 0.9, "s": 287037, "e": 287259, "w": "吧", "sp": "Agent"}, {"p": 772, "c": 0.9, "s": 287390, "e": 287641, "w": "啊", "sp": "Customer"}, {"p": 773, "c": 0.9, "s": 287641, "e": 288143, "w": "可以", "sp": "Customer"}, {"p": 774, "c": 0.9, "s": 288143, "e": 288394, "w": "扫", "sp": "Customer"}, {"p": 775, "c": 0.9, "s": 288394, "e": 288645, "w": "码", "sp": "Customer"}, {"p": 776, "c": 0.9, "s": 288645, "e": 288896, "w": "就", "sp": "Customer"}, {"p": 777, "c": 0.9, "s": 288740, "e": 288978, "w": "嗯", "sp": "Agent"}, {"p": 778, "c": 0.9, "s": 288896, "e": 289398, "w": "可以", "sp": "Customer"}, {"p": 779, "c": 0.9, "s": 288978, "e": 289217, "w": "嗯", "sp": "Agent"}, {"p": 780, "c": 0.9, "s": 289217, "e": 289455, "w": "嗯", "sp": "Agent"}, {"p": 781, "c": 0.9, "s": 289398, "e": 289650, "w": "了", "sp": "Customer"}, {"p": 782, "c": 0.9, "s": 289455, "e": 289694, "w": "好", "sp": "Agent"}, {"p": 783, "c": 0.9, "s": 289694, "e": 289932, "w": "那", "sp": "Agent"}, {"p": 784, "c": 0.9, "s": 289932, "e": 290171, "w": "都", "sp": "Agent"}, {"p": 785, "c": 0.9, "s": 290171, "e": 290647, "w": "登记", "sp": "Agent"}, {"p": 786, "c": 0.9, "s": 290648, "e": 290886, "w": "好", "sp": "Agent"}, {"p": 787, "c": 0.9, "s": 290886, "e": 291125, "w": "了", "sp": "Agent"}, {"p": 788, "c": 0.9, "s": 291125, "e": 291602, "w": "还有", "sp": "Agent"}, {"p": 789, "c": 0.9, "s": 291602, "e": 292078, "w": "其他", "sp": "Agent"}, {"p": 790, "c": 0.9, "s": 292079, "e": 292556, "w": "需要", "sp": "Agent"}, {"p": 791, "c": 0.9, "s": 292556, "e": 293033, "w": "咨询", "sp": "Agent"}, {"p": 792, "c": 0.9, "s": 293033, "e": 293271, "w": "的", "sp": "Agent"}, {"p": 793, "c": 0.9, "s": 293271, "e": 293510, "w": "吗", "sp": "Agent"}, {"p": 794, "c": 0.9, "s": 293670, "e": 294007, "w": "啊", "sp": "Customer"}, {"p": 795, "c": 0.9, "s": 294007, "e": 294681, "w": "没有", "sp": "Customer"}, {"p": 796, "c": 0.9, "s": 294682, "e": 295020, "w": "了", "sp": "Customer"}, {"p": 797, "c": 0.9, "s": 295040, "e": 295244, "w": "好", "sp": "Agent"}, {"p": 798, "c": 0.9, "s": 295244, "e": 295448, "w": "那", "sp": "Agent"}, {"p": 799, "c": 0.9, "s": 295449, "e": 295654, "w": "您", "sp": "Agent"}, {"p": 800, "c": 0.9, "s": 295654, "e": 296063, "w": "稍后", "sp": "Agent"}, {"p": 801, "c": 0.9, "s": 296063, "e": 296267, "w": "也", "sp": "Agent"}, {"p": 802, "c": 0.9, "s": 296268, "e": 296678, "w": "开通", "sp": "Agent"}, {"p": 803, "c": 0.9, "s": 296678, "e": 296882, "w": "微", "sp": "Agent"}, {"p": 804, "c": 0.9, "s": 296882, "e": 297086, "w": "信", "sp": "Agent"}, {"p": 805, "c": 0.9, "s": 297087, "e": 297497, "w": "公众", "sp": "Agent"}, {"p": 806, "c": 0.9, "s": 297497, "e": 297702, "w": "号", "sp": "Agent"}, {"p": 807, "c": 0.9, "s": 297702, "e": 298111, "w": "欢迎", "sp": "Agent"}, {"p": 808, "c": 0.9, "s": 298111, "e": 298521, "w": "关注", "sp": "Agent"}, {"p": 809, "c": 0.9, "s": 298521, "e": 298930, "w": "使用", "sp": "Agent"}, {"p": 810, "c": 0.9, "s": 298930, "e": 299134, "w": "也", "sp": "Agent"}, {"p": 811, "c": 0.9, "s": 299135, "e": 299545, "w": "麻烦", "sp": "Agent"}, {"p": 812, "c": 0.9, "s": 299545, "e": 299954, "w": "稍后", "sp": "Agent"}, {"p": 813, "c": 0.9, "s": 299954, "e": 300159, "w": "对", "sp": "Agent"}, {"p": 814, "c": 0.9, "s": 300159, "e": 300568, "w": "本次", "sp": "Agent"}, {"p": 815, "c": 0.9, "s": 300568, "e": 300978, "w": "服务", "sp": "Agent"}, {"p": 816, "c": 0.9, "s": 300978, "e": 301182, "w": "做", "sp": "Agent"}, {"p": 817, "c": 0.9, "s": 301183, "e": 301387, "w": "个", "sp": "Agent"}, {"p": 818, "c": 0.9, "s": 301387, "e": 302001, "w": "满意度", "sp": "Agent"}, {"p": 819, "c": 0.9, "s": 302002, "e": 302411, "w": "评价", "sp": "Agent"}, {"p": 820, "c": 0.9, "s": 302411, "e": 302821, "w": "祝您", "sp": "Agent"}, {"p": 821, "c": 0.9, "s": 302821, "e": 303230, "w": "生活", "sp": "Agent"}, {"p": 822, "c": 0.9, "s": 303230, "e": 303640, "w": "愉快", "sp": "Agent"}, {"p": 823, "c": 0.9, "s": 303640, "e": 304050, "w": "再见", "sp": "Agent"}, {"p": 824, "c": 0.9, "s": 305970, "e": 306255, "w": "请", "sp": "Agent"}, {"p": 825, "c": 0.9, "s": 306255, "e": 306540, "w": "对", "sp": "Agent"}, {"p": 826, "c": 0.9, "s": 306540, "e": 307111, "w": "本次", "sp": "Agent"}, {"p": 827, "c": 0.9, "s": 307111, "e": 307682, "w": "服务", "sp": "Agent"}, {"p": 828, "c": 0.9, "s": 307682, "e": 307967, "w": "做", "sp": "Agent"}, {"p": 829, "c": 0.9, "s": 307967, "e": 308538, "w": "评价", "sp": "Agent"}, {"p": 830, "c": 0.9, "s": 308538, "e": 309109, "w": "非常", "sp": "Agent"}, {"p": 831, "c": 0.9, "s": 309109, "e": 309680, "w": "满意", "sp": "Agent"}, {"p": 832, "c": 0.9, "s": 310350, "e": 311328, "w": "感谢您", "sp": "Agent"}, {"p": 833, "c": 0.9, "s": 311328, "e": 311655, "w": "的", "sp": "Agent"}, {"p": 834, "c": 0.9, "s": 311655, "e": 312307, "w": "来电", "sp": "Agent"}, {"p": 835, "c": 0.9, "s": 312307, "e": 312960, "w": "再见", "sp": "Agent"}]}, "plainText": "六零 二 六号 为您服务 下午 好 大厅 售后 很 高兴 为您服务 请问 有 什么\n哎\n可以\n你好\n帮助\n这边\n您 的 吗\n是 这边 是 酒店 府 物业 的 呃 想 帮\n嗯\n一个 业主 报 一下 那个 空调 的 故障\n好 的 是 物业 代办 是 吗 那 用户 的 空调\n啊\n出现 什么\n对\n故障 了 不好意思\n现在 的话 所有 房间 的 那个 大厅 的 面板 全部 都 是 写 的 那个 无 冷月 选择权 的 然后 怎么\n哦\n调 的话 都 不行 把 那个 电源 关 了 再 开 还是 出现 无 冷月 选择权\n就是\n的\n第一个 前 第一个 开始 的 空调 面板 也 没有 办法 调 这种 就是说 什么\n可以 调 但是 的话 其他 房间 的 面板 是 不行 的\n对 因为 这个 无 冷热 选择权 是 不 影响 使用 的 我们 的 空调 呢 是 嗯 一 一会儿 空调 制冷 所有 的 都 是 制冷 一个 炙热 所有 的 都 是 炙热 的 所以 每次 开启 的 时候 把 第一个 开启 的 面板 把 它 调 成 您 想要 的 模式 这样 整机 就 都 是 这个 模式 了 其他 空调 就 不 需要 调 的\n但是 他 房间 那个 面板 还是 写 着 炙热 或者 冻 风 的 哦 没有\n对 对\n制冷\n没关系\n哦\n的 它 显示 它 是 不 影响 使用 的 它 那个 显示 是 没 有用 的\n啊 但是 他 他 说\n对\n房间\n就是\n没有 感 受到 冷气 的\n嗯 就是 嗯 现在 您 这边 室外 温度 大概 在 多少 度 呢\n呃 它 那里 显示 的话 是 十九 的 但是 我 我 进 家 里面 的话 感觉 不了 有空 调 啊\n好 没关系 那 如果 是 这样 就是说 现在 您 室外 温度 应 该是 在 二 十度 左右 吗 还是 说\n哎 对 是\n室外\n广州\n温度\n之外\n嗯\n的\n还是\n人 之外\n嗯\n温州\n就\n应该\n比较\n也 要\n热 就是说 现在 空调 除了 有 无 的 人选 择选 以外 它 还有 不 制冷 的 现象 是 这个 意思 吗\n对 对 对 对\n嗯 好 确实\n对\n非常 抱歉 了 那 还是 让 事故 向 我们 自己 检查 一下 吧 请问 上门\n可以\n我们 电话 联系 联系 用户 呢 嗯 嗯\n呃 联系 用户 吧 我 给 个 电话 给 你们\n可以 的 用户 贵姓\n呃 用户 姓 苏\n苏 先生 对 吧\n对 对 对 他 的 电话号码\n嗯\n我 给 一下 你\n嗯\n吧\n好 麻烦\n幺 八五\n报 一下 幺 八五\n六五 幺 九\n六五 幺 九\n三 幺 九 幺\n好 的 我 报 一 遍 您 核对 一下 幺 八五 六五 幺 九三 幺 九 幺 对 吧 空调 的 购买\n对 幺\n时间\n八五\n您\n六五\n了解\n幺\n吗\n九三 幺 九 幺\n嗯 空调 什么 时候 购买 的 还 记得 吗\n呃 都 是 物业 统一 安装 的 就 就是 开发商 统一 安装 的\n那 家 用 保修 是 三年 上午 是 两年 如果 没有 过 保 提供 发票 就 可以 了 好 的 麻烦 报\n可以\n一下 上面 的 地址 吧 哪个\n口头\n省\n报\n呢\n指定 处 呃 广东省\n嗯\n广州市\n嗯\n我\n哪\n说话\n一个\n时间\n区 呢\n呃 荔湾 区\n嗯 荔湾 区 然后 葛洲坝 的话 是 草字头 的 葛 吗\n对 没错\n周 带 不 带 三点水 的 粥 呢\n呃 对 对\n嗯 然后\n对\n罢 就 土 字 旁 加 个 宝贝 的 贝 对 吧\n对 没错\n嗯 然后\n紫 金属 然后 葛洲坝 紫 金属 三\n嗯\n栋\n只\n幺\n设置\n四 零 二\n好 紫色 的 紫 金色 的 金 对 吗\n对 没错\n嗯 斧子 的\n禁止\n斧 三 栋\n俊 俊 是 那个 耳朵 旁 那个 骏 啊\n啊 紫 郡 府 是 吗 嗯 三\n对\n栋\n幺 四 零 二\n我 报 一 遍 麻烦 核对 一下 广东省 广州市 荔湾 区 葛洲坝 紫 郡 府 三 栋 一四 零 二 对 吧\n对 没错\n嗯 空调 的 具体 型号 您 了解 吗 请问\n呃 不\n如果\n太 清楚\n不\n只是\n了解\n是\n那\n倒 是\n是\n一\n装\n说\n装\n是 的\n空调 吗 嗯\n应 该是 一 波 是 吧 P\n嗯\nP\n好好 那 您 稍 等 一下 我 查 一下 事故 的 上门 时间 外企 的话 应 该是 由 统一 的 税务 平台 放置 的 对 吧\n你 哪里 呀\n外 机 应 该是 有 设备 平台 的 对 吗\n呃 有 外 机 呀\n嗯 看到 我们 师傅 最快 是 在 今天 三月 十三号 就 可以 上门 了 苏 先生 方便 吗\n可以 啊 现在\n黄岩\n有人\n嗯 黄岩\n在家\n好\n里\n黄岩 期间 的话 小区 就 可以 正常 上门 的 对 吧\n啊 可以 扫 码 就\n嗯\n可以\n嗯 嗯\n了\n好 那 都 登记 好 了 还有 其他 需要 咨询 的 吗\n啊 没有 了\n好 那 您 稍后 也 开通 微 信 公众 号 欢迎 关注 使用 也 麻烦 稍后 对 本次 服务 做 个 满意度 评价 祝您 生活 愉快 再见 请 对 本次 服务 做 评价 非常 满意 感谢您 的 来电 再见", "plainTextTime": {"verbatims": [{"s": 4380, "e": 14051, "w": "六零 二 六号 为您服务 下午 好 大厅 售后 很 高兴 为您服务 请问 有 什么", "sp": "Agent"}, {"s": 13890, "e": 14182, "w": "哎", "sp": "Customer"}, {"s": 14051, "e": 14436, "w": "可以", "sp": "Agent"}, {"s": 14182, "e": 14767, "w": "你好", "sp": "Customer"}, {"s": 14436, "e": 14821, "w": "帮助", "sp": "Agent"}, {"s": 14767, "e": 15352, "w": "这边", "sp": "Customer"}, {"s": 14821, "e": 15400, "w": "您 的 吗", "sp": "Agent"}, {"s": 15352, "e": 19154, "w": "是 这边 是 酒店 府 物业 的 呃 想 帮", "sp": "Customer"}, {"s": 18990, "e": 20110, "w": "嗯", "sp": "Agent"}, {"s": 19155, "e": 23250, "w": "一个 业主 报 一下 那个 空调 的 故障", "sp": "Customer"}, {"s": 23630, "e": 26716, "w": "好 的 是 物业 代办 是 吗 那 用户 的 空调", "sp": "Agent"}, {"s": 26520, "e": 27180, "w": "啊", "sp": "Customer"}, {"s": 26716, "e": 27539, "w": "出现 什么", "sp": "Agent"}, {"s": 27180, "e": 27840, "w": "对", "sp": "Customer"}, {"s": 27539, "e": 28980, "w": "故障 了 不好意思", "sp": "Agent"}, {"s": 29480, "e": 36623, "w": "现在 的话 所有 房间 的 那个 大厅 的 面板 全部 都 是 写 的 那个 无 冷月 选择权 的 然后 怎么", "sp": "Customer"}, {"s": 36360, "e": 37410, "w": "哦", "sp": "Agent"}, {"s": 36623, "e": 41725, "w": "调 的话 都 不行 把 那个 电源 关 了 再 开 还是 出现 无 冷月 选择权", "sp": "Customer"}, {"s": 41580, "e": 42011, "w": "就是", "sp": "Agent"}, {"s": 41725, "e": 41930, "w": "的", "sp": "Customer"}, {"s": 42011, "e": 47840, "w": "第一个 前 第一个 开始 的 空调 面板 也 没有 办法 调 这种 就是说 什么", "sp": "Agent"}, {"s": 48220, "e": 52620, "w": "可以 调 但是 的话 其他 房间 的 面板 是 不行 的", "sp": "Customer"}, {"s": 52930, "e": 71700, "w": "对 因为 这个 无 冷热 选择权 是 不 影响 使用 的 我们 的 空调 呢 是 嗯 一 一会儿 空调 制冷 所有 的 都 是 制冷 一个 炙热 所有 的 都 是 炙热 的 所以 每次 开启 的 时候 把 第一个 开启 的 面板 把 它 调 成 您 想要 的 模式 这样 整机 就 都 是 这个 模式 了 其他 空调 就 不 需要 调 的", "sp": "Agent"}, {"s": 72150, "e": 76546, "w": "但是 他 房间 那个 面板 还是 写 着 炙热 或者 冻 风 的 哦 没有", "sp": "Customer"}, {"s": 76310, "e": 76745, "w": "对 对", "sp": "Agent"}, {"s": 76546, "e": 76928, "w": "制冷", "sp": "Customer"}, {"s": 76745, "e": 77398, "w": "没关系", "sp": "Agent"}, {"s": 76928, "e": 77120, "w": "哦", "sp": "Customer"}, {"s": 77398, "e": 82190, "w": "的 它 显示 它 是 不 影响 使用 的 它 那个 显示 是 没 有用 的", "sp": "Agent"}, {"s": 84520, "e": 86327, "w": "啊 但是 他 他 说", "sp": "Customer"}, {"s": 86090, "e": 86732, "w": "对", "sp": "Agent"}, {"s": 86327, "e": 86930, "w": "房间", "sp": "Customer"}, {"s": 86733, "e": 88020, "w": "就是", "sp": "Agent"}, {"s": 86930, "e": 89340, "w": "没有 感 受到 冷气 的", "sp": "Customer"}, {"s": 89670, "e": 94509, "w": "嗯 就是 嗯 现在 您 这边 室外 温度 大概 在 多少 度 呢", "sp": "Agent"}, {"s": 95610, "e": 103360, "w": "呃 它 那里 显示 的话 是 十九 的 但是 我 我 进 家 里面 的话 感觉 不了 有空 调 啊", "sp": "Customer"}, {"s": 104620, "e": 111300, "w": "好 没关系 那 如果 是 这样 就是说 现在 您 室外 温度 应 该是 在 二 十度 左右 吗 还是 说", "sp": "Agent"}, {"s": 112630, "e": 113673, "w": "哎 对 是", "sp": "Customer"}, {"s": 113400, "e": 114103, "w": "室外", "sp": "Agent"}, {"s": 113674, "e": 114370, "w": "广州", "sp": "Customer"}, {"s": 114103, "e": 114806, "w": "温度", "sp": "Agent"}, {"s": 114650, "e": 115096, "w": "之外", "sp": "Customer"}, {"s": 114806, "e": 115158, "w": "嗯", "sp": "Agent"}, {"s": 115096, "e": 115320, "w": "的", "sp": "Customer"}, {"s": 115158, "e": 115861, "w": "还是", "sp": "Agent"}, {"s": 115320, "e": 115990, "w": "人 之外", "sp": "Customer"}, {"s": 115861, "e": 116213, "w": "嗯", "sp": "Agent"}, {"s": 115990, "e": 116436, "w": "温州", "sp": "Customer"}, {"s": 116213, "e": 116564, "w": "就", "sp": "Agent"}, {"s": 116436, "e": 116882, "w": "应该", "sp": "Customer"}, {"s": 116565, "e": 117268, "w": "比较", "sp": "Agent"}, {"s": 116883, "e": 117330, "w": "也 要", "sp": "Customer"}, {"s": 117268, "e": 124950, "w": "热 就是说 现在 空调 除了 有 无 的 人选 择选 以外 它 还有 不 制冷 的 现象 是 这个 意思 吗", "sp": "Agent"}, {"s": 125240, "e": 126912, "w": "对 对 对 对", "sp": "Customer"}, {"s": 126510, "e": 127254, "w": "嗯 好 确实", "sp": "Agent"}, {"s": 126912, "e": 127330, "w": "对", "sp": "Customer"}, {"s": 127254, "e": 131909, "w": "非常 抱歉 了 那 还是 让 事故 向 我们 自己 检查 一下 吧 请问 上门", "sp": "Agent"}, {"s": 131790, "e": 132849, "w": "可以", "sp": "Customer"}, {"s": 131909, "e": 134330, "w": "我们 电话 联系 联系 用户 呢 嗯 嗯", "sp": "Agent"}, {"s": 134540, "e": 137190, "w": "呃 联系 用户 吧 我 给 个 电话 给 你们", "sp": "Customer"}, {"s": 137040, "e": 138930, "w": "可以 的 用户 贵姓", "sp": "Agent"}, {"s": 139850, "e": 142160, "w": "呃 用户 姓 苏", "sp": "Customer"}, {"s": 142320, "e": 144160, "w": "苏 先生 对 吧", "sp": "Agent"}, {"s": 144610, "e": 146290, "w": "对 对 对 他 的 电话号码", "sp": "Customer"}, {"s": 145910, "e": 146910, "w": "嗯", "sp": "Agent"}, {"s": 146290, "e": 147222, "w": "我 给 一下 你", "sp": "Customer"}, {"s": 147190, "e": 147497, "w": "嗯", "sp": "Agent"}, {"s": 147223, "e": 147410, "w": "吧", "sp": "Customer"}, {"s": 147497, "e": 148418, "w": "好 麻烦", "sp": "Agent"}, {"s": 147850, "e": 149400, "w": "幺 八五", "sp": "Customer"}, {"s": 148418, "e": 151240, "w": "报 一下 幺 八五", "sp": "Agent"}, {"s": 151500, "e": 153219, "w": "六五 幺 九", "sp": "Customer"}, {"s": 153260, "e": 155100, "w": "六五 幺 九", "sp": "Agent"}, {"s": 155340, "e": 156850, "w": "三 幺 九 幺", "sp": "Customer"}, {"s": 157150, "e": 163637, "w": "好 的 我 报 一 遍 您 核对 一下 幺 八五 六五 幺 九三 幺 九 幺 对 吧 空调 的 购买", "sp": "Agent"}, {"s": 163210, "e": 163706, "w": "对 幺", "sp": "Customer"}, {"s": 163637, "e": 164084, "w": "时间", "sp": "Agent"}, {"s": 163706, "e": 164202, "w": "八五", "sp": "Customer"}, {"s": 164085, "e": 164308, "w": "您", "sp": "Agent"}, {"s": 164203, "e": 164700, "w": "六五", "sp": "Customer"}, {"s": 164308, "e": 164756, "w": "了解", "sp": "Agent"}, {"s": 164700, "e": 164948, "w": "幺", "sp": "Customer"}, {"s": 164756, "e": 164980, "w": "吗", "sp": "Agent"}, {"s": 164948, "e": 166189, "w": "九三 幺 九 幺", "sp": "Customer"}, {"s": 166220, "e": 169350, "w": "嗯 空调 什么 时候 购买 的 还 记得 吗", "sp": "Agent"}, {"s": 170150, "e": 174310, "w": "呃 都 是 物业 统一 安装 的 就 就是 开发商 统一 安装 的", "sp": "Customer"}, {"s": 174880, "e": 181528, "w": "那 家 用 保修 是 三年 上午 是 两年 如果 没有 过 保 提供 发票 就 可以 了 好 的 麻烦 报", "sp": "Agent"}, {"s": 181410, "e": 182410, "w": "可以", "sp": "Customer"}, {"s": 181528, "e": 184295, "w": "一下 上面 的 地址 吧 哪个", "sp": "Agent"}, {"s": 183850, "e": 184496, "w": "口头", "sp": "Customer"}, {"s": 184295, "e": 184707, "w": "省", "sp": "Agent"}, {"s": 184496, "e": 184819, "w": "报", "sp": "Customer"}, {"s": 184707, "e": 185120, "w": "呢", "sp": "Agent"}, {"s": 184819, "e": 187079, "w": "指定 处 呃 广东省", "sp": "Customer"}, {"s": 186490, "e": 187560, "w": "嗯", "sp": "Agent"}, {"s": 187080, "e": 188050, "w": "广州市", "sp": "Customer"}, {"s": 188100, "e": 189260, "w": "嗯", "sp": "Agent"}, {"s": 190200, "e": 190538, "w": "我", "sp": "Customer"}, {"s": 190420, "e": 190730, "w": "哪", "sp": "Agent"}, {"s": 190538, "e": 191213, "w": "说话", "sp": "Customer"}, {"s": 190730, "e": 191349, "w": "一个", "sp": "Agent"}, {"s": 191214, "e": 191890, "w": "时间", "sp": "Customer"}, {"s": 191350, "e": 191970, "w": "区 呢", "sp": "Agent"}, {"s": 192700, "e": 194310, "w": "呃 荔湾 区", "sp": "Customer"}, {"s": 194290, "e": 199650, "w": "嗯 荔湾 区 然后 葛洲坝 的话 是 草字头 的 葛 吗", "sp": "Agent"}, {"s": 199970, "e": 201240, "w": "对 没错", "sp": "Customer"}, {"s": 201100, "e": 203600, "w": "周 带 不 带 三点水 的 粥 呢", "sp": "Agent"}, {"s": 204420, "e": 206437, "w": "呃 对 对", "sp": "Customer"}, {"s": 205940, "e": 206583, "w": "嗯 然后", "sp": "Agent"}, {"s": 206437, "e": 207110, "w": "对", "sp": "Customer"}, {"s": 206583, "e": 209370, "w": "罢 就 土 字 旁 加 个 宝贝 的 贝 对 吧", "sp": "Agent"}, {"s": 209820, "e": 211080, "w": "对 没错", "sp": "Customer"}, {"s": 210920, "e": 212610, "w": "嗯 然后", "sp": "Agent"}, {"s": 213690, "e": 217332, "w": "紫 金属 然后 葛洲坝 紫 金属 三", "sp": "Customer"}, {"s": 217100, "e": 217492, "w": "嗯", "sp": "Agent"}, {"s": 217332, "e": 217635, "w": "栋", "sp": "Customer"}, {"s": 217492, "e": 217885, "w": "只", "sp": "Agent"}, {"s": 217635, "e": 217939, "w": "幺", "sp": "Customer"}, {"s": 217885, "e": 218670, "w": "设置", "sp": "Agent"}, {"s": 217939, "e": 218850, "w": "四 零 二", "sp": "Customer"}, {"s": 219040, "e": 222270, "w": "好 紫色 的 紫 金色 的 金 对 吗", "sp": "Agent"}, {"s": 222500, "e": 223770, "w": "对 没错", "sp": "Customer"}, {"s": 224000, "e": 225462, "w": "嗯 斧子 的", "sp": "Agent"}, {"s": 225400, "e": 226680, "w": "禁止", "sp": "Customer"}, {"s": 225462, "e": 226560, "w": "斧 三 栋", "sp": "Agent"}, {"s": 227370, "e": 230569, "w": "俊 俊 是 那个 耳朵 旁 那个 骏 啊", "sp": "Customer"}, {"s": 230910, "e": 233656, "w": "啊 紫 郡 府 是 吗 嗯 三", "sp": "Agent"}, {"s": 233540, "e": 234599, "w": "对", "sp": "Customer"}, {"s": 233656, "e": 234000, "w": "栋", "sp": "Agent"}, {"s": 235360, "e": 236820, "w": "幺 四 零 二", "sp": "Customer"}, {"s": 237010, "e": 245230, "w": "我 报 一 遍 麻烦 核对 一下 广东省 广州市 荔湾 区 葛洲坝 紫 郡 府 三 栋 一四 零 二 对 吧", "sp": "Agent"}, {"s": 245480, "e": 246730, "w": "对 没错", "sp": "Customer"}, {"s": 246500, "e": 249920, "w": "嗯 空调 的 具体 型号 您 了解 吗 请问", "sp": "Agent"}, {"s": 250560, "e": 251092, "w": "呃 不", "sp": "Customer"}, {"s": 250940, "e": 251629, "w": "如果", "sp": "Agent"}, {"s": 251092, "e": 251892, "w": "太 清楚", "sp": "Customer"}, {"s": 251629, "e": 251972, "w": "不", "sp": "Agent"}, {"s": 251892, "e": 252425, "w": "只是", "sp": "Customer"}, {"s": 251973, "e": 252663, "w": "了解", "sp": "Agent"}, {"s": 252425, "e": 252691, "w": "是", "sp": "Customer"}, {"s": 252663, "e": 253006, "w": "那", "sp": "Agent"}, {"s": 252691, "e": 253224, "w": "倒 是", "sp": "Customer"}, {"s": 253007, "e": 253352, "w": "是", "sp": "Agent"}, {"s": 253224, "e": 253490, "w": "一", "sp": "Customer"}, {"s": 253352, "e": 253696, "w": "装", "sp": "Agent"}, {"s": 253490, "e": 253757, "w": "说", "sp": "Customer"}, {"s": 253696, "e": 254041, "w": "装", "sp": "Agent"}, {"s": 253757, "e": 254290, "w": "是 的", "sp": "Customer"}, {"s": 254041, "e": 255420, "w": "空调 吗 嗯", "sp": "Agent"}, {"s": 255760, "e": 257893, "w": "应 该是 一 波 是 吧 P", "sp": "Customer"}, {"s": 257720, "e": 257927, "w": "嗯", "sp": "Agent"}, {"s": 257893, "e": 258160, "w": "P", "sp": "Customer"}, {"s": 257927, "e": 266030, "w": "好好 那 您 稍 等 一下 我 查 一下 事故 的 上门 时间 外企 的话 应 该是 由 统一 的 税务 平台 放置 的 对 吧", "sp": "Agent"}, {"s": 267040, "e": 268200, "w": "你 哪里 呀", "sp": "Customer"}, {"s": 268700, "e": 272039, "w": "外 机 应 该是 有 设备 平台 的 对 吗", "sp": "Agent"}, {"s": 272520, "e": 274230, "w": "呃 有 外 机 呀", "sp": "Customer"}, {"s": 273930, "e": 280889, "w": "嗯 看到 我们 师傅 最快 是 在 今天 三月 十三号 就 可以 上门 了 苏 先生 方便 吗", "sp": "Agent"}, {"s": 281140, "e": 282289, "w": "可以 啊 现在", "sp": "Customer"}, {"s": 281920, "e": 282365, "w": "黄岩", "sp": "Agent"}, {"s": 282290, "e": 282750, "w": "有人", "sp": "Customer"}, {"s": 282365, "e": 283032, "w": "嗯 黄岩", "sp": "Agent"}, {"s": 282750, "e": 283210, "w": "在家", "sp": "Customer"}, {"s": 283032, "e": 283255, "w": "好", "sp": "Agent"}, {"s": 283210, "e": 283440, "w": "里", "sp": "Customer"}, {"s": 283255, "e": 287259, "w": "黄岩 期间 的话 小区 就 可以 正常 上门 的 对 吧", "sp": "Agent"}, {"s": 287390, "e": 288896, "w": "啊 可以 扫 码 就", "sp": "Customer"}, {"s": 288740, "e": 288978, "w": "嗯", "sp": "Agent"}, {"s": 288896, "e": 289398, "w": "可以", "sp": "Customer"}, {"s": 288978, "e": 289455, "w": "嗯 嗯", "sp": "Agent"}, {"s": 289398, "e": 289650, "w": "了", "sp": "Customer"}, {"s": 289455, "e": 293510, "w": "好 那 都 登记 好 了 还有 其他 需要 咨询 的 吗", "sp": "Agent"}, {"s": 293670, "e": 295020, "w": "啊 没有 了", "sp": "Customer"}, {"s": 295040, "e": 312960, "w": "好 那 您 稍后 也 开通 微 信 公众 号 欢迎 关注 使用 也 麻烦 稍后 对 本次 服务 做 个 满意度 评价 祝您 生活 愉快 再见 请 对 本次 服务 做 评价 非常 满意 感谢您 的 来电 再见", "sp": "Agent"}]}, "aqm": {"greeting": {"greeting_said": "为您服务, 售后, 高兴, 请问, 帮助", "n_greeting_said": 5, "score": 1}, "closing": {"closing_said": "祝您, 生活, 愉快, 再见", "n_closing_said": 4, "score": 1}, "speed": {"speed_max": 5.49, "n_words": 103, "words": "对 因为 这个 无 冷热 选择权 是 不 影响 使用 的 我们 的 空调 呢 是 嗯 一 一会儿 空调 制冷 所有 的 都 是 制冷 一个 炙热 所有 的 都 是 炙热 的 所以 每次 开启 的 时候 把 第一个 开启 的 面板 把 它 调 成 您 想要 的 模式 这样 整机 就 都 是 这个 模式 了 其他 空调 就 不 需要 调 的", "start": 52930, "end": 71700}}}