{"mediaId": "2022031314420104778300100000532202", "status": "Success", "dateCreated": "2022-03-21T18:45:50Z", "contentType": "audio/x-wav", "channels": "future use", "length": 307, "metadata": {"Sid": 10044, "Site_id": 783, "Audio_ch_num": 5322, "Audio_module_num": 783001, "Audio_start_time_gmt": "2022-03-13T06:36:54.07+08:00", "Transaction_id": "2022031314420104778300100000532202", "ContactID": "9204480081210000012", "Personal_id": "0", "Direction": 0, "Local_audio_start_time": "2022-03-13T14:36:54.07+08:00", "Local_audio_end_time": "2022-03-13T14:42:01.07+08:00", "Total_hold_time": "0", "Pbx_login_id": "", "Ani": "90102155368221", "Extension": "155368221", "String_extension": "90102155368221", "Switch_call_id": "SIP/AUDIO/2F3E1600-46B5-8164-1396-B0DF9CBCFC6E", "Switch_id": "783000001", "Duration_seconds": 307, "Wrapup_time_in_seconds": "0", "Dnis": "17551511190", "Number_of_conferences": "0", "Number_of_holds": "0", "Number_of_transfers": "0", "Percent_of_agent_call": "124", "Percent_of_other_call": "90", "Percent_of_mutual_silence": "58", "Num_of_agent_cross": "21", "Num_of_other_cross": "30", "IsException": 0}, "transcript_detailed": {"words": [{"p": 1, "c": 0.9, "s": 5090, "e": 7096, "w": "六零", "sp": "Agent"}, {"p": 2, "c": 0.9, "s": 7096, "e": 8100, "w": "二", "sp": "Agent"}, {"p": 3, "c": 0.9, "s": 8780, "e": 9150, "w": "号", "sp": "Agent"}, {"p": 4, "c": 0.9, "s": 9150, "e": 10629, "w": "为您服务", "sp": "Agent"}, {"p": 5, "c": 0.9, "s": 11060, "e": 11410, "w": "下午", "sp": "Agent"}, {"p": 6, "c": 0.9, "s": 11410, "e": 11585, "w": "好", "sp": "Agent"}, {"p": 7, "c": 0.9, "s": 11470, "e": 11880, "w": "喂", "sp": "Customer"}, {"p": 8, "c": 0.9, "s": 11586, "e": 11937, "w": "大金", "sp": "Agent"}, {"p": 9, "c": 0.9, "s": 11880, "e": 12700, "w": "你好", "sp": "Customer"}, {"p": 10, "c": 0.9, "s": 11937, "e": 12112, "w": "树", "sp": "Agent"}, {"p": 11, "c": 0.9, "s": 12112, "e": 12287, "w": "很", "sp": "Agent"}, {"p": 12, "c": 0.9, "s": 12287, "e": 12638, "w": "高兴", "sp": "Agent"}, {"p": 13, "c": 0.9, "s": 12638, "e": 13339, "w": "为您服务", "sp": "Agent"}, {"p": 14, "c": 0.9, "s": 13340, "e": 13691, "w": "请问", "sp": "Agent"}, {"p": 15, "c": 0.9, "s": 13691, "e": 13866, "w": "有", "sp": "Agent"}, {"p": 16, "c": 0.9, "s": 13866, "e": 14217, "w": "什么", "sp": "Agent"}, {"p": 17, "c": 0.9, "s": 14217, "e": 14568, "w": "可以", "sp": "Agent"}, {"p": 18, "c": 0.9, "s": 14568, "e": 14743, "w": "帮", "sp": "Agent"}, {"p": 19, "c": 0.9, "s": 14743, "e": 14919, "w": "您", "sp": "Agent"}, {"p": 20, "c": 0.9, "s": 14919, "e": 15269, "w": "您好", "sp": "Agent"}, {"p": 21, "c": 0.9, "s": 15020, "e": 15215, "w": "哎", "sp": "Customer"}, {"p": 22, "c": 0.9, "s": 15215, "e": 15605, "w": "你好", "sp": "Customer"}, {"p": 23, "c": 0.9, "s": 15605, "e": 15995, "w": "我们", "sp": "Customer"}, {"p": 24, "c": 0.9, "s": 15996, "e": 16191, "w": "家", "sp": "Customer"}, {"p": 25, "c": 0.9, "s": 16191, "e": 16581, "w": "这个", "sp": "Customer"}, {"p": 26, "c": 0.9, "s": 16581, "e": 16972, "w": "大地", "sp": "Customer"}, {"p": 27, "c": 0.9, "s": 16972, "e": 17362, "w": "空调", "sp": "Customer"}, {"p": 28, "c": 0.9, "s": 17362, "e": 17753, "w": "现在", "sp": "Customer"}, {"p": 29, "c": 0.9, "s": 17753, "e": 18143, "w": "制冷", "sp": "Customer"}, {"p": 30, "c": 0.9, "s": 18143, "e": 18338, "w": "制", "sp": "Customer"}, {"p": 31, "c": 0.9, "s": 18338, "e": 18533, "w": "换", "sp": "Customer"}, {"p": 32, "c": 0.9, "s": 18533, "e": 18924, "w": "不了", "sp": "Customer"}, {"p": 33, "c": 0.9, "s": 18924, "e": 19510, "w": "怎么办", "sp": "Customer"}, {"p": 34, "c": 0.9, "s": 20210, "e": 20671, "w": "制冷", "sp": "Agent"}, {"p": 35, "c": 0.9, "s": 20672, "e": 20903, "w": "制", "sp": "Agent"}, {"p": 36, "c": 0.9, "s": 20903, "e": 21366, "w": "切换", "sp": "Agent"}, {"p": 37, "c": 0.9, "s": 21366, "e": 21828, "w": "不了", "sp": "Agent"}, {"p": 38, "c": 0.9, "s": 21828, "e": 22060, "w": "了", "sp": "Agent"}, {"p": 39, "c": 0.9, "s": 22060, "e": 22291, "w": "是", "sp": "Agent"}, {"p": 40, "c": 0.9, "s": 22291, "e": 22522, "w": "吗", "sp": "Agent"}, {"p": 41, "c": 0.9, "s": 22522, "e": 22753, "w": "您", "sp": "Agent"}, {"p": 42, "c": 0.9, "s": 22753, "e": 23216, "w": "现在", "sp": "Agent"}, {"p": 43, "c": 0.9, "s": 23216, "e": 23447, "w": "是", "sp": "Agent"}, {"p": 44, "c": 0.9, "s": 23330, "e": 24310, "w": "对", "sp": "Customer"}, {"p": 45, "c": 0.9, "s": 23447, "e": 23678, "w": "想", "sp": "Agent"}, {"p": 46, "c": 0.9, "s": 23678, "e": 23910, "w": "从", "sp": "Agent"}, {"p": 47, "c": 0.9, "s": 23910, "e": 24372, "w": "制冷", "sp": "Agent"}, {"p": 48, "c": 0.9, "s": 24372, "e": 24835, "w": "切换", "sp": "Agent"}, {"p": 49, "c": 0.9, "s": 24835, "e": 25066, "w": "到", "sp": "Agent"}, {"p": 50, "c": 0.9, "s": 25066, "e": 25297, "w": "制", "sp": "Agent"}, {"p": 51, "c": 0.9, "s": 25297, "e": 25528, "w": "热", "sp": "Agent"}, {"p": 52, "c": 0.9, "s": 25528, "e": 25760, "w": "吗", "sp": "Agent"}, {"p": 53, "c": 0.9, "s": 25740, "e": 25956, "w": "我", "sp": "Customer"}, {"p": 54, "c": 0.9, "s": 25957, "e": 26175, "w": "从", "sp": "Customer"}, {"p": 55, "c": 0.9, "s": 26175, "e": 26609, "w": "治疗", "sp": "Customer"}, {"p": 56, "c": 0.9, "s": 26610, "e": 26827, "w": "向", "sp": "Customer"}, {"p": 57, "c": 0.9, "s": 26827, "e": 27045, "w": "他", "sp": "Customer"}, {"p": 58, "c": 0.9, "s": 26930, "e": 27144, "w": "呃", "sp": "Agent"}, {"p": 59, "c": 0.9, "s": 27045, "e": 27262, "w": "治", "sp": "Customer"}, {"p": 60, "c": 0.9, "s": 27144, "e": 27571, "w": "这个", "sp": "Agent"}, {"p": 61, "c": 0.9, "s": 27262, "e": 27480, "w": "的", "sp": "Customer"}, {"p": 62, "c": 0.9, "s": 27572, "e": 28001, "w": "只有", "sp": "Agent"}, {"p": 63, "c": 0.9, "s": 28001, "e": 28430, "w": "现在", "sp": "Agent"}, {"p": 64, "c": 0.9, "s": 28430, "e": 28644, "w": "的", "sp": "Agent"}, {"p": 65, "c": 0.9, "s": 28644, "e": 29073, "w": "这种", "sp": "Agent"}, {"p": 66, "c": 0.9, "s": 29073, "e": 29930, "w": "不好意思", "sp": "Agent"}, {"p": 67, "c": 0.9, "s": 29420, "e": 30360, "w": "对", "sp": "Customer"}, {"p": 68, "c": 0.9, "s": 29930, "e": 30144, "w": "那", "sp": "Agent"}, {"p": 69, "c": 0.9, "s": 30144, "e": 30359, "w": "您", "sp": "Agent"}, {"p": 70, "c": 0.9, "s": 30359, "e": 30786, "w": "现在", "sp": "Agent"}, {"p": 71, "c": 0.9, "s": 30787, "e": 31216, "w": "这个", "sp": "Agent"}, {"p": 72, "c": 0.9, "s": 31216, "e": 31645, "w": "面板", "sp": "Agent"}, {"p": 73, "c": 0.9, "s": 31645, "e": 31859, "w": "上", "sp": "Agent"}, {"p": 74, "c": 0.9, "s": 31859, "e": 32501, "w": "是不是", "sp": "Agent"}, {"p": 75, "c": 0.9, "s": 32501, "e": 32931, "w": "显示", "sp": "Agent"}, {"p": 76, "c": 0.9, "s": 32931, "e": 33145, "w": "无", "sp": "Agent"}, {"p": 77, "c": 0.9, "s": 33145, "e": 33574, "w": "冷热", "sp": "Agent"}, {"p": 78, "c": 0.9, "s": 33574, "e": 34002, "w": "选择", "sp": "Agent"}, {"p": 79, "c": 0.9, "s": 34002, "e": 34217, "w": "选", "sp": "Agent"}, {"p": 80, "c": 0.9, "s": 34217, "e": 34645, "w": "几个", "sp": "Agent"}, {"p": 81, "c": 0.9, "s": 34645, "e": 34860, "w": "字", "sp": "Agent"}, {"p": 82, "c": 0.9, "s": 34990, "e": 35570, "w": "对", "sp": "Customer"}, {"p": 83, "c": 0.9, "s": 35570, "e": 36150, "w": "的", "sp": "Customer"}, {"p": 84, "c": 0.9, "s": 36280, "e": 36475, "w": "嗯", "sp": "Agent"}, {"p": 85, "c": 0.9, "s": 36476, "e": 36672, "w": "那", "sp": "Agent"}, {"p": 86, "c": 0.9, "s": 36672, "e": 36868, "w": "您", "sp": "Agent"}, {"p": 87, "c": 0.9, "s": 36868, "e": 37065, "w": "找", "sp": "Agent"}, {"p": 88, "c": 0.9, "s": 37065, "e": 37456, "w": "一下", "sp": "Agent"}, {"p": 89, "c": 0.9, "s": 37457, "e": 37850, "w": "家里", "sp": "Agent"}, {"p": 90, "c": 0.9, "s": 37850, "e": 38241, "w": "其他", "sp": "Agent"}, {"p": 91, "c": 0.9, "s": 38242, "e": 38438, "w": "的", "sp": "Agent"}, {"p": 92, "c": 0.9, "s": 38438, "e": 38831, "w": "面板", "sp": "Agent"}, {"p": 93, "c": 0.9, "s": 38831, "e": 39027, "w": "有", "sp": "Agent"}, {"p": 94, "c": 0.9, "s": 39027, "e": 39420, "w": "一个", "sp": "Agent"}, {"p": 95, "c": 0.9, "s": 39420, "e": 39811, "w": "面板", "sp": "Agent"}, {"p": 96, "c": 0.9, "s": 39812, "e": 40008, "w": "上", "sp": "Agent"}, {"p": 97, "c": 0.9, "s": 40008, "e": 40204, "w": "应", "sp": "Agent"}, {"p": 98, "c": 0.9, "s": 40205, "e": 40597, "w": "该是", "sp": "Agent"}, {"p": 99, "c": 0.9, "s": 40597, "e": 40990, "w": "没有", "sp": "Agent"}, {"p": 100, "c": 0.9, "s": 40990, "e": 41186, "w": "这", "sp": "Agent"}, {"p": 101, "c": 0.9, "s": 41186, "e": 41578, "w": "几个", "sp": "Agent"}, {"p": 102, "c": 0.9, "s": 41578, "e": 41774, "w": "字", "sp": "Agent"}, {"p": 103, "c": 0.9, "s": 41775, "e": 41971, "w": "的", "sp": "Agent"}, {"p": 104, "c": 0.9, "s": 41971, "e": 42167, "w": "在", "sp": "Agent"}, {"p": 105, "c": 0.9, "s": 42167, "e": 42560, "w": "那个", "sp": "Agent"}, {"p": 106, "c": 0.9, "s": 42560, "e": 42952, "w": "面板", "sp": "Agent"}, {"p": 107, "c": 0.9, "s": 42952, "e": 43345, "w": "上去", "sp": "Agent"}, {"p": 108, "c": 0.9, "s": 43345, "e": 43737, "w": "切换", "sp": "Agent"}, {"p": 109, "c": 0.9, "s": 43737, "e": 43933, "w": "您", "sp": "Agent"}, {"p": 110, "c": 0.9, "s": 43933, "e": 44129, "w": "看", "sp": "Agent"}, {"p": 111, "c": 0.9, "s": 44130, "e": 44522, "w": "一下", "sp": "Agent"}, {"p": 112, "c": 0.9, "s": 44160, "e": 44312, "w": "那", "sp": "Customer"}, {"p": 113, "c": 0.9, "s": 44312, "e": 44465, "w": "我", "sp": "Customer"}, {"p": 114, "c": 0.9, "s": 44465, "e": 44618, "w": "先", "sp": "Customer"}, {"p": 115, "c": 0.9, "s": 44522, "e": 44718, "w": "能", "sp": "Agent"}, {"p": 116, "c": 0.9, "s": 44618, "e": 44923, "w": "那个", "sp": "Customer"}, {"p": 117, "c": 0.9, "s": 44718, "e": 45111, "w": "切换", "sp": "Agent"}, {"p": 118, "c": 0.9, "s": 44923, "e": 45228, "w": "密码", "sp": "Customer"}, {"p": 119, "c": 0.9, "s": 45111, "e": 45503, "w": "成功", "sp": "Agent"}, {"p": 120, "c": 0.9, "s": 45228, "e": 45381, "w": "我", "sp": "Customer"}, {"p": 121, "c": 0.9, "s": 45381, "e": 45686, "w": "已经", "sp": "Customer"}, {"p": 122, "c": 0.9, "s": 45503, "e": 45699, "w": "吗", "sp": "Agent"}, {"p": 123, "c": 0.9, "s": 45686, "e": 45839, "w": "先", "sp": "Customer"}, {"p": 124, "c": 0.9, "s": 45839, "e": 45992, "w": "往", "sp": "Customer"}, {"p": 125, "c": 0.9, "s": 45992, "e": 46297, "w": "前置", "sp": "Customer"}, {"p": 126, "c": 0.9, "s": 46297, "e": 46450, "w": "了", "sp": "Customer"}, {"p": 127, "c": 0.9, "s": 46450, "e": 46602, "w": "呢", "sp": "Customer"}, {"p": 128, "c": 0.9, "s": 46602, "e": 46908, "w": "但是", "sp": "Customer"}, {"p": 129, "c": 0.9, "s": 46908, "e": 47060, "w": "我", "sp": "Customer"}, {"p": 130, "c": 0.9, "s": 47060, "e": 47366, "w": "这个", "sp": "Customer"}, {"p": 131, "c": 0.9, "s": 47366, "e": 47671, "w": "密码", "sp": "Customer"}, {"p": 132, "c": 0.9, "s": 47671, "e": 47976, "w": "还是", "sp": "Customer"}, {"p": 133, "c": 0.9, "s": 47976, "e": 48282, "w": "没有", "sp": "Customer"}, {"p": 134, "c": 0.9, "s": 48282, "e": 48434, "w": "跳", "sp": "Customer"}, {"p": 135, "c": 0.9, "s": 48434, "e": 48739, "w": "过去", "sp": "Customer"}, {"p": 136, "c": 0.9, "s": 49050, "e": 49360, "w": "您", "sp": "Agent"}, {"p": 137, "c": 0.9, "s": 49360, "e": 49980, "w": "这个", "sp": "Agent"}, {"p": 138, "c": 0.9, "s": 49980, "e": 50600, "w": "面板", "sp": "Agent"}, {"p": 139, "c": 0.9, "s": 50600, "e": 51219, "w": "重新", "sp": "Agent"}, {"p": 140, "c": 0.9, "s": 51220, "e": 51840, "w": "打开", "sp": "Agent"}, {"p": 141, "c": 0.9, "s": 51840, "e": 52460, "w": "一下", "sp": "Agent"}, {"p": 142, "c": 0.9, "s": 52220, "e": 52603, "w": "重新", "sp": "Customer"}, {"p": 143, "c": 0.9, "s": 52603, "e": 52987, "w": "打开", "sp": "Customer"}, {"p": 144, "c": 0.9, "s": 52740, "e": 53380, "w": "重新", "sp": "Agent"}, {"p": 145, "c": 0.9, "s": 52987, "e": 53179, "w": "了", "sp": "Customer"}, {"p": 146, "c": 0.9, "s": 53179, "e": 53370, "w": "也", "sp": "Customer"}, {"p": 147, "c": 0.9, "s": 53370, "e": 53753, "w": "不行", "sp": "Customer"}, {"p": 148, "c": 0.9, "s": 53380, "e": 54020, "w": "打开", "sp": "Agent"}, {"p": 149, "c": 0.9, "s": 53754, "e": 53946, "w": "啊", "sp": "Customer"}, {"p": 150, "c": 0.9, "s": 53946, "e": 54329, "w": "就是", "sp": "Customer"}, {"p": 151, "c": 0.9, "s": 54020, "e": 54660, "w": "一下", "sp": "Agent"}, {"p": 152, "c": 0.9, "s": 54940, "e": 55879, "w": "嗯", "sp": "Agent"}, {"p": 153, "c": 0.9, "s": 54950, "e": 55154, "w": "你", "sp": "Customer"}, {"p": 154, "c": 0.9, "s": 55154, "e": 55357, "w": "说", "sp": "Customer"}, {"p": 155, "c": 0.9, "s": 55358, "e": 55563, "w": "的", "sp": "Customer"}, {"p": 156, "c": 0.9, "s": 55563, "e": 55767, "w": "是", "sp": "Customer"}, {"p": 157, "c": 0.9, "s": 55767, "e": 56176, "w": "怎么", "sp": "Customer"}, {"p": 158, "c": 0.9, "s": 56176, "e": 56585, "w": "重新", "sp": "Customer"}, {"p": 159, "c": 0.9, "s": 56585, "e": 56993, "w": "打开", "sp": "Customer"}, {"p": 160, "c": 0.9, "s": 56993, "e": 57198, "w": "是", "sp": "Customer"}, {"p": 161, "c": 0.9, "s": 57090, "e": 57637, "w": "就", "sp": "Agent"}, {"p": 162, "c": 0.9, "s": 57198, "e": 57606, "w": "这个", "sp": "Customer"}, {"p": 163, "c": 0.9, "s": 57606, "e": 58015, "w": "开关", "sp": "Customer"}, {"p": 164, "c": 0.9, "s": 57637, "e": 58732, "w": "开关", "sp": "Agent"}, {"p": 165, "c": 0.9, "s": 58015, "e": 58220, "w": "吗", "sp": "Customer"}, {"p": 166, "c": 0.9, "s": 58732, "e": 59280, "w": "对", "sp": "Agent"}, {"p": 167, "c": 0.9, "s": 59400, "e": 59704, "w": "重新", "sp": "Customer"}, {"p": 168, "c": 0.9, "s": 59704, "e": 60008, "w": "打开", "sp": "Customer"}, {"p": 169, "c": 0.9, "s": 60008, "e": 60160, "w": "了", "sp": "Customer"}, {"p": 170, "c": 0.9, "s": 60160, "e": 60312, "w": "也", "sp": "Customer"}, {"p": 171, "c": 0.9, "s": 60312, "e": 60616, "w": "不行", "sp": "Customer"}, {"p": 172, "c": 0.9, "s": 60616, "e": 60768, "w": "啊", "sp": "Customer"}, {"p": 173, "c": 0.9, "s": 60768, "e": 61073, "w": "就是", "sp": "Customer"}, {"p": 174, "c": 0.9, "s": 61073, "e": 61225, "w": "我", "sp": "Customer"}, {"p": 175, "c": 0.9, "s": 61225, "e": 61377, "w": "点", "sp": "Customer"}, {"p": 176, "c": 0.9, "s": 61377, "e": 61681, "w": "那个", "sp": "Customer"}, {"p": 177, "c": 0.9, "s": 61681, "e": 61985, "w": "运转", "sp": "Customer"}, {"p": 178, "c": 0.9, "s": 61985, "e": 62290, "w": "模式", "sp": "Customer"}, {"p": 179, "c": 0.9, "s": 62290, "e": 62442, "w": "它", "sp": "Customer"}, {"p": 180, "c": 0.9, "s": 62442, "e": 62746, "w": "还是", "sp": "Customer"}, {"p": 181, "c": 0.9, "s": 62746, "e": 63050, "w": "只有", "sp": "Customer"}, {"p": 182, "c": 0.9, "s": 63050, "e": 63202, "w": "制", "sp": "Customer"}, {"p": 183, "c": 0.9, "s": 63202, "e": 63354, "w": "热", "sp": "Customer"}, {"p": 184, "c": 0.9, "s": 63354, "e": 63658, "w": "和顺", "sp": "Customer"}, {"p": 185, "c": 0.9, "s": 63658, "e": 63811, "w": "丰", "sp": "Customer"}, {"p": 186, "c": 0.9, "s": 63811, "e": 63963, "w": "它", "sp": "Customer"}, {"p": 187, "c": 0.9, "s": 63963, "e": 64267, "w": "没有", "sp": "Customer"}, {"p": 188, "c": 0.9, "s": 64267, "e": 64571, "w": "自动", "sp": "Customer"}, {"p": 189, "c": 0.9, "s": 64350, "e": 64584, "w": "呃", "sp": "Agent"}, {"p": 190, "c": 0.9, "s": 64571, "e": 64723, "w": "跳", "sp": "Customer"}, {"p": 191, "c": 0.9, "s": 64584, "e": 64819, "w": "不", "sp": "Agent"}, {"p": 192, "c": 0.9, "s": 64723, "e": 64875, "w": "到", "sp": "Customer"}, {"p": 193, "c": 0.9, "s": 64819, "e": 65289, "w": "需要", "sp": "Agent"}, {"p": 194, "c": 0.9, "s": 64875, "e": 65027, "w": "制", "sp": "Customer"}, {"p": 195, "c": 0.9, "s": 65027, "e": 65180, "w": "的", "sp": "Customer"}, {"p": 196, "c": 0.9, "s": 65289, "e": 65524, "w": "再", "sp": "Agent"}, {"p": 197, "c": 0.9, "s": 65524, "e": 65759, "w": "调", "sp": "Agent"}, {"p": 198, "c": 0.9, "s": 65759, "e": 65993, "w": "就", "sp": "Agent"}, {"p": 199, "c": 0.9, "s": 65993, "e": 66228, "w": "再", "sp": "Agent"}, {"p": 200, "c": 0.9, "s": 66228, "e": 66463, "w": "调", "sp": "Agent"}, {"p": 201, "c": 0.9, "s": 66463, "e": 66698, "w": "了", "sp": "Agent"}, {"p": 202, "c": 0.9, "s": 66698, "e": 67168, "w": "密码", "sp": "Agent"}, {"p": 203, "c": 0.9, "s": 67168, "e": 67637, "w": "重新", "sp": "Agent"}, {"p": 204, "c": 0.9, "s": 67637, "e": 68107, "w": "打开", "sp": "Agent"}, {"p": 205, "c": 0.9, "s": 68107, "e": 68577, "w": "一下", "sp": "Agent"}, {"p": 206, "c": 0.9, "s": 68577, "e": 68812, "w": "它", "sp": "Agent"}, {"p": 207, "c": 0.9, "s": 68812, "e": 69046, "w": "的", "sp": "Agent"}, {"p": 208, "c": 0.9, "s": 69046, "e": 69516, "w": "模式", "sp": "Agent"}, {"p": 209, "c": 0.9, "s": 69516, "e": 69751, "w": "它", "sp": "Agent"}, {"p": 210, "c": 0.9, "s": 69751, "e": 69986, "w": "就", "sp": "Agent"}, {"p": 211, "c": 0.9, "s": 69986, "e": 70221, "w": "会", "sp": "Agent"}, {"p": 212, "c": 0.9, "s": 70221, "e": 70690, "w": "自动", "sp": "Agent"}, {"p": 213, "c": 0.9, "s": 70690, "e": 71160, "w": "切换", "sp": "Agent"}, {"p": 214, "c": 0.9, "s": 71160, "e": 71395, "w": "到", "sp": "Agent"}, {"p": 215, "c": 0.9, "s": 71395, "e": 71865, "w": "制冷", "sp": "Agent"}, {"p": 216, "c": 0.9, "s": 71865, "e": 72100, "w": "的", "sp": "Agent"}, {"p": 217, "c": 0.9, "s": 72620, "e": 72945, "w": "但是", "sp": "Customer"}, {"p": 218, "c": 0.9, "s": 72945, "e": 73108, "w": "我", "sp": "Customer"}, {"p": 219, "c": 0.9, "s": 73108, "e": 73433, "w": "这个", "sp": "Customer"}, {"p": 220, "c": 0.9, "s": 73433, "e": 73596, "w": "调", "sp": "Customer"}, {"p": 221, "c": 0.9, "s": 73596, "e": 73922, "w": "这个", "sp": "Customer"}, {"p": 222, "c": 0.9, "s": 73922, "e": 74246, "w": "无人", "sp": "Customer"}, {"p": 223, "c": 0.9, "s": 74247, "e": 74410, "w": "员", "sp": "Customer"}, {"p": 224, "c": 0.9, "s": 74410, "e": 74735, "w": "就是", "sp": "Customer"}, {"p": 225, "c": 0.9, "s": 74735, "e": 75061, "w": "没有", "sp": "Customer"}, {"p": 226, "c": 0.9, "s": 75061, "e": 75385, "w": "那个", "sp": "Customer"}, {"p": 227, "c": 0.9, "s": 75386, "e": 75549, "w": "无", "sp": "Customer"}, {"p": 228, "c": 0.9, "s": 75549, "e": 75875, "w": "人员", "sp": "Customer"}, {"p": 229, "c": 0.9, "s": 75875, "e": 76363, "w": "控制权", "sp": "Customer"}, {"p": 230, "c": 0.9, "s": 76363, "e": 76687, "w": "那个", "sp": "Customer"}, {"p": 231, "c": 0.9, "s": 76688, "e": 77014, "w": "的话", "sp": "Customer"}, {"p": 232, "c": 0.9, "s": 77014, "e": 77177, "w": "它", "sp": "Customer"}, {"p": 233, "c": 0.9, "s": 77177, "e": 77502, "w": "这边", "sp": "Customer"}, {"p": 234, "c": 0.9, "s": 77330, "e": 78360, "w": "嗯", "sp": "Agent"}, {"p": 235, "c": 0.9, "s": 77502, "e": 77827, "w": "现在", "sp": "Customer"}, {"p": 236, "c": 0.9, "s": 77828, "e": 78153, "w": "目前", "sp": "Customer"}, {"p": 237, "c": 0.9, "s": 78153, "e": 78479, "w": "还是", "sp": "Customer"}, {"p": 238, "c": 0.9, "s": 78479, "e": 78642, "w": "旧", "sp": "Customer"}, {"p": 239, "c": 0.9, "s": 78642, "e": 78804, "w": "的", "sp": "Customer"}, {"p": 240, "c": 0.9, "s": 78804, "e": 79130, "w": "就是", "sp": "Customer"}, {"p": 241, "c": 0.9, "s": 79130, "e": 79454, "w": "一切", "sp": "Customer"}, {"p": 242, "c": 0.9, "s": 79455, "e": 79618, "w": "都", "sp": "Customer"}, {"p": 243, "c": 0.9, "s": 79590, "e": 80645, "w": "嗯", "sp": "Agent"}, {"p": 244, "c": 0.9, "s": 79618, "e": 79781, "w": "很", "sp": "Customer"}, {"p": 245, "c": 0.9, "s": 79781, "e": 80105, "w": "正常", "sp": "Customer"}, {"p": 246, "c": 0.9, "s": 80106, "e": 80269, "w": "要", "sp": "Customer"}, {"p": 247, "c": 0.9, "s": 80269, "e": 80432, "w": "把", "sp": "Customer"}, {"p": 248, "c": 0.9, "s": 80432, "e": 80757, "w": "这个", "sp": "Customer"}, {"p": 249, "c": 0.9, "s": 80645, "e": 81700, "w": "嗯", "sp": "Agent"}, {"p": 250, "c": 0.9, "s": 80757, "e": 81083, "w": "打开", "sp": "Customer"}, {"p": 251, "c": 0.9, "s": 81083, "e": 81246, "w": "吗", "sp": "Customer"}, {"p": 252, "c": 0.9, "s": 81246, "e": 81571, "w": "还是", "sp": "Customer"}, {"p": 253, "c": 0.9, "s": 81571, "e": 81896, "w": "怎么", "sp": "Customer"}, {"p": 254, "c": 0.9, "s": 81897, "e": 82060, "w": "说", "sp": "Customer"}, {"p": 255, "c": 0.9, "s": 82340, "e": 82628, "w": "但是", "sp": "Customer"}, {"p": 256, "c": 0.9, "s": 82628, "e": 82772, "w": "他", "sp": "Customer"}, {"p": 257, "c": 0.9, "s": 82773, "e": 83062, "w": "没有", "sp": "Customer"}, {"p": 258, "c": 0.9, "s": 83000, "e": 84150, "w": "嗯", "sp": "Agent"}, {"p": 259, "c": 0.9, "s": 83062, "e": 83351, "w": "跟着", "sp": "Customer"}, {"p": 260, "c": 0.9, "s": 83351, "e": 83640, "w": "这个", "sp": "Customer"}, {"p": 261, "c": 0.9, "s": 83640, "e": 83929, "w": "变化", "sp": "Customer"}, {"p": 262, "c": 0.9, "s": 83929, "e": 84073, "w": "呀", "sp": "Customer"}, {"p": 263, "c": 0.9, "s": 84073, "e": 84362, "w": "就是", "sp": "Customer"}, {"p": 264, "c": 0.9, "s": 84362, "e": 84507, "w": "我", "sp": "Customer"}, {"p": 265, "c": 0.9, "s": 84507, "e": 84796, "w": "房间", "sp": "Customer"}, {"p": 266, "c": 0.9, "s": 84796, "e": 85085, "w": "那个", "sp": "Customer"}, {"p": 267, "c": 0.9, "s": 85085, "e": 85373, "w": "没有", "sp": "Customer"}, {"p": 268, "c": 0.9, "s": 85373, "e": 85662, "w": "跟着", "sp": "Customer"}, {"p": 269, "c": 0.9, "s": 85662, "e": 85951, "w": "这个", "sp": "Customer"}, {"p": 270, "c": 0.9, "s": 85951, "e": 86240, "w": "外面", "sp": "Customer"}, {"p": 271, "c": 0.9, "s": 86240, "e": 86529, "w": "这个", "sp": "Customer"}, {"p": 272, "c": 0.9, "s": 86529, "e": 86673, "w": "主", "sp": "Customer"}, {"p": 273, "c": 0.9, "s": 86674, "e": 86963, "w": "房间", "sp": "Customer"}, {"p": 274, "c": 0.9, "s": 86963, "e": 87106, "w": "的", "sp": "Customer"}, {"p": 275, "c": 0.9, "s": 87107, "e": 87396, "w": "这个", "sp": "Customer"}, {"p": 276, "c": 0.9, "s": 87390, "e": 87628, "w": "您", "sp": "Agent"}, {"p": 277, "c": 0.9, "s": 87396, "e": 87685, "w": "变化", "sp": "Customer"}, {"p": 278, "c": 0.9, "s": 87628, "e": 87866, "w": "先", "sp": "Agent"}, {"p": 279, "c": 0.9, "s": 87685, "e": 87829, "w": "呀", "sp": "Customer"}, {"p": 280, "c": 0.9, "s": 87866, "e": 88104, "w": "把", "sp": "Agent"}, {"p": 281, "c": 0.9, "s": 88105, "e": 88582, "w": "这个", "sp": "Agent"}, {"p": 282, "c": 0.9, "s": 88582, "e": 89058, "w": "面板", "sp": "Agent"}, {"p": 283, "c": 0.9, "s": 89058, "e": 89534, "w": "打开", "sp": "Agent"}, {"p": 284, "c": 0.9, "s": 89535, "e": 90012, "w": "然后", "sp": "Agent"}, {"p": 285, "c": 0.9, "s": 90012, "e": 90250, "w": "您", "sp": "Agent"}, {"p": 286, "c": 0.9, "s": 90250, "e": 90489, "w": "再", "sp": "Agent"}, {"p": 287, "c": 0.9, "s": 90489, "e": 90727, "w": "把", "sp": "Agent"}, {"p": 288, "c": 0.9, "s": 90727, "e": 91203, "w": "房间", "sp": "Agent"}, {"p": 289, "c": 0.9, "s": 91204, "e": 91442, "w": "的", "sp": "Agent"}, {"p": 290, "c": 0.9, "s": 91442, "e": 91919, "w": "面板", "sp": "Agent"}, {"p": 291, "c": 0.9, "s": 91919, "e": 92396, "w": "重新", "sp": "Agent"}, {"p": 292, "c": 0.9, "s": 92396, "e": 92873, "w": "打开", "sp": "Agent"}, {"p": 293, "c": 0.9, "s": 92873, "e": 93350, "w": "一次", "sp": "Agent"}, {"p": 294, "c": 0.9, "s": 94590, "e": 94955, "w": "重新", "sp": "Customer"}, {"p": 295, "c": 0.9, "s": 94956, "e": 95322, "w": "打开", "sp": "Customer"}, {"p": 296, "c": 0.9, "s": 95322, "e": 95505, "w": "它", "sp": "Customer"}, {"p": 297, "c": 0.9, "s": 95505, "e": 95871, "w": "重新", "sp": "Customer"}, {"p": 298, "c": 0.9, "s": 95872, "e": 96238, "w": "打开", "sp": "Customer"}, {"p": 299, "c": 0.9, "s": 96238, "e": 96421, "w": "了", "sp": "Customer"}, {"p": 300, "c": 0.9, "s": 96421, "e": 96786, "w": "现在", "sp": "Customer"}, {"p": 301, "c": 0.9, "s": 96787, "e": 97154, "w": "然后", "sp": "Customer"}, {"p": 302, "c": 0.9, "s": 97154, "e": 97520, "w": "显示", "sp": "Customer"}, {"p": 303, "c": 0.9, "s": 97520, "e": 97702, "w": "是", "sp": "Customer"}, {"p": 304, "c": 0.9, "s": 97703, "e": 97886, "w": "顺", "sp": "Customer"}, {"p": 305, "c": 0.9, "s": 97886, "e": 98070, "w": "丰", "sp": "Customer"}, {"p": 306, "c": 0.9, "s": 98710, "e": 99000, "w": "嗯", "sp": "Agent"}, {"p": 307, "c": 0.9, "s": 99000, "e": 99582, "w": "然后", "sp": "Agent"}, {"p": 308, "c": 0.9, "s": 99582, "e": 99873, "w": "您", "sp": "Agent"}, {"p": 309, "c": 0.9, "s": 99873, "e": 100164, "w": "再", "sp": "Agent"}, {"p": 310, "c": 0.9, "s": 100164, "e": 100455, "w": "选", "sp": "Agent"}, {"p": 311, "c": 0.9, "s": 100455, "e": 100745, "w": "到", "sp": "Agent"}, {"p": 312, "c": 0.9, "s": 100745, "e": 101036, "w": "这", "sp": "Agent"}, {"p": 313, "c": 0.9, "s": 101036, "e": 101618, "w": "这种", "sp": "Agent"}, {"p": 314, "c": 0.9, "s": 101618, "e": 102200, "w": "上面", "sp": "Agent"}, {"p": 315, "c": 0.9, "s": 102810, "e": 103048, "w": "你", "sp": "Customer"}, {"p": 316, "c": 0.9, "s": 103048, "e": 103286, "w": "是", "sp": "Customer"}, {"p": 317, "c": 0.9, "s": 103287, "e": 103526, "w": "点", "sp": "Customer"}, {"p": 318, "c": 0.9, "s": 103526, "e": 104003, "w": "有点", "sp": "Customer"}, {"p": 319, "c": 0.9, "s": 104003, "e": 104480, "w": "模式", "sp": "Customer"}, {"p": 320, "c": 0.9, "s": 104481, "e": 104720, "w": "吗", "sp": "Customer"}, {"p": 321, "c": 0.9, "s": 104840, "e": 106030, "w": "对", "sp": "Agent"}, {"p": 322, "c": 0.9, "s": 106620, "e": 106972, "w": "不行", "sp": "Customer"}, {"p": 323, "c": 0.9, "s": 106972, "e": 107148, "w": "啊", "sp": "Customer"}, {"p": 324, "c": 0.9, "s": 107148, "e": 107500, "w": "还是", "sp": "Customer"}, {"p": 325, "c": 0.9, "s": 107500, "e": 107853, "w": "只有", "sp": "Customer"}, {"p": 326, "c": 0.9, "s": 107853, "e": 108029, "w": "制", "sp": "Customer"}, {"p": 327, "c": 0.9, "s": 108029, "e": 108205, "w": "热", "sp": "Customer"}, {"p": 328, "c": 0.9, "s": 108205, "e": 108557, "w": "没有", "sp": "Customer"}, {"p": 329, "c": 0.9, "s": 108557, "e": 108909, "w": "制冷", "sp": "Customer"}, {"p": 330, "c": 0.9, "s": 111200, "e": 111420, "w": "您", "sp": "Agent"}, {"p": 331, "c": 0.9, "s": 111420, "e": 111640, "w": "是", "sp": "Agent"}, {"p": 332, "c": 0.9, "s": 111640, "e": 112081, "w": "准备", "sp": "Agent"}, {"p": 333, "c": 0.9, "s": 112081, "e": 112302, "w": "买", "sp": "Agent"}, {"p": 334, "c": 0.9, "s": 112302, "e": 112742, "w": "已经", "sp": "Agent"}, {"p": 335, "c": 0.9, "s": 112742, "e": 113183, "w": "现在", "sp": "Agent"}, {"p": 336, "c": 0.9, "s": 113183, "e": 113404, "w": "您", "sp": "Agent"}, {"p": 337, "c": 0.9, "s": 113404, "e": 113624, "w": "是", "sp": "Agent"}, {"p": 338, "c": 0.9, "s": 113624, "e": 113845, "w": "在", "sp": "Agent"}, {"p": 339, "c": 0.9, "s": 113845, "e": 114285, "w": "准备", "sp": "Agent"}, {"p": 340, "c": 0.9, "s": 114285, "e": 114506, "w": "买", "sp": "Agent"}, {"p": 341, "c": 0.9, "s": 114506, "e": 114947, "w": "一条", "sp": "Agent"}, {"p": 342, "c": 0.9, "s": 114947, "e": 115387, "w": "还是", "sp": "Agent"}, {"p": 343, "c": 0.9, "s": 115387, "e": 115608, "w": "在", "sp": "Agent"}, {"p": 344, "c": 0.9, "s": 115608, "e": 116049, "w": "房间", "sp": "Agent"}, {"p": 345, "c": 0.9, "s": 116049, "e": 116269, "w": "里", "sp": "Agent"}, {"p": 346, "c": 0.9, "s": 116269, "e": 116490, "w": "调", "sp": "Agent"}, {"p": 347, "c": 0.9, "s": 116700, "e": 116911, "w": "主", "sp": "Customer"}, {"p": 348, "c": 0.9, "s": 116912, "e": 117336, "w": "密码", "sp": "Customer"}, {"p": 349, "c": 0.9, "s": 117336, "e": 117548, "w": "是", "sp": "Customer"}, {"p": 350, "c": 0.9, "s": 117548, "e": 117759, "w": "制", "sp": "Customer"}, {"p": 351, "c": 0.9, "s": 117760, "e": 117972, "w": "的", "sp": "Customer"}, {"p": 352, "c": 0.9, "s": 117972, "e": 118396, "w": "没有", "sp": "Customer"}, {"p": 353, "c": 0.9, "s": 118396, "e": 118821, "w": "问题", "sp": "Customer"}, {"p": 354, "c": 0.9, "s": 118821, "e": 119033, "w": "我", "sp": "Customer"}, {"p": 355, "c": 0.9, "s": 119033, "e": 119457, "w": "确定", "sp": "Customer"}, {"p": 356, "c": 0.9, "s": 119457, "e": 119669, "w": "主", "sp": "Customer"}, {"p": 357, "c": 0.9, "s": 119669, "e": 120093, "w": "编码", "sp": "Customer"}, {"p": 358, "c": 0.9, "s": 120093, "e": 120305, "w": "是", "sp": "Customer"}, {"p": 359, "c": 0.9, "s": 120305, "e": 120517, "w": "制", "sp": "Customer"}, {"p": 360, "c": 0.9, "s": 120517, "e": 120729, "w": "的", "sp": "Customer"}, {"p": 361, "c": 0.9, "s": 120750, "e": 120959, "w": "嗯", "sp": "Agent"}, {"p": 362, "c": 0.9, "s": 120959, "e": 121378, "w": "然后", "sp": "Agent"}, {"p": 363, "c": 0.9, "s": 121378, "e": 121796, "w": "房间", "sp": "Agent"}, {"p": 364, "c": 0.9, "s": 121796, "e": 122006, "w": "的", "sp": "Agent"}, {"p": 365, "c": 0.9, "s": 122006, "e": 122423, "w": "这个", "sp": "Agent"}, {"p": 366, "c": 0.9, "s": 122424, "e": 122634, "w": "您", "sp": "Agent"}, {"p": 367, "c": 0.9, "s": 122634, "e": 122843, "w": "不", "sp": "Agent"}, {"p": 368, "c": 0.9, "s": 122843, "e": 123262, "w": "需要", "sp": "Agent"}, {"p": 369, "c": 0.9, "s": 123262, "e": 123471, "w": "调", "sp": "Agent"}, {"p": 370, "c": 0.9, "s": 123471, "e": 123680, "w": "的", "sp": "Agent"}, {"p": 371, "c": 0.9, "s": 123680, "e": 123890, "w": "你", "sp": "Agent"}, {"p": 372, "c": 0.9, "s": 123890, "e": 124099, "w": "就", "sp": "Agent"}, {"p": 373, "c": 0.9, "s": 124099, "e": 124518, "w": "主要", "sp": "Agent"}, {"p": 374, "c": 0.9, "s": 124518, "e": 124727, "w": "看", "sp": "Agent"}, {"p": 375, "c": 0.9, "s": 124727, "e": 125146, "w": "那个", "sp": "Agent"}, {"p": 376, "c": 0.9, "s": 125146, "e": 125565, "w": "模式", "sp": "Agent"}, {"p": 377, "c": 0.9, "s": 125565, "e": 126193, "w": "是不是", "sp": "Agent"}, {"p": 378, "c": 0.9, "s": 126193, "e": 126611, "w": "循环", "sp": "Agent"}, {"p": 379, "c": 0.9, "s": 126611, "e": 126821, "w": "的", "sp": "Agent"}, {"p": 380, "c": 0.9, "s": 126821, "e": 127240, "w": "标志", "sp": "Agent"}, {"p": 381, "c": 0.9, "s": 127500, "e": 127738, "w": "他", "sp": "Customer"}, {"p": 382, "c": 0.9, "s": 127738, "e": 128215, "w": "不是", "sp": "Customer"}, {"p": 383, "c": 0.9, "s": 128215, "e": 128453, "w": "呀", "sp": "Customer"}, {"p": 384, "c": 0.9, "s": 128453, "e": 128931, "w": "问题", "sp": "Customer"}, {"p": 385, "c": 0.9, "s": 128931, "e": 129170, "w": "是", "sp": "Customer"}, {"p": 386, "c": 0.9, "s": 129320, "e": 129768, "w": "不是", "sp": "Agent"}, {"p": 387, "c": 0.9, "s": 129768, "e": 130216, "w": "小孩", "sp": "Agent"}, {"p": 388, "c": 0.9, "s": 130216, "e": 130440, "w": "的", "sp": "Agent"}, {"p": 389, "c": 0.9, "s": 130440, "e": 130888, "w": "关系", "sp": "Agent"}, {"p": 390, "c": 0.9, "s": 130888, "e": 131112, "w": "您", "sp": "Agent"}, {"p": 391, "c": 0.9, "s": 131112, "e": 131337, "w": "家", "sp": "Agent"}, {"p": 392, "c": 0.9, "s": 131270, "e": 131800, "w": "对", "sp": "Customer"}, {"p": 393, "c": 0.9, "s": 131337, "e": 131785, "w": "总共", "sp": "Agent"}, {"p": 394, "c": 0.9, "s": 131785, "e": 132233, "w": "几个", "sp": "Agent"}, {"p": 395, "c": 0.9, "s": 131800, "e": 132330, "w": "啊", "sp": "Customer"}, {"p": 396, "c": 0.9, "s": 132233, "e": 133130, "w": "控制面板", "sp": "Agent"}, {"p": 397, "c": 0.9, "s": 133400, "e": 133970, "w": "我家", "sp": "Customer"}, {"p": 398, "c": 0.9, "s": 133970, "e": 134540, "w": "一共", "sp": "Customer"}, {"p": 399, "c": 0.9, "s": 134540, "e": 134825, "w": "就", "sp": "Customer"}, {"p": 400, "c": 0.9, "s": 134825, "e": 135395, "w": "五个", "sp": "Customer"}, {"p": 401, "c": 0.9, "s": 135395, "e": 135680, "w": "吧", "sp": "Customer"}, {"p": 402, "c": 0.9, "s": 135680, "e": 136250, "w": "还是", "sp": "Customer"}, {"p": 403, "c": 0.9, "s": 136250, "e": 136820, "w": "几个", "sp": "Customer"}, {"p": 404, "c": 0.9, "s": 136750, "e": 137149, "w": "九个", "sp": "Agent"}, {"p": 405, "c": 0.9, "s": 137149, "e": 137348, "w": "那", "sp": "Agent"}, {"p": 406, "c": 0.9, "s": 137348, "e": 137548, "w": "您", "sp": "Agent"}, {"p": 407, "c": 0.9, "s": 137548, "e": 137947, "w": "现在", "sp": "Agent"}, {"p": 408, "c": 0.9, "s": 137947, "e": 138146, "w": "把", "sp": "Agent"}, {"p": 409, "c": 0.9, "s": 138146, "e": 138545, "w": "家里", "sp": "Agent"}, {"p": 410, "c": 0.9, "s": 138545, "e": 138944, "w": "所有", "sp": "Agent"}, {"p": 411, "c": 0.9, "s": 138944, "e": 139144, "w": "的", "sp": "Agent"}, {"p": 412, "c": 0.9, "s": 139144, "e": 139942, "w": "控制面板", "sp": "Agent"}, {"p": 413, "c": 0.9, "s": 139942, "e": 140341, "w": "全部", "sp": "Agent"}, {"p": 414, "c": 0.9, "s": 140341, "e": 140540, "w": "都", "sp": "Agent"}, {"p": 415, "c": 0.9, "s": 140540, "e": 140939, "w": "关掉", "sp": "Agent"}, {"p": 416, "c": 0.9, "s": 141340, "e": 141817, "w": "全部", "sp": "Customer"}, {"p": 417, "c": 0.9, "s": 141817, "e": 142055, "w": "都", "sp": "Customer"}, {"p": 418, "c": 0.9, "s": 142055, "e": 142532, "w": "关掉", "sp": "Customer"}, {"p": 419, "c": 0.9, "s": 142532, "e": 142771, "w": "是", "sp": "Customer"}, {"p": 420, "c": 0.9, "s": 142771, "e": 143010, "w": "吧", "sp": "Customer"}, {"p": 421, "c": 0.9, "s": 142970, "e": 144060, "w": "嗯", "sp": "Agent"}, {"p": 422, "c": 0.9, "s": 144550, "e": 144739, "w": "呃", "sp": "Customer"}, {"p": 423, "c": 0.9, "s": 144739, "e": 144928, "w": "我", "sp": "Customer"}, {"p": 424, "c": 0.9, "s": 144928, "e": 145118, "w": "看", "sp": "Customer"}, {"p": 425, "c": 0.9, "s": 145118, "e": 145496, "w": "一下", "sp": "Customer"}, {"p": 426, "c": 0.9, "s": 145496, "e": 145686, "w": "啊", "sp": "Customer"}, {"p": 427, "c": 0.9, "s": 145686, "e": 146064, "w": "现在", "sp": "Customer"}, {"p": 428, "c": 0.9, "s": 146064, "e": 146443, "w": "好像", "sp": "Customer"}, {"p": 429, "c": 0.9, "s": 146443, "e": 146821, "w": "现在", "sp": "Customer"}, {"p": 430, "c": 0.9, "s": 146822, "e": 147200, "w": "所有", "sp": "Customer"}, {"p": 431, "c": 0.9, "s": 147200, "e": 147579, "w": "全部", "sp": "Customer"}, {"p": 432, "c": 0.9, "s": 147579, "e": 147767, "w": "都", "sp": "Customer"}, {"p": 433, "c": 0.9, "s": 147768, "e": 148147, "w": "关掉", "sp": "Customer"}, {"p": 434, "c": 0.9, "s": 148147, "e": 148336, "w": "了", "sp": "Customer"}, {"p": 435, "c": 0.9, "s": 148336, "e": 148526, "w": "我", "sp": "Customer"}, {"p": 436, "c": 0.9, "s": 148526, "e": 148715, "w": "要", "sp": "Customer"}, {"p": 437, "c": 0.9, "s": 148715, "e": 148903, "w": "把", "sp": "Customer"}, {"p": 438, "c": 0.9, "s": 148904, "e": 149283, "w": "这个", "sp": "Customer"}, {"p": 439, "c": 0.9, "s": 149283, "e": 149472, "w": "呃", "sp": "Customer"}, {"p": 440, "c": 0.9, "s": 149472, "e": 149662, "w": "我", "sp": "Customer"}, {"p": 441, "c": 0.9, "s": 149662, "e": 149851, "w": "要", "sp": "Customer"}, {"p": 442, "c": 0.9, "s": 149851, "e": 150040, "w": "把", "sp": "Customer"}, {"p": 443, "c": 0.9, "s": 150040, "e": 150418, "w": "这个", "sp": "Customer"}, {"p": 444, "c": 0.9, "s": 150419, "e": 150608, "w": "叫", "sp": "Customer"}, {"p": 445, "c": 0.9, "s": 150608, "e": 150987, "w": "空调", "sp": "Customer"}, {"p": 446, "c": 0.9, "s": 150987, "e": 151176, "w": "的", "sp": "Customer"}, {"p": 447, "c": 0.9, "s": 151176, "e": 151366, "w": "总", "sp": "Customer"}, {"p": 448, "c": 0.9, "s": 151366, "e": 151744, "w": "控制", "sp": "Customer"}, {"p": 449, "c": 0.9, "s": 151744, "e": 152123, "w": "开关", "sp": "Customer"}, {"p": 450, "c": 0.9, "s": 152123, "e": 152312, "w": "也", "sp": "Customer"}, {"p": 451, "c": 0.9, "s": 152312, "e": 152691, "w": "关掉", "sp": "Customer"}, {"p": 452, "c": 0.9, "s": 152691, "e": 152879, "w": "了", "sp": "Customer"}, {"p": 453, "c": 0.9, "s": 152880, "e": 153070, "w": "吗", "sp": "Customer"}, {"p": 454, "c": 0.9, "s": 153110, "e": 153396, "w": "嗯", "sp": "Agent"}, {"p": 455, "c": 0.9, "s": 153396, "e": 153681, "w": "对", "sp": "Agent"}, {"p": 456, "c": 0.9, "s": 153682, "e": 153969, "w": "的", "sp": "Agent"}, {"p": 457, "c": 0.9, "s": 153969, "e": 154541, "w": "所有", "sp": "Agent"}, {"p": 458, "c": 0.9, "s": 154541, "e": 154828, "w": "的", "sp": "Agent"}, {"p": 459, "c": 0.9, "s": 154828, "e": 155400, "w": "面板", "sp": "Agent"}, {"p": 460, "c": 0.9, "s": 155400, "e": 155687, "w": "都", "sp": "Agent"}, {"p": 461, "c": 0.9, "s": 155687, "e": 156260, "w": "关掉", "sp": "Agent"}, {"p": 462, "c": 0.9, "s": 156580, "e": 156772, "w": "那", "sp": "Customer"}, {"p": 463, "c": 0.9, "s": 156772, "e": 157157, "w": "那个", "sp": "Customer"}, {"p": 464, "c": 0.9, "s": 157157, "e": 157542, "w": "空调", "sp": "Customer"}, {"p": 465, "c": 0.9, "s": 157542, "e": 157928, "w": "那个", "sp": "Customer"}, {"p": 466, "c": 0.9, "s": 157928, "e": 158120, "w": "总", "sp": "Customer"}, {"p": 467, "c": 0.9, "s": 158120, "e": 158312, "w": "控", "sp": "Customer"}, {"p": 468, "c": 0.9, "s": 158313, "e": 158505, "w": "的", "sp": "Customer"}, {"p": 469, "c": 0.9, "s": 158505, "e": 158890, "w": "开关", "sp": "Customer"}, {"p": 470, "c": 0.9, "s": 158890, "e": 159083, "w": "要", "sp": "Customer"}, {"p": 471, "c": 0.9, "s": 159083, "e": 159275, "w": "管", "sp": "Customer"}, {"p": 472, "c": 0.9, "s": 159276, "e": 159468, "w": "吗", "sp": "Customer"}, {"p": 473, "c": 0.9, "s": 159468, "e": 159853, "w": "就是", "sp": "Customer"}, {"p": 474, "c": 0.9, "s": 159580, "e": 160710, "w": "不用", "sp": "Agent"}, {"p": 475, "c": 0.9, "s": 159853, "e": 160239, "w": "那个", "sp": "Customer"}, {"p": 476, "c": 0.9, "s": 160239, "e": 160624, "w": "墙上", "sp": "Customer"}, {"p": 477, "c": 0.9, "s": 160624, "e": 160816, "w": "的", "sp": "Customer"}, {"p": 478, "c": 0.9, "s": 160816, "e": 161200, "w": "那个", "sp": "Customer"}, {"p": 479, "c": 0.9, "s": 161201, "e": 161587, "w": "电闸", "sp": "Customer"}, {"p": 480, "c": 0.9, "s": 161587, "e": 161972, "w": "那个", "sp": "Customer"}, {"p": 481, "c": 0.9, "s": 161690, "e": 161916, "w": "不", "sp": "Agent"}, {"p": 482, "c": 0.9, "s": 161916, "e": 162370, "w": "需要", "sp": "Agent"}, {"p": 483, "c": 0.9, "s": 161972, "e": 162357, "w": "地方", "sp": "Customer"}, {"p": 484, "c": 0.9, "s": 162357, "e": 162549, "w": "啊", "sp": "Customer"}, {"p": 485, "c": 0.9, "s": 162370, "e": 162597, "w": "只", "sp": "Agent"}, {"p": 486, "c": 0.9, "s": 162597, "e": 163051, "w": "需要", "sp": "Agent"}, {"p": 487, "c": 0.9, "s": 163051, "e": 163278, "w": "开", "sp": "Agent"}, {"p": 488, "c": 0.9, "s": 163180, "e": 163452, "w": "不", "sp": "Customer"}, {"p": 489, "c": 0.9, "s": 163278, "e": 163505, "w": "面", "sp": "Agent"}, {"p": 490, "c": 0.9, "s": 163452, "e": 163724, "w": "需", "sp": "Customer"}, {"p": 491, "c": 0.9, "s": 163505, "e": 163959, "w": "就是", "sp": "Agent"}, {"p": 492, "c": 0.9, "s": 163724, "e": 164268, "w": "要是", "sp": "Customer"}, {"p": 493, "c": 0.9, "s": 163959, "e": 164186, "w": "关", "sp": "Agent"}, {"p": 494, "c": 0.9, "s": 164186, "e": 164640, "w": "面板", "sp": "Agent"}, {"p": 495, "c": 0.9, "s": 164268, "e": 164540, "w": "吧", "sp": "Customer"}, {"p": 496, "c": 0.9, "s": 164640, "e": 164867, "w": "对", "sp": "Agent"}, {"p": 497, "c": 0.9, "s": 164867, "e": 165321, "w": "所有", "sp": "Agent"}, {"p": 498, "c": 0.9, "s": 165321, "e": 165548, "w": "的", "sp": "Agent"}, {"p": 499, "c": 0.9, "s": 165548, "e": 166002, "w": "面板", "sp": "Agent"}, {"p": 500, "c": 0.9, "s": 166002, "e": 166456, "w": "全部", "sp": "Agent"}, {"p": 501, "c": 0.9, "s": 166456, "e": 166909, "w": "关掉", "sp": "Agent"}, {"p": 502, "c": 0.9, "s": 167600, "e": 167769, "w": "好", "sp": "Customer"}, {"p": 503, "c": 0.9, "s": 167769, "e": 167939, "w": "你", "sp": "Customer"}, {"p": 504, "c": 0.9, "s": 167939, "e": 168109, "w": "让", "sp": "Customer"}, {"p": 505, "c": 0.9, "s": 168109, "e": 168278, "w": "我", "sp": "Customer"}, {"p": 506, "c": 0.9, "s": 168278, "e": 168448, "w": "看", "sp": "Customer"}, {"p": 507, "c": 0.9, "s": 168448, "e": 168788, "w": "一下", "sp": "Customer"}, {"p": 508, "c": 0.9, "s": 168788, "e": 168957, "w": "好", "sp": "Customer"}, {"p": 509, "c": 0.9, "s": 168957, "e": 169297, "w": "所有", "sp": "Customer"}, {"p": 510, "c": 0.9, "s": 169297, "e": 169636, "w": "密码", "sp": "Customer"}, {"p": 511, "c": 0.9, "s": 169590, "e": 170620, "w": "嗯", "sp": "Agent"}, {"p": 512, "c": 0.9, "s": 169636, "e": 169806, "w": "都", "sp": "Customer"}, {"p": 513, "c": 0.9, "s": 169806, "e": 170146, "w": "关掉", "sp": "Customer"}, {"p": 514, "c": 0.9, "s": 170146, "e": 170315, "w": "了", "sp": "Customer"}, {"p": 515, "c": 0.9, "s": 170315, "e": 170655, "w": "但是", "sp": "Customer"}, {"p": 516, "c": 0.9, "s": 170655, "e": 170994, "w": "就是", "sp": "Customer"}, {"p": 517, "c": 0.9, "s": 170994, "e": 171164, "w": "他", "sp": "Customer"}, {"p": 518, "c": 0.9, "s": 171164, "e": 171503, "w": "不是", "sp": "Customer"}, {"p": 519, "c": 0.9, "s": 171290, "e": 172329, "w": "嗯", "sp": "Agent"}, {"p": 520, "c": 0.9, "s": 171503, "e": 171843, "w": "就是", "sp": "Customer"}, {"p": 521, "c": 0.9, "s": 171843, "e": 172182, "w": "开关", "sp": "Customer"}, {"p": 522, "c": 0.9, "s": 172182, "e": 172522, "w": "那个", "sp": "Customer"}, {"p": 523, "c": 0.9, "s": 172522, "e": 172861, "w": "明亮", "sp": "Customer"}, {"p": 524, "c": 0.9, "s": 172861, "e": 173200, "w": "就是", "sp": "Customer"}, {"p": 525, "c": 0.9, "s": 173201, "e": 173540, "w": "关掉", "sp": "Customer"}, {"p": 526, "c": 0.9, "s": 173540, "e": 173709, "w": "了", "sp": "Customer"}, {"p": 527, "c": 0.9, "s": 173710, "e": 173880, "w": "是", "sp": "Customer"}, {"p": 528, "c": 0.9, "s": 173880, "e": 174050, "w": "吧", "sp": "Customer"}, {"p": 529, "c": 0.9, "s": 174210, "e": 175330, "w": "嗯", "sp": "Agent"}, {"p": 530, "c": 0.9, "s": 175880, "e": 176094, "w": "好", "sp": "Customer"}, {"p": 531, "c": 0.9, "s": 176094, "e": 176523, "w": "已经", "sp": "Customer"}, {"p": 532, "c": 0.9, "s": 176523, "e": 176952, "w": "关掉", "sp": "Customer"}, {"p": 533, "c": 0.9, "s": 176952, "e": 177381, "w": "了然", "sp": "Customer"}, {"p": 534, "c": 0.9, "s": 177381, "e": 177595, "w": "后", "sp": "Customer"}, {"p": 535, "c": 0.9, "s": 177595, "e": 177810, "w": "呢", "sp": "Customer"}, {"p": 536, "c": 0.9, "s": 177850, "e": 178224, "w": "然后", "sp": "Agent"}, {"p": 537, "c": 0.9, "s": 178224, "e": 178597, "w": "现在", "sp": "Agent"}, {"p": 538, "c": 0.9, "s": 178598, "e": 178785, "w": "只", "sp": "Agent"}, {"p": 539, "c": 0.9, "s": 178785, "e": 178972, "w": "开", "sp": "Agent"}, {"p": 540, "c": 0.9, "s": 178972, "e": 179346, "w": "一个", "sp": "Agent"}, {"p": 541, "c": 0.9, "s": 179346, "e": 179719, "w": "面板", "sp": "Agent"}, {"p": 542, "c": 0.9, "s": 179720, "e": 180094, "w": "随便", "sp": "Agent"}, {"p": 543, "c": 0.9, "s": 180094, "e": 180280, "w": "开", "sp": "Agent"}, {"p": 544, "c": 0.9, "s": 180281, "e": 180655, "w": "一个", "sp": "Agent"}, {"p": 545, "c": 0.9, "s": 180655, "e": 181028, "w": "开启", "sp": "Agent"}, {"p": 546, "c": 0.9, "s": 181029, "e": 181216, "w": "的", "sp": "Agent"}, {"p": 547, "c": 0.9, "s": 181216, "e": 181777, "w": "第一个", "sp": "Agent"}, {"p": 548, "c": 0.9, "s": 181777, "e": 182150, "w": "面板", "sp": "Agent"}, {"p": 549, "c": 0.9, "s": 182151, "e": 182338, "w": "就", "sp": "Agent"}, {"p": 550, "c": 0.9, "s": 182338, "e": 182525, "w": "会", "sp": "Agent"}, {"p": 551, "c": 0.9, "s": 182525, "e": 182711, "w": "默", "sp": "Agent"}, {"p": 552, "c": 0.9, "s": 182712, "e": 183086, "w": "认为", "sp": "Agent"}, {"p": 553, "c": 0.9, "s": 183086, "e": 183273, "w": "主", "sp": "Agent"}, {"p": 554, "c": 0.9, "s": 183273, "e": 183646, "w": "面板", "sp": "Agent"}, {"p": 555, "c": 0.9, "s": 183647, "e": 183834, "w": "的", "sp": "Agent"}, {"p": 556, "c": 0.9, "s": 183834, "e": 184021, "w": "在", "sp": "Agent"}, {"p": 557, "c": 0.9, "s": 184021, "e": 184208, "w": "主", "sp": "Agent"}, {"p": 558, "c": 0.9, "s": 184208, "e": 184581, "w": "面板", "sp": "Agent"}, {"p": 559, "c": 0.9, "s": 184582, "e": 184956, "w": "上去", "sp": "Agent"}, {"p": 560, "c": 0.9, "s": 184956, "e": 185329, "w": "切换", "sp": "Agent"}, {"p": 561, "c": 0.9, "s": 185330, "e": 185704, "w": "制冷", "sp": "Agent"}, {"p": 562, "c": 0.9, "s": 185704, "e": 185890, "w": "和", "sp": "Agent"}, {"p": 563, "c": 0.9, "s": 185891, "e": 186078, "w": "制", "sp": "Agent"}, {"p": 564, "c": 0.9, "s": 186078, "e": 186265, "w": "热", "sp": "Agent"}, {"p": 565, "c": 0.9, "s": 186265, "e": 186452, "w": "这", "sp": "Agent"}, {"p": 566, "c": 0.9, "s": 186452, "e": 186825, "w": "两个", "sp": "Agent"}, {"p": 567, "c": 0.9, "s": 186826, "e": 187200, "w": "模式", "sp": "Agent"}, {"p": 568, "c": 0.9, "s": 187590, "e": 187754, "w": "他", "sp": "Customer"}, {"p": 569, "c": 0.9, "s": 187755, "e": 188087, "w": "现在", "sp": "Customer"}, {"p": 570, "c": 0.9, "s": 188087, "e": 188253, "w": "是", "sp": "Customer"}, {"p": 571, "c": 0.9, "s": 188253, "e": 188418, "w": "他", "sp": "Customer"}, {"p": 572, "c": 0.9, "s": 188418, "e": 188750, "w": "现在", "sp": "Customer"}, {"p": 573, "c": 0.9, "s": 188750, "e": 188916, "w": "是", "sp": "Customer"}, {"p": 574, "c": 0.9, "s": 188916, "e": 189247, "w": "那个", "sp": "Customer"}, {"p": 575, "c": 0.9, "s": 189247, "e": 189579, "w": "面板", "sp": "Customer"}, {"p": 576, "c": 0.9, "s": 189579, "e": 189743, "w": "是", "sp": "Customer"}, {"p": 577, "c": 0.9, "s": 189744, "e": 190076, "w": "开关", "sp": "Customer"}, {"p": 578, "c": 0.9, "s": 190076, "e": 190242, "w": "的", "sp": "Customer"}, {"p": 579, "c": 0.9, "s": 190242, "e": 190407, "w": "灯", "sp": "Customer"}, {"p": 580, "c": 0.9, "s": 190407, "e": 190739, "w": "流量", "sp": "Customer"}, {"p": 581, "c": 0.9, "s": 190739, "e": 191069, "w": "但是", "sp": "Customer"}, {"p": 582, "c": 0.9, "s": 191070, "e": 191402, "w": "面板", "sp": "Customer"}, {"p": 583, "c": 0.9, "s": 191402, "e": 191568, "w": "上", "sp": "Customer"}, {"p": 584, "c": 0.9, "s": 191568, "e": 191732, "w": "有", "sp": "Customer"}, {"p": 585, "c": 0.9, "s": 191733, "e": 192065, "w": "显示", "sp": "Customer"}, {"p": 586, "c": 0.9, "s": 192065, "e": 192231, "w": "字", "sp": "Customer"}, {"p": 587, "c": 0.9, "s": 192231, "e": 192562, "w": "那个", "sp": "Customer"}, {"p": 588, "c": 0.9, "s": 192450, "e": 193470, "w": "嗯", "sp": "Agent"}, {"p": 589, "c": 0.9, "s": 192562, "e": 192894, "w": "没事", "sp": "Customer"}, {"p": 590, "c": 0.9, "s": 192894, "e": 193060, "w": "吧", "sp": "Customer"}, {"p": 591, "c": 0.9, "s": 194070, "e": 194249, "w": "好", "sp": "Customer"}, {"p": 592, "c": 0.9, "s": 194249, "e": 194428, "w": "那", "sp": "Customer"}, {"p": 593, "c": 0.9, "s": 194420, "e": 195430, "w": "嗯", "sp": "Agent"}, {"p": 594, "c": 0.9, "s": 194429, "e": 194608, "w": "我", "sp": "Customer"}, {"p": 595, "c": 0.9, "s": 194608, "e": 194788, "w": "开", "sp": "Customer"}, {"p": 596, "c": 0.9, "s": 194788, "e": 195146, "w": "一个", "sp": "Customer"}, {"p": 597, "c": 0.9, "s": 195147, "e": 195327, "w": "开", "sp": "Customer"}, {"p": 598, "c": 0.9, "s": 195327, "e": 195685, "w": "一个", "sp": "Customer"}, {"p": 599, "c": 0.9, "s": 195686, "e": 196045, "w": "上面", "sp": "Customer"}, {"p": 600, "c": 0.9, "s": 195850, "e": 196900, "w": "对", "sp": "Agent"}, {"p": 601, "c": 0.9, "s": 196045, "e": 196403, "w": "直接", "sp": "Customer"}, {"p": 602, "c": 0.9, "s": 196404, "e": 196584, "w": "就", "sp": "Customer"}, {"p": 603, "c": 0.9, "s": 196584, "e": 196943, "w": "制冷", "sp": "Customer"}, {"p": 604, "c": 0.9, "s": 196943, "e": 197301, "w": "因为", "sp": "Customer"}, {"p": 605, "c": 0.9, "s": 197302, "e": 197662, "w": "下面", "sp": "Customer"}, {"p": 606, "c": 0.9, "s": 197662, "e": 198021, "w": "最后", "sp": "Customer"}, {"p": 607, "c": 0.9, "s": 198021, "e": 198200, "w": "调", "sp": "Customer"}, {"p": 608, "c": 0.9, "s": 198200, "e": 198379, "w": "过", "sp": "Customer"}, {"p": 609, "c": 0.9, "s": 198380, "e": 198560, "w": "了", "sp": "Customer"}, {"p": 610, "c": 0.9, "s": 200370, "e": 200586, "w": "您", "sp": "Agent"}, {"p": 611, "c": 0.9, "s": 200586, "e": 200802, "w": "再", "sp": "Agent"}, {"p": 612, "c": 0.9, "s": 200802, "e": 201234, "w": "重新", "sp": "Agent"}, {"p": 613, "c": 0.9, "s": 201234, "e": 201666, "w": "选择", "sp": "Agent"}, {"p": 614, "c": 0.9, "s": 201666, "e": 202098, "w": "一下", "sp": "Agent"}, {"p": 615, "c": 0.9, "s": 202098, "e": 202530, "w": "重新", "sp": "Agent"}, {"p": 616, "c": 0.9, "s": 202530, "e": 202962, "w": "选择", "sp": "Agent"}, {"p": 617, "c": 0.9, "s": 202962, "e": 203178, "w": "到", "sp": "Agent"}, {"p": 618, "c": 0.9, "s": 203178, "e": 203394, "w": "这", "sp": "Agent"}, {"p": 619, "c": 0.9, "s": 203394, "e": 203610, "w": "了", "sp": "Agent"}, {"p": 620, "c": 0.9, "s": 206250, "e": 206428, "w": "啊", "sp": "Customer"}, {"p": 621, "c": 0.9, "s": 206428, "e": 206607, "w": "就", "sp": "Customer"}, {"p": 622, "c": 0.9, "s": 206607, "e": 206786, "w": "选", "sp": "Customer"}, {"p": 623, "c": 0.9, "s": 206786, "e": 206963, "w": "我", "sp": "Customer"}, {"p": 624, "c": 0.9, "s": 206964, "e": 207143, "w": "就", "sp": "Customer"}, {"p": 625, "c": 0.9, "s": 207143, "e": 207500, "w": "重新", "sp": "Customer"}, {"p": 626, "c": 0.9, "s": 207500, "e": 207679, "w": "就", "sp": "Customer"}, {"p": 627, "c": 0.9, "s": 207679, "e": 208036, "w": "选择", "sp": "Customer"}, {"p": 628, "c": 0.9, "s": 208036, "e": 208394, "w": "选择", "sp": "Customer"}, {"p": 629, "c": 0.9, "s": 208394, "e": 208750, "w": "自然", "sp": "Customer"}, {"p": 630, "c": 0.9, "s": 208460, "e": 209045, "w": "现在", "sp": "Agent"}, {"p": 631, "c": 0.9, "s": 208751, "e": 208930, "w": "的", "sp": "Customer"}, {"p": 632, "c": 0.9, "s": 209045, "e": 209631, "w": "知道", "sp": "Agent"}, {"p": 633, "c": 0.9, "s": 209631, "e": 209924, "w": "了", "sp": "Agent"}, {"p": 634, "c": 0.9, "s": 209924, "e": 210217, "w": "是", "sp": "Agent"}, {"p": 635, "c": 0.9, "s": 210090, "e": 211110, "w": "对", "sp": "Customer"}, {"p": 636, "c": 0.9, "s": 210217, "e": 210510, "w": "吗", "sp": "Agent"}, {"p": 637, "c": 0.9, "s": 211100, "e": 211328, "w": "好", "sp": "Agent"}, {"p": 638, "c": 0.9, "s": 211328, "e": 211556, "w": "的", "sp": "Agent"}, {"p": 639, "c": 0.9, "s": 211556, "e": 212013, "w": "然后", "sp": "Agent"}, {"p": 640, "c": 0.9, "s": 212013, "e": 212242, "w": "您", "sp": "Agent"}, {"p": 641, "c": 0.9, "s": 212242, "e": 212470, "w": "带", "sp": "Agent"}, {"p": 642, "c": 0.9, "s": 212470, "e": 212699, "w": "几", "sp": "Agent"}, {"p": 643, "c": 0.9, "s": 212699, "e": 212927, "w": "台", "sp": "Agent"}, {"p": 644, "c": 0.9, "s": 212927, "e": 213384, "w": "房间", "sp": "Agent"}, {"p": 645, "c": 0.9, "s": 213384, "e": 213613, "w": "的", "sp": "Agent"}, {"p": 646, "c": 0.9, "s": 213613, "e": 214070, "w": "那个", "sp": "Agent"}, {"p": 647, "c": 0.9, "s": 214860, "e": 215036, "w": "哎", "sp": "Customer"}, {"p": 648, "c": 0.9, "s": 215036, "e": 215390, "w": "宝贝", "sp": "Customer"}, {"p": 649, "c": 0.9, "s": 215390, "e": 215567, "w": "你", "sp": "Customer"}, {"p": 650, "c": 0.9, "s": 215567, "e": 215744, "w": "帮", "sp": "Customer"}, {"p": 651, "c": 0.9, "s": 215744, "e": 215920, "w": "我", "sp": "Customer"}, {"p": 652, "c": 0.9, "s": 215920, "e": 216097, "w": "看", "sp": "Customer"}, {"p": 653, "c": 0.9, "s": 216097, "e": 216451, "w": "一下", "sp": "Customer"}, {"p": 654, "c": 0.9, "s": 216451, "e": 216805, "w": "房间", "sp": "Customer"}, {"p": 655, "c": 0.9, "s": 216805, "e": 217157, "w": "这个", "sp": "Customer"}, {"p": 656, "c": 0.9, "s": 217158, "e": 217512, "w": "现在", "sp": "Customer"}, {"p": 657, "c": 0.9, "s": 217512, "e": 217689, "w": "是", "sp": "Customer"}, {"p": 658, "c": 0.9, "s": 217689, "e": 217864, "w": "冷", "sp": "Customer"}, {"p": 659, "c": 0.9, "s": 217865, "e": 218042, "w": "吗", "sp": "Customer"}, {"p": 660, "c": 0.9, "s": 218042, "e": 218219, "w": "再", "sp": "Customer"}, {"p": 661, "c": 0.9, "s": 218219, "e": 218396, "w": "开", "sp": "Customer"}, {"p": 662, "c": 0.9, "s": 218396, "e": 218750, "w": "一下", "sp": "Customer"}, {"p": 663, "c": 0.9, "s": 221810, "e": 222370, "w": "不是", "sp": "Customer"}, {"p": 664, "c": 0.9, "s": 222370, "e": 222930, "w": "还是", "sp": "Customer"}, {"p": 665, "c": 0.9, "s": 222930, "e": 223489, "w": "不行", "sp": "Customer"}, {"p": 666, "c": 0.9, "s": 225300, "e": 225931, "w": "还是", "sp": "Agent"}, {"p": 667, "c": 0.9, "s": 225931, "e": 226562, "w": "显示", "sp": "Agent"}, {"p": 668, "c": 0.9, "s": 226562, "e": 227194, "w": "知道", "sp": "Agent"}, {"p": 669, "c": 0.9, "s": 227194, "e": 227510, "w": "吗", "sp": "Agent"}, {"p": 670, "c": 0.9, "s": 227360, "e": 227655, "w": "对", "sp": "Customer"}, {"p": 671, "c": 0.9, "s": 227655, "e": 228245, "w": "还是", "sp": "Customer"}, {"p": 672, "c": 0.9, "s": 228245, "e": 228834, "w": "显示", "sp": "Customer"}, {"p": 673, "c": 0.9, "s": 228835, "e": 229130, "w": "是", "sp": "Customer"}, {"p": 674, "c": 0.9, "s": 229980, "e": 230446, "w": "了解", "sp": "Agent"}, {"p": 675, "c": 0.9, "s": 230447, "e": 230680, "w": "那", "sp": "Agent"}, {"p": 676, "c": 0.9, "s": 230680, "e": 230913, "w": "我", "sp": "Agent"}, {"p": 677, "c": 0.9, "s": 230914, "e": 231147, "w": "帮", "sp": "Agent"}, {"p": 678, "c": 0.9, "s": 231147, "e": 231381, "w": "您", "sp": "Agent"}, {"p": 679, "c": 0.9, "s": 231381, "e": 231847, "w": "登记", "sp": "Agent"}, {"p": 680, "c": 0.9, "s": 231848, "e": 232315, "w": "安排", "sp": "Agent"}, {"p": 681, "c": 0.9, "s": 232315, "e": 232782, "w": "师傅", "sp": "Agent"}, {"p": 682, "c": 0.9, "s": 232782, "e": 233249, "w": "上门", "sp": "Agent"}, {"p": 683, "c": 0.9, "s": 233249, "e": 233482, "w": "看", "sp": "Agent"}, {"p": 684, "c": 0.9, "s": 233482, "e": 233950, "w": "一下", "sp": "Agent"}, {"p": 685, "c": 0.9, "s": 234350, "e": 234845, "w": "大概", "sp": "Customer"}, {"p": 686, "c": 0.9, "s": 234350, "e": 234920, "w": "稍", "sp": "Agent"}, {"p": 687, "c": 0.9, "s": 234845, "e": 235340, "w": "多久", "sp": "Customer"}, {"p": 688, "c": 0.9, "s": 234920, "e": 235490, "w": "等", "sp": "Agent"}, {"p": 689, "c": 0.9, "s": 235340, "e": 235586, "w": "能", "sp": "Customer"}, {"p": 690, "c": 0.9, "s": 235587, "e": 235835, "w": "来", "sp": "Customer"}, {"p": 691, "c": 0.9, "s": 235835, "e": 236330, "w": "师傅", "sp": "Customer"}, {"p": 692, "c": 0.9, "s": 237940, "e": 238281, "w": "稍", "sp": "Agent"}, {"p": 693, "c": 0.9, "s": 238281, "e": 238623, "w": "您", "sp": "Agent"}, {"p": 694, "c": 0.9, "s": 238623, "e": 238965, "w": "稍", "sp": "Agent"}, {"p": 695, "c": 0.9, "s": 238965, "e": 239306, "w": "等", "sp": "Agent"}, {"p": 696, "c": 0.9, "s": 239306, "e": 239990, "w": "一下", "sp": "Agent"}, {"p": 697, "c": 0.9, "s": 240200, "e": 241200, "w": "嗯", "sp": "Customer"}, {"p": 698, "c": 0.9, "s": 243100, "e": 243372, "w": "没", "sp": "Agent"}, {"p": 699, "c": 0.9, "s": 243372, "e": 243917, "w": "有用", "sp": "Agent"}, {"p": 700, "c": 0.9, "s": 243917, "e": 244190, "w": "的", "sp": "Agent"}, {"p": 701, "c": 0.9, "s": 248250, "e": 248752, "w": "对", "sp": "Agent"}, {"p": 702, "c": 0.9, "s": 248752, "e": 249254, "w": "稍", "sp": "Agent"}, {"p": 703, "c": 0.9, "s": 249254, "e": 249756, "w": "等", "sp": "Agent"}, {"p": 704, "c": 0.9, "s": 249756, "e": 250760, "w": "一下", "sp": "Agent"}, {"p": 705, "c": 0.9, "s": 253500, "e": 253974, "w": "请问", "sp": "Agent"}, {"p": 706, "c": 0.9, "s": 253974, "e": 254211, "w": "您", "sp": "Agent"}, {"p": 707, "c": 0.9, "s": 254211, "e": 254685, "w": "贵姓", "sp": "Agent"}, {"p": 708, "c": 0.9, "s": 254685, "e": 255159, "w": "怎么", "sp": "Agent"}, {"p": 709, "c": 0.9, "s": 255159, "e": 255633, "w": "称呼", "sp": "Agent"}, {"p": 710, "c": 0.9, "s": 255633, "e": 255870, "w": "您", "sp": "Agent"}, {"p": 711, "c": 0.9, "s": 256070, "e": 256488, "w": "耳", "sp": "Customer"}, {"p": 712, "c": 0.9, "s": 256488, "e": 256907, "w": "东", "sp": "Customer"}, {"p": 713, "c": 0.9, "s": 256907, "e": 257325, "w": "陈", "sp": "Customer"}, {"p": 714, "c": 0.9, "s": 257325, "e": 257744, "w": "陈", "sp": "Customer"}, {"p": 715, "c": 0.9, "s": 257743, "e": 258161, "w": "陈", "sp": "Customer"}, {"p": 716, "c": 0.9, "s": 258161, "e": 259000, "w": "先生", "sp": "Customer"}, {"p": 717, "c": 0.9, "s": 258519, "e": 258720, "w": "好", "sp": "Agent"}, {"p": 718, "c": 0.9, "s": 258721, "e": 258922, "w": "的", "sp": "Agent"}, {"p": 719, "c": 0.9, "s": 258922, "e": 259124, "w": "陈", "sp": "Agent"}, {"p": 720, "c": 0.9, "s": 259124, "e": 259527, "w": "先生", "sp": "Agent"}, {"p": 721, "c": 0.9, "s": 259527, "e": 259930, "w": "请问", "sp": "Agent"}, {"p": 722, "c": 0.9, "s": 259930, "e": 260332, "w": "师傅", "sp": "Agent"}, {"p": 723, "c": 0.9, "s": 260332, "e": 260735, "w": "上门", "sp": "Agent"}, {"p": 724, "c": 0.9, "s": 260734, "e": 261138, "w": "联系", "sp": "Agent"}, {"p": 725, "c": 0.9, "s": 261138, "e": 261340, "w": "您", "sp": "Agent"}, {"p": 726, "c": 0.9, "s": 261340, "e": 261540, "w": "的", "sp": "Agent"}, {"p": 727, "c": 0.9, "s": 261540, "e": 262145, "w": "手机号", "sp": "Agent"}, {"p": 728, "c": 0.9, "s": 262145, "e": 262347, "w": "是", "sp": "Agent"}, {"p": 729, "c": 0.9, "s": 262347, "e": 262750, "w": "多少", "sp": "Agent"}, {"p": 730, "c": 0.9, "s": 263500, "e": 263943, "w": "幺", "sp": "Customer"}, {"p": 731, "c": 0.9, "s": 263943, "e": 264386, "w": "八", "sp": "Customer"}, {"p": 732, "c": 0.9, "s": 264386, "e": 264830, "w": "幺", "sp": "Customer"}, {"p": 733, "c": 0.9, "s": 264840, "e": 265290, "w": "幺", "sp": "Agent"}, {"p": 734, "c": 0.9, "s": 265290, "e": 265740, "w": "八", "sp": "Agent"}, {"p": 735, "c": 0.9, "s": 265740, "e": 266190, "w": "幺", "sp": "Agent"}, {"p": 736, "c": 0.9, "s": 266280, "e": 266695, "w": "幺", "sp": "Customer"}, {"p": 737, "c": 0.9, "s": 266695, "e": 267110, "w": "五", "sp": "Customer"}, {"p": 738, "c": 0.9, "s": 267110, "e": 267525, "w": "幺", "sp": "Customer"}, {"p": 739, "c": 0.9, "s": 267525, "e": 267940, "w": "七", "sp": "Customer"}, {"p": 740, "c": 0.9, "s": 269670, "e": 270125, "w": "幺", "sp": "Agent"}, {"p": 741, "c": 0.9, "s": 270125, "e": 270580, "w": "五", "sp": "Agent"}, {"p": 742, "c": 0.9, "s": 270580, "e": 271034, "w": "幺", "sp": "Agent"}, {"p": 743, "c": 0.9, "s": 271035, "e": 271490, "w": "七", "sp": "Agent"}, {"p": 744, "c": 0.9, "s": 271600, "e": 271920, "w": "嗯", "sp": "Customer"}, {"p": 745, "c": 0.9, "s": 271920, "e": 272560, "w": "八三", "sp": "Customer"}, {"p": 746, "c": 0.9, "s": 272560, "e": 273200, "w": "九零", "sp": "Customer"}, {"p": 747, "c": 0.9, "s": 273420, "e": 273685, "w": "八", "sp": "Agent"}, {"p": 748, "c": 0.9, "s": 273685, "e": 274217, "w": "三九", "sp": "Agent"}, {"p": 749, "c": 0.9, "s": 274217, "e": 274483, "w": "零", "sp": "Agent"}, {"p": 750, "c": 0.9, "s": 274483, "e": 274749, "w": "好", "sp": "Agent"}, {"p": 751, "c": 0.9, "s": 274749, "e": 275014, "w": "的", "sp": "Agent"}, {"p": 752, "c": 0.9, "s": 275015, "e": 275280, "w": "再", "sp": "Agent"}, {"p": 753, "c": 0.9, "s": 275280, "e": 275546, "w": "跟", "sp": "Agent"}, {"p": 754, "c": 0.9, "s": 275546, "e": 275811, "w": "您", "sp": "Agent"}, {"p": 755, "c": 0.9, "s": 275812, "e": 276344, "w": "核对", "sp": "Agent"}, {"p": 756, "c": 0.9, "s": 276344, "e": 276875, "w": "一下", "sp": "Agent"}, {"p": 757, "c": 0.9, "s": 276875, "e": 277141, "w": "幺", "sp": "Agent"}, {"p": 758, "c": 0.9, "s": 277141, "e": 277406, "w": "八", "sp": "Agent"}, {"p": 759, "c": 0.9, "s": 277407, "e": 277673, "w": "幺", "sp": "Agent"}, {"p": 760, "c": 0.9, "s": 277673, "e": 277939, "w": "幺", "sp": "Agent"}, {"p": 761, "c": 0.9, "s": 277939, "e": 278205, "w": "五", "sp": "Agent"}, {"p": 762, "c": 0.9, "s": 278205, "e": 278470, "w": "幺", "sp": "Agent"}, {"p": 763, "c": 0.9, "s": 278470, "e": 279002, "w": "七八", "sp": "Agent"}, {"p": 764, "c": 0.9, "s": 279002, "e": 279268, "w": "三", "sp": "Agent"}, {"p": 765, "c": 0.9, "s": 279268, "e": 279800, "w": "九零", "sp": "Agent"}, {"p": 766, "c": 0.9, "s": 279970, "e": 281160, "w": "对", "sp": "Customer"}, {"p": 767, "c": 0.9, "s": 280620, "e": 280852, "w": "对", "sp": "Agent"}, {"p": 768, "c": 0.9, "s": 280852, "e": 281084, "w": "吗", "sp": "Agent"}, {"p": 769, "c": 0.9, "s": 281084, "e": 281317, "w": "好", "sp": "Agent"}, {"p": 770, "c": 0.9, "s": 281317, "e": 281548, "w": "的", "sp": "Agent"}, {"p": 771, "c": 0.9, "s": 281549, "e": 282014, "w": "请问", "sp": "Agent"}, {"p": 772, "c": 0.9, "s": 282014, "e": 282478, "w": "上门", "sp": "Agent"}, {"p": 773, "c": 0.9, "s": 282070, "e": 283140, "w": "对", "sp": "Customer"}, {"p": 774, "c": 0.9, "s": 282478, "e": 282943, "w": "地址", "sp": "Agent"}, {"p": 775, "c": 0.9, "s": 282943, "e": 283175, "w": "在", "sp": "Agent"}, {"p": 776, "c": 0.9, "s": 283175, "e": 283639, "w": "哪个", "sp": "Agent"}, {"p": 777, "c": 0.9, "s": 283640, "e": 283872, "w": "省", "sp": "Agent"}, {"p": 778, "c": 0.9, "s": 283872, "e": 284337, "w": "哪个", "sp": "Agent"}, {"p": 779, "c": 0.9, "s": 284337, "e": 284570, "w": "市", "sp": "Agent"}, {"p": 780, "c": 0.9, "s": 286060, "e": 286560, "w": "太好了", "sp": "Customer"}, {"p": 781, "c": 0.9, "s": 286560, "e": 286727, "w": "好", "sp": "Customer"}, {"p": 782, "c": 0.9, "s": 286727, "e": 286893, "w": "了", "sp": "Customer"}, {"p": 783, "c": 0.9, "s": 286894, "e": 287228, "w": "不用", "sp": "Customer"}, {"p": 784, "c": 0.9, "s": 287228, "e": 287395, "w": "了", "sp": "Customer"}, {"p": 785, "c": 0.9, "s": 287395, "e": 287729, "w": "不用", "sp": "Customer"}, {"p": 786, "c": 0.9, "s": 287729, "e": 287896, "w": "了", "sp": "Customer"}, {"p": 787, "c": 0.9, "s": 287860, "e": 288292, "w": "嗯", "sp": "Agent"}, {"p": 788, "c": 0.9, "s": 287896, "e": 288063, "w": "好", "sp": "Customer"}, {"p": 789, "c": 0.9, "s": 288063, "e": 288229, "w": "了", "sp": "Customer"}, {"p": 790, "c": 0.9, "s": 288292, "e": 288724, "w": "好", "sp": "Agent"}, {"p": 791, "c": 0.9, "s": 288560, "e": 288833, "w": "好", "sp": "Customer"}, {"p": 792, "c": 0.9, "s": 288724, "e": 289156, "w": "了", "sp": "Agent"}, {"p": 793, "c": 0.9, "s": 288833, "e": 289106, "w": "的", "sp": "Customer"}, {"p": 794, "c": 0.9, "s": 289106, "e": 289379, "w": "好", "sp": "Customer"}, {"p": 795, "c": 0.9, "s": 289156, "e": 289588, "w": "是", "sp": "Agent"}, {"p": 796, "c": 0.9, "s": 289379, "e": 289652, "w": "的", "sp": "Customer"}, {"p": 797, "c": 0.9, "s": 289588, "e": 290020, "w": "吗", "sp": "Agent"}, {"p": 798, "c": 0.9, "s": 289652, "e": 289925, "w": "好", "sp": "Customer"}, {"p": 799, "c": 0.9, "s": 289925, "e": 290470, "w": "谢谢", "sp": "Customer"}, {"p": 800, "c": 0.9, "s": 290471, "e": 290744, "w": "啊", "sp": "Customer"}, {"p": 801, "c": 0.9, "s": 290744, "e": 291017, "w": "好", "sp": "Customer"}, {"p": 802, "c": 0.9, "s": 291017, "e": 291563, "w": "谢谢", "sp": "Customer"}, {"p": 803, "c": 0.9, "s": 291090, "e": 291289, "w": "嗯", "sp": "Agent"}, {"p": 804, "c": 0.9, "s": 291289, "e": 291488, "w": "好", "sp": "Agent"}, {"p": 805, "c": 0.9, "s": 291488, "e": 291687, "w": "的", "sp": "Agent"}, {"p": 806, "c": 0.9, "s": 291563, "e": 291836, "w": "啊", "sp": "Customer"}, {"p": 807, "c": 0.9, "s": 291687, "e": 291886, "w": "不", "sp": "Agent"}, {"p": 808, "c": 0.9, "s": 291836, "e": 292110, "w": "嗯", "sp": "Customer"}, {"p": 809, "c": 0.9, "s": 291886, "e": 292284, "w": "客气", "sp": "Agent"}, {"p": 810, "c": 0.9, "s": 292284, "e": 292483, "w": "的", "sp": "Agent"}, {"p": 811, "c": 0.9, "s": 292483, "e": 292682, "w": "那", "sp": "Agent"}, {"p": 812, "c": 0.9, "s": 292682, "e": 293080, "w": "这边", "sp": "Agent"}, {"p": 813, "c": 0.9, "s": 292970, "e": 293916, "w": "拜拜", "sp": "Customer"}, {"p": 814, "c": 0.9, "s": 293080, "e": 293478, "w": "稍后", "sp": "Agent"}, {"p": 815, "c": 0.9, "s": 293478, "e": 293677, "w": "也", "sp": "Agent"}, {"p": 816, "c": 0.9, "s": 293677, "e": 294075, "w": "开通", "sp": "Agent"}, {"p": 817, "c": 0.9, "s": 293916, "e": 294389, "w": "嗯", "sp": "Customer"}, {"p": 818, "c": 0.9, "s": 294075, "e": 294274, "w": "微", "sp": "Agent"}, {"p": 819, "c": 0.9, "s": 294274, "e": 294473, "w": "信", "sp": "Agent"}, {"p": 820, "c": 0.9, "s": 294473, "e": 294871, "w": "公众", "sp": "Agent"}, {"p": 821, "c": 0.9, "s": 294871, "e": 295070, "w": "号", "sp": "Agent"}, {"p": 822, "c": 0.9, "s": 295070, "e": 295469, "w": "欢迎", "sp": "Agent"}, {"p": 823, "c": 0.9, "s": 295469, "e": 295867, "w": "关注", "sp": "Agent"}, {"p": 824, "c": 0.9, "s": 295867, "e": 296265, "w": "麻烦", "sp": "Agent"}, {"p": 825, "c": 0.9, "s": 296265, "e": 296663, "w": "稍后", "sp": "Agent"}, {"p": 826, "c": 0.9, "s": 296580, "e": 297669, "w": "好好", "sp": "Customer"}, {"p": 827, "c": 0.9, "s": 296663, "e": 296862, "w": "对", "sp": "Agent"}, {"p": 828, "c": 0.9, "s": 296862, "e": 297260, "w": "本次", "sp": "Agent"}, {"p": 829, "c": 0.9, "s": 297260, "e": 297658, "w": "通话", "sp": "Agent"}, {"p": 830, "c": 0.9, "s": 297658, "e": 298056, "w": "进行", "sp": "Agent"}, {"p": 831, "c": 0.9, "s": 298056, "e": 298454, "w": "一个", "sp": "Agent"}, {"p": 832, "c": 0.9, "s": 298454, "e": 298852, "w": "评价", "sp": "Agent"}, {"p": 833, "c": 0.9, "s": 298852, "e": 299250, "w": "可以", "sp": "Agent"}, {"p": 834, "c": 0.9, "s": 299250, "e": 299450, "w": "吗", "sp": "Agent"}, {"p": 835, "c": 0.9, "s": 299480, "e": 299937, "w": "好好", "sp": "Customer"}, {"p": 836, "c": 0.9, "s": 299937, "e": 300394, "w": "好好", "sp": "Customer"}, {"p": 837, "c": 0.9, "s": 300394, "e": 300851, "w": "谢谢", "sp": "Customer"}, {"p": 838, "c": 0.9, "s": 300480, "e": 300697, "w": "嗯", "sp": "Agent"}, {"p": 839, "c": 0.9, "s": 300697, "e": 300914, "w": "好", "sp": "Agent"}, {"p": 840, "c": 0.9, "s": 300851, "e": 301080, "w": "啊", "sp": "Customer"}, {"p": 841, "c": 0.9, "s": 300914, "e": 301132, "w": "的", "sp": "Agent"}, {"p": 842, "c": 0.9, "s": 301132, "e": 302000, "w": "非常感谢", "sp": "Agent"}, {"p": 843, "c": 0.9, "s": 301730, "e": 302165, "w": "嗯", "sp": "Customer"}, {"p": 844, "c": 0.9, "s": 302001, "e": 302218, "w": "不", "sp": "Agent"}, {"p": 845, "c": 0.9, "s": 302165, "e": 302600, "w": "好", "sp": "Customer"}, {"p": 846, "c": 0.9, "s": 302218, "e": 302653, "w": "客气", "sp": "Agent"}, {"p": 847, "c": 0.9, "s": 302653, "e": 302871, "w": "的", "sp": "Agent"}, {"p": 848, "c": 0.9, "s": 302871, "e": 303305, "w": "祝您", "sp": "Agent"}, {"p": 849, "c": 0.9, "s": 303305, "e": 303740, "w": "生活", "sp": "Agent"}, {"p": 850, "c": 0.9, "s": 303740, "e": 304175, "w": "愉快", "sp": "Agent"}, {"p": 851, "c": 0.9, "s": 304175, "e": 304610, "w": "再见", "sp": "Agent"}, {"p": 852, "c": 0.9, "s": 304930, "e": 305850, "w": "再见", "sp": "Customer"}]}, "plainText": "六零 二 号 为您服务 下午 好\n喂\n大金\n你好\n树 很 高兴 为您服务 请问 有 什么 可以 帮 您 您好\n哎 你好 我们 家 这个 大地 空调 现在 制冷 制 换 不了 怎么办\n制冷 制 切换 不了 了 是 吗 您 现在 是\n对\n想 从 制冷 切换 到 制 热 吗\n我 从 治疗 向 他\n呃\n治\n这个\n的\n只有 现在 的 这种 不好意思\n对\n那 您 现在 这个 面板 上 是不是 显示 无 冷热 选择 选 几个 字\n对 的\n嗯 那 您 找 一下 家里 其他 的 面板 有 一个 面板 上 应 该是 没有 这 几个 字 的 在 那个 面板 上去 切换 您 看 一下\n那 我 先\n能\n那个\n切换\n密码\n成功\n我 已经\n吗\n先 往 前置 了 呢 但是 我 这个 密码 还是 没有 跳 过去\n您 这个 面板 重新 打开 一下\n重新 打开\n重新\n了 也 不行\n打开\n啊 就是\n一下 嗯\n你 说 的 是 怎么 重新 打开 是\n就\n这个 开关\n开关\n吗\n对\n重新 打开 了 也 不行 啊 就是 我 点 那个 运转 模式 它 还是 只有 制 热 和顺 丰 它 没有 自动\n呃\n跳\n不\n到\n需要\n制 的\n再 调 就 再 调 了 密码 重新 打开 一下 它 的 模式 它 就 会 自动 切换 到 制冷 的\n但是 我 这个 调 这个 无人 员 就是 没有 那个 无 人员 控制权 那个 的话 它 这边\n嗯\n现在 目前 还是 旧 的 就是 一切 都\n嗯\n很 正常 要 把 这个\n嗯\n打开 吗 还是 怎么 说 但是 他 没有\n嗯\n跟着 这个 变化 呀 就是 我 房间 那个 没有 跟着 这个 外面 这个 主 房间 的 这个\n您\n变化\n先\n呀\n把 这个 面板 打开 然后 您 再 把 房间 的 面板 重新 打开 一次\n重新 打开 它 重新 打开 了 现在 然后 显示 是 顺 丰\n嗯 然后 您 再 选 到 这 这种 上面\n你 是 点 有点 模式 吗\n对\n不行 啊 还是 只有 制 热 没有 制冷\n您 是 准备 买 已经 现在 您 是 在 准备 买 一条 还是 在 房间 里 调\n主 密码 是 制 的 没有 问题 我 确定 主 编码 是 制 的\n嗯 然后 房间 的 这个 您 不 需要 调 的 你 就 主要 看 那个 模式 是不是 循环 的 标志\n他 不是 呀 问题 是\n不是 小孩 的 关系 您 家\n对\n总共 几个\n啊\n控制面板\n我家 一共 就 五个 吧 还是 几个\n九个 那 您 现在 把 家里 所有 的 控制面板 全部 都 关掉\n全部 都 关掉 是 吧\n嗯\n呃 我 看 一下 啊 现在 好像 现在 所有 全部 都 关掉 了 我 要 把 这个 呃 我 要 把 这个 叫 空调 的 总 控制 开关 也 关掉 了 吗\n嗯 对 的 所有 的 面板 都 关掉\n那 那个 空调 那个 总 控 的 开关 要 管 吗 就是\n不用\n那个 墙上 的 那个 电闸 那个\n不 需要\n地方 啊\n只 需要 开\n不\n面\n需\n就是\n要是\n关 面板\n吧\n对 所有 的 面板 全部 关掉\n好 你 让 我 看 一下 好 所有 密码\n嗯\n都 关掉 了 但是 就是 他 不是\n嗯\n就是 开关 那个 明亮 就是 关掉 了 是 吧\n嗯\n好 已经 关掉 了然 后 呢\n然后 现在 只 开 一个 面板 随便 开 一个 开启 的 第一个 面板 就 会 默 认为 主 面板 的 在 主 面板 上去 切换 制冷 和 制 热 这 两个 模式\n他 现在 是 他 现在 是 那个 面板 是 开关 的 灯 流量 但是 面板 上 有 显示 字 那个\n嗯\n没事 吧 好 那\n嗯\n我 开 一个 开 一个 上面\n对\n直接 就 制冷 因为 下面 最后 调 过 了\n您 再 重新 选择 一下 重新 选择 到 这 了\n啊 就 选 我 就 重新 就 选择 选择 自然\n现在\n的\n知道 了 是\n对\n吗 好 的 然后 您 带 几 台 房间 的 那个\n哎 宝贝 你 帮 我 看 一下 房间 这个 现在 是 冷 吗 再 开 一下 不是 还是 不行\n还是 显示 知道 吗\n对 还是 显示 是\n了解 那 我 帮 您 登记 安排 师傅 上门 看 一下\n大概\n稍\n多久\n等\n能 来 师傅\n稍 您 稍 等 一下\n嗯\n没 有用 的 对 稍 等 一下 请问 您 贵姓 怎么 称呼 您\n耳 东 陈 陈 陈 先生\n好 的 陈 先生 请问 师傅 上门 联系 您 的 手机号 是 多少\n幺 八 幺\n幺 八 幺\n幺 五 幺 七\n幺 五 幺 七\n嗯 八三 九零\n八 三九 零 好 的 再 跟 您 核对 一下 幺 八 幺 幺 五 幺 七八 三 九零\n对\n对 吗 好 的 请问 上门\n对\n地址 在 哪个 省 哪个 市\n太好了 好 了 不用 了 不用 了\n嗯\n好 了\n好\n好\n了\n的 好\n是\n的\n吗\n好 谢谢 啊 好 谢谢\n嗯 好 的\n啊\n不\n嗯\n客气 的 那 这边\n拜拜\n稍后 也 开通\n嗯\n微 信 公众 号 欢迎 关注 麻烦 稍后\n好好\n对 本次 通话 进行 一个 评价 可以 吗\n好好 好好 谢谢\n嗯 好\n啊\n的 非常感谢\n嗯\n不\n好\n客气 的 祝您 生活 愉快 再见\n再见", "plainTextTime": {"verbatims": [{"s": 5090, "e": 11585, "w": "六零 二 号 为您服务 下午 好", "sp": "Agent"}, {"s": 11470, "e": 11880, "w": "喂", "sp": "Customer"}, {"s": 11586, "e": 11937, "w": "大金", "sp": "Agent"}, {"s": 11880, "e": 12700, "w": "你好", "sp": "Customer"}, {"s": 11937, "e": 15269, "w": "树 很 高兴 为您服务 请问 有 什么 可以 帮 您 您好", "sp": "Agent"}, {"s": 15020, "e": 19510, "w": "哎 你好 我们 家 这个 大地 空调 现在 制冷 制 换 不了 怎么办", "sp": "Customer"}, {"s": 20210, "e": 23447, "w": "制冷 制 切换 不了 了 是 吗 您 现在 是", "sp": "Agent"}, {"s": 23330, "e": 24310, "w": "对", "sp": "Customer"}, {"s": 23447, "e": 25760, "w": "想 从 制冷 切换 到 制 热 吗", "sp": "Agent"}, {"s": 25740, "e": 27045, "w": "我 从 治疗 向 他", "sp": "Customer"}, {"s": 26930, "e": 27144, "w": "呃", "sp": "Agent"}, {"s": 27045, "e": 27262, "w": "治", "sp": "Customer"}, {"s": 27144, "e": 27571, "w": "这个", "sp": "Agent"}, {"s": 27262, "e": 27480, "w": "的", "sp": "Customer"}, {"s": 27572, "e": 29930, "w": "只有 现在 的 这种 不好意思", "sp": "Agent"}, {"s": 29420, "e": 30360, "w": "对", "sp": "Customer"}, {"s": 29930, "e": 34860, "w": "那 您 现在 这个 面板 上 是不是 显示 无 冷热 选择 选 几个 字", "sp": "Agent"}, {"s": 34990, "e": 36150, "w": "对 的", "sp": "Customer"}, {"s": 36280, "e": 44522, "w": "嗯 那 您 找 一下 家里 其他 的 面板 有 一个 面板 上 应 该是 没有 这 几个 字 的 在 那个 面板 上去 切换 您 看 一下", "sp": "Agent"}, {"s": 44160, "e": 44618, "w": "那 我 先", "sp": "Customer"}, {"s": 44522, "e": 44718, "w": "能", "sp": "Agent"}, {"s": 44618, "e": 44923, "w": "那个", "sp": "Customer"}, {"s": 44718, "e": 45111, "w": "切换", "sp": "Agent"}, {"s": 44923, "e": 45228, "w": "密码", "sp": "Customer"}, {"s": 45111, "e": 45503, "w": "成功", "sp": "Agent"}, {"s": 45228, "e": 45686, "w": "我 已经", "sp": "Customer"}, {"s": 45503, "e": 45699, "w": "吗", "sp": "Agent"}, {"s": 45686, "e": 48739, "w": "先 往 前置 了 呢 但是 我 这个 密码 还是 没有 跳 过去", "sp": "Customer"}, {"s": 49050, "e": 52460, "w": "您 这个 面板 重新 打开 一下", "sp": "Agent"}, {"s": 52220, "e": 52987, "w": "重新 打开", "sp": "Customer"}, {"s": 52740, "e": 53380, "w": "重新", "sp": "Agent"}, {"s": 52987, "e": 53753, "w": "了 也 不行", "sp": "Customer"}, {"s": 53380, "e": 54020, "w": "打开", "sp": "Agent"}, {"s": 53754, "e": 54329, "w": "啊 就是", "sp": "Customer"}, {"s": 54020, "e": 55879, "w": "一下 嗯", "sp": "Agent"}, {"s": 54950, "e": 57198, "w": "你 说 的 是 怎么 重新 打开 是", "sp": "Customer"}, {"s": 57090, "e": 57637, "w": "就", "sp": "Agent"}, {"s": 57198, "e": 58015, "w": "这个 开关", "sp": "Customer"}, {"s": 57637, "e": 58732, "w": "开关", "sp": "Agent"}, {"s": 58015, "e": 58220, "w": "吗", "sp": "Customer"}, {"s": 58732, "e": 59280, "w": "对", "sp": "Agent"}, {"s": 59400, "e": 64571, "w": "重新 打开 了 也 不行 啊 就是 我 点 那个 运转 模式 它 还是 只有 制 热 和顺 丰 它 没有 自动", "sp": "Customer"}, {"s": 64350, "e": 64584, "w": "呃", "sp": "Agent"}, {"s": 64571, "e": 64723, "w": "跳", "sp": "Customer"}, {"s": 64584, "e": 64819, "w": "不", "sp": "Agent"}, {"s": 64723, "e": 64875, "w": "到", "sp": "Customer"}, {"s": 64819, "e": 65289, "w": "需要", "sp": "Agent"}, {"s": 64875, "e": 65180, "w": "制 的", "sp": "Customer"}, {"s": 65289, "e": 72100, "w": "再 调 就 再 调 了 密码 重新 打开 一下 它 的 模式 它 就 会 自动 切换 到 制冷 的", "sp": "Agent"}, {"s": 72620, "e": 77502, "w": "但是 我 这个 调 这个 无人 员 就是 没有 那个 无 人员 控制权 那个 的话 它 这边", "sp": "Customer"}, {"s": 77330, "e": 78360, "w": "嗯", "sp": "Agent"}, {"s": 77502, "e": 79618, "w": "现在 目前 还是 旧 的 就是 一切 都", "sp": "Customer"}, {"s": 79590, "e": 80645, "w": "嗯", "sp": "Agent"}, {"s": 79618, "e": 80757, "w": "很 正常 要 把 这个", "sp": "Customer"}, {"s": 80645, "e": 81700, "w": "嗯", "sp": "Agent"}, {"s": 80757, "e": 83062, "w": "打开 吗 还是 怎么 说 但是 他 没有", "sp": "Customer"}, {"s": 83000, "e": 84150, "w": "嗯", "sp": "Agent"}, {"s": 83062, "e": 87396, "w": "跟着 这个 变化 呀 就是 我 房间 那个 没有 跟着 这个 外面 这个 主 房间 的 这个", "sp": "Customer"}, {"s": 87390, "e": 87628, "w": "您", "sp": "Agent"}, {"s": 87396, "e": 87685, "w": "变化", "sp": "Customer"}, {"s": 87628, "e": 87866, "w": "先", "sp": "Agent"}, {"s": 87685, "e": 87829, "w": "呀", "sp": "Customer"}, {"s": 87866, "e": 93350, "w": "把 这个 面板 打开 然后 您 再 把 房间 的 面板 重新 打开 一次", "sp": "Agent"}, {"s": 94590, "e": 98070, "w": "重新 打开 它 重新 打开 了 现在 然后 显示 是 顺 丰", "sp": "Customer"}, {"s": 98710, "e": 102200, "w": "嗯 然后 您 再 选 到 这 这种 上面", "sp": "Agent"}, {"s": 102810, "e": 104720, "w": "你 是 点 有点 模式 吗", "sp": "Customer"}, {"s": 104840, "e": 106030, "w": "对", "sp": "Agent"}, {"s": 106620, "e": 108909, "w": "不行 啊 还是 只有 制 热 没有 制冷", "sp": "Customer"}, {"s": 111200, "e": 116490, "w": "您 是 准备 买 已经 现在 您 是 在 准备 买 一条 还是 在 房间 里 调", "sp": "Agent"}, {"s": 116700, "e": 120729, "w": "主 密码 是 制 的 没有 问题 我 确定 主 编码 是 制 的", "sp": "Customer"}, {"s": 120750, "e": 127240, "w": "嗯 然后 房间 的 这个 您 不 需要 调 的 你 就 主要 看 那个 模式 是不是 循环 的 标志", "sp": "Agent"}, {"s": 127500, "e": 129170, "w": "他 不是 呀 问题 是", "sp": "Customer"}, {"s": 129320, "e": 131337, "w": "不是 小孩 的 关系 您 家", "sp": "Agent"}, {"s": 131270, "e": 131800, "w": "对", "sp": "Customer"}, {"s": 131337, "e": 132233, "w": "总共 几个", "sp": "Agent"}, {"s": 131800, "e": 132330, "w": "啊", "sp": "Customer"}, {"s": 132233, "e": 133130, "w": "控制面板", "sp": "Agent"}, {"s": 133400, "e": 136820, "w": "我家 一共 就 五个 吧 还是 几个", "sp": "Customer"}, {"s": 136750, "e": 140939, "w": "九个 那 您 现在 把 家里 所有 的 控制面板 全部 都 关掉", "sp": "Agent"}, {"s": 141340, "e": 143010, "w": "全部 都 关掉 是 吧", "sp": "Customer"}, {"s": 142970, "e": 144060, "w": "嗯", "sp": "Agent"}, {"s": 144550, "e": 153070, "w": "呃 我 看 一下 啊 现在 好像 现在 所有 全部 都 关掉 了 我 要 把 这个 呃 我 要 把 这个 叫 空调 的 总 控制 开关 也 关掉 了 吗", "sp": "Customer"}, {"s": 153110, "e": 156260, "w": "嗯 对 的 所有 的 面板 都 关掉", "sp": "Agent"}, {"s": 156580, "e": 159853, "w": "那 那个 空调 那个 总 控 的 开关 要 管 吗 就是", "sp": "Customer"}, {"s": 159580, "e": 160710, "w": "不用", "sp": "Agent"}, {"s": 159853, "e": 161972, "w": "那个 墙上 的 那个 电闸 那个", "sp": "Customer"}, {"s": 161690, "e": 162370, "w": "不 需要", "sp": "Agent"}, {"s": 161972, "e": 162549, "w": "地方 啊", "sp": "Customer"}, {"s": 162370, "e": 163278, "w": "只 需要 开", "sp": "Agent"}, {"s": 163180, "e": 163452, "w": "不", "sp": "Customer"}, {"s": 163278, "e": 163505, "w": "面", "sp": "Agent"}, {"s": 163452, "e": 163724, "w": "需", "sp": "Customer"}, {"s": 163505, "e": 163959, "w": "就是", "sp": "Agent"}, {"s": 163724, "e": 164268, "w": "要是", "sp": "Customer"}, {"s": 163959, "e": 164640, "w": "关 面板", "sp": "Agent"}, {"s": 164268, "e": 164540, "w": "吧", "sp": "Customer"}, {"s": 164640, "e": 166909, "w": "对 所有 的 面板 全部 关掉", "sp": "Agent"}, {"s": 167600, "e": 169636, "w": "好 你 让 我 看 一下 好 所有 密码", "sp": "Customer"}, {"s": 169590, "e": 170620, "w": "嗯", "sp": "Agent"}, {"s": 169636, "e": 171503, "w": "都 关掉 了 但是 就是 他 不是", "sp": "Customer"}, {"s": 171290, "e": 172329, "w": "嗯", "sp": "Agent"}, {"s": 171503, "e": 174050, "w": "就是 开关 那个 明亮 就是 关掉 了 是 吧", "sp": "Customer"}, {"s": 174210, "e": 175330, "w": "嗯", "sp": "Agent"}, {"s": 175880, "e": 177810, "w": "好 已经 关掉 了然 后 呢", "sp": "Customer"}, {"s": 177850, "e": 187200, "w": "然后 现在 只 开 一个 面板 随便 开 一个 开启 的 第一个 面板 就 会 默 认为 主 面板 的 在 主 面板 上去 切换 制冷 和 制 热 这 两个 模式", "sp": "Agent"}, {"s": 187590, "e": 192562, "w": "他 现在 是 他 现在 是 那个 面板 是 开关 的 灯 流量 但是 面板 上 有 显示 字 那个", "sp": "Customer"}, {"s": 192450, "e": 193470, "w": "嗯", "sp": "Agent"}, {"s": 192562, "e": 194428, "w": "没事 吧 好 那", "sp": "Customer"}, {"s": 194420, "e": 195430, "w": "嗯", "sp": "Agent"}, {"s": 194429, "e": 196045, "w": "我 开 一个 开 一个 上面", "sp": "Customer"}, {"s": 195850, "e": 196900, "w": "对", "sp": "Agent"}, {"s": 196045, "e": 198560, "w": "直接 就 制冷 因为 下面 最后 调 过 了", "sp": "Customer"}, {"s": 200370, "e": 203610, "w": "您 再 重新 选择 一下 重新 选择 到 这 了", "sp": "Agent"}, {"s": 206250, "e": 208750, "w": "啊 就 选 我 就 重新 就 选择 选择 自然", "sp": "Customer"}, {"s": 208460, "e": 209045, "w": "现在", "sp": "Agent"}, {"s": 208751, "e": 208930, "w": "的", "sp": "Customer"}, {"s": 209045, "e": 210217, "w": "知道 了 是", "sp": "Agent"}, {"s": 210090, "e": 211110, "w": "对", "sp": "Customer"}, {"s": 210217, "e": 214070, "w": "吗 好 的 然后 您 带 几 台 房间 的 那个", "sp": "Agent"}, {"s": 214860, "e": 223489, "w": "哎 宝贝 你 帮 我 看 一下 房间 这个 现在 是 冷 吗 再 开 一下 不是 还是 不行", "sp": "Customer"}, {"s": 225300, "e": 227510, "w": "还是 显示 知道 吗", "sp": "Agent"}, {"s": 227360, "e": 229130, "w": "对 还是 显示 是", "sp": "Customer"}, {"s": 229980, "e": 233950, "w": "了解 那 我 帮 您 登记 安排 师傅 上门 看 一下", "sp": "Agent"}, {"s": 234350, "e": 234845, "w": "大概", "sp": "Customer"}, {"s": 234350, "e": 234920, "w": "稍", "sp": "Agent"}, {"s": 234845, "e": 235340, "w": "多久", "sp": "Customer"}, {"s": 234920, "e": 235490, "w": "等", "sp": "Agent"}, {"s": 235340, "e": 236330, "w": "能 来 师傅", "sp": "Customer"}, {"s": 237940, "e": 239990, "w": "稍 您 稍 等 一下", "sp": "Agent"}, {"s": 240200, "e": 241200, "w": "嗯", "sp": "Customer"}, {"s": 243100, "e": 255870, "w": "没 有用 的 对 稍 等 一下 请问 您 贵姓 怎么 称呼 您", "sp": "Agent"}, {"s": 256070, "e": 259000, "w": "耳 东 陈 陈 陈 先生", "sp": "Customer"}, {"s": 258519, "e": 262750, "w": "好 的 陈 先生 请问 师傅 上门 联系 您 的 手机号 是 多少", "sp": "Agent"}, {"s": 263500, "e": 264830, "w": "幺 八 幺", "sp": "Customer"}, {"s": 264840, "e": 266190, "w": "幺 八 幺", "sp": "Agent"}, {"s": 266280, "e": 267940, "w": "幺 五 幺 七", "sp": "Customer"}, {"s": 269670, "e": 271490, "w": "幺 五 幺 七", "sp": "Agent"}, {"s": 271600, "e": 273200, "w": "嗯 八三 九零", "sp": "Customer"}, {"s": 273420, "e": 279800, "w": "八 三九 零 好 的 再 跟 您 核对 一下 幺 八 幺 幺 五 幺 七八 三 九零", "sp": "Agent"}, {"s": 279970, "e": 281160, "w": "对", "sp": "Customer"}, {"s": 280620, "e": 282478, "w": "对 吗 好 的 请问 上门", "sp": "Agent"}, {"s": 282070, "e": 283140, "w": "对", "sp": "Customer"}, {"s": 282478, "e": 284570, "w": "地址 在 哪个 省 哪个 市", "sp": "Agent"}, {"s": 286060, "e": 287896, "w": "太好了 好 了 不用 了 不用 了", "sp": "Customer"}, {"s": 287860, "e": 288292, "w": "嗯", "sp": "Agent"}, {"s": 287896, "e": 288229, "w": "好 了", "sp": "Customer"}, {"s": 288292, "e": 288724, "w": "好", "sp": "Agent"}, {"s": 288560, "e": 288833, "w": "好", "sp": "Customer"}, {"s": 288724, "e": 289156, "w": "了", "sp": "Agent"}, {"s": 288833, "e": 289379, "w": "的 好", "sp": "Customer"}, {"s": 289156, "e": 289588, "w": "是", "sp": "Agent"}, {"s": 289379, "e": 289652, "w": "的", "sp": "Customer"}, {"s": 289588, "e": 290020, "w": "吗", "sp": "Agent"}, {"s": 289652, "e": 291563, "w": "好 谢谢 啊 好 谢谢", "sp": "Customer"}, {"s": 291090, "e": 291687, "w": "嗯 好 的", "sp": "Agent"}, {"s": 291563, "e": 291836, "w": "啊", "sp": "Customer"}, {"s": 291687, "e": 291886, "w": "不", "sp": "Agent"}, {"s": 291836, "e": 292110, "w": "嗯", "sp": "Customer"}, {"s": 291886, "e": 293080, "w": "客气 的 那 这边", "sp": "Agent"}, {"s": 292970, "e": 293916, "w": "拜拜", "sp": "Customer"}, {"s": 293080, "e": 294075, "w": "稍后 也 开通", "sp": "Agent"}, {"s": 293916, "e": 294389, "w": "嗯", "sp": "Customer"}, {"s": 294075, "e": 296663, "w": "微 信 公众 号 欢迎 关注 麻烦 稍后", "sp": "Agent"}, {"s": 296580, "e": 297669, "w": "好好", "sp": "Customer"}, {"s": 296663, "e": 299450, "w": "对 本次 通话 进行 一个 评价 可以 吗", "sp": "Agent"}, {"s": 299480, "e": 300851, "w": "好好 好好 谢谢", "sp": "Customer"}, {"s": 300480, "e": 300914, "w": "嗯 好", "sp": "Agent"}, {"s": 300851, "e": 301080, "w": "啊", "sp": "Customer"}, {"s": 300914, "e": 302000, "w": "的 非常感谢", "sp": "Agent"}, {"s": 301730, "e": 302165, "w": "嗯", "sp": "Customer"}, {"s": 302001, "e": 302218, "w": "不", "sp": "Agent"}, {"s": 302165, "e": 302600, "w": "好", "sp": "Customer"}, {"s": 302218, "e": 304610, "w": "客气 的 祝您 生活 愉快 再见", "sp": "Agent"}, {"s": 304930, "e": 305850, "w": "再见", "sp": "Customer"}]}, "aqm": {"greeting": {"greeting_said": "为您服务, 大金, 高兴, 请问, 您好", "n_greeting_said": 5, "score": 1}, "closing": {"closing_said": "祝您, 生活, 愉快, 再见", "n_closing_said": 4, "score": 1}, "speed": {"speed_max": 5.7, "n_words": 19, "words": "树 很 高兴 为您服务 请问 有 什么 可以 帮 您 您好", "start": 11937, "end": 15269}}}