{"mediaId": "2022031314221225078300100000531402", "status": "Success", "dateCreated": "2022-03-21T18:45:50Z", "contentType": "audio/x-wav", "channels": "future use", "length": 335, "metadata": {"Sid": 10027, "Site_id": 783, "Audio_ch_num": 5314, "Audio_module_num": 783001, "Audio_start_time_gmt": "2022-03-13T06:16:37.317+08:00", "Transaction_id": "2022031314221225078300100000531402", "ContactID": "9204480069320000012", "Personal_id": "0", "Direction": 0, "Local_audio_start_time": "2022-03-13T14:16:37.317+08:00", "Local_audio_end_time": "2022-03-13T14:22:12.317+08:00", "Total_hold_time": "0", "Pbx_login_id": "", "Ani": "90102155368221", "Extension": "155368221", "String_extension": "90102155368221", "Switch_call_id": "SIP/AUDIO/083E1600-C577-1EB7-B328-BBB300D65DE1", "Switch_id": "783000001", "Duration_seconds": 335, "Wrapup_time_in_seconds": "0", "Dnis": "13317102171", "Number_of_conferences": "0", "Number_of_holds": "0", "Number_of_transfers": "0", "Percent_of_agent_call": "108", "Percent_of_other_call": "157", "Percent_of_mutual_silence": "46", "Num_of_agent_cross": "14", "Num_of_other_cross": "19", "IsException": 0}, "transcript_detailed": {"words": [{"p": 1, "c": 0.9, "s": 4960, "e": 5557, "w": "六零", "sp": "Agent"}, {"p": 2, "c": 0.9, "s": 5557, "e": 5856, "w": "二", "sp": "Agent"}, {"p": 3, "c": 0.9, "s": 5856, "e": 6454, "w": "六号", "sp": "Agent"}, {"p": 4, "c": 0.9, "s": 6454, "e": 7649, "w": "为您服务", "sp": "Agent"}, {"p": 5, "c": 0.9, "s": 7649, "e": 8247, "w": "上午", "sp": "Agent"}, {"p": 6, "c": 0.9, "s": 8247, "e": 8546, "w": "好", "sp": "Agent"}, {"p": 7, "c": 0.9, "s": 8546, "e": 9143, "w": "大金", "sp": "Agent"}, {"p": 8, "c": 0.9, "s": 9144, "e": 9741, "w": "售后", "sp": "Agent"}, {"p": 9, "c": 0.9, "s": 9741, "e": 10040, "w": "很", "sp": "Agent"}, {"p": 10, "c": 0.9, "s": 10040, "e": 10638, "w": "高兴", "sp": "Agent"}, {"p": 11, "c": 0.9, "s": 10638, "e": 11832, "w": "为您服务", "sp": "Agent"}, {"p": 12, "c": 0.9, "s": 11833, "e": 12431, "w": "请问", "sp": "Agent"}, {"p": 13, "c": 0.9, "s": 12431, "e": 12730, "w": "有", "sp": "Agent"}, {"p": 14, "c": 0.9, "s": 12730, "e": 13327, "w": "什么", "sp": "Agent"}, {"p": 15, "c": 0.9, "s": 13328, "e": 13925, "w": "可以", "sp": "Agent"}, {"p": 16, "c": 0.9, "s": 13925, "e": 14523, "w": "帮助", "sp": "Agent"}, {"p": 17, "c": 0.9, "s": 14523, "e": 14822, "w": "您", "sp": "Agent"}, {"p": 18, "c": 0.9, "s": 14822, "e": 15120, "w": "的", "sp": "Agent"}, {"p": 19, "c": 0.9, "s": 15121, "e": 15420, "w": "吗", "sp": "Agent"}, {"p": 20, "c": 0.9, "s": 15290, "e": 15648, "w": "喂", "sp": "Customer"}, {"p": 21, "c": 0.9, "s": 15648, "e": 16364, "w": "你好", "sp": "Customer"}, {"p": 22, "c": 0.9, "s": 16364, "e": 17080, "w": "我们", "sp": "Customer"}, {"p": 23, "c": 0.9, "s": 16840, "e": 17920, "w": "嗯", "sp": "Agent"}, {"p": 24, "c": 0.9, "s": 17080, "e": 17438, "w": "家", "sp": "Customer"}, {"p": 25, "c": 0.9, "s": 17438, "e": 18154, "w": "那个", "sp": "Customer"}, {"p": 26, "c": 0.9, "s": 18154, "e": 18869, "w": "大型", "sp": "Customer"}, {"p": 27, "c": 0.9, "s": 18870, "e": 19587, "w": "空调", "sp": "Customer"}, {"p": 28, "c": 0.9, "s": 18960, "e": 20029, "w": "嗯", "sp": "Agent"}, {"p": 29, "c": 0.9, "s": 19587, "e": 19945, "w": "是", "sp": "Customer"}, {"p": 30, "c": 0.9, "s": 19945, "e": 20303, "w": "二", "sp": "Customer"}, {"p": 31, "c": 0.9, "s": 20303, "e": 20661, "w": "零", "sp": "Customer"}, {"p": 32, "c": 0.9, "s": 20661, "e": 21019, "w": "一", "sp": "Customer"}, {"p": 33, "c": 0.9, "s": 21019, "e": 21734, "w": "九年", "sp": "Customer"}, {"p": 34, "c": 0.9, "s": 21735, "e": 22451, "w": "安装", "sp": "Customer"}, {"p": 35, "c": 0.9, "s": 22451, "e": 22810, "w": "的", "sp": "Customer"}, {"p": 36, "c": 0.9, "s": 22870, "e": 23880, "w": "嗯", "sp": "Agent"}, {"p": 37, "c": 0.9, "s": 23190, "e": 23728, "w": "安装", "sp": "Customer"}, {"p": 38, "c": 0.9, "s": 23728, "e": 23998, "w": "好", "sp": "Customer"}, {"p": 39, "c": 0.9, "s": 23998, "e": 24266, "w": "了", "sp": "Customer"}, {"p": 40, "c": 0.9, "s": 24267, "e": 24806, "w": "之后", "sp": "Customer"}, {"p": 41, "c": 0.9, "s": 24806, "e": 25345, "w": "我们", "sp": "Customer"}, {"p": 42, "c": 0.9, "s": 25345, "e": 25883, "w": "使用", "sp": "Customer"}, {"p": 43, "c": 0.9, "s": 25884, "e": 26423, "w": "我们", "sp": "Customer"}, {"p": 44, "c": 0.9, "s": 26423, "e": 26692, "w": "是", "sp": "Customer"}, {"p": 45, "c": 0.9, "s": 26692, "e": 27230, "w": "那个", "sp": "Customer"}, {"p": 46, "c": 0.9, "s": 27231, "e": 27770, "w": "分管", "sp": "Customer"}, {"p": 47, "c": 0.9, "s": 27770, "e": 28040, "w": "机", "sp": "Customer"}, {"p": 48, "c": 0.9, "s": 28320, "e": 28777, "w": "通过", "sp": "Customer"}, {"p": 49, "c": 0.9, "s": 28777, "e": 29006, "w": "你", "sp": "Customer"}, {"p": 50, "c": 0.9, "s": 29006, "e": 29464, "w": "使用", "sp": "Customer"}, {"p": 51, "c": 0.9, "s": 29464, "e": 29693, "w": "的", "sp": "Customer"}, {"p": 52, "c": 0.9, "s": 29693, "e": 30151, "w": "时候", "sp": "Customer"}, {"p": 53, "c": 0.9, "s": 30151, "e": 30380, "w": "呢", "sp": "Customer"}, {"p": 54, "c": 0.9, "s": 30660, "e": 30878, "w": "他", "sp": "Customer"}, {"p": 55, "c": 0.9, "s": 30878, "e": 31315, "w": "开机", "sp": "Customer"}, {"p": 56, "c": 0.9, "s": 31315, "e": 31534, "w": "的", "sp": "Customer"}, {"p": 57, "c": 0.9, "s": 31534, "e": 31971, "w": "时候", "sp": "Customer"}, {"p": 58, "c": 0.9, "s": 31971, "e": 32409, "w": "你们", "sp": "Customer"}, {"p": 59, "c": 0.9, "s": 32409, "e": 32626, "w": "就", "sp": "Customer"}, {"p": 60, "c": 0.9, "s": 32626, "e": 32846, "w": "响", "sp": "Customer"}, {"p": 61, "c": 0.9, "s": 32846, "e": 33064, "w": "就", "sp": "Customer"}, {"p": 62, "c": 0.9, "s": 33064, "e": 33283, "w": "像", "sp": "Customer"}, {"p": 63, "c": 0.9, "s": 33283, "e": 33720, "w": "一个", "sp": "Customer"}, {"p": 64, "c": 0.9, "s": 33720, "e": 33939, "w": "不", "sp": "Customer"}, {"p": 65, "c": 0.9, "s": 33939, "e": 34376, "w": "调子", "sp": "Customer"}, {"p": 66, "c": 0.9, "s": 34376, "e": 34595, "w": "打", "sp": "Customer"}, {"p": 67, "c": 0.9, "s": 34595, "e": 34813, "w": "打", "sp": "Customer"}, {"p": 68, "c": 0.9, "s": 34813, "e": 35032, "w": "打", "sp": "Customer"}, {"p": 69, "c": 0.9, "s": 35032, "e": 35251, "w": "就", "sp": "Customer"}, {"p": 70, "c": 0.9, "s": 35251, "e": 35688, "w": "那样", "sp": "Customer"}, {"p": 71, "c": 0.9, "s": 35688, "e": 36125, "w": "打响", "sp": "Customer"}, {"p": 72, "c": 0.9, "s": 36125, "e": 36562, "w": "后来", "sp": "Customer"}, {"p": 73, "c": 0.9, "s": 36562, "e": 36781, "w": "我", "sp": "Customer"}, {"p": 74, "c": 0.9, "s": 36781, "e": 37000, "w": "想", "sp": "Customer"}, {"p": 75, "c": 0.9, "s": 37000, "e": 37218, "w": "这", "sp": "Customer"}, {"p": 76, "c": 0.9, "s": 37218, "e": 37656, "w": "可能", "sp": "Customer"}, {"p": 77, "c": 0.9, "s": 37656, "e": 37873, "w": "是", "sp": "Customer"}, {"p": 78, "c": 0.9, "s": 37874, "e": 38311, "w": "一个", "sp": "Customer"}, {"p": 79, "c": 0.9, "s": 38311, "e": 38530, "w": "小", "sp": "Customer"}, {"p": 80, "c": 0.9, "s": 38530, "e": 38967, "w": "毛病", "sp": "Customer"}, {"p": 81, "c": 0.9, "s": 38967, "e": 39186, "w": "我", "sp": "Customer"}, {"p": 82, "c": 0.9, "s": 39186, "e": 39405, "w": "就", "sp": "Customer"}, {"p": 83, "c": 0.9, "s": 39405, "e": 39622, "w": "我", "sp": "Customer"}, {"p": 84, "c": 0.9, "s": 39623, "e": 39842, "w": "就", "sp": "Customer"}, {"p": 85, "c": 0.9, "s": 39842, "e": 40059, "w": "打", "sp": "Customer"}, {"p": 86, "c": 0.9, "s": 40060, "e": 40279, "w": "了", "sp": "Customer"}, {"p": 87, "c": 0.9, "s": 40279, "e": 40716, "w": "一个", "sp": "Customer"}, {"p": 88, "c": 0.9, "s": 40716, "e": 41154, "w": "大厅", "sp": "Customer"}, {"p": 89, "c": 0.9, "s": 41154, "e": 41371, "w": "的", "sp": "Customer"}, {"p": 90, "c": 0.9, "s": 41372, "e": 41810, "w": "售后", "sp": "Customer"}, {"p": 91, "c": 0.9, "s": 41920, "e": 43039, "w": "嗯", "sp": "Agent"}, {"p": 92, "c": 0.9, "s": 42090, "e": 42533, "w": "售后", "sp": "Customer"}, {"p": 93, "c": 0.9, "s": 42533, "e": 42976, "w": "师傅", "sp": "Customer"}, {"p": 94, "c": 0.9, "s": 42976, "e": 43198, "w": "来", "sp": "Customer"}, {"p": 95, "c": 0.9, "s": 43198, "e": 43420, "w": "的", "sp": "Customer"}, {"p": 96, "c": 0.9, "s": 43420, "e": 43863, "w": "时候", "sp": "Customer"}, {"p": 97, "c": 0.9, "s": 43863, "e": 44085, "w": "他", "sp": "Customer"}, {"p": 98, "c": 0.9, "s": 44085, "e": 44307, "w": "就", "sp": "Customer"}, {"p": 99, "c": 0.9, "s": 44307, "e": 44528, "w": "说", "sp": "Customer"}, {"p": 100, "c": 0.9, "s": 44528, "e": 44972, "w": "安装", "sp": "Customer"}, {"p": 101, "c": 0.9, "s": 44972, "e": 45194, "w": "的", "sp": "Customer"}, {"p": 102, "c": 0.9, "s": 45194, "e": 45637, "w": "时候", "sp": "Customer"}, {"p": 103, "c": 0.9, "s": 45637, "e": 45859, "w": "有", "sp": "Customer"}, {"p": 104, "c": 0.9, "s": 45859, "e": 46081, "w": "个", "sp": "Customer"}, {"p": 105, "c": 0.9, "s": 45890, "e": 46960, "w": "嗯", "sp": "Agent"}, {"p": 106, "c": 0.9, "s": 46081, "e": 46524, "w": "螺丝", "sp": "Customer"}, {"p": 107, "c": 0.9, "s": 46524, "e": 46967, "w": "没有", "sp": "Customer"}, {"p": 108, "c": 0.9, "s": 46967, "e": 47411, "w": "领取", "sp": "Customer"}, {"p": 109, "c": 0.9, "s": 47370, "e": 48360, "w": "嗯", "sp": "Agent"}, {"p": 110, "c": 0.9, "s": 47411, "e": 47854, "w": "但是", "sp": "Customer"}, {"p": 111, "c": 0.9, "s": 47854, "e": 48076, "w": "呢", "sp": "Customer"}, {"p": 112, "c": 0.9, "s": 48076, "e": 48520, "w": "因为", "sp": "Customer"}, {"p": 113, "c": 0.9, "s": 48520, "e": 48741, "w": "是", "sp": "Customer"}, {"p": 114, "c": 0.9, "s": 48741, "e": 49185, "w": "风管", "sp": "Customer"}, {"p": 115, "c": 0.9, "s": 49185, "e": 49406, "w": "机", "sp": "Customer"}, {"p": 116, "c": 0.9, "s": 49406, "e": 49850, "w": "那个", "sp": "Customer"}, {"p": 117, "c": 0.9, "s": 49850, "e": 50293, "w": "交警", "sp": "Customer"}, {"p": 118, "c": 0.9, "s": 50293, "e": 50737, "w": "全部", "sp": "Customer"}, {"p": 119, "c": 0.9, "s": 50737, "e": 50958, "w": "都", "sp": "Customer"}, {"p": 120, "c": 0.9, "s": 50958, "e": 51180, "w": "封", "sp": "Customer"}, {"p": 121, "c": 0.9, "s": 51180, "e": 51402, "w": "死", "sp": "Customer"}, {"p": 122, "c": 0.9, "s": 51230, "e": 52430, "w": "嗯", "sp": "Agent"}, {"p": 123, "c": 0.9, "s": 51402, "e": 51624, "w": "了", "sp": "Customer"}, {"p": 124, "c": 0.9, "s": 51624, "e": 51845, "w": "他", "sp": "Customer"}, {"p": 125, "c": 0.9, "s": 51845, "e": 52289, "w": "那个", "sp": "Customer"}, {"p": 126, "c": 0.9, "s": 52289, "e": 52732, "w": "螺丝", "sp": "Customer"}, {"p": 127, "c": 0.9, "s": 52732, "e": 52954, "w": "也", "sp": "Customer"}, {"p": 128, "c": 0.9, "s": 52954, "e": 53397, "w": "无法", "sp": "Customer"}, {"p": 129, "c": 0.9, "s": 53397, "e": 53619, "w": "就", "sp": "Customer"}, {"p": 130, "c": 0.9, "s": 53619, "e": 53841, "w": "没", "sp": "Customer"}, {"p": 131, "c": 0.9, "s": 53841, "e": 54063, "w": "没", "sp": "Customer"}, {"p": 132, "c": 0.9, "s": 54063, "e": 54506, "w": "办法", "sp": "Customer"}, {"p": 133, "c": 0.9, "s": 54506, "e": 54950, "w": "民警", "sp": "Customer"}, {"p": 134, "c": 0.9, "s": 55330, "e": 55958, "w": "后来", "sp": "Customer"}, {"p": 135, "c": 0.9, "s": 55958, "e": 56586, "w": "去年", "sp": "Customer"}, {"p": 136, "c": 0.9, "s": 56586, "e": 56899, "w": "呢", "sp": "Customer"}, {"p": 137, "c": 0.9, "s": 56900, "e": 57214, "w": "也", "sp": "Customer"}, {"p": 138, "c": 0.9, "s": 57214, "e": 57528, "w": "是", "sp": "Customer"}, {"p": 139, "c": 0.9, "s": 57528, "e": 58156, "w": "这样", "sp": "Customer"}, {"p": 140, "c": 0.9, "s": 58156, "e": 58469, "w": "想", "sp": "Customer"}, {"p": 141, "c": 0.9, "s": 58750, "e": 58950, "w": "讲", "sp": "Customer"}, {"p": 142, "c": 0.9, "s": 58950, "e": 59151, "w": "了", "sp": "Customer"}, {"p": 143, "c": 0.9, "s": 59151, "e": 59552, "w": "之后", "sp": "Customer"}, {"p": 144, "c": 0.9, "s": 59552, "e": 59752, "w": "呢", "sp": "Customer"}, {"p": 145, "c": 0.9, "s": 59752, "e": 59953, "w": "有", "sp": "Customer"}, {"p": 146, "c": 0.9, "s": 59953, "e": 60354, "w": "一个", "sp": "Customer"}, {"p": 147, "c": 0.9, "s": 60354, "e": 60555, "w": "小", "sp": "Customer"}, {"p": 148, "c": 0.9, "s": 60555, "e": 60956, "w": "师傅", "sp": "Customer"}, {"p": 149, "c": 0.9, "s": 60956, "e": 61156, "w": "来", "sp": "Customer"}, {"p": 150, "c": 0.9, "s": 61156, "e": 61357, "w": "了", "sp": "Customer"}, {"p": 151, "c": 0.9, "s": 61357, "e": 61758, "w": "之后", "sp": "Customer"}, {"p": 152, "c": 0.9, "s": 61758, "e": 61958, "w": "呢", "sp": "Customer"}, {"p": 153, "c": 0.9, "s": 61958, "e": 62159, "w": "他", "sp": "Customer"}, {"p": 154, "c": 0.9, "s": 62159, "e": 62360, "w": "就", "sp": "Customer"}, {"p": 155, "c": 0.9, "s": 62360, "e": 62560, "w": "也", "sp": "Customer"}, {"p": 156, "c": 0.9, "s": 62560, "e": 62961, "w": "发现", "sp": "Customer"}, {"p": 157, "c": 0.9, "s": 62961, "e": 63162, "w": "了", "sp": "Customer"}, {"p": 158, "c": 0.9, "s": 63162, "e": 63563, "w": "这个", "sp": "Customer"}, {"p": 159, "c": 0.9, "s": 63563, "e": 63964, "w": "问题", "sp": "Customer"}, {"p": 160, "c": 0.9, "s": 63964, "e": 64165, "w": "他", "sp": "Customer"}, {"p": 161, "c": 0.9, "s": 64165, "e": 64364, "w": "也", "sp": "Customer"}, {"p": 162, "c": 0.9, "s": 64364, "e": 64565, "w": "没", "sp": "Customer"}, {"p": 163, "c": 0.9, "s": 64566, "e": 64967, "w": "办法", "sp": "Customer"}, {"p": 164, "c": 0.9, "s": 64967, "e": 65368, "w": "解决", "sp": "Customer"}, {"p": 165, "c": 0.9, "s": 65367, "e": 65568, "w": "他", "sp": "Customer"}, {"p": 166, "c": 0.9, "s": 65569, "e": 65769, "w": "就", "sp": "Customer"}, {"p": 167, "c": 0.9, "s": 65769, "e": 65969, "w": "把", "sp": "Customer"}, {"p": 168, "c": 0.9, "s": 65970, "e": 66371, "w": "那个", "sp": "Customer"}, {"p": 169, "c": 0.9, "s": 66371, "e": 66772, "w": "螺丝", "sp": "Customer"}, {"p": 170, "c": 0.9, "s": 66772, "e": 66973, "w": "顶", "sp": "Customer"}, {"p": 171, "c": 0.9, "s": 66973, "e": 67173, "w": "了", "sp": "Customer"}, {"p": 172, "c": 0.9, "s": 67173, "e": 67574, "w": "一下", "sp": "Customer"}, {"p": 173, "c": 0.9, "s": 67574, "e": 67774, "w": "又", "sp": "Customer"}, {"p": 174, "c": 0.9, "s": 67775, "e": 68176, "w": "后来", "sp": "Customer"}, {"p": 175, "c": 0.9, "s": 68176, "e": 68577, "w": "后来", "sp": "Customer"}, {"p": 176, "c": 0.9, "s": 68577, "e": 68778, "w": "倒", "sp": "Customer"}, {"p": 177, "c": 0.9, "s": 68778, "e": 68978, "w": "了", "sp": "Customer"}, {"p": 178, "c": 0.9, "s": 68978, "e": 69379, "w": "一个", "sp": "Customer"}, {"p": 179, "c": 0.9, "s": 69379, "e": 69780, "w": "东西", "sp": "Customer"}, {"p": 180, "c": 0.9, "s": 69450, "e": 70590, "w": "嗯", "sp": "Agent"}, {"p": 181, "c": 0.9, "s": 69780, "e": 69980, "w": "安", "sp": "Customer"}, {"p": 182, "c": 0.9, "s": 69981, "e": 70182, "w": "到", "sp": "Customer"}, {"p": 183, "c": 0.9, "s": 70182, "e": 70583, "w": "上面", "sp": "Customer"}, {"p": 184, "c": 0.9, "s": 70583, "e": 70783, "w": "就", "sp": "Customer"}, {"p": 185, "c": 0.9, "s": 70783, "e": 71184, "w": "稍微", "sp": "Customer"}, {"p": 186, "c": 0.9, "s": 71184, "e": 71384, "w": "长", "sp": "Customer"}, {"p": 187, "c": 0.9, "s": 71385, "e": 71585, "w": "了", "sp": "Customer"}, {"p": 188, "c": 0.9, "s": 71585, "e": 71987, "w": "一点", "sp": "Customer"}, {"p": 189, "c": 0.9, "s": 71987, "e": 72187, "w": "到", "sp": "Customer"}, {"p": 190, "c": 0.9, "s": 72187, "e": 72387, "w": "了", "sp": "Customer"}, {"p": 191, "c": 0.9, "s": 72388, "e": 72789, "w": "今年", "sp": "Customer"}, {"p": 192, "c": 0.9, "s": 72789, "e": 72989, "w": "用", "sp": "Customer"}, {"p": 193, "c": 0.9, "s": 72989, "e": 73189, "w": "的", "sp": "Customer"}, {"p": 194, "c": 0.9, "s": 73190, "e": 73591, "w": "时候", "sp": "Customer"}, {"p": 195, "c": 0.9, "s": 73591, "e": 73792, "w": "又", "sp": "Customer"}, {"p": 196, "c": 0.9, "s": 73792, "e": 74193, "w": "这样", "sp": "Customer"}, {"p": 197, "c": 0.9, "s": 74193, "e": 74393, "w": "想", "sp": "Customer"}, {"p": 198, "c": 0.9, "s": 74393, "e": 74593, "w": "那", "sp": "Customer"}, {"p": 199, "c": 0.9, "s": 74594, "e": 75196, "w": "怎么办", "sp": "Customer"}, {"p": 200, "c": 0.9, "s": 75196, "e": 75396, "w": "呢", "sp": "Customer"}, {"p": 201, "c": 0.9, "s": 75396, "e": 75597, "w": "是", "sp": "Customer"}, {"p": 202, "c": 0.9, "s": 75597, "e": 75998, "w": "安装", "sp": "Customer"}, {"p": 203, "c": 0.9, "s": 75998, "e": 76198, "w": "的", "sp": "Customer"}, {"p": 204, "c": 0.9, "s": 76198, "e": 76600, "w": "问题", "sp": "Customer"}, {"p": 205, "c": 0.9, "s": 76990, "e": 77164, "w": "嗯", "sp": "Agent"}, {"p": 206, "c": 0.9, "s": 77164, "e": 77339, "w": "那", "sp": "Agent"}, {"p": 207, "c": 0.9, "s": 77339, "e": 77864, "w": "有没有", "sp": "Agent"}, {"p": 208, "c": 0.9, "s": 77864, "e": 78214, "w": "联系", "sp": "Agent"}, {"p": 209, "c": 0.9, "s": 78214, "e": 78388, "w": "过", "sp": "Agent"}, {"p": 210, "c": 0.9, "s": 78388, "e": 78738, "w": "我们", "sp": "Agent"}, {"p": 211, "c": 0.9, "s": 78738, "e": 78913, "w": "的", "sp": "Agent"}, {"p": 212, "c": 0.9, "s": 78913, "e": 79438, "w": "经销商", "sp": "Agent"}, {"p": 213, "c": 0.9, "s": 79438, "e": 79787, "w": "沟通", "sp": "Agent"}, {"p": 214, "c": 0.9, "s": 79787, "e": 79962, "w": "呢", "sp": "Agent"}, {"p": 215, "c": 0.9, "s": 79962, "e": 80312, "w": "因为", "sp": "Agent"}, {"p": 216, "c": 0.9, "s": 80312, "e": 80661, "w": "安装", "sp": "Agent"}, {"p": 217, "c": 0.9, "s": 80662, "e": 80837, "w": "是", "sp": "Agent"}, {"p": 218, "c": 0.9, "s": 80837, "e": 81011, "w": "由", "sp": "Agent"}, {"p": 219, "c": 0.9, "s": 81011, "e": 81536, "w": "经销商", "sp": "Agent"}, {"p": 220, "c": 0.9, "s": 81536, "e": 81886, "w": "负责", "sp": "Agent"}, {"p": 221, "c": 0.9, "s": 81886, "e": 82061, "w": "的", "sp": "Agent"}, {"p": 222, "c": 0.9, "s": 82061, "e": 82235, "w": "吗", "sp": "Agent"}, {"p": 223, "c": 0.9, "s": 82235, "e": 82410, "w": "有", "sp": "Agent"}, {"p": 224, "c": 0.9, "s": 82410, "e": 82760, "w": "联系", "sp": "Agent"}, {"p": 225, "c": 0.9, "s": 82760, "e": 82935, "w": "过", "sp": "Agent"}, {"p": 226, "c": 0.9, "s": 82935, "e": 83284, "w": "他们", "sp": "Agent"}, {"p": 227, "c": 0.9, "s": 83000, "e": 83328, "w": "我", "sp": "Customer"}, {"p": 228, "c": 0.9, "s": 83285, "e": 83460, "w": "吗", "sp": "Agent"}, {"p": 229, "c": 0.9, "s": 83328, "e": 83984, "w": "联系", "sp": "Customer"}, {"p": 230, "c": 0.9, "s": 83984, "e": 84312, "w": "了", "sp": "Customer"}, {"p": 231, "c": 0.9, "s": 84312, "e": 84640, "w": "呀", "sp": "Customer"}, {"p": 232, "c": 0.9, "s": 84590, "e": 84897, "w": "嗯", "sp": "Agent"}, {"p": 233, "c": 0.9, "s": 84898, "e": 85516, "w": "然后", "sp": "Agent"}, {"p": 234, "c": 0.9, "s": 84920, "e": 85115, "w": "他", "sp": "Customer"}, {"p": 235, "c": 0.9, "s": 85115, "e": 85310, "w": "也", "sp": "Customer"}, {"p": 236, "c": 0.9, "s": 85310, "e": 85700, "w": "要说", "sp": "Customer"}, {"p": 237, "c": 0.9, "s": 85516, "e": 86132, "w": "交叉", "sp": "Agent"}, {"p": 238, "c": 0.9, "s": 85700, "e": 86090, "w": "过来", "sp": "Customer"}, {"p": 239, "c": 0.9, "s": 86090, "e": 86284, "w": "弄", "sp": "Customer"}, {"p": 240, "c": 0.9, "s": 86133, "e": 86751, "w": "这边", "sp": "Agent"}, {"p": 241, "c": 0.9, "s": 86285, "e": 86480, "w": "啊", "sp": "Customer"}, {"p": 242, "c": 0.9, "s": 86480, "e": 86870, "w": "后来", "sp": "Customer"}, {"p": 243, "c": 0.9, "s": 86751, "e": 87060, "w": "是", "sp": "Agent"}, {"p": 244, "c": 0.9, "s": 86870, "e": 87065, "w": "我", "sp": "Customer"}, {"p": 245, "c": 0.9, "s": 87065, "e": 87260, "w": "就", "sp": "Customer"}, {"p": 246, "c": 0.9, "s": 87260, "e": 87455, "w": "问", "sp": "Customer"}, {"p": 247, "c": 0.9, "s": 87455, "e": 87845, "w": "那个", "sp": "Customer"}, {"p": 248, "c": 0.9, "s": 87845, "e": 88235, "w": "师傅", "sp": "Customer"}, {"p": 249, "c": 0.9, "s": 88235, "e": 88430, "w": "我", "sp": "Customer"}, {"p": 250, "c": 0.9, "s": 88430, "e": 88625, "w": "说", "sp": "Customer"}, {"p": 251, "c": 0.9, "s": 88625, "e": 89015, "w": "你们", "sp": "Customer"}, {"p": 252, "c": 0.9, "s": 89015, "e": 89405, "w": "那个", "sp": "Customer"}, {"p": 253, "c": 0.9, "s": 89100, "e": 90090, "w": "嗯", "sp": "Agent"}, {"p": 254, "c": 0.9, "s": 89405, "e": 89795, "w": "大厅", "sp": "Customer"}, {"p": 255, "c": 0.9, "s": 89795, "e": 90185, "w": "空调", "sp": "Customer"}, {"p": 256, "c": 0.9, "s": 90185, "e": 90380, "w": "是", "sp": "Customer"}, {"p": 257, "c": 0.9, "s": 90380, "e": 90770, "w": "三年", "sp": "Customer"}, {"p": 258, "c": 0.9, "s": 90770, "e": 91159, "w": "三年", "sp": "Customer"}, {"p": 259, "c": 0.9, "s": 91160, "e": 91550, "w": "那个", "sp": "Customer"}, {"p": 260, "c": 0.9, "s": 91550, "e": 91940, "w": "保修", "sp": "Customer"}, {"p": 261, "c": 0.9, "s": 91940, "e": 92135, "w": "我", "sp": "Customer"}, {"p": 262, "c": 0.9, "s": 92135, "e": 92330, "w": "说", "sp": "Customer"}, {"p": 263, "c": 0.9, "s": 92330, "e": 92720, "w": "那个", "sp": "Customer"}, {"p": 264, "c": 0.9, "s": 92720, "e": 92915, "w": "那", "sp": "Customer"}, {"p": 265, "c": 0.9, "s": 92915, "e": 93110, "w": "这", "sp": "Customer"}, {"p": 266, "c": 0.9, "s": 92980, "e": 93950, "w": "嗯", "sp": "Agent"}, {"p": 267, "c": 0.9, "s": 93110, "e": 93305, "w": "是", "sp": "Customer"}, {"p": 268, "c": 0.9, "s": 93305, "e": 93695, "w": "你们", "sp": "Customer"}, {"p": 269, "c": 0.9, "s": 93695, "e": 94085, "w": "安装", "sp": "Customer"}, {"p": 270, "c": 0.9, "s": 94085, "e": 94280, "w": "的", "sp": "Customer"}, {"p": 271, "c": 0.9, "s": 94280, "e": 94475, "w": "是", "sp": "Customer"}, {"p": 272, "c": 0.9, "s": 94475, "e": 94865, "w": "人家", "sp": "Customer"}, {"p": 273, "c": 0.9, "s": 94865, "e": 95060, "w": "一", "sp": "Customer"}, {"p": 274, "c": 0.9, "s": 95060, "e": 95450, "w": "开始", "sp": "Customer"}, {"p": 275, "c": 0.9, "s": 95450, "e": 95645, "w": "新", "sp": "Customer"}, {"p": 276, "c": 0.9, "s": 95645, "e": 95840, "w": "的", "sp": "Customer"}, {"p": 277, "c": 0.9, "s": 95840, "e": 96229, "w": "就是", "sp": "Customer"}, {"p": 278, "c": 0.9, "s": 96230, "e": 96425, "w": "坏", "sp": "Customer"}, {"p": 279, "c": 0.9, "s": 96425, "e": 96620, "w": "的", "sp": "Customer"}, {"p": 280, "c": 0.9, "s": 96620, "e": 96815, "w": "说", "sp": "Customer"}, {"p": 281, "c": 0.9, "s": 96660, "e": 97680, "w": "嗯", "sp": "Agent"}, {"p": 282, "c": 0.9, "s": 96815, "e": 97205, "w": "因为", "sp": "Customer"}, {"p": 283, "c": 0.9, "s": 97205, "e": 97400, "w": "是", "sp": "Customer"}, {"p": 284, "c": 0.9, "s": 97400, "e": 97790, "w": "你们", "sp": "Customer"}, {"p": 285, "c": 0.9, "s": 97790, "e": 98180, "w": "安装", "sp": "Customer"}, {"p": 286, "c": 0.9, "s": 98180, "e": 98570, "w": "造成", "sp": "Customer"}, {"p": 287, "c": 0.9, "s": 98570, "e": 98765, "w": "的", "sp": "Customer"}, {"p": 288, "c": 0.9, "s": 98765, "e": 99155, "w": "那个", "sp": "Customer"}, {"p": 289, "c": 0.9, "s": 99155, "e": 99545, "w": "螺丝", "sp": "Customer"}, {"p": 290, "c": 0.9, "s": 99545, "e": 99740, "w": "他", "sp": "Customer"}, {"p": 291, "c": 0.9, "s": 99740, "e": 99935, "w": "说", "sp": "Customer"}, {"p": 292, "c": 0.9, "s": 99935, "e": 100325, "w": "不会", "sp": "Customer"}, {"p": 293, "c": 0.9, "s": 100325, "e": 100520, "w": "的", "sp": "Customer"}, {"p": 294, "c": 0.9, "s": 100520, "e": 100715, "w": "他", "sp": "Customer"}, {"p": 295, "c": 0.9, "s": 100715, "e": 100909, "w": "说", "sp": "Customer"}, {"p": 296, "c": 0.9, "s": 100910, "e": 101105, "w": "你", "sp": "Customer"}, {"p": 297, "c": 0.9, "s": 101105, "e": 101495, "w": "如果", "sp": "Customer"}, {"p": 298, "c": 0.9, "s": 101495, "e": 101885, "w": "要是", "sp": "Customer"}, {"p": 299, "c": 0.9, "s": 101885, "e": 102275, "w": "当时", "sp": "Customer"}, {"p": 300, "c": 0.9, "s": 102275, "e": 102665, "w": "那个", "sp": "Customer"}, {"p": 301, "c": 0.9, "s": 102665, "e": 103055, "w": "报修", "sp": "Customer"}, {"p": 302, "c": 0.9, "s": 103055, "e": 103250, "w": "是", "sp": "Customer"}, {"p": 303, "c": 0.9, "s": 103250, "e": 103640, "w": "这个", "sp": "Customer"}, {"p": 304, "c": 0.9, "s": 103640, "e": 104030, "w": "地方", "sp": "Customer"}, {"p": 305, "c": 0.9, "s": 104030, "e": 104225, "w": "是", "sp": "Customer"}, {"p": 306, "c": 0.9, "s": 104225, "e": 104615, "w": "我们", "sp": "Customer"}, {"p": 307, "c": 0.9, "s": 104615, "e": 105005, "w": "安装", "sp": "Customer"}, {"p": 308, "c": 0.9, "s": 105005, "e": 105200, "w": "的", "sp": "Customer"}, {"p": 309, "c": 0.9, "s": 105200, "e": 105590, "w": "原因", "sp": "Customer"}, {"p": 310, "c": 0.9, "s": 105590, "e": 105784, "w": "他", "sp": "Customer"}, {"p": 311, "c": 0.9, "s": 105785, "e": 105980, "w": "说", "sp": "Customer"}, {"p": 312, "c": 0.9, "s": 105980, "e": 106175, "w": "过", "sp": "Customer"}, {"p": 313, "c": 0.9, "s": 106175, "e": 106370, "w": "了", "sp": "Customer"}, {"p": 314, "c": 0.9, "s": 106370, "e": 106760, "w": "三年", "sp": "Customer"}, {"p": 315, "c": 0.9, "s": 106760, "e": 107150, "w": "我们", "sp": "Customer"}, {"p": 316, "c": 0.9, "s": 107150, "e": 107345, "w": "也", "sp": "Customer"}, {"p": 317, "c": 0.9, "s": 107345, "e": 107735, "w": "还是", "sp": "Customer"}, {"p": 318, "c": 0.9, "s": 107735, "e": 108125, "w": "保修", "sp": "Customer"}, {"p": 319, "c": 0.9, "s": 108125, "e": 108515, "w": "还是", "sp": "Customer"}, {"p": 320, "c": 0.9, "s": 108515, "e": 108905, "w": "我们", "sp": "Customer"}, {"p": 321, "c": 0.9, "s": 108905, "e": 109100, "w": "的", "sp": "Customer"}, {"p": 322, "c": 0.9, "s": 109100, "e": 109490, "w": "责任", "sp": "Customer"}, {"p": 323, "c": 0.9, "s": 109490, "e": 109685, "w": "他", "sp": "Customer"}, {"p": 324, "c": 0.9, "s": 109685, "e": 109880, "w": "是", "sp": "Customer"}, {"p": 325, "c": 0.9, "s": 109880, "e": 110270, "w": "这样", "sp": "Customer"}, {"p": 326, "c": 0.9, "s": 110270, "e": 110465, "w": "说", "sp": "Customer"}, {"p": 327, "c": 0.9, "s": 110465, "e": 110659, "w": "的", "sp": "Customer"}, {"p": 328, "c": 0.9, "s": 111190, "e": 111386, "w": "嗯", "sp": "Agent"}, {"p": 329, "c": 0.9, "s": 111386, "e": 111780, "w": "大厅", "sp": "Agent"}, {"p": 330, "c": 0.9, "s": 111780, "e": 112173, "w": "的话", "sp": "Agent"}, {"p": 331, "c": 0.9, "s": 112173, "e": 112566, "w": "这个", "sp": "Agent"}, {"p": 332, "c": 0.9, "s": 112567, "e": 112763, "w": "在", "sp": "Agent"}, {"p": 333, "c": 0.9, "s": 112763, "e": 112960, "w": "保", "sp": "Agent"}, {"p": 334, "c": 0.9, "s": 112960, "e": 113157, "w": "内", "sp": "Agent"}, {"p": 335, "c": 0.9, "s": 113157, "e": 113549, "w": "安装", "sp": "Agent"}, {"p": 336, "c": 0.9, "s": 113550, "e": 113944, "w": "问题", "sp": "Agent"}, {"p": 337, "c": 0.9, "s": 113944, "e": 114337, "w": "造成", "sp": "Agent"}, {"p": 338, "c": 0.9, "s": 114337, "e": 114534, "w": "的", "sp": "Agent"}, {"p": 339, "c": 0.9, "s": 114534, "e": 114926, "w": "故障", "sp": "Agent"}, {"p": 340, "c": 0.9, "s": 114927, "e": 115124, "w": "也", "sp": "Agent"}, {"p": 341, "c": 0.9, "s": 115124, "e": 115321, "w": "是", "sp": "Agent"}, {"p": 342, "c": 0.9, "s": 115321, "e": 115714, "w": "需要", "sp": "Agent"}, {"p": 343, "c": 0.9, "s": 115714, "e": 116107, "w": "付费", "sp": "Agent"}, {"p": 344, "c": 0.9, "s": 116108, "e": 116501, "w": "维修", "sp": "Agent"}, {"p": 345, "c": 0.9, "s": 116501, "e": 116698, "w": "的", "sp": "Agent"}, {"p": 346, "c": 0.9, "s": 116698, "e": 117090, "w": "因为", "sp": "Agent"}, {"p": 347, "c": 0.9, "s": 117091, "e": 117485, "w": "保修", "sp": "Agent"}, {"p": 348, "c": 0.9, "s": 117485, "e": 117682, "w": "是", "sp": "Agent"}, {"p": 349, "c": 0.9, "s": 117682, "e": 117878, "w": "指", "sp": "Agent"}, {"p": 350, "c": 0.9, "s": 117878, "e": 118271, "w": "空调", "sp": "Agent"}, {"p": 351, "c": 0.9, "s": 118272, "e": 118665, "w": "机器", "sp": "Agent"}, {"p": 352, "c": 0.9, "s": 118665, "e": 119059, "w": "本身", "sp": "Agent"}, {"p": 353, "c": 0.9, "s": 119059, "e": 119451, "w": "质量", "sp": "Agent"}, {"p": 354, "c": 0.9, "s": 119452, "e": 119846, "w": "原因", "sp": "Agent"}, {"p": 355, "c": 0.9, "s": 119846, "e": 120239, "w": "造成", "sp": "Agent"}, {"p": 356, "c": 0.9, "s": 120239, "e": 120436, "w": "的", "sp": "Agent"}, {"p": 357, "c": 0.9, "s": 120436, "e": 120828, "w": "故障", "sp": "Agent"}, {"p": 358, "c": 0.9, "s": 120829, "e": 121026, "w": "是", "sp": "Agent"}, {"p": 359, "c": 0.9, "s": 121026, "e": 121420, "w": "免费", "sp": "Agent"}, {"p": 360, "c": 0.9, "s": 121420, "e": 121812, "w": "维修", "sp": "Agent"}, {"p": 361, "c": 0.9, "s": 121813, "e": 122207, "w": "如果", "sp": "Agent"}, {"p": 362, "c": 0.9, "s": 122207, "e": 122403, "w": "是", "sp": "Agent"}, {"p": 363, "c": 0.9, "s": 122403, "e": 122797, "w": "外力", "sp": "Agent"}, {"p": 364, "c": 0.9, "s": 122797, "e": 123189, "w": "安装", "sp": "Agent"}, {"p": 365, "c": 0.9, "s": 123190, "e": 123584, "w": "造成", "sp": "Agent"}, {"p": 366, "c": 0.9, "s": 123584, "e": 123977, "w": "的话", "sp": "Agent"}, {"p": 367, "c": 0.9, "s": 123977, "e": 124173, "w": "那", "sp": "Agent"}, {"p": 368, "c": 0.9, "s": 124174, "e": 124371, "w": "他", "sp": "Agent"}, {"p": 369, "c": 0.9, "s": 124371, "e": 124567, "w": "就", "sp": "Agent"}, {"p": 370, "c": 0.9, "s": 124567, "e": 124961, "w": "不在", "sp": "Agent"}, {"p": 371, "c": 0.9, "s": 124961, "e": 125354, "w": "保修", "sp": "Agent"}, {"p": 372, "c": 0.9, "s": 125354, "e": 125747, "w": "范围", "sp": "Agent"}, {"p": 373, "c": 0.9, "s": 125748, "e": 126141, "w": "以内", "sp": "Agent"}, {"p": 374, "c": 0.9, "s": 126141, "e": 126338, "w": "了", "sp": "Agent"}, {"p": 375, "c": 0.9, "s": 126338, "e": 126730, "w": "先生", "sp": "Agent"}, {"p": 376, "c": 0.9, "s": 126731, "e": 127125, "w": "安装", "sp": "Agent"}, {"p": 377, "c": 0.9, "s": 127125, "e": 127322, "w": "是", "sp": "Agent"}, {"p": 378, "c": 0.9, "s": 127322, "e": 127911, "w": "经销商", "sp": "Agent"}, {"p": 379, "c": 0.9, "s": 127330, "e": 128479, "w": "喂", "sp": "Customer"}, {"p": 380, "c": 0.9, "s": 127912, "e": 128305, "w": "负责", "sp": "Agent"}, {"p": 381, "c": 0.9, "s": 128304, "e": 128502, "w": "的", "sp": "Agent"}, {"p": 382, "c": 0.9, "s": 128502, "e": 128699, "w": "那", "sp": "Agent"}, {"p": 383, "c": 0.9, "s": 128699, "e": 128895, "w": "就", "sp": "Agent"}, {"p": 384, "c": 0.9, "s": 128895, "e": 129289, "w": "直接", "sp": "Agent"}, {"p": 385, "c": 0.9, "s": 129289, "e": 129682, "w": "联系", "sp": "Agent"}, {"p": 386, "c": 0.9, "s": 129420, "e": 130800, "w": "经销商", "sp": "Customer"}, {"p": 387, "c": 0.9, "s": 129682, "e": 130273, "w": "经销商", "sp": "Agent"}, {"p": 388, "c": 0.9, "s": 130272, "e": 130468, "w": "让", "sp": "Agent"}, {"p": 389, "c": 0.9, "s": 130468, "e": 130666, "w": "他", "sp": "Agent"}, {"p": 390, "c": 0.9, "s": 130666, "e": 130863, "w": "会", "sp": "Agent"}, {"p": 391, "c": 0.9, "s": 130863, "e": 131060, "w": "让", "sp": "Agent"}, {"p": 392, "c": 0.9, "s": 132420, "e": 132623, "w": "那", "sp": "Customer"}, {"p": 393, "c": 0.9, "s": 132623, "e": 132826, "w": "那", "sp": "Customer"}, {"p": 394, "c": 0.9, "s": 132826, "e": 133030, "w": "我", "sp": "Customer"}, {"p": 395, "c": 0.9, "s": 133030, "e": 133233, "w": "我", "sp": "Customer"}, {"p": 396, "c": 0.9, "s": 133233, "e": 133437, "w": "不", "sp": "Customer"}, {"p": 397, "c": 0.9, "s": 133437, "e": 133844, "w": "知道", "sp": "Customer"}, {"p": 398, "c": 0.9, "s": 133844, "e": 134047, "w": "谁", "sp": "Customer"}, {"p": 399, "c": 0.9, "s": 134047, "e": 134250, "w": "是", "sp": "Customer"}, {"p": 400, "c": 0.9, "s": 134250, "e": 134861, "w": "经销商", "sp": "Customer"}, {"p": 401, "c": 0.9, "s": 134861, "e": 135064, "w": "谁", "sp": "Customer"}, {"p": 402, "c": 0.9, "s": 135064, "e": 135267, "w": "是", "sp": "Customer"}, {"p": 403, "c": 0.9, "s": 135268, "e": 135674, "w": "什么", "sp": "Customer"}, {"p": 404, "c": 0.9, "s": 135674, "e": 136081, "w": "反正", "sp": "Customer"}, {"p": 405, "c": 0.9, "s": 136081, "e": 136284, "w": "我", "sp": "Customer"}, {"p": 406, "c": 0.9, "s": 136285, "e": 136692, "w": "就是", "sp": "Customer"}, {"p": 407, "c": 0.9, "s": 136692, "e": 136895, "w": "我", "sp": "Customer"}, {"p": 408, "c": 0.9, "s": 136895, "e": 137098, "w": "就", "sp": "Customer"}, {"p": 409, "c": 0.9, "s": 137098, "e": 137505, "w": "每次", "sp": "Customer"}, {"p": 410, "c": 0.9, "s": 137505, "e": 137709, "w": "都", "sp": "Customer"}, {"p": 411, "c": 0.9, "s": 137709, "e": 138116, "w": "联系", "sp": "Customer"}, {"p": 412, "c": 0.9, "s": 138116, "e": 138319, "w": "的", "sp": "Customer"}, {"p": 413, "c": 0.9, "s": 138319, "e": 138726, "w": "大大", "sp": "Customer"}, {"p": 414, "c": 0.9, "s": 138726, "e": 138929, "w": "厅", "sp": "Customer"}, {"p": 415, "c": 0.9, "s": 138929, "e": 139133, "w": "的", "sp": "Customer"}, {"p": 416, "c": 0.9, "s": 139133, "e": 139540, "w": "售后", "sp": "Customer"}, {"p": 417, "c": 0.9, "s": 139790, "e": 140840, "w": "嗯", "sp": "Agent"}, {"p": 418, "c": 0.9, "s": 140720, "e": 140903, "w": "我", "sp": "Customer"}, {"p": 419, "c": 0.9, "s": 140903, "e": 141086, "w": "我", "sp": "Customer"}, {"p": 420, "c": 0.9, "s": 141086, "e": 141452, "w": "每次", "sp": "Customer"}, {"p": 421, "c": 0.9, "s": 141230, "e": 141407, "w": "对", "sp": "Agent"}, {"p": 422, "c": 0.9, "s": 141407, "e": 141763, "w": "如果", "sp": "Agent"}, {"p": 423, "c": 0.9, "s": 141452, "e": 141635, "w": "都", "sp": "Customer"}, {"p": 424, "c": 0.9, "s": 141635, "e": 142000, "w": "联系", "sp": "Customer"}, {"p": 425, "c": 0.9, "s": 141763, "e": 142118, "w": "需要", "sp": "Agent"}, {"p": 426, "c": 0.9, "s": 142001, "e": 142184, "w": "的", "sp": "Customer"}, {"p": 427, "c": 0.9, "s": 142118, "e": 142474, "w": "我们", "sp": "Agent"}, {"p": 428, "c": 0.9, "s": 142184, "e": 142550, "w": "大厅", "sp": "Customer"}, {"p": 429, "c": 0.9, "s": 142474, "e": 142829, "w": "这边", "sp": "Agent"}, {"p": 430, "c": 0.9, "s": 142550, "e": 142733, "w": "的", "sp": "Customer"}, {"p": 431, "c": 0.9, "s": 142733, "e": 143100, "w": "售后", "sp": "Customer"}, {"p": 432, "c": 0.9, "s": 142829, "e": 143183, "w": "上门", "sp": "Agent"}, {"p": 433, "c": 0.9, "s": 143184, "e": 143540, "w": "处理", "sp": "Agent"}, {"p": 434, "c": 0.9, "s": 143540, "e": 143894, "w": "的话", "sp": "Agent"}, {"p": 435, "c": 0.9, "s": 143895, "e": 144073, "w": "是", "sp": "Agent"}, {"p": 436, "c": 0.9, "s": 144073, "e": 144428, "w": "可以", "sp": "Agent"}, {"p": 437, "c": 0.9, "s": 144428, "e": 144605, "w": "的", "sp": "Agent"}, {"p": 438, "c": 0.9, "s": 144606, "e": 144962, "w": "但是", "sp": "Agent"}, {"p": 439, "c": 0.9, "s": 144962, "e": 145317, "w": "我们", "sp": "Agent"}, {"p": 440, "c": 0.9, "s": 145317, "e": 145672, "w": "这边", "sp": "Agent"}, {"p": 441, "c": 0.9, "s": 145672, "e": 146028, "w": "如果", "sp": "Agent"}, {"p": 442, "c": 0.9, "s": 146028, "e": 146206, "w": "过", "sp": "Agent"}, {"p": 443, "c": 0.9, "s": 146206, "e": 146383, "w": "保", "sp": "Agent"}, {"p": 444, "c": 0.9, "s": 146383, "e": 146560, "w": "就", "sp": "Agent"}, {"p": 445, "c": 0.9, "s": 146561, "e": 146916, "w": "需要", "sp": "Agent"}, {"p": 446, "c": 0.9, "s": 146916, "e": 147272, "w": "收费", "sp": "Agent"}, {"p": 447, "c": 0.9, "s": 147272, "e": 147450, "w": "了", "sp": "Agent"}, {"p": 448, "c": 0.9, "s": 148660, "e": 148930, "w": "那", "sp": "Customer"}, {"p": 449, "c": 0.9, "s": 148930, "e": 149200, "w": "那", "sp": "Customer"}, {"p": 450, "c": 0.9, "s": 149200, "e": 149470, "w": "你", "sp": "Customer"}, {"p": 451, "c": 0.9, "s": 149470, "e": 149740, "w": "就", "sp": "Customer"}, {"p": 452, "c": 0.9, "s": 149740, "e": 150010, "w": "跟", "sp": "Customer"}, {"p": 453, "c": 0.9, "s": 150010, "e": 150549, "w": "那个", "sp": "Customer"}, {"p": 454, "c": 0.9, "s": 150550, "e": 150820, "w": "那", "sp": "Customer"}, {"p": 455, "c": 0.9, "s": 150820, "e": 151090, "w": "你", "sp": "Customer"}, {"p": 456, "c": 0.9, "s": 151090, "e": 151360, "w": "那", "sp": "Customer"}, {"p": 457, "c": 0.9, "s": 151360, "e": 151630, "w": "你", "sp": "Customer"}, {"p": 458, "c": 0.9, "s": 151630, "e": 152170, "w": "内部", "sp": "Customer"}, {"p": 459, "c": 0.9, "s": 152170, "e": 152440, "w": "就", "sp": "Customer"}, {"p": 460, "c": 0.9, "s": 152440, "e": 152710, "w": "去", "sp": "Customer"}, {"p": 461, "c": 0.9, "s": 152710, "e": 153250, "w": "联系", "sp": "Customer"}, {"p": 462, "c": 0.9, "s": 153250, "e": 153520, "w": "吧", "sp": "Customer"}, {"p": 463, "c": 0.9, "s": 153800, "e": 154293, "w": "因为", "sp": "Customer"}, {"p": 464, "c": 0.9, "s": 154290, "e": 154638, "w": "啊", "sp": "Agent"}, {"p": 465, "c": 0.9, "s": 154293, "e": 154787, "w": "因为", "sp": "Customer"}, {"p": 466, "c": 0.9, "s": 154638, "e": 156031, "w": "不好意思", "sp": "Agent"}, {"p": 467, "c": 0.9, "s": 154787, "e": 155281, "w": "那个", "sp": "Customer"}, {"p": 468, "c": 0.9, "s": 155281, "e": 155775, "w": "不是", "sp": "Customer"}, {"p": 469, "c": 0.9, "s": 155775, "e": 156269, "w": "因为", "sp": "Customer"}, {"p": 470, "c": 0.9, "s": 156031, "e": 156380, "w": "嗯", "sp": "Agent"}, {"p": 471, "c": 0.9, "s": 156269, "e": 156763, "w": "那个", "sp": "Customer"}, {"p": 472, "c": 0.9, "s": 156763, "e": 157256, "w": "每次", "sp": "Customer"}, {"p": 473, "c": 0.9, "s": 157256, "e": 157750, "w": "就是", "sp": "Customer"}, {"p": 474, "c": 0.9, "s": 157750, "e": 158244, "w": "去年", "sp": "Customer"}, {"p": 475, "c": 0.9, "s": 158244, "e": 158738, "w": "我们", "sp": "Customer"}, {"p": 476, "c": 0.9, "s": 158738, "e": 159232, "w": "而且", "sp": "Customer"}, {"p": 477, "c": 0.9, "s": 159232, "e": 159726, "w": "而且", "sp": "Customer"}, {"p": 478, "c": 0.9, "s": 159726, "e": 160220, "w": "那个", "sp": "Customer"}, {"p": 479, "c": 0.9, "s": 160220, "e": 160713, "w": "我们", "sp": "Customer"}, {"p": 480, "c": 0.9, "s": 160713, "e": 160959, "w": "是", "sp": "Customer"}, {"p": 481, "c": 0.9, "s": 160960, "e": 161207, "w": "一", "sp": "Customer"}, {"p": 482, "c": 0.9, "s": 161207, "e": 161701, "w": "九年", "sp": "Customer"}, {"p": 483, "c": 0.9, "s": 161701, "e": 161948, "w": "一", "sp": "Customer"}, {"p": 484, "c": 0.9, "s": 161948, "e": 162442, "w": "九年", "sp": "Customer"}, {"p": 485, "c": 0.9, "s": 162442, "e": 162936, "w": "安装", "sp": "Customer"}, {"p": 486, "c": 0.9, "s": 162936, "e": 163430, "w": "安装", "sp": "Customer"}, {"p": 487, "c": 0.9, "s": 163430, "e": 163676, "w": "的", "sp": "Customer"}, {"p": 488, "c": 0.9, "s": 163676, "e": 164170, "w": "时候", "sp": "Customer"}, {"p": 489, "c": 0.9, "s": 164170, "e": 164664, "w": "每次", "sp": "Customer"}, {"p": 490, "c": 0.9, "s": 164664, "e": 165158, "w": "报修", "sp": "Customer"}, {"p": 491, "c": 0.9, "s": 165158, "e": 165405, "w": "都", "sp": "Customer"}, {"p": 492, "c": 0.9, "s": 165405, "e": 165652, "w": "是", "sp": "Customer"}, {"p": 493, "c": 0.9, "s": 165652, "e": 166146, "w": "这个", "sp": "Customer"}, {"p": 494, "c": 0.9, "s": 166146, "e": 166640, "w": "问题", "sp": "Customer"}, {"p": 495, "c": 0.9, "s": 167050, "e": 167470, "w": "就是", "sp": "Customer"}, {"p": 496, "c": 0.9, "s": 167470, "e": 167890, "w": "你们", "sp": "Customer"}, {"p": 497, "c": 0.9, "s": 167890, "e": 168310, "w": "安装", "sp": "Customer"}, {"p": 498, "c": 0.9, "s": 168310, "e": 168730, "w": "师傅", "sp": "Customer"}, {"p": 499, "c": 0.9, "s": 168730, "e": 168940, "w": "就", "sp": "Customer"}, {"p": 500, "c": 0.9, "s": 168940, "e": 169150, "w": "说", "sp": "Customer"}, {"p": 501, "c": 0.9, "s": 169150, "e": 169360, "w": "是", "sp": "Customer"}, {"p": 502, "c": 0.9, "s": 169360, "e": 169780, "w": "安装", "sp": "Customer"}, {"p": 503, "c": 0.9, "s": 169780, "e": 169990, "w": "的", "sp": "Customer"}, {"p": 504, "c": 0.9, "s": 169990, "e": 170410, "w": "过程", "sp": "Customer"}, {"p": 505, "c": 0.9, "s": 170410, "e": 170830, "w": "当中", "sp": "Customer"}, {"p": 506, "c": 0.9, "s": 170830, "e": 171250, "w": "那个", "sp": "Customer"}, {"p": 507, "c": 0.9, "s": 171250, "e": 171670, "w": "螺丝", "sp": "Customer"}, {"p": 508, "c": 0.9, "s": 171670, "e": 171880, "w": "没", "sp": "Customer"}, {"p": 509, "c": 0.9, "s": 171880, "e": 172300, "w": "拧紧", "sp": "Customer"}, {"p": 510, "c": 0.9, "s": 172300, "e": 172510, "w": "至", "sp": "Customer"}, {"p": 511, "c": 0.9, "s": 172510, "e": 172930, "w": "于是", "sp": "Customer"}, {"p": 512, "c": 0.9, "s": 172930, "e": 173140, "w": "谁", "sp": "Customer"}, {"p": 513, "c": 0.9, "s": 173140, "e": 173350, "w": "的", "sp": "Customer"}, {"p": 514, "c": 0.9, "s": 173350, "e": 173770, "w": "责任", "sp": "Customer"}, {"p": 515, "c": 0.9, "s": 173770, "e": 173980, "w": "我", "sp": "Customer"}, {"p": 516, "c": 0.9, "s": 173980, "e": 174190, "w": "不", "sp": "Customer"}, {"p": 517, "c": 0.9, "s": 174190, "e": 174610, "w": "知道", "sp": "Customer"}, {"p": 518, "c": 0.9, "s": 174610, "e": 175030, "w": "反正", "sp": "Customer"}, {"p": 519, "c": 0.9, "s": 175030, "e": 175240, "w": "我", "sp": "Customer"}, {"p": 520, "c": 0.9, "s": 175240, "e": 175450, "w": "是", "sp": "Customer"}, {"p": 521, "c": 0.9, "s": 175450, "e": 175870, "w": "客户", "sp": "Customer"}, {"p": 522, "c": 0.9, "s": 175870, "e": 176080, "w": "我", "sp": "Customer"}, {"p": 523, "c": 0.9, "s": 176080, "e": 176290, "w": "是", "sp": "Customer"}, {"p": 524, "c": 0.9, "s": 176290, "e": 176709, "w": "用户", "sp": "Customer"}, {"p": 525, "c": 0.9, "s": 176990, "e": 177248, "w": "那", "sp": "Customer"}, {"p": 526, "c": 0.9, "s": 177248, "e": 177506, "w": "就", "sp": "Customer"}, {"p": 527, "c": 0.9, "s": 177506, "e": 178022, "w": "你们", "sp": "Customer"}, {"p": 528, "c": 0.9, "s": 178022, "e": 178538, "w": "内部", "sp": "Customer"}, {"p": 529, "c": 0.9, "s": 178538, "e": 178795, "w": "去", "sp": "Customer"}, {"p": 530, "c": 0.9, "s": 178796, "e": 179312, "w": "沟通", "sp": "Customer"}, {"p": 531, "c": 0.9, "s": 179312, "e": 179569, "w": "吧", "sp": "Customer"}, {"p": 532, "c": 0.9, "s": 180300, "e": 180470, "w": "对", "sp": "Agent"}, {"p": 533, "c": 0.9, "s": 180470, "e": 180810, "w": "确实", "sp": "Agent"}, {"p": 534, "c": 0.9, "s": 180810, "e": 181151, "w": "这边", "sp": "Agent"}, {"p": 535, "c": 0.9, "s": 181151, "e": 181491, "w": "如果", "sp": "Agent"}, {"p": 536, "c": 0.9, "s": 181491, "e": 181662, "w": "呃", "sp": "Agent"}, {"p": 537, "c": 0.9, "s": 181662, "e": 182002, "w": "无论", "sp": "Agent"}, {"p": 538, "c": 0.9, "s": 182002, "e": 182343, "w": "什么", "sp": "Agent"}, {"p": 539, "c": 0.9, "s": 182343, "e": 182683, "w": "问题", "sp": "Agent"}, {"p": 540, "c": 0.9, "s": 182683, "e": 183024, "w": "造成", "sp": "Agent"}, {"p": 541, "c": 0.9, "s": 183024, "e": 183194, "w": "的", "sp": "Agent"}, {"p": 542, "c": 0.9, "s": 183194, "e": 183535, "w": "故障", "sp": "Agent"}, {"p": 543, "c": 0.9, "s": 183535, "e": 183875, "w": "如果", "sp": "Agent"}, {"p": 544, "c": 0.9, "s": 183875, "e": 184045, "w": "过", "sp": "Agent"}, {"p": 545, "c": 0.9, "s": 184045, "e": 184216, "w": "了", "sp": "Agent"}, {"p": 546, "c": 0.9, "s": 184216, "e": 184726, "w": "保修期", "sp": "Agent"}, {"p": 547, "c": 0.9, "s": 184726, "e": 185067, "w": "的话", "sp": "Agent"}, {"p": 548, "c": 0.9, "s": 185067, "e": 185237, "w": "是", "sp": "Agent"}, {"p": 549, "c": 0.9, "s": 185237, "e": 185578, "w": "还是", "sp": "Agent"}, {"p": 550, "c": 0.9, "s": 185578, "e": 185918, "w": "需要", "sp": "Agent"}, {"p": 551, "c": 0.9, "s": 185918, "e": 186259, "w": "收费", "sp": "Agent"}, {"p": 552, "c": 0.9, "s": 186259, "e": 186429, "w": "的", "sp": "Agent"}, {"p": 553, "c": 0.9, "s": 186429, "e": 186770, "w": "先生", "sp": "Agent"}, {"p": 554, "c": 0.9, "s": 186670, "e": 187077, "w": "不是", "sp": "Customer"}, {"p": 555, "c": 0.9, "s": 187077, "e": 187280, "w": "啊", "sp": "Customer"}, {"p": 556, "c": 0.9, "s": 187281, "e": 187689, "w": "不是", "sp": "Customer"}, {"p": 557, "c": 0.9, "s": 187689, "e": 187892, "w": "啊", "sp": "Customer"}, {"p": 558, "c": 0.9, "s": 187893, "e": 188301, "w": "当时", "sp": "Customer"}, {"p": 559, "c": 0.9, "s": 188301, "e": 188504, "w": "他", "sp": "Customer"}, {"p": 560, "c": 0.9, "s": 188505, "e": 188709, "w": "说", "sp": "Customer"}, {"p": 561, "c": 0.9, "s": 188709, "e": 188913, "w": "了", "sp": "Customer"}, {"p": 562, "c": 0.9, "s": 188913, "e": 189116, "w": "呀", "sp": "Customer"}, {"p": 563, "c": 0.9, "s": 189117, "e": 189524, "w": "那个", "sp": "Customer"}, {"p": 564, "c": 0.9, "s": 189524, "e": 189932, "w": "上门", "sp": "Customer"}, {"p": 565, "c": 0.9, "s": 189932, "e": 190340, "w": "维修", "sp": "Customer"}, {"p": 566, "c": 0.9, "s": 190340, "e": 190543, "w": "的", "sp": "Customer"}, {"p": 567, "c": 0.9, "s": 190544, "e": 190952, "w": "师傅", "sp": "Customer"}, {"p": 568, "c": 0.9, "s": 190952, "e": 191155, "w": "就", "sp": "Customer"}, {"p": 569, "c": 0.9, "s": 191156, "e": 191564, "w": "这样", "sp": "Customer"}, {"p": 570, "c": 0.9, "s": 191564, "e": 191767, "w": "说", "sp": "Customer"}, {"p": 571, "c": 0.9, "s": 191767, "e": 191971, "w": "的", "sp": "Customer"}, {"p": 572, "c": 0.9, "s": 191971, "e": 192174, "w": "他", "sp": "Customer"}, {"p": 573, "c": 0.9, "s": 192175, "e": 192379, "w": "说", "sp": "Customer"}, {"p": 574, "c": 0.9, "s": 192379, "e": 192787, "w": "如果", "sp": "Customer"}, {"p": 575, "c": 0.9, "s": 192787, "e": 193195, "w": "要是", "sp": "Customer"}, {"p": 576, "c": 0.9, "s": 193195, "e": 193603, "w": "我们", "sp": "Customer"}, {"p": 577, "c": 0.9, "s": 193603, "e": 194011, "w": "安装", "sp": "Customer"}, {"p": 578, "c": 0.9, "s": 194011, "e": 194214, "w": "刚", "sp": "Customer"}, {"p": 579, "c": 0.9, "s": 194214, "e": 194622, "w": "开始", "sp": "Customer"}, {"p": 580, "c": 0.9, "s": 194622, "e": 195030, "w": "安装", "sp": "Customer"}, {"p": 581, "c": 0.9, "s": 195030, "e": 195234, "w": "出", "sp": "Customer"}, {"p": 582, "c": 0.9, "s": 195234, "e": 195437, "w": "了", "sp": "Customer"}, {"p": 583, "c": 0.9, "s": 195438, "e": 195846, "w": "问题", "sp": "Customer"}, {"p": 584, "c": 0.9, "s": 195846, "e": 196049, "w": "他", "sp": "Customer"}, {"p": 585, "c": 0.9, "s": 196050, "e": 196254, "w": "说", "sp": "Customer"}, {"p": 586, "c": 0.9, "s": 196254, "e": 196661, "w": "以后", "sp": "Customer"}, {"p": 587, "c": 0.9, "s": 196661, "e": 197069, "w": "就是", "sp": "Customer"}, {"p": 588, "c": 0.9, "s": 197069, "e": 197273, "w": "再", "sp": "Customer"}, {"p": 589, "c": 0.9, "s": 197273, "e": 197681, "w": "出现", "sp": "Customer"}, {"p": 590, "c": 0.9, "s": 197681, "e": 198089, "w": "这个", "sp": "Customer"}, {"p": 591, "c": 0.9, "s": 198089, "e": 198497, "w": "问题", "sp": "Customer"}, {"p": 592, "c": 0.9, "s": 198497, "e": 198700, "w": "也", "sp": "Customer"}, {"p": 593, "c": 0.9, "s": 198701, "e": 198905, "w": "是", "sp": "Customer"}, {"p": 594, "c": 0.9, "s": 198905, "e": 199312, "w": "我们", "sp": "Customer"}, {"p": 595, "c": 0.9, "s": 199312, "e": 199515, "w": "的", "sp": "Customer"}, {"p": 596, "c": 0.9, "s": 199516, "e": 199924, "w": "原因", "sp": "Customer"}, {"p": 597, "c": 0.9, "s": 199924, "e": 200332, "w": "不是", "sp": "Customer"}, {"p": 598, "c": 0.9, "s": 200332, "e": 200536, "w": "你", "sp": "Customer"}, {"p": 599, "c": 0.9, "s": 200536, "e": 200739, "w": "的", "sp": "Customer"}, {"p": 600, "c": 0.9, "s": 200740, "e": 201148, "w": "原因", "sp": "Customer"}, {"p": 601, "c": 0.9, "s": 201148, "e": 201555, "w": "不是", "sp": "Customer"}, {"p": 602, "c": 0.9, "s": 201555, "e": 201758, "w": "在", "sp": "Customer"}, {"p": 603, "c": 0.9, "s": 201759, "e": 202167, "w": "使用", "sp": "Customer"}, {"p": 604, "c": 0.9, "s": 202167, "e": 202575, "w": "过程", "sp": "Customer"}, {"p": 605, "c": 0.9, "s": 202575, "e": 202778, "w": "中", "sp": "Customer"}, {"p": 606, "c": 0.9, "s": 202779, "e": 202983, "w": "坏", "sp": "Customer"}, {"p": 607, "c": 0.9, "s": 202983, "e": 203187, "w": "的", "sp": "Customer"}, {"p": 608, "c": 0.9, "s": 203187, "e": 203390, "w": "是", "sp": "Customer"}, {"p": 609, "c": 0.9, "s": 203391, "e": 203595, "w": "刚", "sp": "Customer"}, {"p": 610, "c": 0.9, "s": 203595, "e": 204002, "w": "开始", "sp": "Customer"}, {"p": 611, "c": 0.9, "s": 204002, "e": 204410, "w": "使用", "sp": "Customer"}, {"p": 612, "c": 0.9, "s": 204410, "e": 204614, "w": "的", "sp": "Customer"}, {"p": 613, "c": 0.9, "s": 204614, "e": 205022, "w": "时候", "sp": "Customer"}, {"p": 614, "c": 0.9, "s": 205022, "e": 205430, "w": "就是", "sp": "Customer"}, {"p": 615, "c": 0.9, "s": 205430, "e": 205633, "w": "你", "sp": "Customer"}, {"p": 616, "c": 0.9, "s": 205634, "e": 205838, "w": "没", "sp": "Customer"}, {"p": 617, "c": 0.9, "s": 205838, "e": 206246, "w": "安装", "sp": "Customer"}, {"p": 618, "c": 0.9, "s": 206246, "e": 206450, "w": "好", "sp": "Customer"}, {"p": 619, "c": 0.9, "s": 206750, "e": 206977, "w": "你", "sp": "Customer"}, {"p": 620, "c": 0.9, "s": 206840, "e": 207039, "w": "好", "sp": "Agent"}, {"p": 621, "c": 0.9, "s": 206977, "e": 207205, "w": "懂", "sp": "Customer"}, {"p": 622, "c": 0.9, "s": 207039, "e": 207238, "w": "那", "sp": "Agent"}, {"p": 623, "c": 0.9, "s": 207205, "e": 207432, "w": "我", "sp": "Customer"}, {"p": 624, "c": 0.9, "s": 207238, "e": 207437, "w": "您", "sp": "Agent"}, {"p": 625, "c": 0.9, "s": 207432, "e": 207887, "w": "这个", "sp": "Customer"}, {"p": 626, "c": 0.9, "s": 207437, "e": 207636, "w": "把", "sp": "Agent"}, {"p": 627, "c": 0.9, "s": 207636, "e": 207836, "w": "您", "sp": "Agent"}, {"p": 628, "c": 0.9, "s": 207836, "e": 208035, "w": "的", "sp": "Agent"}, {"p": 629, "c": 0.9, "s": 207887, "e": 208342, "w": "意思", "sp": "Customer"}, {"p": 630, "c": 0.9, "s": 208035, "e": 208234, "w": "是", "sp": "Agent"}, {"p": 631, "c": 0.9, "s": 208234, "e": 208633, "w": "来电", "sp": "Agent"}, {"p": 632, "c": 0.9, "s": 208342, "e": 208569, "w": "吗", "sp": "Customer"}, {"p": 633, "c": 0.9, "s": 208633, "e": 209030, "w": "号码", "sp": "Agent"}, {"p": 634, "c": 0.9, "s": 209031, "e": 209230, "w": "报", "sp": "Agent"}, {"p": 635, "c": 0.9, "s": 209230, "e": 209629, "w": "一下", "sp": "Agent"}, {"p": 636, "c": 0.9, "s": 209629, "e": 209828, "w": "我", "sp": "Agent"}, {"p": 637, "c": 0.9, "s": 209828, "e": 210027, "w": "查", "sp": "Agent"}, {"p": 638, "c": 0.9, "s": 210027, "e": 210426, "w": "一下", "sp": "Agent"}, {"p": 639, "c": 0.9, "s": 210426, "e": 210625, "w": "您", "sp": "Agent"}, {"p": 640, "c": 0.9, "s": 210625, "e": 211023, "w": "之前", "sp": "Agent"}, {"p": 641, "c": 0.9, "s": 211023, "e": 211222, "w": "的", "sp": "Agent"}, {"p": 642, "c": 0.9, "s": 211223, "e": 211621, "w": "单子", "sp": "Agent"}, {"p": 643, "c": 0.9, "s": 211621, "e": 211820, "w": "好", "sp": "Agent"}, {"p": 644, "c": 0.9, "s": 211820, "e": 212020, "w": "吗", "sp": "Agent"}, {"p": 645, "c": 0.9, "s": 212210, "e": 212690, "w": "幺", "sp": "Customer"}, {"p": 646, "c": 0.9, "s": 212690, "e": 213650, "w": "三三", "sp": "Customer"}, {"p": 647, "c": 0.9, "s": 213630, "e": 214730, "w": "嗯", "sp": "Agent"}, {"p": 648, "c": 0.9, "s": 215190, "e": 215653, "w": "幺", "sp": "Customer"}, {"p": 649, "c": 0.9, "s": 215653, "e": 216116, "w": "七", "sp": "Customer"}, {"p": 650, "c": 0.9, "s": 216116, "e": 216580, "w": "幺", "sp": "Customer"}, {"p": 651, "c": 0.9, "s": 216750, "e": 217780, "w": "嗯", "sp": "Agent"}, {"p": 652, "c": 0.9, "s": 218340, "e": 218676, "w": "零", "sp": "Customer"}, {"p": 653, "c": 0.9, "s": 218676, "e": 219012, "w": "二", "sp": "Customer"}, {"p": 654, "c": 0.9, "s": 219012, "e": 219347, "w": "幺", "sp": "Customer"}, {"p": 655, "c": 0.9, "s": 219348, "e": 219684, "w": "七", "sp": "Customer"}, {"p": 656, "c": 0.9, "s": 219684, "e": 220020, "w": "幺", "sp": "Customer"}, {"p": 657, "c": 0.9, "s": 220910, "e": 221153, "w": "好", "sp": "Agent"}, {"p": 658, "c": 0.9, "s": 221153, "e": 221397, "w": "您", "sp": "Agent"}, {"p": 659, "c": 0.9, "s": 221397, "e": 221640, "w": "稍", "sp": "Agent"}, {"p": 660, "c": 0.9, "s": 221640, "e": 221884, "w": "等", "sp": "Agent"}, {"p": 661, "c": 0.9, "s": 221884, "e": 222371, "w": "一下", "sp": "Agent"}, {"p": 662, "c": 0.9, "s": 222371, "e": 222615, "w": "我", "sp": "Agent"}, {"p": 663, "c": 0.9, "s": 222615, "e": 223102, "w": "查询", "sp": "Agent"}, {"p": 664, "c": 0.9, "s": 223102, "e": 223590, "w": "一下", "sp": "Agent"}, {"p": 665, "c": 0.9, "s": 223690, "e": 224700, "w": "嗯", "sp": "Customer"}, {"p": 666, "c": 0.9, "s": 227360, "e": 228275, "w": "不好意思", "sp": "Agent"}, {"p": 667, "c": 0.9, "s": 228275, "e": 228504, "w": "请", "sp": "Agent"}, {"p": 668, "c": 0.9, "s": 228504, "e": 228733, "w": "稍", "sp": "Agent"}, {"p": 669, "c": 0.9, "s": 228733, "e": 228962, "w": "等", "sp": "Agent"}, {"p": 670, "c": 0.9, "s": 228962, "e": 229420, "w": "一下", "sp": "Agent"}, {"p": 671, "c": 0.9, "s": 232620, "e": 232849, "w": "查", "sp": "Agent"}, {"p": 672, "c": 0.9, "s": 232850, "e": 233081, "w": "到", "sp": "Agent"}, {"p": 673, "c": 0.9, "s": 233081, "e": 233312, "w": "呢", "sp": "Agent"}, {"p": 674, "c": 0.9, "s": 233312, "e": 233543, "w": "应", "sp": "Agent"}, {"p": 675, "c": 0.9, "s": 233543, "e": 234004, "w": "该是", "sp": "Agent"}, {"p": 676, "c": 0.9, "s": 234004, "e": 234235, "w": "在", "sp": "Agent"}, {"p": 677, "c": 0.9, "s": 234235, "e": 234697, "w": "去年", "sp": "Agent"}, {"p": 678, "c": 0.9, "s": 234697, "e": 234928, "w": "的", "sp": "Agent"}, {"p": 679, "c": 0.9, "s": 234928, "e": 235620, "w": "四月份", "sp": "Agent"}, {"p": 680, "c": 0.9, "s": 235620, "e": 235851, "w": "有", "sp": "Agent"}, {"p": 681, "c": 0.9, "s": 235851, "e": 236082, "w": "过", "sp": "Agent"}, {"p": 682, "c": 0.9, "s": 236082, "e": 236543, "w": "一次", "sp": "Agent"}, {"p": 683, "c": 0.9, "s": 236543, "e": 237005, "w": "报修", "sp": "Agent"}, {"p": 684, "c": 0.9, "s": 237005, "e": 237697, "w": "湖北省", "sp": "Agent"}, {"p": 685, "c": 0.9, "s": 237697, "e": 238390, "w": "武汉市", "sp": "Agent"}, {"p": 686, "c": 0.9, "s": 238390, "e": 238851, "w": "武昌", "sp": "Agent"}, {"p": 687, "c": 0.9, "s": 238851, "e": 239082, "w": "区", "sp": "Agent"}, {"p": 688, "c": 0.9, "s": 239082, "e": 239544, "w": "徐家", "sp": "Agent"}, {"p": 689, "c": 0.9, "s": 239544, "e": 239774, "w": "棚", "sp": "Agent"}, {"p": 690, "c": 0.9, "s": 239774, "e": 240236, "w": "新城", "sp": "Agent"}, {"p": 691, "c": 0.9, "s": 240236, "e": 240467, "w": "江", "sp": "Agent"}, {"p": 692, "c": 0.9, "s": 240467, "e": 240928, "w": "滨江", "sp": "Agent"}, {"p": 693, "c": 0.9, "s": 240928, "e": 241390, "w": "花园", "sp": "Agent"}, {"p": 694, "c": 0.9, "s": 241390, "e": 241621, "w": "六", "sp": "Agent"}, {"p": 695, "c": 0.9, "s": 241621, "e": 241852, "w": "栋", "sp": "Agent"}, {"p": 696, "c": 0.9, "s": 241630, "e": 242720, "w": "对", "sp": "Customer"}, {"p": 697, "c": 0.9, "s": 241852, "e": 242082, "w": "二", "sp": "Agent"}, {"p": 698, "c": 0.9, "s": 242082, "e": 242544, "w": "单元", "sp": "Agent"}, {"p": 699, "c": 0.9, "s": 242544, "e": 242775, "w": "三", "sp": "Agent"}, {"p": 700, "c": 0.9, "s": 242775, "e": 243006, "w": "幺", "sp": "Agent"}, {"p": 701, "c": 0.9, "s": 243000, "e": 243187, "w": "对", "sp": "Customer"}, {"p": 702, "c": 0.9, "s": 243006, "e": 243236, "w": "零", "sp": "Agent"}, {"p": 703, "c": 0.9, "s": 243187, "e": 243562, "w": "去年", "sp": "Customer"}, {"p": 704, "c": 0.9, "s": 243236, "e": 243698, "w": "三室", "sp": "Agent"}, {"p": 705, "c": 0.9, "s": 243562, "e": 244125, "w": "四月份", "sp": "Customer"}, {"p": 706, "c": 0.9, "s": 243698, "e": 243929, "w": "对", "sp": "Agent"}, {"p": 707, "c": 0.9, "s": 243929, "e": 244160, "w": "吧", "sp": "Agent"}, {"p": 708, "c": 0.9, "s": 244125, "e": 244500, "w": "报修", "sp": "Customer"}, {"p": 709, "c": 0.9, "s": 244500, "e": 244876, "w": "前年", "sp": "Customer"}, {"p": 710, "c": 0.9, "s": 244876, "e": 245063, "w": "也", "sp": "Customer"}, {"p": 711, "c": 0.9, "s": 245063, "e": 245251, "w": "曝", "sp": "Customer"}, {"p": 712, "c": 0.9, "s": 245251, "e": 245438, "w": "修", "sp": "Customer"}, {"p": 713, "c": 0.9, "s": 245438, "e": 245626, "w": "刚", "sp": "Customer"}, {"p": 714, "c": 0.9, "s": 245626, "e": 246001, "w": "反正", "sp": "Customer"}, {"p": 715, "c": 0.9, "s": 246001, "e": 246189, "w": "每", "sp": "Customer"}, {"p": 716, "c": 0.9, "s": 246189, "e": 246564, "w": "一年", "sp": "Customer"}, {"p": 717, "c": 0.9, "s": 246564, "e": 246752, "w": "我", "sp": "Customer"}, {"p": 718, "c": 0.9, "s": 246752, "e": 247127, "w": "就是", "sp": "Customer"}, {"p": 719, "c": 0.9, "s": 247127, "e": 247315, "w": "刚", "sp": "Customer"}, {"p": 720, "c": 0.9, "s": 247315, "e": 247690, "w": "开始", "sp": "Customer"}, {"p": 721, "c": 0.9, "s": 247690, "e": 247877, "w": "还", "sp": "Customer"}, {"p": 722, "c": 0.9, "s": 247877, "e": 248065, "w": "没", "sp": "Customer"}, {"p": 723, "c": 0.9, "s": 248065, "e": 248440, "w": "开始", "sp": "Customer"}, {"p": 724, "c": 0.9, "s": 248440, "e": 248628, "w": "用", "sp": "Customer"}, {"p": 725, "c": 0.9, "s": 248628, "e": 248816, "w": "的", "sp": "Customer"}, {"p": 726, "c": 0.9, "s": 248816, "e": 249191, "w": "时候", "sp": "Customer"}, {"p": 727, "c": 0.9, "s": 249191, "e": 249566, "w": "我们", "sp": "Customer"}, {"p": 728, "c": 0.9, "s": 249566, "e": 249754, "w": "家", "sp": "Customer"}, {"p": 729, "c": 0.9, "s": 249754, "e": 250129, "w": "房子", "sp": "Customer"}, {"p": 730, "c": 0.9, "s": 250129, "e": 250316, "w": "还", "sp": "Customer"}, {"p": 731, "c": 0.9, "s": 250316, "e": 250504, "w": "没", "sp": "Customer"}, {"p": 732, "c": 0.9, "s": 250504, "e": 250692, "w": "装", "sp": "Customer"}, {"p": 733, "c": 0.9, "s": 250692, "e": 250879, "w": "还", "sp": "Customer"}, {"p": 734, "c": 0.9, "s": 250879, "e": 251067, "w": "没", "sp": "Customer"}, {"p": 735, "c": 0.9, "s": 251067, "e": 251255, "w": "还", "sp": "Customer"}, {"p": 736, "c": 0.9, "s": 251255, "e": 251442, "w": "没", "sp": "Customer"}, {"p": 737, "c": 0.9, "s": 251442, "e": 251817, "w": "等于", "sp": "Customer"}, {"p": 738, "c": 0.9, "s": 251817, "e": 252193, "w": "就是", "sp": "Customer"}, {"p": 739, "c": 0.9, "s": 252193, "e": 252379, "w": "我", "sp": "Customer"}, {"p": 740, "c": 0.9, "s": 252380, "e": 252568, "w": "我", "sp": "Customer"}, {"p": 741, "c": 0.9, "s": 252568, "e": 252754, "w": "我", "sp": "Customer"}, {"p": 742, "c": 0.9, "s": 252755, "e": 252943, "w": "本", "sp": "Customer"}, {"p": 743, "c": 0.9, "s": 252943, "e": 253131, "w": "我", "sp": "Customer"}, {"p": 744, "c": 0.9, "s": 253131, "e": 253506, "w": "那个", "sp": "Customer"}, {"p": 745, "c": 0.9, "s": 253506, "e": 253881, "w": "安装", "sp": "Customer"}, {"p": 746, "c": 0.9, "s": 253881, "e": 254069, "w": "的", "sp": "Customer"}, {"p": 747, "c": 0.9, "s": 254069, "e": 254256, "w": "是", "sp": "Customer"}, {"p": 748, "c": 0.9, "s": 254256, "e": 254632, "w": "新家", "sp": "Customer"}, {"p": 749, "c": 0.9, "s": 254632, "e": 255007, "w": "我们", "sp": "Customer"}, {"p": 750, "c": 0.9, "s": 255007, "e": 255194, "w": "家", "sp": "Customer"}, {"p": 751, "c": 0.9, "s": 255194, "e": 255382, "w": "还", "sp": "Customer"}, {"p": 752, "c": 0.9, "s": 255382, "e": 255570, "w": "没", "sp": "Customer"}, {"p": 753, "c": 0.9, "s": 255570, "e": 255757, "w": "搬", "sp": "Customer"}, {"p": 754, "c": 0.9, "s": 255757, "e": 256132, "w": "过来", "sp": "Customer"}, {"p": 755, "c": 0.9, "s": 256131, "e": 256319, "w": "的", "sp": "Customer"}, {"p": 756, "c": 0.9, "s": 256320, "e": 256695, "w": "时候", "sp": "Customer"}, {"p": 757, "c": 0.9, "s": 256695, "e": 256883, "w": "我", "sp": "Customer"}, {"p": 758, "c": 0.9, "s": 256883, "e": 257258, "w": "试用", "sp": "Customer"}, {"p": 759, "c": 0.9, "s": 257258, "e": 257633, "w": "那个", "sp": "Customer"}, {"p": 760, "c": 0.9, "s": 257633, "e": 258009, "w": "空调", "sp": "Customer"}, {"p": 761, "c": 0.9, "s": 258009, "e": 258384, "w": "时候", "sp": "Customer"}, {"p": 762, "c": 0.9, "s": 258384, "e": 258571, "w": "就", "sp": "Customer"}, {"p": 763, "c": 0.9, "s": 258571, "e": 258947, "w": "发现", "sp": "Customer"}, {"p": 764, "c": 0.9, "s": 258946, "e": 259321, "w": "这个", "sp": "Customer"}, {"p": 765, "c": 0.9, "s": 259321, "e": 259509, "w": "雨", "sp": "Customer"}, {"p": 766, "c": 0.9, "s": 259880, "e": 260118, "w": "还", "sp": "Customer"}, {"p": 767, "c": 0.9, "s": 260118, "e": 260357, "w": "没", "sp": "Customer"}, {"p": 768, "c": 0.9, "s": 260260, "e": 260479, "w": "好", "sp": "Agent"}, {"p": 769, "c": 0.9, "s": 260357, "e": 260834, "w": "开始", "sp": "Customer"}, {"p": 770, "c": 0.9, "s": 260479, "e": 260698, "w": "那", "sp": "Agent"}, {"p": 771, "c": 0.9, "s": 260698, "e": 260918, "w": "您", "sp": "Agent"}, {"p": 772, "c": 0.9, "s": 260834, "e": 261311, "w": "使用", "sp": "Customer"}, {"p": 773, "c": 0.9, "s": 260918, "e": 261137, "w": "说", "sp": "Agent"}, {"p": 774, "c": 0.9, "s": 261137, "e": 261357, "w": "的", "sp": "Agent"}, {"p": 775, "c": 0.9, "s": 261312, "e": 261790, "w": "这回", "sp": "Customer"}, {"p": 776, "c": 0.9, "s": 261357, "e": 261795, "w": "这个", "sp": "Agent"}, {"p": 777, "c": 0.9, "s": 261795, "e": 262235, "w": "就是", "sp": "Agent"}, {"p": 778, "c": 0.9, "s": 262235, "e": 262673, "w": "上门", "sp": "Agent"}, {"p": 779, "c": 0.9, "s": 262674, "e": 262893, "w": "的", "sp": "Agent"}, {"p": 780, "c": 0.9, "s": 262893, "e": 263332, "w": "师傅", "sp": "Agent"}, {"p": 781, "c": 0.9, "s": 263332, "e": 263551, "w": "说", "sp": "Agent"}, {"p": 782, "c": 0.9, "s": 263551, "e": 263771, "w": "呃", "sp": "Agent"}, {"p": 783, "c": 0.9, "s": 263771, "e": 264210, "w": "如果", "sp": "Agent"}, {"p": 784, "c": 0.9, "s": 264210, "e": 264429, "w": "是", "sp": "Agent"}, {"p": 785, "c": 0.9, "s": 264429, "e": 264867, "w": "这个", "sp": "Agent"}, {"p": 786, "c": 0.9, "s": 264868, "e": 265307, "w": "安装", "sp": "Agent"}, {"p": 787, "c": 0.9, "s": 265307, "e": 265746, "w": "问题", "sp": "Agent"}, {"p": 788, "c": 0.9, "s": 265746, "e": 265965, "w": "是", "sp": "Agent"}, {"p": 789, "c": 0.9, "s": 265965, "e": 266404, "w": "可以", "sp": "Agent"}, {"p": 790, "c": 0.9, "s": 266404, "e": 266843, "w": "继续", "sp": "Agent"}, {"p": 791, "c": 0.9, "s": 266843, "e": 267281, "w": "保修", "sp": "Agent"}, {"p": 792, "c": 0.9, "s": 267282, "e": 267502, "w": "的", "sp": "Agent"}, {"p": 793, "c": 0.9, "s": 267502, "e": 267940, "w": "这个", "sp": "Agent"}, {"p": 794, "c": 0.9, "s": 267940, "e": 268379, "w": "师傅", "sp": "Agent"}, {"p": 795, "c": 0.9, "s": 268379, "e": 268599, "w": "是", "sp": "Agent"}, {"p": 796, "c": 0.9, "s": 268599, "e": 268818, "w": "指", "sp": "Agent"}, {"p": 797, "c": 0.9, "s": 268818, "e": 269257, "w": "这个", "sp": "Agent"}, {"p": 798, "c": 0.9, "s": 269257, "e": 269477, "w": "二", "sp": "Agent"}, {"p": 799, "c": 0.9, "s": 269477, "e": 269916, "w": "一年", "sp": "Agent"}, {"p": 800, "c": 0.9, "s": 269916, "e": 270573, "w": "四月份", "sp": "Agent"}, {"p": 801, "c": 0.9, "s": 270574, "e": 271013, "w": "上门", "sp": "Agent"}, {"p": 802, "c": 0.9, "s": 271013, "e": 271232, "w": "的", "sp": "Agent"}, {"p": 803, "c": 0.9, "s": 271232, "e": 271671, "w": "这个", "sp": "Agent"}, {"p": 804, "c": 0.9, "s": 271671, "e": 272110, "w": "师傅", "sp": "Agent"}, {"p": 805, "c": 0.9, "s": 272110, "e": 272330, "w": "吗", "sp": "Agent"}, {"p": 806, "c": 0.9, "s": 272910, "e": 273098, "w": "二", "sp": "Customer"}, {"p": 807, "c": 0.9, "s": 273098, "e": 273474, "w": "一年", "sp": "Customer"}, {"p": 808, "c": 0.9, "s": 273474, "e": 273662, "w": "的", "sp": "Customer"}, {"p": 809, "c": 0.9, "s": 273662, "e": 274225, "w": "四月份", "sp": "Customer"}, {"p": 810, "c": 0.9, "s": 274226, "e": 274414, "w": "的", "sp": "Customer"}, {"p": 811, "c": 0.9, "s": 274414, "e": 274790, "w": "时候", "sp": "Customer"}, {"p": 812, "c": 0.9, "s": 274790, "e": 275166, "w": "师傅", "sp": "Customer"}, {"p": 813, "c": 0.9, "s": 275166, "e": 275353, "w": "也", "sp": "Customer"}, {"p": 814, "c": 0.9, "s": 275354, "e": 275542, "w": "说", "sp": "Customer"}, {"p": 815, "c": 0.9, "s": 275542, "e": 275729, "w": "了", "sp": "Customer"}, {"p": 816, "c": 0.9, "s": 275730, "e": 275918, "w": "他", "sp": "Customer"}, {"p": 817, "c": 0.9, "s": 275918, "e": 276106, "w": "说", "sp": "Customer"}, {"p": 818, "c": 0.9, "s": 276106, "e": 276482, "w": "如果", "sp": "Customer"}, {"p": 819, "c": 0.9, "s": 276482, "e": 276858, "w": "要是", "sp": "Customer"}, {"p": 820, "c": 0.9, "s": 276858, "e": 277234, "w": "安装", "sp": "Customer"}, {"p": 821, "c": 0.9, "s": 277234, "e": 277422, "w": "是", "sp": "Customer"}, {"p": 822, "c": 0.9, "s": 277422, "e": 277798, "w": "我们", "sp": "Customer"}, {"p": 823, "c": 0.9, "s": 277798, "e": 277986, "w": "的", "sp": "Customer"}, {"p": 824, "c": 0.9, "s": 277986, "e": 278173, "w": "他", "sp": "Customer"}, {"p": 825, "c": 0.9, "s": 278174, "e": 278362, "w": "说", "sp": "Customer"}, {"p": 826, "c": 0.9, "s": 278362, "e": 278738, "w": "大厅", "sp": "Customer"}, {"p": 827, "c": 0.9, "s": 278738, "e": 278926, "w": "都", "sp": "Customer"}, {"p": 828, "c": 0.9, "s": 278926, "e": 279113, "w": "有", "sp": "Customer"}, {"p": 829, "c": 0.9, "s": 279114, "e": 279490, "w": "这个", "sp": "Customer"}, {"p": 830, "c": 0.9, "s": 279490, "e": 279867, "w": "记载", "sp": "Customer"}, {"p": 831, "c": 0.9, "s": 279867, "e": 280243, "w": "就是", "sp": "Customer"}, {"p": 832, "c": 0.9, "s": 280243, "e": 280431, "w": "他", "sp": "Customer"}, {"p": 833, "c": 0.9, "s": 280431, "e": 280619, "w": "说", "sp": "Customer"}, {"p": 834, "c": 0.9, "s": 280619, "e": 280806, "w": "每", "sp": "Customer"}, {"p": 835, "c": 0.9, "s": 280807, "e": 281183, "w": "一次", "sp": "Customer"}, {"p": 836, "c": 0.9, "s": 281183, "e": 281559, "w": "报销", "sp": "Customer"}, {"p": 837, "c": 0.9, "s": 281559, "e": 281746, "w": "都", "sp": "Customer"}, {"p": 838, "c": 0.9, "s": 281747, "e": 281935, "w": "有", "sp": "Customer"}, {"p": 839, "c": 0.9, "s": 281935, "e": 282311, "w": "记载", "sp": "Customer"}, {"p": 840, "c": 0.9, "s": 282311, "e": 282687, "w": "如果", "sp": "Customer"}, {"p": 841, "c": 0.9, "s": 282687, "e": 283063, "w": "要是", "sp": "Customer"}, {"p": 842, "c": 0.9, "s": 283063, "e": 283439, "w": "还是", "sp": "Customer"}, {"p": 843, "c": 0.9, "s": 283439, "e": 283815, "w": "这个", "sp": "Customer"}, {"p": 844, "c": 0.9, "s": 283815, "e": 284191, "w": "问题", "sp": "Customer"}, {"p": 845, "c": 0.9, "s": 284191, "e": 284379, "w": "坏", "sp": "Customer"}, {"p": 846, "c": 0.9, "s": 284379, "e": 284755, "w": "的话", "sp": "Customer"}, {"p": 847, "c": 0.9, "s": 284755, "e": 285131, "w": "肯定", "sp": "Customer"}, {"p": 848, "c": 0.9, "s": 285131, "e": 285507, "w": "不会", "sp": "Customer"}, {"p": 849, "c": 0.9, "s": 285507, "e": 285694, "w": "收", "sp": "Customer"}, {"p": 850, "c": 0.9, "s": 285695, "e": 285883, "w": "你", "sp": "Customer"}, {"p": 851, "c": 0.9, "s": 285883, "e": 286070, "w": "的", "sp": "Customer"}, {"p": 852, "c": 0.9, "s": 286071, "e": 286260, "w": "钱", "sp": "Customer"}, {"p": 853, "c": 0.9, "s": 287420, "e": 287622, "w": "好", "sp": "Agent"}, {"p": 854, "c": 0.9, "s": 287622, "e": 287825, "w": "的", "sp": "Agent"}, {"p": 855, "c": 0.9, "s": 287825, "e": 288230, "w": "了解", "sp": "Agent"}, {"p": 856, "c": 0.9, "s": 288230, "e": 288432, "w": "了", "sp": "Agent"}, {"p": 857, "c": 0.9, "s": 288432, "e": 288635, "w": "那", "sp": "Agent"}, {"p": 858, "c": 0.9, "s": 288635, "e": 288837, "w": "我", "sp": "Agent"}, {"p": 859, "c": 0.9, "s": 288837, "e": 289040, "w": "帮", "sp": "Agent"}, {"p": 860, "c": 0.9, "s": 289040, "e": 289243, "w": "您", "sp": "Agent"}, {"p": 861, "c": 0.9, "s": 289243, "e": 289445, "w": "把", "sp": "Agent"}, {"p": 862, "c": 0.9, "s": 289445, "e": 289850, "w": "这个", "sp": "Agent"}, {"p": 863, "c": 0.9, "s": 289850, "e": 290255, "w": "情况", "sp": "Agent"}, {"p": 864, "c": 0.9, "s": 290255, "e": 290458, "w": "呢", "sp": "Agent"}, {"p": 865, "c": 0.9, "s": 290458, "e": 290660, "w": "给", "sp": "Agent"}, {"p": 866, "c": 0.9, "s": 290660, "e": 290863, "w": "您", "sp": "Agent"}, {"p": 867, "c": 0.9, "s": 290863, "e": 291268, "w": "进行", "sp": "Agent"}, {"p": 868, "c": 0.9, "s": 291268, "e": 291673, "w": "反馈", "sp": "Agent"}, {"p": 869, "c": 0.9, "s": 291673, "e": 292078, "w": "然后", "sp": "Agent"}, {"p": 870, "c": 0.9, "s": 292078, "e": 292281, "w": "让", "sp": "Agent"}, {"p": 871, "c": 0.9, "s": 292281, "e": 292686, "w": "我们", "sp": "Agent"}, {"p": 872, "c": 0.9, "s": 292686, "e": 292889, "w": "的", "sp": "Agent"}, {"p": 873, "c": 0.9, "s": 292889, "e": 293294, "w": "上级", "sp": "Agent"}, {"p": 874, "c": 0.9, "s": 293294, "e": 293699, "w": "部门", "sp": "Agent"}, {"p": 875, "c": 0.9, "s": 293699, "e": 294104, "w": "这边", "sp": "Agent"}, {"p": 876, "c": 0.9, "s": 294104, "e": 294307, "w": "呢", "sp": "Agent"}, {"p": 877, "c": 0.9, "s": 294307, "e": 294509, "w": "先", "sp": "Agent"}, {"p": 878, "c": 0.9, "s": 294509, "e": 294914, "w": "核实", "sp": "Agent"}, {"p": 879, "c": 0.9, "s": 294914, "e": 295319, "w": "一下", "sp": "Agent"}, {"p": 880, "c": 0.9, "s": 295319, "e": 295725, "w": "这个", "sp": "Agent"}, {"p": 881, "c": 0.9, "s": 295725, "e": 296130, "w": "情况", "sp": "Agent"}, {"p": 882, "c": 0.9, "s": 296130, "e": 296535, "w": "然后", "sp": "Agent"}, {"p": 883, "c": 0.9, "s": 296535, "e": 296940, "w": "我们", "sp": "Agent"}, {"p": 884, "c": 0.9, "s": 296940, "e": 297142, "w": "给", "sp": "Agent"}, {"p": 885, "c": 0.9, "s": 297142, "e": 297345, "w": "您", "sp": "Agent"}, {"p": 886, "c": 0.9, "s": 297345, "e": 297750, "w": "这个", "sp": "Agent"}, {"p": 887, "c": 0.9, "s": 297750, "e": 297953, "w": "幺", "sp": "Agent"}, {"p": 888, "c": 0.9, "s": 297953, "e": 298358, "w": "三三", "sp": "Agent"}, {"p": 889, "c": 0.9, "s": 298358, "e": 298560, "w": "幺", "sp": "Agent"}, {"p": 890, "c": 0.9, "s": 298560, "e": 298763, "w": "七", "sp": "Agent"}, {"p": 891, "c": 0.9, "s": 298763, "e": 298965, "w": "幺", "sp": "Agent"}, {"p": 892, "c": 0.9, "s": 298965, "e": 299168, "w": "零", "sp": "Agent"}, {"p": 893, "c": 0.9, "s": 299168, "e": 299371, "w": "二", "sp": "Agent"}, {"p": 894, "c": 0.9, "s": 299371, "e": 299573, "w": "幺", "sp": "Agent"}, {"p": 895, "c": 0.9, "s": 299573, "e": 299776, "w": "七", "sp": "Agent"}, {"p": 896, "c": 0.9, "s": 299776, "e": 299978, "w": "幺", "sp": "Agent"}, {"p": 897, "c": 0.9, "s": 299978, "e": 300181, "w": "的", "sp": "Agent"}, {"p": 898, "c": 0.9, "s": 300181, "e": 300586, "w": "号码", "sp": "Agent"}, {"p": 899, "c": 0.9, "s": 300586, "e": 300991, "w": "回电", "sp": "Agent"}, {"p": 900, "c": 0.9, "s": 300991, "e": 301194, "w": "跟", "sp": "Agent"}, {"p": 901, "c": 0.9, "s": 301194, "e": 301396, "w": "您", "sp": "Agent"}, {"p": 902, "c": 0.9, "s": 301396, "e": 301801, "w": "沟通", "sp": "Agent"}, {"p": 903, "c": 0.9, "s": 301801, "e": 302206, "w": "具体", "sp": "Agent"}, {"p": 904, "c": 0.9, "s": 302206, "e": 303017, "w": "解决方案", "sp": "Agent"}, {"p": 905, "c": 0.9, "s": 303017, "e": 303219, "w": "您", "sp": "Agent"}, {"p": 906, "c": 0.9, "s": 303219, "e": 303422, "w": "看", "sp": "Agent"}, {"p": 907, "c": 0.9, "s": 303422, "e": 303827, "w": "可以", "sp": "Agent"}, {"p": 908, "c": 0.9, "s": 303827, "e": 304030, "w": "吗", "sp": "Agent"}, {"p": 909, "c": 0.9, "s": 303970, "e": 304530, "w": "好", "sp": "Customer"}, {"p": 910, "c": 0.9, "s": 304530, "e": 305090, "w": "啊", "sp": "Customer"}, {"p": 911, "c": 0.9, "s": 305100, "e": 305300, "w": "嗯", "sp": "Agent"}, {"p": 912, "c": 0.9, "s": 305300, "e": 305500, "w": "好", "sp": "Agent"}, {"p": 913, "c": 0.9, "s": 305500, "e": 305900, "w": "确实", "sp": "Agent"}, {"p": 914, "c": 0.9, "s": 305900, "e": 306300, "w": "非常", "sp": "Agent"}, {"p": 915, "c": 0.9, "s": 306300, "e": 306699, "w": "抱歉", "sp": "Agent"}, {"p": 916, "c": 0.9, "s": 306700, "e": 306900, "w": "了", "sp": "Agent"}, {"p": 917, "c": 0.9, "s": 306710, "e": 307600, "w": "嗯", "sp": "Customer"}, {"p": 918, "c": 0.9, "s": 306900, "e": 307300, "w": "影响", "sp": "Agent"}, {"p": 919, "c": 0.9, "s": 307300, "e": 307500, "w": "到", "sp": "Agent"}, {"p": 920, "c": 0.9, "s": 307500, "e": 307700, "w": "您", "sp": "Agent"}, {"p": 921, "c": 0.9, "s": 307700, "e": 307900, "w": "您", "sp": "Agent"}, {"p": 922, "c": 0.9, "s": 307900, "e": 308300, "w": "放心", "sp": "Agent"}, {"p": 923, "c": 0.9, "s": 308240, "e": 309240, "w": "好", "sp": "Customer"}, {"p": 924, "c": 0.9, "s": 308300, "e": 308699, "w": "这边", "sp": "Agent"}, {"p": 925, "c": 0.9, "s": 308700, "e": 309100, "w": "我会", "sp": "Agent"}, {"p": 926, "c": 0.9, "s": 309100, "e": 309300, "w": "帮", "sp": "Agent"}, {"p": 927, "c": 0.9, "s": 309300, "e": 309500, "w": "您", "sp": "Agent"}, {"p": 928, "c": 0.9, "s": 309500, "e": 309900, "w": "加急", "sp": "Agent"}, {"p": 929, "c": 0.9, "s": 309900, "e": 310300, "w": "反馈", "sp": "Agent"}, {"p": 930, "c": 0.9, "s": 310300, "e": 310500, "w": "也", "sp": "Agent"}, {"p": 931, "c": 0.9, "s": 310500, "e": 310700, "w": "会", "sp": "Agent"}, {"p": 932, "c": 0.9, "s": 310700, "e": 311100, "w": "尽快", "sp": "Agent"}, {"p": 933, "c": 0.9, "s": 311100, "e": 311300, "w": "给", "sp": "Agent"}, {"p": 934, "c": 0.9, "s": 311300, "e": 311500, "w": "您", "sp": "Agent"}, {"p": 935, "c": 0.9, "s": 311500, "e": 311900, "w": "取得", "sp": "Agent"}, {"p": 936, "c": 0.9, "s": 311900, "e": 312300, "w": "联系", "sp": "Agent"}, {"p": 937, "c": 0.9, "s": 312300, "e": 312500, "w": "的", "sp": "Agent"}, {"p": 938, "c": 0.9, "s": 312500, "e": 312700, "w": "好", "sp": "Agent"}, {"p": 939, "c": 0.9, "s": 312550, "e": 313112, "w": "好好", "sp": "Customer"}, {"p": 940, "c": 0.9, "s": 312700, "e": 312900, "w": "吗", "sp": "Agent"}, {"p": 941, "c": 0.9, "s": 313112, "e": 313675, "w": "好好", "sp": "Customer"}, {"p": 942, "c": 0.9, "s": 313650, "e": 313863, "w": "嗯", "sp": "Agent"}, {"p": 943, "c": 0.9, "s": 313675, "e": 314237, "w": "好好", "sp": "Customer"}, {"p": 944, "c": 0.9, "s": 313863, "e": 314289, "w": "真是", "sp": "Agent"}, {"p": 945, "c": 0.9, "s": 314238, "e": 314801, "w": "好好", "sp": "Customer"}, {"p": 946, "c": 0.9, "s": 314289, "e": 315141, "w": "不好意思", "sp": "Agent"}, {"p": 947, "c": 0.9, "s": 314801, "e": 315363, "w": "谢谢", "sp": "Customer"}, {"p": 948, "c": 0.9, "s": 315141, "e": 315354, "w": "了", "sp": "Agent"}, {"p": 949, "c": 0.9, "s": 315354, "e": 315567, "w": "您", "sp": "Agent"}, {"p": 950, "c": 0.9, "s": 315364, "e": 315645, "w": "啊", "sp": "Customer"}, {"p": 951, "c": 0.9, "s": 315567, "e": 315992, "w": "放心", "sp": "Agent"}, {"p": 952, "c": 0.9, "s": 315645, "e": 315927, "w": "嗯", "sp": "Customer"}, {"p": 953, "c": 0.9, "s": 315927, "e": 316208, "w": "好", "sp": "Customer"}, {"p": 954, "c": 0.9, "s": 315993, "e": 316206, "w": "嗯", "sp": "Agent"}, {"p": 955, "c": 0.9, "s": 316206, "e": 316419, "w": "那", "sp": "Agent"}, {"p": 956, "c": 0.9, "s": 316208, "e": 316490, "w": "的", "sp": "Customer"}, {"p": 957, "c": 0.9, "s": 316420, "e": 316846, "w": "请问", "sp": "Agent"}, {"p": 958, "c": 0.9, "s": 316790, "e": 317710, "w": "好好", "sp": "Customer"}, {"p": 959, "c": 0.9, "s": 316846, "e": 317272, "w": "还有", "sp": "Agent"}, {"p": 960, "c": 0.9, "s": 317272, "e": 317698, "w": "其他", "sp": "Agent"}, {"p": 961, "c": 0.9, "s": 317698, "e": 318124, "w": "可以", "sp": "Agent"}, {"p": 962, "c": 0.9, "s": 318124, "e": 318337, "w": "帮", "sp": "Agent"}, {"p": 963, "c": 0.9, "s": 318337, "e": 318550, "w": "到", "sp": "Agent"}, {"p": 964, "c": 0.9, "s": 318550, "e": 318763, "w": "您", "sp": "Agent"}, {"p": 965, "c": 0.9, "s": 318763, "e": 318976, "w": "的", "sp": "Agent"}, {"p": 966, "c": 0.9, "s": 318920, "e": 319193, "w": "没", "sp": "Customer"}, {"p": 967, "c": 0.9, "s": 318976, "e": 319190, "w": "吗", "sp": "Agent"}, {"p": 968, "c": 0.9, "s": 319193, "e": 320014, "w": "有没有", "sp": "Customer"}, {"p": 969, "c": 0.9, "s": 320015, "e": 320289, "w": "就", "sp": "Customer"}, {"p": 970, "c": 0.9, "s": 320180, "e": 320401, "w": "嗯", "sp": "Agent"}, {"p": 971, "c": 0.9, "s": 320289, "e": 320836, "w": "这个", "sp": "Customer"}, {"p": 972, "c": 0.9, "s": 320402, "e": 320625, "w": "嗯", "sp": "Agent"}, {"p": 973, "c": 0.9, "s": 320625, "e": 320848, "w": "唔", "sp": "Agent"}, {"p": 974, "c": 0.9, "s": 320836, "e": 321384, "w": "问题", "sp": "Customer"}, {"p": 975, "c": 0.9, "s": 320848, "e": 321738, "w": "不好意思", "sp": "Agent"}, {"p": 976, "c": 0.9, "s": 321384, "e": 321932, "w": "好好", "sp": "Customer"}, {"p": 977, "c": 0.9, "s": 321739, "e": 321962, "w": "了", "sp": "Agent"}, {"p": 978, "c": 0.9, "s": 321932, "e": 322480, "w": "再见", "sp": "Customer"}, {"p": 979, "c": 0.9, "s": 321962, "e": 322185, "w": "嗯", "sp": "Agent"}, {"p": 980, "c": 0.9, "s": 322185, "e": 322406, "w": "那", "sp": "Agent"}, {"p": 981, "c": 0.9, "s": 322407, "e": 322853, "w": "挂机", "sp": "Agent"}, {"p": 982, "c": 0.9, "s": 322780, "e": 323325, "w": "啊", "sp": "Customer"}, {"p": 983, "c": 0.9, "s": 322853, "e": 323298, "w": "之后", "sp": "Agent"}, {"p": 984, "c": 0.9, "s": 323298, "e": 323521, "w": "已", "sp": "Agent"}, {"p": 985, "c": 0.9, "s": 323325, "e": 323870, "w": "啊", "sp": "Customer"}, {"p": 986, "c": 0.9, "s": 323521, "e": 323967, "w": "开通", "sp": "Agent"}, {"p": 987, "c": 0.9, "s": 323967, "e": 324190, "w": "微", "sp": "Agent"}, {"p": 988, "c": 0.9, "s": 324190, "e": 324412, "w": "信", "sp": "Agent"}, {"p": 989, "c": 0.9, "s": 324412, "e": 324858, "w": "公众", "sp": "Agent"}, {"p": 990, "c": 0.9, "s": 324858, "e": 325081, "w": "号", "sp": "Agent"}, {"p": 991, "c": 0.9, "s": 325081, "e": 325526, "w": "欢迎", "sp": "Agent"}, {"p": 992, "c": 0.9, "s": 325526, "e": 325972, "w": "关注", "sp": "Agent"}, {"p": 993, "c": 0.9, "s": 325972, "e": 326417, "w": "使用", "sp": "Agent"}, {"p": 994, "c": 0.9, "s": 326417, "e": 326863, "w": "麻烦", "sp": "Agent"}, {"p": 995, "c": 0.9, "s": 326863, "e": 327308, "w": "稍后", "sp": "Agent"}, {"p": 996, "c": 0.9, "s": 327308, "e": 327531, "w": "对", "sp": "Agent"}, {"p": 997, "c": 0.9, "s": 327531, "e": 327977, "w": "本次", "sp": "Agent"}, {"p": 998, "c": 0.9, "s": 327977, "e": 328422, "w": "服务", "sp": "Agent"}, {"p": 999, "c": 0.9, "s": 328422, "e": 328645, "w": "做", "sp": "Agent"}, {"p": 1000, "c": 0.9, "s": 328645, "e": 328867, "w": "个", "sp": "Agent"}, {"p": 1001, "c": 0.9, "s": 328868, "e": 329536, "w": "满意度", "sp": "Agent"}, {"p": 1002, "c": 0.9, "s": 329536, "e": 329982, "w": "评价", "sp": "Agent"}, {"p": 1003, "c": 0.9, "s": 329982, "e": 330427, "w": "祝您", "sp": "Agent"}, {"p": 1004, "c": 0.9, "s": 330427, "e": 330873, "w": "生活", "sp": "Agent"}, {"p": 1005, "c": 0.9, "s": 330873, "e": 331318, "w": "愉快", "sp": "Agent"}, {"p": 1006, "c": 0.9, "s": 331318, "e": 331764, "w": "女士", "sp": "Agent"}, {"p": 1007, "c": 0.9, "s": 331350, "e": 332053, "w": "好", "sp": "Customer"}, {"p": 1008, "c": 0.9, "s": 331764, "e": 332210, "w": "再见", "sp": "Agent"}, {"p": 1009, "c": 0.9, "s": 332053, "e": 332756, "w": "嘞", "sp": "Customer"}, {"p": 1010, "c": 0.9, "s": 332756, "e": 333460, "w": "好", "sp": "Customer"}]}, "plainText": "六零 二 六号 为您服务 上午 好 大金 售后 很 高兴 为您服务 请问 有 什么 可以 帮助 您 的 吗\n喂 你好 我们\n嗯\n家 那个 大型 空调\n嗯\n是 二 零 一 九年 安装 的\n嗯\n安装 好 了 之后 我们 使用 我们 是 那个 分管 机 通过 你 使用 的 时候 呢 他 开机 的 时候 你们 就 响 就 像 一个 不 调子 打 打 打 就 那样 打响 后来 我 想 这 可能 是 一个 小 毛病 我 就 我 就 打 了 一个 大厅 的 售后\n嗯\n售后 师傅 来 的 时候 他 就 说 安装 的 时候 有 个\n嗯\n螺丝 没有 领取\n嗯\n但是 呢 因为 是 风管 机 那个 交警 全部 都 封 死\n嗯\n了 他 那个 螺丝 也 无法 就 没 没 办法 民警 后来 去年 呢 也 是 这样 想 讲 了 之后 呢 有 一个 小 师傅 来 了 之后 呢 他 就 也 发现 了 这个 问题 他 也 没 办法 解决 他 就 把 那个 螺丝 顶 了 一下 又 后来 后来 倒 了 一个 东西\n嗯\n安 到 上面 就 稍微 长 了 一点 到 了 今年 用 的 时候 又 这样 想 那 怎么办 呢 是 安装 的 问题\n嗯 那 有没有 联系 过 我们 的 经销商 沟通 呢 因为 安装 是 由 经销商 负责 的 吗 有 联系 过 他们\n我\n吗\n联系 了 呀\n嗯 然后\n他 也 要说\n交叉\n过来 弄\n这边\n啊 后来\n是\n我 就 问 那个 师傅 我 说 你们 那个\n嗯\n大厅 空调 是 三年 三年 那个 保修 我 说 那个 那 这\n嗯\n是 你们 安装 的 是 人家 一 开始 新 的 就是 坏 的 说\n嗯\n因为 是 你们 安装 造成 的 那个 螺丝 他 说 不会 的 他 说 你 如果 要是 当时 那个 报修 是 这个 地方 是 我们 安装 的 原因 他 说 过 了 三年 我们 也 还是 保修 还是 我们 的 责任 他 是 这样 说 的\n嗯 大厅 的话 这个 在 保 内 安装 问题 造成 的 故障 也 是 需要 付费 维修 的 因为 保修 是 指 空调 机器 本身 质量 原因 造成 的 故障 是 免费 维修 如果 是 外力 安装 造成 的话 那 他 就 不在 保修 范围 以内 了 先生 安装 是 经销商\n喂\n负责 的 那 就 直接 联系\n经销商\n经销商 让 他 会 让\n那 那 我 我 不 知道 谁 是 经销商 谁 是 什么 反正 我 就是 我 就 每次 都 联系 的 大大 厅 的 售后\n嗯\n我 我 每次\n对 如果\n都 联系\n需要\n的\n我们\n大厅\n这边\n的 售后\n上门 处理 的话 是 可以 的 但是 我们 这边 如果 过 保 就 需要 收费 了\n那 那 你 就 跟 那个 那 你 那 你 内部 就 去 联系 吧 因为\n啊\n因为\n不好意思\n那个 不是 因为\n嗯\n那个 每次 就是 去年 我们 而且 而且 那个 我们 是 一 九年 一 九年 安装 安装 的 时候 每次 报修 都 是 这个 问题 就是 你们 安装 师傅 就 说 是 安装 的 过程 当中 那个 螺丝 没 拧紧 至 于是 谁 的 责任 我 不 知道 反正 我 是 客户 我 是 用户 那 就 你们 内部 去 沟通 吧\n对 确实 这边 如果 呃 无论 什么 问题 造成 的 故障 如果 过 了 保修期 的话 是 还是 需要 收费 的 先生\n不是 啊 不是 啊 当时 他 说 了 呀 那个 上门 维修 的 师傅 就 这样 说 的 他 说 如果 要是 我们 安装 刚 开始 安装 出 了 问题 他 说 以后 就是 再 出现 这个 问题 也 是 我们 的 原因 不是 你 的 原因 不是 在 使用 过程 中 坏 的 是 刚 开始 使用 的 时候 就是 你 没 安装 好 你\n好\n懂\n那\n我\n您\n这个\n把 您 的\n意思\n是 来电\n吗\n号码 报 一下 我 查 一下 您 之前 的 单子 好 吗\n幺 三三\n嗯\n幺 七 幺\n嗯\n零 二 幺 七 幺\n好 您 稍 等 一下 我 查询 一下\n嗯\n不好意思 请 稍 等 一下 查 到 呢 应 该是 在 去年 的 四月份 有 过 一次 报修 湖北省 武汉市 武昌 区 徐家 棚 新城 江 滨江 花园 六 栋\n对\n二 单元 三 幺\n对\n零\n去年\n三室\n四月份\n对 吧\n报修 前年 也 曝 修 刚 反正 每 一年 我 就是 刚 开始 还 没 开始 用 的 时候 我们 家 房子 还 没 装 还 没 还 没 等于 就是 我 我 我 本 我 那个 安装 的 是 新家 我们 家 还 没 搬 过来 的 时候 我 试用 那个 空调 时候 就 发现 这个 雨 还 没\n好\n开始\n那 您\n使用\n说 的\n这回\n这个 就是 上门 的 师傅 说 呃 如果 是 这个 安装 问题 是 可以 继续 保修 的 这个 师傅 是 指 这个 二 一年 四月份 上门 的 这个 师傅 吗\n二 一年 的 四月份 的 时候 师傅 也 说 了 他 说 如果 要是 安装 是 我们 的 他 说 大厅 都 有 这个 记载 就是 他 说 每 一次 报销 都 有 记载 如果 要是 还是 这个 问题 坏 的话 肯定 不会 收 你 的 钱\n好 的 了解 了 那 我 帮 您 把 这个 情况 呢 给 您 进行 反馈 然后 让 我们 的 上级 部门 这边 呢 先 核实 一下 这个 情况 然后 我们 给 您 这个 幺 三三 幺 七 幺 零 二 幺 七 幺 的 号码 回电 跟 您 沟通 具体 解决方案 您 看 可以 吗\n好 啊\n嗯 好 确实 非常 抱歉 了\n嗯\n影响 到 您 您 放心\n好\n这边 我会 帮 您 加急 反馈 也 会 尽快 给 您 取得 联系 的 好\n好好\n吗\n好好\n嗯\n好好\n真是\n好好\n不好意思\n谢谢\n了 您\n啊\n放心\n嗯 好\n嗯 那\n的\n请问\n好好\n还有 其他 可以 帮 到 您 的\n没\n吗\n有没有 就\n嗯\n这个\n嗯 唔\n问题\n不好意思\n好好\n了\n再见\n嗯 那 挂机\n啊\n之后 已\n啊\n开通 微 信 公众 号 欢迎 关注 使用 麻烦 稍后 对 本次 服务 做 个 满意度 评价 祝您 生活 愉快 女士\n好\n再见\n嘞 好", "plainTextTime": {"verbatims": [{"s": 4960, "e": 15420, "w": "六零 二 六号 为您服务 上午 好 大金 售后 很 高兴 为您服务 请问 有 什么 可以 帮助 您 的 吗", "sp": "Agent"}, {"s": 15290, "e": 17080, "w": "喂 你好 我们", "sp": "Customer"}, {"s": 16840, "e": 17920, "w": "嗯", "sp": "Agent"}, {"s": 17080, "e": 19587, "w": "家 那个 大型 空调", "sp": "Customer"}, {"s": 18960, "e": 20029, "w": "嗯", "sp": "Agent"}, {"s": 19587, "e": 22810, "w": "是 二 零 一 九年 安装 的", "sp": "Customer"}, {"s": 22870, "e": 23880, "w": "嗯", "sp": "Agent"}, {"s": 23190, "e": 41810, "w": "安装 好 了 之后 我们 使用 我们 是 那个 分管 机 通过 你 使用 的 时候 呢 他 开机 的 时候 你们 就 响 就 像 一个 不 调子 打 打 打 就 那样 打响 后来 我 想 这 可能 是 一个 小 毛病 我 就 我 就 打 了 一个 大厅 的 售后", "sp": "Customer"}, {"s": 41920, "e": 43039, "w": "嗯", "sp": "Agent"}, {"s": 42090, "e": 46081, "w": "售后 师傅 来 的 时候 他 就 说 安装 的 时候 有 个", "sp": "Customer"}, {"s": 45890, "e": 46960, "w": "嗯", "sp": "Agent"}, {"s": 46081, "e": 47411, "w": "螺丝 没有 领取", "sp": "Customer"}, {"s": 47370, "e": 48360, "w": "嗯", "sp": "Agent"}, {"s": 47411, "e": 51402, "w": "但是 呢 因为 是 风管 机 那个 交警 全部 都 封 死", "sp": "Customer"}, {"s": 51230, "e": 52430, "w": "嗯", "sp": "Agent"}, {"s": 51402, "e": 69780, "w": "了 他 那个 螺丝 也 无法 就 没 没 办法 民警 后来 去年 呢 也 是 这样 想 讲 了 之后 呢 有 一个 小 师傅 来 了 之后 呢 他 就 也 发现 了 这个 问题 他 也 没 办法 解决 他 就 把 那个 螺丝 顶 了 一下 又 后来 后来 倒 了 一个 东西", "sp": "Customer"}, {"s": 69450, "e": 70590, "w": "嗯", "sp": "Agent"}, {"s": 69780, "e": 76600, "w": "安 到 上面 就 稍微 长 了 一点 到 了 今年 用 的 时候 又 这样 想 那 怎么办 呢 是 安装 的 问题", "sp": "Customer"}, {"s": 76990, "e": 83284, "w": "嗯 那 有没有 联系 过 我们 的 经销商 沟通 呢 因为 安装 是 由 经销商 负责 的 吗 有 联系 过 他们", "sp": "Agent"}, {"s": 83000, "e": 83328, "w": "我", "sp": "Customer"}, {"s": 83285, "e": 83460, "w": "吗", "sp": "Agent"}, {"s": 83328, "e": 84640, "w": "联系 了 呀", "sp": "Customer"}, {"s": 84590, "e": 85516, "w": "嗯 然后", "sp": "Agent"}, {"s": 84920, "e": 85700, "w": "他 也 要说", "sp": "Customer"}, {"s": 85516, "e": 86132, "w": "交叉", "sp": "Agent"}, {"s": 85700, "e": 86284, "w": "过来 弄", "sp": "Customer"}, {"s": 86133, "e": 86751, "w": "这边", "sp": "Agent"}, {"s": 86285, "e": 86870, "w": "啊 后来", "sp": "Customer"}, {"s": 86751, "e": 87060, "w": "是", "sp": "Agent"}, {"s": 86870, "e": 89405, "w": "我 就 问 那个 师傅 我 说 你们 那个", "sp": "Customer"}, {"s": 89100, "e": 90090, "w": "嗯", "sp": "Agent"}, {"s": 89405, "e": 93110, "w": "大厅 空调 是 三年 三年 那个 保修 我 说 那个 那 这", "sp": "Customer"}, {"s": 92980, "e": 93950, "w": "嗯", "sp": "Agent"}, {"s": 93110, "e": 96815, "w": "是 你们 安装 的 是 人家 一 开始 新 的 就是 坏 的 说", "sp": "Customer"}, {"s": 96660, "e": 97680, "w": "嗯", "sp": "Agent"}, {"s": 96815, "e": 110659, "w": "因为 是 你们 安装 造成 的 那个 螺丝 他 说 不会 的 他 说 你 如果 要是 当时 那个 报修 是 这个 地方 是 我们 安装 的 原因 他 说 过 了 三年 我们 也 还是 保修 还是 我们 的 责任 他 是 这样 说 的", "sp": "Customer"}, {"s": 111190, "e": 127911, "w": "嗯 大厅 的话 这个 在 保 内 安装 问题 造成 的 故障 也 是 需要 付费 维修 的 因为 保修 是 指 空调 机器 本身 质量 原因 造成 的 故障 是 免费 维修 如果 是 外力 安装 造成 的话 那 他 就 不在 保修 范围 以内 了 先生 安装 是 经销商", "sp": "Agent"}, {"s": 127330, "e": 128479, "w": "喂", "sp": "Customer"}, {"s": 127912, "e": 129682, "w": "负责 的 那 就 直接 联系", "sp": "Agent"}, {"s": 129420, "e": 130800, "w": "经销商", "sp": "Customer"}, {"s": 129682, "e": 131060, "w": "经销商 让 他 会 让", "sp": "Agent"}, {"s": 132420, "e": 139540, "w": "那 那 我 我 不 知道 谁 是 经销商 谁 是 什么 反正 我 就是 我 就 每次 都 联系 的 大大 厅 的 售后", "sp": "Customer"}, {"s": 139790, "e": 140840, "w": "嗯", "sp": "Agent"}, {"s": 140720, "e": 141452, "w": "我 我 每次", "sp": "Customer"}, {"s": 141230, "e": 141763, "w": "对 如果", "sp": "Agent"}, {"s": 141452, "e": 142000, "w": "都 联系", "sp": "Customer"}, {"s": 141763, "e": 142118, "w": "需要", "sp": "Agent"}, {"s": 142001, "e": 142184, "w": "的", "sp": "Customer"}, {"s": 142118, "e": 142474, "w": "我们", "sp": "Agent"}, {"s": 142184, "e": 142550, "w": "大厅", "sp": "Customer"}, {"s": 142474, "e": 142829, "w": "这边", "sp": "Agent"}, {"s": 142550, "e": 143100, "w": "的 售后", "sp": "Customer"}, {"s": 142829, "e": 147450, "w": "上门 处理 的话 是 可以 的 但是 我们 这边 如果 过 保 就 需要 收费 了", "sp": "Agent"}, {"s": 148660, "e": 154293, "w": "那 那 你 就 跟 那个 那 你 那 你 内部 就 去 联系 吧 因为", "sp": "Customer"}, {"s": 154290, "e": 154638, "w": "啊", "sp": "Agent"}, {"s": 154293, "e": 154787, "w": "因为", "sp": "Customer"}, {"s": 154638, "e": 156031, "w": "不好意思", "sp": "Agent"}, {"s": 154787, "e": 156269, "w": "那个 不是 因为", "sp": "Customer"}, {"s": 156031, "e": 156380, "w": "嗯", "sp": "Agent"}, {"s": 156269, "e": 179569, "w": "那个 每次 就是 去年 我们 而且 而且 那个 我们 是 一 九年 一 九年 安装 安装 的 时候 每次 报修 都 是 这个 问题 就是 你们 安装 师傅 就 说 是 安装 的 过程 当中 那个 螺丝 没 拧紧 至 于是 谁 的 责任 我 不 知道 反正 我 是 客户 我 是 用户 那 就 你们 内部 去 沟通 吧", "sp": "Customer"}, {"s": 180300, "e": 186770, "w": "对 确实 这边 如果 呃 无论 什么 问题 造成 的 故障 如果 过 了 保修期 的话 是 还是 需要 收费 的 先生", "sp": "Agent"}, {"s": 186670, "e": 206977, "w": "不是 啊 不是 啊 当时 他 说 了 呀 那个 上门 维修 的 师傅 就 这样 说 的 他 说 如果 要是 我们 安装 刚 开始 安装 出 了 问题 他 说 以后 就是 再 出现 这个 问题 也 是 我们 的 原因 不是 你 的 原因 不是 在 使用 过程 中 坏 的 是 刚 开始 使用 的 时候 就是 你 没 安装 好 你", "sp": "Customer"}, {"s": 206840, "e": 207039, "w": "好", "sp": "Agent"}, {"s": 206977, "e": 207205, "w": "懂", "sp": "Customer"}, {"s": 207039, "e": 207238, "w": "那", "sp": "Agent"}, {"s": 207205, "e": 207432, "w": "我", "sp": "Customer"}, {"s": 207238, "e": 207437, "w": "您", "sp": "Agent"}, {"s": 207432, "e": 207887, "w": "这个", "sp": "Customer"}, {"s": 207437, "e": 208035, "w": "把 您 的", "sp": "Agent"}, {"s": 207887, "e": 208342, "w": "意思", "sp": "Customer"}, {"s": 208035, "e": 208633, "w": "是 来电", "sp": "Agent"}, {"s": 208342, "e": 208569, "w": "吗", "sp": "Customer"}, {"s": 208633, "e": 212020, "w": "号码 报 一下 我 查 一下 您 之前 的 单子 好 吗", "sp": "Agent"}, {"s": 212210, "e": 213650, "w": "幺 三三", "sp": "Customer"}, {"s": 213630, "e": 214730, "w": "嗯", "sp": "Agent"}, {"s": 215190, "e": 216580, "w": "幺 七 幺", "sp": "Customer"}, {"s": 216750, "e": 217780, "w": "嗯", "sp": "Agent"}, {"s": 218340, "e": 220020, "w": "零 二 幺 七 幺", "sp": "Customer"}, {"s": 220910, "e": 223590, "w": "好 您 稍 等 一下 我 查询 一下", "sp": "Agent"}, {"s": 223690, "e": 224700, "w": "嗯", "sp": "Customer"}, {"s": 227360, "e": 241852, "w": "不好意思 请 稍 等 一下 查 到 呢 应 该是 在 去年 的 四月份 有 过 一次 报修 湖北省 武汉市 武昌 区 徐家 棚 新城 江 滨江 花园 六 栋", "sp": "Agent"}, {"s": 241630, "e": 242720, "w": "对", "sp": "Customer"}, {"s": 241852, "e": 243006, "w": "二 单元 三 幺", "sp": "Agent"}, {"s": 243000, "e": 243187, "w": "对", "sp": "Customer"}, {"s": 243006, "e": 243236, "w": "零", "sp": "Agent"}, {"s": 243187, "e": 243562, "w": "去年", "sp": "Customer"}, {"s": 243236, "e": 243698, "w": "三室", "sp": "Agent"}, {"s": 243562, "e": 244125, "w": "四月份", "sp": "Customer"}, {"s": 243698, "e": 244160, "w": "对 吧", "sp": "Agent"}, {"s": 244125, "e": 260357, "w": "报修 前年 也 曝 修 刚 反正 每 一年 我 就是 刚 开始 还 没 开始 用 的 时候 我们 家 房子 还 没 装 还 没 还 没 等于 就是 我 我 我 本 我 那个 安装 的 是 新家 我们 家 还 没 搬 过来 的 时候 我 试用 那个 空调 时候 就 发现 这个 雨 还 没", "sp": "Customer"}, {"s": 260260, "e": 260479, "w": "好", "sp": "Agent"}, {"s": 260357, "e": 260834, "w": "开始", "sp": "Customer"}, {"s": 260479, "e": 260918, "w": "那 您", "sp": "Agent"}, {"s": 260834, "e": 261311, "w": "使用", "sp": "Customer"}, {"s": 260918, "e": 261357, "w": "说 的", "sp": "Agent"}, {"s": 261312, "e": 261790, "w": "这回", "sp": "Customer"}, {"s": 261357, "e": 272330, "w": "这个 就是 上门 的 师傅 说 呃 如果 是 这个 安装 问题 是 可以 继续 保修 的 这个 师傅 是 指 这个 二 一年 四月份 上门 的 这个 师傅 吗", "sp": "Agent"}, {"s": 272910, "e": 286260, "w": "二 一年 的 四月份 的 时候 师傅 也 说 了 他 说 如果 要是 安装 是 我们 的 他 说 大厅 都 有 这个 记载 就是 他 说 每 一次 报销 都 有 记载 如果 要是 还是 这个 问题 坏 的话 肯定 不会 收 你 的 钱", "sp": "Customer"}, {"s": 287420, "e": 304030, "w": "好 的 了解 了 那 我 帮 您 把 这个 情况 呢 给 您 进行 反馈 然后 让 我们 的 上级 部门 这边 呢 先 核实 一下 这个 情况 然后 我们 给 您 这个 幺 三三 幺 七 幺 零 二 幺 七 幺 的 号码 回电 跟 您 沟通 具体 解决方案 您 看 可以 吗", "sp": "Agent"}, {"s": 303970, "e": 305090, "w": "好 啊", "sp": "Customer"}, {"s": 305100, "e": 306900, "w": "嗯 好 确实 非常 抱歉 了", "sp": "Agent"}, {"s": 306710, "e": 307600, "w": "嗯", "sp": "Customer"}, {"s": 306900, "e": 308300, "w": "影响 到 您 您 放心", "sp": "Agent"}, {"s": 308240, "e": 309240, "w": "好", "sp": "Customer"}, {"s": 308300, "e": 312700, "w": "这边 我会 帮 您 加急 反馈 也 会 尽快 给 您 取得 联系 的 好", "sp": "Agent"}, {"s": 312550, "e": 313112, "w": "好好", "sp": "Customer"}, {"s": 312700, "e": 312900, "w": "吗", "sp": "Agent"}, {"s": 313112, "e": 313675, "w": "好好", "sp": "Customer"}, {"s": 313650, "e": 313863, "w": "嗯", "sp": "Agent"}, {"s": 313675, "e": 314237, "w": "好好", "sp": "Customer"}, {"s": 313863, "e": 314289, "w": "真是", "sp": "Agent"}, {"s": 314238, "e": 314801, "w": "好好", "sp": "Customer"}, {"s": 314289, "e": 315141, "w": "不好意思", "sp": "Agent"}, {"s": 314801, "e": 315363, "w": "谢谢", "sp": "Customer"}, {"s": 315141, "e": 315567, "w": "了 您", "sp": "Agent"}, {"s": 315364, "e": 315645, "w": "啊", "sp": "Customer"}, {"s": 315567, "e": 315992, "w": "放心", "sp": "Agent"}, {"s": 315645, "e": 316208, "w": "嗯 好", "sp": "Customer"}, {"s": 315993, "e": 316419, "w": "嗯 那", "sp": "Agent"}, {"s": 316208, "e": 316490, "w": "的", "sp": "Customer"}, {"s": 316420, "e": 316846, "w": "请问", "sp": "Agent"}, {"s": 316790, "e": 317710, "w": "好好", "sp": "Customer"}, {"s": 316846, "e": 318976, "w": "还有 其他 可以 帮 到 您 的", "sp": "Agent"}, {"s": 318920, "e": 319193, "w": "没", "sp": "Customer"}, {"s": 318976, "e": 319190, "w": "吗", "sp": "Agent"}, {"s": 319193, "e": 320289, "w": "有没有 就", "sp": "Customer"}, {"s": 320180, "e": 320401, "w": "嗯", "sp": "Agent"}, {"s": 320289, "e": 320836, "w": "这个", "sp": "Customer"}, {"s": 320402, "e": 320848, "w": "嗯 唔", "sp": "Agent"}, {"s": 320836, "e": 321384, "w": "问题", "sp": "Customer"}, {"s": 320848, "e": 321738, "w": "不好意思", "sp": "Agent"}, {"s": 321384, "e": 321932, "w": "好好", "sp": "Customer"}, {"s": 321739, "e": 321962, "w": "了", "sp": "Agent"}, {"s": 321932, "e": 322480, "w": "再见", "sp": "Customer"}, {"s": 321962, "e": 322853, "w": "嗯 那 挂机", "sp": "Agent"}, {"s": 322780, "e": 323325, "w": "啊", "sp": "Customer"}, {"s": 322853, "e": 323521, "w": "之后 已", "sp": "Agent"}, {"s": 323325, "e": 323870, "w": "啊", "sp": "Customer"}, {"s": 323521, "e": 331764, "w": "开通 微 信 公众 号 欢迎 关注 使用 麻烦 稍后 对 本次 服务 做 个 满意度 评价 祝您 生活 愉快 女士", "sp": "Agent"}, {"s": 331350, "e": 332053, "w": "好", "sp": "Customer"}, {"s": 331764, "e": 332210, "w": "再见", "sp": "Agent"}, {"s": 332053, "e": 333460, "w": "嘞 好", "sp": "Customer"}]}, "aqm": {"greeting": {"greeting_said": "为您服务, 大金, 售后, 高兴, 请问, 帮助", "n_greeting_said": 6, "score": 1}, "closing": {"closing_said": "关注, 祝您, 生活, 愉快, 再见", "n_closing_said": 5, "score": 1}, "speed": {"speed_max": 5.87, "n_words": 38, "words": "对 确实 这边 如果 呃 无论 什么 问题 造成 的 故障 如果 过 了 保修期 的话 是 还是 需要 收费 的 先生", "start": 180300, "end": 186770}}}