{"mediaId": "2022031314360003878300100000531802", "status": "Success", "dateCreated": "2022-03-21T18:45:50Z", "contentType": "audio/x-wav", "channels": "future use", "length": 465, "metadata": {"Sid": 10040, "Site_id": 783, "Audio_ch_num": 5318, "Audio_module_num": 783001, "Audio_start_time_gmt": "2022-03-13T06:28:15.403+08:00", "Transaction_id": "2022031314360003878300100000531802", "ContactID": "9204480077600000012", "Personal_id": "0", "Direction": 0, "Local_audio_start_time": "2022-03-13T14:28:15.403+08:00", "Local_audio_end_time": "2022-03-13T14:36:00.403+08:00", "Total_hold_time": "0", "Pbx_login_id": "", "Ani": "90102155368221", "Extension": "155368221", "String_extension": "90102155368221", "Switch_call_id": "SIP/AUDIO/2F3E1600-46B5-9A98-094F-48A336EEF44E", "Switch_id": "783000001", "Duration_seconds": 465, "Wrapup_time_in_seconds": "0", "Dnis": "18255410972", "Number_of_conferences": "0", "Number_of_holds": "0", "Number_of_transfers": "0", "Percent_of_agent_call": "192", "Percent_of_other_call": "108", "Percent_of_mutual_silence": "140", "Num_of_agent_cross": "28", "Num_of_other_cross": "15", "IsException": 0}, "transcript_detailed": {"words": [{"p": 1, "c": 0.9, "s": 3150, "e": 5200, "w": "六零", "sp": "Agent"}, {"p": 2, "c": 0.9, "s": 7000, "e": 7368, "w": "号", "sp": "Agent"}, {"p": 3, "c": 0.9, "s": 7368, "e": 8840, "w": "为您服务", "sp": "Agent"}, {"p": 4, "c": 0.9, "s": 9590, "e": 9780, "w": "啊", "sp": "Agent"}, {"p": 5, "c": 0.9, "s": 9780, "e": 10162, "w": "下午", "sp": "Agent"}, {"p": 6, "c": 0.9, "s": 10162, "e": 10353, "w": "好", "sp": "Agent"}, {"p": 7, "c": 0.9, "s": 10353, "e": 10733, "w": "大庆", "sp": "Agent"}, {"p": 8, "c": 0.9, "s": 10734, "e": 11116, "w": "售后", "sp": "Agent"}, {"p": 9, "c": 0.9, "s": 11116, "e": 11307, "w": "很", "sp": "Agent"}, {"p": 10, "c": 0.9, "s": 11307, "e": 11688, "w": "高兴", "sp": "Agent"}, {"p": 11, "c": 0.9, "s": 11688, "e": 12452, "w": "为您服务", "sp": "Agent"}, {"p": 12, "c": 0.9, "s": 12452, "e": 12832, "w": "请问", "sp": "Agent"}, {"p": 13, "c": 0.9, "s": 12833, "e": 13024, "w": "有", "sp": "Agent"}, {"p": 14, "c": 0.9, "s": 13024, "e": 13406, "w": "什么", "sp": "Agent"}, {"p": 15, "c": 0.9, "s": 13406, "e": 13787, "w": "可以", "sp": "Agent"}, {"p": 16, "c": 0.9, "s": 13787, "e": 14169, "w": "帮助", "sp": "Agent"}, {"p": 17, "c": 0.9, "s": 14169, "e": 14360, "w": "您", "sp": "Agent"}, {"p": 18, "c": 0.9, "s": 14510, "e": 15011, "w": "你好", "sp": "Customer"}, {"p": 19, "c": 0.9, "s": 15011, "e": 15262, "w": "我", "sp": "Customer"}, {"p": 20, "c": 0.9, "s": 15262, "e": 15512, "w": "想", "sp": "Customer"}, {"p": 21, "c": 0.9, "s": 15512, "e": 15763, "w": "问", "sp": "Customer"}, {"p": 22, "c": 0.9, "s": 15763, "e": 16264, "w": "一下", "sp": "Customer"}, {"p": 23, "c": 0.9, "s": 16264, "e": 16515, "w": "我", "sp": "Customer"}, {"p": 24, "c": 0.9, "s": 16515, "e": 17017, "w": "这个", "sp": "Customer"}, {"p": 25, "c": 0.9, "s": 17017, "e": 17268, "w": "几", "sp": "Customer"}, {"p": 26, "c": 0.9, "s": 17268, "e": 17518, "w": "大", "sp": "Customer"}, {"p": 27, "c": 0.9, "s": 17518, "e": 17769, "w": "型", "sp": "Customer"}, {"p": 28, "c": 0.9, "s": 17769, "e": 18019, "w": "转", "sp": "Customer"}, {"p": 29, "c": 0.9, "s": 18020, "e": 18270, "w": "款", "sp": "Customer"}, {"p": 30, "c": 0.9, "s": 18270, "e": 18772, "w": "本来", "sp": "Customer"}, {"p": 31, "c": 0.9, "s": 18772, "e": 19022, "w": "就", "sp": "Customer"}, {"p": 32, "c": 0.9, "s": 19023, "e": 19524, "w": "立即", "sp": "Customer"}, {"p": 33, "c": 0.9, "s": 19524, "e": 20026, "w": "出现", "sp": "Customer"}, {"p": 34, "c": 0.9, "s": 20026, "e": 20276, "w": "U", "sp": "Customer"}, {"p": 35, "c": 0.9, "s": 20276, "e": 20526, "w": "A", "sp": "Customer"}, {"p": 36, "c": 0.9, "s": 20527, "e": 20778, "w": "四", "sp": "Customer"}, {"p": 37, "c": 0.9, "s": 20778, "e": 21029, "w": "U", "sp": "Customer"}, {"p": 38, "c": 0.9, "s": 21029, "e": 21279, "w": "A", "sp": "Customer"}, {"p": 39, "c": 0.9, "s": 21279, "e": 21529, "w": "四", "sp": "Customer"}, {"p": 40, "c": 0.9, "s": 21530, "e": 21781, "w": "这", "sp": "Customer"}, {"p": 41, "c": 0.9, "s": 21781, "e": 22282, "w": "两个", "sp": "Customer"}, {"p": 42, "c": 0.9, "s": 22282, "e": 22784, "w": "代码", "sp": "Customer"}, {"p": 43, "c": 0.9, "s": 22784, "e": 23285, "w": "两个", "sp": "Customer"}, {"p": 44, "c": 0.9, "s": 23285, "e": 23787, "w": "单数", "sp": "Customer"}, {"p": 45, "c": 0.9, "s": 23787, "e": 24288, "w": "什么", "sp": "Customer"}, {"p": 46, "c": 0.9, "s": 24288, "e": 24790, "w": "意思", "sp": "Customer"}, {"p": 47, "c": 0.9, "s": 26550, "e": 27289, "w": "云", "sp": "Agent"}, {"p": 48, "c": 0.9, "s": 27290, "e": 28030, "w": "A", "sp": "Agent"}, {"p": 49, "c": 0.9, "s": 28100, "e": 29060, "w": "嗯", "sp": "Customer"}, {"p": 50, "c": 0.9, "s": 32330, "e": 32724, "w": "你", "sp": "Agent"}, {"p": 51, "c": 0.9, "s": 32724, "e": 33118, "w": "稍", "sp": "Agent"}, {"p": 52, "c": 0.9, "s": 33118, "e": 33512, "w": "等", "sp": "Agent"}, {"p": 53, "c": 0.9, "s": 33512, "e": 34301, "w": "一下", "sp": "Agent"}, {"p": 54, "c": 0.9, "s": 34301, "e": 34695, "w": "U", "sp": "Agent"}, {"p": 55, "c": 0.9, "s": 34695, "e": 35090, "w": "A", "sp": "Agent"}, {"p": 56, "c": 0.9, "s": 38050, "e": 38833, "w": "因为", "sp": "Agent"}, {"p": 57, "c": 0.9, "s": 38530, "e": 38930, "w": "是", "sp": "Customer"}, {"p": 58, "c": 0.9, "s": 38833, "e": 39225, "w": "我", "sp": "Agent"}, {"p": 59, "c": 0.9, "s": 38930, "e": 39730, "w": "这样", "sp": "Customer"}, {"p": 60, "c": 0.9, "s": 39225, "e": 39615, "w": "看", "sp": "Agent"}, {"p": 61, "c": 0.9, "s": 39616, "e": 40400, "w": "一下", "sp": "Agent"}, {"p": 62, "c": 0.9, "s": 43460, "e": 43820, "w": "我们", "sp": "Customer"}, {"p": 63, "c": 0.9, "s": 43820, "e": 44360, "w": "打麻将", "sp": "Customer"}, {"p": 64, "c": 0.9, "s": 44360, "e": 44720, "w": "没用", "sp": "Customer"}, {"p": 65, "c": 0.9, "s": 44380, "e": 45066, "w": "室内", "sp": "Agent"}, {"p": 66, "c": 0.9, "s": 44720, "e": 44900, "w": "完", "sp": "Customer"}, {"p": 67, "c": 0.9, "s": 44900, "e": 45080, "w": "了", "sp": "Customer"}, {"p": 68, "c": 0.9, "s": 45066, "e": 45410, "w": "机", "sp": "Agent"}, {"p": 69, "c": 0.9, "s": 45080, "e": 45260, "w": "吗", "sp": "Customer"}, {"p": 70, "c": 0.9, "s": 45410, "e": 45753, "w": "和", "sp": "Agent"}, {"p": 71, "c": 0.9, "s": 45753, "e": 46782, "w": "室外机", "sp": "Agent"}, {"p": 72, "c": 0.9, "s": 46783, "e": 47126, "w": "的", "sp": "Agent"}, {"p": 73, "c": 0.9, "s": 47126, "e": 47813, "w": "组合", "sp": "Agent"}, {"p": 74, "c": 0.9, "s": 47813, "e": 48500, "w": "不大", "sp": "Agent"}, {"p": 75, "c": 0.9, "s": 48780, "e": 48963, "w": "我", "sp": "Agent"}, {"p": 76, "c": 0.9, "s": 48964, "e": 49332, "w": "这边", "sp": "Agent"}, {"p": 77, "c": 0.9, "s": 49210, "e": 50239, "w": "十一点", "sp": "Customer"}, {"p": 78, "c": 0.9, "s": 49332, "e": 49517, "w": "给", "sp": "Agent"}, {"p": 79, "c": 0.9, "s": 49517, "e": 49700, "w": "您", "sp": "Agent"}, {"p": 80, "c": 0.9, "s": 49701, "e": 50070, "w": "安排", "sp": "Agent"}, {"p": 81, "c": 0.9, "s": 50070, "e": 50438, "w": "一个", "sp": "Agent"}, {"p": 82, "c": 0.9, "s": 50438, "e": 50807, "w": "师傅", "sp": "Agent"}, {"p": 83, "c": 0.9, "s": 50807, "e": 51175, "w": "上门", "sp": "Agent"}, {"p": 84, "c": 0.9, "s": 51175, "e": 51544, "w": "查看", "sp": "Agent"}, {"p": 85, "c": 0.9, "s": 51544, "e": 51912, "w": "一下", "sp": "Agent"}, {"p": 86, "c": 0.9, "s": 51912, "e": 52281, "w": "具体", "sp": "Agent"}, {"p": 87, "c": 0.9, "s": 52281, "e": 52649, "w": "原因", "sp": "Agent"}, {"p": 88, "c": 0.9, "s": 53940, "e": 54516, "w": "好好", "sp": "Customer"}, {"p": 89, "c": 0.9, "s": 54516, "e": 55092, "w": "好好", "sp": "Customer"}, {"p": 90, "c": 0.9, "s": 55092, "e": 55379, "w": "好", "sp": "Customer"}, {"p": 91, "c": 0.9, "s": 55770, "e": 55997, "w": "好", "sp": "Agent"}, {"p": 92, "c": 0.9, "s": 55997, "e": 56452, "w": "然后", "sp": "Agent"}, {"p": 93, "c": 0.9, "s": 56452, "e": 56906, "w": "这边", "sp": "Agent"}, {"p": 94, "c": 0.9, "s": 56906, "e": 57361, "w": "的话", "sp": "Agent"}, {"p": 95, "c": 0.9, "s": 57361, "e": 58043, "w": "就是说", "sp": "Agent"}, {"p": 96, "c": 0.9, "s": 58043, "e": 58270, "w": "您", "sp": "Agent"}, {"p": 97, "c": 0.9, "s": 58270, "e": 58725, "w": "这边", "sp": "Agent"}, {"p": 98, "c": 0.9, "s": 58725, "e": 59180, "w": "贵姓", "sp": "Agent"}, {"p": 99, "c": 0.9, "s": 59580, "e": 59792, "w": "呃", "sp": "Customer"}, {"p": 100, "c": 0.9, "s": 59792, "e": 60217, "w": "不是", "sp": "Customer"}, {"p": 101, "c": 0.9, "s": 60217, "e": 60429, "w": "我", "sp": "Customer"}, {"p": 102, "c": 0.9, "s": 60429, "e": 60641, "w": "是", "sp": "Customer"}, {"p": 103, "c": 0.9, "s": 60641, "e": 60854, "w": "按", "sp": "Customer"}, {"p": 104, "c": 0.9, "s": 60854, "e": 61066, "w": "我", "sp": "Customer"}, {"p": 105, "c": 0.9, "s": 61066, "e": 61278, "w": "是", "sp": "Customer"}, {"p": 106, "c": 0.9, "s": 61278, "e": 61703, "w": "还款", "sp": "Customer"}, {"p": 107, "c": 0.9, "s": 61703, "e": 61915, "w": "的", "sp": "Customer"}, {"p": 108, "c": 0.9, "s": 61915, "e": 62128, "w": "我", "sp": "Customer"}, {"p": 109, "c": 0.9, "s": 62128, "e": 62552, "w": "不是", "sp": "Customer"}, {"p": 110, "c": 0.9, "s": 62410, "e": 62634, "w": "哦", "sp": "Agent"}, {"p": 111, "c": 0.9, "s": 62552, "e": 62976, "w": "业主", "sp": "Customer"}, {"p": 112, "c": 0.9, "s": 62634, "e": 62857, "w": "哦", "sp": "Agent"}, {"p": 113, "c": 0.9, "s": 62858, "e": 63083, "w": "你", "sp": "Agent"}, {"p": 114, "c": 0.9, "s": 62977, "e": 63190, "w": "啊", "sp": "Customer"}, {"p": 115, "c": 0.9, "s": 63083, "e": 63532, "w": "安装", "sp": "Agent"}, {"p": 116, "c": 0.9, "s": 63532, "e": 63756, "w": "方", "sp": "Agent"}, {"p": 117, "c": 0.9, "s": 63756, "e": 63981, "w": "代", "sp": "Agent"}, {"p": 118, "c": 0.9, "s": 63981, "e": 64205, "w": "报", "sp": "Agent"}, {"p": 119, "c": 0.9, "s": 64205, "e": 64430, "w": "是", "sp": "Agent"}, {"p": 120, "c": 0.9, "s": 64430, "e": 64654, "w": "吧", "sp": "Agent"}, {"p": 121, "c": 0.9, "s": 64654, "e": 64878, "w": "那", "sp": "Agent"}, {"p": 122, "c": 0.9, "s": 64878, "e": 65102, "w": "你", "sp": "Agent"}, {"p": 123, "c": 0.9, "s": 65102, "e": 65551, "w": "这边", "sp": "Agent"}, {"p": 124, "c": 0.9, "s": 65519, "e": 66272, "w": "不知", "sp": "Customer"}, {"p": 125, "c": 0.9, "s": 65552, "e": 66001, "w": "的话", "sp": "Agent"}, {"p": 126, "c": 0.9, "s": 66001, "e": 66226, "w": "就", "sp": "Agent"}, {"p": 127, "c": 0.9, "s": 66226, "e": 66674, "w": "用户", "sp": "Agent"}, {"p": 128, "c": 0.9, "s": 66273, "e": 66650, "w": "道", "sp": "Customer"}, {"p": 129, "c": 0.9, "s": 66675, "e": 67348, "w": "手机号", "sp": "Agent"}, {"p": 130, "c": 0.9, "s": 67348, "e": 67797, "w": "麻烦", "sp": "Agent"}, {"p": 131, "c": 0.9, "s": 67797, "e": 68021, "w": "你", "sp": "Agent"}, {"p": 132, "c": 0.9, "s": 68022, "e": 68471, "w": "提供", "sp": "Agent"}, {"p": 133, "c": 0.9, "s": 68471, "e": 68920, "w": "一下", "sp": "Agent"}, {"p": 134, "c": 0.9, "s": 69030, "e": 69566, "w": "用户", "sp": "Customer"}, {"p": 135, "c": 0.9, "s": 69566, "e": 69835, "w": "的", "sp": "Customer"}, {"p": 136, "c": 0.9, "s": 69835, "e": 70103, "w": "是", "sp": "Customer"}, {"p": 137, "c": 0.9, "s": 70103, "e": 70370, "w": "的", "sp": "Customer"}, {"p": 138, "c": 0.9, "s": 70371, "e": 70640, "w": "呀", "sp": "Customer"}, {"p": 139, "c": 0.9, "s": 70770, "e": 71859, "w": "对", "sp": "Agent"}, {"p": 140, "c": 0.9, "s": 70920, "e": 71420, "w": "哪个", "sp": "Customer"}, {"p": 141, "c": 0.9, "s": 71420, "e": 71920, "w": "地方", "sp": "Customer"}, {"p": 142, "c": 0.9, "s": 72340, "e": 72611, "w": "嗯", "sp": "Customer"}, {"p": 143, "c": 0.9, "s": 72611, "e": 72882, "w": "用", "sp": "Customer"}, {"p": 144, "c": 0.9, "s": 72882, "e": 73425, "w": "不了", "sp": "Customer"}, {"p": 145, "c": 0.9, "s": 73425, "e": 73697, "w": "我", "sp": "Customer"}, {"p": 146, "c": 0.9, "s": 73697, "e": 74240, "w": "看看", "sp": "Customer"}, {"p": 147, "c": 0.9, "s": 77620, "e": 78022, "w": "嗯", "sp": "Customer"}, {"p": 148, "c": 0.9, "s": 78022, "e": 78425, "w": "幺", "sp": "Customer"}, {"p": 149, "c": 0.9, "s": 78425, "e": 79230, "w": "五二", "sp": "Customer"}, {"p": 150, "c": 0.9, "s": 79890, "e": 80233, "w": "幺", "sp": "Agent"}, {"p": 151, "c": 0.9, "s": 80233, "e": 80920, "w": "五二", "sp": "Agent"}, {"p": 152, "c": 0.9, "s": 80920, "e": 81605, "w": "然后", "sp": "Agent"}, {"p": 153, "c": 0.9, "s": 81360, "e": 81770, "w": "对", "sp": "Customer"}, {"p": 154, "c": 0.9, "s": 81606, "e": 81950, "w": "呢", "sp": "Agent"}, {"p": 155, "c": 0.9, "s": 81770, "e": 82180, "w": "幺", "sp": "Customer"}, {"p": 156, "c": 0.9, "s": 82180, "e": 82590, "w": "二", "sp": "Customer"}, {"p": 157, "c": 0.9, "s": 82590, "e": 83409, "w": "六六", "sp": "Customer"}, {"p": 158, "c": 0.9, "s": 83670, "e": 84106, "w": "幺", "sp": "Agent"}, {"p": 159, "c": 0.9, "s": 84107, "e": 84545, "w": "二", "sp": "Agent"}, {"p": 160, "c": 0.9, "s": 84545, "e": 85420, "w": "六六", "sp": "Agent"}, {"p": 161, "c": 0.9, "s": 85470, "e": 86320, "w": "四七", "sp": "Customer"}, {"p": 162, "c": 0.9, "s": 86320, "e": 87170, "w": "七五", "sp": "Customer"}, {"p": 163, "c": 0.9, "s": 87560, "e": 88456, "w": "四七", "sp": "Agent"}, {"p": 164, "c": 0.9, "s": 88456, "e": 89353, "w": "七五", "sp": "Agent"}, {"p": 165, "c": 0.9, "s": 89353, "e": 89800, "w": "对", "sp": "Agent"}, {"p": 166, "c": 0.9, "s": 89801, "e": 90250, "w": "吧", "sp": "Agent"}, {"p": 167, "c": 0.9, "s": 90000, "e": 90500, "w": "对", "sp": "Customer"}, {"p": 168, "c": 0.9, "s": 90500, "e": 91000, "w": "呀", "sp": "Customer"}, {"p": 169, "c": 0.9, "s": 91400, "e": 92053, "w": "然后", "sp": "Agent"}, {"p": 170, "c": 0.9, "s": 92053, "e": 92706, "w": "用户", "sp": "Agent"}, {"p": 171, "c": 0.9, "s": 92706, "e": 93360, "w": "贵姓", "sp": "Agent"}, {"p": 172, "c": 0.9, "s": 93360, "e": 93706, "w": "徐", "sp": "Customer"}, {"p": 173, "c": 0.9, "s": 93706, "e": 94400, "w": "双人", "sp": "Customer"}, {"p": 174, "c": 0.9, "s": 94400, "e": 94746, "w": "旁", "sp": "Customer"}, {"p": 175, "c": 0.9, "s": 94746, "e": 95093, "w": "的", "sp": "Customer"}, {"p": 176, "c": 0.9, "s": 95093, "e": 95440, "w": "徐", "sp": "Customer"}, {"p": 177, "c": 0.9, "s": 95820, "e": 96116, "w": "好", "sp": "Agent"}, {"p": 178, "c": 0.9, "s": 96116, "e": 96411, "w": "的", "sp": "Agent"}, {"p": 179, "c": 0.9, "s": 96412, "e": 97005, "w": "现在", "sp": "Agent"}, {"p": 180, "c": 0.9, "s": 97005, "e": 97597, "w": "还是", "sp": "Agent"}, {"p": 181, "c": 0.9, "s": 97597, "e": 98190, "w": "女士", "sp": "Agent"}, {"p": 182, "c": 0.9, "s": 98690, "e": 99022, "w": "啊", "sp": "Customer"}, {"p": 183, "c": 0.9, "s": 99022, "e": 99355, "w": "这", "sp": "Customer"}, {"p": 184, "c": 0.9, "s": 99355, "e": 100020, "w": "样子", "sp": "Customer"}, {"p": 185, "c": 0.9, "s": 100740, "e": 101058, "w": "啊", "sp": "Agent"}, {"p": 186, "c": 0.9, "s": 101058, "e": 101695, "w": "然后", "sp": "Agent"}, {"p": 187, "c": 0.9, "s": 101695, "e": 102332, "w": "机器", "sp": "Agent"}, {"p": 188, "c": 0.9, "s": 102332, "e": 102650, "w": "是", "sp": "Agent"}, {"p": 189, "c": 0.9, "s": 102650, "e": 102969, "w": "在", "sp": "Agent"}, {"p": 190, "c": 0.9, "s": 102969, "e": 103606, "w": "几几", "sp": "Agent"}, {"p": 191, "c": 0.9, "s": 103606, "e": 103924, "w": "年", "sp": "Agent"}, {"p": 192, "c": 0.9, "s": 103924, "e": 104561, "w": "购买", "sp": "Agent"}, {"p": 193, "c": 0.9, "s": 104561, "e": 104880, "w": "的", "sp": "Agent"}, {"p": 194, "c": 0.9, "s": 105380, "e": 105905, "w": "去年", "sp": "Customer"}, {"p": 195, "c": 0.9, "s": 105905, "e": 106168, "w": "买", "sp": "Customer"}, {"p": 196, "c": 0.9, "s": 106168, "e": 106430, "w": "的", "sp": "Customer"}, {"p": 197, "c": 0.9, "s": 106430, "e": 106693, "w": "今", "sp": "Customer"}, {"p": 198, "c": 0.9, "s": 106693, "e": 106956, "w": "今", "sp": "Customer"}, {"p": 199, "c": 0.9, "s": 106956, "e": 107481, "w": "今天", "sp": "Customer"}, {"p": 200, "c": 0.9, "s": 107481, "e": 107744, "w": "在", "sp": "Customer"}, {"p": 201, "c": 0.9, "s": 107744, "e": 108270, "w": "调试", "sp": "Customer"}, {"p": 202, "c": 0.9, "s": 108870, "e": 109430, "w": "去年", "sp": "Agent"}, {"p": 203, "c": 0.9, "s": 109430, "e": 109710, "w": "二", "sp": "Agent"}, {"p": 204, "c": 0.9, "s": 109710, "e": 109990, "w": "零", "sp": "Agent"}, {"p": 205, "c": 0.9, "s": 109990, "e": 110270, "w": "二", "sp": "Agent"}, {"p": 206, "c": 0.9, "s": 110270, "e": 110829, "w": "一年", "sp": "Agent"}, {"p": 207, "c": 0.9, "s": 110830, "e": 111110, "w": "是", "sp": "Agent"}, {"p": 208, "c": 0.9, "s": 111110, "e": 111390, "w": "吧", "sp": "Agent"}, {"p": 209, "c": 0.9, "s": 111220, "e": 111710, "w": "对", "sp": "Customer"}, {"p": 210, "c": 0.9, "s": 111710, "e": 112200, "w": "啊", "sp": "Customer"}, {"p": 211, "c": 0.9, "s": 112690, "e": 112902, "w": "好", "sp": "Agent"}, {"p": 212, "c": 0.9, "s": 112902, "e": 113115, "w": "二", "sp": "Agent"}, {"p": 213, "c": 0.9, "s": 113115, "e": 113326, "w": "零", "sp": "Agent"}, {"p": 214, "c": 0.9, "s": 113327, "e": 113540, "w": "二", "sp": "Agent"}, {"p": 215, "c": 0.9, "s": 113540, "e": 113965, "w": "一年", "sp": "Agent"}, {"p": 216, "c": 0.9, "s": 113965, "e": 114177, "w": "保", "sp": "Agent"}, {"p": 217, "c": 0.9, "s": 114178, "e": 114391, "w": "内", "sp": "Agent"}, {"p": 218, "c": 0.9, "s": 114391, "e": 114816, "w": "事故", "sp": "Agent"}, {"p": 219, "c": 0.9, "s": 114816, "e": 115241, "w": "上门", "sp": "Agent"}, {"p": 220, "c": 0.9, "s": 115241, "e": 115453, "w": "只", "sp": "Agent"}, {"p": 221, "c": 0.9, "s": 115454, "e": 115879, "w": "需要", "sp": "Agent"}, {"p": 222, "c": 0.9, "s": 115879, "e": 116305, "w": "提供", "sp": "Agent"}, {"p": 223, "c": 0.9, "s": 116305, "e": 116730, "w": "一下", "sp": "Agent"}, {"p": 224, "c": 0.9, "s": 116730, "e": 117155, "w": "购机", "sp": "Agent"}, {"p": 225, "c": 0.9, "s": 117155, "e": 117581, "w": "合同", "sp": "Agent"}, {"p": 226, "c": 0.9, "s": 117581, "e": 117793, "w": "和", "sp": "Agent"}, {"p": 227, "c": 0.9, "s": 117793, "e": 118218, "w": "发票", "sp": "Agent"}, {"p": 228, "c": 0.9, "s": 118218, "e": 118431, "w": "就", "sp": "Agent"}, {"p": 229, "c": 0.9, "s": 118431, "e": 118856, "w": "可以", "sp": "Agent"}, {"p": 230, "c": 0.9, "s": 118856, "e": 119069, "w": "了", "sp": "Agent"}, {"p": 231, "c": 0.9, "s": 119069, "e": 119494, "w": "然后", "sp": "Agent"}, {"p": 232, "c": 0.9, "s": 119494, "e": 119920, "w": "上门", "sp": "Agent"}, {"p": 233, "c": 0.9, "s": 119920, "e": 120345, "w": "地址", "sp": "Agent"}, {"p": 234, "c": 0.9, "s": 120345, "e": 120770, "w": "麻烦", "sp": "Agent"}, {"p": 235, "c": 0.9, "s": 120770, "e": 120982, "w": "你", "sp": "Agent"}, {"p": 236, "c": 0.9, "s": 120983, "e": 121408, "w": "提供", "sp": "Agent"}, {"p": 237, "c": 0.9, "s": 121408, "e": 121834, "w": "一下", "sp": "Agent"}, {"p": 238, "c": 0.9, "s": 121834, "e": 122259, "w": "哪个", "sp": "Agent"}, {"p": 239, "c": 0.9, "s": 122259, "e": 122472, "w": "省", "sp": "Agent"}, {"p": 240, "c": 0.9, "s": 122472, "e": 122897, "w": "哪个", "sp": "Agent"}, {"p": 241, "c": 0.9, "s": 122897, "e": 123110, "w": "市", "sp": "Agent"}, {"p": 242, "c": 0.9, "s": 123420, "e": 124850, "w": "安徽省", "sp": "Customer"}, {"p": 243, "c": 0.9, "s": 125590, "e": 127170, "w": "安徽省", "sp": "Agent"}, {"p": 244, "c": 0.9, "s": 127170, "e": 128222, "w": "然后", "sp": "Agent"}, {"p": 245, "c": 0.9, "s": 127530, "e": 128369, "w": "淮南", "sp": "Customer"}, {"p": 246, "c": 0.9, "s": 128223, "e": 128750, "w": "呢", "sp": "Agent"}, {"p": 247, "c": 0.9, "s": 128369, "e": 128789, "w": "市", "sp": "Customer"}, {"p": 248, "c": 0.9, "s": 128789, "e": 129629, "w": "淮南", "sp": "Customer"}, {"p": 249, "c": 0.9, "s": 129630, "e": 130050, "w": "市", "sp": "Customer"}, {"p": 250, "c": 0.9, "s": 130390, "e": 131696, "w": "淮南", "sp": "Agent"}, {"p": 251, "c": 0.9, "s": 131696, "e": 132350, "w": "市", "sp": "Agent"}, {"p": 252, "c": 0.9, "s": 132380, "e": 133446, "w": "一代", "sp": "Customer"}, {"p": 253, "c": 0.9, "s": 133446, "e": 133980, "w": "城", "sp": "Customer"}, {"p": 254, "c": 0.9, "s": 135350, "e": 135623, "w": "稍", "sp": "Agent"}, {"p": 255, "c": 0.9, "s": 135623, "e": 135897, "w": "等", "sp": "Agent"}, {"p": 256, "c": 0.9, "s": 135897, "e": 136445, "w": "一下", "sp": "Agent"}, {"p": 257, "c": 0.9, "s": 136445, "e": 136718, "w": "是", "sp": "Agent"}, {"p": 258, "c": 0.9, "s": 136718, "e": 137266, "w": "哪个", "sp": "Agent"}, {"p": 259, "c": 0.9, "s": 137266, "e": 137540, "w": "区", "sp": "Agent"}, {"p": 260, "c": 0.9, "s": 138340, "e": 139480, "w": "实验", "sp": "Customer"}, {"p": 261, "c": 0.9, "s": 140180, "e": 140584, "w": "山", "sp": "Customer"}, {"p": 262, "c": 0.9, "s": 140585, "e": 140991, "w": "南", "sp": "Customer"}, {"p": 263, "c": 0.9, "s": 140991, "e": 141397, "w": "呃", "sp": "Customer"}, {"p": 264, "c": 0.9, "s": 141397, "e": 142208, "w": "山南", "sp": "Customer"}, {"p": 265, "c": 0.9, "s": 142208, "e": 143019, "w": "新区", "sp": "Customer"}, {"p": 266, "c": 0.9, "s": 144720, "e": 145284, "w": "山南", "sp": "Agent"}, {"p": 267, "c": 0.9, "s": 145284, "e": 145849, "w": "新区", "sp": "Agent"}, {"p": 268, "c": 0.9, "s": 145849, "e": 146413, "w": "之前", "sp": "Agent"}, {"p": 269, "c": 0.9, "s": 146413, "e": 146978, "w": "属于", "sp": "Agent"}, {"p": 270, "c": 0.9, "s": 146978, "e": 147543, "w": "哪个", "sp": "Agent"}, {"p": 271, "c": 0.9, "s": 147543, "e": 147825, "w": "区", "sp": "Agent"}, {"p": 272, "c": 0.9, "s": 147825, "e": 148107, "w": "区", "sp": "Agent"}, {"p": 273, "c": 0.9, "s": 148107, "e": 148390, "w": "呀", "sp": "Agent"}, {"p": 274, "c": 0.9, "s": 149430, "e": 149997, "w": "呃", "sp": "Customer"}, {"p": 275, "c": 0.9, "s": 149997, "e": 150564, "w": "审", "sp": "Customer"}, {"p": 276, "c": 0.9, "s": 150565, "e": 151700, "w": "审核", "sp": "Customer"}, {"p": 277, "c": 0.9, "s": 151990, "e": 153340, "w": "单子", "sp": "Customer"}, {"p": 278, "c": 0.9, "s": 155340, "e": 156849, "w": "山河", "sp": "Agent"}, {"p": 279, "c": 0.9, "s": 156840, "e": 157830, "w": "对", "sp": "Customer"}, {"p": 280, "c": 0.9, "s": 159820, "e": 160102, "w": "你", "sp": "Agent"}, {"p": 281, "c": 0.9, "s": 160102, "e": 160384, "w": "说", "sp": "Agent"}, {"p": 282, "c": 0.9, "s": 160384, "e": 160666, "w": "川", "sp": "Agent"}, {"p": 283, "c": 0.9, "s": 160666, "e": 160948, "w": "河", "sp": "Agent"}, {"p": 284, "c": 0.9, "s": 160948, "e": 161512, "w": "区域", "sp": "Agent"}, {"p": 285, "c": 0.9, "s": 161512, "e": 161793, "w": "是", "sp": "Agent"}, {"p": 286, "c": 0.9, "s": 161794, "e": 162358, "w": "没有", "sp": "Agent"}, {"p": 287, "c": 0.9, "s": 162358, "e": 162640, "w": "的", "sp": "Agent"}, {"p": 288, "c": 0.9, "s": 162640, "e": 163204, "w": "我们", "sp": "Agent"}, {"p": 289, "c": 0.9, "s": 163204, "e": 163486, "w": "这", "sp": "Agent"}, {"p": 290, "c": 0.9, "s": 163486, "e": 164049, "w": "只有", "sp": "Agent"}, {"p": 291, "c": 0.9, "s": 164050, "e": 164332, "w": "八", "sp": "Agent"}, {"p": 292, "c": 0.9, "s": 164332, "e": 164614, "w": "公", "sp": "Agent"}, {"p": 293, "c": 0.9, "s": 164614, "e": 165178, "w": "山区", "sp": "Agent"}, {"p": 294, "c": 0.9, "s": 165178, "e": 165741, "w": "凤台", "sp": "Agent"}, {"p": 295, "c": 0.9, "s": 165742, "e": 166024, "w": "县", "sp": "Agent"}, {"p": 296, "c": 0.9, "s": 166024, "e": 166588, "w": "然后", "sp": "Agent"}, {"p": 297, "c": 0.9, "s": 166588, "e": 167152, "w": "大通", "sp": "Agent"}, {"p": 298, "c": 0.9, "s": 167152, "e": 167433, "w": "区", "sp": "Agent"}, {"p": 299, "c": 0.9, "s": 167434, "e": 168280, "w": "市辖区", "sp": "Agent"}, {"p": 300, "c": 0.9, "s": 168280, "e": 168562, "w": "潘", "sp": "Agent"}, {"p": 301, "c": 0.9, "s": 168562, "e": 168844, "w": "集", "sp": "Agent"}, {"p": 302, "c": 0.9, "s": 168844, "e": 169125, "w": "区", "sp": "Agent"}, {"p": 303, "c": 0.9, "s": 169126, "e": 169408, "w": "天", "sp": "Agent"}, {"p": 304, "c": 0.9, "s": 169408, "e": 169690, "w": "家", "sp": "Agent"}, {"p": 305, "c": 0.9, "s": 169690, "e": 169972, "w": "庵", "sp": "Agent"}, {"p": 306, "c": 0.9, "s": 169972, "e": 170254, "w": "区", "sp": "Agent"}, {"p": 307, "c": 0.9, "s": 170254, "e": 170818, "w": "谢家", "sp": "Agent"}, {"p": 308, "c": 0.9, "s": 170818, "e": 171099, "w": "集", "sp": "Agent"}, {"p": 309, "c": 0.9, "s": 171100, "e": 171382, "w": "区", "sp": "Agent"}, {"p": 310, "c": 0.9, "s": 171310, "e": 171702, "w": "南京", "sp": "Customer"}, {"p": 311, "c": 0.9, "s": 171382, "e": 171664, "w": "就", "sp": "Agent"}, {"p": 312, "c": 0.9, "s": 171664, "e": 171946, "w": "这", "sp": "Agent"}, {"p": 313, "c": 0.9, "s": 171702, "e": 172095, "w": "安居", "sp": "Customer"}, {"p": 314, "c": 0.9, "s": 171946, "e": 172510, "w": "几个", "sp": "Agent"}, {"p": 315, "c": 0.9, "s": 172095, "e": 172487, "w": "就是", "sp": "Customer"}, {"p": 316, "c": 0.9, "s": 172487, "e": 172880, "w": "平安", "sp": "Customer"}, {"p": 317, "c": 0.9, "s": 172880, "e": 173272, "w": "平安", "sp": "Customer"}, {"p": 318, "c": 0.9, "s": 173272, "e": 173665, "w": "安居", "sp": "Customer"}, {"p": 319, "c": 0.9, "s": 173665, "e": 174056, "w": "平安", "sp": "Customer"}, {"p": 320, "c": 0.9, "s": 174057, "e": 174450, "w": "安居", "sp": "Customer"}, {"p": 321, "c": 0.9, "s": 174500, "e": 174813, "w": "哦", "sp": "Agent"}, {"p": 322, "c": 0.9, "s": 174813, "e": 175441, "w": "天津", "sp": "Agent"}, {"p": 323, "c": 0.9, "s": 175441, "e": 175754, "w": "安", "sp": "Agent"}, {"p": 324, "c": 0.9, "s": 175755, "e": 176068, "w": "区", "sp": "Agent"}, {"p": 325, "c": 0.9, "s": 176068, "e": 176696, "w": "然后", "sp": "Agent"}, {"p": 326, "c": 0.9, "s": 176696, "e": 177010, "w": "呢", "sp": "Agent"}, {"p": 327, "c": 0.9, "s": 177250, "e": 177654, "w": "嗯", "sp": "Customer"}, {"p": 328, "c": 0.9, "s": 177654, "e": 178462, "w": "一代", "sp": "Customer"}, {"p": 329, "c": 0.9, "s": 178462, "e": 178867, "w": "村", "sp": "Customer"}, {"p": 330, "c": 0.9, "s": 178867, "e": 179271, "w": "嗯", "sp": "Customer"}, {"p": 331, "c": 0.9, "s": 179271, "e": 180080, "w": "小区", "sp": "Customer"}, {"p": 332, "c": 0.9, "s": 180080, "e": 180888, "w": "名字", "sp": "Customer"}, {"p": 333, "c": 0.9, "s": 180110, "e": 180825, "w": "疑", "sp": "Agent"}, {"p": 334, "c": 0.9, "s": 180825, "e": 181540, "w": "是", "sp": "Agent"}, {"p": 335, "c": 0.9, "s": 180888, "e": 181292, "w": "叫", "sp": "Customer"}, {"p": 336, "c": 0.9, "s": 181292, "e": 182101, "w": "一代", "sp": "Customer"}, {"p": 337, "c": 0.9, "s": 182101, "e": 182505, "w": "村", "sp": "Customer"}, {"p": 338, "c": 0.9, "s": 182190, "e": 182436, "w": "咦", "sp": "Agent"}, {"p": 339, "c": 0.9, "s": 182436, "e": 182682, "w": "代", "sp": "Agent"}, {"p": 340, "c": 0.9, "s": 182505, "e": 182910, "w": "啊", "sp": "Customer"}, {"p": 341, "c": 0.9, "s": 182682, "e": 182928, "w": "城", "sp": "Agent"}, {"p": 342, "c": 0.9, "s": 182928, "e": 183174, "w": "怡", "sp": "Agent"}, {"p": 343, "c": 0.9, "s": 183174, "e": 183420, "w": "是", "sp": "Agent"}, {"p": 344, "c": 0.9, "s": 183420, "e": 183913, "w": "哪个", "sp": "Agent"}, {"p": 345, "c": 0.9, "s": 183913, "e": 184159, "w": "怡", "sp": "Agent"}, {"p": 346, "c": 0.9, "s": 184159, "e": 184405, "w": "竖", "sp": "Agent"}, {"p": 347, "c": 0.9, "s": 184405, "e": 184651, "w": "心", "sp": "Agent"}, {"p": 348, "c": 0.9, "s": 184651, "e": 184898, "w": "旁", "sp": "Agent"}, {"p": 349, "c": 0.9, "s": 184898, "e": 185144, "w": "的", "sp": "Agent"}, {"p": 350, "c": 0.9, "s": 185144, "e": 185390, "w": "怡", "sp": "Agent"}, {"p": 351, "c": 0.9, "s": 185390, "e": 185882, "w": "各个", "sp": "Agent"}, {"p": 352, "c": 0.9, "s": 185882, "e": 186129, "w": "台", "sp": "Agent"}, {"p": 353, "c": 0.9, "s": 186129, "e": 186375, "w": "的", "sp": "Agent"}, {"p": 354, "c": 0.9, "s": 186375, "e": 186867, "w": "那个", "sp": "Agent"}, {"p": 355, "c": 0.9, "s": 186420, "e": 186668, "w": "啊", "sp": "Customer"}, {"p": 356, "c": 0.9, "s": 186668, "e": 187165, "w": "不对", "sp": "Customer"}, {"p": 357, "c": 0.9, "s": 186867, "e": 187113, "w": "怡", "sp": "Agent"}, {"p": 358, "c": 0.9, "s": 187113, "e": 187360, "w": "吗", "sp": "Agent"}, {"p": 359, "c": 0.9, "s": 187165, "e": 187661, "w": "不对", "sp": "Customer"}, {"p": 360, "c": 0.9, "s": 187662, "e": 188158, "w": "不对", "sp": "Customer"}, {"p": 361, "c": 0.9, "s": 188158, "e": 188655, "w": "不对", "sp": "Customer"}, {"p": 362, "c": 0.9, "s": 188655, "e": 189152, "w": "就是", "sp": "Customer"}, {"p": 363, "c": 0.9, "s": 189152, "e": 189648, "w": "数字", "sp": "Customer"}, {"p": 364, "c": 0.9, "s": 189649, "e": 189897, "w": "一", "sp": "Customer"}, {"p": 365, "c": 0.9, "s": 189897, "e": 190394, "w": "大写", "sp": "Customer"}, {"p": 366, "c": 0.9, "s": 189920, "e": 190330, "w": "啊", "sp": "Agent"}, {"p": 367, "c": 0.9, "s": 190330, "e": 191150, "w": "数字", "sp": "Agent"}, {"p": 368, "c": 0.9, "s": 190394, "e": 190890, "w": "数字", "sp": "Customer"}, {"p": 369, "c": 0.9, "s": 190891, "e": 191139, "w": "一", "sp": "Customer"}, {"p": 370, "c": 0.9, "s": 191139, "e": 191636, "w": "大概", "sp": "Customer"}, {"p": 371, "c": 0.9, "s": 191150, "e": 191560, "w": "一", "sp": "Agent"}, {"p": 372, "c": 0.9, "s": 191636, "e": 192133, "w": "数字", "sp": "Customer"}, {"p": 373, "c": 0.9, "s": 192133, "e": 192629, "w": "一对", "sp": "Customer"}, {"p": 374, "c": 0.9, "s": 192830, "e": 193747, "w": "一代", "sp": "Agent"}, {"p": 375, "c": 0.9, "s": 193747, "e": 194206, "w": "是", "sp": "Agent"}, {"p": 376, "c": 0.9, "s": 194206, "e": 194665, "w": "代", "sp": "Agent"}, {"p": 377, "c": 0.9, "s": 194665, "e": 195122, "w": "是", "sp": "Agent"}, {"p": 378, "c": 0.9, "s": 195123, "e": 196041, "w": "哪个", "sp": "Agent"}, {"p": 379, "c": 0.9, "s": 196041, "e": 196500, "w": "代", "sp": "Agent"}, {"p": 380, "c": 0.9, "s": 196380, "e": 196748, "w": "一代", "sp": "Customer"}, {"p": 381, "c": 0.9, "s": 196748, "e": 197116, "w": "天骄", "sp": "Customer"}, {"p": 382, "c": 0.9, "s": 197116, "e": 197300, "w": "城", "sp": "Customer"}, {"p": 383, "c": 0.9, "s": 197300, "e": 197485, "w": "际", "sp": "Customer"}, {"p": 384, "c": 0.9, "s": 197485, "e": 197853, "w": "市场", "sp": "Customer"}, {"p": 385, "c": 0.9, "s": 197853, "e": 198221, "w": "那个", "sp": "Customer"}, {"p": 386, "c": 0.9, "s": 198221, "e": 198590, "w": "一代", "sp": "Customer"}, {"p": 387, "c": 0.9, "s": 200520, "e": 201626, "w": "一代", "sp": "Agent"}, {"p": 388, "c": 0.9, "s": 201626, "e": 202180, "w": "城", "sp": "Agent"}, {"p": 389, "c": 0.9, "s": 202180, "e": 202709, "w": "对", "sp": "Customer"}, {"p": 390, "c": 0.9, "s": 202710, "e": 203240, "w": "啊", "sp": "Customer"}, {"p": 391, "c": 0.9, "s": 203120, "e": 204030, "w": "单人旁", "sp": "Agent"}, {"p": 392, "c": 0.9, "s": 204030, "e": 204333, "w": "的", "sp": "Agent"}, {"p": 393, "c": 0.9, "s": 204333, "e": 204939, "w": "各个", "sp": "Agent"}, {"p": 394, "c": 0.9, "s": 204940, "e": 205243, "w": "各", "sp": "Agent"}, {"p": 395, "c": 0.9, "s": 205243, "e": 205545, "w": "是", "sp": "Agent"}, {"p": 396, "c": 0.9, "s": 205546, "e": 205850, "w": "吧", "sp": "Agent"}, {"p": 397, "c": 0.9, "s": 205590, "e": 206000, "w": "对", "sp": "Customer"}, {"p": 398, "c": 0.9, "s": 206000, "e": 206410, "w": "对", "sp": "Customer"}, {"p": 399, "c": 0.9, "s": 206410, "e": 206820, "w": "对", "sp": "Customer"}, {"p": 400, "c": 0.9, "s": 206980, "e": 207731, "w": "一代", "sp": "Agent"}, {"p": 401, "c": 0.9, "s": 207731, "e": 208107, "w": "城", "sp": "Agent"}, {"p": 402, "c": 0.9, "s": 208107, "e": 208858, "w": "城市", "sp": "Agent"}, {"p": 403, "c": 0.9, "s": 208858, "e": 209234, "w": "的", "sp": "Agent"}, {"p": 404, "c": 0.9, "s": 209234, "e": 209610, "w": "城", "sp": "Agent"}, {"p": 405, "c": 0.9, "s": 209450, "e": 209989, "w": "对", "sp": "Customer"}, {"p": 406, "c": 0.9, "s": 209990, "e": 210530, "w": "啊", "sp": "Customer"}, {"p": 407, "c": 0.9, "s": 210620, "e": 211573, "w": "然后", "sp": "Agent"}, {"p": 408, "c": 0.9, "s": 211573, "e": 212050, "w": "呢", "sp": "Agent"}, {"p": 409, "c": 0.9, "s": 211990, "e": 212590, "w": "六号", "sp": "Customer"}, {"p": 410, "c": 0.9, "s": 212590, "e": 212890, "w": "楼", "sp": "Customer"}, {"p": 411, "c": 0.9, "s": 212890, "e": 213190, "w": "一", "sp": "Customer"}, {"p": 412, "c": 0.9, "s": 213190, "e": 213490, "w": "零", "sp": "Customer"}, {"p": 413, "c": 0.9, "s": 213490, "e": 213790, "w": "一", "sp": "Customer"}, {"p": 414, "c": 0.9, "s": 214510, "e": 215569, "w": "一号", "sp": "Agent"}, {"p": 415, "c": 0.9, "s": 215570, "e": 216100, "w": "楼", "sp": "Agent"}, {"p": 416, "c": 0.9, "s": 216100, "e": 216630, "w": "幺", "sp": "Agent"}, {"p": 417, "c": 0.9, "s": 216210, "e": 217041, "w": "七号", "sp": "Customer"}, {"p": 418, "c": 0.9, "s": 216630, "e": 217160, "w": "零", "sp": "Agent"}, {"p": 419, "c": 0.9, "s": 217041, "e": 217457, "w": "楼", "sp": "Customer"}, {"p": 420, "c": 0.9, "s": 217160, "e": 217690, "w": "幺", "sp": "Agent"}, {"p": 421, "c": 0.9, "s": 217457, "e": 217872, "w": "七", "sp": "Customer"}, {"p": 422, "c": 0.9, "s": 217872, "e": 219120, "w": "七七七", "sp": "Customer"}, {"p": 423, "c": 0.9, "s": 218000, "e": 218685, "w": "七号", "sp": "Agent"}, {"p": 424, "c": 0.9, "s": 218685, "e": 219027, "w": "楼", "sp": "Agent"}, {"p": 425, "c": 0.9, "s": 219027, "e": 219370, "w": "哦", "sp": "Agent"}, {"p": 426, "c": 0.9, "s": 219370, "e": 220739, "w": "不好意思", "sp": "Agent"}, {"p": 427, "c": 0.9, "s": 219400, "e": 220319, "w": "对", "sp": "Customer"}, {"p": 428, "c": 0.9, "s": 220740, "e": 221425, "w": "七号", "sp": "Agent"}, {"p": 429, "c": 0.9, "s": 220840, "e": 221185, "w": "嗯", "sp": "Customer"}, {"p": 430, "c": 0.9, "s": 221186, "e": 221880, "w": "没事", "sp": "Customer"}, {"p": 431, "c": 0.9, "s": 221425, "e": 221767, "w": "楼", "sp": "Agent"}, {"p": 432, "c": 0.9, "s": 221767, "e": 222110, "w": "幺", "sp": "Agent"}, {"p": 433, "c": 0.9, "s": 222110, "e": 222452, "w": "零", "sp": "Agent"}, {"p": 434, "c": 0.9, "s": 222452, "e": 222795, "w": "幺", "sp": "Agent"}, {"p": 435, "c": 0.9, "s": 222795, "e": 223137, "w": "对", "sp": "Agent"}, {"p": 436, "c": 0.9, "s": 223137, "e": 223480, "w": "吧", "sp": "Agent"}, {"p": 437, "c": 0.9, "s": 223190, "e": 224180, "w": "啊", "sp": "Customer"}, {"p": 438, "c": 0.9, "s": 225530, "e": 225819, "w": "嗯", "sp": "Agent"}, {"p": 439, "c": 0.9, "s": 225820, "e": 226690, "w": "有没有", "sp": "Agent"}, {"p": 440, "c": 0.9, "s": 226690, "e": 227270, "w": "具体", "sp": "Agent"}, {"p": 441, "c": 0.9, "s": 227270, "e": 227560, "w": "的", "sp": "Agent"}, {"p": 442, "c": 0.9, "s": 227560, "e": 228140, "w": "路名", "sp": "Agent"}, {"p": 443, "c": 0.9, "s": 228670, "e": 229800, "w": "没有", "sp": "Customer"}, {"p": 444, "c": 0.9, "s": 230540, "e": 231180, "w": "到时候", "sp": "Agent"}, {"p": 445, "c": 0.9, "s": 231180, "e": 231607, "w": "这个", "sp": "Agent"}, {"p": 446, "c": 0.9, "s": 231607, "e": 232034, "w": "地址", "sp": "Agent"}, {"p": 447, "c": 0.9, "s": 232035, "e": 232462, "w": "是否", "sp": "Agent"}, {"p": 448, "c": 0.9, "s": 232462, "e": 232675, "w": "能", "sp": "Agent"}, {"p": 449, "c": 0.9, "s": 232675, "e": 233102, "w": "找到", "sp": "Agent"}, {"p": 450, "c": 0.9, "s": 233102, "e": 233316, "w": "是", "sp": "Agent"}, {"p": 451, "c": 0.9, "s": 233316, "e": 233530, "w": "吧", "sp": "Agent"}, {"p": 452, "c": 0.9, "s": 233340, "e": 233741, "w": "导航", "sp": "Customer"}, {"p": 453, "c": 0.9, "s": 233742, "e": 234144, "w": "一下", "sp": "Customer"}, {"p": 454, "c": 0.9, "s": 234144, "e": 234345, "w": "就", "sp": "Customer"}, {"p": 455, "c": 0.9, "s": 234345, "e": 234546, "w": "能", "sp": "Customer"}, {"p": 456, "c": 0.9, "s": 234546, "e": 234948, "w": "找到", "sp": "Customer"}, {"p": 457, "c": 0.9, "s": 234948, "e": 235150, "w": "了", "sp": "Customer"}, {"p": 458, "c": 0.9, "s": 235400, "e": 235674, "w": "嗯", "sp": "Agent"}, {"p": 459, "c": 0.9, "s": 235675, "e": 235951, "w": "好", "sp": "Agent"}, {"p": 460, "c": 0.9, "s": 235951, "e": 236227, "w": "的", "sp": "Agent"}, {"p": 461, "c": 0.9, "s": 236227, "e": 236778, "w": "然后", "sp": "Agent"}, {"p": 462, "c": 0.9, "s": 236778, "e": 237329, "w": "地址", "sp": "Agent"}, {"p": 463, "c": 0.9, "s": 237329, "e": 237605, "w": "我", "sp": "Agent"}, {"p": 464, "c": 0.9, "s": 237605, "e": 237881, "w": "再", "sp": "Agent"}, {"p": 465, "c": 0.9, "s": 237881, "e": 238155, "w": "跟", "sp": "Agent"}, {"p": 466, "c": 0.9, "s": 238156, "e": 238432, "w": "您", "sp": "Agent"}, {"p": 467, "c": 0.9, "s": 238432, "e": 238983, "w": "核对", "sp": "Agent"}, {"p": 468, "c": 0.9, "s": 238983, "e": 239535, "w": "一下", "sp": "Agent"}, {"p": 469, "c": 0.9, "s": 239535, "e": 240362, "w": "安徽省", "sp": "Agent"}, {"p": 470, "c": 0.9, "s": 240362, "e": 240913, "w": "淮南", "sp": "Agent"}, {"p": 471, "c": 0.9, "s": 240913, "e": 241189, "w": "市", "sp": "Agent"}, {"p": 472, "c": 0.9, "s": 241189, "e": 241463, "w": "天", "sp": "Agent"}, {"p": 473, "c": 0.9, "s": 241464, "e": 241740, "w": "江", "sp": "Agent"}, {"p": 474, "c": 0.9, "s": 241740, "e": 242016, "w": "区", "sp": "Agent"}, {"p": 475, "c": 0.9, "s": 242016, "e": 242567, "w": "然后", "sp": "Agent"}, {"p": 476, "c": 0.9, "s": 242567, "e": 243118, "w": "一代", "sp": "Agent"}, {"p": 477, "c": 0.9, "s": 242880, "e": 243910, "w": "嗯", "sp": "Customer"}, {"p": 478, "c": 0.9, "s": 243118, "e": 243394, "w": "城", "sp": "Agent"}, {"p": 479, "c": 0.9, "s": 243394, "e": 243944, "w": "七号", "sp": "Agent"}, {"p": 480, "c": 0.9, "s": 243945, "e": 244221, "w": "楼", "sp": "Agent"}, {"p": 481, "c": 0.9, "s": 244221, "e": 244497, "w": "幺", "sp": "Agent"}, {"p": 482, "c": 0.9, "s": 244497, "e": 244771, "w": "零", "sp": "Agent"}, {"p": 483, "c": 0.9, "s": 244772, "e": 245048, "w": "幺", "sp": "Agent"}, {"p": 484, "c": 0.9, "s": 244950, "e": 245237, "w": "对", "sp": "Customer"}, {"p": 485, "c": 0.9, "s": 245048, "e": 245324, "w": "对", "sp": "Agent"}, {"p": 486, "c": 0.9, "s": 245238, "e": 245526, "w": "对", "sp": "Customer"}, {"p": 487, "c": 0.9, "s": 245324, "e": 245600, "w": "吧", "sp": "Agent"}, {"p": 488, "c": 0.9, "s": 245526, "e": 245814, "w": "对", "sp": "Customer"}, {"p": 489, "c": 0.9, "s": 245814, "e": 246101, "w": "对", "sp": "Customer"}, {"p": 490, "c": 0.9, "s": 246102, "e": 246390, "w": "啊", "sp": "Customer"}, {"p": 491, "c": 0.9, "s": 247000, "e": 247475, "w": "然后", "sp": "Agent"}, {"p": 492, "c": 0.9, "s": 247475, "e": 247950, "w": "机器", "sp": "Agent"}, {"p": 493, "c": 0.9, "s": 247950, "e": 248188, "w": "的", "sp": "Agent"}, {"p": 494, "c": 0.9, "s": 248188, "e": 248663, "w": "型号", "sp": "Agent"}, {"p": 495, "c": 0.9, "s": 248663, "e": 249139, "w": "大概", "sp": "Agent"}, {"p": 496, "c": 0.9, "s": 249139, "e": 249376, "w": "清", "sp": "Agent"}, {"p": 497, "c": 0.9, "s": 249376, "e": 249614, "w": "不", "sp": "Agent"}, {"p": 498, "c": 0.9, "s": 249614, "e": 250090, "w": "清楚", "sp": "Agent"}, {"p": 499, "c": 0.9, "s": 250880, "e": 251548, "w": "你好", "sp": "Customer"}, {"p": 500, "c": 0.9, "s": 251548, "e": 251882, "w": "喂", "sp": "Customer"}, {"p": 501, "c": 0.9, "s": 251882, "e": 252550, "w": "哪位", "sp": "Customer"}, {"p": 502, "c": 0.9, "s": 256100, "e": 256652, "w": "什么", "sp": "Customer"}, {"p": 503, "c": 0.9, "s": 256652, "e": 257204, "w": "理赔", "sp": "Customer"}, {"p": 504, "c": 0.9, "s": 257204, "e": 257480, "w": "他", "sp": "Customer"}, {"p": 505, "c": 0.9, "s": 257480, "e": 257756, "w": "嗯", "sp": "Customer"}, {"p": 506, "c": 0.9, "s": 257756, "e": 258032, "w": "我", "sp": "Customer"}, {"p": 507, "c": 0.9, "s": 258032, "e": 258308, "w": "看", "sp": "Customer"}, {"p": 508, "c": 0.9, "s": 258308, "e": 258860, "w": "一下", "sp": "Customer"}, {"p": 509, "c": 0.9, "s": 259750, "e": 260002, "w": "嗯", "sp": "Agent"}, {"p": 510, "c": 0.9, "s": 260002, "e": 260506, "w": "如果", "sp": "Agent"}, {"p": 511, "c": 0.9, "s": 260150, "e": 260561, "w": "好", "sp": "Customer"}, {"p": 512, "c": 0.9, "s": 260506, "e": 260758, "w": "不", "sp": "Agent"}, {"p": 513, "c": 0.9, "s": 260562, "e": 260975, "w": "了", "sp": "Customer"}, {"p": 514, "c": 0.9, "s": 260758, "e": 261263, "w": "清楚", "sp": "Agent"}, {"p": 515, "c": 0.9, "s": 260975, "e": 261800, "w": "谢谢", "sp": "Customer"}, {"p": 516, "c": 0.9, "s": 261263, "e": 262019, "w": "到时候", "sp": "Agent"}, {"p": 517, "c": 0.9, "s": 262170, "e": 263310, "w": "他", "sp": "Customer"}, {"p": 518, "c": 0.9, "s": 263310, "e": 265590, "w": "建议", "sp": "Customer"}, {"p": 519, "c": 0.9, "s": 264760, "e": 265725, "w": "啊", "sp": "Agent"}, {"p": 520, "c": 0.9, "s": 265725, "e": 266690, "w": "勾", "sp": "Agent"}, {"p": 521, "c": 0.9, "s": 266570, "e": 267540, "w": "L", "sp": "Customer"}, {"p": 522, "c": 0.9, "s": 267540, "e": 268510, "w": "E", "sp": "Customer"}, {"p": 523, "c": 0.9, "s": 268510, "e": 269480, "w": "Q", "sp": "Customer"}, {"p": 524, "c": 0.9, "s": 269480, "e": 270450, "w": "嗯", "sp": "Customer"}, {"p": 525, "c": 0.9, "s": 270460, "e": 270880, "w": "啊", "sp": "Agent"}, {"p": 526, "c": 0.9, "s": 270860, "e": 271255, "w": "零", "sp": "Customer"}, {"p": 527, "c": 0.9, "s": 270880, "e": 271300, "w": "你", "sp": "Agent"}, {"p": 528, "c": 0.9, "s": 271256, "e": 271653, "w": "幺", "sp": "Customer"}, {"p": 529, "c": 0.9, "s": 271300, "e": 272139, "w": "再说", "sp": "Agent"}, {"p": 530, "c": 0.9, "s": 271653, "e": 272050, "w": "六", "sp": "Customer"}, {"p": 531, "c": 0.9, "s": 272140, "e": 272980, "w": "一下", "sp": "Agent"}, {"p": 532, "c": 0.9, "s": 272750, "e": 273268, "w": "R", "sp": "Customer"}, {"p": 533, "c": 0.9, "s": 272980, "e": 273400, "w": "你", "sp": "Agent"}, {"p": 534, "c": 0.9, "s": 273268, "e": 273786, "w": "勾", "sp": "Customer"}, {"p": 535, "c": 0.9, "s": 273400, "e": 273820, "w": "说", "sp": "Agent"}, {"p": 536, "c": 0.9, "s": 273786, "e": 274305, "w": "R", "sp": "Customer"}, {"p": 537, "c": 0.9, "s": 274305, "e": 274823, "w": "勾", "sp": "Customer"}, {"p": 538, "c": 0.9, "s": 274823, "e": 275341, "w": "E", "sp": "Customer"}, {"p": 539, "c": 0.9, "s": 275341, "e": 275860, "w": "Q", "sp": "Customer"}, {"p": 540, "c": 0.9, "s": 276130, "e": 276516, "w": "R", "sp": "Agent"}, {"p": 541, "c": 0.9, "s": 276516, "e": 276903, "w": "勾", "sp": "Agent"}, {"p": 542, "c": 0.9, "s": 276903, "e": 277290, "w": "E", "sp": "Agent"}, {"p": 543, "c": 0.9, "s": 277290, "e": 277676, "w": "Q", "sp": "Agent"}, {"p": 544, "c": 0.9, "s": 277676, "e": 278063, "w": "是", "sp": "Agent"}, {"p": 545, "c": 0.9, "s": 278050, "e": 278455, "w": "对", "sp": "Customer"}, {"p": 546, "c": 0.9, "s": 278063, "e": 278449, "w": "吧", "sp": "Agent"}, {"p": 547, "c": 0.9, "s": 278455, "e": 278860, "w": "幺", "sp": "Customer"}, {"p": 548, "c": 0.9, "s": 278860, "e": 279669, "w": "六零", "sp": "Customer"}, {"p": 549, "c": 0.9, "s": 280000, "e": 280512, "w": "E", "sp": "Agent"}, {"p": 550, "c": 0.9, "s": 280512, "e": 281024, "w": "Q", "sp": "Agent"}, {"p": 551, "c": 0.9, "s": 281024, "e": 281535, "w": "幺", "sp": "Agent"}, {"p": 552, "c": 0.9, "s": 281536, "e": 282560, "w": "六零", "sp": "Agent"}, {"p": 553, "c": 0.9, "s": 282440, "e": 282892, "w": "啊", "sp": "Customer"}, {"p": 554, "c": 0.9, "s": 282892, "e": 283345, "w": "A", "sp": "Customer"}, {"p": 555, "c": 0.9, "s": 283345, "e": 283798, "w": "A", "sp": "Customer"}, {"p": 556, "c": 0.9, "s": 283798, "e": 284251, "w": "V", "sp": "Customer"}, {"p": 557, "c": 0.9, "s": 284251, "e": 284704, "w": "A", "sp": "Customer"}, {"p": 558, "c": 0.9, "s": 284704, "e": 285157, "w": "A", "sp": "Customer"}, {"p": 559, "c": 0.9, "s": 284780, "e": 285218, "w": "A", "sp": "Agent"}, {"p": 560, "c": 0.9, "s": 285157, "e": 285610, "w": "V", "sp": "Customer"}, {"p": 561, "c": 0.9, "s": 285218, "e": 285655, "w": "A", "sp": "Agent"}, {"p": 562, "c": 0.9, "s": 285656, "e": 286094, "w": "V", "sp": "Agent"}, {"p": 563, "c": 0.9, "s": 286094, "e": 286531, "w": "好", "sp": "Agent"}, {"p": 564, "c": 0.9, "s": 286300, "e": 287150, "w": "对", "sp": "Customer"}, {"p": 565, "c": 0.9, "s": 286532, "e": 286970, "w": "的", "sp": "Agent"}, {"p": 566, "c": 0.9, "s": 287150, "e": 288000, "w": "嗯", "sp": "Customer"}, {"p": 567, "c": 0.9, "s": 287400, "e": 287729, "w": "R", "sp": "Agent"}, {"p": 568, "c": 0.9, "s": 287730, "e": 288061, "w": "勾", "sp": "Agent"}, {"p": 569, "c": 0.9, "s": 288061, "e": 288392, "w": "E", "sp": "Agent"}, {"p": 570, "c": 0.9, "s": 288392, "e": 288723, "w": "Q", "sp": "Agent"}, {"p": 571, "c": 0.9, "s": 288723, "e": 289054, "w": "幺", "sp": "Agent"}, {"p": 572, "c": 0.9, "s": 289054, "e": 289715, "w": "六零", "sp": "Agent"}, {"p": 573, "c": 0.9, "s": 289715, "e": 290046, "w": "A", "sp": "Agent"}, {"p": 574, "c": 0.9, "s": 290046, "e": 290376, "w": "A", "sp": "Agent"}, {"p": 575, "c": 0.9, "s": 290377, "e": 290708, "w": "V", "sp": "Agent"}, {"p": 576, "c": 0.9, "s": 290708, "e": 291039, "w": "是", "sp": "Agent"}, {"p": 577, "c": 0.9, "s": 291039, "e": 291370, "w": "吧", "sp": "Agent"}, {"p": 578, "c": 0.9, "s": 292470, "e": 293017, "w": "家用", "sp": "Agent"}, {"p": 579, "c": 0.9, "s": 293017, "e": 293565, "w": "中央", "sp": "Agent"}, {"p": 580, "c": 0.9, "s": 293565, "e": 293839, "w": "的", "sp": "Agent"}, {"p": 581, "c": 0.9, "s": 293839, "e": 294386, "w": "还是", "sp": "Agent"}, {"p": 582, "c": 0.9, "s": 294386, "e": 294659, "w": "说", "sp": "Agent"}, {"p": 583, "c": 0.9, "s": 294660, "e": 294934, "w": "归", "sp": "Agent"}, {"p": 584, "c": 0.9, "s": 294934, "e": 295207, "w": "姬", "sp": "Agent"}, {"p": 585, "c": 0.9, "s": 295208, "e": 295756, "w": "挂机", "sp": "Agent"}, {"p": 586, "c": 0.9, "s": 295756, "e": 296030, "w": "呀", "sp": "Agent"}, {"p": 587, "c": 0.9, "s": 296180, "e": 296639, "w": "转", "sp": "Customer"}, {"p": 588, "c": 0.9, "s": 296640, "e": 297560, "w": "不了", "sp": "Customer"}, {"p": 589, "c": 0.9, "s": 298200, "e": 298553, "w": "好", "sp": "Agent"}, {"p": 590, "c": 0.9, "s": 298553, "e": 298906, "w": "的", "sp": "Agent"}, {"p": 591, "c": 0.9, "s": 298906, "e": 299259, "w": "稍", "sp": "Agent"}, {"p": 592, "c": 0.9, "s": 299259, "e": 299612, "w": "等", "sp": "Agent"}, {"p": 593, "c": 0.9, "s": 299612, "e": 300318, "w": "一下", "sp": "Agent"}, {"p": 594, "c": 0.9, "s": 300318, "e": 301024, "w": "然后", "sp": "Agent"}, {"p": 595, "c": 0.9, "s": 301024, "e": 301729, "w": "故障", "sp": "Agent"}, {"p": 596, "c": 0.9, "s": 301730, "e": 302436, "w": "代码", "sp": "Agent"}, {"p": 597, "c": 0.9, "s": 302436, "e": 302790, "w": "是", "sp": "Agent"}, {"p": 598, "c": 0.9, "s": 303550, "e": 304085, "w": "九", "sp": "Agent"}, {"p": 599, "c": 0.9, "s": 303860, "e": 305169, "w": "余额", "sp": "Customer"}, {"p": 600, "c": 0.9, "s": 304085, "e": 304620, "w": "A", "sp": "Agent"}, {"p": 601, "c": 0.9, "s": 304620, "e": 305155, "w": "是", "sp": "Agent"}, {"p": 602, "c": 0.9, "s": 305155, "e": 305690, "w": "吧", "sp": "Agent"}, {"p": 603, "c": 0.9, "s": 305810, "e": 306870, "w": "对", "sp": "Customer"}, {"p": 604, "c": 0.9, "s": 307070, "e": 307395, "w": "好", "sp": "Agent"}, {"p": 605, "c": 0.9, "s": 307395, "e": 307720, "w": "的", "sp": "Agent"}, {"p": 606, "c": 0.9, "s": 307720, "e": 308045, "w": "稍", "sp": "Agent"}, {"p": 607, "c": 0.9, "s": 308045, "e": 308370, "w": "等", "sp": "Agent"}, {"p": 608, "c": 0.9, "s": 308370, "e": 309020, "w": "一下", "sp": "Agent"}, {"p": 609, "c": 0.9, "s": 316210, "e": 316426, "w": "他", "sp": "Customer"}, {"p": 610, "c": 0.9, "s": 316280, "e": 316680, "w": "稍", "sp": "Agent"}, {"p": 611, "c": 0.9, "s": 316426, "e": 316643, "w": "是", "sp": "Customer"}, {"p": 612, "c": 0.9, "s": 316643, "e": 317077, "w": "这样", "sp": "Customer"}, {"p": 613, "c": 0.9, "s": 316680, "e": 317080, "w": "等", "sp": "Agent"}, {"p": 614, "c": 0.9, "s": 317077, "e": 317294, "w": "的", "sp": "Customer"}, {"p": 615, "c": 0.9, "s": 317080, "e": 317879, "w": "一下", "sp": "Agent"}, {"p": 616, "c": 0.9, "s": 317294, "e": 317511, "w": "是", "sp": "Customer"}, {"p": 617, "c": 0.9, "s": 317511, "e": 317944, "w": "这样", "sp": "Customer"}, {"p": 618, "c": 0.9, "s": 317945, "e": 318162, "w": "的", "sp": "Customer"}, {"p": 619, "c": 0.9, "s": 318162, "e": 318379, "w": "你", "sp": "Customer"}, {"p": 620, "c": 0.9, "s": 318379, "e": 318596, "w": "看", "sp": "Customer"}, {"p": 621, "c": 0.9, "s": 318596, "e": 318813, "w": "有", "sp": "Customer"}, {"p": 622, "c": 0.9, "s": 318813, "e": 319030, "w": "一", "sp": "Customer"}, {"p": 623, "c": 0.9, "s": 319030, "e": 319246, "w": "台", "sp": "Customer"}, {"p": 624, "c": 0.9, "s": 319246, "e": 319680, "w": "机器", "sp": "Customer"}, {"p": 625, "c": 0.9, "s": 319450, "e": 320490, "w": "嗯", "sp": "Agent"}, {"p": 626, "c": 0.9, "s": 319680, "e": 320113, "w": "显示", "sp": "Customer"}, {"p": 627, "c": 0.9, "s": 320114, "e": 320331, "w": "U", "sp": "Customer"}, {"p": 628, "c": 0.9, "s": 320331, "e": 320548, "w": "A", "sp": "Customer"}, {"p": 629, "c": 0.9, "s": 320548, "e": 320765, "w": "十", "sp": "Customer"}, {"p": 630, "c": 0.9, "s": 320765, "e": 321199, "w": "然后", "sp": "Customer"}, {"p": 631, "c": 0.9, "s": 321199, "e": 321633, "w": "其他", "sp": "Customer"}, {"p": 632, "c": 0.9, "s": 321633, "e": 321850, "w": "的", "sp": "Customer"}, {"p": 633, "c": 0.9, "s": 321850, "e": 322066, "w": "是", "sp": "Customer"}, {"p": 634, "c": 0.9, "s": 322066, "e": 322283, "w": "它", "sp": "Customer"}, {"p": 635, "c": 0.9, "s": 322283, "e": 322500, "w": "是", "sp": "Customer"}, {"p": 636, "c": 0.9, "s": 322500, "e": 322717, "w": "一", "sp": "Customer"}, {"p": 637, "c": 0.9, "s": 322717, "e": 322934, "w": "说", "sp": "Customer"}, {"p": 638, "c": 0.9, "s": 322934, "e": 323151, "w": "捂", "sp": "Customer"}, {"p": 639, "c": 0.9, "s": 323151, "e": 323368, "w": "的", "sp": "Customer"}, {"p": 640, "c": 0.9, "s": 323368, "e": 323802, "w": "然后", "sp": "Customer"}, {"p": 641, "c": 0.9, "s": 323802, "e": 324236, "w": "私人", "sp": "Customer"}, {"p": 642, "c": 0.9, "s": 324110, "e": 325050, "w": "嗯", "sp": "Agent"}, {"p": 643, "c": 0.9, "s": 324236, "e": 324669, "w": "消息", "sp": "Customer"}, {"p": 644, "c": 0.9, "s": 324670, "e": 325103, "w": "显示", "sp": "Customer"}, {"p": 645, "c": 0.9, "s": 325103, "e": 325320, "w": "的", "sp": "Customer"}, {"p": 646, "c": 0.9, "s": 325320, "e": 325537, "w": "呃", "sp": "Customer"}, {"p": 647, "c": 0.9, "s": 325537, "e": 325970, "w": "其他", "sp": "Customer"}, {"p": 648, "c": 0.9, "s": 325971, "e": 326405, "w": "四个", "sp": "Customer"}, {"p": 649, "c": 0.9, "s": 326405, "e": 326839, "w": "显示", "sp": "Customer"}, {"p": 650, "c": 0.9, "s": 326839, "e": 327056, "w": "是", "sp": "Customer"}, {"p": 651, "c": 0.9, "s": 327056, "e": 327273, "w": "U", "sp": "Customer"}, {"p": 652, "c": 0.9, "s": 327273, "e": 327490, "w": "九", "sp": "Customer"}, {"p": 653, "c": 0.9, "s": 328710, "e": 329182, "w": "幺", "sp": "Customer"}, {"p": 654, "c": 0.9, "s": 329070, "e": 329755, "w": "U", "sp": "Agent"}, {"p": 655, "c": 0.9, "s": 329183, "e": 330130, "w": "九零", "sp": "Customer"}, {"p": 656, "c": 0.9, "s": 329755, "e": 330440, "w": "九", "sp": "Agent"}, {"p": 657, "c": 0.9, "s": 330410, "e": 331390, "w": "嗯", "sp": "Customer"}, {"p": 658, "c": 0.9, "s": 332830, "e": 333074, "w": "U", "sp": "Agent"}, {"p": 659, "c": 0.9, "s": 333075, "e": 333320, "w": "九", "sp": "Agent"}, {"p": 660, "c": 0.9, "s": 333320, "e": 333565, "w": "U", "sp": "Agent"}, {"p": 661, "c": 0.9, "s": 333565, "e": 333811, "w": "九", "sp": "Agent"}, {"p": 662, "c": 0.9, "s": 333811, "e": 334301, "w": "的话", "sp": "Agent"}, {"p": 663, "c": 0.9, "s": 334301, "e": 334792, "w": "一般", "sp": "Agent"}, {"p": 664, "c": 0.9, "s": 334792, "e": 335037, "w": "是", "sp": "Agent"}, {"p": 665, "c": 0.9, "s": 335037, "e": 335528, "w": "内外", "sp": "Agent"}, {"p": 666, "c": 0.9, "s": 335528, "e": 335773, "w": "机", "sp": "Agent"}, {"p": 667, "c": 0.9, "s": 335773, "e": 336018, "w": "的", "sp": "Agent"}, {"p": 668, "c": 0.9, "s": 336018, "e": 336509, "w": "通讯", "sp": "Agent"}, {"p": 669, "c": 0.9, "s": 336509, "e": 337000, "w": "故障", "sp": "Agent"}, {"p": 670, "c": 0.9, "s": 337450, "e": 337659, "w": "你", "sp": "Agent"}, {"p": 671, "c": 0.9, "s": 337659, "e": 338077, "w": "这个", "sp": "Agent"}, {"p": 672, "c": 0.9, "s": 338077, "e": 338287, "w": "U", "sp": "Agent"}, {"p": 673, "c": 0.9, "s": 338287, "e": 338496, "w": "A", "sp": "Agent"}, {"p": 674, "c": 0.9, "s": 338496, "e": 338915, "w": "的话", "sp": "Agent"}, {"p": 675, "c": 0.9, "s": 338915, "e": 339333, "w": "应该", "sp": "Agent"}, {"p": 676, "c": 0.9, "s": 339333, "e": 339752, "w": "这个", "sp": "Agent"}, {"p": 677, "c": 0.9, "s": 339752, "e": 340171, "w": "需要", "sp": "Agent"}, {"p": 678, "c": 0.9, "s": 340171, "e": 340589, "w": "师傅", "sp": "Agent"}, {"p": 679, "c": 0.9, "s": 340589, "e": 341008, "w": "专门", "sp": "Agent"}, {"p": 680, "c": 0.9, "s": 341008, "e": 341217, "w": "看", "sp": "Agent"}, {"p": 681, "c": 0.9, "s": 341217, "e": 341636, "w": "一下", "sp": "Agent"}, {"p": 682, "c": 0.9, "s": 341636, "e": 342054, "w": "具体", "sp": "Agent"}, {"p": 683, "c": 0.9, "s": 342054, "e": 342473, "w": "什么", "sp": "Agent"}, {"p": 684, "c": 0.9, "s": 342473, "e": 342892, "w": "原因", "sp": "Agent"}, {"p": 685, "c": 0.9, "s": 342892, "e": 343310, "w": "导致", "sp": "Agent"}, {"p": 686, "c": 0.9, "s": 343310, "e": 343520, "w": "的", "sp": "Agent"}, {"p": 687, "c": 0.9, "s": 344440, "e": 344640, "w": "我", "sp": "Customer"}, {"p": 688, "c": 0.9, "s": 344640, "e": 344841, "w": "那", "sp": "Customer"}, {"p": 689, "c": 0.9, "s": 344841, "e": 345041, "w": "还", "sp": "Customer"}, {"p": 690, "c": 0.9, "s": 345041, "e": 345241, "w": "问", "sp": "Customer"}, {"p": 691, "c": 0.9, "s": 345242, "e": 345643, "w": "一下", "sp": "Customer"}, {"p": 692, "c": 0.9, "s": 345643, "e": 345843, "w": "就", "sp": "Customer"}, {"p": 693, "c": 0.9, "s": 345843, "e": 346043, "w": "好", "sp": "Customer"}, {"p": 694, "c": 0.9, "s": 346044, "e": 346245, "w": "那", "sp": "Customer"}, {"p": 695, "c": 0.9, "s": 346245, "e": 346445, "w": "你", "sp": "Customer"}, {"p": 696, "c": 0.9, "s": 346445, "e": 346646, "w": "给", "sp": "Customer"}, {"p": 697, "c": 0.9, "s": 346646, "e": 346846, "w": "我", "sp": "Customer"}, {"p": 698, "c": 0.9, "s": 346846, "e": 347047, "w": "放", "sp": "Customer"}, {"p": 699, "c": 0.9, "s": 347047, "e": 347247, "w": "你", "sp": "Customer"}, {"p": 700, "c": 0.9, "s": 347247, "e": 347448, "w": "那", "sp": "Customer"}, {"p": 701, "c": 0.9, "s": 347448, "e": 347849, "w": "看看", "sp": "Customer"}, {"p": 702, "c": 0.9, "s": 347849, "e": 348050, "w": "吧", "sp": "Customer"}, {"p": 703, "c": 0.9, "s": 348670, "e": 348944, "w": "嗯", "sp": "Agent"}, {"p": 704, "c": 0.9, "s": 348944, "e": 349218, "w": "好", "sp": "Agent"}, {"p": 705, "c": 0.9, "s": 349218, "e": 349491, "w": "的", "sp": "Agent"}, {"p": 706, "c": 0.9, "s": 349492, "e": 349767, "w": "U", "sp": "Agent"}, {"p": 707, "c": 0.9, "s": 349767, "e": 350041, "w": "A", "sp": "Agent"}, {"p": 708, "c": 0.9, "s": 350041, "e": 350314, "w": "是", "sp": "Agent"}, {"p": 709, "c": 0.9, "s": 350315, "e": 350590, "w": "吧", "sp": "Agent"}, {"p": 710, "c": 0.9, "s": 350590, "e": 351138, "w": "然后", "sp": "Agent"}, {"p": 711, "c": 0.9, "s": 351080, "e": 352090, "w": "嗯", "sp": "Customer"}, {"p": 712, "c": 0.9, "s": 351138, "e": 351412, "w": "给", "sp": "Agent"}, {"p": 713, "c": 0.9, "s": 351412, "e": 351686, "w": "你", "sp": "Agent"}, {"p": 714, "c": 0.9, "s": 351687, "e": 351961, "w": "看", "sp": "Agent"}, {"p": 715, "c": 0.9, "s": 351961, "e": 352510, "w": "转门", "sp": "Agent"}, {"p": 716, "c": 0.9, "s": 352510, "e": 353058, "w": "时间", "sp": "Agent"}, {"p": 717, "c": 0.9, "s": 353058, "e": 353332, "w": "您", "sp": "Agent"}, {"p": 718, "c": 0.9, "s": 353332, "e": 353607, "w": "稍", "sp": "Agent"}, {"p": 719, "c": 0.9, "s": 353607, "e": 353880, "w": "等", "sp": "Agent"}, {"p": 720, "c": 0.9, "s": 353881, "e": 354430, "w": "一下", "sp": "Agent"}, {"p": 721, "c": 0.9, "s": 366740, "e": 367194, "w": "然后", "sp": "Agent"}, {"p": 722, "c": 0.9, "s": 367194, "e": 367648, "w": "这边", "sp": "Agent"}, {"p": 723, "c": 0.9, "s": 367648, "e": 367876, "w": "给", "sp": "Agent"}, {"p": 724, "c": 0.9, "s": 367876, "e": 368103, "w": "你", "sp": "Agent"}, {"p": 725, "c": 0.9, "s": 368103, "e": 368557, "w": "安排", "sp": "Agent"}, {"p": 726, "c": 0.9, "s": 368557, "e": 368785, "w": "到", "sp": "Agent"}, {"p": 727, "c": 0.9, "s": 368785, "e": 369239, "w": "今天", "sp": "Agent"}, {"p": 728, "c": 0.9, "s": 369239, "e": 369693, "w": "三月", "sp": "Agent"}, {"p": 729, "c": 0.9, "s": 369693, "e": 370375, "w": "十三号", "sp": "Agent"}, {"p": 730, "c": 0.9, "s": 370375, "e": 371057, "w": "到时候", "sp": "Agent"}, {"p": 731, "c": 0.9, "s": 371057, "e": 371511, "w": "师傅", "sp": "Agent"}, {"p": 732, "c": 0.9, "s": 371511, "e": 371737, "w": "去", "sp": "Agent"}, {"p": 733, "c": 0.9, "s": 371738, "e": 371966, "w": "前", "sp": "Agent"}, {"p": 734, "c": 0.9, "s": 371966, "e": 372420, "w": "电话", "sp": "Agent"}, {"p": 735, "c": 0.9, "s": 372420, "e": 372875, "w": "方式", "sp": "Agent"}, {"p": 736, "c": 0.9, "s": 372875, "e": 373329, "w": "联系", "sp": "Agent"}, {"p": 737, "c": 0.9, "s": 373329, "e": 373556, "w": "到", "sp": "Agent"}, {"p": 738, "c": 0.9, "s": 373556, "e": 373783, "w": "您", "sp": "Agent"}, {"p": 739, "c": 0.9, "s": 373783, "e": 374237, "w": "联系", "sp": "Agent"}, {"p": 740, "c": 0.9, "s": 373840, "e": 374116, "w": "那", "sp": "Customer"}, {"p": 741, "c": 0.9, "s": 374116, "e": 374393, "w": "就", "sp": "Customer"}, {"p": 742, "c": 0.9, "s": 374238, "e": 374465, "w": "到", "sp": "Agent"}, {"p": 743, "c": 0.9, "s": 374393, "e": 374670, "w": "那", "sp": "Customer"}, {"p": 744, "c": 0.9, "s": 374465, "e": 374919, "w": "用户", "sp": "Agent"}, {"p": 745, "c": 0.9, "s": 374670, "e": 374946, "w": "就", "sp": "Customer"}, {"p": 746, "c": 0.9, "s": 374946, "e": 375223, "w": "那", "sp": "Customer"}, {"p": 747, "c": 0.9, "s": 375223, "e": 375500, "w": "就", "sp": "Customer"}, {"p": 748, "c": 0.9, "s": 375500, "e": 376053, "w": "今天", "sp": "Customer"}, {"p": 749, "c": 0.9, "s": 376053, "e": 376330, "w": "啊", "sp": "Customer"}, {"p": 750, "c": 0.9, "s": 376870, "e": 377383, "w": "对", "sp": "Agent"}, {"p": 751, "c": 0.9, "s": 377383, "e": 378410, "w": "今天", "sp": "Agent"}, {"p": 752, "c": 0.9, "s": 378410, "e": 378735, "w": "今天", "sp": "Customer"}, {"p": 753, "c": 0.9, "s": 378735, "e": 378897, "w": "呢", "sp": "Customer"}, {"p": 754, "c": 0.9, "s": 378898, "e": 379223, "w": "什么", "sp": "Customer"}, {"p": 755, "c": 0.9, "s": 379223, "e": 379548, "w": "时候", "sp": "Customer"}, {"p": 756, "c": 0.9, "s": 379549, "e": 379711, "w": "能", "sp": "Customer"}, {"p": 757, "c": 0.9, "s": 379711, "e": 380037, "w": "过来", "sp": "Customer"}, {"p": 758, "c": 0.9, "s": 380037, "e": 380199, "w": "呢", "sp": "Customer"}, {"p": 759, "c": 0.9, "s": 380710, "e": 380931, "w": "嗯", "sp": "Agent"}, {"p": 760, "c": 0.9, "s": 380931, "e": 381373, "w": "具体", "sp": "Agent"}, {"p": 761, "c": 0.9, "s": 381373, "e": 381814, "w": "的话", "sp": "Agent"}, {"p": 762, "c": 0.9, "s": 381815, "e": 382036, "w": "是", "sp": "Agent"}, {"p": 763, "c": 0.9, "s": 382036, "e": 382478, "w": "师傅", "sp": "Agent"}, {"p": 764, "c": 0.9, "s": 382478, "e": 382919, "w": "提前", "sp": "Agent"}, {"p": 765, "c": 0.9, "s": 382920, "e": 383362, "w": "电话", "sp": "Agent"}, {"p": 766, "c": 0.9, "s": 383362, "e": 383804, "w": "方式", "sp": "Agent"}, {"p": 767, "c": 0.9, "s": 383804, "e": 384245, "w": "联系", "sp": "Agent"}, {"p": 768, "c": 0.9, "s": 384246, "e": 384467, "w": "到", "sp": "Agent"}, {"p": 769, "c": 0.9, "s": 384467, "e": 384910, "w": "用户", "sp": "Agent"}, {"p": 770, "c": 0.9, "s": 384960, "e": 385311, "w": "没法", "sp": "Customer"}, {"p": 771, "c": 0.9, "s": 385312, "e": 385488, "w": "接", "sp": "Customer"}, {"p": 772, "c": 0.9, "s": 385488, "e": 385840, "w": "然后", "sp": "Customer"}, {"p": 773, "c": 0.9, "s": 385840, "e": 386192, "w": "怎么", "sp": "Customer"}, {"p": 774, "c": 0.9, "s": 386192, "e": 386367, "w": "那", "sp": "Customer"}, {"p": 775, "c": 0.9, "s": 386368, "e": 386544, "w": "你", "sp": "Customer"}, {"p": 776, "c": 0.9, "s": 386544, "e": 386720, "w": "不", "sp": "Customer"}, {"p": 777, "c": 0.9, "s": 386720, "e": 386896, "w": "你", "sp": "Customer"}, {"p": 778, "c": 0.9, "s": 386896, "e": 387073, "w": "给", "sp": "Customer"}, {"p": 779, "c": 0.9, "s": 387073, "e": 387249, "w": "你", "sp": "Customer"}, {"p": 780, "c": 0.9, "s": 387249, "e": 387425, "w": "给", "sp": "Customer"}, {"p": 781, "c": 0.9, "s": 387425, "e": 387776, "w": "那个", "sp": "Customer"}, {"p": 782, "c": 0.9, "s": 387777, "e": 388129, "w": "总部", "sp": "Customer"}, {"p": 783, "c": 0.9, "s": 388129, "e": 388833, "w": "电话号码", "sp": "Customer"}, {"p": 784, "c": 0.9, "s": 388833, "e": 389010, "w": "呢", "sp": "Customer"}, {"p": 785, "c": 0.9, "s": 389330, "e": 389568, "w": "呃", "sp": "Agent"}, {"p": 786, "c": 0.9, "s": 389568, "e": 390044, "w": "这边", "sp": "Agent"}, {"p": 787, "c": 0.9, "s": 390044, "e": 390282, "w": "是", "sp": "Agent"}, {"p": 788, "c": 0.9, "s": 390282, "e": 390759, "w": "没有", "sp": "Agent"}, {"p": 789, "c": 0.9, "s": 390759, "e": 390997, "w": "的", "sp": "Agent"}, {"p": 790, "c": 0.9, "s": 390997, "e": 391950, "w": "不好意思", "sp": "Agent"}, {"p": 791, "c": 0.9, "s": 392080, "e": 392245, "w": "那", "sp": "Customer"}, {"p": 792, "c": 0.9, "s": 392245, "e": 392410, "w": "你", "sp": "Customer"}, {"p": 793, "c": 0.9, "s": 392410, "e": 392576, "w": "不", "sp": "Customer"}, {"p": 794, "c": 0.9, "s": 392576, "e": 392906, "w": "知道", "sp": "Customer"}, {"p": 795, "c": 0.9, "s": 392907, "e": 393072, "w": "把", "sp": "Customer"}, {"p": 796, "c": 0.9, "s": 393072, "e": 393733, "w": "电话号码", "sp": "Customer"}, {"p": 797, "c": 0.9, "s": 393734, "e": 394065, "w": "改成", "sp": "Customer"}, {"p": 798, "c": 0.9, "s": 394065, "e": 394230, "w": "换", "sp": "Customer"}, {"p": 799, "c": 0.9, "s": 394230, "e": 394396, "w": "了", "sp": "Customer"}, {"p": 800, "c": 0.9, "s": 394396, "e": 394727, "w": "换成", "sp": "Customer"}, {"p": 801, "c": 0.9, "s": 394727, "e": 394892, "w": "我", "sp": "Customer"}, {"p": 802, "c": 0.9, "s": 394892, "e": 395057, "w": "的", "sp": "Customer"}, {"p": 803, "c": 0.9, "s": 395058, "e": 395223, "w": "我", "sp": "Customer"}, {"p": 804, "c": 0.9, "s": 395223, "e": 395554, "w": "本人", "sp": "Customer"}, {"p": 805, "c": 0.9, "s": 395554, "e": 395719, "w": "的", "sp": "Customer"}, {"p": 806, "c": 0.9, "s": 396290, "e": 396525, "w": "哦", "sp": "Agent"}, {"p": 807, "c": 0.9, "s": 396525, "e": 396996, "w": "换成", "sp": "Agent"}, {"p": 808, "c": 0.9, "s": 396997, "e": 397233, "w": "你", "sp": "Agent"}, {"p": 809, "c": 0.9, "s": 397233, "e": 397469, "w": "是", "sp": "Agent"}, {"p": 810, "c": 0.9, "s": 397469, "e": 397705, "w": "吧", "sp": "Agent"}, {"p": 811, "c": 0.9, "s": 397705, "e": 397939, "w": "哦", "sp": "Agent"}, {"p": 812, "c": 0.9, "s": 397940, "e": 398176, "w": "那", "sp": "Agent"}, {"p": 813, "c": 0.9, "s": 398176, "e": 398412, "w": "你", "sp": "Agent"}, {"p": 814, "c": 0.9, "s": 398412, "e": 398883, "w": "这边", "sp": "Agent"}, {"p": 815, "c": 0.9, "s": 398470, "e": 399410, "w": "对", "sp": "Customer"}, {"p": 816, "c": 0.9, "s": 398884, "e": 399120, "w": "你", "sp": "Agent"}, {"p": 817, "c": 0.9, "s": 399120, "e": 399354, "w": "的", "sp": "Agent"}, {"p": 818, "c": 0.9, "s": 399355, "e": 400299, "w": "手机号码", "sp": "Agent"}, {"p": 819, "c": 0.9, "s": 400299, "e": 400770, "w": "麻烦", "sp": "Agent"}, {"p": 820, "c": 0.9, "s": 400770, "e": 401005, "w": "你", "sp": "Agent"}, {"p": 821, "c": 0.9, "s": 401006, "e": 401478, "w": "提供", "sp": "Agent"}, {"p": 822, "c": 0.9, "s": 401478, "e": 401949, "w": "一下", "sp": "Agent"}, {"p": 823, "c": 0.9, "s": 401950, "e": 402473, "w": "幺", "sp": "Customer"}, {"p": 824, "c": 0.9, "s": 402473, "e": 402996, "w": "八", "sp": "Customer"}, {"p": 825, "c": 0.9, "s": 402996, "e": 403520, "w": "二", "sp": "Customer"}, {"p": 826, "c": 0.9, "s": 403780, "e": 404283, "w": "幺", "sp": "Agent"}, {"p": 827, "c": 0.9, "s": 404283, "e": 404785, "w": "八", "sp": "Agent"}, {"p": 828, "c": 0.9, "s": 404786, "e": 405290, "w": "二", "sp": "Agent"}, {"p": 829, "c": 0.9, "s": 405260, "e": 405612, "w": "嗯", "sp": "Customer"}, {"p": 830, "c": 0.9, "s": 405612, "e": 406316, "w": "五五", "sp": "Customer"}, {"p": 831, "c": 0.9, "s": 406316, "e": 406668, "w": "四", "sp": "Customer"}, {"p": 832, "c": 0.9, "s": 406668, "e": 407020, "w": "幺", "sp": "Customer"}, {"p": 833, "c": 0.9, "s": 407380, "e": 407860, "w": "五", "sp": "Agent"}, {"p": 834, "c": 0.9, "s": 407860, "e": 408819, "w": "五四", "sp": "Agent"}, {"p": 835, "c": 0.9, "s": 408820, "e": 409300, "w": "幺", "sp": "Agent"}, {"p": 836, "c": 0.9, "s": 409200, "e": 409637, "w": "零", "sp": "Customer"}, {"p": 837, "c": 0.9, "s": 409637, "e": 410512, "w": "九七", "sp": "Customer"}, {"p": 838, "c": 0.9, "s": 410512, "e": 410949, "w": "二", "sp": "Customer"}, {"p": 839, "c": 0.9, "s": 411270, "e": 411860, "w": "零", "sp": "Agent"}, {"p": 840, "c": 0.9, "s": 411860, "e": 413039, "w": "九七", "sp": "Agent"}, {"p": 841, "c": 0.9, "s": 413040, "e": 413630, "w": "二", "sp": "Agent"}, {"p": 842, "c": 0.9, "s": 413630, "e": 414650, "w": "对", "sp": "Customer"}, {"p": 843, "c": 0.9, "s": 414040, "e": 414370, "w": "你", "sp": "Agent"}, {"p": 844, "c": 0.9, "s": 414370, "e": 415030, "w": "这边", "sp": "Agent"}, {"p": 845, "c": 0.9, "s": 415030, "e": 415690, "w": "贵姓", "sp": "Agent"}, {"p": 846, "c": 0.9, "s": 415850, "e": 416155, "w": "姓", "sp": "Customer"}, {"p": 847, "c": 0.9, "s": 416155, "e": 416460, "w": "石", "sp": "Customer"}, {"p": 848, "c": 0.9, "s": 416460, "e": 417069, "w": "石头", "sp": "Customer"}, {"p": 849, "c": 0.9, "s": 417070, "e": 417375, "w": "的", "sp": "Customer"}, {"p": 850, "c": 0.9, "s": 417375, "e": 417680, "w": "石", "sp": "Customer"}, {"p": 851, "c": 0.9, "s": 417880, "e": 418142, "w": "好", "sp": "Agent"}, {"p": 852, "c": 0.9, "s": 418142, "e": 418405, "w": "的", "sp": "Agent"}, {"p": 853, "c": 0.9, "s": 418405, "e": 418668, "w": "石", "sp": "Agent"}, {"p": 854, "c": 0.9, "s": 418668, "e": 419194, "w": "先生", "sp": "Agent"}, {"p": 855, "c": 0.9, "s": 419194, "e": 419456, "w": "好", "sp": "Agent"}, {"p": 856, "c": 0.9, "s": 419456, "e": 419719, "w": "的", "sp": "Agent"}, {"p": 857, "c": 0.9, "s": 419719, "e": 420245, "w": "然后", "sp": "Agent"}, {"p": 858, "c": 0.9, "s": 420245, "e": 420770, "w": "这边", "sp": "Agent"}, {"p": 859, "c": 0.9, "s": 420770, "e": 421296, "w": "的话", "sp": "Agent"}, {"p": 860, "c": 0.9, "s": 421296, "e": 421559, "w": "就", "sp": "Agent"}, {"p": 861, "c": 0.9, "s": 421559, "e": 422347, "w": "手机号", "sp": "Agent"}, {"p": 862, "c": 0.9, "s": 422347, "e": 423136, "w": "到时候", "sp": "Agent"}, {"p": 863, "c": 0.9, "s": 423136, "e": 423660, "w": "联系", "sp": "Agent"}, {"p": 864, "c": 0.9, "s": 423661, "e": 423924, "w": "你", "sp": "Agent"}, {"p": 865, "c": 0.9, "s": 423924, "e": 424187, "w": "是", "sp": "Agent"}, {"p": 866, "c": 0.9, "s": 424187, "e": 424450, "w": "吧", "sp": "Agent"}, {"p": 867, "c": 0.9, "s": 424320, "e": 424740, "w": "对", "sp": "Customer"}, {"p": 868, "c": 0.9, "s": 424740, "e": 425160, "w": "对", "sp": "Customer"}, {"p": 869, "c": 0.9, "s": 425160, "e": 425580, "w": "对", "sp": "Customer"}, {"p": 870, "c": 0.9, "s": 426100, "e": 426665, "w": "好", "sp": "Agent"}, {"p": 871, "c": 0.9, "s": 426665, "e": 427230, "w": "的", "sp": "Agent"}, {"p": 872, "c": 0.9, "s": 428250, "e": 428657, "w": "稍", "sp": "Agent"}, {"p": 873, "c": 0.9, "s": 428657, "e": 429065, "w": "等", "sp": "Agent"}, {"p": 874, "c": 0.9, "s": 429065, "e": 429880, "w": "一下", "sp": "Agent"}, {"p": 875, "c": 0.9, "s": 430160, "e": 430587, "w": "然后", "sp": "Agent"}, {"p": 876, "c": 0.9, "s": 430587, "e": 431015, "w": "这边", "sp": "Agent"}, {"p": 877, "c": 0.9, "s": 431015, "e": 431228, "w": "外", "sp": "Agent"}, {"p": 878, "c": 0.9, "s": 431228, "e": 431442, "w": "机", "sp": "Agent"}, {"p": 879, "c": 0.9, "s": 431442, "e": 431655, "w": "是", "sp": "Agent"}, {"p": 880, "c": 0.9, "s": 431656, "e": 431870, "w": "在", "sp": "Agent"}, {"p": 881, "c": 0.9, "s": 431870, "e": 432297, "w": "平台", "sp": "Agent"}, {"p": 882, "c": 0.9, "s": 432297, "e": 432725, "w": "还是", "sp": "Agent"}, {"p": 883, "c": 0.9, "s": 432725, "e": 432938, "w": "说", "sp": "Agent"}, {"p": 884, "c": 0.9, "s": 432938, "e": 433151, "w": "在", "sp": "Agent"}, {"p": 885, "c": 0.9, "s": 433152, "e": 433366, "w": "楼", "sp": "Agent"}, {"p": 886, "c": 0.9, "s": 433366, "e": 433580, "w": "底", "sp": "Agent"}, {"p": 887, "c": 0.9, "s": 433630, "e": 434385, "w": "平台", "sp": "Customer"}, {"p": 888, "c": 0.9, "s": 434385, "e": 435140, "w": "平台", "sp": "Customer"}, {"p": 889, "c": 0.9, "s": 435530, "e": 435840, "w": "你", "sp": "Customer"}, {"p": 890, "c": 0.9, "s": 435720, "e": 436200, "w": "然后", "sp": "Agent"}, {"p": 891, "c": 0.9, "s": 435840, "e": 436150, "w": "是", "sp": "Customer"}, {"p": 892, "c": 0.9, "s": 436150, "e": 436460, "w": "哪", "sp": "Customer"}, {"p": 893, "c": 0.9, "s": 436200, "e": 436680, "w": "疫情", "sp": "Agent"}, {"p": 894, "c": 0.9, "s": 436460, "e": 437080, "w": "平台", "sp": "Customer"}, {"p": 895, "c": 0.9, "s": 436680, "e": 437160, "w": "原因", "sp": "Agent"}, {"p": 896, "c": 0.9, "s": 437160, "e": 437400, "w": "对", "sp": "Agent"}, {"p": 897, "c": 0.9, "s": 437400, "e": 437639, "w": "好", "sp": "Agent"}, {"p": 898, "c": 0.9, "s": 437640, "e": 438120, "w": "疫情", "sp": "Agent"}, {"p": 899, "c": 0.9, "s": 438120, "e": 438600, "w": "原因", "sp": "Agent"}, {"p": 900, "c": 0.9, "s": 438600, "e": 439080, "w": "小区", "sp": "Agent"}, {"p": 901, "c": 0.9, "s": 439080, "e": 439560, "w": "是否", "sp": "Agent"}, {"p": 902, "c": 0.9, "s": 439560, "e": 439800, "w": "能", "sp": "Agent"}, {"p": 903, "c": 0.9, "s": 439800, "e": 440280, "w": "正常", "sp": "Agent"}, {"p": 904, "c": 0.9, "s": 440280, "e": 440760, "w": "进入", "sp": "Agent"}, {"p": 905, "c": 0.9, "s": 440790, "e": 441240, "w": "能", "sp": "Customer"}, {"p": 906, "c": 0.9, "s": 441240, "e": 441690, "w": "能", "sp": "Customer"}, {"p": 907, "c": 0.9, "s": 441690, "e": 442140, "w": "能", "sp": "Customer"}, {"p": 908, "c": 0.9, "s": 442520, "e": 442759, "w": "啊", "sp": "Agent"}, {"p": 909, "c": 0.9, "s": 442759, "e": 443237, "w": "还有", "sp": "Agent"}, {"p": 910, "c": 0.9, "s": 443237, "e": 443715, "w": "其他", "sp": "Agent"}, {"p": 911, "c": 0.9, "s": 443715, "e": 444193, "w": "方面", "sp": "Agent"}, {"p": 912, "c": 0.9, "s": 444193, "e": 444671, "w": "疑问", "sp": "Agent"}, {"p": 913, "c": 0.9, "s": 444671, "e": 445150, "w": "没有", "sp": "Agent"}, {"p": 914, "c": 0.9, "s": 447170, "e": 447673, "w": "还有", "sp": "Agent"}, {"p": 915, "c": 0.9, "s": 447673, "e": 448177, "w": "其他", "sp": "Agent"}, {"p": 916, "c": 0.9, "s": 448177, "e": 448680, "w": "方面", "sp": "Agent"}, {"p": 917, "c": 0.9, "s": 448680, "e": 448932, "w": "的", "sp": "Agent"}, {"p": 918, "c": 0.9, "s": 448932, "e": 449436, "w": "疑问", "sp": "Agent"}, {"p": 919, "c": 0.9, "s": 449436, "e": 449940, "w": "没有", "sp": "Agent"}, {"p": 920, "c": 0.9, "s": 449740, "e": 450505, "w": "没有", "sp": "Customer"}, {"p": 921, "c": 0.9, "s": 450506, "e": 450890, "w": "了", "sp": "Customer"}, {"p": 922, "c": 0.9, "s": 451470, "e": 451660, "w": "好", "sp": "Agent"}, {"p": 923, "c": 0.9, "s": 451660, "e": 451850, "w": "那", "sp": "Agent"}, {"p": 924, "c": 0.9, "s": 451850, "e": 452231, "w": "大姐", "sp": "Agent"}, {"p": 925, "c": 0.9, "s": 452231, "e": 452422, "w": "你", "sp": "Agent"}, {"p": 926, "c": 0.9, "s": 452422, "e": 452803, "w": "开通", "sp": "Agent"}, {"p": 927, "c": 0.9, "s": 452803, "e": 452993, "w": "微", "sp": "Agent"}, {"p": 928, "c": 0.9, "s": 452993, "e": 453184, "w": "信", "sp": "Agent"}, {"p": 929, "c": 0.9, "s": 453184, "e": 453565, "w": "公众", "sp": "Agent"}, {"p": 930, "c": 0.9, "s": 453565, "e": 453755, "w": "号", "sp": "Agent"}, {"p": 931, "c": 0.9, "s": 453755, "e": 454136, "w": "欢迎", "sp": "Agent"}, {"p": 932, "c": 0.9, "s": 454136, "e": 454517, "w": "关注", "sp": "Agent"}, {"p": 933, "c": 0.9, "s": 454517, "e": 454898, "w": "体验", "sp": "Agent"}, {"p": 934, "c": 0.9, "s": 454898, "e": 455279, "w": "最后", "sp": "Agent"}, {"p": 935, "c": 0.9, "s": 455279, "e": 455470, "w": "对", "sp": "Agent"}, {"p": 936, "c": 0.9, "s": 455470, "e": 455660, "w": "我", "sp": "Agent"}, {"p": 937, "c": 0.9, "s": 455660, "e": 455851, "w": "此", "sp": "Agent"}, {"p": 938, "c": 0.9, "s": 455851, "e": 456232, "w": "服务", "sp": "Agent"}, {"p": 939, "c": 0.9, "s": 456232, "e": 456422, "w": "做", "sp": "Agent"}, {"p": 940, "c": 0.9, "s": 456422, "e": 456803, "w": "一个", "sp": "Agent"}, {"p": 941, "c": 0.9, "s": 456803, "e": 457375, "w": "满意度", "sp": "Agent"}, {"p": 942, "c": 0.9, "s": 457375, "e": 457756, "w": "评价", "sp": "Agent"}, {"p": 943, "c": 0.9, "s": 457756, "e": 458137, "w": "祝您", "sp": "Agent"}, {"p": 944, "c": 0.9, "s": 458137, "e": 458518, "w": "生活", "sp": "Agent"}, {"p": 945, "c": 0.9, "s": 458518, "e": 458899, "w": "愉快", "sp": "Agent"}, {"p": 946, "c": 0.9, "s": 458899, "e": 459280, "w": "再见", "sp": "Agent"}, {"p": 947, "c": 0.9, "s": 459260, "e": 459895, "w": "再见", "sp": "Customer"}, {"p": 948, "c": 0.9, "s": 459895, "e": 460530, "w": "再见", "sp": "Customer"}, {"p": 949, "c": 0.9, "s": 460760, "e": 461115, "w": "好", "sp": "Agent"}, {"p": 950, "c": 0.9, "s": 461115, "e": 461824, "w": "再见", "sp": "Agent"}, {"p": 951, "c": 0.9, "s": 461825, "e": 462180, "w": "嗯", "sp": "Agent"}]}, "plainText": "六零 号 为您服务 啊 下午 好 大庆 售后 很 高兴 为您服务 请问 有 什么 可以 帮助 您\n你好 我 想 问 一下 我 这个 几 大 型 转 款 本来 就 立即 出现 U A 四 U A 四 这 两个 代码 两个 单数 什么 意思\n云 A\n嗯\n你 稍 等 一下 U A 因为\n是\n我\n这样\n看 一下\n我们 打麻将 没用\n室内\n完 了\n机\n吗\n和 室外机 的 组合 不大 我 这边\n十一点\n给 您 安排 一个 师傅 上门 查看 一下 具体 原因\n好好 好好 好\n好 然后 这边 的话 就是说 您 这边 贵姓\n呃 不是 我 是 按 我 是 还款 的 我 不是\n哦\n业主\n哦 你\n啊\n安装 方 代 报 是 吧 那 你 这边\n不知\n的话 就 用户\n道\n手机号 麻烦 你 提供 一下\n用户 的 是 的 呀\n对\n哪个 地方 嗯 用 不了 我 看看 嗯 幺 五二\n幺 五二 然后\n对\n呢\n幺 二 六六\n幺 二 六六\n四七 七五\n四七 七五 对 吧\n对 呀\n然后 用户 贵姓\n徐 双人 旁 的 徐\n好 的 现在 还是 女士\n啊 这 样子\n啊 然后 机器 是 在 几几 年 购买 的\n去年 买 的 今 今 今天 在 调试\n去年 二 零 二 一年 是 吧\n对 啊\n好 二 零 二 一年 保 内 事故 上门 只 需要 提供 一下 购机 合同 和 发票 就 可以 了 然后 上门 地址 麻烦 你 提供 一下 哪个 省 哪个 市\n安徽省\n安徽省 然后\n淮南\n呢\n市 淮南 市\n淮南 市\n一代 城\n稍 等 一下 是 哪个 区\n实验 山 南 呃 山南 新区\n山南 新区 之前 属于 哪个 区 区 呀\n呃 审 审核 单子\n山河\n对\n你 说 川 河 区域 是 没有 的 我们 这 只有 八 公 山区 凤台 县 然后 大通 区 市辖区 潘 集 区 天 家 庵 区 谢家 集 区\n南京\n就 这\n安居\n几个\n就是 平安 平安 安居 平安 安居\n哦 天津 安 区 然后 呢\n嗯 一代 村 嗯 小区 名字\n疑 是\n叫 一代 村\n咦 代\n啊\n城 怡 是 哪个 怡 竖 心 旁 的 怡 各个 台 的 那个\n啊 不对\n怡 吗\n不对 不对 不对 就是 数字 一 大写\n啊 数字\n数字 一 大概\n一\n数字 一对\n一代 是 代 是 哪个 代\n一代 天骄 城 际 市场 那个 一代\n一代 城\n对 啊\n单人旁 的 各个 各 是 吧\n对 对 对\n一代 城 城市 的 城\n对 啊\n然后 呢\n六号 楼 一 零 一\n一号 楼 幺\n七号\n零\n楼\n幺\n七 七七七\n七号 楼 哦 不好意思\n对\n七号\n嗯 没事\n楼 幺 零 幺 对 吧\n啊\n嗯 有没有 具体 的 路名\n没有\n到时候 这个 地址 是否 能 找到 是 吧\n导航 一下 就 能 找到 了\n嗯 好 的 然后 地址 我 再 跟 您 核对 一下 安徽省 淮南 市 天 江 区 然后 一代\n嗯\n城 七号 楼 幺 零 幺\n对\n对\n对\n吧\n对 对 啊\n然后 机器 的 型号 大概 清 不 清楚\n你好 喂 哪位 什么 理赔 他 嗯 我 看 一下\n嗯 如果\n好\n不\n了\n清楚\n谢谢\n到时候\n他 建议\n啊 勾\nL E Q 嗯\n啊\n零\n你\n幺\n再说\n六\n一下\nR\n你\n勾\n说\nR 勾 E Q\nR 勾 E Q 是\n对\n吧\n幺 六零\nE Q 幺 六零\n啊 A A V A A\nA\nV\nA V 好\n对\n的\n嗯\nR 勾 E Q 幺 六零 A A V 是 吧 家用 中央 的 还是 说 归 姬 挂机 呀\n转 不了\n好 的 稍 等 一下 然后 故障 代码 是 九\n余额\nA 是 吧\n对\n好 的 稍 等 一下\n他\n稍\n是 这样\n等\n的\n一下\n是 这样 的 你 看 有 一 台 机器\n嗯\n显示 U A 十 然后 其他 的 是 它 是 一 说 捂 的 然后 私人\n嗯\n消息 显示 的 呃 其他 四个 显示 是 U 九 幺\nU\n九零\n九\n嗯\nU 九 U 九 的话 一般 是 内外 机 的 通讯 故障 你 这个 U A 的话 应该 这个 需要 师傅 专门 看 一下 具体 什么 原因 导致 的\n我 那 还 问 一下 就 好 那 你 给 我 放 你 那 看看 吧\n嗯 好 的 U A 是 吧 然后\n嗯\n给 你 看 转门 时间 您 稍 等 一下 然后 这边 给 你 安排 到 今天 三月 十三号 到时候 师傅 去 前 电话 方式 联系 到 您 联系\n那 就\n到\n那\n用户\n就 那 就 今天 啊\n对 今天\n今天 呢 什么 时候 能 过来 呢\n嗯 具体 的话 是 师傅 提前 电话 方式 联系 到 用户\n没法 接 然后 怎么 那 你 不 你 给 你 给 那个 总部 电话号码 呢\n呃 这边 是 没有 的 不好意思\n那 你 不 知道 把 电话号码 改成 换 了 换成 我 的 我 本人 的\n哦 换成 你 是 吧 哦 那 你 这边\n对\n你 的 手机号码 麻烦 你 提供 一下\n幺 八 二\n幺 八 二\n嗯 五五 四 幺\n五 五四 幺\n零 九七 二\n零 九七 二\n对\n你 这边 贵姓\n姓 石 石头 的 石\n好 的 石 先生 好 的 然后 这边 的话 就 手机号 到时候 联系 你 是 吧\n对 对 对\n好 的 稍 等 一下 然后 这边 外 机 是 在 平台 还是 说 在 楼 底\n平台 平台 你\n然后\n是 哪\n疫情\n平台\n原因 对 好 疫情 原因 小区 是否 能 正常 进入\n能 能 能\n啊 还有 其他 方面 疑问 没有 还有 其他 方面 的 疑问 没有\n没有 了\n好 那 大姐 你 开通 微 信 公众 号 欢迎 关注 体验 最后 对 我 此 服务 做 一个 满意度 评价 祝您 生活 愉快 再见\n再见 再见\n好 再见 嗯", "plainTextTime": {"verbatims": [{"s": 3150, "e": 14360, "w": "六零 号 为您服务 啊 下午 好 大庆 售后 很 高兴 为您服务 请问 有 什么 可以 帮助 您", "sp": "Agent"}, {"s": 14510, "e": 24790, "w": "你好 我 想 问 一下 我 这个 几 大 型 转 款 本来 就 立即 出现 U A 四 U A 四 这 两个 代码 两个 单数 什么 意思", "sp": "Customer"}, {"s": 26550, "e": 28030, "w": "云 A", "sp": "Agent"}, {"s": 28100, "e": 29060, "w": "嗯", "sp": "Customer"}, {"s": 32330, "e": 38833, "w": "你 稍 等 一下 U A 因为", "sp": "Agent"}, {"s": 38530, "e": 38930, "w": "是", "sp": "Customer"}, {"s": 38833, "e": 39225, "w": "我", "sp": "Agent"}, {"s": 38930, "e": 39730, "w": "这样", "sp": "Customer"}, {"s": 39225, "e": 40400, "w": "看 一下", "sp": "Agent"}, {"s": 43460, "e": 44720, "w": "我们 打麻将 没用", "sp": "Customer"}, {"s": 44380, "e": 45066, "w": "室内", "sp": "Agent"}, {"s": 44720, "e": 45080, "w": "完 了", "sp": "Customer"}, {"s": 45066, "e": 45410, "w": "机", "sp": "Agent"}, {"s": 45080, "e": 45260, "w": "吗", "sp": "Customer"}, {"s": 45410, "e": 49332, "w": "和 室外机 的 组合 不大 我 这边", "sp": "Agent"}, {"s": 49210, "e": 50239, "w": "十一点", "sp": "Customer"}, {"s": 49332, "e": 52649, "w": "给 您 安排 一个 师傅 上门 查看 一下 具体 原因", "sp": "Agent"}, {"s": 53940, "e": 55379, "w": "好好 好好 好", "sp": "Customer"}, {"s": 55770, "e": 59180, "w": "好 然后 这边 的话 就是说 您 这边 贵姓", "sp": "Agent"}, {"s": 59580, "e": 62552, "w": "呃 不是 我 是 按 我 是 还款 的 我 不是", "sp": "Customer"}, {"s": 62410, "e": 62634, "w": "哦", "sp": "Agent"}, {"s": 62552, "e": 62976, "w": "业主", "sp": "Customer"}, {"s": 62634, "e": 63083, "w": "哦 你", "sp": "Agent"}, {"s": 62977, "e": 63190, "w": "啊", "sp": "Customer"}, {"s": 63083, "e": 65551, "w": "安装 方 代 报 是 吧 那 你 这边", "sp": "Agent"}, {"s": 65519, "e": 66272, "w": "不知", "sp": "Customer"}, {"s": 65552, "e": 66674, "w": "的话 就 用户", "sp": "Agent"}, {"s": 66273, "e": 66650, "w": "道", "sp": "Customer"}, {"s": 66675, "e": 68920, "w": "手机号 麻烦 你 提供 一下", "sp": "Agent"}, {"s": 69030, "e": 70640, "w": "用户 的 是 的 呀", "sp": "Customer"}, {"s": 70770, "e": 71859, "w": "对", "sp": "Agent"}, {"s": 70920, "e": 79230, "w": "哪个 地方 嗯 用 不了 我 看看 嗯 幺 五二", "sp": "Customer"}, {"s": 79890, "e": 81605, "w": "幺 五二 然后", "sp": "Agent"}, {"s": 81360, "e": 81770, "w": "对", "sp": "Customer"}, {"s": 81606, "e": 81950, "w": "呢", "sp": "Agent"}, {"s": 81770, "e": 83409, "w": "幺 二 六六", "sp": "Customer"}, {"s": 83670, "e": 85420, "w": "幺 二 六六", "sp": "Agent"}, {"s": 85470, "e": 87170, "w": "四七 七五", "sp": "Customer"}, {"s": 87560, "e": 90250, "w": "四七 七五 对 吧", "sp": "Agent"}, {"s": 90000, "e": 91000, "w": "对 呀", "sp": "Customer"}, {"s": 91400, "e": 93360, "w": "然后 用户 贵姓", "sp": "Agent"}, {"s": 93360, "e": 95440, "w": "徐 双人 旁 的 徐", "sp": "Customer"}, {"s": 95820, "e": 98190, "w": "好 的 现在 还是 女士", "sp": "Agent"}, {"s": 98690, "e": 100020, "w": "啊 这 样子", "sp": "Customer"}, {"s": 100740, "e": 104880, "w": "啊 然后 机器 是 在 几几 年 购买 的", "sp": "Agent"}, {"s": 105380, "e": 108270, "w": "去年 买 的 今 今 今天 在 调试", "sp": "Customer"}, {"s": 108870, "e": 111390, "w": "去年 二 零 二 一年 是 吧", "sp": "Agent"}, {"s": 111220, "e": 112200, "w": "对 啊", "sp": "Customer"}, {"s": 112690, "e": 123110, "w": "好 二 零 二 一年 保 内 事故 上门 只 需要 提供 一下 购机 合同 和 发票 就 可以 了 然后 上门 地址 麻烦 你 提供 一下 哪个 省 哪个 市", "sp": "Agent"}, {"s": 123420, "e": 124850, "w": "安徽省", "sp": "Customer"}, {"s": 125590, "e": 128222, "w": "安徽省 然后", "sp": "Agent"}, {"s": 127530, "e": 128369, "w": "淮南", "sp": "Customer"}, {"s": 128223, "e": 128750, "w": "呢", "sp": "Agent"}, {"s": 128369, "e": 130050, "w": "市 淮南 市", "sp": "Customer"}, {"s": 130390, "e": 132350, "w": "淮南 市", "sp": "Agent"}, {"s": 132380, "e": 133980, "w": "一代 城", "sp": "Customer"}, {"s": 135350, "e": 137540, "w": "稍 等 一下 是 哪个 区", "sp": "Agent"}, {"s": 138340, "e": 143019, "w": "实验 山 南 呃 山南 新区", "sp": "Customer"}, {"s": 144720, "e": 148390, "w": "山南 新区 之前 属于 哪个 区 区 呀", "sp": "Agent"}, {"s": 149430, "e": 153340, "w": "呃 审 审核 单子", "sp": "Customer"}, {"s": 155340, "e": 156849, "w": "山河", "sp": "Agent"}, {"s": 156840, "e": 157830, "w": "对", "sp": "Customer"}, {"s": 159820, "e": 171382, "w": "你 说 川 河 区域 是 没有 的 我们 这 只有 八 公 山区 凤台 县 然后 大通 区 市辖区 潘 集 区 天 家 庵 区 谢家 集 区", "sp": "Agent"}, {"s": 171310, "e": 171702, "w": "南京", "sp": "Customer"}, {"s": 171382, "e": 171946, "w": "就 这", "sp": "Agent"}, {"s": 171702, "e": 172095, "w": "安居", "sp": "Customer"}, {"s": 171946, "e": 172510, "w": "几个", "sp": "Agent"}, {"s": 172095, "e": 174450, "w": "就是 平安 平安 安居 平安 安居", "sp": "Customer"}, {"s": 174500, "e": 177010, "w": "哦 天津 安 区 然后 呢", "sp": "Agent"}, {"s": 177250, "e": 180888, "w": "嗯 一代 村 嗯 小区 名字", "sp": "Customer"}, {"s": 180110, "e": 181540, "w": "疑 是", "sp": "Agent"}, {"s": 180888, "e": 182505, "w": "叫 一代 村", "sp": "Customer"}, {"s": 182190, "e": 182682, "w": "咦 代", "sp": "Agent"}, {"s": 182505, "e": 182910, "w": "啊", "sp": "Customer"}, {"s": 182682, "e": 186867, "w": "城 怡 是 哪个 怡 竖 心 旁 的 怡 各个 台 的 那个", "sp": "Agent"}, {"s": 186420, "e": 187165, "w": "啊 不对", "sp": "Customer"}, {"s": 186867, "e": 187360, "w": "怡 吗", "sp": "Agent"}, {"s": 187165, "e": 190394, "w": "不对 不对 不对 就是 数字 一 大写", "sp": "Customer"}, {"s": 189920, "e": 191150, "w": "啊 数字", "sp": "Agent"}, {"s": 190394, "e": 191636, "w": "数字 一 大概", "sp": "Customer"}, {"s": 191150, "e": 191560, "w": "一", "sp": "Agent"}, {"s": 191636, "e": 192629, "w": "数字 一对", "sp": "Customer"}, {"s": 192830, "e": 196500, "w": "一代 是 代 是 哪个 代", "sp": "Agent"}, {"s": 196380, "e": 198590, "w": "一代 天骄 城 际 市场 那个 一代", "sp": "Customer"}, {"s": 200520, "e": 202180, "w": "一代 城", "sp": "Agent"}, {"s": 202180, "e": 203240, "w": "对 啊", "sp": "Customer"}, {"s": 203120, "e": 205850, "w": "单人旁 的 各个 各 是 吧", "sp": "Agent"}, {"s": 205590, "e": 206820, "w": "对 对 对", "sp": "Customer"}, {"s": 206980, "e": 209610, "w": "一代 城 城市 的 城", "sp": "Agent"}, {"s": 209450, "e": 210530, "w": "对 啊", "sp": "Customer"}, {"s": 210620, "e": 212050, "w": "然后 呢", "sp": "Agent"}, {"s": 211990, "e": 213790, "w": "六号 楼 一 零 一", "sp": "Customer"}, {"s": 214510, "e": 216630, "w": "一号 楼 幺", "sp": "Agent"}, {"s": 216210, "e": 217041, "w": "七号", "sp": "Customer"}, {"s": 216630, "e": 217160, "w": "零", "sp": "Agent"}, {"s": 217041, "e": 217457, "w": "楼", "sp": "Customer"}, {"s": 217160, "e": 217690, "w": "幺", "sp": "Agent"}, {"s": 217457, "e": 219120, "w": "七 七七七", "sp": "Customer"}, {"s": 218000, "e": 220739, "w": "七号 楼 哦 不好意思", "sp": "Agent"}, {"s": 219400, "e": 220319, "w": "对", "sp": "Customer"}, {"s": 220740, "e": 221425, "w": "七号", "sp": "Agent"}, {"s": 220840, "e": 221880, "w": "嗯 没事", "sp": "Customer"}, {"s": 221425, "e": 223480, "w": "楼 幺 零 幺 对 吧", "sp": "Agent"}, {"s": 223190, "e": 224180, "w": "啊", "sp": "Customer"}, {"s": 225530, "e": 228140, "w": "嗯 有没有 具体 的 路名", "sp": "Agent"}, {"s": 228670, "e": 229800, "w": "没有", "sp": "Customer"}, {"s": 230540, "e": 233530, "w": "到时候 这个 地址 是否 能 找到 是 吧", "sp": "Agent"}, {"s": 233340, "e": 235150, "w": "导航 一下 就 能 找到 了", "sp": "Customer"}, {"s": 235400, "e": 243118, "w": "嗯 好 的 然后 地址 我 再 跟 您 核对 一下 安徽省 淮南 市 天 江 区 然后 一代", "sp": "Agent"}, {"s": 242880, "e": 243910, "w": "嗯", "sp": "Customer"}, {"s": 243118, "e": 245048, "w": "城 七号 楼 幺 零 幺", "sp": "Agent"}, {"s": 244950, "e": 245237, "w": "对", "sp": "Customer"}, {"s": 245048, "e": 245324, "w": "对", "sp": "Agent"}, {"s": 245238, "e": 245526, "w": "对", "sp": "Customer"}, {"s": 245324, "e": 245600, "w": "吧", "sp": "Agent"}, {"s": 245526, "e": 246390, "w": "对 对 啊", "sp": "Customer"}, {"s": 247000, "e": 250090, "w": "然后 机器 的 型号 大概 清 不 清楚", "sp": "Agent"}, {"s": 250880, "e": 258860, "w": "你好 喂 哪位 什么 理赔 他 嗯 我 看 一下", "sp": "Customer"}, {"s": 259750, "e": 260506, "w": "嗯 如果", "sp": "Agent"}, {"s": 260150, "e": 260561, "w": "好", "sp": "Customer"}, {"s": 260506, "e": 260758, "w": "不", "sp": "Agent"}, {"s": 260562, "e": 260975, "w": "了", "sp": "Customer"}, {"s": 260758, "e": 261263, "w": "清楚", "sp": "Agent"}, {"s": 260975, "e": 261800, "w": "谢谢", "sp": "Customer"}, {"s": 261263, "e": 262019, "w": "到时候", "sp": "Agent"}, {"s": 262170, "e": 265590, "w": "他 建议", "sp": "Customer"}, {"s": 264760, "e": 266690, "w": "啊 勾", "sp": "Agent"}, {"s": 266570, "e": 270450, "w": "L E Q 嗯", "sp": "Customer"}, {"s": 270460, "e": 270880, "w": "啊", "sp": "Agent"}, {"s": 270860, "e": 271255, "w": "零", "sp": "Customer"}, {"s": 270880, "e": 271300, "w": "你", "sp": "Agent"}, {"s": 271256, "e": 271653, "w": "幺", "sp": "Customer"}, {"s": 271300, "e": 272139, "w": "再说", "sp": "Agent"}, {"s": 271653, "e": 272050, "w": "六", "sp": "Customer"}, {"s": 272140, "e": 272980, "w": "一下", "sp": "Agent"}, {"s": 272750, "e": 273268, "w": "R", "sp": "Customer"}, {"s": 272980, "e": 273400, "w": "你", "sp": "Agent"}, {"s": 273268, "e": 273786, "w": "勾", "sp": "Customer"}, {"s": 273400, "e": 273820, "w": "说", "sp": "Agent"}, {"s": 273786, "e": 275860, "w": "R 勾 E Q", "sp": "Customer"}, {"s": 276130, "e": 278063, "w": "R 勾 E Q 是", "sp": "Agent"}, {"s": 278050, "e": 278455, "w": "对", "sp": "Customer"}, {"s": 278063, "e": 278449, "w": "吧", "sp": "Agent"}, {"s": 278455, "e": 279669, "w": "幺 六零", "sp": "Customer"}, {"s": 280000, "e": 282560, "w": "E Q 幺 六零", "sp": "Agent"}, {"s": 282440, "e": 285157, "w": "啊 A A V A A", "sp": "Customer"}, {"s": 284780, "e": 285218, "w": "A", "sp": "Agent"}, {"s": 285157, "e": 285610, "w": "V", "sp": "Customer"}, {"s": 285218, "e": 286531, "w": "A V 好", "sp": "Agent"}, {"s": 286300, "e": 287150, "w": "对", "sp": "Customer"}, {"s": 286532, "e": 286970, "w": "的", "sp": "Agent"}, {"s": 287150, "e": 288000, "w": "嗯", "sp": "Customer"}, {"s": 287400, "e": 296030, "w": "R 勾 E Q 幺 六零 A A V 是 吧 家用 中央 的 还是 说 归 姬 挂机 呀", "sp": "Agent"}, {"s": 296180, "e": 297560, "w": "转 不了", "sp": "Customer"}, {"s": 298200, "e": 304085, "w": "好 的 稍 等 一下 然后 故障 代码 是 九", "sp": "Agent"}, {"s": 303860, "e": 305169, "w": "余额", "sp": "Customer"}, {"s": 304085, "e": 305690, "w": "A 是 吧", "sp": "Agent"}, {"s": 305810, "e": 306870, "w": "对", "sp": "Customer"}, {"s": 307070, "e": 309020, "w": "好 的 稍 等 一下", "sp": "Agent"}, {"s": 316210, "e": 316426, "w": "他", "sp": "Customer"}, {"s": 316280, "e": 316680, "w": "稍", "sp": "Agent"}, {"s": 316426, "e": 317077, "w": "是 这样", "sp": "Customer"}, {"s": 316680, "e": 317080, "w": "等", "sp": "Agent"}, {"s": 317077, "e": 317294, "w": "的", "sp": "Customer"}, {"s": 317080, "e": 317879, "w": "一下", "sp": "Agent"}, {"s": 317294, "e": 319680, "w": "是 这样 的 你 看 有 一 台 机器", "sp": "Customer"}, {"s": 319450, "e": 320490, "w": "嗯", "sp": "Agent"}, {"s": 319680, "e": 324236, "w": "显示 U A 十 然后 其他 的 是 它 是 一 说 捂 的 然后 私人", "sp": "Customer"}, {"s": 324110, "e": 325050, "w": "嗯", "sp": "Agent"}, {"s": 324236, "e": 329182, "w": "消息 显示 的 呃 其他 四个 显示 是 U 九 幺", "sp": "Customer"}, {"s": 329070, "e": 329755, "w": "U", "sp": "Agent"}, {"s": 329183, "e": 330130, "w": "九零", "sp": "Customer"}, {"s": 329755, "e": 330440, "w": "九", "sp": "Agent"}, {"s": 330410, "e": 331390, "w": "嗯", "sp": "Customer"}, {"s": 332830, "e": 343520, "w": "U 九 U 九 的话 一般 是 内外 机 的 通讯 故障 你 这个 U A 的话 应该 这个 需要 师傅 专门 看 一下 具体 什么 原因 导致 的", "sp": "Agent"}, {"s": 344440, "e": 348050, "w": "我 那 还 问 一下 就 好 那 你 给 我 放 你 那 看看 吧", "sp": "Customer"}, {"s": 348670, "e": 351138, "w": "嗯 好 的 U A 是 吧 然后", "sp": "Agent"}, {"s": 351080, "e": 352090, "w": "嗯", "sp": "Customer"}, {"s": 351138, "e": 374237, "w": "给 你 看 转门 时间 您 稍 等 一下 然后 这边 给 你 安排 到 今天 三月 十三号 到时候 师傅 去 前 电话 方式 联系 到 您 联系", "sp": "Agent"}, {"s": 373840, "e": 374393, "w": "那 就", "sp": "Customer"}, {"s": 374238, "e": 374465, "w": "到", "sp": "Agent"}, {"s": 374393, "e": 374670, "w": "那", "sp": "Customer"}, {"s": 374465, "e": 374919, "w": "用户", "sp": "Agent"}, {"s": 374670, "e": 376330, "w": "就 那 就 今天 啊", "sp": "Customer"}, {"s": 376870, "e": 378410, "w": "对 今天", "sp": "Agent"}, {"s": 378410, "e": 380199, "w": "今天 呢 什么 时候 能 过来 呢", "sp": "Customer"}, {"s": 380710, "e": 384910, "w": "嗯 具体 的话 是 师傅 提前 电话 方式 联系 到 用户", "sp": "Agent"}, {"s": 384960, "e": 389010, "w": "没法 接 然后 怎么 那 你 不 你 给 你 给 那个 总部 电话号码 呢", "sp": "Customer"}, {"s": 389330, "e": 391950, "w": "呃 这边 是 没有 的 不好意思", "sp": "Agent"}, {"s": 392080, "e": 395719, "w": "那 你 不 知道 把 电话号码 改成 换 了 换成 我 的 我 本人 的", "sp": "Customer"}, {"s": 396290, "e": 398883, "w": "哦 换成 你 是 吧 哦 那 你 这边", "sp": "Agent"}, {"s": 398470, "e": 399410, "w": "对", "sp": "Customer"}, {"s": 398884, "e": 401949, "w": "你 的 手机号码 麻烦 你 提供 一下", "sp": "Agent"}, {"s": 401950, "e": 403520, "w": "幺 八 二", "sp": "Customer"}, {"s": 403780, "e": 405290, "w": "幺 八 二", "sp": "Agent"}, {"s": 405260, "e": 407020, "w": "嗯 五五 四 幺", "sp": "Customer"}, {"s": 407380, "e": 409300, "w": "五 五四 幺", "sp": "Agent"}, {"s": 409200, "e": 410949, "w": "零 九七 二", "sp": "Customer"}, {"s": 411270, "e": 413630, "w": "零 九七 二", "sp": "Agent"}, {"s": 413630, "e": 414650, "w": "对", "sp": "Customer"}, {"s": 414040, "e": 415690, "w": "你 这边 贵姓", "sp": "Agent"}, {"s": 415850, "e": 417680, "w": "姓 石 石头 的 石", "sp": "Customer"}, {"s": 417880, "e": 424450, "w": "好 的 石 先生 好 的 然后 这边 的话 就 手机号 到时候 联系 你 是 吧", "sp": "Agent"}, {"s": 424320, "e": 425580, "w": "对 对 对", "sp": "Customer"}, {"s": 426100, "e": 433580, "w": "好 的 稍 等 一下 然后 这边 外 机 是 在 平台 还是 说 在 楼 底", "sp": "Agent"}, {"s": 433630, "e": 435840, "w": "平台 平台 你", "sp": "Customer"}, {"s": 435720, "e": 436200, "w": "然后", "sp": "Agent"}, {"s": 435840, "e": 436460, "w": "是 哪", "sp": "Customer"}, {"s": 436200, "e": 436680, "w": "疫情", "sp": "Agent"}, {"s": 436460, "e": 437080, "w": "平台", "sp": "Customer"}, {"s": 436680, "e": 440760, "w": "原因 对 好 疫情 原因 小区 是否 能 正常 进入", "sp": "Agent"}, {"s": 440790, "e": 442140, "w": "能 能 能", "sp": "Customer"}, {"s": 442520, "e": 449940, "w": "啊 还有 其他 方面 疑问 没有 还有 其他 方面 的 疑问 没有", "sp": "Agent"}, {"s": 449740, "e": 450890, "w": "没有 了", "sp": "Customer"}, {"s": 451470, "e": 459280, "w": "好 那 大姐 你 开通 微 信 公众 号 欢迎 关注 体验 最后 对 我 此 服务 做 一个 满意度 评价 祝您 生活 愉快 再见", "sp": "Agent"}, {"s": 459260, "e": 460530, "w": "再见 再见", "sp": "Customer"}, {"s": 460760, "e": 462180, "w": "好 再见 嗯", "sp": "Agent"}]}, "aqm": {"greeting": {"greeting_said": "为您服务, 售后, 高兴, 请问, 帮助", "n_greeting_said": 5, "score": 1}, "closing": {"closing_said": "关注, 祝您, 生活, 愉快, 再见", "n_closing_said": 5, "score": 1}, "speed": {"speed_max": 5.43, "n_words": 18, "words": "给 您 安排 一个 师傅 上门 查看 一下 具体 原因", "start": 49332, "end": 52649}}}