{"mediaId": "2022031316035484078300100000535402", "status": "Success", "dateCreated": "2022-03-21T18:45:50Z", "contentType": "audio/x-wav", "channels": "future use", "length": 173, "metadata": {"Sid": 10100, "Site_id": 783, "Audio_ch_num": 5354, "Audio_module_num": 783001, "Audio_start_time_gmt": "2022-03-13T08:01:01.617+08:00", "Transaction_id": "2022031316035484078300100000535402", "ContactID": "9204480130340000012", "Personal_id": "0", "Direction": 0, "Local_audio_start_time": "2022-03-13T16:01:01.617+08:00", "Local_audio_end_time": "2022-03-13T16:03:54.617+08:00", "Total_hold_time": "0", "Pbx_login_id": "", "Ani": "90102155368221", "Extension": "155368221", "String_extension": "90102155368221", "Switch_call_id": "SIP/AUDIO/083E1600-C577-0C6F-0891-BB4D41BD5975", "Switch_id": "783000001", "Duration_seconds": 173, "Wrapup_time_in_seconds": "0", "Dnis": "15153903716", "Number_of_conferences": "0", "Number_of_holds": "0", "Number_of_transfers": "0", "Percent_of_agent_call": "98", "Percent_of_other_call": "36", "Percent_of_mutual_silence": "30", "Num_of_agent_cross": "6", "Num_of_other_cross": "5", "IsException": 0}, "transcript_detailed": {"words": [{"p": 1, "c": 0.9, "s": 4210, "e": 4776, "w": "六零", "sp": "Agent"}, {"p": 2, "c": 0.9, "s": 4776, "e": 5343, "w": "二二", "sp": "Agent"}, {"p": 3, "c": 0.9, "s": 5343, "e": 5627, "w": "号", "sp": "Agent"}, {"p": 4, "c": 0.9, "s": 5627, "e": 6759, "w": "为您服务", "sp": "Agent"}, {"p": 5, "c": 0.9, "s": 6760, "e": 7327, "w": "下午", "sp": "Agent"}, {"p": 6, "c": 0.9, "s": 7327, "e": 7611, "w": "好", "sp": "Agent"}, {"p": 7, "c": 0.9, "s": 7611, "e": 8178, "w": "在线", "sp": "Agent"}, {"p": 8, "c": 0.9, "s": 8178, "e": 8745, "w": "售后", "sp": "Agent"}, {"p": 9, "c": 0.9, "s": 8745, "e": 9028, "w": "很", "sp": "Agent"}, {"p": 10, "c": 0.9, "s": 9028, "e": 9595, "w": "高兴", "sp": "Agent"}, {"p": 11, "c": 0.9, "s": 9595, "e": 10729, "w": "为您服务", "sp": "Agent"}, {"p": 12, "c": 0.9, "s": 10729, "e": 11295, "w": "请问", "sp": "Agent"}, {"p": 13, "c": 0.9, "s": 11295, "e": 11579, "w": "有", "sp": "Agent"}, {"p": 14, "c": 0.9, "s": 11579, "e": 12146, "w": "什么", "sp": "Agent"}, {"p": 15, "c": 0.9, "s": 12146, "e": 12713, "w": "可以", "sp": "Agent"}, {"p": 16, "c": 0.9, "s": 12713, "e": 12996, "w": "帮", "sp": "Agent"}, {"p": 17, "c": 0.9, "s": 12996, "e": 13280, "w": "您", "sp": "Agent"}, {"p": 18, "c": 0.9, "s": 13860, "e": 14163, "w": "喂", "sp": "Customer"}, {"p": 19, "c": 0.9, "s": 14163, "e": 14770, "w": "你好", "sp": "Customer"}, {"p": 20, "c": 0.9, "s": 14770, "e": 15377, "w": "那个", "sp": "Customer"}, {"p": 21, "c": 0.9, "s": 15377, "e": 15681, "w": "我", "sp": "Customer"}, {"p": 22, "c": 0.9, "s": 15681, "e": 16288, "w": "报修", "sp": "Customer"}, {"p": 23, "c": 0.9, "s": 16288, "e": 16592, "w": "的", "sp": "Customer"}, {"p": 24, "c": 0.9, "s": 16592, "e": 17199, "w": "空调", "sp": "Customer"}, {"p": 25, "c": 0.9, "s": 17199, "e": 17501, "w": "等", "sp": "Customer"}, {"p": 26, "c": 0.9, "s": 17390, "e": 17611, "w": "嗯", "sp": "Agent"}, {"p": 27, "c": 0.9, "s": 17502, "e": 18110, "w": "一下", "sp": "Customer"}, {"p": 28, "c": 0.9, "s": 17611, "e": 17833, "w": "哦", "sp": "Agent"}, {"p": 29, "c": 0.9, "s": 17833, "e": 18277, "w": "噪音", "sp": "Agent"}, {"p": 30, "c": 0.9, "s": 18277, "e": 18721, "w": "大师", "sp": "Agent"}, {"p": 31, "c": 0.9, "s": 18721, "e": 18943, "w": "是", "sp": "Agent"}, {"p": 32, "c": 0.9, "s": 18943, "e": 19165, "w": "内", "sp": "Agent"}, {"p": 33, "c": 0.9, "s": 19165, "e": 19387, "w": "机", "sp": "Agent"}, {"p": 34, "c": 0.9, "s": 19387, "e": 19830, "w": "噪音", "sp": "Agent"}, {"p": 35, "c": 0.9, "s": 19830, "e": 20052, "w": "大", "sp": "Agent"}, {"p": 36, "c": 0.9, "s": 20052, "e": 20496, "w": "还是", "sp": "Agent"}, {"p": 37, "c": 0.9, "s": 20496, "e": 21162, "w": "室外机", "sp": "Agent"}, {"p": 38, "c": 0.9, "s": 21162, "e": 21606, "w": "噪音", "sp": "Agent"}, {"p": 39, "c": 0.9, "s": 21606, "e": 21828, "w": "大", "sp": "Agent"}, {"p": 40, "c": 0.9, "s": 21828, "e": 22050, "w": "呀", "sp": "Agent"}, {"p": 41, "c": 0.9, "s": 22050, "e": 22580, "w": "那个", "sp": "Customer"}, {"p": 42, "c": 0.9, "s": 22580, "e": 22845, "w": "是", "sp": "Customer"}, {"p": 43, "c": 0.9, "s": 22845, "e": 23109, "w": "我", "sp": "Customer"}, {"p": 44, "c": 0.9, "s": 23110, "e": 23640, "w": "觉得", "sp": "Customer"}, {"p": 45, "c": 0.9, "s": 23640, "e": 23904, "w": "你", "sp": "Customer"}, {"p": 46, "c": 0.9, "s": 23905, "e": 24170, "w": "的", "sp": "Customer"}, {"p": 47, "c": 0.9, "s": 24170, "e": 24700, "w": "声音", "sp": "Customer"}, {"p": 48, "c": 0.9, "s": 24700, "e": 24965, "w": "都", "sp": "Customer"}, {"p": 49, "c": 0.9, "s": 24965, "e": 25230, "w": "大", "sp": "Customer"}, {"p": 50, "c": 0.9, "s": 25220, "e": 25376, "w": "哦", "sp": "Agent"}, {"p": 51, "c": 0.9, "s": 25376, "e": 25532, "w": "都", "sp": "Agent"}, {"p": 52, "c": 0.9, "s": 25532, "e": 25688, "w": "啊", "sp": "Agent"}, {"p": 53, "c": 0.9, "s": 25688, "e": 25845, "w": "都", "sp": "Agent"}, {"p": 54, "c": 0.9, "s": 25845, "e": 26157, "w": "大型", "sp": "Agent"}, {"p": 55, "c": 0.9, "s": 26157, "e": 26313, "w": "好", "sp": "Agent"}, {"p": 56, "c": 0.9, "s": 26313, "e": 26470, "w": "的", "sp": "Agent"}, {"p": 57, "c": 0.9, "s": 26470, "e": 26626, "w": "那", "sp": "Agent"}, {"p": 58, "c": 0.9, "s": 26626, "e": 26782, "w": "也", "sp": "Agent"}, {"p": 59, "c": 0.9, "s": 26782, "e": 27095, "w": "抱歉", "sp": "Agent"}, {"p": 60, "c": 0.9, "s": 27095, "e": 27251, "w": "给", "sp": "Agent"}, {"p": 61, "c": 0.9, "s": 27251, "e": 27407, "w": "您", "sp": "Agent"}, {"p": 62, "c": 0.9, "s": 27407, "e": 27720, "w": "带来", "sp": "Agent"}, {"p": 63, "c": 0.9, "s": 27720, "e": 28032, "w": "不便", "sp": "Agent"}, {"p": 64, "c": 0.9, "s": 28032, "e": 28188, "w": "了", "sp": "Agent"}, {"p": 65, "c": 0.9, "s": 28188, "e": 28345, "w": "这", "sp": "Agent"}, {"p": 66, "c": 0.9, "s": 28345, "e": 28501, "w": "是", "sp": "Agent"}, {"p": 67, "c": 0.9, "s": 28501, "e": 28657, "w": "您", "sp": "Agent"}, {"p": 68, "c": 0.9, "s": 28657, "e": 28970, "w": "自己", "sp": "Agent"}, {"p": 69, "c": 0.9, "s": 28970, "e": 29282, "w": "家用", "sp": "Agent"}, {"p": 70, "c": 0.9, "s": 29282, "e": 29438, "w": "的", "sp": "Agent"}, {"p": 71, "c": 0.9, "s": 29438, "e": 29751, "w": "机器", "sp": "Agent"}, {"p": 72, "c": 0.9, "s": 29751, "e": 29907, "w": "吗", "sp": "Agent"}, {"p": 73, "c": 0.9, "s": 29907, "e": 30220, "w": "还是", "sp": "Agent"}, {"p": 74, "c": 0.9, "s": 30220, "e": 30376, "w": "帮", "sp": "Agent"}, {"p": 75, "c": 0.9, "s": 30310, "e": 30519, "w": "啊", "sp": "Customer"}, {"p": 76, "c": 0.9, "s": 30376, "e": 30532, "w": "别", "sp": "Agent"}, {"p": 77, "c": 0.9, "s": 30520, "e": 30940, "w": "不是", "sp": "Customer"}, {"p": 78, "c": 0.9, "s": 30532, "e": 30845, "w": "人代", "sp": "Agent"}, {"p": 79, "c": 0.9, "s": 30845, "e": 31001, "w": "报", "sp": "Agent"}, {"p": 80, "c": 0.9, "s": 30940, "e": 31360, "w": "不是", "sp": "Customer"}, {"p": 81, "c": 0.9, "s": 31001, "e": 31157, "w": "呢", "sp": "Agent"}, {"p": 82, "c": 0.9, "s": 31157, "e": 31470, "w": "先生", "sp": "Agent"}, {"p": 83, "c": 0.9, "s": 31360, "e": 31570, "w": "我", "sp": "Customer"}, {"p": 84, "c": 0.9, "s": 31570, "e": 31779, "w": "是", "sp": "Customer"}, {"p": 85, "c": 0.9, "s": 31780, "e": 31990, "w": "代", "sp": "Customer"}, {"p": 86, "c": 0.9, "s": 31990, "e": 32200, "w": "报", "sp": "Customer"}, {"p": 87, "c": 0.9, "s": 32200, "e": 32410, "w": "代", "sp": "Customer"}, {"p": 88, "c": 0.9, "s": 32410, "e": 32619, "w": "报", "sp": "Customer"}, {"p": 89, "c": 0.9, "s": 32520, "e": 32742, "w": "啊", "sp": "Agent"}, {"p": 90, "c": 0.9, "s": 32619, "e": 32829, "w": "与", "sp": "Customer"}, {"p": 91, "c": 0.9, "s": 32742, "e": 32964, "w": "代", "sp": "Agent"}, {"p": 92, "c": 0.9, "s": 32830, "e": 33250, "w": "用户", "sp": "Customer"}, {"p": 93, "c": 0.9, "s": 32964, "e": 33186, "w": "报", "sp": "Agent"}, {"p": 94, "c": 0.9, "s": 33186, "e": 33408, "w": "是", "sp": "Agent"}, {"p": 95, "c": 0.9, "s": 33250, "e": 33460, "w": "代", "sp": "Customer"}, {"p": 96, "c": 0.9, "s": 33408, "e": 33852, "w": "如果", "sp": "Agent"}, {"p": 97, "c": 0.9, "s": 33460, "e": 33670, "w": "报", "sp": "Customer"}, {"p": 98, "c": 0.9, "s": 33852, "e": 34074, "w": "代", "sp": "Agent"}, {"p": 99, "c": 0.9, "s": 34074, "e": 34296, "w": "报", "sp": "Agent"}, {"p": 100, "c": 0.9, "s": 34296, "e": 34518, "w": "是", "sp": "Agent"}, {"p": 101, "c": 0.9, "s": 34518, "e": 35184, "w": "经销商", "sp": "Agent"}, {"p": 102, "c": 0.9, "s": 35184, "e": 35628, "w": "这边", "sp": "Agent"}, {"p": 103, "c": 0.9, "s": 35628, "e": 35850, "w": "是", "sp": "Agent"}, {"p": 104, "c": 0.9, "s": 35850, "e": 36294, "w": "还是", "sp": "Agent"}, {"p": 105, "c": 0.9, "s": 36294, "e": 36738, "w": "安装", "sp": "Agent"}, {"p": 106, "c": 0.9, "s": 36738, "e": 36960, "w": "方", "sp": "Agent"}, {"p": 107, "c": 0.9, "s": 37370, "e": 37802, "w": "嗯", "sp": "Customer"}, {"p": 108, "c": 0.9, "s": 37802, "e": 38667, "w": "安装", "sp": "Customer"}, {"p": 109, "c": 0.9, "s": 38667, "e": 39100, "w": "好", "sp": "Customer"}, {"p": 110, "c": 0.9, "s": 39180, "e": 39541, "w": "安装", "sp": "Agent"}, {"p": 111, "c": 0.9, "s": 39541, "e": 39902, "w": "发行", "sp": "Agent"}, {"p": 112, "c": 0.9, "s": 39902, "e": 40082, "w": "好", "sp": "Agent"}, {"p": 113, "c": 0.9, "s": 40082, "e": 40263, "w": "的", "sp": "Agent"}, {"p": 114, "c": 0.9, "s": 40263, "e": 40443, "w": "那", "sp": "Agent"}, {"p": 115, "c": 0.9, "s": 40443, "e": 40624, "w": "是", "sp": "Agent"}, {"p": 116, "c": 0.9, "s": 40624, "e": 40985, "w": "联系", "sp": "Agent"}, {"p": 117, "c": 0.9, "s": 40985, "e": 41166, "w": "您", "sp": "Agent"}, {"p": 118, "c": 0.9, "s": 41166, "e": 41527, "w": "还是", "sp": "Agent"}, {"p": 119, "c": 0.9, "s": 41527, "e": 41888, "w": "联系", "sp": "Agent"}, {"p": 120, "c": 0.9, "s": 41888, "e": 42249, "w": "用户", "sp": "Agent"}, {"p": 121, "c": 0.9, "s": 42249, "e": 42430, "w": "呀", "sp": "Agent"}, {"p": 122, "c": 0.9, "s": 42570, "e": 42959, "w": "哎", "sp": "Customer"}, {"p": 123, "c": 0.9, "s": 42959, "e": 43737, "w": "联系", "sp": "Customer"}, {"p": 124, "c": 0.9, "s": 43737, "e": 44516, "w": "这个", "sp": "Customer"}, {"p": 125, "c": 0.9, "s": 44516, "e": 44905, "w": "留", "sp": "Customer"}, {"p": 126, "c": 0.9, "s": 44905, "e": 45294, "w": "啊", "sp": "Customer"}, {"p": 127, "c": 0.9, "s": 45294, "e": 45683, "w": "留", "sp": "Customer"}, {"p": 128, "c": 0.9, "s": 45683, "e": 46073, "w": "留", "sp": "Customer"}, {"p": 129, "c": 0.9, "s": 46073, "e": 47630, "w": "电话号码", "sp": "Customer"}, {"p": 130, "c": 0.9, "s": 47630, "e": 47859, "w": "嗯", "sp": "Agent"}, {"p": 131, "c": 0.9, "s": 47859, "e": 48088, "w": "好", "sp": "Agent"}, {"p": 132, "c": 0.9, "s": 48088, "e": 48317, "w": "的", "sp": "Agent"}, {"p": 133, "c": 0.9, "s": 48317, "e": 48775, "w": "用户", "sp": "Agent"}, {"p": 134, "c": 0.9, "s": 48775, "e": 49233, "w": "号码", "sp": "Agent"}, {"p": 135, "c": 0.9, "s": 49233, "e": 49462, "w": "是", "sp": "Agent"}, {"p": 136, "c": 0.9, "s": 49462, "e": 49920, "w": "多少", "sp": "Agent"}, {"p": 137, "c": 0.9, "s": 49920, "e": 50149, "w": "呢", "sp": "Agent"}, {"p": 138, "c": 0.9, "s": 50680, "e": 50968, "w": "幺", "sp": "Customer"}, {"p": 139, "c": 0.9, "s": 50968, "e": 51255, "w": "八", "sp": "Customer"}, {"p": 140, "c": 0.9, "s": 51256, "e": 51833, "w": "六六", "sp": "Customer"}, {"p": 141, "c": 0.9, "s": 51833, "e": 52410, "w": "九九", "sp": "Customer"}, {"p": 142, "c": 0.9, "s": 52490, "e": 52847, "w": "好", "sp": "Agent"}, {"p": 143, "c": 0.9, "s": 52847, "e": 53204, "w": "的", "sp": "Agent"}, {"p": 144, "c": 0.9, "s": 53204, "e": 53560, "w": "稍", "sp": "Agent"}, {"p": 145, "c": 0.9, "s": 53561, "e": 53918, "w": "等", "sp": "Agent"}, {"p": 146, "c": 0.9, "s": 53918, "e": 54274, "w": "幺", "sp": "Agent"}, {"p": 147, "c": 0.9, "s": 54275, "e": 54632, "w": "八", "sp": "Agent"}, {"p": 148, "c": 0.9, "s": 54632, "e": 55346, "w": "六六", "sp": "Agent"}, {"p": 149, "c": 0.9, "s": 55346, "e": 56060, "w": "九九", "sp": "Agent"}, {"p": 150, "c": 0.9, "s": 55950, "e": 56344, "w": "六", "sp": "Customer"}, {"p": 151, "c": 0.9, "s": 56344, "e": 57132, "w": "零零", "sp": "Customer"}, {"p": 152, "c": 0.9, "s": 57132, "e": 57920, "w": "二七", "sp": "Customer"}, {"p": 153, "c": 0.9, "s": 57980, "e": 58440, "w": "六零", "sp": "Agent"}, {"p": 154, "c": 0.9, "s": 58440, "e": 58670, "w": "零", "sp": "Agent"}, {"p": 155, "c": 0.9, "s": 58670, "e": 59129, "w": "二七", "sp": "Agent"}, {"p": 156, "c": 0.9, "s": 59130, "e": 59360, "w": "好", "sp": "Agent"}, {"p": 157, "c": 0.9, "s": 59360, "e": 59590, "w": "的", "sp": "Agent"}, {"p": 158, "c": 0.9, "s": 59590, "e": 60050, "w": "核对", "sp": "Agent"}, {"p": 159, "c": 0.9, "s": 60050, "e": 60510, "w": "一下", "sp": "Agent"}, {"p": 160, "c": 0.9, "s": 60510, "e": 60739, "w": "是", "sp": "Agent"}, {"p": 161, "c": 0.9, "s": 60740, "e": 60970, "w": "幺", "sp": "Agent"}, {"p": 162, "c": 0.9, "s": 60970, "e": 61200, "w": "八", "sp": "Agent"}, {"p": 163, "c": 0.9, "s": 61200, "e": 61660, "w": "六六", "sp": "Agent"}, {"p": 164, "c": 0.9, "s": 61660, "e": 62120, "w": "九九", "sp": "Agent"}, {"p": 165, "c": 0.9, "s": 62120, "e": 62579, "w": "六零", "sp": "Agent"}, {"p": 166, "c": 0.9, "s": 62580, "e": 62810, "w": "零", "sp": "Agent"}, {"p": 167, "c": 0.9, "s": 62810, "e": 63270, "w": "二七", "sp": "Agent"}, {"p": 168, "c": 0.9, "s": 63270, "e": 63500, "w": "对", "sp": "Agent"}, {"p": 169, "c": 0.9, "s": 63500, "e": 63730, "w": "吗", "sp": "Agent"}, {"p": 170, "c": 0.9, "s": 64040, "e": 65030, "w": "对", "sp": "Customer"}, {"p": 171, "c": 0.9, "s": 64960, "e": 65164, "w": "啊", "sp": "Agent"}, {"p": 172, "c": 0.9, "s": 65164, "e": 65369, "w": "好", "sp": "Agent"}, {"p": 173, "c": 0.9, "s": 65369, "e": 65574, "w": "的", "sp": "Agent"}, {"p": 174, "c": 0.9, "s": 65574, "e": 65778, "w": "那", "sp": "Agent"}, {"p": 175, "c": 0.9, "s": 65778, "e": 66188, "w": "机器", "sp": "Agent"}, {"p": 176, "c": 0.9, "s": 66188, "e": 66392, "w": "呃", "sp": "Agent"}, {"p": 177, "c": 0.9, "s": 66392, "e": 66597, "w": "的", "sp": "Agent"}, {"p": 178, "c": 0.9, "s": 66597, "e": 67007, "w": "那个", "sp": "Agent"}, {"p": 179, "c": 0.9, "s": 67007, "e": 67416, "w": "用户", "sp": "Agent"}, {"p": 180, "c": 0.9, "s": 67416, "e": 67825, "w": "怎么", "sp": "Agent"}, {"p": 181, "c": 0.9, "s": 67825, "e": 68235, "w": "称呼", "sp": "Agent"}, {"p": 182, "c": 0.9, "s": 68235, "e": 68440, "w": "呢", "sp": "Agent"}, {"p": 183, "c": 0.9, "s": 68730, "e": 69180, "w": "朱", "sp": "Customer"}, {"p": 184, "c": 0.9, "s": 69180, "e": 70080, "w": "女士", "sp": "Customer"}, {"p": 185, "c": 0.9, "s": 70010, "e": 70214, "w": "啊", "sp": "Agent"}, {"p": 186, "c": 0.9, "s": 70214, "e": 70419, "w": "朱", "sp": "Agent"}, {"p": 187, "c": 0.9, "s": 70419, "e": 70829, "w": "女士", "sp": "Agent"}, {"p": 188, "c": 0.9, "s": 70829, "e": 71033, "w": "行", "sp": "Agent"}, {"p": 189, "c": 0.9, "s": 71033, "e": 71238, "w": "好", "sp": "Agent"}, {"p": 190, "c": 0.9, "s": 71238, "e": 71443, "w": "的", "sp": "Agent"}, {"p": 191, "c": 0.9, "s": 71443, "e": 71648, "w": "那", "sp": "Agent"}, {"p": 192, "c": 0.9, "s": 71648, "e": 72057, "w": "用户", "sp": "Agent"}, {"p": 193, "c": 0.9, "s": 72057, "e": 72467, "w": "信息", "sp": "Agent"}, {"p": 194, "c": 0.9, "s": 72467, "e": 72876, "w": "大概", "sp": "Agent"}, {"p": 195, "c": 0.9, "s": 72876, "e": 73081, "w": "是", "sp": "Agent"}, {"p": 196, "c": 0.9, "s": 73081, "e": 73491, "w": "什么", "sp": "Agent"}, {"p": 197, "c": 0.9, "s": 73491, "e": 73899, "w": "时间", "sp": "Agent"}, {"p": 198, "c": 0.9, "s": 73900, "e": 74310, "w": "购买", "sp": "Agent"}, {"p": 199, "c": 0.9, "s": 74310, "e": 74515, "w": "的", "sp": "Agent"}, {"p": 200, "c": 0.9, "s": 74515, "e": 74720, "w": "呀", "sp": "Agent"}, {"p": 201, "c": 0.9, "s": 75090, "e": 75437, "w": "二", "sp": "Customer"}, {"p": 202, "c": 0.9, "s": 75438, "e": 75786, "w": "零", "sp": "Customer"}, {"p": 203, "c": 0.9, "s": 75786, "e": 76134, "w": "年", "sp": "Customer"}, {"p": 204, "c": 0.9, "s": 76134, "e": 76830, "w": "年底", "sp": "Customer"}, {"p": 205, "c": 0.9, "s": 76870, "e": 77096, "w": "二", "sp": "Agent"}, {"p": 206, "c": 0.9, "s": 77096, "e": 77322, "w": "零", "sp": "Agent"}, {"p": 207, "c": 0.9, "s": 77322, "e": 77548, "w": "年", "sp": "Agent"}, {"p": 208, "c": 0.9, "s": 77549, "e": 78002, "w": "年底", "sp": "Agent"}, {"p": 209, "c": 0.9, "s": 78002, "e": 78228, "w": "好", "sp": "Agent"}, {"p": 210, "c": 0.9, "s": 78228, "e": 78454, "w": "的", "sp": "Agent"}, {"p": 211, "c": 0.9, "s": 78455, "e": 78908, "w": "机器", "sp": "Agent"}, {"p": 212, "c": 0.9, "s": 78908, "e": 79133, "w": "的", "sp": "Agent"}, {"p": 213, "c": 0.9, "s": 79134, "e": 79587, "w": "型号", "sp": "Agent"}, {"p": 214, "c": 0.9, "s": 79587, "e": 80040, "w": "这边", "sp": "Agent"}, {"p": 215, "c": 0.9, "s": 80040, "e": 80493, "w": "知道", "sp": "Agent"}, {"p": 216, "c": 0.9, "s": 80493, "e": 80719, "w": "吗", "sp": "Agent"}, {"p": 217, "c": 0.9, "s": 81500, "e": 82142, "w": "那个", "sp": "Customer"}, {"p": 218, "c": 0.9, "s": 82142, "e": 82464, "w": "六", "sp": "Customer"}, {"p": 219, "c": 0.9, "s": 82464, "e": 82784, "w": "K", "sp": "Customer"}, {"p": 220, "c": 0.9, "s": 82785, "e": 83107, "w": "的", "sp": "Customer"}, {"p": 221, "c": 0.9, "s": 83107, "e": 83750, "w": "机器", "sp": "Customer"}, {"p": 222, "c": 0.9, "s": 83880, "e": 84153, "w": "六", "sp": "Agent"}, {"p": 223, "c": 0.9, "s": 84153, "e": 84426, "w": "体", "sp": "Agent"}, {"p": 224, "c": 0.9, "s": 84426, "e": 84700, "w": "的", "sp": "Agent"}, {"p": 225, "c": 0.9, "s": 84700, "e": 85245, "w": "加油", "sp": "Agent"}, {"p": 226, "c": 0.9, "s": 85246, "e": 85520, "w": "装", "sp": "Agent"}, {"p": 227, "c": 0.9, "s": 85520, "e": 86065, "w": "空调", "sp": "Agent"}, {"p": 228, "c": 0.9, "s": 86066, "e": 86340, "w": "吗", "sp": "Agent"}, {"p": 229, "c": 0.9, "s": 86810, "e": 87770, "w": "对", "sp": "Customer"}, {"p": 230, "c": 0.9, "s": 88150, "e": 88303, "w": "啊", "sp": "Agent"}, {"p": 231, "c": 0.9, "s": 88303, "e": 88457, "w": "行", "sp": "Agent"}, {"p": 232, "c": 0.9, "s": 88457, "e": 88610, "w": "好", "sp": "Agent"}, {"p": 233, "c": 0.9, "s": 88610, "e": 88764, "w": "的", "sp": "Agent"}, {"p": 234, "c": 0.9, "s": 88764, "e": 88917, "w": "那", "sp": "Agent"}, {"p": 235, "c": 0.9, "s": 88917, "e": 89225, "w": "这个", "sp": "Agent"}, {"p": 236, "c": 0.9, "s": 89225, "e": 89532, "w": "机器", "sp": "Agent"}, {"p": 237, "c": 0.9, "s": 89532, "e": 89839, "w": "的话", "sp": "Agent"}, {"p": 238, "c": 0.9, "s": 89839, "e": 89992, "w": "还", "sp": "Agent"}, {"p": 239, "c": 0.9, "s": 89992, "e": 90146, "w": "在", "sp": "Agent"}, {"p": 240, "c": 0.9, "s": 90146, "e": 90453, "w": "质保", "sp": "Agent"}, {"p": 241, "c": 0.9, "s": 90453, "e": 90760, "w": "期内", "sp": "Agent"}, {"p": 242, "c": 0.9, "s": 90760, "e": 91067, "w": "需要", "sp": "Agent"}, {"p": 243, "c": 0.9, "s": 91067, "e": 91375, "w": "提前", "sp": "Agent"}, {"p": 244, "c": 0.9, "s": 91375, "e": 91682, "w": "准备", "sp": "Agent"}, {"p": 245, "c": 0.9, "s": 91682, "e": 91835, "w": "好", "sp": "Agent"}, {"p": 246, "c": 0.9, "s": 91835, "e": 92142, "w": "购机", "sp": "Agent"}, {"p": 247, "c": 0.9, "s": 92142, "e": 92450, "w": "发票", "sp": "Agent"}, {"p": 248, "c": 0.9, "s": 92450, "e": 92757, "w": "或者", "sp": "Agent"}, {"p": 249, "c": 0.9, "s": 92757, "e": 92910, "w": "是", "sp": "Agent"}, {"p": 250, "c": 0.9, "s": 92910, "e": 93217, "w": "合同", "sp": "Agent"}, {"p": 251, "c": 0.9, "s": 93217, "e": 93371, "w": "给", "sp": "Agent"}, {"p": 252, "c": 0.9, "s": 93371, "e": 93678, "w": "师傅", "sp": "Agent"}, {"p": 253, "c": 0.9, "s": 93678, "e": 93985, "w": "上门", "sp": "Agent"}, {"p": 254, "c": 0.9, "s": 93985, "e": 94292, "w": "查看", "sp": "Agent"}, {"p": 255, "c": 0.9, "s": 94292, "e": 94600, "w": "可以", "sp": "Agent"}, {"p": 256, "c": 0.9, "s": 95480, "e": 95980, "w": "好", "sp": "Customer"}, {"p": 257, "c": 0.9, "s": 95980, "e": 96480, "w": "的", "sp": "Customer"}, {"p": 258, "c": 0.9, "s": 96520, "e": 96727, "w": "嗯", "sp": "Agent"}, {"p": 259, "c": 0.9, "s": 96727, "e": 96935, "w": "好", "sp": "Agent"}, {"p": 260, "c": 0.9, "s": 96935, "e": 97142, "w": "的", "sp": "Agent"}, {"p": 261, "c": 0.9, "s": 97142, "e": 97350, "w": "那", "sp": "Agent"}, {"p": 262, "c": 0.9, "s": 97350, "e": 97765, "w": "具体", "sp": "Agent"}, {"p": 263, "c": 0.9, "s": 97765, "e": 97972, "w": "的", "sp": "Agent"}, {"p": 264, "c": 0.9, "s": 97972, "e": 98387, "w": "上门", "sp": "Agent"}, {"p": 265, "c": 0.9, "s": 98387, "e": 98802, "w": "地址", "sp": "Agent"}, {"p": 266, "c": 0.9, "s": 98802, "e": 99010, "w": "是", "sp": "Agent"}, {"p": 267, "c": 0.9, "s": 99010, "e": 99217, "w": "在", "sp": "Agent"}, {"p": 268, "c": 0.9, "s": 99217, "e": 99632, "w": "哪里", "sp": "Agent"}, {"p": 269, "c": 0.9, "s": 99270, "e": 100210, "w": "山东省", "sp": "Customer"}, {"p": 270, "c": 0.9, "s": 99632, "e": 99840, "w": "呢", "sp": "Agent"}, {"p": 271, "c": 0.9, "s": 100210, "e": 100836, "w": "临沂", "sp": "Customer"}, {"p": 272, "c": 0.9, "s": 100836, "e": 101150, "w": "市", "sp": "Customer"}, {"p": 273, "c": 0.9, "s": 101200, "e": 101427, "w": "好", "sp": "Agent"}, {"p": 274, "c": 0.9, "s": 101428, "e": 101657, "w": "的", "sp": "Agent"}, {"p": 275, "c": 0.9, "s": 101657, "e": 101885, "w": "稍", "sp": "Agent"}, {"p": 276, "c": 0.9, "s": 101886, "e": 102115, "w": "等", "sp": "Agent"}, {"p": 277, "c": 0.9, "s": 102115, "e": 102343, "w": "哦", "sp": "Agent"}, {"p": 278, "c": 0.9, "s": 102344, "e": 102801, "w": "这个", "sp": "Agent"}, {"p": 279, "c": 0.9, "s": 102801, "e": 103259, "w": "抱歉", "sp": "Agent"}, {"p": 280, "c": 0.9, "s": 103259, "e": 103717, "w": "看到", "sp": "Agent"}, {"p": 281, "c": 0.9, "s": 103717, "e": 104174, "w": "之前", "sp": "Agent"}, {"p": 282, "c": 0.9, "s": 104174, "e": 104403, "w": "有", "sp": "Agent"}, {"p": 283, "c": 0.9, "s": 104403, "e": 104861, "w": "登记", "sp": "Agent"}, {"p": 284, "c": 0.9, "s": 104861, "e": 105090, "w": "是", "sp": "Agent"}, {"p": 285, "c": 0.9, "s": 105090, "e": 105775, "w": "山东省", "sp": "Agent"}, {"p": 286, "c": 0.9, "s": 105776, "e": 106234, "w": "临沂", "sp": "Agent"}, {"p": 287, "c": 0.9, "s": 106234, "e": 106462, "w": "市", "sp": "Agent"}, {"p": 288, "c": 0.9, "s": 106420, "e": 106909, "w": "不是", "sp": "Customer"}, {"p": 289, "c": 0.9, "s": 106462, "e": 106920, "w": "兰山", "sp": "Agent"}, {"p": 290, "c": 0.9, "s": 106910, "e": 107400, "w": "不是", "sp": "Customer"}, {"p": 291, "c": 0.9, "s": 106920, "e": 107148, "w": "区", "sp": "Agent"}, {"p": 292, "c": 0.9, "s": 107149, "e": 107607, "w": "河东", "sp": "Agent"}, {"p": 293, "c": 0.9, "s": 107400, "e": 107890, "w": "不是", "sp": "Customer"}, {"p": 294, "c": 0.9, "s": 107607, "e": 107835, "w": "区", "sp": "Agent"}, {"p": 295, "c": 0.9, "s": 107835, "e": 108293, "w": "然后", "sp": "Agent"}, {"p": 296, "c": 0.9, "s": 108293, "e": 108751, "w": "出行", "sp": "Agent"}, {"p": 297, "c": 0.9, "s": 108751, "e": 108979, "w": "啊", "sp": "Agent"}, {"p": 298, "c": 0.9, "s": 109170, "e": 109427, "w": "哦", "sp": "Customer"}, {"p": 299, "c": 0.9, "s": 109427, "e": 109684, "w": "对", "sp": "Customer"}, {"p": 300, "c": 0.9, "s": 109620, "e": 110180, "w": "啊", "sp": "Agent"}, {"p": 301, "c": 0.9, "s": 109684, "e": 109941, "w": "是", "sp": "Customer"}, {"p": 302, "c": 0.9, "s": 109941, "e": 110198, "w": "对", "sp": "Customer"}, {"p": 303, "c": 0.9, "s": 110180, "e": 110740, "w": "行", "sp": "Agent"}, {"p": 304, "c": 0.9, "s": 110198, "e": 110455, "w": "是", "sp": "Customer"}, {"p": 305, "c": 0.9, "s": 110455, "e": 110970, "w": "这个", "sp": "Customer"}, {"p": 306, "c": 0.9, "s": 110970, "e": 111227, "w": "和", "sp": "Customer"}, {"p": 307, "c": 0.9, "s": 111227, "e": 111484, "w": "和", "sp": "Customer"}, {"p": 308, "c": 0.9, "s": 111484, "e": 111998, "w": "平路", "sp": "Customer"}, {"p": 309, "c": 0.9, "s": 111998, "e": 112255, "w": "这", "sp": "Customer"}, {"p": 310, "c": 0.9, "s": 112255, "e": 112770, "w": "一个", "sp": "Customer"}, {"p": 311, "c": 0.9, "s": 112770, "e": 113016, "w": "嗯", "sp": "Agent"}, {"p": 312, "c": 0.9, "s": 113016, "e": 113507, "w": "四平", "sp": "Agent"}, {"p": 313, "c": 0.9, "s": 113508, "e": 113754, "w": "路", "sp": "Agent"}, {"p": 314, "c": 0.9, "s": 113754, "e": 114000, "w": "怡", "sp": "Agent"}, {"p": 315, "c": 0.9, "s": 114000, "e": 114246, "w": "心", "sp": "Agent"}, {"p": 316, "c": 0.9, "s": 114246, "e": 114492, "w": "怡", "sp": "Agent"}, {"p": 317, "c": 0.9, "s": 114492, "e": 114738, "w": "景", "sp": "Agent"}, {"p": 318, "c": 0.9, "s": 114738, "e": 115229, "w": "花园", "sp": "Agent"}, {"p": 319, "c": 0.9, "s": 115230, "e": 115476, "w": "十", "sp": "Agent"}, {"p": 320, "c": 0.9, "s": 115476, "e": 115968, "w": "五号", "sp": "Agent"}, {"p": 321, "c": 0.9, "s": 115969, "e": 116215, "w": "楼", "sp": "Agent"}, {"p": 322, "c": 0.9, "s": 116215, "e": 116461, "w": "二", "sp": "Agent"}, {"p": 323, "c": 0.9, "s": 116461, "e": 116952, "w": "单元", "sp": "Agent"}, {"p": 324, "c": 0.9, "s": 116953, "e": 117445, "w": "六零", "sp": "Agent"}, {"p": 325, "c": 0.9, "s": 117445, "e": 117691, "w": "幺", "sp": "Agent"}, {"p": 326, "c": 0.9, "s": 117691, "e": 118183, "w": "这个", "sp": "Agent"}, {"p": 327, "c": 0.9, "s": 118183, "e": 118430, "w": "吗", "sp": "Agent"}, {"p": 328, "c": 0.9, "s": 118760, "e": 119720, "w": "嗯", "sp": "Customer"}, {"p": 329, "c": 0.9, "s": 119720, "e": 120680, "w": "对", "sp": "Customer"}, {"p": 330, "c": 0.9, "s": 120820, "e": 121039, "w": "啊", "sp": "Agent"}, {"p": 331, "c": 0.9, "s": 121039, "e": 121258, "w": "嗯", "sp": "Agent"}, {"p": 332, "c": 0.9, "s": 121258, "e": 121477, "w": "是", "sp": "Agent"}, {"p": 333, "c": 0.9, "s": 121477, "e": 121696, "w": "好", "sp": "Agent"}, {"p": 334, "c": 0.9, "s": 121696, "e": 121915, "w": "的", "sp": "Agent"}, {"p": 335, "c": 0.9, "s": 121915, "e": 122134, "w": "那", "sp": "Agent"}, {"p": 336, "c": 0.9, "s": 122134, "e": 122572, "w": "这边", "sp": "Agent"}, {"p": 337, "c": 0.9, "s": 122572, "e": 122791, "w": "再", "sp": "Agent"}, {"p": 338, "c": 0.9, "s": 122791, "e": 123229, "w": "最后", "sp": "Agent"}, {"p": 339, "c": 0.9, "s": 123229, "e": 123448, "w": "再", "sp": "Agent"}, {"p": 340, "c": 0.9, "s": 123448, "e": 123886, "w": "重新", "sp": "Agent"}, {"p": 341, "c": 0.9, "s": 123886, "e": 124105, "w": "跟", "sp": "Agent"}, {"p": 342, "c": 0.9, "s": 124105, "e": 124324, "w": "您", "sp": "Agent"}, {"p": 343, "c": 0.9, "s": 124324, "e": 124762, "w": "核对", "sp": "Agent"}, {"p": 344, "c": 0.9, "s": 124762, "e": 125200, "w": "一下", "sp": "Agent"}, {"p": 345, "c": 0.9, "s": 125200, "e": 125638, "w": "地址", "sp": "Agent"}, {"p": 346, "c": 0.9, "s": 125638, "e": 125857, "w": "吧", "sp": "Agent"}, {"p": 347, "c": 0.9, "s": 125770, "e": 126759, "w": "嗯", "sp": "Customer"}, {"p": 348, "c": 0.9, "s": 125857, "e": 126295, "w": "完整", "sp": "Agent"}, {"p": 349, "c": 0.9, "s": 126295, "e": 126514, "w": "的", "sp": "Agent"}, {"p": 350, "c": 0.9, "s": 126514, "e": 126733, "w": "是", "sp": "Agent"}, {"p": 351, "c": 0.9, "s": 126733, "e": 127390, "w": "山东省", "sp": "Agent"}, {"p": 352, "c": 0.9, "s": 127390, "e": 127828, "w": "临沂", "sp": "Agent"}, {"p": 353, "c": 0.9, "s": 127828, "e": 128047, "w": "市", "sp": "Agent"}, {"p": 354, "c": 0.9, "s": 128047, "e": 128485, "w": "然后", "sp": "Agent"}, {"p": 355, "c": 0.9, "s": 128485, "e": 128923, "w": "兰山", "sp": "Agent"}, {"p": 356, "c": 0.9, "s": 128923, "e": 129142, "w": "区", "sp": "Agent"}, {"p": 357, "c": 0.9, "s": 129142, "e": 129580, "w": "河东", "sp": "Agent"}, {"p": 358, "c": 0.9, "s": 129580, "e": 129798, "w": "区", "sp": "Agent"}, {"p": 359, "c": 0.9, "s": 129798, "e": 130237, "w": "四平", "sp": "Agent"}, {"p": 360, "c": 0.9, "s": 130237, "e": 130455, "w": "路", "sp": "Agent"}, {"p": 361, "c": 0.9, "s": 130455, "e": 130674, "w": "怡", "sp": "Agent"}, {"p": 362, "c": 0.9, "s": 130675, "e": 130894, "w": "景", "sp": "Agent"}, {"p": 363, "c": 0.9, "s": 130894, "e": 131332, "w": "花园", "sp": "Agent"}, {"p": 364, "c": 0.9, "s": 131332, "e": 131551, "w": "十", "sp": "Agent"}, {"p": 365, "c": 0.9, "s": 131551, "e": 131989, "w": "五号", "sp": "Agent"}, {"p": 366, "c": 0.9, "s": 131989, "e": 132208, "w": "楼", "sp": "Agent"}, {"p": 367, "c": 0.9, "s": 132208, "e": 132426, "w": "二", "sp": "Agent"}, {"p": 368, "c": 0.9, "s": 132427, "e": 132865, "w": "单元", "sp": "Agent"}, {"p": 369, "c": 0.9, "s": 132865, "e": 133303, "w": "六零", "sp": "Agent"}, {"p": 370, "c": 0.9, "s": 133303, "e": 133521, "w": "幺", "sp": "Agent"}, {"p": 371, "c": 0.9, "s": 133522, "e": 133741, "w": "对", "sp": "Agent"}, {"p": 372, "c": 0.9, "s": 133741, "e": 133959, "w": "吗", "sp": "Agent"}, {"p": 373, "c": 0.9, "s": 134130, "e": 134295, "w": "对", "sp": "Customer"}, {"p": 374, "c": 0.9, "s": 134295, "e": 134461, "w": "对", "sp": "Customer"}, {"p": 375, "c": 0.9, "s": 134461, "e": 134627, "w": "对", "sp": "Customer"}, {"p": 376, "c": 0.9, "s": 134627, "e": 134959, "w": "外地", "sp": "Customer"}, {"p": 377, "c": 0.9, "s": 134959, "e": 135125, "w": "和", "sp": "Customer"}, {"p": 378, "c": 0.9, "s": 135125, "e": 135457, "w": "内地", "sp": "Customer"}, {"p": 379, "c": 0.9, "s": 135457, "e": 135789, "w": "生意", "sp": "Customer"}, {"p": 380, "c": 0.9, "s": 135789, "e": 135955, "w": "都", "sp": "Customer"}, {"p": 381, "c": 0.9, "s": 135955, "e": 136121, "w": "大", "sp": "Customer"}, {"p": 382, "c": 0.9, "s": 136121, "e": 136287, "w": "和", "sp": "Customer"}, {"p": 383, "c": 0.9, "s": 136287, "e": 136618, "w": "上市", "sp": "Customer"}, {"p": 384, "c": 0.9, "s": 136610, "e": 136910, "w": "啊", "sp": "Agent"}, {"p": 385, "c": 0.9, "s": 136618, "e": 136950, "w": "应该", "sp": "Customer"}, {"p": 386, "c": 0.9, "s": 136910, "e": 137210, "w": "是", "sp": "Agent"}, {"p": 387, "c": 0.9, "s": 136950, "e": 137282, "w": "不是", "sp": "Customer"}, {"p": 388, "c": 0.9, "s": 137210, "e": 137810, "w": "一个", "sp": "Agent"}, {"p": 389, "c": 0.9, "s": 137282, "e": 137614, "w": "一个", "sp": "Customer"}, {"p": 390, "c": 0.9, "s": 137614, "e": 137946, "w": "不是", "sp": "Customer"}, {"p": 391, "c": 0.9, "s": 137946, "e": 138278, "w": "一个", "sp": "Customer"}, {"p": 392, "c": 0.9, "s": 138278, "e": 138610, "w": "问题", "sp": "Customer"}, {"p": 393, "c": 0.9, "s": 138540, "e": 138715, "w": "嗯", "sp": "Agent"}, {"p": 394, "c": 0.9, "s": 138715, "e": 139067, "w": "不是", "sp": "Agent"}, {"p": 395, "c": 0.9, "s": 139067, "e": 139419, "w": "一个", "sp": "Agent"}, {"p": 396, "c": 0.9, "s": 139419, "e": 139770, "w": "问题", "sp": "Agent"}, {"p": 397, "c": 0.9, "s": 139770, "e": 139946, "w": "好", "sp": "Agent"}, {"p": 398, "c": 0.9, "s": 139946, "e": 140122, "w": "的", "sp": "Agent"}, {"p": 399, "c": 0.9, "s": 140122, "e": 140297, "w": "那", "sp": "Agent"}, {"p": 400, "c": 0.9, "s": 140298, "e": 140649, "w": "这个", "sp": "Agent"}, {"p": 401, "c": 0.9, "s": 140649, "e": 141001, "w": "疫情", "sp": "Agent"}, {"p": 402, "c": 0.9, "s": 141001, "e": 141352, "w": "管控", "sp": "Agent"}, {"p": 403, "c": 0.9, "s": 141352, "e": 141704, "w": "的话", "sp": "Agent"}, {"p": 404, "c": 0.9, "s": 141704, "e": 142056, "w": "现在", "sp": "Agent"}, {"p": 405, "c": 0.9, "s": 142056, "e": 142407, "w": "小区", "sp": "Agent"}, {"p": 406, "c": 0.9, "s": 142407, "e": 142759, "w": "是否", "sp": "Agent"}, {"p": 407, "c": 0.9, "s": 142759, "e": 143110, "w": "可以", "sp": "Agent"}, {"p": 408, "c": 0.9, "s": 143110, "e": 143462, "w": "正常", "sp": "Agent"}, {"p": 409, "c": 0.9, "s": 143462, "e": 143814, "w": "进入", "sp": "Agent"}, {"p": 410, "c": 0.9, "s": 143814, "e": 143989, "w": "吗", "sp": "Agent"}, {"p": 411, "c": 0.9, "s": 143960, "e": 144580, "w": "可以", "sp": "Customer"}, {"p": 412, "c": 0.9, "s": 144580, "e": 145200, "w": "可以", "sp": "Customer"}, {"p": 413, "c": 0.9, "s": 145130, "e": 145312, "w": "嗯", "sp": "Agent"}, {"p": 414, "c": 0.9, "s": 145312, "e": 145677, "w": "可以", "sp": "Agent"}, {"p": 415, "c": 0.9, "s": 145677, "e": 145860, "w": "行", "sp": "Agent"}, {"p": 416, "c": 0.9, "s": 145860, "e": 146042, "w": "好", "sp": "Agent"}, {"p": 417, "c": 0.9, "s": 146042, "e": 146225, "w": "的", "sp": "Agent"}, {"p": 418, "c": 0.9, "s": 146225, "e": 146407, "w": "那", "sp": "Agent"}, {"p": 419, "c": 0.9, "s": 146407, "e": 146772, "w": "这个", "sp": "Agent"}, {"p": 420, "c": 0.9, "s": 146772, "e": 146955, "w": "他", "sp": "Agent"}, {"p": 421, "c": 0.9, "s": 146955, "e": 147137, "w": "的", "sp": "Agent"}, {"p": 422, "c": 0.9, "s": 147137, "e": 147502, "w": "外界", "sp": "Agent"}, {"p": 423, "c": 0.9, "s": 147502, "e": 147685, "w": "是", "sp": "Agent"}, {"p": 424, "c": 0.9, "s": 147685, "e": 147867, "w": "挂", "sp": "Agent"}, {"p": 425, "c": 0.9, "s": 147867, "e": 148232, "w": "墙上", "sp": "Agent"}, {"p": 426, "c": 0.9, "s": 148232, "e": 148597, "w": "还是", "sp": "Agent"}, {"p": 427, "c": 0.9, "s": 148597, "e": 148780, "w": "有", "sp": "Agent"}, {"p": 428, "c": 0.9, "s": 148780, "e": 149145, "w": "平台", "sp": "Agent"}, {"p": 429, "c": 0.9, "s": 149145, "e": 149510, "w": "之类", "sp": "Agent"}, {"p": 430, "c": 0.9, "s": 149510, "e": 149692, "w": "的", "sp": "Agent"}, {"p": 431, "c": 0.9, "s": 149692, "e": 150057, "w": "支撑", "sp": "Agent"}, {"p": 432, "c": 0.9, "s": 150057, "e": 150240, "w": "呀", "sp": "Agent"}, {"p": 433, "c": 0.9, "s": 150320, "e": 150813, "w": "有人", "sp": "Customer"}, {"p": 434, "c": 0.9, "s": 150813, "e": 151060, "w": "在", "sp": "Customer"}, {"p": 435, "c": 0.9, "s": 151060, "e": 151553, "w": "空调", "sp": "Customer"}, {"p": 436, "c": 0.9, "s": 151553, "e": 152045, "w": "歌山", "sp": "Customer"}, {"p": 437, "c": 0.9, "s": 152046, "e": 152540, "w": "里面", "sp": "Customer"}, {"p": 438, "c": 0.9, "s": 152560, "e": 152724, "w": "啊", "sp": "Agent"}, {"p": 439, "c": 0.9, "s": 152725, "e": 153056, "w": "隔山", "sp": "Agent"}, {"p": 440, "c": 0.9, "s": 153056, "e": 153386, "w": "里面", "sp": "Agent"}, {"p": 441, "c": 0.9, "s": 153386, "e": 153552, "w": "行", "sp": "Agent"}, {"p": 442, "c": 0.9, "s": 153552, "e": 153717, "w": "好", "sp": "Agent"}, {"p": 443, "c": 0.9, "s": 153717, "e": 153881, "w": "的", "sp": "Agent"}, {"p": 444, "c": 0.9, "s": 153882, "e": 154048, "w": "那", "sp": "Agent"}, {"p": 445, "c": 0.9, "s": 154048, "e": 154378, "w": "这个", "sp": "Agent"}, {"p": 446, "c": 0.9, "s": 154378, "e": 154709, "w": "已经", "sp": "Agent"}, {"p": 447, "c": 0.9, "s": 154709, "e": 154874, "w": "帮", "sp": "Agent"}, {"p": 448, "c": 0.9, "s": 154874, "e": 155040, "w": "您", "sp": "Agent"}, {"p": 449, "c": 0.9, "s": 155040, "e": 155370, "w": "登记", "sp": "Agent"}, {"p": 450, "c": 0.9, "s": 155370, "e": 155536, "w": "好", "sp": "Agent"}, {"p": 451, "c": 0.9, "s": 155536, "e": 155700, "w": "了", "sp": "Agent"}, {"p": 452, "c": 0.9, "s": 155701, "e": 156032, "w": "师傅", "sp": "Agent"}, {"p": 453, "c": 0.9, "s": 156032, "e": 156362, "w": "最快", "sp": "Agent"}, {"p": 454, "c": 0.9, "s": 156362, "e": 156693, "w": "的话", "sp": "Agent"}, {"p": 455, "c": 0.9, "s": 156693, "e": 156857, "w": "今", "sp": "Agent"}, {"p": 456, "c": 0.9, "s": 156858, "e": 157024, "w": "呃", "sp": "Agent"}, {"p": 457, "c": 0.9, "s": 157024, "e": 157354, "w": "明天", "sp": "Agent"}, {"p": 458, "c": 0.9, "s": 157354, "e": 157685, "w": "可以", "sp": "Agent"}, {"p": 459, "c": 0.9, "s": 157685, "e": 158015, "w": "联系", "sp": "Agent"}, {"p": 460, "c": 0.9, "s": 158016, "e": 158346, "w": "用户", "sp": "Agent"}, {"p": 461, "c": 0.9, "s": 158346, "e": 158676, "w": "上门", "sp": "Agent"}, {"p": 462, "c": 0.9, "s": 158677, "e": 159008, "w": "这个", "sp": "Agent"}, {"p": 463, "c": 0.9, "s": 158850, "e": 159162, "w": "好", "sp": "Customer"}, {"p": 464, "c": 0.9, "s": 159008, "e": 159504, "w": "时间段", "sp": "Agent"}, {"p": 465, "c": 0.9, "s": 159162, "e": 159475, "w": "的", "sp": "Customer"}, {"p": 466, "c": 0.9, "s": 159475, "e": 159787, "w": "好", "sp": "Customer"}, {"p": 467, "c": 0.9, "s": 159504, "e": 159834, "w": "方便", "sp": "Agent"}, {"p": 468, "c": 0.9, "s": 159787, "e": 160100, "w": "的", "sp": "Customer"}, {"p": 469, "c": 0.9, "s": 159834, "e": 160000, "w": "吗", "sp": "Agent"}, {"p": 470, "c": 0.9, "s": 160100, "e": 160412, "w": "好", "sp": "Customer"}, {"p": 471, "c": 0.9, "s": 160412, "e": 160725, "w": "嘞", "sp": "Customer"}, {"p": 472, "c": 0.9, "s": 160725, "e": 161037, "w": "嗯", "sp": "Customer"}, {"p": 473, "c": 0.9, "s": 161037, "e": 161350, "w": "好", "sp": "Customer"}, {"p": 474, "c": 0.9, "s": 161130, "e": 161282, "w": "啊", "sp": "Agent"}, {"p": 475, "c": 0.9, "s": 161282, "e": 161433, "w": "那", "sp": "Agent"}, {"p": 476, "c": 0.9, "s": 161434, "e": 161586, "w": "还", "sp": "Agent"}, {"p": 477, "c": 0.9, "s": 161586, "e": 162042, "w": "有没有", "sp": "Agent"}, {"p": 478, "c": 0.9, "s": 162042, "e": 162346, "w": "其他", "sp": "Agent"}, {"p": 479, "c": 0.9, "s": 162346, "e": 162650, "w": "问题", "sp": "Agent"}, {"p": 480, "c": 0.9, "s": 162650, "e": 162954, "w": "可以", "sp": "Agent"}, {"p": 481, "c": 0.9, "s": 162954, "e": 163105, "w": "帮", "sp": "Agent"}, {"p": 482, "c": 0.9, "s": 163106, "e": 163258, "w": "您", "sp": "Agent"}, {"p": 483, "c": 0.9, "s": 163258, "e": 163409, "w": "啊", "sp": "Agent"}, {"p": 484, "c": 0.9, "s": 163600, "e": 164326, "w": "不用", "sp": "Customer"}, {"p": 485, "c": 0.9, "s": 164326, "e": 164690, "w": "了", "sp": "Customer"}, {"p": 486, "c": 0.9, "s": 164610, "e": 164766, "w": "啊", "sp": "Agent"}, {"p": 487, "c": 0.9, "s": 164766, "e": 165235, "w": "不用谢", "sp": "Agent"}, {"p": 488, "c": 0.9, "s": 165235, "e": 165392, "w": "好", "sp": "Agent"}, {"p": 489, "c": 0.9, "s": 165392, "e": 165548, "w": "的", "sp": "Agent"}, {"p": 490, "c": 0.9, "s": 165548, "e": 165705, "w": "那", "sp": "Agent"}, {"p": 491, "c": 0.9, "s": 165705, "e": 166018, "w": "稍后", "sp": "Agent"}, {"p": 492, "c": 0.9, "s": 166018, "e": 166331, "w": "可以", "sp": "Agent"}, {"p": 493, "c": 0.9, "s": 166331, "e": 166487, "w": "对", "sp": "Agent"}, {"p": 494, "c": 0.9, "s": 166487, "e": 166643, "w": "我", "sp": "Agent"}, {"p": 495, "c": 0.9, "s": 166643, "e": 166800, "w": "的", "sp": "Agent"}, {"p": 496, "c": 0.9, "s": 166800, "e": 167113, "w": "服务", "sp": "Agent"}, {"p": 497, "c": 0.9, "s": 167113, "e": 167269, "w": "做", "sp": "Agent"}, {"p": 498, "c": 0.9, "s": 167269, "e": 167426, "w": "个", "sp": "Agent"}, {"p": 499, "c": 0.9, "s": 167426, "e": 167739, "w": "评价", "sp": "Agent"}, {"p": 500, "c": 0.9, "s": 167739, "e": 167895, "w": "也", "sp": "Agent"}, {"p": 501, "c": 0.9, "s": 167895, "e": 168208, "w": "可以", "sp": "Agent"}, {"p": 502, "c": 0.9, "s": 167950, "e": 168247, "w": "好", "sp": "Customer"}, {"p": 503, "c": 0.9, "s": 168208, "e": 168521, "w": "关注", "sp": "Agent"}, {"p": 504, "c": 0.9, "s": 168247, "e": 168545, "w": "的", "sp": "Customer"}, {"p": 505, "c": 0.9, "s": 168521, "e": 168677, "w": "微", "sp": "Agent"}, {"p": 506, "c": 0.9, "s": 168545, "e": 168842, "w": "好", "sp": "Customer"}, {"p": 507, "c": 0.9, "s": 168677, "e": 168834, "w": "信", "sp": "Agent"}, {"p": 508, "c": 0.9, "s": 168834, "e": 169147, "w": "公众", "sp": "Agent"}, {"p": 509, "c": 0.9, "s": 168842, "e": 169140, "w": "的", "sp": "Customer"}, {"p": 510, "c": 0.9, "s": 169147, "e": 169303, "w": "号", "sp": "Agent"}, {"p": 511, "c": 0.9, "s": 169303, "e": 169459, "w": "我", "sp": "Agent"}, {"p": 512, "c": 0.9, "s": 169420, "e": 169790, "w": "好", "sp": "Customer"}, {"p": 513, "c": 0.9, "s": 169460, "e": 169616, "w": "就", "sp": "Agent"}, {"p": 514, "c": 0.9, "s": 169616, "e": 169773, "w": "不", "sp": "Agent"}, {"p": 515, "c": 0.9, "s": 169773, "e": 170086, "w": "打扰", "sp": "Agent"}, {"p": 516, "c": 0.9, "s": 169790, "e": 170159, "w": "的", "sp": "Customer"}, {"p": 517, "c": 0.9, "s": 170086, "e": 170242, "w": "了", "sp": "Agent"}, {"p": 518, "c": 0.9, "s": 170160, "e": 170530, "w": "嗯", "sp": "Customer"}, {"p": 519, "c": 0.9, "s": 170242, "e": 170398, "w": "好", "sp": "Agent"}, {"p": 520, "c": 0.9, "s": 170398, "e": 170711, "w": "祝您", "sp": "Agent"}, {"p": 521, "c": 0.9, "s": 170530, "e": 170900, "w": "好", "sp": "Customer"}, {"p": 522, "c": 0.9, "s": 170711, "e": 171024, "w": "生活", "sp": "Agent"}, {"p": 523, "c": 0.9, "s": 171024, "e": 171337, "w": "愉快", "sp": "Agent"}, {"p": 524, "c": 0.9, "s": 171337, "e": 171494, "w": "嗯", "sp": "Agent"}, {"p": 525, "c": 0.9, "s": 171494, "e": 171650, "w": "好", "sp": "Agent"}, {"p": 526, "c": 0.9, "s": 171650, "e": 171806, "w": "的", "sp": "Agent"}, {"p": 527, "c": 0.9, "s": 171807, "e": 172120, "w": "再见", "sp": "Agent"}]}, "plainText": "六零 二二 号 为您服务 下午 好 在线 售后 很 高兴 为您服务 请问 有 什么 可以 帮 您\n喂 你好 那个 我 报修 的 空调 等\n嗯\n一下\n哦 噪音 大师 是 内 机 噪音 大 还是 室外机 噪音 大 呀\n那个 是 我 觉得 你 的 声音 都 大\n哦 都 啊 都 大型 好 的 那 也 抱歉 给 您 带来 不便 了 这 是 您 自己 家用 的 机器 吗 还是 帮\n啊\n别\n不是\n人代 报\n不是\n呢 先生\n我 是 代 报 代 报\n啊\n与\n代\n用户\n报 是\n代\n如果\n报\n代 报 是 经销商 这边 是 还是 安装 方\n嗯 安装 好\n安装 发行 好 的 那 是 联系 您 还是 联系 用户 呀\n哎 联系 这个 留 啊 留 留 电话号码\n嗯 好 的 用户 号码 是 多少 呢\n幺 八 六六 九九\n好 的 稍 等 幺 八 六六 九九\n六 零零 二七\n六零 零 二七 好 的 核对 一下 是 幺 八 六六 九九 六零 零 二七 对 吗\n对\n啊 好 的 那 机器 呃 的 那个 用户 怎么 称呼 呢\n朱 女士\n啊 朱 女士 行 好 的 那 用户 信息 大概 是 什么 时间 购买 的 呀\n二 零 年 年底\n二 零 年 年底 好 的 机器 的 型号 这边 知道 吗\n那个 六 K 的 机器\n六 体 的 加油 装 空调 吗\n对\n啊 行 好 的 那 这个 机器 的话 还 在 质保 期内 需要 提前 准备 好 购机 发票 或者 是 合同 给 师傅 上门 查看 可以\n好 的\n嗯 好 的 那 具体 的 上门 地址 是 在 哪里\n山东省\n呢\n临沂 市\n好 的 稍 等 哦 这个 抱歉 看到 之前 有 登记 是 山东省 临沂 市\n不是\n兰山\n不是\n区 河东\n不是\n区 然后 出行 啊\n哦 对\n啊\n是 对\n行\n是 这个 和 和 平路 这 一个\n嗯 四平 路 怡 心 怡 景 花园 十 五号 楼 二 单元 六零 幺 这个 吗\n嗯 对\n啊 嗯 是 好 的 那 这边 再 最后 再 重新 跟 您 核对 一下 地址 吧\n嗯\n完整 的 是 山东省 临沂 市 然后 兰山 区 河东 区 四平 路 怡 景 花园 十 五号 楼 二 单元 六零 幺 对 吗\n对 对 对 外地 和 内地 生意 都 大 和 上市\n啊\n应该\n是\n不是\n一个\n一个 不是 一个 问题\n嗯 不是 一个 问题 好 的 那 这个 疫情 管控 的话 现在 小区 是否 可以 正常 进入 吗\n可以 可以\n嗯 可以 行 好 的 那 这个 他 的 外界 是 挂 墙上 还是 有 平台 之类 的 支撑 呀\n有人 在 空调 歌山 里面\n啊 隔山 里面 行 好 的 那 这个 已经 帮 您 登记 好 了 师傅 最快 的话 今 呃 明天 可以 联系 用户 上门 这个\n好\n时间段\n的 好\n方便\n的\n吗\n好 嘞 嗯 好\n啊 那 还 有没有 其他 问题 可以 帮 您 啊\n不用 了\n啊 不用谢 好 的 那 稍后 可以 对 我 的 服务 做 个 评价 也 可以\n好\n关注\n的\n微\n好\n信 公众\n的\n号 我\n好\n就 不 打扰\n的\n了\n嗯\n好 祝您\n好\n生活 愉快 嗯 好 的 再见", "plainTextTime": {"verbatims": [{"s": 4210, "e": 13280, "w": "六零 二二 号 为您服务 下午 好 在线 售后 很 高兴 为您服务 请问 有 什么 可以 帮 您", "sp": "Agent"}, {"s": 13860, "e": 17501, "w": "喂 你好 那个 我 报修 的 空调 等", "sp": "Customer"}, {"s": 17390, "e": 17611, "w": "嗯", "sp": "Agent"}, {"s": 17502, "e": 18110, "w": "一下", "sp": "Customer"}, {"s": 17611, "e": 22050, "w": "哦 噪音 大师 是 内 机 噪音 大 还是 室外机 噪音 大 呀", "sp": "Agent"}, {"s": 22050, "e": 25230, "w": "那个 是 我 觉得 你 的 声音 都 大", "sp": "Customer"}, {"s": 25220, "e": 30376, "w": "哦 都 啊 都 大型 好 的 那 也 抱歉 给 您 带来 不便 了 这 是 您 自己 家用 的 机器 吗 还是 帮", "sp": "Agent"}, {"s": 30310, "e": 30519, "w": "啊", "sp": "Customer"}, {"s": 30376, "e": 30532, "w": "别", "sp": "Agent"}, {"s": 30520, "e": 30940, "w": "不是", "sp": "Customer"}, {"s": 30532, "e": 31001, "w": "人代 报", "sp": "Agent"}, {"s": 30940, "e": 31360, "w": "不是", "sp": "Customer"}, {"s": 31001, "e": 31470, "w": "呢 先生", "sp": "Agent"}, {"s": 31360, "e": 32619, "w": "我 是 代 报 代 报", "sp": "Customer"}, {"s": 32520, "e": 32742, "w": "啊", "sp": "Agent"}, {"s": 32619, "e": 32829, "w": "与", "sp": "Customer"}, {"s": 32742, "e": 32964, "w": "代", "sp": "Agent"}, {"s": 32830, "e": 33250, "w": "用户", "sp": "Customer"}, {"s": 32964, "e": 33408, "w": "报 是", "sp": "Agent"}, {"s": 33250, "e": 33460, "w": "代", "sp": "Customer"}, {"s": 33408, "e": 33852, "w": "如果", "sp": "Agent"}, {"s": 33460, "e": 33670, "w": "报", "sp": "Customer"}, {"s": 33852, "e": 36960, "w": "代 报 是 经销商 这边 是 还是 安装 方", "sp": "Agent"}, {"s": 37370, "e": 39100, "w": "嗯 安装 好", "sp": "Customer"}, {"s": 39180, "e": 42430, "w": "安装 发行 好 的 那 是 联系 您 还是 联系 用户 呀", "sp": "Agent"}, {"s": 42570, "e": 47630, "w": "哎 联系 这个 留 啊 留 留 电话号码", "sp": "Customer"}, {"s": 47630, "e": 50149, "w": "嗯 好 的 用户 号码 是 多少 呢", "sp": "Agent"}, {"s": 50680, "e": 52410, "w": "幺 八 六六 九九", "sp": "Customer"}, {"s": 52490, "e": 56060, "w": "好 的 稍 等 幺 八 六六 九九", "sp": "Agent"}, {"s": 55950, "e": 57920, "w": "六 零零 二七", "sp": "Customer"}, {"s": 57980, "e": 63730, "w": "六零 零 二七 好 的 核对 一下 是 幺 八 六六 九九 六零 零 二七 对 吗", "sp": "Agent"}, {"s": 64040, "e": 65030, "w": "对", "sp": "Customer"}, {"s": 64960, "e": 68440, "w": "啊 好 的 那 机器 呃 的 那个 用户 怎么 称呼 呢", "sp": "Agent"}, {"s": 68730, "e": 70080, "w": "朱 女士", "sp": "Customer"}, {"s": 70010, "e": 74720, "w": "啊 朱 女士 行 好 的 那 用户 信息 大概 是 什么 时间 购买 的 呀", "sp": "Agent"}, {"s": 75090, "e": 76830, "w": "二 零 年 年底", "sp": "Customer"}, {"s": 76870, "e": 80719, "w": "二 零 年 年底 好 的 机器 的 型号 这边 知道 吗", "sp": "Agent"}, {"s": 81500, "e": 83750, "w": "那个 六 K 的 机器", "sp": "Customer"}, {"s": 83880, "e": 86340, "w": "六 体 的 加油 装 空调 吗", "sp": "Agent"}, {"s": 86810, "e": 87770, "w": "对", "sp": "Customer"}, {"s": 88150, "e": 94600, "w": "啊 行 好 的 那 这个 机器 的话 还 在 质保 期内 需要 提前 准备 好 购机 发票 或者 是 合同 给 师傅 上门 查看 可以", "sp": "Agent"}, {"s": 95480, "e": 96480, "w": "好 的", "sp": "Customer"}, {"s": 96520, "e": 99632, "w": "嗯 好 的 那 具体 的 上门 地址 是 在 哪里", "sp": "Agent"}, {"s": 99270, "e": 100210, "w": "山东省", "sp": "Customer"}, {"s": 99632, "e": 99840, "w": "呢", "sp": "Agent"}, {"s": 100210, "e": 101150, "w": "临沂 市", "sp": "Customer"}, {"s": 101200, "e": 106462, "w": "好 的 稍 等 哦 这个 抱歉 看到 之前 有 登记 是 山东省 临沂 市", "sp": "Agent"}, {"s": 106420, "e": 106909, "w": "不是", "sp": "Customer"}, {"s": 106462, "e": 106920, "w": "兰山", "sp": "Agent"}, {"s": 106910, "e": 107400, "w": "不是", "sp": "Customer"}, {"s": 106920, "e": 107607, "w": "区 河东", "sp": "Agent"}, {"s": 107400, "e": 107890, "w": "不是", "sp": "Customer"}, {"s": 107607, "e": 108979, "w": "区 然后 出行 啊", "sp": "Agent"}, {"s": 109170, "e": 109684, "w": "哦 对", "sp": "Customer"}, {"s": 109620, "e": 110180, "w": "啊", "sp": "Agent"}, {"s": 109684, "e": 110198, "w": "是 对", "sp": "Customer"}, {"s": 110180, "e": 110740, "w": "行", "sp": "Agent"}, {"s": 110198, "e": 112770, "w": "是 这个 和 和 平路 这 一个", "sp": "Customer"}, {"s": 112770, "e": 118430, "w": "嗯 四平 路 怡 心 怡 景 花园 十 五号 楼 二 单元 六零 幺 这个 吗", "sp": "Agent"}, {"s": 118760, "e": 120680, "w": "嗯 对", "sp": "Customer"}, {"s": 120820, "e": 125857, "w": "啊 嗯 是 好 的 那 这边 再 最后 再 重新 跟 您 核对 一下 地址 吧", "sp": "Agent"}, {"s": 125770, "e": 126759, "w": "嗯", "sp": "Customer"}, {"s": 125857, "e": 133959, "w": "完整 的 是 山东省 临沂 市 然后 兰山 区 河东 区 四平 路 怡 景 花园 十 五号 楼 二 单元 六零 幺 对 吗", "sp": "Agent"}, {"s": 134130, "e": 136618, "w": "对 对 对 外地 和 内地 生意 都 大 和 上市", "sp": "Customer"}, {"s": 136610, "e": 136910, "w": "啊", "sp": "Agent"}, {"s": 136618, "e": 136950, "w": "应该", "sp": "Customer"}, {"s": 136910, "e": 137210, "w": "是", "sp": "Agent"}, {"s": 136950, "e": 137282, "w": "不是", "sp": "Customer"}, {"s": 137210, "e": 137810, "w": "一个", "sp": "Agent"}, {"s": 137282, "e": 138610, "w": "一个 不是 一个 问题", "sp": "Customer"}, {"s": 138540, "e": 143989, "w": "嗯 不是 一个 问题 好 的 那 这个 疫情 管控 的话 现在 小区 是否 可以 正常 进入 吗", "sp": "Agent"}, {"s": 143960, "e": 145200, "w": "可以 可以", "sp": "Customer"}, {"s": 145130, "e": 150240, "w": "嗯 可以 行 好 的 那 这个 他 的 外界 是 挂 墙上 还是 有 平台 之类 的 支撑 呀", "sp": "Agent"}, {"s": 150320, "e": 152540, "w": "有人 在 空调 歌山 里面", "sp": "Customer"}, {"s": 152560, "e": 159008, "w": "啊 隔山 里面 行 好 的 那 这个 已经 帮 您 登记 好 了 师傅 最快 的话 今 呃 明天 可以 联系 用户 上门 这个", "sp": "Agent"}, {"s": 158850, "e": 159162, "w": "好", "sp": "Customer"}, {"s": 159008, "e": 159504, "w": "时间段", "sp": "Agent"}, {"s": 159162, "e": 159787, "w": "的 好", "sp": "Customer"}, {"s": 159504, "e": 159834, "w": "方便", "sp": "Agent"}, {"s": 159787, "e": 160100, "w": "的", "sp": "Customer"}, {"s": 159834, "e": 160000, "w": "吗", "sp": "Agent"}, {"s": 160100, "e": 161350, "w": "好 嘞 嗯 好", "sp": "Customer"}, {"s": 161130, "e": 163409, "w": "啊 那 还 有没有 其他 问题 可以 帮 您 啊", "sp": "Agent"}, {"s": 163600, "e": 164690, "w": "不用 了", "sp": "Customer"}, {"s": 164610, "e": 168208, "w": "啊 不用谢 好 的 那 稍后 可以 对 我 的 服务 做 个 评价 也 可以", "sp": "Agent"}, {"s": 167950, "e": 168247, "w": "好", "sp": "Customer"}, {"s": 168208, "e": 168521, "w": "关注", "sp": "Agent"}, {"s": 168247, "e": 168545, "w": "的", "sp": "Customer"}, {"s": 168521, "e": 168677, "w": "微", "sp": "Agent"}, {"s": 168545, "e": 168842, "w": "好", "sp": "Customer"}, {"s": 168677, "e": 169147, "w": "信 公众", "sp": "Agent"}, {"s": 168842, "e": 169140, "w": "的", "sp": "Customer"}, {"s": 169147, "e": 169459, "w": "号 我", "sp": "Agent"}, {"s": 169420, "e": 169790, "w": "好", "sp": "Customer"}, {"s": 169460, "e": 170086, "w": "就 不 打扰", "sp": "Agent"}, {"s": 169790, "e": 170159, "w": "的", "sp": "Customer"}, {"s": 170086, "e": 170242, "w": "了", "sp": "Agent"}, {"s": 170160, "e": 170530, "w": "嗯", "sp": "Customer"}, {"s": 170242, "e": 170711, "w": "好 祝您", "sp": "Agent"}, {"s": 170530, "e": 170900, "w": "好", "sp": "Customer"}, {"s": 170711, "e": 172120, "w": "生活 愉快 嗯 好 的 再见", "sp": "Agent"}]}, "aqm": {"greeting": {"greeting_said": "为您服务, 售后, 高兴, 请问", "n_greeting_said": 4, "score": 1}, "closing": {"closing_said": "关注, 祝您, 生活, 愉快, 再见", "n_closing_said": 5, "score": 1}, "speed": {"speed_max": 6.58, "n_words": 15, "words": "啊 那 还 有没有 其他 问题 可以 帮 您 啊", "start": 161130, "end": 163409}}}