{"mediaId": "2022031314390632178300100000532102", "status": "Success", "dateCreated": "2022-03-21T18:45:50Z", "contentType": "audio/x-wav", "channels": "future use", "length": 314, "metadata": {"Sid": 10041, "Site_id": 783, "Audio_ch_num": 5321, "Audio_module_num": 783001, "Audio_start_time_gmt": "2022-03-13T06:33:52.587+08:00", "Transaction_id": "2022031314390632178300100000532102", "ContactID": "9204480079460000012", "Personal_id": "0", "Direction": 0, "Local_audio_start_time": "2022-03-13T14:33:52.587+08:00", "Local_audio_end_time": "2022-03-13T14:39:06.587+08:00", "Total_hold_time": "0", "Pbx_login_id": "", "Ani": "90102155368221", "Extension": "155368221", "String_extension": "90102155368221", "Switch_call_id": "SIP/AUDIO/2F3E1600-46B5-EDB6-1713-95D02ACB793B", "Switch_id": "783000001", "Duration_seconds": 314, "Wrapup_time_in_seconds": "0", "Dnis": "13991322619", "Number_of_conferences": "0", "Number_of_holds": "0", "Number_of_transfers": "0", "Percent_of_agent_call": "111", "Percent_of_other_call": "97", "Percent_of_mutual_silence": "57", "Num_of_agent_cross": "24", "Num_of_other_cross": "38", "IsException": 0}, "transcript_detailed": {"words": [{"p": 1, "c": 0.9, "s": 520, "e": 1560, "w": "嗯", "sp": "Agent"}, {"p": 2, "c": 0.9, "s": 610, "e": 822, "w": "他", "sp": "Customer"}, {"p": 3, "c": 0.9, "s": 822, "e": 1035, "w": "转", "sp": "Customer"}, {"p": 4, "c": 0.9, "s": 1035, "e": 1460, "w": "人工", "sp": "Customer"}, {"p": 5, "c": 0.9, "s": 1460, "e": 1885, "w": "怎么", "sp": "Customer"}, {"p": 6, "c": 0.9, "s": 1885, "e": 2097, "w": "弄", "sp": "Customer"}, {"p": 7, "c": 0.9, "s": 2097, "e": 2310, "w": "啊", "sp": "Customer"}, {"p": 8, "c": 0.9, "s": 3070, "e": 4009, "w": "喂", "sp": "Customer"}, {"p": 9, "c": 0.9, "s": 3220, "e": 3789, "w": "六零", "sp": "Agent"}, {"p": 10, "c": 0.9, "s": 3789, "e": 4358, "w": "三二", "sp": "Agent"}, {"p": 11, "c": 0.9, "s": 4358, "e": 4641, "w": "号", "sp": "Agent"}, {"p": 12, "c": 0.9, "s": 4642, "e": 5780, "w": "为您服务", "sp": "Agent"}, {"p": 13, "c": 0.9, "s": 5410, "e": 6339, "w": "六", "sp": "Customer"}, {"p": 14, "c": 0.9, "s": 5780, "e": 6350, "w": "上午", "sp": "Agent"}, {"p": 15, "c": 0.9, "s": 6350, "e": 6634, "w": "好", "sp": "Agent"}, {"p": 16, "c": 0.9, "s": 6634, "e": 6918, "w": "董", "sp": "Agent"}, {"p": 17, "c": 0.9, "s": 6919, "e": 7488, "w": "先生", "sp": "Agent"}, {"p": 18, "c": 0.9, "s": 7488, "e": 7772, "w": "很", "sp": "Agent"}, {"p": 19, "c": 0.9, "s": 7772, "e": 8341, "w": "高兴", "sp": "Agent"}, {"p": 20, "c": 0.9, "s": 8341, "e": 9480, "w": "为您服务", "sp": "Agent"}, {"p": 21, "c": 0.9, "s": 9480, "e": 10049, "w": "请问", "sp": "Agent"}, {"p": 22, "c": 0.9, "s": 9630, "e": 10073, "w": "啊", "sp": "Customer"}, {"p": 23, "c": 0.9, "s": 10049, "e": 10333, "w": "有", "sp": "Agent"}, {"p": 24, "c": 0.9, "s": 10073, "e": 10960, "w": "你好", "sp": "Customer"}, {"p": 25, "c": 0.9, "s": 10333, "e": 10902, "w": "什么", "sp": "Agent"}, {"p": 26, "c": 0.9, "s": 10902, "e": 11471, "w": "需要", "sp": "Agent"}, {"p": 27, "c": 0.9, "s": 11471, "e": 12040, "w": "帮助", "sp": "Agent"}, {"p": 28, "c": 0.9, "s": 12040, "e": 12325, "w": "的", "sp": "Agent"}, {"p": 29, "c": 0.9, "s": 12325, "e": 12610, "w": "吗", "sp": "Agent"}, {"p": 30, "c": 0.9, "s": 13030, "e": 13264, "w": "呃", "sp": "Customer"}, {"p": 31, "c": 0.9, "s": 13264, "e": 13499, "w": "我", "sp": "Customer"}, {"p": 32, "c": 0.9, "s": 13499, "e": 13733, "w": "我", "sp": "Customer"}, {"p": 33, "c": 0.9, "s": 13734, "e": 14203, "w": "以前", "sp": "Customer"}, {"p": 34, "c": 0.9, "s": 14203, "e": 14438, "w": "我", "sp": "Customer"}, {"p": 35, "c": 0.9, "s": 14438, "e": 14672, "w": "我", "sp": "Customer"}, {"p": 36, "c": 0.9, "s": 14672, "e": 14907, "w": "在", "sp": "Customer"}, {"p": 37, "c": 0.9, "s": 14907, "e": 15375, "w": "西安", "sp": "Customer"}, {"p": 38, "c": 0.9, "s": 15376, "e": 15611, "w": "呢", "sp": "Customer"}, {"p": 39, "c": 0.9, "s": 15611, "e": 15846, "w": "哈", "sp": "Customer"}, {"p": 40, "c": 0.9, "s": 15846, "e": 16080, "w": "我", "sp": "Customer"}, {"p": 41, "c": 0.9, "s": 16080, "e": 16315, "w": "我", "sp": "Customer"}, {"p": 42, "c": 0.9, "s": 16315, "e": 16784, "w": "以前", "sp": "Customer"}, {"p": 43, "c": 0.9, "s": 16784, "e": 17019, "w": "在", "sp": "Customer"}, {"p": 44, "c": 0.9, "s": 17019, "e": 17487, "w": "这儿", "sp": "Customer"}, {"p": 45, "c": 0.9, "s": 17488, "e": 17723, "w": "买", "sp": "Customer"}, {"p": 46, "c": 0.9, "s": 17723, "e": 17958, "w": "过", "sp": "Customer"}, {"p": 47, "c": 0.9, "s": 17958, "e": 18427, "w": "一个", "sp": "Customer"}, {"p": 48, "c": 0.9, "s": 18427, "e": 18896, "w": "大金", "sp": "Customer"}, {"p": 49, "c": 0.9, "s": 18896, "e": 19366, "w": "那个", "sp": "Customer"}, {"p": 50, "c": 0.9, "s": 19366, "e": 19599, "w": "跪", "sp": "Customer"}, {"p": 51, "c": 0.9, "s": 19600, "e": 19835, "w": "式", "sp": "Customer"}, {"p": 52, "c": 0.9, "s": 19835, "e": 20070, "w": "的", "sp": "Customer"}, {"p": 53, "c": 0.9, "s": 20350, "e": 20610, "w": "呃", "sp": "Customer"}, {"p": 54, "c": 0.9, "s": 20610, "e": 21130, "w": "那个", "sp": "Customer"}, {"p": 55, "c": 0.9, "s": 21040, "e": 22155, "w": "嗯", "sp": "Agent"}, {"p": 56, "c": 0.9, "s": 21130, "e": 21650, "w": "那个", "sp": "Customer"}, {"p": 57, "c": 0.9, "s": 21650, "e": 22170, "w": "空调", "sp": "Customer"}, {"p": 58, "c": 0.9, "s": 22155, "e": 23270, "w": "嗯", "sp": "Agent"}, {"p": 59, "c": 0.9, "s": 22450, "e": 22722, "w": "呃", "sp": "Customer"}, {"p": 60, "c": 0.9, "s": 22722, "e": 22994, "w": "这", "sp": "Customer"}, {"p": 61, "c": 0.9, "s": 22994, "e": 23539, "w": "时间", "sp": "Customer"}, {"p": 62, "c": 0.9, "s": 23539, "e": 23810, "w": "也", "sp": "Customer"}, {"p": 63, "c": 0.9, "s": 23811, "e": 24084, "w": "长", "sp": "Customer"}, {"p": 64, "c": 0.9, "s": 24084, "e": 24355, "w": "了", "sp": "Customer"}, {"p": 65, "c": 0.9, "s": 24356, "e": 24901, "w": "因为", "sp": "Customer"}, {"p": 66, "c": 0.9, "s": 24901, "e": 25445, "w": "我们", "sp": "Customer"}, {"p": 67, "c": 0.9, "s": 25445, "e": 25718, "w": "用", "sp": "Customer"}, {"p": 68, "c": 0.9, "s": 25718, "e": 25990, "w": "的", "sp": "Customer"}, {"p": 69, "c": 0.9, "s": 25990, "e": 26535, "w": "好像", "sp": "Customer"}, {"p": 70, "c": 0.9, "s": 26535, "e": 26807, "w": "不", "sp": "Customer"}, {"p": 71, "c": 0.9, "s": 26807, "e": 27352, "w": "太多", "sp": "Customer"}, {"p": 72, "c": 0.9, "s": 27352, "e": 27897, "w": "但是", "sp": "Customer"}, {"p": 73, "c": 0.9, "s": 27897, "e": 28441, "w": "现在", "sp": "Customer"}, {"p": 74, "c": 0.9, "s": 28441, "e": 28714, "w": "它", "sp": "Customer"}, {"p": 75, "c": 0.9, "s": 28714, "e": 28986, "w": "不", "sp": "Customer"}, {"p": 76, "c": 0.9, "s": 28986, "e": 29531, "w": "制冷", "sp": "Customer"}, {"p": 77, "c": 0.9, "s": 29531, "e": 29803, "w": "了", "sp": "Customer"}, {"p": 78, "c": 0.9, "s": 29803, "e": 30074, "w": "不", "sp": "Customer"}, {"p": 79, "c": 0.9, "s": 30075, "e": 30620, "w": "制冷", "sp": "Customer"}, {"p": 80, "c": 0.9, "s": 30620, "e": 30892, "w": "了", "sp": "Customer"}, {"p": 81, "c": 0.9, "s": 30892, "e": 31710, "w": "是不是", "sp": "Customer"}, {"p": 82, "c": 0.9, "s": 31990, "e": 32444, "w": "冷门", "sp": "Customer"}, {"p": 83, "c": 0.9, "s": 32444, "e": 32899, "w": "没有", "sp": "Customer"}, {"p": 84, "c": 0.9, "s": 32899, "e": 33126, "w": "了", "sp": "Customer"}, {"p": 85, "c": 0.9, "s": 33126, "e": 33354, "w": "呀", "sp": "Customer"}, {"p": 86, "c": 0.9, "s": 33354, "e": 33808, "w": "或者", "sp": "Customer"}, {"p": 87, "c": 0.9, "s": 33808, "e": 34036, "w": "是", "sp": "Customer"}, {"p": 88, "c": 0.9, "s": 34036, "e": 34263, "w": "哪", "sp": "Customer"}, {"p": 89, "c": 0.9, "s": 34263, "e": 34490, "w": "有", "sp": "Customer"}, {"p": 90, "c": 0.9, "s": 34490, "e": 34945, "w": "问题", "sp": "Customer"}, {"p": 91, "c": 0.9, "s": 34945, "e": 35172, "w": "了", "sp": "Customer"}, {"p": 92, "c": 0.9, "s": 35172, "e": 35400, "w": "呀", "sp": "Customer"}, {"p": 93, "c": 0.9, "s": 35680, "e": 36206, "w": "就是", "sp": "Customer"}, {"p": 94, "c": 0.9, "s": 35800, "e": 36006, "w": "很", "sp": "Agent"}, {"p": 95, "c": 0.9, "s": 36006, "e": 36419, "w": "抱歉", "sp": "Agent"}, {"p": 96, "c": 0.9, "s": 36206, "e": 36470, "w": "看", "sp": "Customer"}, {"p": 97, "c": 0.9, "s": 36419, "e": 36830, "w": "耽误", "sp": "Agent"}, {"p": 98, "c": 0.9, "s": 36470, "e": 36733, "w": "能", "sp": "Customer"}, {"p": 99, "c": 0.9, "s": 36733, "e": 37260, "w": "不能", "sp": "Customer"}, {"p": 100, "c": 0.9, "s": 36831, "e": 37244, "w": "使用", "sp": "Agent"}, {"p": 101, "c": 0.9, "s": 37244, "e": 37450, "w": "了", "sp": "Agent"}, {"p": 102, "c": 0.9, "s": 37450, "e": 37863, "w": "请问", "sp": "Agent"}, {"p": 103, "c": 0.9, "s": 37863, "e": 38275, "w": "空调", "sp": "Agent"}, {"p": 104, "c": 0.9, "s": 38276, "e": 38482, "w": "内", "sp": "Agent"}, {"p": 105, "c": 0.9, "s": 38482, "e": 38689, "w": "机", "sp": "Agent"}, {"p": 106, "c": 0.9, "s": 38689, "e": 39308, "w": "指示灯", "sp": "Agent"}, {"p": 107, "c": 0.9, "s": 39308, "e": 39514, "w": "有", "sp": "Agent"}, {"p": 108, "c": 0.9, "s": 39514, "e": 39927, "w": "闪烁", "sp": "Agent"}, {"p": 109, "c": 0.9, "s": 39927, "e": 40133, "w": "吗", "sp": "Agent"}, {"p": 110, "c": 0.9, "s": 40133, "e": 40340, "w": "有", "sp": "Agent"}, {"p": 111, "c": 0.9, "s": 40340, "e": 40752, "w": "出现", "sp": "Agent"}, {"p": 112, "c": 0.9, "s": 40752, "e": 41164, "w": "什么", "sp": "Agent"}, {"p": 113, "c": 0.9, "s": 41165, "e": 41578, "w": "故障", "sp": "Agent"}, {"p": 114, "c": 0.9, "s": 41190, "e": 41503, "w": "转", "sp": "Customer"}, {"p": 115, "c": 0.9, "s": 41503, "e": 42129, "w": "转账", "sp": "Customer"}, {"p": 116, "c": 0.9, "s": 41578, "e": 41989, "w": "代码", "sp": "Agent"}, {"p": 117, "c": 0.9, "s": 41990, "e": 42403, "w": "之类", "sp": "Agent"}, {"p": 118, "c": 0.9, "s": 42130, "e": 42443, "w": "多", "sp": "Customer"}, {"p": 119, "c": 0.9, "s": 42403, "e": 42610, "w": "吗", "sp": "Agent"}, {"p": 120, "c": 0.9, "s": 42443, "e": 43070, "w": "就是", "sp": "Customer"}, {"p": 121, "c": 0.9, "s": 43350, "e": 43786, "w": "这些", "sp": "Customer"}, {"p": 122, "c": 0.9, "s": 43786, "e": 44005, "w": "都", "sp": "Customer"}, {"p": 123, "c": 0.9, "s": 44005, "e": 44223, "w": "好", "sp": "Customer"}, {"p": 124, "c": 0.9, "s": 44223, "e": 44442, "w": "着", "sp": "Customer"}, {"p": 125, "c": 0.9, "s": 44442, "e": 44660, "w": "呢", "sp": "Customer"}, {"p": 126, "c": 0.9, "s": 44660, "e": 45097, "w": "就是", "sp": "Customer"}, {"p": 127, "c": 0.9, "s": 45097, "e": 45315, "w": "该", "sp": "Customer"}, {"p": 128, "c": 0.9, "s": 45315, "e": 45534, "w": "该", "sp": "Customer"}, {"p": 129, "c": 0.9, "s": 45534, "e": 45752, "w": "散", "sp": "Customer"}, {"p": 130, "c": 0.9, "s": 45752, "e": 45971, "w": "的", "sp": "Customer"}, {"p": 131, "c": 0.9, "s": 45971, "e": 46407, "w": "地方", "sp": "Customer"}, {"p": 132, "c": 0.9, "s": 46407, "e": 46626, "w": "该", "sp": "Customer"}, {"p": 133, "c": 0.9, "s": 46626, "e": 46843, "w": "亮", "sp": "Customer"}, {"p": 134, "c": 0.9, "s": 46844, "e": 47063, "w": "的", "sp": "Customer"}, {"p": 135, "c": 0.9, "s": 47063, "e": 47500, "w": "地方", "sp": "Customer"}, {"p": 136, "c": 0.9, "s": 47780, "e": 48042, "w": "啊", "sp": "Customer"}, {"p": 137, "c": 0.9, "s": 48042, "e": 48304, "w": "都", "sp": "Customer"}, {"p": 138, "c": 0.9, "s": 48304, "e": 48566, "w": "都", "sp": "Customer"}, {"p": 139, "c": 0.9, "s": 48566, "e": 48828, "w": "有", "sp": "Customer"}, {"p": 140, "c": 0.9, "s": 48828, "e": 49353, "w": "就是", "sp": "Customer"}, {"p": 141, "c": 0.9, "s": 49353, "e": 49615, "w": "不", "sp": "Customer"}, {"p": 142, "c": 0.9, "s": 49615, "e": 50140, "w": "知道", "sp": "Customer"}, {"p": 143, "c": 0.9, "s": 50810, "e": 51318, "w": "可能", "sp": "Customer"}, {"p": 144, "c": 0.9, "s": 50850, "e": 51162, "w": "我", "sp": "Agent"}, {"p": 145, "c": 0.9, "s": 51162, "e": 51786, "w": "尝试", "sp": "Agent"}, {"p": 146, "c": 0.9, "s": 51318, "e": 51826, "w": "之日", "sp": "Customer"}, {"p": 147, "c": 0.9, "s": 51786, "e": 52098, "w": "过", "sp": "Agent"}, {"p": 148, "c": 0.9, "s": 51826, "e": 52588, "w": "是不是", "sp": "Customer"}, {"p": 149, "c": 0.9, "s": 52098, "e": 52410, "w": "把", "sp": "Agent"}, {"p": 150, "c": 0.9, "s": 52410, "e": 53034, "w": "空调", "sp": "Agent"}, {"p": 151, "c": 0.9, "s": 52588, "e": 52842, "w": "也", "sp": "Customer"}, {"p": 152, "c": 0.9, "s": 52842, "e": 53096, "w": "就", "sp": "Customer"}, {"p": 153, "c": 0.9, "s": 53034, "e": 53346, "w": "的", "sp": "Agent"}, {"p": 154, "c": 0.9, "s": 53096, "e": 53350, "w": "有", "sp": "Customer"}, {"p": 155, "c": 0.9, "s": 53346, "e": 53971, "w": "规律", "sp": "Agent"}, {"p": 156, "c": 0.9, "s": 53971, "e": 54283, "w": "网", "sp": "Agent"}, {"p": 157, "c": 0.9, "s": 54283, "e": 54595, "w": "拿", "sp": "Agent"}, {"p": 158, "c": 0.9, "s": 54595, "e": 55219, "w": "下来", "sp": "Agent"}, {"p": 159, "c": 0.9, "s": 55219, "e": 55843, "w": "清洗", "sp": "Agent"}, {"p": 160, "c": 0.9, "s": 55843, "e": 56467, "w": "一下", "sp": "Agent"}, {"p": 161, "c": 0.9, "s": 56467, "e": 56780, "w": "吗", "sp": "Agent"}, {"p": 162, "c": 0.9, "s": 57740, "e": 57973, "w": "呃", "sp": "Customer"}, {"p": 163, "c": 0.9, "s": 57973, "e": 58440, "w": "那个", "sp": "Customer"}, {"p": 164, "c": 0.9, "s": 58440, "e": 58906, "w": "经常", "sp": "Customer"}, {"p": 165, "c": 0.9, "s": 58906, "e": 59140, "w": "弄", "sp": "Customer"}, {"p": 166, "c": 0.9, "s": 59140, "e": 59373, "w": "着", "sp": "Customer"}, {"p": 167, "c": 0.9, "s": 59373, "e": 59606, "w": "呢", "sp": "Customer"}, {"p": 168, "c": 0.9, "s": 59606, "e": 59840, "w": "嗯", "sp": "Customer"}, {"p": 169, "c": 0.9, "s": 59840, "e": 60073, "w": "那", "sp": "Customer"}, {"p": 170, "c": 0.9, "s": 60073, "e": 60540, "w": "时候", "sp": "Customer"}, {"p": 171, "c": 0.9, "s": 60540, "e": 61006, "w": "我们", "sp": "Customer"}, {"p": 172, "c": 0.9, "s": 61006, "e": 61473, "w": "回来", "sp": "Customer"}, {"p": 173, "c": 0.9, "s": 61473, "e": 61706, "w": "了", "sp": "Customer"}, {"p": 174, "c": 0.9, "s": 61706, "e": 61940, "w": "就", "sp": "Customer"}, {"p": 175, "c": 0.9, "s": 61940, "e": 62173, "w": "就", "sp": "Customer"}, {"p": 176, "c": 0.9, "s": 62173, "e": 62406, "w": "就", "sp": "Customer"}, {"p": 177, "c": 0.9, "s": 62406, "e": 62872, "w": "清洗", "sp": "Customer"}, {"p": 178, "c": 0.9, "s": 62873, "e": 63340, "w": "一下", "sp": "Customer"}, {"p": 179, "c": 0.9, "s": 64089, "e": 64357, "w": "您", "sp": "Agent"}, {"p": 180, "c": 0.9, "s": 64358, "e": 64894, "w": "当地", "sp": "Agent"}, {"p": 181, "c": 0.9, "s": 64893, "e": 65430, "w": "已经", "sp": "Agent"}, {"p": 182, "c": 0.9, "s": 65430, "e": 65699, "w": "带", "sp": "Agent"}, {"p": 183, "c": 0.9, "s": 65699, "e": 65966, "w": "了", "sp": "Agent"}, {"p": 184, "c": 0.9, "s": 65967, "e": 66503, "w": "适合", "sp": "Agent"}, {"p": 185, "c": 0.9, "s": 66503, "e": 66771, "w": "开", "sp": "Agent"}, {"p": 186, "c": 0.9, "s": 66771, "e": 67308, "w": "智能", "sp": "Agent"}, {"p": 187, "c": 0.9, "s": 67308, "e": 67576, "w": "的", "sp": "Agent"}, {"p": 188, "c": 0.9, "s": 67576, "e": 68112, "w": "亲戚", "sp": "Agent"}, {"p": 189, "c": 0.9, "s": 68112, "e": 68649, "w": "季节", "sp": "Agent"}, {"p": 190, "c": 0.9, "s": 68649, "e": 68917, "w": "了", "sp": "Agent"}, {"p": 191, "c": 0.9, "s": 68917, "e": 69185, "w": "是", "sp": "Agent"}, {"p": 192, "c": 0.9, "s": 69185, "e": 69452, "w": "吗", "sp": "Agent"}, {"p": 193, "c": 0.9, "s": 69453, "e": 69721, "w": "我", "sp": "Agent"}, {"p": 194, "c": 0.9, "s": 69721, "e": 69990, "w": "是", "sp": "Agent"}, {"p": 195, "c": 0.9, "s": 71730, "e": 72056, "w": "呃", "sp": "Customer"}, {"p": 196, "c": 0.9, "s": 72056, "e": 72382, "w": "你", "sp": "Customer"}, {"p": 197, "c": 0.9, "s": 72382, "e": 72708, "w": "说", "sp": "Customer"}, {"p": 198, "c": 0.9, "s": 72708, "e": 73360, "w": "什么", "sp": "Customer"}, {"p": 199, "c": 0.9, "s": 73510, "e": 73753, "w": "您", "sp": "Agent"}, {"p": 200, "c": 0.9, "s": 73753, "e": 74241, "w": "当地", "sp": "Agent"}, {"p": 201, "c": 0.9, "s": 74241, "e": 74485, "w": "的", "sp": "Agent"}, {"p": 202, "c": 0.9, "s": 74485, "e": 74972, "w": "天气", "sp": "Agent"}, {"p": 203, "c": 0.9, "s": 74972, "e": 75460, "w": "气温", "sp": "Agent"}, {"p": 204, "c": 0.9, "s": 75460, "e": 75947, "w": "可以", "sp": "Agent"}, {"p": 205, "c": 0.9, "s": 75947, "e": 76191, "w": "开", "sp": "Agent"}, {"p": 206, "c": 0.9, "s": 76191, "e": 76678, "w": "智能", "sp": "Agent"}, {"p": 207, "c": 0.9, "s": 76678, "e": 77166, "w": "模式", "sp": "Agent"}, {"p": 208, "c": 0.9, "s": 77166, "e": 77410, "w": "吗", "sp": "Agent"}, {"p": 209, "c": 0.9, "s": 78310, "e": 78790, "w": "可以", "sp": "Customer"}, {"p": 210, "c": 0.9, "s": 78790, "e": 79030, "w": "啊", "sp": "Customer"}, {"p": 211, "c": 0.9, "s": 79030, "e": 79510, "w": "这些", "sp": "Customer"}, {"p": 212, "c": 0.9, "s": 79510, "e": 79750, "w": "这", "sp": "Customer"}, {"p": 213, "c": 0.9, "s": 79750, "e": 80230, "w": "两天", "sp": "Customer"}, {"p": 214, "c": 0.9, "s": 80230, "e": 80470, "w": "天", "sp": "Customer"}, {"p": 215, "c": 0.9, "s": 80470, "e": 80710, "w": "挺", "sp": "Customer"}, {"p": 216, "c": 0.9, "s": 80710, "e": 80950, "w": "热", "sp": "Customer"}, {"p": 217, "c": 0.9, "s": 80950, "e": 81189, "w": "的", "sp": "Customer"}, {"p": 218, "c": 0.9, "s": 81190, "e": 81430, "w": "还", "sp": "Customer"}, {"p": 219, "c": 0.9, "s": 81430, "e": 81670, "w": "这", "sp": "Customer"}, {"p": 220, "c": 0.9, "s": 81670, "e": 82150, "w": "西安", "sp": "Customer"}, {"p": 221, "c": 0.9, "s": 82150, "e": 82390, "w": "的", "sp": "Customer"}, {"p": 222, "c": 0.9, "s": 82390, "e": 82870, "w": "天气", "sp": "Customer"}, {"p": 223, "c": 0.9, "s": 83260, "e": 83508, "w": "嗯", "sp": "Agent"}, {"p": 224, "c": 0.9, "s": 83390, "e": 84006, "w": "突然", "sp": "Customer"}, {"p": 225, "c": 0.9, "s": 83508, "e": 83756, "w": "不", "sp": "Agent"}, {"p": 226, "c": 0.9, "s": 83756, "e": 84253, "w": "客气", "sp": "Agent"}, {"p": 227, "c": 0.9, "s": 84006, "e": 84314, "w": "变", "sp": "Customer"}, {"p": 228, "c": 0.9, "s": 84253, "e": 84501, "w": "帮", "sp": "Agent"}, {"p": 229, "c": 0.9, "s": 84315, "e": 84623, "w": "热", "sp": "Customer"}, {"p": 230, "c": 0.9, "s": 84501, "e": 84998, "w": "先生", "sp": "Agent"}, {"p": 231, "c": 0.9, "s": 84623, "e": 84931, "w": "了", "sp": "Customer"}, {"p": 232, "c": 0.9, "s": 84931, "e": 85240, "w": "啊", "sp": "Customer"}, {"p": 233, "c": 0.9, "s": 84998, "e": 85495, "w": "安排", "sp": "Agent"}, {"p": 234, "c": 0.9, "s": 85495, "e": 85991, "w": "一下", "sp": "Agent"}, {"p": 235, "c": 0.9, "s": 85991, "e": 86488, "w": "师傅", "sp": "Agent"}, {"p": 236, "c": 0.9, "s": 86488, "e": 86985, "w": "上门", "sp": "Agent"}, {"p": 237, "c": 0.9, "s": 86985, "e": 87233, "w": "您", "sp": "Agent"}, {"p": 238, "c": 0.9, "s": 87233, "e": 87730, "w": "贵姓", "sp": "Agent"}, {"p": 239, "c": 0.9, "s": 88490, "e": 88872, "w": "啊", "sp": "Customer"}, {"p": 240, "c": 0.9, "s": 88872, "e": 89255, "w": "我", "sp": "Customer"}, {"p": 241, "c": 0.9, "s": 89255, "e": 89637, "w": "姓", "sp": "Customer"}, {"p": 242, "c": 0.9, "s": 89637, "e": 90020, "w": "朱", "sp": "Customer"}, {"p": 243, "c": 0.9, "s": 90550, "e": 90767, "w": "朱", "sp": "Agent"}, {"p": 244, "c": 0.9, "s": 90767, "e": 91202, "w": "先生", "sp": "Agent"}, {"p": 245, "c": 0.9, "s": 91203, "e": 91639, "w": "具体", "sp": "Agent"}, {"p": 246, "c": 0.9, "s": 91639, "e": 92075, "w": "大概", "sp": "Agent"}, {"p": 247, "c": 0.9, "s": 92075, "e": 92292, "w": "哪", "sp": "Agent"}, {"p": 248, "c": 0.9, "s": 92292, "e": 92728, "w": "一年", "sp": "Agent"}, {"p": 249, "c": 0.9, "s": 92728, "e": 93163, "w": "购买", "sp": "Agent"}, {"p": 250, "c": 0.9, "s": 93164, "e": 93382, "w": "的", "sp": "Agent"}, {"p": 251, "c": 0.9, "s": 93382, "e": 93600, "w": "呢", "sp": "Agent"}, {"p": 252, "c": 0.9, "s": 94770, "e": 95218, "w": "哎呀", "sp": "Customer"}, {"p": 253, "c": 0.9, "s": 95219, "e": 95668, "w": "具体", "sp": "Customer"}, {"p": 254, "c": 0.9, "s": 95668, "e": 96342, "w": "实际上", "sp": "Customer"}, {"p": 255, "c": 0.9, "s": 96342, "e": 96567, "w": "我", "sp": "Customer"}, {"p": 256, "c": 0.9, "s": 96567, "e": 97016, "w": "现在", "sp": "Customer"}, {"p": 257, "c": 0.9, "s": 97016, "e": 97465, "w": "不大", "sp": "Customer"}, {"p": 258, "c": 0.9, "s": 97465, "e": 97914, "w": "清楚", "sp": "Customer"}, {"p": 259, "c": 0.9, "s": 97915, "e": 98139, "w": "我", "sp": "Customer"}, {"p": 260, "c": 0.9, "s": 98139, "e": 98588, "w": "应该", "sp": "Customer"}, {"p": 261, "c": 0.9, "s": 98588, "e": 98812, "w": "有", "sp": "Customer"}, {"p": 262, "c": 0.9, "s": 98813, "e": 99038, "w": "有", "sp": "Customer"}, {"p": 263, "c": 0.9, "s": 99038, "e": 99262, "w": "有", "sp": "Customer"}, {"p": 264, "c": 0.9, "s": 99262, "e": 99487, "w": "八", "sp": "Customer"}, {"p": 265, "c": 0.9, "s": 99487, "e": 99712, "w": "到", "sp": "Customer"}, {"p": 266, "c": 0.9, "s": 99712, "e": 100160, "w": "十年", "sp": "Customer"}, {"p": 267, "c": 0.9, "s": 100161, "e": 100386, "w": "了", "sp": "Customer"}, {"p": 268, "c": 0.9, "s": 100386, "e": 100610, "w": "吧", "sp": "Customer"}, {"p": 269, "c": 0.9, "s": 100610, "e": 101060, "w": "可能", "sp": "Customer"}, {"p": 270, "c": 0.9, "s": 101570, "e": 102082, "w": "就是", "sp": "Customer"}, {"p": 271, "c": 0.9, "s": 102082, "e": 102338, "w": "老", "sp": "Customer"}, {"p": 272, "c": 0.9, "s": 102338, "e": 102595, "w": "的", "sp": "Customer"}, {"p": 273, "c": 0.9, "s": 102595, "e": 103107, "w": "一批", "sp": "Customer"}, {"p": 274, "c": 0.9, "s": 103107, "e": 103620, "w": "就是", "sp": "Customer"}, {"p": 275, "c": 0.9, "s": 103620, "e": 103876, "w": "白", "sp": "Customer"}, {"p": 276, "c": 0.9, "s": 103876, "e": 104388, "w": "颜色", "sp": "Customer"}, {"p": 277, "c": 0.9, "s": 104388, "e": 104901, "w": "那种", "sp": "Customer"}, {"p": 278, "c": 0.9, "s": 104780, "e": 105081, "w": "嗯", "sp": "Agent"}, {"p": 279, "c": 0.9, "s": 104901, "e": 105157, "w": "鬼", "sp": "Customer"}, {"p": 280, "c": 0.9, "s": 105081, "e": 105685, "w": "空调", "sp": "Agent"}, {"p": 281, "c": 0.9, "s": 105157, "e": 105670, "w": "似的", "sp": "Customer"}, {"p": 282, "c": 0.9, "s": 105685, "e": 105987, "w": "的", "sp": "Agent"}, {"p": 283, "c": 0.9, "s": 105987, "e": 106590, "w": "型号", "sp": "Agent"}, {"p": 284, "c": 0.9, "s": 106590, "e": 106892, "w": "有", "sp": "Agent"}, {"p": 285, "c": 0.9, "s": 106892, "e": 107495, "w": "了解", "sp": "Agent"}, {"p": 286, "c": 0.9, "s": 107496, "e": 107798, "w": "过", "sp": "Agent"}, {"p": 287, "c": 0.9, "s": 107798, "e": 108100, "w": "吗", "sp": "Agent"}, {"p": 288, "c": 0.9, "s": 108760, "e": 109800, "w": "啊", "sp": "Customer"}, {"p": 289, "c": 0.9, "s": 110190, "e": 110722, "w": "空调", "sp": "Agent"}, {"p": 290, "c": 0.9, "s": 110722, "e": 110989, "w": "的", "sp": "Agent"}, {"p": 291, "c": 0.9, "s": 110989, "e": 111521, "w": "型号", "sp": "Agent"}, {"p": 292, "c": 0.9, "s": 111521, "e": 112054, "w": "还有", "sp": "Agent"}, {"p": 293, "c": 0.9, "s": 112054, "e": 112587, "w": "了解", "sp": "Agent"}, {"p": 294, "c": 0.9, "s": 112587, "e": 112853, "w": "过", "sp": "Agent"}, {"p": 295, "c": 0.9, "s": 112853, "e": 113119, "w": "吗", "sp": "Agent"}, {"p": 296, "c": 0.9, "s": 113900, "e": 114476, "w": "不是", "sp": "Customer"}, {"p": 297, "c": 0.9, "s": 114476, "e": 114765, "w": "我", "sp": "Customer"}, {"p": 298, "c": 0.9, "s": 114765, "e": 115340, "w": "不在", "sp": "Customer"}, {"p": 299, "c": 0.9, "s": 115341, "e": 115918, "w": "平台", "sp": "Customer"}, {"p": 300, "c": 0.9, "s": 115918, "e": 116206, "w": "我", "sp": "Customer"}, {"p": 301, "c": 0.9, "s": 116206, "e": 116495, "w": "我", "sp": "Customer"}, {"p": 302, "c": 0.9, "s": 116495, "e": 116783, "w": "我", "sp": "Customer"}, {"p": 303, "c": 0.9, "s": 116783, "e": 117360, "w": "没有", "sp": "Customer"}, {"p": 304, "c": 0.9, "s": 117640, "e": 117879, "w": "我", "sp": "Customer"}, {"p": 305, "c": 0.9, "s": 117660, "e": 118225, "w": "家用", "sp": "Agent"}, {"p": 306, "c": 0.9, "s": 117879, "e": 118118, "w": "我", "sp": "Customer"}, {"p": 307, "c": 0.9, "s": 118118, "e": 118595, "w": "这个", "sp": "Customer"}, {"p": 308, "c": 0.9, "s": 118225, "e": 118507, "w": "的", "sp": "Agent"}, {"p": 309, "c": 0.9, "s": 118508, "e": 119074, "w": "柜机", "sp": "Agent"}, {"p": 310, "c": 0.9, "s": 118596, "e": 119074, "w": "一个", "sp": "Customer"}, {"p": 311, "c": 0.9, "s": 119074, "e": 119312, "w": "大", "sp": "Customer"}, {"p": 312, "c": 0.9, "s": 119074, "e": 119356, "w": "是", "sp": "Agent"}, {"p": 313, "c": 0.9, "s": 119313, "e": 119791, "w": "经理", "sp": "Customer"}, {"p": 314, "c": 0.9, "s": 119357, "e": 119640, "w": "吧", "sp": "Agent"}, {"p": 315, "c": 0.9, "s": 119791, "e": 120030, "w": "不", "sp": "Customer"}, {"p": 316, "c": 0.9, "s": 120030, "e": 120270, "w": "叫", "sp": "Customer"}, {"p": 317, "c": 0.9, "s": 120270, "e": 120747, "w": "这个", "sp": "Customer"}, {"p": 318, "c": 0.9, "s": 120748, "e": 121226, "w": "应该", "sp": "Customer"}, {"p": 319, "c": 0.9, "s": 121226, "e": 121703, "w": "手机", "sp": "Customer"}, {"p": 320, "c": 0.9, "s": 121704, "e": 122182, "w": "还有", "sp": "Customer"}, {"p": 321, "c": 0.9, "s": 122182, "e": 122421, "w": "的", "sp": "Customer"}, {"p": 322, "c": 0.9, "s": 122421, "e": 122659, "w": "吧", "sp": "Customer"}, {"p": 323, "c": 0.9, "s": 122660, "e": 122900, "w": "啊", "sp": "Customer"}, {"p": 324, "c": 0.9, "s": 122820, "e": 123043, "w": "嗯", "sp": "Agent"}, {"p": 325, "c": 0.9, "s": 123043, "e": 123490, "w": "估计", "sp": "Agent"}, {"p": 326, "c": 0.9, "s": 123490, "e": 123714, "w": "有", "sp": "Agent"}, {"p": 327, "c": 0.9, "s": 123714, "e": 124160, "w": "十年", "sp": "Agent"}, {"p": 328, "c": 0.9, "s": 124161, "e": 124608, "w": "左右", "sp": "Agent"}, {"p": 329, "c": 0.9, "s": 124608, "e": 125055, "w": "的话", "sp": "Agent"}, {"p": 330, "c": 0.9, "s": 125055, "e": 125503, "w": "机器", "sp": "Agent"}, {"p": 331, "c": 0.9, "s": 125503, "e": 125726, "w": "过", "sp": "Agent"}, {"p": 332, "c": 0.9, "s": 125726, "e": 125950, "w": "保", "sp": "Agent"}, {"p": 333, "c": 0.9, "s": 125950, "e": 126173, "w": "了", "sp": "Agent"}, {"p": 334, "c": 0.9, "s": 126173, "e": 126843, "w": "是不是", "sp": "Agent"}, {"p": 335, "c": 0.9, "s": 126844, "e": 127291, "w": "我们", "sp": "Agent"}, {"p": 336, "c": 0.9, "s": 127291, "e": 127515, "w": "会", "sp": "Agent"}, {"p": 337, "c": 0.9, "s": 127515, "e": 127962, "w": "产生", "sp": "Agent"}, {"p": 338, "c": 0.9, "s": 127962, "e": 128409, "w": "费用", "sp": "Agent"}, {"p": 339, "c": 0.9, "s": 128409, "e": 128632, "w": "上", "sp": "Agent"}, {"p": 340, "c": 0.9, "s": 128632, "e": 129080, "w": "门前", "sp": "Agent"}, {"p": 341, "c": 0.9, "s": 129080, "e": 129304, "w": "会", "sp": "Agent"}, {"p": 342, "c": 0.9, "s": 129304, "e": 129751, "w": "联系", "sp": "Agent"}, {"p": 343, "c": 0.9, "s": 129751, "e": 129974, "w": "您", "sp": "Agent"}, {"p": 344, "c": 0.9, "s": 129974, "e": 130198, "w": "和", "sp": "Agent"}, {"p": 345, "c": 0.9, "s": 130198, "e": 130422, "w": "您", "sp": "Agent"}, {"p": 346, "c": 0.9, "s": 130422, "e": 130869, "w": "报价", "sp": "Agent"}, {"p": 347, "c": 0.9, "s": 130869, "e": 131316, "w": "可以", "sp": "Agent"}, {"p": 348, "c": 0.9, "s": 131316, "e": 131540, "w": "吗", "sp": "Agent"}, {"p": 349, "c": 0.9, "s": 132660, "e": 132952, "w": "啊", "sp": "Customer"}, {"p": 350, "c": 0.9, "s": 132952, "e": 133536, "w": "可以", "sp": "Customer"}, {"p": 351, "c": 0.9, "s": 133536, "e": 133828, "w": "啊", "sp": "Customer"}, {"p": 352, "c": 0.9, "s": 133828, "e": 134120, "w": "就", "sp": "Customer"}, {"p": 353, "c": 0.9, "s": 134120, "e": 134412, "w": "你", "sp": "Customer"}, {"p": 354, "c": 0.9, "s": 134412, "e": 134996, "w": "只要", "sp": "Customer"}, {"p": 355, "c": 0.9, "s": 134996, "e": 135581, "w": "收费", "sp": "Customer"}, {"p": 356, "c": 0.9, "s": 135581, "e": 136165, "w": "合理", "sp": "Customer"}, {"p": 357, "c": 0.9, "s": 136165, "e": 136457, "w": "不", "sp": "Customer"}, {"p": 358, "c": 0.9, "s": 136457, "e": 136749, "w": "难", "sp": "Customer"}, {"p": 359, "c": 0.9, "s": 136749, "e": 137625, "w": "乱收费", "sp": "Customer"}, {"p": 360, "c": 0.9, "s": 137625, "e": 137917, "w": "啊", "sp": "Customer"}, {"p": 361, "c": 0.9, "s": 137917, "e": 138210, "w": "啊", "sp": "Customer"}, {"p": 362, "c": 0.9, "s": 138190, "e": 138414, "w": "嗯", "sp": "Agent"}, {"p": 363, "c": 0.9, "s": 138414, "e": 138863, "w": "麻烦", "sp": "Agent"}, {"p": 364, "c": 0.9, "s": 138863, "e": 139087, "w": "您", "sp": "Agent"}, {"p": 365, "c": 0.9, "s": 139087, "e": 139536, "w": "提供", "sp": "Agent"}, {"p": 366, "c": 0.9, "s": 139536, "e": 139985, "w": "一下", "sp": "Agent"}, {"p": 367, "c": 0.9, "s": 139985, "e": 140433, "w": "联系", "sp": "Agent"}, {"p": 368, "c": 0.9, "s": 140433, "e": 140658, "w": "您", "sp": "Agent"}, {"p": 369, "c": 0.9, "s": 140658, "e": 140882, "w": "的", "sp": "Agent"}, {"p": 370, "c": 0.9, "s": 140882, "e": 141780, "w": "手机号码", "sp": "Agent"}, {"p": 371, "c": 0.9, "s": 143160, "e": 144050, "w": "啊", "sp": "Customer"}, {"p": 372, "c": 0.9, "s": 144050, "e": 144940, "w": "幺", "sp": "Customer"}, {"p": 373, "c": 0.9, "s": 144940, "e": 146720, "w": "三九", "sp": "Customer"}, {"p": 374, "c": 0.9, "s": 146880, "e": 148080, "w": "嗯", "sp": "Agent"}, {"p": 375, "c": 0.9, "s": 148510, "e": 149096, "w": "九", "sp": "Customer"}, {"p": 376, "c": 0.9, "s": 149096, "e": 149683, "w": "幺", "sp": "Customer"}, {"p": 377, "c": 0.9, "s": 149683, "e": 150270, "w": "三", "sp": "Customer"}, {"p": 378, "c": 0.9, "s": 150380, "e": 151510, "w": "嗯", "sp": "Agent"}, {"p": 379, "c": 0.9, "s": 151650, "e": 152051, "w": "二", "sp": "Customer"}, {"p": 380, "c": 0.9, "s": 152052, "e": 152856, "w": "二六", "sp": "Customer"}, {"p": 381, "c": 0.9, "s": 152856, "e": 153258, "w": "幺", "sp": "Customer"}, {"p": 382, "c": 0.9, "s": 153258, "e": 153659, "w": "九", "sp": "Customer"}, {"p": 383, "c": 0.9, "s": 155240, "e": 155546, "w": "幺", "sp": "Agent"}, {"p": 384, "c": 0.9, "s": 155546, "e": 155853, "w": "三", "sp": "Agent"}, {"p": 385, "c": 0.9, "s": 155853, "e": 156467, "w": "九九", "sp": "Agent"}, {"p": 386, "c": 0.9, "s": 156467, "e": 156774, "w": "幺", "sp": "Agent"}, {"p": 387, "c": 0.9, "s": 156774, "e": 157388, "w": "三二", "sp": "Agent"}, {"p": 388, "c": 0.9, "s": 157388, "e": 158002, "w": "二六", "sp": "Agent"}, {"p": 389, "c": 0.9, "s": 158002, "e": 158309, "w": "幺", "sp": "Agent"}, {"p": 390, "c": 0.9, "s": 158309, "e": 158616, "w": "九", "sp": "Agent"}, {"p": 391, "c": 0.9, "s": 158616, "e": 158923, "w": "是", "sp": "Agent"}, {"p": 392, "c": 0.9, "s": 158923, "e": 159230, "w": "吗", "sp": "Agent"}, {"p": 393, "c": 0.9, "s": 159540, "e": 159872, "w": "对", "sp": "Customer"}, {"p": 394, "c": 0.9, "s": 159872, "e": 160204, "w": "的", "sp": "Customer"}, {"p": 395, "c": 0.9, "s": 160205, "e": 160537, "w": "对", "sp": "Customer"}, {"p": 396, "c": 0.9, "s": 160537, "e": 160870, "w": "的", "sp": "Customer"}, {"p": 397, "c": 0.9, "s": 160890, "e": 161375, "w": "上门", "sp": "Agent"}, {"p": 398, "c": 0.9, "s": 161376, "e": 161862, "w": "维修", "sp": "Agent"}, {"p": 399, "c": 0.9, "s": 161862, "e": 162105, "w": "的", "sp": "Agent"}, {"p": 400, "c": 0.9, "s": 162105, "e": 162590, "w": "地点", "sp": "Agent"}, {"p": 401, "c": 0.9, "s": 162591, "e": 163078, "w": "麻烦", "sp": "Agent"}, {"p": 402, "c": 0.9, "s": 163078, "e": 163321, "w": "您", "sp": "Agent"}, {"p": 403, "c": 0.9, "s": 163321, "e": 163564, "w": "报", "sp": "Agent"}, {"p": 404, "c": 0.9, "s": 163564, "e": 164049, "w": "一下", "sp": "Agent"}, {"p": 405, "c": 0.9, "s": 164050, "e": 164293, "w": "省", "sp": "Agent"}, {"p": 406, "c": 0.9, "s": 164293, "e": 164780, "w": "市区", "sp": "Agent"}, {"p": 407, "c": 0.9, "s": 165400, "e": 165707, "w": "嗯", "sp": "Customer"}, {"p": 408, "c": 0.9, "s": 165707, "e": 166321, "w": "这个", "sp": "Customer"}, {"p": 409, "c": 0.9, "s": 166321, "e": 166935, "w": "雁塔", "sp": "Customer"}, {"p": 410, "c": 0.9, "s": 166935, "e": 167242, "w": "区", "sp": "Customer"}, {"p": 411, "c": 0.9, "s": 167242, "e": 167857, "w": "这个", "sp": "Customer"}, {"p": 412, "c": 0.9, "s": 167857, "e": 168778, "w": "西安市", "sp": "Customer"}, {"p": 413, "c": 0.9, "s": 168778, "e": 169392, "w": "雁塔", "sp": "Customer"}, {"p": 414, "c": 0.9, "s": 169392, "e": 169700, "w": "区", "sp": "Customer"}, {"p": 415, "c": 0.9, "s": 170820, "e": 171930, "w": "嗯", "sp": "Agent"}, {"p": 416, "c": 0.9, "s": 171690, "e": 172008, "w": "啊", "sp": "Customer"}, {"p": 417, "c": 0.9, "s": 172008, "e": 172963, "w": "明德门", "sp": "Customer"}, {"p": 418, "c": 0.9, "s": 172964, "e": 173602, "w": "这边", "sp": "Customer"}, {"p": 419, "c": 0.9, "s": 173602, "e": 173920, "w": "有", "sp": "Customer"}, {"p": 420, "c": 0.9, "s": 173920, "e": 174239, "w": "一", "sp": "Customer"}, {"p": 421, "c": 0.9, "s": 174239, "e": 174875, "w": "叫做", "sp": "Customer"}, {"p": 422, "c": 0.9, "s": 174876, "e": 175514, "w": "新泰", "sp": "Customer"}, {"p": 423, "c": 0.9, "s": 175514, "e": 175832, "w": "园", "sp": "Customer"}, {"p": 424, "c": 0.9, "s": 175832, "e": 176470, "w": "小区", "sp": "Customer"}, {"p": 425, "c": 0.9, "s": 176870, "e": 177465, "w": "就是", "sp": "Customer"}, {"p": 426, "c": 0.9, "s": 177466, "e": 178063, "w": "三个", "sp": "Customer"}, {"p": 427, "c": 0.9, "s": 177650, "e": 178709, "w": "新旧", "sp": "Agent"}, {"p": 428, "c": 0.9, "s": 178063, "e": 178660, "w": "金字", "sp": "Customer"}, {"p": 429, "c": 0.9, "s": 178710, "e": 179240, "w": "的", "sp": "Agent"}, {"p": 430, "c": 0.9, "s": 179240, "e": 179770, "w": "嗯", "sp": "Agent"}, {"p": 431, "c": 0.9, "s": 179740, "e": 179985, "w": "嗯", "sp": "Customer"}, {"p": 432, "c": 0.9, "s": 179985, "e": 180476, "w": "三个", "sp": "Customer"}, {"p": 433, "c": 0.9, "s": 180476, "e": 180722, "w": "金", "sp": "Customer"}, {"p": 434, "c": 0.9, "s": 180722, "e": 181213, "w": "三个", "sp": "Customer"}, {"p": 435, "c": 0.9, "s": 181213, "e": 181459, "w": "金", "sp": "Customer"}, {"p": 436, "c": 0.9, "s": 181459, "e": 181705, "w": "摞", "sp": "Customer"}, {"p": 437, "c": 0.9, "s": 181705, "e": 181950, "w": "到", "sp": "Customer"}, {"p": 438, "c": 0.9, "s": 181950, "e": 182441, "w": "一起", "sp": "Customer"}, {"p": 439, "c": 0.9, "s": 182441, "e": 182687, "w": "的", "sp": "Customer"}, {"p": 440, "c": 0.9, "s": 182687, "e": 183178, "w": "就是", "sp": "Customer"}, {"p": 441, "c": 0.9, "s": 183170, "e": 183668, "w": "嗯", "sp": "Agent"}, {"p": 442, "c": 0.9, "s": 183178, "e": 183424, "w": "叫", "sp": "Customer"}, {"p": 443, "c": 0.9, "s": 183424, "e": 183670, "w": "新", "sp": "Customer"}, {"p": 444, "c": 0.9, "s": 183668, "e": 184166, "w": "新", "sp": "Agent"}, {"p": 445, "c": 0.9, "s": 183990, "e": 184640, "w": "新泰", "sp": "Customer"}, {"p": 446, "c": 0.9, "s": 184166, "e": 185163, "w": "太原", "sp": "Agent"}, {"p": 447, "c": 0.9, "s": 184640, "e": 184965, "w": "泰", "sp": "Customer"}, {"p": 448, "c": 0.9, "s": 184965, "e": 185291, "w": "柚", "sp": "Customer"}, {"p": 449, "c": 0.9, "s": 185163, "e": 186159, "w": "小区", "sp": "Agent"}, {"p": 450, "c": 0.9, "s": 185291, "e": 185941, "w": "泰国", "sp": "Customer"}, {"p": 451, "c": 0.9, "s": 185941, "e": 186267, "w": "的", "sp": "Customer"}, {"p": 452, "c": 0.9, "s": 186267, "e": 186592, "w": "泰", "sp": "Customer"}, {"p": 453, "c": 0.9, "s": 186490, "e": 187590, "w": "嗯", "sp": "Agent"}, {"p": 454, "c": 0.9, "s": 186592, "e": 186917, "w": "哎", "sp": "Customer"}, {"p": 455, "c": 0.9, "s": 186917, "e": 187242, "w": "哎", "sp": "Customer"}, {"p": 456, "c": 0.9, "s": 187242, "e": 187893, "w": "新泰", "sp": "Customer"}, {"p": 457, "c": 0.9, "s": 187893, "e": 188544, "w": "小区", "sp": "Customer"}, {"p": 458, "c": 0.9, "s": 188544, "e": 189194, "w": "西区", "sp": "Customer"}, {"p": 459, "c": 0.9, "s": 189194, "e": 189520, "w": "哎", "sp": "Customer"}, {"p": 460, "c": 0.9, "s": 189320, "e": 190440, "w": "嗯", "sp": "Agent"}, {"p": 461, "c": 0.9, "s": 190220, "e": 190968, "w": "十八", "sp": "Customer"}, {"p": 462, "c": 0.9, "s": 190968, "e": 191342, "w": "号", "sp": "Customer"}, {"p": 463, "c": 0.9, "s": 191342, "e": 191717, "w": "楼", "sp": "Customer"}, {"p": 464, "c": 0.9, "s": 191717, "e": 192090, "w": "七", "sp": "Customer"}, {"p": 465, "c": 0.9, "s": 192091, "e": 192840, "w": "零三", "sp": "Customer"}, {"p": 466, "c": 0.9, "s": 193480, "e": 194110, "w": "小区", "sp": "Agent"}, {"p": 467, "c": 0.9, "s": 194110, "e": 194740, "w": "前面", "sp": "Agent"}, {"p": 468, "c": 0.9, "s": 194740, "e": 195055, "w": "有", "sp": "Agent"}, {"p": 469, "c": 0.9, "s": 195055, "e": 195685, "w": "路名", "sp": "Agent"}, {"p": 470, "c": 0.9, "s": 195685, "e": 196000, "w": "吗", "sp": "Agent"}, {"p": 471, "c": 0.9, "s": 198640, "e": 198985, "w": "有", "sp": "Customer"}, {"p": 472, "c": 0.9, "s": 198985, "e": 199330, "w": "有", "sp": "Customer"}, {"p": 473, "c": 0.9, "s": 199330, "e": 200020, "w": "什么", "sp": "Customer"}, {"p": 474, "c": 0.9, "s": 200200, "e": 200491, "w": "有", "sp": "Agent"}, {"p": 475, "c": 0.9, "s": 200491, "e": 201075, "w": "具体", "sp": "Agent"}, {"p": 476, "c": 0.9, "s": 201075, "e": 201366, "w": "的", "sp": "Agent"}, {"p": 477, "c": 0.9, "s": 201310, "e": 201944, "w": "怎么", "sp": "Customer"}, {"p": 478, "c": 0.9, "s": 201366, "e": 201950, "w": "路径", "sp": "Agent"}, {"p": 479, "c": 0.9, "s": 201945, "e": 202262, "w": "弄", "sp": "Customer"}, {"p": 480, "c": 0.9, "s": 201950, "e": 202241, "w": "吗", "sp": "Agent"}, {"p": 481, "c": 0.9, "s": 202241, "e": 202825, "w": "还是", "sp": "Agent"}, {"p": 482, "c": 0.9, "s": 202262, "e": 202579, "w": "啊", "sp": "Customer"}, {"p": 483, "c": 0.9, "s": 202825, "e": 203407, "w": "导航", "sp": "Agent"}, {"p": 484, "c": 0.9, "s": 202870, "e": 203105, "w": "哦", "sp": "Customer"}, {"p": 485, "c": 0.9, "s": 203105, "e": 203340, "w": "没", "sp": "Customer"}, {"p": 486, "c": 0.9, "s": 203340, "e": 204045, "w": "有没有", "sp": "Customer"}, {"p": 487, "c": 0.9, "s": 203408, "e": 203700, "w": "嗯", "sp": "Agent"}, {"p": 488, "c": 0.9, "s": 204045, "e": 204280, "w": "没", "sp": "Customer"}, {"p": 489, "c": 0.9, "s": 204560, "e": 204744, "w": "你", "sp": "Customer"}, {"p": 490, "c": 0.9, "s": 204744, "e": 204928, "w": "找", "sp": "Customer"}, {"p": 491, "c": 0.9, "s": 204928, "e": 205112, "w": "他", "sp": "Customer"}, {"p": 492, "c": 0.9, "s": 205113, "e": 205297, "w": "你", "sp": "Customer"}, {"p": 493, "c": 0.9, "s": 205297, "e": 205482, "w": "就", "sp": "Customer"}, {"p": 494, "c": 0.9, "s": 205482, "e": 205666, "w": "找", "sp": "Customer"}, {"p": 495, "c": 0.9, "s": 205666, "e": 206035, "w": "这个", "sp": "Customer"}, {"p": 496, "c": 0.9, "s": 206035, "e": 206220, "w": "新", "sp": "Customer"}, {"p": 497, "c": 0.9, "s": 206220, "e": 206588, "w": "太原", "sp": "Customer"}, {"p": 498, "c": 0.9, "s": 206588, "e": 206773, "w": "他", "sp": "Customer"}, {"p": 499, "c": 0.9, "s": 206773, "e": 206957, "w": "就", "sp": "Customer"}, {"p": 500, "c": 0.9, "s": 206957, "e": 207326, "w": "找到", "sp": "Customer"}, {"p": 501, "c": 0.9, "s": 207326, "e": 207511, "w": "那", "sp": "Customer"}, {"p": 502, "c": 0.9, "s": 207511, "e": 207695, "w": "去", "sp": "Customer"}, {"p": 503, "c": 0.9, "s": 207695, "e": 207880, "w": "了", "sp": "Customer"}, {"p": 504, "c": 0.9, "s": 208120, "e": 208412, "w": "好", "sp": "Agent"}, {"p": 505, "c": 0.9, "s": 208160, "e": 208562, "w": "啊", "sp": "Customer"}, {"p": 506, "c": 0.9, "s": 208412, "e": 208704, "w": "的", "sp": "Agent"}, {"p": 507, "c": 0.9, "s": 208562, "e": 209368, "w": "就是", "sp": "Customer"}, {"p": 508, "c": 0.9, "s": 208704, "e": 209288, "w": "核实", "sp": "Agent"}, {"p": 509, "c": 0.9, "s": 209288, "e": 209873, "w": "一下", "sp": "Agent"}, {"p": 510, "c": 0.9, "s": 209368, "e": 210174, "w": "雁塔", "sp": "Customer"}, {"p": 511, "c": 0.9, "s": 209873, "e": 210457, "w": "地点", "sp": "Agent"}, {"p": 512, "c": 0.9, "s": 210174, "e": 210577, "w": "区", "sp": "Customer"}, {"p": 513, "c": 0.9, "s": 210457, "e": 210750, "w": "陕", "sp": "Agent"}, {"p": 514, "c": 0.9, "s": 210577, "e": 210980, "w": "呃", "sp": "Customer"}, {"p": 515, "c": 0.9, "s": 211360, "e": 211920, "w": "哎", "sp": "Customer"}, {"p": 516, "c": 0.9, "s": 211920, "e": 212480, "w": "好", "sp": "Customer"}, {"p": 517, "c": 0.9, "s": 211930, "e": 212198, "w": "是", "sp": "Agent"}, {"p": 518, "c": 0.9, "s": 212199, "e": 213006, "w": "陕西省", "sp": "Agent"}, {"p": 519, "c": 0.9, "s": 213006, "e": 213814, "w": "西安市", "sp": "Agent"}, {"p": 520, "c": 0.9, "s": 213814, "e": 214353, "w": "雁塔", "sp": "Agent"}, {"p": 521, "c": 0.9, "s": 214353, "e": 214622, "w": "区", "sp": "Agent"}, {"p": 522, "c": 0.9, "s": 214622, "e": 214890, "w": "新", "sp": "Agent"}, {"p": 523, "c": 0.9, "s": 214891, "e": 215430, "w": "太原", "sp": "Agent"}, {"p": 524, "c": 0.9, "s": 215430, "e": 215967, "w": "小区", "sp": "Agent"}, {"p": 525, "c": 0.9, "s": 215968, "e": 216506, "w": "西区", "sp": "Agent"}, {"p": 526, "c": 0.9, "s": 216506, "e": 217045, "w": "十八", "sp": "Agent"}, {"p": 527, "c": 0.9, "s": 217045, "e": 217314, "w": "号", "sp": "Agent"}, {"p": 528, "c": 0.9, "s": 217314, "e": 217583, "w": "楼", "sp": "Agent"}, {"p": 529, "c": 0.9, "s": 217583, "e": 217853, "w": "七", "sp": "Agent"}, {"p": 530, "c": 0.9, "s": 217853, "e": 218390, "w": "零三", "sp": "Agent"}, {"p": 531, "c": 0.9, "s": 218391, "e": 218660, "w": "是", "sp": "Agent"}, {"p": 532, "c": 0.9, "s": 218660, "e": 218930, "w": "吧", "sp": "Agent"}, {"p": 533, "c": 0.9, "s": 219300, "e": 219770, "w": "对", "sp": "Customer"}, {"p": 534, "c": 0.9, "s": 219770, "e": 220240, "w": "对", "sp": "Customer"}, {"p": 535, "c": 0.9, "s": 220240, "e": 220710, "w": "对", "sp": "Customer"}, {"p": 536, "c": 0.9, "s": 221060, "e": 221543, "w": "空调", "sp": "Agent"}, {"p": 537, "c": 0.9, "s": 221543, "e": 221785, "w": "外", "sp": "Agent"}, {"p": 538, "c": 0.9, "s": 221785, "e": 222027, "w": "机", "sp": "Agent"}, {"p": 539, "c": 0.9, "s": 222027, "e": 222269, "w": "有", "sp": "Agent"}, {"p": 540, "c": 0.9, "s": 222269, "e": 222752, "w": "平台", "sp": "Agent"}, {"p": 541, "c": 0.9, "s": 222753, "e": 223236, "w": "安放", "sp": "Agent"}, {"p": 542, "c": 0.9, "s": 223236, "e": 223719, "w": "小区", "sp": "Agent"}, {"p": 543, "c": 0.9, "s": 223720, "e": 223962, "w": "受", "sp": "Agent"}, {"p": 544, "c": 0.9, "s": 223962, "e": 224446, "w": "疫情", "sp": "Agent"}, {"p": 545, "c": 0.9, "s": 224446, "e": 224930, "w": "防控", "sp": "Agent"}, {"p": 546, "c": 0.9, "s": 224930, "e": 225413, "w": "影响", "sp": "Agent"}, {"p": 547, "c": 0.9, "s": 225413, "e": 225896, "w": "是否", "sp": "Agent"}, {"p": 548, "c": 0.9, "s": 225897, "e": 226139, "w": "停", "sp": "Agent"}, {"p": 549, "c": 0.9, "s": 226139, "e": 226381, "w": "温", "sp": "Agent"}, {"p": 550, "c": 0.9, "s": 226381, "e": 226864, "w": "正常", "sp": "Agent"}, {"p": 551, "c": 0.9, "s": 226865, "e": 227106, "w": "也", "sp": "Agent"}, {"p": 552, "c": 0.9, "s": 227106, "e": 227348, "w": "是", "sp": "Agent"}, {"p": 553, "c": 0.9, "s": 227348, "e": 227832, "w": "可以", "sp": "Agent"}, {"p": 554, "c": 0.9, "s": 227832, "e": 228316, "w": "进入", "sp": "Agent"}, {"p": 555, "c": 0.9, "s": 228316, "e": 228558, "w": "的", "sp": "Agent"}, {"p": 556, "c": 0.9, "s": 228558, "e": 228800, "w": "吗", "sp": "Agent"}, {"p": 557, "c": 0.9, "s": 230400, "e": 230681, "w": "这", "sp": "Customer"}, {"p": 558, "c": 0.9, "s": 230681, "e": 230962, "w": "是", "sp": "Customer"}, {"p": 559, "c": 0.9, "s": 230962, "e": 231525, "w": "什么", "sp": "Customer"}, {"p": 560, "c": 0.9, "s": 231525, "e": 232086, "w": "意思", "sp": "Customer"}, {"p": 561, "c": 0.9, "s": 232087, "e": 232368, "w": "啊", "sp": "Customer"}, {"p": 562, "c": 0.9, "s": 232300, "e": 232910, "w": "收益", "sp": "Agent"}, {"p": 563, "c": 0.9, "s": 232368, "e": 232931, "w": "就是", "sp": "Customer"}, {"p": 564, "c": 0.9, "s": 232910, "e": 233520, "w": "情况", "sp": "Agent"}, {"p": 565, "c": 0.9, "s": 232931, "e": 233212, "w": "这", "sp": "Customer"}, {"p": 566, "c": 0.9, "s": 233212, "e": 233493, "w": "这", "sp": "Customer"}, {"p": 567, "c": 0.9, "s": 233493, "e": 233775, "w": "进", "sp": "Customer"}, {"p": 568, "c": 0.9, "s": 233520, "e": 233825, "w": "下", "sp": "Agent"}, {"p": 569, "c": 0.9, "s": 233775, "e": 234056, "w": "进", "sp": "Customer"}, {"p": 570, "c": 0.9, "s": 233825, "e": 234435, "w": "小区", "sp": "Agent"}, {"p": 571, "c": 0.9, "s": 234056, "e": 234337, "w": "我", "sp": "Customer"}, {"p": 572, "c": 0.9, "s": 234337, "e": 234900, "w": "小区", "sp": "Customer"}, {"p": 573, "c": 0.9, "s": 234435, "e": 234739, "w": "能", "sp": "Agent"}, {"p": 574, "c": 0.9, "s": 234740, "e": 235045, "w": "进", "sp": "Agent"}, {"p": 575, "c": 0.9, "s": 235045, "e": 235349, "w": "吗", "sp": "Agent"}, {"p": 576, "c": 0.9, "s": 236110, "e": 236332, "w": "啊", "sp": "Customer"}, {"p": 577, "c": 0.9, "s": 236332, "e": 236554, "w": "他", "sp": "Customer"}, {"p": 578, "c": 0.9, "s": 236554, "e": 236999, "w": "需要", "sp": "Customer"}, {"p": 579, "c": 0.9, "s": 236999, "e": 237221, "w": "的", "sp": "Customer"}, {"p": 580, "c": 0.9, "s": 237221, "e": 237666, "w": "就是", "sp": "Customer"}, {"p": 581, "c": 0.9, "s": 237666, "e": 238111, "w": "现在", "sp": "Customer"}, {"p": 582, "c": 0.9, "s": 238111, "e": 238556, "w": "西安", "sp": "Customer"}, {"p": 583, "c": 0.9, "s": 238556, "e": 239001, "w": "每天", "sp": "Customer"}, {"p": 584, "c": 0.9, "s": 239001, "e": 239223, "w": "都", "sp": "Customer"}, {"p": 585, "c": 0.9, "s": 239223, "e": 239445, "w": "要", "sp": "Customer"}, {"p": 586, "c": 0.9, "s": 239445, "e": 239668, "w": "做", "sp": "Customer"}, {"p": 587, "c": 0.9, "s": 239668, "e": 240112, "w": "一次", "sp": "Customer"}, {"p": 588, "c": 0.9, "s": 240112, "e": 240557, "w": "核酸", "sp": "Customer"}, {"p": 589, "c": 0.9, "s": 240557, "e": 241002, "w": "检测", "sp": "Customer"}, {"p": 590, "c": 0.9, "s": 241002, "e": 241447, "w": "那么", "sp": "Customer"}, {"p": 591, "c": 0.9, "s": 241447, "e": 241669, "w": "试", "sp": "Customer"}, {"p": 592, "c": 0.9, "s": 241669, "e": 242114, "w": "不来", "sp": "Customer"}, {"p": 593, "c": 0.9, "s": 242114, "e": 242336, "w": "了", "sp": "Customer"}, {"p": 594, "c": 0.9, "s": 242336, "e": 242559, "w": "他", "sp": "Customer"}, {"p": 595, "c": 0.9, "s": 242559, "e": 242781, "w": "要", "sp": "Customer"}, {"p": 596, "c": 0.9, "s": 242781, "e": 243004, "w": "有", "sp": "Customer"}, {"p": 597, "c": 0.9, "s": 243004, "e": 243448, "w": "一个", "sp": "Customer"}, {"p": 598, "c": 0.9, "s": 243448, "e": 243893, "w": "核酸", "sp": "Customer"}, {"p": 599, "c": 0.9, "s": 243893, "e": 244338, "w": "检测", "sp": "Customer"}, {"p": 600, "c": 0.9, "s": 244338, "e": 244560, "w": "的", "sp": "Customer"}, {"p": 601, "c": 0.9, "s": 244560, "e": 245005, "w": "那个", "sp": "Customer"}, {"p": 602, "c": 0.9, "s": 245005, "e": 245450, "w": "那个", "sp": "Customer"}, {"p": 603, "c": 0.9, "s": 245450, "e": 245895, "w": "那个", "sp": "Customer"}, {"p": 604, "c": 0.9, "s": 245895, "e": 246339, "w": "证明", "sp": "Customer"}, {"p": 605, "c": 0.9, "s": 246339, "e": 246562, "w": "就", "sp": "Customer"}, {"p": 606, "c": 0.9, "s": 246562, "e": 247007, "w": "说明", "sp": "Customer"}, {"p": 607, "c": 0.9, "s": 247007, "e": 247229, "w": "他", "sp": "Customer"}, {"p": 608, "c": 0.9, "s": 247229, "e": 247451, "w": "过", "sp": "Customer"}, {"p": 609, "c": 0.9, "s": 247451, "e": 247674, "w": "了", "sp": "Customer"}, {"p": 610, "c": 0.9, "s": 247674, "e": 248118, "w": "然后", "sp": "Customer"}, {"p": 611, "c": 0.9, "s": 248118, "e": 248341, "w": "给", "sp": "Customer"}, {"p": 612, "c": 0.9, "s": 248341, "e": 248563, "w": "我", "sp": "Customer"}, {"p": 613, "c": 0.9, "s": 248563, "e": 249230, "w": "打电话", "sp": "Customer"}, {"p": 614, "c": 0.9, "s": 249230, "e": 249453, "w": "我", "sp": "Customer"}, {"p": 615, "c": 0.9, "s": 249453, "e": 249898, "w": "下去", "sp": "Customer"}, {"p": 616, "c": 0.9, "s": 249898, "e": 250120, "w": "接", "sp": "Customer"}, {"p": 617, "c": 0.9, "s": 250120, "e": 250342, "w": "他", "sp": "Customer"}, {"p": 618, "c": 0.9, "s": 250342, "e": 250787, "w": "上来", "sp": "Customer"}, {"p": 619, "c": 0.9, "s": 250787, "e": 251010, "w": "去", "sp": "Customer"}, {"p": 620, "c": 0.9, "s": 251590, "e": 251874, "w": "好", "sp": "Agent"}, {"p": 621, "c": 0.9, "s": 251874, "e": 252157, "w": "的", "sp": "Agent"}, {"p": 622, "c": 0.9, "s": 252158, "e": 252727, "w": "最快", "sp": "Agent"}, {"p": 623, "c": 0.9, "s": 252727, "e": 253012, "w": "的", "sp": "Agent"}, {"p": 624, "c": 0.9, "s": 253012, "e": 253581, "w": "上门", "sp": "Agent"}, {"p": 625, "c": 0.9, "s": 253581, "e": 254150, "w": "时间", "sp": "Agent"}, {"p": 626, "c": 0.9, "s": 254150, "e": 254433, "w": "是", "sp": "Agent"}, {"p": 627, "c": 0.9, "s": 254434, "e": 255287, "w": "十三号", "sp": "Agent"}, {"p": 628, "c": 0.9, "s": 255287, "e": 255856, "w": "今天", "sp": "Agent"}, {"p": 629, "c": 0.9, "s": 255856, "e": 256424, "w": "方便", "sp": "Agent"}, {"p": 630, "c": 0.9, "s": 256424, "e": 256709, "w": "吗", "sp": "Agent"}, {"p": 631, "c": 0.9, "s": 257450, "e": 258420, "w": "嗯", "sp": "Agent"}, {"p": 632, "c": 0.9, "s": 257570, "e": 258260, "w": "十八", "sp": "Customer"}, {"p": 633, "c": 0.9, "s": 258260, "e": 258605, "w": "号", "sp": "Customer"}, {"p": 634, "c": 0.9, "s": 258605, "e": 258950, "w": "寄", "sp": "Customer"}, {"p": 635, "c": 0.9, "s": 258950, "e": 259295, "w": "啊", "sp": "Customer"}, {"p": 636, "c": 0.9, "s": 259295, "e": 259640, "w": "啊", "sp": "Customer"}, {"p": 637, "c": 0.9, "s": 259390, "e": 260626, "w": "十三号", "sp": "Agent"}, {"p": 638, "c": 0.9, "s": 260440, "e": 261380, "w": "哎", "sp": "Customer"}, {"p": 639, "c": 0.9, "s": 260626, "e": 261450, "w": "今天", "sp": "Agent"}, {"p": 640, "c": 0.9, "s": 262150, "e": 262432, "w": "啊", "sp": "Customer"}, {"p": 641, "c": 0.9, "s": 262433, "e": 263000, "w": "今天", "sp": "Customer"}, {"p": 642, "c": 0.9, "s": 263000, "e": 263283, "w": "呀", "sp": "Customer"}, {"p": 643, "c": 0.9, "s": 263283, "e": 263565, "w": "是", "sp": "Customer"}, {"p": 644, "c": 0.9, "s": 263566, "e": 263850, "w": "吧", "sp": "Customer"}, {"p": 645, "c": 0.9, "s": 263930, "e": 265000, "w": "嗯", "sp": "Agent"}, {"p": 646, "c": 0.9, "s": 264500, "e": 264968, "w": "今天", "sp": "Customer"}, {"p": 647, "c": 0.9, "s": 264968, "e": 265435, "w": "什么", "sp": "Customer"}, {"p": 648, "c": 0.9, "s": 265436, "e": 265904, "w": "时候", "sp": "Customer"}, {"p": 649, "c": 0.9, "s": 265904, "e": 266371, "w": "来到", "sp": "Customer"}, {"p": 650, "c": 0.9, "s": 266372, "e": 266606, "w": "啊", "sp": "Customer"}, {"p": 651, "c": 0.9, "s": 266606, "e": 266840, "w": "啊", "sp": "Customer"}, {"p": 652, "c": 0.9, "s": 266880, "e": 267251, "w": "具体", "sp": "Agent"}, {"p": 653, "c": 0.9, "s": 267251, "e": 267623, "w": "时间", "sp": "Agent"}, {"p": 654, "c": 0.9, "s": 267623, "e": 267995, "w": "需要", "sp": "Agent"}, {"p": 655, "c": 0.9, "s": 267995, "e": 268366, "w": "师傅", "sp": "Agent"}, {"p": 656, "c": 0.9, "s": 268366, "e": 268738, "w": "电话", "sp": "Agent"}, {"p": 657, "c": 0.9, "s": 268738, "e": 269110, "w": "联系", "sp": "Agent"}, {"p": 658, "c": 0.9, "s": 269110, "e": 269294, "w": "和", "sp": "Agent"}, {"p": 659, "c": 0.9, "s": 269295, "e": 269481, "w": "您", "sp": "Agent"}, {"p": 660, "c": 0.9, "s": 269481, "e": 269667, "w": "约", "sp": "Agent"}, {"p": 661, "c": 0.9, "s": 269667, "e": 270039, "w": "保持", "sp": "Agent"}, {"p": 662, "c": 0.9, "s": 270039, "e": 270410, "w": "一下", "sp": "Agent"}, {"p": 663, "c": 0.9, "s": 270410, "e": 270596, "w": "您", "sp": "Agent"}, {"p": 664, "c": 0.9, "s": 270596, "e": 270968, "w": "号码", "sp": "Agent"}, {"p": 665, "c": 0.9, "s": 270968, "e": 271340, "w": "通畅", "sp": "Agent"}, {"p": 666, "c": 0.9, "s": 272520, "e": 272724, "w": "啊", "sp": "Customer"}, {"p": 667, "c": 0.9, "s": 272725, "e": 272931, "w": "也", "sp": "Customer"}, {"p": 668, "c": 0.9, "s": 272931, "e": 273136, "w": "行", "sp": "Customer"}, {"p": 669, "c": 0.9, "s": 273136, "e": 273341, "w": "啊", "sp": "Customer"}, {"p": 670, "c": 0.9, "s": 273342, "e": 273753, "w": "今天", "sp": "Customer"}, {"p": 671, "c": 0.9, "s": 273753, "e": 274164, "w": "不了", "sp": "Customer"}, {"p": 672, "c": 0.9, "s": 274165, "e": 274370, "w": "你", "sp": "Customer"}, {"p": 673, "c": 0.9, "s": 274370, "e": 274781, "w": "明天", "sp": "Customer"}, {"p": 674, "c": 0.9, "s": 274782, "e": 274987, "w": "也", "sp": "Customer"}, {"p": 675, "c": 0.9, "s": 274987, "e": 275399, "w": "可以", "sp": "Customer"}, {"p": 676, "c": 0.9, "s": 275399, "e": 275603, "w": "啊", "sp": "Customer"}, {"p": 677, "c": 0.9, "s": 275604, "e": 275810, "w": "都", "sp": "Customer"}, {"p": 678, "c": 0.9, "s": 275810, "e": 276221, "w": "可以", "sp": "Customer"}, {"p": 679, "c": 0.9, "s": 276221, "e": 276427, "w": "就", "sp": "Customer"}, {"p": 680, "c": 0.9, "s": 276427, "e": 276633, "w": "这", "sp": "Customer"}, {"p": 681, "c": 0.9, "s": 276633, "e": 277044, "w": "两天", "sp": "Customer"}, {"p": 682, "c": 0.9, "s": 277044, "e": 277250, "w": "啊", "sp": "Customer"}, {"p": 683, "c": 0.9, "s": 277770, "e": 278278, "w": "安排", "sp": "Agent"}, {"p": 684, "c": 0.9, "s": 278130, "e": 278502, "w": "不行", "sp": "Customer"}, {"p": 685, "c": 0.9, "s": 278278, "e": 279040, "w": "十三号", "sp": "Agent"}, {"p": 686, "c": 0.9, "s": 278502, "e": 278689, "w": "你", "sp": "Customer"}, {"p": 687, "c": 0.9, "s": 278689, "e": 278875, "w": "就", "sp": "Customer"}, {"p": 688, "c": 0.9, "s": 278875, "e": 279248, "w": "安排", "sp": "Customer"}, {"p": 689, "c": 0.9, "s": 279040, "e": 279548, "w": "今天", "sp": "Agent"}, {"p": 690, "c": 0.9, "s": 279248, "e": 279434, "w": "到", "sp": "Customer"}, {"p": 691, "c": 0.9, "s": 279434, "e": 279806, "w": "明天", "sp": "Customer"}, {"p": 692, "c": 0.9, "s": 279548, "e": 280056, "w": "可以", "sp": "Agent"}, {"p": 693, "c": 0.9, "s": 279807, "e": 279993, "w": "也", "sp": "Customer"}, {"p": 694, "c": 0.9, "s": 279993, "e": 280180, "w": "行", "sp": "Customer"}, {"p": 695, "c": 0.9, "s": 280056, "e": 280310, "w": "吗", "sp": "Agent"}, {"p": 696, "c": 0.9, "s": 281740, "e": 282000, "w": "嗯", "sp": "Customer"}, {"p": 697, "c": 0.9, "s": 281980, "e": 282237, "w": "您", "sp": "Agent"}, {"p": 698, "c": 0.9, "s": 282000, "e": 282520, "w": "明天", "sp": "Customer"}, {"p": 699, "c": 0.9, "s": 282237, "e": 282495, "w": "要", "sp": "Agent"}, {"p": 700, "c": 0.9, "s": 282495, "e": 283010, "w": "安排", "sp": "Agent"}, {"p": 701, "c": 0.9, "s": 282520, "e": 283300, "w": "行不行", "sp": "Customer"}, {"p": 702, "c": 0.9, "s": 283010, "e": 283267, "w": "哪", "sp": "Agent"}, {"p": 703, "c": 0.9, "s": 283267, "e": 283782, "w": "一天", "sp": "Agent"}, {"p": 704, "c": 0.9, "s": 283740, "e": 283961, "w": "啊", "sp": "Customer"}, {"p": 705, "c": 0.9, "s": 283782, "e": 284040, "w": "他", "sp": "Agent"}, {"p": 706, "c": 0.9, "s": 283961, "e": 284182, "w": "啊", "sp": "Customer"}, {"p": 707, "c": 0.9, "s": 284040, "e": 284297, "w": "说", "sp": "Agent"}, {"p": 708, "c": 0.9, "s": 284182, "e": 284624, "w": "明天", "sp": "Customer"}, {"p": 709, "c": 0.9, "s": 284297, "e": 284555, "w": "的", "sp": "Agent"}, {"p": 710, "c": 0.9, "s": 284555, "e": 284811, "w": "是", "sp": "Agent"}, {"p": 711, "c": 0.9, "s": 284624, "e": 284845, "w": "吧", "sp": "Customer"}, {"p": 712, "c": 0.9, "s": 284812, "e": 285070, "w": "三", "sp": "Agent"}, {"p": 713, "c": 0.9, "s": 284845, "e": 285066, "w": "我", "sp": "Customer"}, {"p": 714, "c": 0.9, "s": 285066, "e": 285287, "w": "我", "sp": "Customer"}, {"p": 715, "c": 0.9, "s": 285287, "e": 285728, "w": "现在", "sp": "Customer"}, {"p": 716, "c": 0.9, "s": 285729, "e": 285950, "w": "在", "sp": "Customer"}, {"p": 717, "c": 0.9, "s": 285950, "e": 286392, "w": "外头", "sp": "Customer"}, {"p": 718, "c": 0.9, "s": 286392, "e": 286613, "w": "呢", "sp": "Customer"}, {"p": 719, "c": 0.9, "s": 286613, "e": 286834, "w": "要", "sp": "Customer"}, {"p": 720, "c": 0.9, "s": 286834, "e": 287055, "w": "不", "sp": "Customer"}, {"p": 721, "c": 0.9, "s": 287055, "e": 287276, "w": "就", "sp": "Customer"}, {"p": 722, "c": 0.9, "s": 287276, "e": 287497, "w": "赶", "sp": "Customer"}, {"p": 723, "c": 0.9, "s": 287497, "e": 287939, "w": "回去", "sp": "Customer"}, {"p": 724, "c": 0.9, "s": 287939, "e": 288160, "w": "呗", "sp": "Customer"}, {"p": 725, "c": 0.9, "s": 288410, "e": 288635, "w": "嗯", "sp": "Agent"}, {"p": 726, "c": 0.9, "s": 288635, "e": 288860, "w": "那", "sp": "Agent"}, {"p": 727, "c": 0.9, "s": 288860, "e": 289085, "w": "就", "sp": "Agent"}, {"p": 728, "c": 0.9, "s": 289085, "e": 289535, "w": "安排", "sp": "Agent"}, {"p": 729, "c": 0.9, "s": 289535, "e": 289760, "w": "十", "sp": "Agent"}, {"p": 730, "c": 0.9, "s": 289760, "e": 290210, "w": "四号", "sp": "Agent"}, {"p": 731, "c": 0.9, "s": 290210, "e": 290660, "w": "明天", "sp": "Agent"}, {"p": 732, "c": 0.9, "s": 291340, "e": 291790, "w": "哎", "sp": "Customer"}, {"p": 733, "c": 0.9, "s": 291790, "e": 292240, "w": "好", "sp": "Customer"}, {"p": 734, "c": 0.9, "s": 292240, "e": 292690, "w": "的", "sp": "Customer"}, {"p": 735, "c": 0.9, "s": 292770, "e": 292959, "w": "嗯", "sp": "Agent"}, {"p": 736, "c": 0.9, "s": 292959, "e": 293149, "w": "那", "sp": "Agent"}, {"p": 737, "c": 0.9, "s": 293149, "e": 293337, "w": "就", "sp": "Agent"}, {"p": 738, "c": 0.9, "s": 293338, "e": 293717, "w": "安排", "sp": "Agent"}, {"p": 739, "c": 0.9, "s": 293717, "e": 293907, "w": "好", "sp": "Agent"}, {"p": 740, "c": 0.9, "s": 293907, "e": 294286, "w": "健康", "sp": "Agent"}, {"p": 741, "c": 0.9, "s": 294286, "e": 294476, "w": "的", "sp": "Agent"}, {"p": 742, "c": 0.9, "s": 294476, "e": 294855, "w": "定期", "sp": "Agent"}, {"p": 743, "c": 0.9, "s": 294855, "e": 295234, "w": "信息", "sp": "Agent"}, {"p": 744, "c": 0.9, "s": 295234, "e": 295613, "w": "还有", "sp": "Agent"}, {"p": 745, "c": 0.9, "s": 295613, "e": 295992, "w": "其他", "sp": "Agent"}, {"p": 746, "c": 0.9, "s": 295992, "e": 296182, "w": "的", "sp": "Agent"}, {"p": 747, "c": 0.9, "s": 296182, "e": 296561, "w": "需求", "sp": "Agent"}, {"p": 748, "c": 0.9, "s": 296561, "e": 296751, "w": "吗", "sp": "Agent"}, {"p": 749, "c": 0.9, "s": 296751, "e": 296940, "w": "杜", "sp": "Agent"}, {"p": 750, "c": 0.9, "s": 296940, "e": 297320, "w": "先生", "sp": "Agent"}, {"p": 751, "c": 0.9, "s": 297960, "e": 298341, "w": "啊", "sp": "Customer"}, {"p": 752, "c": 0.9, "s": 298342, "e": 299107, "w": "没有", "sp": "Customer"}, {"p": 753, "c": 0.9, "s": 299107, "e": 299490, "w": "了", "sp": "Customer"}, {"p": 754, "c": 0.9, "s": 299610, "e": 299794, "w": "嗯", "sp": "Agent"}, {"p": 755, "c": 0.9, "s": 299795, "e": 299981, "w": "那", "sp": "Agent"}, {"p": 756, "c": 0.9, "s": 299981, "e": 300167, "w": "您", "sp": "Agent"}, {"p": 757, "c": 0.9, "s": 300167, "e": 300538, "w": "稍后", "sp": "Agent"}, {"p": 758, "c": 0.9, "s": 300538, "e": 300724, "w": "有", "sp": "Agent"}, {"p": 759, "c": 0.9, "s": 300724, "e": 301095, "w": "看到", "sp": "Agent"}, {"p": 760, "c": 0.9, "s": 301095, "e": 301281, "w": "微", "sp": "Agent"}, {"p": 761, "c": 0.9, "s": 301281, "e": 301467, "w": "信", "sp": "Agent"}, {"p": 762, "c": 0.9, "s": 301467, "e": 301838, "w": "服务", "sp": "Agent"}, {"p": 763, "c": 0.9, "s": 301838, "e": 302210, "w": "欢迎", "sp": "Agent"}, {"p": 764, "c": 0.9, "s": 302210, "e": 302581, "w": "关注", "sp": "Agent"}, {"p": 765, "c": 0.9, "s": 302581, "e": 302952, "w": "使用", "sp": "Agent"}, {"p": 766, "c": 0.9, "s": 302952, "e": 303138, "w": "请", "sp": "Agent"}, {"p": 767, "c": 0.9, "s": 303138, "e": 303324, "w": "您", "sp": "Agent"}, {"p": 768, "c": 0.9, "s": 303324, "e": 303695, "w": "稍后", "sp": "Agent"}, {"p": 769, "c": 0.9, "s": 303695, "e": 303881, "w": "对", "sp": "Agent"}, {"p": 770, "c": 0.9, "s": 303881, "e": 304252, "w": "本次", "sp": "Agent"}, {"p": 771, "c": 0.9, "s": 304170, "e": 304620, "w": "好", "sp": "Customer"}, {"p": 772, "c": 0.9, "s": 304252, "e": 304624, "w": "服务", "sp": "Agent"}, {"p": 773, "c": 0.9, "s": 304620, "e": 305070, "w": "的", "sp": "Customer"}, {"p": 774, "c": 0.9, "s": 304624, "e": 304810, "w": "做", "sp": "Agent"}, {"p": 775, "c": 0.9, "s": 304810, "e": 304995, "w": "个", "sp": "Agent"}, {"p": 776, "c": 0.9, "s": 304995, "e": 305552, "w": "满意度", "sp": "Agent"}, {"p": 777, "c": 0.9, "s": 305552, "e": 305924, "w": "评价", "sp": "Agent"}, {"p": 778, "c": 0.9, "s": 305924, "e": 306295, "w": "祝您", "sp": "Agent"}, {"p": 779, "c": 0.9, "s": 306295, "e": 306667, "w": "生活", "sp": "Agent"}, {"p": 780, "c": 0.9, "s": 306667, "e": 307038, "w": "愉快", "sp": "Agent"}, {"p": 781, "c": 0.9, "s": 307038, "e": 307410, "w": "再见", "sp": "Agent"}, {"p": 782, "c": 0.9, "s": 307340, "e": 307591, "w": "好", "sp": "Customer"}, {"p": 783, "c": 0.9, "s": 307591, "e": 307842, "w": "的", "sp": "Customer"}, {"p": 784, "c": 0.9, "s": 307842, "e": 308094, "w": "好", "sp": "Customer"}, {"p": 785, "c": 0.9, "s": 308094, "e": 308345, "w": "的", "sp": "Customer"}, {"p": 786, "c": 0.9, "s": 308345, "e": 308597, "w": "好", "sp": "Customer"}, {"p": 787, "c": 0.9, "s": 308597, "e": 309099, "w": "再见", "sp": "Customer"}, {"p": 788, "c": 0.9, "s": 309530, "e": 309790, "w": "请", "sp": "Agent"}, {"p": 789, "c": 0.9, "s": 309790, "e": 310050, "w": "对", "sp": "Agent"}, {"p": 790, "c": 0.9, "s": 310050, "e": 310569, "w": "本次", "sp": "Agent"}, {"p": 791, "c": 0.9, "s": 310570, "e": 311090, "w": "服务", "sp": "Agent"}, {"p": 792, "c": 0.9, "s": 311090, "e": 311350, "w": "做", "sp": "Agent"}, {"p": 793, "c": 0.9, "s": 311350, "e": 311870, "w": "评价", "sp": "Agent"}, {"p": 794, "c": 0.9, "s": 311870, "e": 312389, "w": "非常", "sp": "Agent"}, {"p": 795, "c": 0.9, "s": 312390, "e": 312910, "w": "满意", "sp": "Agent"}, {"p": 796, "c": 0.9, "s": 312910, "e": 313170, "w": "请", "sp": "Agent"}, {"p": 797, "c": 0.9, "s": 313170, "e": 313430, "w": "按", "sp": "Agent"}, {"p": 798, "c": 0.9, "s": 313430, "e": 313690, "w": "一", "sp": "Agent"}]}, "plainText": "嗯\n他 转 人工 怎么 弄 啊 喂\n六零 三二 号 为您服务\n六\n上午 好 董 先生 很 高兴 为您服务 请问\n啊\n有\n你好\n什么 需要 帮助 的 吗\n呃 我 我 以前 我 我 在 西安 呢 哈 我 我 以前 在 这儿 买 过 一个 大金 那个 跪 式 的 呃 那个\n嗯\n那个 空调\n嗯\n呃 这 时间 也 长 了 因为 我们 用 的 好像 不 太多 但是 现在 它 不 制冷 了 不 制冷 了 是不是 冷门 没有 了 呀 或者 是 哪 有 问题 了 呀 就是\n很 抱歉\n看\n耽误\n能 不能\n使用 了 请问 空调 内 机 指示灯 有 闪烁 吗 有 出现 什么 故障\n转 转账\n代码 之类\n多\n吗\n就是 这些 都 好 着 呢 就是 该 该 散 的 地方 该 亮 的 地方 啊 都 都 有 就是 不 知道 可能\n我 尝试\n之日\n过\n是不是\n把 空调\n也 就\n的\n有\n规律 网 拿 下来 清洗 一下 吗\n呃 那个 经常 弄 着 呢 嗯 那 时候 我们 回来 了 就 就 就 清洗 一下\n您 当地 已经 带 了 适合 开 智能 的 亲戚 季节 了 是 吗 我 是\n呃 你 说 什么\n您 当地 的 天气 气温 可以 开 智能 模式 吗\n可以 啊 这些 这 两天 天 挺 热 的 还 这 西安 的 天气\n嗯\n突然\n不 客气\n变\n帮\n热\n先生\n了 啊\n安排 一下 师傅 上门 您 贵姓\n啊 我 姓 朱\n朱 先生 具体 大概 哪 一年 购买 的 呢\n哎呀 具体 实际上 我 现在 不大 清楚 我 应该 有 有 有 八 到 十年 了 吧 可能 就是 老 的 一批 就是 白 颜色 那种\n嗯\n鬼\n空调\n似的\n的 型号 有 了解 过 吗\n啊\n空调 的 型号 还有 了解 过 吗\n不是 我 不在 平台 我 我 我 没有 我\n家用\n我 这个\n的 柜机\n一个 大\n是\n经理\n吧\n不 叫 这个 应该 手机 还有 的 吧 啊\n嗯 估计 有 十年 左右 的话 机器 过 保 了 是不是 我们 会 产生 费用 上 门前 会 联系 您 和 您 报价 可以 吗\n啊 可以 啊 就 你 只要 收费 合理 不 难 乱收费 啊 啊\n嗯 麻烦 您 提供 一下 联系 您 的 手机号码\n啊 幺 三九\n嗯\n九 幺 三\n嗯\n二 二六 幺 九\n幺 三 九九 幺 三二 二六 幺 九 是 吗\n对 的 对 的\n上门 维修 的 地点 麻烦 您 报 一下 省 市区\n嗯 这个 雁塔 区 这个 西安市 雁塔 区\n嗯\n啊 明德门 这边 有 一 叫做 新泰 园 小区 就是 三个\n新旧\n金字\n的 嗯\n嗯 三个 金 三个 金 摞 到 一起 的 就是\n嗯\n叫 新\n新\n新泰\n太原\n泰 柚\n小区\n泰国 的 泰\n嗯\n哎 哎 新泰 小区 西区 哎\n嗯\n十八 号 楼 七 零三\n小区 前面 有 路名 吗\n有 有 什么\n有 具体 的\n怎么\n路径\n弄\n吗 还是\n啊\n导航\n哦 没 有没有\n嗯\n没 你 找 他 你 就 找 这个 新 太原 他 就 找到 那 去 了\n好\n啊\n的\n就是\n核实 一下\n雁塔\n地点\n区\n陕\n呃 哎 好\n是 陕西省 西安市 雁塔 区 新 太原 小区 西区 十八 号 楼 七 零三 是 吧\n对 对 对\n空调 外 机 有 平台 安放 小区 受 疫情 防控 影响 是否 停 温 正常 也 是 可以 进入 的 吗\n这 是 什么 意思 啊\n收益\n就是\n情况\n这 这 进\n下\n进\n小区\n我 小区\n能 进 吗\n啊 他 需要 的 就是 现在 西安 每天 都 要 做 一次 核酸 检测 那么 试 不来 了 他 要 有 一个 核酸 检测 的 那个 那个 那个 证明 就 说明 他 过 了 然后 给 我 打电话 我 下去 接 他 上来 去\n好 的 最快 的 上门 时间 是 十三号 今天 方便 吗 嗯\n十八 号 寄 啊 啊\n十三号\n哎\n今天\n啊 今天 呀 是 吧\n嗯\n今天 什么 时候 来到 啊 啊\n具体 时间 需要 师傅 电话 联系 和 您 约 保持 一下 您 号码 通畅\n啊 也 行 啊 今天 不了 你 明天 也 可以 啊 都 可以 就 这 两天 啊\n安排\n不行\n十三号\n你 就 安排\n今天\n到 明天\n可以\n也 行\n吗\n嗯\n您\n明天\n要 安排\n行不行\n哪 一天\n啊\n他\n啊\n说\n明天\n的 是\n吧\n三\n我 我 现在 在 外头 呢 要 不 就 赶 回去 呗\n嗯 那 就 安排 十 四号 明天\n哎 好 的\n嗯 那 就 安排 好 健康 的 定期 信息 还有 其他 的 需求 吗 杜 先生\n啊 没有 了\n嗯 那 您 稍后 有 看到 微 信 服务 欢迎 关注 使用 请 您 稍后 对 本次\n好\n服务\n的\n做 个 满意度 评价 祝您 生活 愉快 再见\n好 的 好 的 好 再见\n请 对 本次 服务 做 评价 非常 满意 请 按 一", "plainTextTime": {"verbatims": [{"s": 520, "e": 1560, "w": "嗯", "sp": "Agent"}, {"s": 610, "e": 4009, "w": "他 转 人工 怎么 弄 啊 喂", "sp": "Customer"}, {"s": 3220, "e": 5780, "w": "六零 三二 号 为您服务", "sp": "Agent"}, {"s": 5410, "e": 6339, "w": "六", "sp": "Customer"}, {"s": 5780, "e": 10049, "w": "上午 好 董 先生 很 高兴 为您服务 请问", "sp": "Agent"}, {"s": 9630, "e": 10073, "w": "啊", "sp": "Customer"}, {"s": 10049, "e": 10333, "w": "有", "sp": "Agent"}, {"s": 10073, "e": 10960, "w": "你好", "sp": "Customer"}, {"s": 10333, "e": 12610, "w": "什么 需要 帮助 的 吗", "sp": "Agent"}, {"s": 13030, "e": 21130, "w": "呃 我 我 以前 我 我 在 西安 呢 哈 我 我 以前 在 这儿 买 过 一个 大金 那个 跪 式 的 呃 那个", "sp": "Customer"}, {"s": 21040, "e": 22155, "w": "嗯", "sp": "Agent"}, {"s": 21130, "e": 22170, "w": "那个 空调", "sp": "Customer"}, {"s": 22155, "e": 23270, "w": "嗯", "sp": "Agent"}, {"s": 22450, "e": 36206, "w": "呃 这 时间 也 长 了 因为 我们 用 的 好像 不 太多 但是 现在 它 不 制冷 了 不 制冷 了 是不是 冷门 没有 了 呀 或者 是 哪 有 问题 了 呀 就是", "sp": "Customer"}, {"s": 35800, "e": 36419, "w": "很 抱歉", "sp": "Agent"}, {"s": 36206, "e": 36470, "w": "看", "sp": "Customer"}, {"s": 36419, "e": 36830, "w": "耽误", "sp": "Agent"}, {"s": 36470, "e": 37260, "w": "能 不能", "sp": "Customer"}, {"s": 36831, "e": 41578, "w": "使用 了 请问 空调 内 机 指示灯 有 闪烁 吗 有 出现 什么 故障", "sp": "Agent"}, {"s": 41190, "e": 42129, "w": "转 转账", "sp": "Customer"}, {"s": 41578, "e": 42403, "w": "代码 之类", "sp": "Agent"}, {"s": 42130, "e": 42443, "w": "多", "sp": "Customer"}, {"s": 42403, "e": 42610, "w": "吗", "sp": "Agent"}, {"s": 42443, "e": 51318, "w": "就是 这些 都 好 着 呢 就是 该 该 散 的 地方 该 亮 的 地方 啊 都 都 有 就是 不 知道 可能", "sp": "Customer"}, {"s": 50850, "e": 51786, "w": "我 尝试", "sp": "Agent"}, {"s": 51318, "e": 51826, "w": "之日", "sp": "Customer"}, {"s": 51786, "e": 52098, "w": "过", "sp": "Agent"}, {"s": 51826, "e": 52588, "w": "是不是", "sp": "Customer"}, {"s": 52098, "e": 53034, "w": "把 空调", "sp": "Agent"}, {"s": 52588, "e": 53096, "w": "也 就", "sp": "Customer"}, {"s": 53034, "e": 53346, "w": "的", "sp": "Agent"}, {"s": 53096, "e": 53350, "w": "有", "sp": "Customer"}, {"s": 53346, "e": 56780, "w": "规律 网 拿 下来 清洗 一下 吗", "sp": "Agent"}, {"s": 57740, "e": 63340, "w": "呃 那个 经常 弄 着 呢 嗯 那 时候 我们 回来 了 就 就 就 清洗 一下", "sp": "Customer"}, {"s": 64089, "e": 69990, "w": "您 当地 已经 带 了 适合 开 智能 的 亲戚 季节 了 是 吗 我 是", "sp": "Agent"}, {"s": 71730, "e": 73360, "w": "呃 你 说 什么", "sp": "Customer"}, {"s": 73510, "e": 77410, "w": "您 当地 的 天气 气温 可以 开 智能 模式 吗", "sp": "Agent"}, {"s": 78310, "e": 82870, "w": "可以 啊 这些 这 两天 天 挺 热 的 还 这 西安 的 天气", "sp": "Customer"}, {"s": 83260, "e": 83508, "w": "嗯", "sp": "Agent"}, {"s": 83390, "e": 84006, "w": "突然", "sp": "Customer"}, {"s": 83508, "e": 84253, "w": "不 客气", "sp": "Agent"}, {"s": 84006, "e": 84314, "w": "变", "sp": "Customer"}, {"s": 84253, "e": 84501, "w": "帮", "sp": "Agent"}, {"s": 84315, "e": 84623, "w": "热", "sp": "Customer"}, {"s": 84501, "e": 84998, "w": "先生", "sp": "Agent"}, {"s": 84623, "e": 85240, "w": "了 啊", "sp": "Customer"}, {"s": 84998, "e": 87730, "w": "安排 一下 师傅 上门 您 贵姓", "sp": "Agent"}, {"s": 88490, "e": 90020, "w": "啊 我 姓 朱", "sp": "Customer"}, {"s": 90550, "e": 93600, "w": "朱 先生 具体 大概 哪 一年 购买 的 呢", "sp": "Agent"}, {"s": 94770, "e": 104901, "w": "哎呀 具体 实际上 我 现在 不大 清楚 我 应该 有 有 有 八 到 十年 了 吧 可能 就是 老 的 一批 就是 白 颜色 那种", "sp": "Customer"}, {"s": 104780, "e": 105081, "w": "嗯", "sp": "Agent"}, {"s": 104901, "e": 105157, "w": "鬼", "sp": "Customer"}, {"s": 105081, "e": 105685, "w": "空调", "sp": "Agent"}, {"s": 105157, "e": 105670, "w": "似的", "sp": "Customer"}, {"s": 105685, "e": 108100, "w": "的 型号 有 了解 过 吗", "sp": "Agent"}, {"s": 108760, "e": 109800, "w": "啊", "sp": "Customer"}, {"s": 110190, "e": 113119, "w": "空调 的 型号 还有 了解 过 吗", "sp": "Agent"}, {"s": 113900, "e": 117879, "w": "不是 我 不在 平台 我 我 我 没有 我", "sp": "Customer"}, {"s": 117660, "e": 118225, "w": "家用", "sp": "Agent"}, {"s": 117879, "e": 118595, "w": "我 这个", "sp": "Customer"}, {"s": 118225, "e": 119074, "w": "的 柜机", "sp": "Agent"}, {"s": 118596, "e": 119312, "w": "一个 大", "sp": "Customer"}, {"s": 119074, "e": 119356, "w": "是", "sp": "Agent"}, {"s": 119313, "e": 119791, "w": "经理", "sp": "Customer"}, {"s": 119357, "e": 119640, "w": "吧", "sp": "Agent"}, {"s": 119791, "e": 122900, "w": "不 叫 这个 应该 手机 还有 的 吧 啊", "sp": "Customer"}, {"s": 122820, "e": 131540, "w": "嗯 估计 有 十年 左右 的话 机器 过 保 了 是不是 我们 会 产生 费用 上 门前 会 联系 您 和 您 报价 可以 吗", "sp": "Agent"}, {"s": 132660, "e": 138210, "w": "啊 可以 啊 就 你 只要 收费 合理 不 难 乱收费 啊 啊", "sp": "Customer"}, {"s": 138190, "e": 141780, "w": "嗯 麻烦 您 提供 一下 联系 您 的 手机号码", "sp": "Agent"}, {"s": 143160, "e": 146720, "w": "啊 幺 三九", "sp": "Customer"}, {"s": 146880, "e": 148080, "w": "嗯", "sp": "Agent"}, {"s": 148510, "e": 150270, "w": "九 幺 三", "sp": "Customer"}, {"s": 150380, "e": 151510, "w": "嗯", "sp": "Agent"}, {"s": 151650, "e": 153659, "w": "二 二六 幺 九", "sp": "Customer"}, {"s": 155240, "e": 159230, "w": "幺 三 九九 幺 三二 二六 幺 九 是 吗", "sp": "Agent"}, {"s": 159540, "e": 160870, "w": "对 的 对 的", "sp": "Customer"}, {"s": 160890, "e": 164780, "w": "上门 维修 的 地点 麻烦 您 报 一下 省 市区", "sp": "Agent"}, {"s": 165400, "e": 169700, "w": "嗯 这个 雁塔 区 这个 西安市 雁塔 区", "sp": "Customer"}, {"s": 170820, "e": 171930, "w": "嗯", "sp": "Agent"}, {"s": 171690, "e": 178063, "w": "啊 明德门 这边 有 一 叫做 新泰 园 小区 就是 三个", "sp": "Customer"}, {"s": 177650, "e": 178709, "w": "新旧", "sp": "Agent"}, {"s": 178063, "e": 178660, "w": "金字", "sp": "Customer"}, {"s": 178710, "e": 179770, "w": "的 嗯", "sp": "Agent"}, {"s": 179740, "e": 183178, "w": "嗯 三个 金 三个 金 摞 到 一起 的 就是", "sp": "Customer"}, {"s": 183170, "e": 183668, "w": "嗯", "sp": "Agent"}, {"s": 183178, "e": 183670, "w": "叫 新", "sp": "Customer"}, {"s": 183668, "e": 184166, "w": "新", "sp": "Agent"}, {"s": 183990, "e": 184640, "w": "新泰", "sp": "Customer"}, {"s": 184166, "e": 185163, "w": "太原", "sp": "Agent"}, {"s": 184640, "e": 185291, "w": "泰 柚", "sp": "Customer"}, {"s": 185163, "e": 186159, "w": "小区", "sp": "Agent"}, {"s": 185291, "e": 186592, "w": "泰国 的 泰", "sp": "Customer"}, {"s": 186490, "e": 187590, "w": "嗯", "sp": "Agent"}, {"s": 186592, "e": 189520, "w": "哎 哎 新泰 小区 西区 哎", "sp": "Customer"}, {"s": 189320, "e": 190440, "w": "嗯", "sp": "Agent"}, {"s": 190220, "e": 192840, "w": "十八 号 楼 七 零三", "sp": "Customer"}, {"s": 193480, "e": 196000, "w": "小区 前面 有 路名 吗", "sp": "Agent"}, {"s": 198640, "e": 200020, "w": "有 有 什么", "sp": "Customer"}, {"s": 200200, "e": 201366, "w": "有 具体 的", "sp": "Agent"}, {"s": 201310, "e": 201944, "w": "怎么", "sp": "Customer"}, {"s": 201366, "e": 201950, "w": "路径", "sp": "Agent"}, {"s": 201945, "e": 202262, "w": "弄", "sp": "Customer"}, {"s": 201950, "e": 202825, "w": "吗 还是", "sp": "Agent"}, {"s": 202262, "e": 202579, "w": "啊", "sp": "Customer"}, {"s": 202825, "e": 203407, "w": "导航", "sp": "Agent"}, {"s": 202870, "e": 204045, "w": "哦 没 有没有", "sp": "Customer"}, {"s": 203408, "e": 203700, "w": "嗯", "sp": "Agent"}, {"s": 204045, "e": 207880, "w": "没 你 找 他 你 就 找 这个 新 太原 他 就 找到 那 去 了", "sp": "Customer"}, {"s": 208120, "e": 208412, "w": "好", "sp": "Agent"}, {"s": 208160, "e": 208562, "w": "啊", "sp": "Customer"}, {"s": 208412, "e": 208704, "w": "的", "sp": "Agent"}, {"s": 208562, "e": 209368, "w": "就是", "sp": "Customer"}, {"s": 208704, "e": 209873, "w": "核实 一下", "sp": "Agent"}, {"s": 209368, "e": 210174, "w": "雁塔", "sp": "Customer"}, {"s": 209873, "e": 210457, "w": "地点", "sp": "Agent"}, {"s": 210174, "e": 210577, "w": "区", "sp": "Customer"}, {"s": 210457, "e": 210750, "w": "陕", "sp": "Agent"}, {"s": 210577, "e": 212480, "w": "呃 哎 好", "sp": "Customer"}, {"s": 211930, "e": 218930, "w": "是 陕西省 西安市 雁塔 区 新 太原 小区 西区 十八 号 楼 七 零三 是 吧", "sp": "Agent"}, {"s": 219300, "e": 220710, "w": "对 对 对", "sp": "Customer"}, {"s": 221060, "e": 228800, "w": "空调 外 机 有 平台 安放 小区 受 疫情 防控 影响 是否 停 温 正常 也 是 可以 进入 的 吗", "sp": "Agent"}, {"s": 230400, "e": 232368, "w": "这 是 什么 意思 啊", "sp": "Customer"}, {"s": 232300, "e": 232910, "w": "收益", "sp": "Agent"}, {"s": 232368, "e": 232931, "w": "就是", "sp": "Customer"}, {"s": 232910, "e": 233520, "w": "情况", "sp": "Agent"}, {"s": 232931, "e": 233775, "w": "这 这 进", "sp": "Customer"}, {"s": 233520, "e": 233825, "w": "下", "sp": "Agent"}, {"s": 233775, "e": 234056, "w": "进", "sp": "Customer"}, {"s": 233825, "e": 234435, "w": "小区", "sp": "Agent"}, {"s": 234056, "e": 234900, "w": "我 小区", "sp": "Customer"}, {"s": 234435, "e": 235349, "w": "能 进 吗", "sp": "Agent"}, {"s": 236110, "e": 251010, "w": "啊 他 需要 的 就是 现在 西安 每天 都 要 做 一次 核酸 检测 那么 试 不来 了 他 要 有 一个 核酸 检测 的 那个 那个 那个 证明 就 说明 他 过 了 然后 给 我 打电话 我 下去 接 他 上来 去", "sp": "Customer"}, {"s": 251590, "e": 258420, "w": "好 的 最快 的 上门 时间 是 十三号 今天 方便 吗 嗯", "sp": "Agent"}, {"s": 257570, "e": 259640, "w": "十八 号 寄 啊 啊", "sp": "Customer"}, {"s": 259390, "e": 260626, "w": "十三号", "sp": "Agent"}, {"s": 260440, "e": 261380, "w": "哎", "sp": "Customer"}, {"s": 260626, "e": 261450, "w": "今天", "sp": "Agent"}, {"s": 262150, "e": 263850, "w": "啊 今天 呀 是 吧", "sp": "Customer"}, {"s": 263930, "e": 265000, "w": "嗯", "sp": "Agent"}, {"s": 264500, "e": 266840, "w": "今天 什么 时候 来到 啊 啊", "sp": "Customer"}, {"s": 266880, "e": 271340, "w": "具体 时间 需要 师傅 电话 联系 和 您 约 保持 一下 您 号码 通畅", "sp": "Agent"}, {"s": 272520, "e": 277250, "w": "啊 也 行 啊 今天 不了 你 明天 也 可以 啊 都 可以 就 这 两天 啊", "sp": "Customer"}, {"s": 277770, "e": 278278, "w": "安排", "sp": "Agent"}, {"s": 278130, "e": 278502, "w": "不行", "sp": "Customer"}, {"s": 278278, "e": 279040, "w": "十三号", "sp": "Agent"}, {"s": 278502, "e": 279248, "w": "你 就 安排", "sp": "Customer"}, {"s": 279040, "e": 279548, "w": "今天", "sp": "Agent"}, {"s": 279248, "e": 279806, "w": "到 明天", "sp": "Customer"}, {"s": 279548, "e": 280056, "w": "可以", "sp": "Agent"}, {"s": 279807, "e": 280180, "w": "也 行", "sp": "Customer"}, {"s": 280056, "e": 280310, "w": "吗", "sp": "Agent"}, {"s": 281740, "e": 282000, "w": "嗯", "sp": "Customer"}, {"s": 281980, "e": 282237, "w": "您", "sp": "Agent"}, {"s": 282000, "e": 282520, "w": "明天", "sp": "Customer"}, {"s": 282237, "e": 283010, "w": "要 安排", "sp": "Agent"}, {"s": 282520, "e": 283300, "w": "行不行", "sp": "Customer"}, {"s": 283010, "e": 283782, "w": "哪 一天", "sp": "Agent"}, {"s": 283740, "e": 283961, "w": "啊", "sp": "Customer"}, {"s": 283782, "e": 284040, "w": "他", "sp": "Agent"}, {"s": 283961, "e": 284182, "w": "啊", "sp": "Customer"}, {"s": 284040, "e": 284297, "w": "说", "sp": "Agent"}, {"s": 284182, "e": 284624, "w": "明天", "sp": "Customer"}, {"s": 284297, "e": 284811, "w": "的 是", "sp": "Agent"}, {"s": 284624, "e": 284845, "w": "吧", "sp": "Customer"}, {"s": 284812, "e": 285070, "w": "三", "sp": "Agent"}, {"s": 284845, "e": 288160, "w": "我 我 现在 在 外头 呢 要 不 就 赶 回去 呗", "sp": "Customer"}, {"s": 288410, "e": 290660, "w": "嗯 那 就 安排 十 四号 明天", "sp": "Agent"}, {"s": 291340, "e": 292690, "w": "哎 好 的", "sp": "Customer"}, {"s": 292770, "e": 297320, "w": "嗯 那 就 安排 好 健康 的 定期 信息 还有 其他 的 需求 吗 杜 先生", "sp": "Agent"}, {"s": 297960, "e": 299490, "w": "啊 没有 了", "sp": "Customer"}, {"s": 299610, "e": 304252, "w": "嗯 那 您 稍后 有 看到 微 信 服务 欢迎 关注 使用 请 您 稍后 对 本次", "sp": "Agent"}, {"s": 304170, "e": 304620, "w": "好", "sp": "Customer"}, {"s": 304252, "e": 304624, "w": "服务", "sp": "Agent"}, {"s": 304620, "e": 305070, "w": "的", "sp": "Customer"}, {"s": 304624, "e": 307410, "w": "做 个 满意度 评价 祝您 生活 愉快 再见", "sp": "Agent"}, {"s": 307340, "e": 309099, "w": "好 的 好 的 好 再见", "sp": "Customer"}, {"s": 309530, "e": 313690, "w": "请 对 本次 服务 做 评价 非常 满意 请 按 一", "sp": "Agent"}]}, "aqm": {"greeting": {"greeting_said": "为您服务, 先生, 高兴, 请问, 需要, 帮助", "n_greeting_said": 6, "score": 1}, "closing": {"closing_said": "祝您, 生活, 愉快, 再见", "n_closing_said": 4, "score": 1}, "speed": {"speed_max": 5.39, "n_words": 25, "words": "嗯 那 您 稍后 有 看到 微 信 服务 欢迎 关注 使用 请 您 稍后 对 本次", "start": 299610, "end": 304252}}}