{"mediaId": "2022031314304441778300200000539002", "status": "Success", "dateCreated": "2022-03-21T18:45:50Z", "contentType": "audio/x-wav", "channels": "future use", "length": 239, "metadata": {"Sid": 10035, "Site_id": 783, "Audio_ch_num": 5390, "Audio_module_num": 783002, "Audio_start_time_gmt": "2022-03-13T06:26:45.757+08:00", "Transaction_id": "2022031314304441778300200000539002", "ContactID": "9204480074440000022", "Personal_id": "0", "Direction": 0, "Local_audio_start_time": "2022-03-13T14:26:45.757+08:00", "Local_audio_end_time": "2022-03-13T14:30:44.757+08:00", "Total_hold_time": "0", "Pbx_login_id": "", "Ani": "90102155368221", "Extension": "155368221", "String_extension": "90102155368221", "Switch_call_id": "SIP/AUDIO/083E1600-C577-674E-324D-D4CBE4217023", "Switch_id": "783000001", "Duration_seconds": 239, "Wrapup_time_in_seconds": "0", "Dnis": "19955450102", "Number_of_conferences": "0", "Number_of_holds": "0", "Number_of_transfers": "0", "Percent_of_agent_call": "65", "Percent_of_other_call": "94", "Percent_of_mutual_silence": "34", "Num_of_agent_cross": "30", "Num_of_other_cross": "24", "IsException": 0}, "transcript_detailed": {"words": [{"p": 1, "c": 0.9, "s": 4110, "e": 5354, "w": "六零", "sp": "Agent"}, {"p": 2, "c": 0.9, "s": 5354, "e": 6598, "w": "二八", "sp": "Agent"}, {"p": 3, "c": 0.9, "s": 6598, "e": 7221, "w": "号", "sp": "Agent"}, {"p": 4, "c": 0.9, "s": 7221, "e": 9710, "w": "为您服务", "sp": "Agent"}, {"p": 5, "c": 0.9, "s": 9990, "e": 10348, "w": "下午", "sp": "Agent"}, {"p": 6, "c": 0.9, "s": 10348, "e": 10526, "w": "好", "sp": "Agent"}, {"p": 7, "c": 0.9, "s": 10527, "e": 10885, "w": "丹尼", "sp": "Agent"}, {"p": 8, "c": 0.9, "s": 10885, "e": 11244, "w": "售后", "sp": "Agent"}, {"p": 9, "c": 0.9, "s": 11244, "e": 11423, "w": "很", "sp": "Agent"}, {"p": 10, "c": 0.9, "s": 11423, "e": 11781, "w": "高兴", "sp": "Agent"}, {"p": 11, "c": 0.9, "s": 11781, "e": 12498, "w": "为您服务", "sp": "Agent"}, {"p": 12, "c": 0.9, "s": 12498, "e": 12856, "w": "请问", "sp": "Agent"}, {"p": 13, "c": 0.9, "s": 12856, "e": 13035, "w": "有", "sp": "Agent"}, {"p": 14, "c": 0.9, "s": 13035, "e": 13394, "w": "什么", "sp": "Agent"}, {"p": 15, "c": 0.9, "s": 13394, "e": 13752, "w": "可以", "sp": "Agent"}, {"p": 16, "c": 0.9, "s": 13752, "e": 13931, "w": "帮", "sp": "Agent"}, {"p": 17, "c": 0.9, "s": 13931, "e": 14110, "w": "您", "sp": "Agent"}, {"p": 18, "c": 0.9, "s": 14110, "e": 14290, "w": "的", "sp": "Agent"}, {"p": 19, "c": 0.9, "s": 15080, "e": 15298, "w": "哎", "sp": "Customer"}, {"p": 20, "c": 0.9, "s": 15298, "e": 15736, "w": "你好", "sp": "Customer"}, {"p": 21, "c": 0.9, "s": 15736, "e": 16174, "w": "那个", "sp": "Customer"}, {"p": 22, "c": 0.9, "s": 16174, "e": 16393, "w": "我", "sp": "Customer"}, {"p": 23, "c": 0.9, "s": 16393, "e": 16612, "w": "我", "sp": "Customer"}, {"p": 24, "c": 0.9, "s": 16612, "e": 17050, "w": "这边", "sp": "Customer"}, {"p": 25, "c": 0.9, "s": 17050, "e": 17269, "w": "是", "sp": "Customer"}, {"p": 26, "c": 0.9, "s": 17269, "e": 17706, "w": "那个", "sp": "Customer"}, {"p": 27, "c": 0.9, "s": 17707, "e": 18145, "w": "就是", "sp": "Customer"}, {"p": 28, "c": 0.9, "s": 18145, "e": 18802, "w": "经销商", "sp": "Customer"}, {"p": 29, "c": 0.9, "s": 18802, "e": 19021, "w": "我", "sp": "Customer"}, {"p": 30, "c": 0.9, "s": 19021, "e": 19240, "w": "在", "sp": "Customer"}, {"p": 31, "c": 0.9, "s": 19660, "e": 19852, "w": "我", "sp": "Customer"}, {"p": 32, "c": 0.9, "s": 19852, "e": 20236, "w": "因为", "sp": "Customer"}, {"p": 33, "c": 0.9, "s": 20236, "e": 20620, "w": "今天", "sp": "Customer"}, {"p": 34, "c": 0.9, "s": 20620, "e": 20812, "w": "是", "sp": "Customer"}, {"p": 35, "c": 0.9, "s": 20812, "e": 21196, "w": "那个", "sp": "Customer"}, {"p": 36, "c": 0.9, "s": 21196, "e": 21772, "w": "星期四", "sp": "Customer"}, {"p": 37, "c": 0.9, "s": 21773, "e": 21965, "w": "他", "sp": "Customer"}, {"p": 38, "c": 0.9, "s": 21965, "e": 22157, "w": "他", "sp": "Customer"}, {"p": 39, "c": 0.9, "s": 22157, "e": 22541, "w": "那个", "sp": "Customer"}, {"p": 40, "c": 0.9, "s": 22541, "e": 22733, "w": "开", "sp": "Customer"}, {"p": 41, "c": 0.9, "s": 22733, "e": 22925, "w": "不", "sp": "Customer"}, {"p": 42, "c": 0.9, "s": 22925, "e": 23310, "w": "进来", "sp": "Customer"}, {"p": 43, "c": 0.9, "s": 23590, "e": 23968, "w": "嗯", "sp": "Customer"}, {"p": 44, "c": 0.9, "s": 23968, "e": 24347, "w": "叫", "sp": "Customer"}, {"p": 45, "c": 0.9, "s": 24347, "e": 24725, "w": "他", "sp": "Customer"}, {"p": 46, "c": 0.9, "s": 24725, "e": 25482, "w": "报修", "sp": "Customer"}, {"p": 47, "c": 0.9, "s": 25482, "e": 26240, "w": "一下", "sp": "Customer"}, {"p": 48, "c": 0.9, "s": 27670, "e": 27871, "w": "新", "sp": "Agent"}, {"p": 49, "c": 0.9, "s": 27871, "e": 28273, "w": "机子", "sp": "Agent"}, {"p": 50, "c": 0.9, "s": 28273, "e": 28474, "w": "是", "sp": "Agent"}, {"p": 51, "c": 0.9, "s": 28474, "e": 28876, "w": "出现", "sp": "Agent"}, {"p": 52, "c": 0.9, "s": 28876, "e": 29278, "w": "什么", "sp": "Agent"}, {"p": 53, "c": 0.9, "s": 29278, "e": 29680, "w": "问题", "sp": "Agent"}, {"p": 54, "c": 0.9, "s": 29680, "e": 29881, "w": "了", "sp": "Agent"}, {"p": 55, "c": 0.9, "s": 29881, "e": 30283, "w": "抱歉", "sp": "Agent"}, {"p": 56, "c": 0.9, "s": 30283, "e": 30484, "w": "我", "sp": "Agent"}, {"p": 57, "c": 0.9, "s": 30484, "e": 30886, "w": "刚刚", "sp": "Agent"}, {"p": 58, "c": 0.9, "s": 30886, "e": 31288, "w": "没有", "sp": "Agent"}, {"p": 59, "c": 0.9, "s": 31288, "e": 31489, "w": "听", "sp": "Agent"}, {"p": 60, "c": 0.9, "s": 31489, "e": 31690, "w": "清", "sp": "Agent"}, {"p": 61, "c": 0.9, "s": 31960, "e": 32660, "w": "机器", "sp": "Customer"}, {"p": 62, "c": 0.9, "s": 32660, "e": 33360, "w": "不是", "sp": "Customer"}, {"p": 63, "c": 0.9, "s": 33360, "e": 33710, "w": "人", "sp": "Customer"}, {"p": 64, "c": 0.9, "s": 34080, "e": 34472, "w": "不", "sp": "Agent"}, {"p": 65, "c": 0.9, "s": 34472, "e": 35256, "w": "制冷", "sp": "Agent"}, {"p": 66, "c": 0.9, "s": 35256, "e": 35648, "w": "是", "sp": "Agent"}, {"p": 67, "c": 0.9, "s": 35648, "e": 36039, "w": "吗", "sp": "Agent"}, {"p": 68, "c": 0.9, "s": 36000, "e": 37130, "w": "对", "sp": "Customer"}, {"p": 69, "c": 0.9, "s": 37110, "e": 37471, "w": "是", "sp": "Agent"}, {"p": 70, "c": 0.9, "s": 37471, "e": 37833, "w": "新", "sp": "Agent"}, {"p": 71, "c": 0.9, "s": 37833, "e": 38556, "w": "机器", "sp": "Agent"}, {"p": 72, "c": 0.9, "s": 38556, "e": 38918, "w": "是", "sp": "Agent"}, {"p": 73, "c": 0.9, "s": 38918, "e": 39280, "w": "吧", "sp": "Agent"}, {"p": 74, "c": 0.9, "s": 39350, "e": 39625, "w": "对", "sp": "Customer"}, {"p": 75, "c": 0.9, "s": 39625, "e": 39901, "w": "对", "sp": "Customer"}, {"p": 76, "c": 0.9, "s": 39901, "e": 40452, "w": "新装", "sp": "Customer"}, {"p": 77, "c": 0.9, "s": 40452, "e": 40728, "w": "的", "sp": "Customer"}, {"p": 78, "c": 0.9, "s": 40728, "e": 41280, "w": "机子", "sp": "Customer"}, {"p": 79, "c": 0.9, "s": 43360, "e": 43565, "w": "好", "sp": "Agent"}, {"p": 80, "c": 0.9, "s": 43565, "e": 43770, "w": "的", "sp": "Agent"}, {"p": 81, "c": 0.9, "s": 43770, "e": 43975, "w": "那", "sp": "Agent"}, {"p": 82, "c": 0.9, "s": 43975, "e": 44385, "w": "安排", "sp": "Agent"}, {"p": 83, "c": 0.9, "s": 44385, "e": 44795, "w": "师傅", "sp": "Agent"}, {"p": 84, "c": 0.9, "s": 44795, "e": 45204, "w": "上门", "sp": "Agent"}, {"p": 85, "c": 0.9, "s": 45205, "e": 45410, "w": "给", "sp": "Agent"}, {"p": 86, "c": 0.9, "s": 45410, "e": 45615, "w": "他", "sp": "Agent"}, {"p": 87, "c": 0.9, "s": 45615, "e": 46025, "w": "检查", "sp": "Agent"}, {"p": 88, "c": 0.9, "s": 46025, "e": 46435, "w": "一下", "sp": "Agent"}, {"p": 89, "c": 0.9, "s": 46435, "e": 46640, "w": "吧", "sp": "Agent"}, {"p": 90, "c": 0.9, "s": 46660, "e": 46917, "w": "嗯", "sp": "Customer"}, {"p": 91, "c": 0.9, "s": 46917, "e": 47175, "w": "嗯", "sp": "Customer"}, {"p": 92, "c": 0.9, "s": 47175, "e": 47432, "w": "嗯", "sp": "Customer"}, {"p": 93, "c": 0.9, "s": 47432, "e": 47948, "w": "然后", "sp": "Customer"}, {"p": 94, "c": 0.9, "s": 47850, "e": 48136, "w": "嗯", "sp": "Agent"}, {"p": 95, "c": 0.9, "s": 47948, "e": 48463, "w": "地址", "sp": "Customer"}, {"p": 96, "c": 0.9, "s": 48137, "e": 48998, "w": "到时候", "sp": "Agent"}, {"p": 97, "c": 0.9, "s": 48463, "e": 48720, "w": "我", "sp": "Customer"}, {"p": 98, "c": 0.9, "s": 48720, "e": 48978, "w": "给", "sp": "Customer"}, {"p": 99, "c": 0.9, "s": 48978, "e": 49236, "w": "你", "sp": "Customer"}, {"p": 100, "c": 0.9, "s": 48998, "e": 49285, "w": "是", "sp": "Agent"}, {"p": 101, "c": 0.9, "s": 49236, "e": 49751, "w": "一下", "sp": "Customer"}, {"p": 102, "c": 0.9, "s": 49285, "e": 49860, "w": "联系", "sp": "Agent"}, {"p": 103, "c": 0.9, "s": 49751, "e": 50009, "w": "啊", "sp": "Customer"}, {"p": 104, "c": 0.9, "s": 49860, "e": 50147, "w": "您", "sp": "Agent"}, {"p": 105, "c": 0.9, "s": 50009, "e": 50266, "w": "对", "sp": "Customer"}, {"p": 106, "c": 0.9, "s": 50147, "e": 50721, "w": "这边", "sp": "Agent"}, {"p": 107, "c": 0.9, "s": 50266, "e": 50524, "w": "你", "sp": "Customer"}, {"p": 108, "c": 0.9, "s": 50524, "e": 51038, "w": "直接", "sp": "Customer"}, {"p": 109, "c": 0.9, "s": 50721, "e": 51008, "w": "吗", "sp": "Agent"}, {"p": 110, "c": 0.9, "s": 51008, "e": 51295, "w": "哦", "sp": "Agent"}, {"p": 111, "c": 0.9, "s": 51039, "e": 51297, "w": "给", "sp": "Customer"}, {"p": 112, "c": 0.9, "s": 51295, "e": 51581, "w": "你", "sp": "Agent"}, {"p": 113, "c": 0.9, "s": 51297, "e": 51554, "w": "我", "sp": "Customer"}, {"p": 114, "c": 0.9, "s": 51554, "e": 51812, "w": "吧", "sp": "Customer"}, {"p": 115, "c": 0.9, "s": 51582, "e": 51870, "w": "说", "sp": "Agent"}, {"p": 116, "c": 0.9, "s": 51812, "e": 52327, "w": "因为", "sp": "Customer"}, {"p": 117, "c": 0.9, "s": 52327, "e": 52585, "w": "我", "sp": "Customer"}, {"p": 118, "c": 0.9, "s": 52585, "e": 53100, "w": "不敢", "sp": "Customer"}, {"p": 119, "c": 0.9, "s": 53100, "e": 53357, "w": "嗯", "sp": "Customer"}, {"p": 120, "c": 0.9, "s": 53358, "e": 53873, "w": "地址", "sp": "Customer"}, {"p": 121, "c": 0.9, "s": 53873, "e": 54130, "w": "是", "sp": "Customer"}, {"p": 122, "c": 0.9, "s": 54130, "e": 54388, "w": "在", "sp": "Customer"}, {"p": 123, "c": 0.9, "s": 54388, "e": 54903, "w": "那个", "sp": "Customer"}, {"p": 124, "c": 0.9, "s": 54903, "e": 55676, "w": "安徽省", "sp": "Customer"}, {"p": 125, "c": 0.9, "s": 55676, "e": 55934, "w": "淮", "sp": "Customer"}, {"p": 126, "c": 0.9, "s": 55934, "e": 56448, "w": "南市", "sp": "Customer"}, {"p": 127, "c": 0.9, "s": 56380, "e": 57417, "w": "安徽省", "sp": "Agent"}, {"p": 128, "c": 0.9, "s": 56449, "e": 56707, "w": "人", "sp": "Customer"}, {"p": 129, "c": 0.9, "s": 56707, "e": 57222, "w": "家安", "sp": "Customer"}, {"p": 130, "c": 0.9, "s": 57222, "e": 57480, "w": "区", "sp": "Customer"}, {"p": 131, "c": 0.9, "s": 57417, "e": 57762, "w": "稍", "sp": "Agent"}, {"p": 132, "c": 0.9, "s": 57762, "e": 58108, "w": "等", "sp": "Agent"}, {"p": 133, "c": 0.9, "s": 58108, "e": 58800, "w": "一下", "sp": "Agent"}, {"p": 134, "c": 0.9, "s": 58830, "e": 59360, "w": "嗯", "sp": "Customer"}, {"p": 135, "c": 0.9, "s": 59360, "e": 60420, "w": "淮南", "sp": "Customer"}, {"p": 136, "c": 0.9, "s": 60000, "e": 60401, "w": "桂", "sp": "Agent"}, {"p": 137, "c": 0.9, "s": 60401, "e": 61204, "w": "南市", "sp": "Agent"}, {"p": 138, "c": 0.9, "s": 61204, "e": 62007, "w": "田家", "sp": "Agent"}, {"p": 139, "c": 0.9, "s": 62007, "e": 62408, "w": "庵", "sp": "Agent"}, {"p": 140, "c": 0.9, "s": 62408, "e": 62810, "w": "区", "sp": "Agent"}, {"p": 141, "c": 0.9, "s": 63120, "e": 63396, "w": "啊", "sp": "Customer"}, {"p": 142, "c": 0.9, "s": 63396, "e": 63948, "w": "那个", "sp": "Customer"}, {"p": 143, "c": 0.9, "s": 63948, "e": 64224, "w": "三", "sp": "Customer"}, {"p": 144, "c": 0.9, "s": 64224, "e": 64500, "w": "呃", "sp": "Customer"}, {"p": 145, "c": 0.9, "s": 64500, "e": 65052, "w": "那个", "sp": "Customer"}, {"p": 146, "c": 0.9, "s": 65052, "e": 65604, "w": "一代", "sp": "Customer"}, {"p": 147, "c": 0.9, "s": 65604, "e": 65880, "w": "城", "sp": "Customer"}, {"p": 148, "c": 0.9, "s": 66650, "e": 67770, "w": "什么", "sp": "Agent"}, {"p": 149, "c": 0.9, "s": 68920, "e": 69576, "w": "县城", "sp": "Customer"}, {"p": 150, "c": 0.9, "s": 69576, "e": 69904, "w": "一", "sp": "Customer"}, {"p": 151, "c": 0.9, "s": 69904, "e": 70232, "w": "是", "sp": "Customer"}, {"p": 152, "c": 0.9, "s": 70232, "e": 70888, "w": "就是", "sp": "Customer"}, {"p": 153, "c": 0.9, "s": 70888, "e": 71544, "w": "大写", "sp": "Customer"}, {"p": 154, "c": 0.9, "s": 71544, "e": 71872, "w": "的", "sp": "Customer"}, {"p": 155, "c": 0.9, "s": 71872, "e": 72200, "w": "一", "sp": "Customer"}, {"p": 156, "c": 0.9, "s": 72520, "e": 73575, "w": "但是", "sp": "Customer"}, {"p": 157, "c": 0.9, "s": 72620, "e": 73203, "w": "一", "sp": "Agent"}, {"p": 158, "c": 0.9, "s": 73203, "e": 73786, "w": "站", "sp": "Agent"}, {"p": 159, "c": 0.9, "s": 73575, "e": 74102, "w": "但", "sp": "Customer"}, {"p": 160, "c": 0.9, "s": 73786, "e": 74370, "w": "城", "sp": "Agent"}, {"p": 161, "c": 0.9, "s": 74102, "e": 74630, "w": "并", "sp": "Customer"}, {"p": 162, "c": 0.9, "s": 74990, "e": 75630, "w": "代称", "sp": "Customer"}, {"p": 163, "c": 0.9, "s": 75630, "e": 76270, "w": "代表", "sp": "Customer"}, {"p": 164, "c": 0.9, "s": 76270, "e": 76590, "w": "的", "sp": "Customer"}, {"p": 165, "c": 0.9, "s": 76590, "e": 76909, "w": "代", "sp": "Customer"}, {"p": 166, "c": 0.9, "s": 76980, "e": 77412, "w": "哦", "sp": "Agent"}, {"p": 167, "c": 0.9, "s": 77412, "e": 78277, "w": "一代", "sp": "Agent"}, {"p": 168, "c": 0.9, "s": 78277, "e": 78710, "w": "城", "sp": "Agent"}, {"p": 169, "c": 0.9, "s": 78910, "e": 79268, "w": "嗯", "sp": "Customer"}, {"p": 170, "c": 0.9, "s": 79268, "e": 79984, "w": "城市", "sp": "Customer"}, {"p": 171, "c": 0.9, "s": 79984, "e": 80342, "w": "的", "sp": "Customer"}, {"p": 172, "c": 0.9, "s": 80342, "e": 80700, "w": "城", "sp": "Customer"}, {"p": 173, "c": 0.9, "s": 80650, "e": 81110, "w": "嗯", "sp": "Agent"}, {"p": 174, "c": 0.9, "s": 81110, "e": 82030, "w": "一代", "sp": "Agent"}, {"p": 175, "c": 0.9, "s": 82030, "e": 82490, "w": "城", "sp": "Agent"}, {"p": 176, "c": 0.9, "s": 82560, "e": 82940, "w": "嗯", "sp": "Customer"}, {"p": 177, "c": 0.9, "s": 82941, "e": 83322, "w": "I", "sp": "Customer"}, {"p": 178, "c": 0.9, "s": 83322, "e": 83702, "w": "T", "sp": "Customer"}, {"p": 179, "c": 0.9, "s": 83703, "e": 84465, "w": "七号", "sp": "Customer"}, {"p": 180, "c": 0.9, "s": 84465, "e": 84845, "w": "楼", "sp": "Customer"}, {"p": 181, "c": 0.9, "s": 84846, "e": 85227, "w": "二", "sp": "Customer"}, {"p": 182, "c": 0.9, "s": 85227, "e": 85607, "w": "零", "sp": "Customer"}, {"p": 183, "c": 0.9, "s": 85608, "e": 85990, "w": "二", "sp": "Customer"}, {"p": 184, "c": 0.9, "s": 86310, "e": 86994, "w": "七号", "sp": "Agent"}, {"p": 185, "c": 0.9, "s": 86995, "e": 87337, "w": "楼", "sp": "Agent"}, {"p": 186, "c": 0.9, "s": 87337, "e": 87680, "w": "二", "sp": "Agent"}, {"p": 187, "c": 0.9, "s": 87680, "e": 88022, "w": "零", "sp": "Agent"}, {"p": 188, "c": 0.9, "s": 88022, "e": 88365, "w": "二", "sp": "Agent"}, {"p": 189, "c": 0.9, "s": 88365, "e": 88707, "w": "对", "sp": "Agent"}, {"p": 190, "c": 0.9, "s": 88707, "e": 89050, "w": "吗", "sp": "Agent"}, {"p": 191, "c": 0.9, "s": 89190, "e": 89442, "w": "对", "sp": "Customer"}, {"p": 192, "c": 0.9, "s": 89442, "e": 89694, "w": "对", "sp": "Customer"}, {"p": 193, "c": 0.9, "s": 89694, "e": 89946, "w": "对", "sp": "Customer"}, {"p": 194, "c": 0.9, "s": 89946, "e": 90198, "w": "啊", "sp": "Customer"}, {"p": 195, "c": 0.9, "s": 90198, "e": 90450, "w": "他", "sp": "Customer"}, {"p": 196, "c": 0.9, "s": 90450, "e": 90702, "w": "是", "sp": "Customer"}, {"p": 197, "c": 0.9, "s": 90703, "e": 90955, "w": "你", "sp": "Customer"}, {"p": 198, "c": 0.9, "s": 90955, "e": 91207, "w": "家", "sp": "Customer"}, {"p": 199, "c": 0.9, "s": 91207, "e": 91711, "w": "七号", "sp": "Customer"}, {"p": 200, "c": 0.9, "s": 91711, "e": 91963, "w": "楼", "sp": "Customer"}, {"p": 201, "c": 0.9, "s": 91963, "e": 92215, "w": "幺", "sp": "Customer"}, {"p": 202, "c": 0.9, "s": 92216, "e": 92720, "w": "零零", "sp": "Customer"}, {"p": 203, "c": 0.9, "s": 92720, "e": 92972, "w": "幺", "sp": "Customer"}, {"p": 204, "c": 0.9, "s": 92972, "e": 93224, "w": "零", "sp": "Customer"}, {"p": 205, "c": 0.9, "s": 93224, "e": 93476, "w": "幺", "sp": "Customer"}, {"p": 206, "c": 0.9, "s": 93476, "e": 93980, "w": "七号", "sp": "Customer"}, {"p": 207, "c": 0.9, "s": 93981, "e": 94233, "w": "楼", "sp": "Customer"}, {"p": 208, "c": 0.9, "s": 94233, "e": 94485, "w": "幺", "sp": "Customer"}, {"p": 209, "c": 0.9, "s": 94485, "e": 94737, "w": "零", "sp": "Customer"}, {"p": 210, "c": 0.9, "s": 94737, "e": 94990, "w": "幺", "sp": "Customer"}, {"p": 211, "c": 0.9, "s": 95510, "e": 95766, "w": "那", "sp": "Customer"}, {"p": 212, "c": 0.9, "s": 95766, "e": 96280, "w": "就是", "sp": "Customer"}, {"p": 213, "c": 0.9, "s": 96280, "e": 96535, "w": "幺", "sp": "Customer"}, {"p": 214, "c": 0.9, "s": 96536, "e": 96793, "w": "零", "sp": "Customer"}, {"p": 215, "c": 0.9, "s": 96793, "e": 97050, "w": "幺", "sp": "Customer"}, {"p": 216, "c": 0.9, "s": 97260, "e": 98111, "w": "安徽省", "sp": "Agent"}, {"p": 217, "c": 0.9, "s": 98111, "e": 98395, "w": "淮", "sp": "Agent"}, {"p": 218, "c": 0.9, "s": 98395, "e": 98962, "w": "南市", "sp": "Agent"}, {"p": 219, "c": 0.9, "s": 98962, "e": 99530, "w": "田家", "sp": "Agent"}, {"p": 220, "c": 0.9, "s": 99530, "e": 99813, "w": "庵", "sp": "Agent"}, {"p": 221, "c": 0.9, "s": 99814, "e": 100098, "w": "区", "sp": "Agent"}, {"p": 222, "c": 0.9, "s": 100098, "e": 100665, "w": "一代", "sp": "Agent"}, {"p": 223, "c": 0.9, "s": 100665, "e": 100949, "w": "城", "sp": "Agent"}, {"p": 224, "c": 0.9, "s": 100949, "e": 101517, "w": "七号", "sp": "Agent"}, {"p": 225, "c": 0.9, "s": 101517, "e": 101799, "w": "楼", "sp": "Agent"}, {"p": 226, "c": 0.9, "s": 101800, "e": 102084, "w": "幺", "sp": "Agent"}, {"p": 227, "c": 0.9, "s": 102084, "e": 102368, "w": "零", "sp": "Agent"}, {"p": 228, "c": 0.9, "s": 102368, "e": 102651, "w": "幺", "sp": "Agent"}, {"p": 229, "c": 0.9, "s": 102652, "e": 102936, "w": "对", "sp": "Agent"}, {"p": 230, "c": 0.9, "s": 102936, "e": 103219, "w": "吗", "sp": "Agent"}, {"p": 231, "c": 0.9, "s": 103100, "e": 103562, "w": "对", "sp": "Customer"}, {"p": 232, "c": 0.9, "s": 103563, "e": 104026, "w": "对", "sp": "Customer"}, {"p": 233, "c": 0.9, "s": 104026, "e": 104490, "w": "对", "sp": "Customer"}, {"p": 234, "c": 0.9, "s": 104450, "e": 104667, "w": "好", "sp": "Agent"}, {"p": 235, "c": 0.9, "s": 104667, "e": 104885, "w": "的", "sp": "Agent"}, {"p": 236, "c": 0.9, "s": 104885, "e": 105320, "w": "用户", "sp": "Agent"}, {"p": 237, "c": 0.9, "s": 105320, "e": 105538, "w": "的", "sp": "Agent"}, {"p": 238, "c": 0.9, "s": 105538, "e": 105973, "w": "空调", "sp": "Agent"}, {"p": 239, "c": 0.9, "s": 105973, "e": 106191, "w": "是", "sp": "Agent"}, {"p": 240, "c": 0.9, "s": 106191, "e": 106626, "w": "什么", "sp": "Agent"}, {"p": 241, "c": 0.9, "s": 106626, "e": 107062, "w": "型号", "sp": "Agent"}, {"p": 242, "c": 0.9, "s": 107062, "e": 107280, "w": "呢", "sp": "Agent"}, {"p": 243, "c": 0.9, "s": 107680, "e": 107996, "w": "是", "sp": "Customer"}, {"p": 244, "c": 0.9, "s": 107996, "e": 108630, "w": "那个", "sp": "Customer"}, {"p": 245, "c": 0.9, "s": 108630, "e": 108946, "w": "叫", "sp": "Customer"}, {"p": 246, "c": 0.9, "s": 108946, "e": 109263, "w": "V", "sp": "Customer"}, {"p": 247, "c": 0.9, "s": 109263, "e": 109580, "w": "R", "sp": "Customer"}, {"p": 248, "c": 0.9, "s": 109580, "e": 109896, "w": "V", "sp": "Customer"}, {"p": 249, "c": 0.9, "s": 109896, "e": 110213, "w": "中", "sp": "Customer"}, {"p": 250, "c": 0.9, "s": 110213, "e": 110846, "w": "中央", "sp": "Customer"}, {"p": 251, "c": 0.9, "s": 110846, "e": 111480, "w": "空调", "sp": "Customer"}, {"p": 252, "c": 0.9, "s": 111620, "e": 112015, "w": "好", "sp": "Agent"}, {"p": 253, "c": 0.9, "s": 112015, "e": 112409, "w": "的", "sp": "Agent"}, {"p": 254, "c": 0.9, "s": 112410, "e": 113200, "w": "一拖", "sp": "Agent"}, {"p": 255, "c": 0.9, "s": 113200, "e": 113594, "w": "起", "sp": "Agent"}, {"p": 256, "c": 0.9, "s": 113595, "e": 114385, "w": "了解", "sp": "Agent"}, {"p": 257, "c": 0.9, "s": 114385, "e": 114780, "w": "吗", "sp": "Agent"}, {"p": 258, "c": 0.9, "s": 115260, "e": 116490, "w": "衣服", "sp": "Customer"}, {"p": 259, "c": 0.9, "s": 117760, "e": 118290, "w": "好", "sp": "Agent"}, {"p": 260, "c": 0.9, "s": 118290, "e": 118820, "w": "的", "sp": "Agent"}, {"p": 261, "c": 0.9, "s": 121800, "e": 122023, "w": "好", "sp": "Customer"}, {"p": 262, "c": 0.9, "s": 122023, "e": 122246, "w": "的", "sp": "Customer"}, {"p": 263, "c": 0.9, "s": 122246, "e": 122470, "w": "让", "sp": "Customer"}, {"p": 264, "c": 0.9, "s": 122470, "e": 122693, "w": "他", "sp": "Customer"}, {"p": 265, "c": 0.9, "s": 122693, "e": 123140, "w": "直接", "sp": "Customer"}, {"p": 266, "c": 0.9, "s": 123140, "e": 123363, "w": "和", "sp": "Customer"}, {"p": 267, "c": 0.9, "s": 123363, "e": 123586, "w": "我", "sp": "Customer"}, {"p": 268, "c": 0.9, "s": 123586, "e": 124033, "w": "联系", "sp": "Customer"}, {"p": 269, "c": 0.9, "s": 124033, "e": 124256, "w": "好", "sp": "Customer"}, {"p": 270, "c": 0.9, "s": 124256, "e": 124479, "w": "吧", "sp": "Customer"}, {"p": 271, "c": 0.9, "s": 124780, "e": 125200, "w": "您", "sp": "Agent"}, {"p": 272, "c": 0.9, "s": 125200, "e": 126039, "w": "贵姓", "sp": "Agent"}, {"p": 273, "c": 0.9, "s": 126040, "e": 126460, "w": "呢", "sp": "Agent"}, {"p": 274, "c": 0.9, "s": 126610, "e": 127103, "w": "我", "sp": "Customer"}, {"p": 275, "c": 0.9, "s": 127103, "e": 127595, "w": "姓", "sp": "Customer"}, {"p": 276, "c": 0.9, "s": 127596, "e": 128090, "w": "王", "sp": "Customer"}, {"p": 277, "c": 0.9, "s": 128410, "e": 128657, "w": "王", "sp": "Agent"}, {"p": 278, "c": 0.9, "s": 128657, "e": 129151, "w": "女士", "sp": "Agent"}, {"p": 279, "c": 0.9, "s": 129151, "e": 129646, "w": "麻烦", "sp": "Agent"}, {"p": 280, "c": 0.9, "s": 129646, "e": 129894, "w": "您", "sp": "Agent"}, {"p": 281, "c": 0.9, "s": 129894, "e": 130140, "w": "留", "sp": "Agent"}, {"p": 282, "c": 0.9, "s": 130141, "e": 130636, "w": "一下", "sp": "Agent"}, {"p": 283, "c": 0.9, "s": 130390, "e": 131450, "w": "好", "sp": "Customer"}, {"p": 284, "c": 0.9, "s": 130636, "e": 130882, "w": "您", "sp": "Agent"}, {"p": 285, "c": 0.9, "s": 130882, "e": 131129, "w": "的", "sp": "Agent"}, {"p": 286, "c": 0.9, "s": 131130, "e": 131625, "w": "联系", "sp": "Agent"}, {"p": 287, "c": 0.9, "s": 131625, "e": 132120, "w": "方式", "sp": "Agent"}, {"p": 288, "c": 0.9, "s": 132670, "e": 133120, "w": "呃", "sp": "Customer"}, {"p": 289, "c": 0.9, "s": 133120, "e": 134019, "w": "交警", "sp": "Customer"}, {"p": 290, "c": 0.9, "s": 134020, "e": 134470, "w": "所", "sp": "Customer"}, {"p": 291, "c": 0.9, "s": 134410, "e": 134933, "w": "幺", "sp": "Agent"}, {"p": 292, "c": 0.9, "s": 134933, "e": 135980, "w": "九九", "sp": "Agent"}, {"p": 293, "c": 0.9, "s": 136400, "e": 137605, "w": "五四", "sp": "Customer"}, {"p": 294, "c": 0.9, "s": 137606, "e": 138210, "w": "五", "sp": "Customer"}, {"p": 295, "c": 0.9, "s": 138050, "e": 138950, "w": "五五", "sp": "Agent"}, {"p": 296, "c": 0.9, "s": 138950, "e": 139849, "w": "四五", "sp": "Agent"}, {"p": 297, "c": 0.9, "s": 140380, "e": 140745, "w": "零", "sp": "Customer"}, {"p": 298, "c": 0.9, "s": 140745, "e": 141110, "w": "幺", "sp": "Customer"}, {"p": 299, "c": 0.9, "s": 141110, "e": 141475, "w": "零", "sp": "Customer"}, {"p": 300, "c": 0.9, "s": 141475, "e": 141840, "w": "二", "sp": "Customer"}, {"p": 301, "c": 0.9, "s": 141690, "e": 141966, "w": "零", "sp": "Agent"}, {"p": 302, "c": 0.9, "s": 141966, "e": 142242, "w": "幺", "sp": "Agent"}, {"p": 303, "c": 0.9, "s": 142242, "e": 142518, "w": "零", "sp": "Agent"}, {"p": 304, "c": 0.9, "s": 142518, "e": 142794, "w": "二", "sp": "Agent"}, {"p": 305, "c": 0.9, "s": 142794, "e": 143070, "w": "幺", "sp": "Agent"}, {"p": 306, "c": 0.9, "s": 143070, "e": 143622, "w": "五九", "sp": "Agent"}, {"p": 307, "c": 0.9, "s": 143622, "e": 143898, "w": "幺", "sp": "Agent"}, {"p": 308, "c": 0.9, "s": 143898, "e": 144450, "w": "九九", "sp": "Agent"}, {"p": 309, "c": 0.9, "s": 144450, "e": 145002, "w": "五五", "sp": "Agent"}, {"p": 310, "c": 0.9, "s": 145002, "e": 145554, "w": "四五", "sp": "Agent"}, {"p": 311, "c": 0.9, "s": 145554, "e": 145830, "w": "零", "sp": "Agent"}, {"p": 312, "c": 0.9, "s": 145830, "e": 146106, "w": "幺", "sp": "Agent"}, {"p": 313, "c": 0.9, "s": 146106, "e": 146382, "w": "零", "sp": "Agent"}, {"p": 314, "c": 0.9, "s": 146382, "e": 146658, "w": "二", "sp": "Agent"}, {"p": 315, "c": 0.9, "s": 146658, "e": 146934, "w": "对", "sp": "Agent"}, {"p": 316, "c": 0.9, "s": 146934, "e": 147210, "w": "吗", "sp": "Agent"}, {"p": 317, "c": 0.9, "s": 146940, "e": 147330, "w": "嗯", "sp": "Customer"}, {"p": 318, "c": 0.9, "s": 147330, "e": 147720, "w": "对", "sp": "Customer"}, {"p": 319, "c": 0.9, "s": 147720, "e": 148110, "w": "对", "sp": "Customer"}, {"p": 320, "c": 0.9, "s": 148110, "e": 148500, "w": "对", "sp": "Customer"}, {"p": 321, "c": 0.9, "s": 148260, "e": 148510, "w": "您", "sp": "Agent"}, {"p": 322, "c": 0.9, "s": 148510, "e": 149012, "w": "这边", "sp": "Agent"}, {"p": 323, "c": 0.9, "s": 149012, "e": 149263, "w": "是", "sp": "Agent"}, {"p": 324, "c": 0.9, "s": 149263, "e": 149765, "w": "经销", "sp": "Agent"}, {"p": 325, "c": 0.9, "s": 149765, "e": 150267, "w": "商代", "sp": "Agent"}, {"p": 326, "c": 0.9, "s": 150267, "e": 150518, "w": "报", "sp": "Agent"}, {"p": 327, "c": 0.9, "s": 150518, "e": 150769, "w": "的", "sp": "Agent"}, {"p": 328, "c": 0.9, "s": 150769, "e": 151020, "w": "吗", "sp": "Agent"}, {"p": 329, "c": 0.9, "s": 150910, "e": 151350, "w": "对", "sp": "Customer"}, {"p": 330, "c": 0.9, "s": 151350, "e": 151790, "w": "对", "sp": "Customer"}, {"p": 331, "c": 0.9, "s": 151790, "e": 152230, "w": "对", "sp": "Customer"}, {"p": 332, "c": 0.9, "s": 152210, "e": 152485, "w": "好", "sp": "Agent"}, {"p": 333, "c": 0.9, "s": 152485, "e": 152760, "w": "的", "sp": "Agent"}, {"p": 334, "c": 0.9, "s": 152760, "e": 153034, "w": "稍", "sp": "Agent"}, {"p": 335, "c": 0.9, "s": 153035, "e": 153310, "w": "等", "sp": "Agent"}, {"p": 336, "c": 0.9, "s": 153310, "e": 153860, "w": "一下", "sp": "Agent"}, {"p": 337, "c": 0.9, "s": 159090, "e": 159495, "w": "用户", "sp": "Agent"}, {"p": 338, "c": 0.9, "s": 159495, "e": 159698, "w": "的", "sp": "Agent"}, {"p": 339, "c": 0.9, "s": 159698, "e": 160104, "w": "空调", "sp": "Agent"}, {"p": 340, "c": 0.9, "s": 160104, "e": 160307, "w": "是", "sp": "Agent"}, {"p": 341, "c": 0.9, "s": 160307, "e": 160712, "w": "什么", "sp": "Agent"}, {"p": 342, "c": 0.9, "s": 160712, "e": 161118, "w": "时候", "sp": "Agent"}, {"p": 343, "c": 0.9, "s": 161118, "e": 161524, "w": "购买", "sp": "Agent"}, {"p": 344, "c": 0.9, "s": 161524, "e": 161727, "w": "的", "sp": "Agent"}, {"p": 345, "c": 0.9, "s": 161727, "e": 161930, "w": "呢", "sp": "Agent"}, {"p": 346, "c": 0.9, "s": 162680, "e": 163230, "w": "今年", "sp": "Customer"}, {"p": 347, "c": 0.9, "s": 163231, "e": 163782, "w": "就是", "sp": "Customer"}, {"p": 348, "c": 0.9, "s": 163782, "e": 164058, "w": "还", "sp": "Customer"}, {"p": 349, "c": 0.9, "s": 164058, "e": 164610, "w": "装上", "sp": "Customer"}, {"p": 350, "c": 0.9, "s": 164610, "e": 164885, "w": "嗯", "sp": "Customer"}, {"p": 351, "c": 0.9, "s": 164885, "e": 165161, "w": "今", "sp": "Customer"}, {"p": 352, "c": 0.9, "s": 165161, "e": 165711, "w": "今天", "sp": "Customer"}, {"p": 353, "c": 0.9, "s": 165712, "e": 165988, "w": "刚", "sp": "Customer"}, {"p": 354, "c": 0.9, "s": 165988, "e": 166540, "w": "装上", "sp": "Customer"}, {"p": 355, "c": 0.9, "s": 166550, "e": 166765, "w": "哦", "sp": "Agent"}, {"p": 356, "c": 0.9, "s": 166765, "e": 166981, "w": "我", "sp": "Agent"}, {"p": 357, "c": 0.9, "s": 166981, "e": 167197, "w": "的", "sp": "Agent"}, {"p": 358, "c": 0.9, "s": 167197, "e": 167629, "w": "意思", "sp": "Agent"}, {"p": 359, "c": 0.9, "s": 167629, "e": 167845, "w": "是", "sp": "Agent"}, {"p": 360, "c": 0.9, "s": 167845, "e": 168277, "w": "什么", "sp": "Agent"}, {"p": 361, "c": 0.9, "s": 168277, "e": 168708, "w": "时候", "sp": "Agent"}, {"p": 362, "c": 0.9, "s": 168708, "e": 169140, "w": "购买", "sp": "Agent"}, {"p": 363, "c": 0.9, "s": 169140, "e": 169356, "w": "的", "sp": "Agent"}, {"p": 364, "c": 0.9, "s": 169356, "e": 169572, "w": "也", "sp": "Agent"}, {"p": 365, "c": 0.9, "s": 169572, "e": 169788, "w": "是", "sp": "Agent"}, {"p": 366, "c": 0.9, "s": 169788, "e": 170220, "w": "今年", "sp": "Agent"}, {"p": 367, "c": 0.9, "s": 170530, "e": 171362, "w": "三月份", "sp": "Customer"}, {"p": 368, "c": 0.9, "s": 171363, "e": 171918, "w": "二二", "sp": "Customer"}, {"p": 369, "c": 0.9, "s": 171918, "e": 172196, "w": "年", "sp": "Customer"}, {"p": 370, "c": 0.9, "s": 172196, "e": 173030, "w": "三月份", "sp": "Customer"}, {"p": 371, "c": 0.9, "s": 173050, "e": 173640, "w": "好", "sp": "Agent"}, {"p": 372, "c": 0.9, "s": 173640, "e": 174230, "w": "的", "sp": "Agent"}, {"p": 373, "c": 0.9, "s": 179390, "e": 179576, "w": "好", "sp": "Customer"}, {"p": 374, "c": 0.9, "s": 179576, "e": 179762, "w": "的", "sp": "Customer"}, {"p": 375, "c": 0.9, "s": 179762, "e": 179948, "w": "让", "sp": "Customer"}, {"p": 376, "c": 0.9, "s": 179948, "e": 180135, "w": "他", "sp": "Customer"}, {"p": 377, "c": 0.9, "s": 180135, "e": 180321, "w": "跟", "sp": "Customer"}, {"p": 378, "c": 0.9, "s": 180321, "e": 180507, "w": "我", "sp": "Customer"}, {"p": 379, "c": 0.9, "s": 180507, "e": 180880, "w": "联系", "sp": "Customer"}, {"p": 380, "c": 0.9, "s": 180880, "e": 181066, "w": "好", "sp": "Customer"}, {"p": 381, "c": 0.9, "s": 181066, "e": 181252, "w": "吧", "sp": "Customer"}, {"p": 382, "c": 0.9, "s": 181253, "e": 181439, "w": "我", "sp": "Customer"}, {"p": 383, "c": 0.9, "s": 181439, "e": 181812, "w": "这边", "sp": "Customer"}, {"p": 384, "c": 0.9, "s": 181812, "e": 182183, "w": "信号", "sp": "Customer"}, {"p": 385, "c": 0.9, "s": 182184, "e": 182557, "w": "不是", "sp": "Customer"}, {"p": 386, "c": 0.9, "s": 182557, "e": 182743, "w": "太", "sp": "Customer"}, {"p": 387, "c": 0.9, "s": 182743, "e": 182930, "w": "好", "sp": "Customer"}, {"p": 388, "c": 0.9, "s": 183190, "e": 183403, "w": "您", "sp": "Agent"}, {"p": 389, "c": 0.9, "s": 183403, "e": 183616, "w": "稍", "sp": "Agent"}, {"p": 390, "c": 0.9, "s": 183616, "e": 183829, "w": "等", "sp": "Agent"}, {"p": 391, "c": 0.9, "s": 183829, "e": 184254, "w": "一下", "sp": "Agent"}, {"p": 392, "c": 0.9, "s": 184255, "e": 184681, "w": "这边", "sp": "Agent"}, {"p": 393, "c": 0.9, "s": 184681, "e": 185108, "w": "的话", "sp": "Agent"}, {"p": 394, "c": 0.9, "s": 185108, "e": 185321, "w": "还", "sp": "Agent"}, {"p": 395, "c": 0.9, "s": 185321, "e": 185747, "w": "需要", "sp": "Agent"}, {"p": 396, "c": 0.9, "s": 185747, "e": 185959, "w": "跟", "sp": "Agent"}, {"p": 397, "c": 0.9, "s": 185960, "e": 186173, "w": "您", "sp": "Agent"}, {"p": 398, "c": 0.9, "s": 186173, "e": 186386, "w": "再", "sp": "Agent"}, {"p": 399, "c": 0.9, "s": 186386, "e": 186812, "w": "确认", "sp": "Agent"}, {"p": 400, "c": 0.9, "s": 186812, "e": 187239, "w": "一个", "sp": "Agent"}, {"p": 401, "c": 0.9, "s": 187239, "e": 187665, "w": "问题", "sp": "Agent"}, {"p": 402, "c": 0.9, "s": 187665, "e": 188090, "w": "然后", "sp": "Agent"}, {"p": 403, "c": 0.9, "s": 188091, "e": 188517, "w": "这边", "sp": "Agent"}, {"p": 404, "c": 0.9, "s": 188517, "e": 188944, "w": "的话", "sp": "Agent"}, {"p": 405, "c": 0.9, "s": 188944, "e": 189157, "w": "给", "sp": "Agent"}, {"p": 406, "c": 0.9, "s": 189157, "e": 189370, "w": "您", "sp": "Agent"}, {"p": 407, "c": 0.9, "s": 189370, "e": 189583, "w": "去", "sp": "Agent"}, {"p": 408, "c": 0.9, "s": 189583, "e": 189795, "w": "看", "sp": "Agent"}, {"p": 409, "c": 0.9, "s": 189796, "e": 190222, "w": "一下", "sp": "Agent"}, {"p": 410, "c": 0.9, "s": 190222, "e": 190648, "w": "师傅", "sp": "Agent"}, {"p": 411, "c": 0.9, "s": 190648, "e": 191075, "w": "什么", "sp": "Agent"}, {"p": 412, "c": 0.9, "s": 191075, "e": 191500, "w": "时候", "sp": "Agent"}, {"p": 413, "c": 0.9, "s": 191501, "e": 191927, "w": "可以", "sp": "Agent"}, {"p": 414, "c": 0.9, "s": 191927, "e": 192353, "w": "安排", "sp": "Agent"}, {"p": 415, "c": 0.9, "s": 192353, "e": 192780, "w": "上门", "sp": "Agent"}, {"p": 416, "c": 0.9, "s": 193350, "e": 193628, "w": "都", "sp": "Customer"}, {"p": 417, "c": 0.9, "s": 193628, "e": 194184, "w": "可以", "sp": "Customer"}, {"p": 418, "c": 0.9, "s": 194184, "e": 194740, "w": "随时", "sp": "Customer"}, {"p": 419, "c": 0.9, "s": 195290, "e": 195500, "w": "嗯", "sp": "Agent"}, {"p": 420, "c": 0.9, "s": 195501, "e": 195923, "w": "师傅", "sp": "Agent"}, {"p": 421, "c": 0.9, "s": 195923, "e": 196345, "w": "的话", "sp": "Agent"}, {"p": 422, "c": 0.9, "s": 196345, "e": 196767, "w": "最快", "sp": "Agent"}, {"p": 423, "c": 0.9, "s": 196767, "e": 197190, "w": "今天", "sp": "Agent"}, {"p": 424, "c": 0.9, "s": 197190, "e": 197401, "w": "跟", "sp": "Agent"}, {"p": 425, "c": 0.9, "s": 197401, "e": 197612, "w": "您", "sp": "Agent"}, {"p": 426, "c": 0.9, "s": 197612, "e": 198034, "w": "联系", "sp": "Agent"}, {"p": 427, "c": 0.9, "s": 198034, "e": 198245, "w": "您", "sp": "Agent"}, {"p": 428, "c": 0.9, "s": 198245, "e": 198456, "w": "看", "sp": "Agent"}, {"p": 429, "c": 0.9, "s": 198456, "e": 198877, "w": "可以", "sp": "Agent"}, {"p": 430, "c": 0.9, "s": 198878, "e": 199090, "w": "吗", "sp": "Agent"}, {"p": 431, "c": 0.9, "s": 199300, "e": 199603, "w": "啊", "sp": "Customer"}, {"p": 432, "c": 0.9, "s": 199603, "e": 199905, "w": "也", "sp": "Customer"}, {"p": 433, "c": 0.9, "s": 199906, "e": 200513, "w": "可以", "sp": "Customer"}, {"p": 434, "c": 0.9, "s": 200513, "e": 201120, "w": "可以", "sp": "Customer"}, {"p": 435, "c": 0.9, "s": 200950, "e": 201200, "w": "呃", "sp": "Agent"}, {"p": 436, "c": 0.9, "s": 201200, "e": 201700, "w": "空调", "sp": "Agent"}, {"p": 437, "c": 0.9, "s": 201700, "e": 201950, "w": "的", "sp": "Agent"}, {"p": 438, "c": 0.9, "s": 201950, "e": 202200, "w": "外", "sp": "Agent"}, {"p": 439, "c": 0.9, "s": 202200, "e": 202450, "w": "机", "sp": "Agent"}, {"p": 440, "c": 0.9, "s": 202450, "e": 202700, "w": "是", "sp": "Agent"}, {"p": 441, "c": 0.9, "s": 202700, "e": 203200, "w": "安装", "sp": "Agent"}, {"p": 442, "c": 0.9, "s": 203200, "e": 203450, "w": "在", "sp": "Agent"}, {"p": 443, "c": 0.9, "s": 203450, "e": 203950, "w": "安装", "sp": "Agent"}, {"p": 444, "c": 0.9, "s": 203950, "e": 204200, "w": "在", "sp": "Agent"}, {"p": 445, "c": 0.9, "s": 204200, "e": 204700, "w": "平台", "sp": "Agent"}, {"p": 446, "c": 0.9, "s": 204700, "e": 204950, "w": "吗", "sp": "Agent"}, {"p": 447, "c": 0.9, "s": 204850, "e": 205198, "w": "嗯", "sp": "Customer"}, {"p": 448, "c": 0.9, "s": 205198, "e": 205547, "w": "对", "sp": "Customer"}, {"p": 449, "c": 0.9, "s": 205547, "e": 206245, "w": "平台", "sp": "Customer"}, {"p": 450, "c": 0.9, "s": 206245, "e": 206593, "w": "一", "sp": "Customer"}, {"p": 451, "c": 0.9, "s": 206480, "e": 206706, "w": "好", "sp": "Agent"}, {"p": 452, "c": 0.9, "s": 206593, "e": 206942, "w": "楼", "sp": "Customer"}, {"p": 453, "c": 0.9, "s": 206706, "e": 206933, "w": "的", "sp": "Agent"}, {"p": 454, "c": 0.9, "s": 206933, "e": 207159, "w": "好", "sp": "Agent"}, {"p": 455, "c": 0.9, "s": 206942, "e": 207640, "w": "平台", "sp": "Customer"}, {"p": 456, "c": 0.9, "s": 207159, "e": 207386, "w": "的", "sp": "Agent"}, {"p": 457, "c": 0.9, "s": 207386, "e": 207839, "w": "疫情", "sp": "Agent"}, {"p": 458, "c": 0.9, "s": 207839, "e": 208292, "w": "防控", "sp": "Agent"}, {"p": 459, "c": 0.9, "s": 208292, "e": 208518, "w": "的", "sp": "Agent"}, {"p": 460, "c": 0.9, "s": 208518, "e": 208971, "w": "原因", "sp": "Agent"}, {"p": 461, "c": 0.9, "s": 208971, "e": 209424, "w": "小区", "sp": "Agent"}, {"p": 462, "c": 0.9, "s": 209424, "e": 209877, "w": "可以", "sp": "Agent"}, {"p": 463, "c": 0.9, "s": 209877, "e": 210330, "w": "正常", "sp": "Agent"}, {"p": 464, "c": 0.9, "s": 210330, "e": 210783, "w": "进入", "sp": "Agent"}, {"p": 465, "c": 0.9, "s": 210750, "e": 210972, "w": "都", "sp": "Customer"}, {"p": 466, "c": 0.9, "s": 210783, "e": 211010, "w": "吗", "sp": "Agent"}, {"p": 467, "c": 0.9, "s": 210972, "e": 211418, "w": "可以", "sp": "Customer"}, {"p": 468, "c": 0.9, "s": 211418, "e": 211640, "w": "都", "sp": "Customer"}, {"p": 469, "c": 0.9, "s": 211640, "e": 212086, "w": "可以", "sp": "Customer"}, {"p": 470, "c": 0.9, "s": 212086, "e": 212308, "w": "都", "sp": "Customer"}, {"p": 471, "c": 0.9, "s": 212308, "e": 212754, "w": "可以", "sp": "Customer"}, {"p": 472, "c": 0.9, "s": 212754, "e": 212976, "w": "他", "sp": "Customer"}, {"p": 473, "c": 0.9, "s": 212880, "e": 213990, "w": "哎呀", "sp": "Agent"}, {"p": 474, "c": 0.9, "s": 212976, "e": 213422, "w": "今天", "sp": "Customer"}, {"p": 475, "c": 0.9, "s": 213422, "e": 213867, "w": "过来", "sp": "Customer"}, {"p": 476, "c": 0.9, "s": 213867, "e": 214090, "w": "吗", "sp": "Customer"}, {"p": 477, "c": 0.9, "s": 214530, "e": 214908, "w": "今天", "sp": "Agent"}, {"p": 478, "c": 0.9, "s": 214908, "e": 215286, "w": "的话", "sp": "Agent"}, {"p": 479, "c": 0.9, "s": 215286, "e": 215664, "w": "具体", "sp": "Agent"}, {"p": 480, "c": 0.9, "s": 215664, "e": 216231, "w": "到时候", "sp": "Agent"}, {"p": 481, "c": 0.9, "s": 216231, "e": 216609, "w": "师傅", "sp": "Agent"}, {"p": 482, "c": 0.9, "s": 216609, "e": 216797, "w": "会", "sp": "Agent"}, {"p": 483, "c": 0.9, "s": 216798, "e": 216987, "w": "跟", "sp": "Agent"}, {"p": 484, "c": 0.9, "s": 216987, "e": 217176, "w": "您", "sp": "Agent"}, {"p": 485, "c": 0.9, "s": 217176, "e": 217554, "w": "联系", "sp": "Agent"}, {"p": 486, "c": 0.9, "s": 217554, "e": 218121, "w": "到时候", "sp": "Agent"}, {"p": 487, "c": 0.9, "s": 217940, "e": 218382, "w": "啊", "sp": "Customer"}, {"p": 488, "c": 0.9, "s": 218121, "e": 218310, "w": "您", "sp": "Agent"}, {"p": 489, "c": 0.9, "s": 218310, "e": 218499, "w": "再", "sp": "Agent"}, {"p": 490, "c": 0.9, "s": 218382, "e": 219267, "w": "那行", "sp": "Customer"}, {"p": 491, "c": 0.9, "s": 218499, "e": 218687, "w": "跟", "sp": "Agent"}, {"p": 492, "c": 0.9, "s": 218688, "e": 219066, "w": "师傅", "sp": "Agent"}, {"p": 493, "c": 0.9, "s": 219066, "e": 219444, "w": "预约", "sp": "Agent"}, {"p": 494, "c": 0.9, "s": 219267, "e": 219709, "w": "行", "sp": "Customer"}, {"p": 495, "c": 0.9, "s": 219444, "e": 219633, "w": "您", "sp": "Agent"}, {"p": 496, "c": 0.9, "s": 219633, "e": 219821, "w": "看", "sp": "Agent"}, {"p": 497, "c": 0.9, "s": 219822, "e": 220200, "w": "可以", "sp": "Agent"}, {"p": 498, "c": 0.9, "s": 220120, "e": 220389, "w": "好", "sp": "Customer"}, {"p": 499, "c": 0.9, "s": 220200, "e": 220390, "w": "吗", "sp": "Agent"}, {"p": 500, "c": 0.9, "s": 220389, "e": 220928, "w": "可以", "sp": "Customer"}, {"p": 501, "c": 0.9, "s": 220750, "e": 221730, "w": "嗯", "sp": "Agent"}, {"p": 502, "c": 0.9, "s": 220928, "e": 221467, "w": "可以", "sp": "Customer"}, {"p": 503, "c": 0.9, "s": 221467, "e": 221736, "w": "的", "sp": "Customer"}, {"p": 504, "c": 0.9, "s": 221736, "e": 222275, "w": "可以", "sp": "Customer"}, {"p": 505, "c": 0.9, "s": 222275, "e": 222545, "w": "的", "sp": "Customer"}, {"p": 506, "c": 0.9, "s": 222350, "e": 222557, "w": "好", "sp": "Agent"}, {"p": 507, "c": 0.9, "s": 222545, "e": 222814, "w": "好", "sp": "Customer"}, {"p": 508, "c": 0.9, "s": 222557, "e": 222765, "w": "的", "sp": "Agent"}, {"p": 509, "c": 0.9, "s": 222765, "e": 222972, "w": "啊", "sp": "Agent"}, {"p": 510, "c": 0.9, "s": 222814, "e": 223353, "w": "好好", "sp": "Customer"}, {"p": 511, "c": 0.9, "s": 222973, "e": 223180, "w": "那", "sp": "Agent"}, {"p": 512, "c": 0.9, "s": 223180, "e": 223387, "w": "我", "sp": "Agent"}, {"p": 513, "c": 0.9, "s": 223353, "e": 223892, "w": "再见", "sp": "Customer"}, {"p": 514, "c": 0.9, "s": 223388, "e": 223803, "w": "这边", "sp": "Agent"}, {"p": 515, "c": 0.9, "s": 223803, "e": 224219, "w": "的话", "sp": "Agent"}, {"p": 516, "c": 0.9, "s": 223892, "e": 224162, "w": "哈", "sp": "Customer"}, {"p": 517, "c": 0.9, "s": 224162, "e": 224431, "w": "好", "sp": "Customer"}, {"p": 518, "c": 0.9, "s": 224219, "e": 224633, "w": "已经", "sp": "Agent"}, {"p": 519, "c": 0.9, "s": 224431, "e": 224970, "w": "谢谢", "sp": "Customer"}, {"p": 520, "c": 0.9, "s": 224634, "e": 225050, "w": "联系", "sp": "Agent"}, {"p": 521, "c": 0.9, "s": 224970, "e": 225240, "w": "哈", "sp": "Customer"}, {"p": 522, "c": 0.9, "s": 225330, "e": 225522, "w": "嗯", "sp": "Agent"}, {"p": 523, "c": 0.9, "s": 225522, "e": 225714, "w": "好", "sp": "Agent"}, {"p": 524, "c": 0.9, "s": 225714, "e": 225906, "w": "不", "sp": "Agent"}, {"p": 525, "c": 0.9, "s": 225906, "e": 226291, "w": "客气", "sp": "Agent"}, {"p": 526, "c": 0.9, "s": 226291, "e": 226483, "w": "这", "sp": "Agent"}, {"p": 527, "c": 0.9, "s": 226483, "e": 226676, "w": "是", "sp": "Agent"}, {"p": 528, "c": 0.9, "s": 226676, "e": 227060, "w": "我们", "sp": "Agent"}, {"p": 529, "c": 0.9, "s": 227060, "e": 227444, "w": "应该", "sp": "Agent"}, {"p": 530, "c": 0.9, "s": 227445, "e": 227637, "w": "做", "sp": "Agent"}, {"p": 531, "c": 0.9, "s": 227637, "e": 227829, "w": "的", "sp": "Agent"}, {"p": 532, "c": 0.9, "s": 228140, "e": 228303, "w": "那", "sp": "Agent"}, {"p": 533, "c": 0.9, "s": 228303, "e": 228631, "w": "建议", "sp": "Agent"}, {"p": 534, "c": 0.9, "s": 228631, "e": 228958, "w": "开通", "sp": "Agent"}, {"p": 535, "c": 0.9, "s": 228958, "e": 229122, "w": "微", "sp": "Agent"}, {"p": 536, "c": 0.9, "s": 229122, "e": 229284, "w": "信", "sp": "Agent"}, {"p": 537, "c": 0.9, "s": 229285, "e": 229613, "w": "公众", "sp": "Agent"}, {"p": 538, "c": 0.9, "s": 229613, "e": 229776, "w": "号", "sp": "Agent"}, {"p": 539, "c": 0.9, "s": 229776, "e": 230268, "w": "欢迎您", "sp": "Agent"}, {"p": 540, "c": 0.9, "s": 230268, "e": 230595, "w": "关注", "sp": "Agent"}, {"p": 541, "c": 0.9, "s": 230595, "e": 230759, "w": "和", "sp": "Agent"}, {"p": 542, "c": 0.9, "s": 230759, "e": 231086, "w": "使用", "sp": "Agent"}, {"p": 543, "c": 0.9, "s": 231086, "e": 231413, "w": "最后", "sp": "Agent"}, {"p": 544, "c": 0.9, "s": 231413, "e": 231577, "w": "请", "sp": "Agent"}, {"p": 545, "c": 0.9, "s": 231577, "e": 231905, "w": "针对", "sp": "Agent"}, {"p": 546, "c": 0.9, "s": 231905, "e": 232232, "w": "本次", "sp": "Agent"}, {"p": 547, "c": 0.9, "s": 232232, "e": 232558, "w": "服务", "sp": "Agent"}, {"p": 548, "c": 0.9, "s": 232559, "e": 232723, "w": "做", "sp": "Agent"}, {"p": 549, "c": 0.9, "s": 232723, "e": 233050, "w": "一个", "sp": "Agent"}, {"p": 550, "c": 0.9, "s": 233050, "e": 233541, "w": "满意度", "sp": "Agent"}, {"p": 551, "c": 0.9, "s": 233541, "e": 233705, "w": "的", "sp": "Agent"}, {"p": 552, "c": 0.9, "s": 233705, "e": 234033, "w": "评价", "sp": "Agent"}, {"p": 553, "c": 0.9, "s": 234033, "e": 234360, "w": "感谢", "sp": "Agent"}, {"p": 554, "c": 0.9, "s": 234360, "e": 234687, "w": "祝您", "sp": "Agent"}, {"p": 555, "c": 0.9, "s": 234687, "e": 235015, "w": "生活", "sp": "Agent"}, {"p": 556, "c": 0.9, "s": 235015, "e": 235342, "w": "愉快", "sp": "Agent"}, {"p": 557, "c": 0.9, "s": 235342, "e": 235670, "w": "再见", "sp": "Agent"}]}, "plainText": "六零 二八 号 为您服务 下午 好 丹尼 售后 很 高兴 为您服务 请问 有 什么 可以 帮 您 的\n哎 你好 那个 我 我 这边 是 那个 就是 经销商 我 在 我 因为 今天 是 那个 星期四 他 他 那个 开 不 进来 嗯 叫 他 报修 一下\n新 机子 是 出现 什么 问题 了 抱歉 我 刚刚 没有 听 清\n机器 不是 人\n不 制冷 是 吗\n对\n是 新 机器 是 吧\n对 对 新装 的 机子\n好 的 那 安排 师傅 上门 给 他 检查 一下 吧\n嗯 嗯 嗯 然后\n嗯\n地址\n到时候\n我 给 你\n是\n一下\n联系\n啊\n您\n对\n这边\n你 直接\n吗 哦\n给\n你\n我 吧\n说\n因为 我 不敢 嗯 地址 是 在 那个 安徽省 淮 南市\n安徽省\n人 家安 区\n稍 等 一下\n嗯 淮南\n桂 南市 田家 庵 区\n啊 那个 三 呃 那个 一代 城\n什么\n县城 一 是 就是 大写 的 一 但是\n一 站\n但\n城\n并 代称 代表 的 代\n哦 一代 城\n嗯 城市 的 城\n嗯 一代 城\n嗯 I T 七号 楼 二 零 二\n七号 楼 二 零 二 对 吗\n对 对 对 啊 他 是 你 家 七号 楼 幺 零零 幺 零 幺 七号 楼 幺 零 幺 那 就是 幺 零 幺\n安徽省 淮 南市 田家 庵 区 一代 城 七号 楼 幺 零 幺 对 吗\n对 对 对\n好 的 用户 的 空调 是 什么 型号 呢\n是 那个 叫 V R V 中 中央 空调\n好 的 一拖 起 了解 吗\n衣服\n好 的\n好 的 让 他 直接 和 我 联系 好 吧\n您 贵姓 呢\n我 姓 王\n王 女士 麻烦 您 留 一下\n好\n您 的 联系 方式\n呃 交警 所\n幺 九九\n五四 五\n五五 四五\n零 幺 零 二\n零 幺 零 二 幺 五九 幺 九九 五五 四五 零 幺 零 二 对 吗\n嗯 对 对 对\n您 这边 是 经销 商代 报 的 吗\n对 对 对\n好 的 稍 等 一下 用户 的 空调 是 什么 时候 购买 的 呢\n今年 就是 还 装上 嗯 今 今天 刚 装上\n哦 我 的 意思 是 什么 时候 购买 的 也 是 今年\n三月份 二二 年 三月份\n好 的\n好 的 让 他 跟 我 联系 好 吧 我 这边 信号 不是 太 好\n您 稍 等 一下 这边 的话 还 需要 跟 您 再 确认 一个 问题 然后 这边 的话 给 您 去 看 一下 师傅 什么 时候 可以 安排 上门\n都 可以 随时\n嗯 师傅 的话 最快 今天 跟 您 联系 您 看 可以 吗\n啊 也 可以 可以\n呃 空调 的 外 机 是 安装 在 安装 在 平台 吗\n嗯 对 平台 一\n好\n楼\n的 好\n平台\n的 疫情 防控 的 原因 小区 可以 正常 进入\n都\n吗\n可以 都 可以 都 可以 他\n哎呀\n今天 过来 吗\n今天 的话 具体 到时候 师傅 会 跟 您 联系 到时候\n啊\n您 再\n那行\n跟 师傅 预约\n行\n您 看 可以\n好\n吗\n可以\n嗯\n可以 的 可以 的\n好\n好\n的 啊\n好好\n那 我\n再见\n这边 的话\n哈 好\n已经\n谢谢\n联系\n哈\n嗯 好 不 客气 这 是 我们 应该 做 的 那 建议 开通 微 信 公众 号 欢迎您 关注 和 使用 最后 请 针对 本次 服务 做 一个 满意度 的 评价 感谢 祝您 生活 愉快 再见", "plainTextTime": {"verbatims": [{"s": 4110, "e": 14290, "w": "六零 二八 号 为您服务 下午 好 丹尼 售后 很 高兴 为您服务 请问 有 什么 可以 帮 您 的", "sp": "Agent"}, {"s": 15080, "e": 26240, "w": "哎 你好 那个 我 我 这边 是 那个 就是 经销商 我 在 我 因为 今天 是 那个 星期四 他 他 那个 开 不 进来 嗯 叫 他 报修 一下", "sp": "Customer"}, {"s": 27670, "e": 31690, "w": "新 机子 是 出现 什么 问题 了 抱歉 我 刚刚 没有 听 清", "sp": "Agent"}, {"s": 31960, "e": 33710, "w": "机器 不是 人", "sp": "Customer"}, {"s": 34080, "e": 36039, "w": "不 制冷 是 吗", "sp": "Agent"}, {"s": 36000, "e": 37130, "w": "对", "sp": "Customer"}, {"s": 37110, "e": 39280, "w": "是 新 机器 是 吧", "sp": "Agent"}, {"s": 39350, "e": 41280, "w": "对 对 新装 的 机子", "sp": "Customer"}, {"s": 43360, "e": 46640, "w": "好 的 那 安排 师傅 上门 给 他 检查 一下 吧", "sp": "Agent"}, {"s": 46660, "e": 47948, "w": "嗯 嗯 嗯 然后", "sp": "Customer"}, {"s": 47850, "e": 48136, "w": "嗯", "sp": "Agent"}, {"s": 47948, "e": 48463, "w": "地址", "sp": "Customer"}, {"s": 48137, "e": 48998, "w": "到时候", "sp": "Agent"}, {"s": 48463, "e": 49236, "w": "我 给 你", "sp": "Customer"}, {"s": 48998, "e": 49285, "w": "是", "sp": "Agent"}, {"s": 49236, "e": 49751, "w": "一下", "sp": "Customer"}, {"s": 49285, "e": 49860, "w": "联系", "sp": "Agent"}, {"s": 49751, "e": 50009, "w": "啊", "sp": "Customer"}, {"s": 49860, "e": 50147, "w": "您", "sp": "Agent"}, {"s": 50009, "e": 50266, "w": "对", "sp": "Customer"}, {"s": 50147, "e": 50721, "w": "这边", "sp": "Agent"}, {"s": 50266, "e": 51038, "w": "你 直接", "sp": "Customer"}, {"s": 50721, "e": 51295, "w": "吗 哦", "sp": "Agent"}, {"s": 51039, "e": 51297, "w": "给", "sp": "Customer"}, {"s": 51295, "e": 51581, "w": "你", "sp": "Agent"}, {"s": 51297, "e": 51812, "w": "我 吧", "sp": "Customer"}, {"s": 51582, "e": 51870, "w": "说", "sp": "Agent"}, {"s": 51812, "e": 56448, "w": "因为 我 不敢 嗯 地址 是 在 那个 安徽省 淮 南市", "sp": "Customer"}, {"s": 56380, "e": 57417, "w": "安徽省", "sp": "Agent"}, {"s": 56449, "e": 57480, "w": "人 家安 区", "sp": "Customer"}, {"s": 57417, "e": 58800, "w": "稍 等 一下", "sp": "Agent"}, {"s": 58830, "e": 60420, "w": "嗯 淮南", "sp": "Customer"}, {"s": 60000, "e": 62810, "w": "桂 南市 田家 庵 区", "sp": "Agent"}, {"s": 63120, "e": 65880, "w": "啊 那个 三 呃 那个 一代 城", "sp": "Customer"}, {"s": 66650, "e": 67770, "w": "什么", "sp": "Agent"}, {"s": 68920, "e": 73575, "w": "县城 一 是 就是 大写 的 一 但是", "sp": "Customer"}, {"s": 72620, "e": 73786, "w": "一 站", "sp": "Agent"}, {"s": 73575, "e": 74102, "w": "但", "sp": "Customer"}, {"s": 73786, "e": 74370, "w": "城", "sp": "Agent"}, {"s": 74102, "e": 76909, "w": "并 代称 代表 的 代", "sp": "Customer"}, {"s": 76980, "e": 78710, "w": "哦 一代 城", "sp": "Agent"}, {"s": 78910, "e": 80700, "w": "嗯 城市 的 城", "sp": "Customer"}, {"s": 80650, "e": 82490, "w": "嗯 一代 城", "sp": "Agent"}, {"s": 82560, "e": 85990, "w": "嗯 I T 七号 楼 二 零 二", "sp": "Customer"}, {"s": 86310, "e": 89050, "w": "七号 楼 二 零 二 对 吗", "sp": "Agent"}, {"s": 89190, "e": 97050, "w": "对 对 对 啊 他 是 你 家 七号 楼 幺 零零 幺 零 幺 七号 楼 幺 零 幺 那 就是 幺 零 幺", "sp": "Customer"}, {"s": 97260, "e": 103219, "w": "安徽省 淮 南市 田家 庵 区 一代 城 七号 楼 幺 零 幺 对 吗", "sp": "Agent"}, {"s": 103100, "e": 104490, "w": "对 对 对", "sp": "Customer"}, {"s": 104450, "e": 107280, "w": "好 的 用户 的 空调 是 什么 型号 呢", "sp": "Agent"}, {"s": 107680, "e": 111480, "w": "是 那个 叫 V R V 中 中央 空调", "sp": "Customer"}, {"s": 111620, "e": 114780, "w": "好 的 一拖 起 了解 吗", "sp": "Agent"}, {"s": 115260, "e": 116490, "w": "衣服", "sp": "Customer"}, {"s": 117760, "e": 118820, "w": "好 的", "sp": "Agent"}, {"s": 121800, "e": 124479, "w": "好 的 让 他 直接 和 我 联系 好 吧", "sp": "Customer"}, {"s": 124780, "e": 126460, "w": "您 贵姓 呢", "sp": "Agent"}, {"s": 126610, "e": 128090, "w": "我 姓 王", "sp": "Customer"}, {"s": 128410, "e": 130636, "w": "王 女士 麻烦 您 留 一下", "sp": "Agent"}, {"s": 130390, "e": 131450, "w": "好", "sp": "Customer"}, {"s": 130636, "e": 132120, "w": "您 的 联系 方式", "sp": "Agent"}, {"s": 132670, "e": 134470, "w": "呃 交警 所", "sp": "Customer"}, {"s": 134410, "e": 135980, "w": "幺 九九", "sp": "Agent"}, {"s": 136400, "e": 138210, "w": "五四 五", "sp": "Customer"}, {"s": 138050, "e": 139849, "w": "五五 四五", "sp": "Agent"}, {"s": 140380, "e": 141840, "w": "零 幺 零 二", "sp": "Customer"}, {"s": 141690, "e": 147210, "w": "零 幺 零 二 幺 五九 幺 九九 五五 四五 零 幺 零 二 对 吗", "sp": "Agent"}, {"s": 146940, "e": 148500, "w": "嗯 对 对 对", "sp": "Customer"}, {"s": 148260, "e": 151020, "w": "您 这边 是 经销 商代 报 的 吗", "sp": "Agent"}, {"s": 150910, "e": 152230, "w": "对 对 对", "sp": "Customer"}, {"s": 152210, "e": 161930, "w": "好 的 稍 等 一下 用户 的 空调 是 什么 时候 购买 的 呢", "sp": "Agent"}, {"s": 162680, "e": 166540, "w": "今年 就是 还 装上 嗯 今 今天 刚 装上", "sp": "Customer"}, {"s": 166550, "e": 170220, "w": "哦 我 的 意思 是 什么 时候 购买 的 也 是 今年", "sp": "Agent"}, {"s": 170530, "e": 173030, "w": "三月份 二二 年 三月份", "sp": "Customer"}, {"s": 173050, "e": 174230, "w": "好 的", "sp": "Agent"}, {"s": 179390, "e": 182930, "w": "好 的 让 他 跟 我 联系 好 吧 我 这边 信号 不是 太 好", "sp": "Customer"}, {"s": 183190, "e": 192780, "w": "您 稍 等 一下 这边 的话 还 需要 跟 您 再 确认 一个 问题 然后 这边 的话 给 您 去 看 一下 师傅 什么 时候 可以 安排 上门", "sp": "Agent"}, {"s": 193350, "e": 194740, "w": "都 可以 随时", "sp": "Customer"}, {"s": 195290, "e": 199090, "w": "嗯 师傅 的话 最快 今天 跟 您 联系 您 看 可以 吗", "sp": "Agent"}, {"s": 199300, "e": 201120, "w": "啊 也 可以 可以", "sp": "Customer"}, {"s": 200950, "e": 204950, "w": "呃 空调 的 外 机 是 安装 在 安装 在 平台 吗", "sp": "Agent"}, {"s": 204850, "e": 206593, "w": "嗯 对 平台 一", "sp": "Customer"}, {"s": 206480, "e": 206706, "w": "好", "sp": "Agent"}, {"s": 206593, "e": 206942, "w": "楼", "sp": "Customer"}, {"s": 206706, "e": 207159, "w": "的 好", "sp": "Agent"}, {"s": 206942, "e": 207640, "w": "平台", "sp": "Customer"}, {"s": 207159, "e": 210783, "w": "的 疫情 防控 的 原因 小区 可以 正常 进入", "sp": "Agent"}, {"s": 210750, "e": 210972, "w": "都", "sp": "Customer"}, {"s": 210783, "e": 211010, "w": "吗", "sp": "Agent"}, {"s": 210972, "e": 212976, "w": "可以 都 可以 都 可以 他", "sp": "Customer"}, {"s": 212880, "e": 213990, "w": "哎呀", "sp": "Agent"}, {"s": 212976, "e": 214090, "w": "今天 过来 吗", "sp": "Customer"}, {"s": 214530, "e": 218121, "w": "今天 的话 具体 到时候 师傅 会 跟 您 联系 到时候", "sp": "Agent"}, {"s": 217940, "e": 218382, "w": "啊", "sp": "Customer"}, {"s": 218121, "e": 218499, "w": "您 再", "sp": "Agent"}, {"s": 218382, "e": 219267, "w": "那行", "sp": "Customer"}, {"s": 218499, "e": 219444, "w": "跟 师傅 预约", "sp": "Agent"}, {"s": 219267, "e": 219709, "w": "行", "sp": "Customer"}, {"s": 219444, "e": 220200, "w": "您 看 可以", "sp": "Agent"}, {"s": 220120, "e": 220389, "w": "好", "sp": "Customer"}, {"s": 220200, "e": 220390, "w": "吗", "sp": "Agent"}, {"s": 220389, "e": 220928, "w": "可以", "sp": "Customer"}, {"s": 220750, "e": 221730, "w": "嗯", "sp": "Agent"}, {"s": 220928, "e": 222545, "w": "可以 的 可以 的", "sp": "Customer"}, {"s": 222350, "e": 222557, "w": "好", "sp": "Agent"}, {"s": 222545, "e": 222814, "w": "好", "sp": "Customer"}, {"s": 222557, "e": 222972, "w": "的 啊", "sp": "Agent"}, {"s": 222814, "e": 223353, "w": "好好", "sp": "Customer"}, {"s": 222973, "e": 223387, "w": "那 我", "sp": "Agent"}, {"s": 223353, "e": 223892, "w": "再见", "sp": "Customer"}, {"s": 223388, "e": 224219, "w": "这边 的话", "sp": "Agent"}, {"s": 223892, "e": 224431, "w": "哈 好", "sp": "Customer"}, {"s": 224219, "e": 224633, "w": "已经", "sp": "Agent"}, {"s": 224431, "e": 224970, "w": "谢谢", "sp": "Customer"}, {"s": 224634, "e": 225050, "w": "联系", "sp": "Agent"}, {"s": 224970, "e": 225240, "w": "哈", "sp": "Customer"}, {"s": 225330, "e": 235670, "w": "嗯 好 不 客气 这 是 我们 应该 做 的 那 建议 开通 微 信 公众 号 欢迎您 关注 和 使用 最后 请 针对 本次 服务 做 一个 满意度 的 评价 感谢 祝您 生活 愉快 再见", "sp": "Agent"}]}, "aqm": {"greeting": {"greeting_said": "为您服务, 售后, 高兴, 请问", "n_greeting_said": 4, "score": 1}, "closing": {"closing_said": "关注, 感谢, 祝您, 生活, 愉快, 再见", "n_closing_said": 6, "score": 1}, "speed": {"speed_max": 5.71, "n_words": 59, "words": "嗯 好 不 客气 这 是 我们 应该 做 的 那 建议 开通 微 信 公众 号 欢迎您 关注 和 使用 最后 请 针对 本次 服务 做 一个 满意度 的 评价 感谢 祝您 生活 愉快 再见", "start": 225330, "end": 235670}}}